

================================================================
== Synthesis Summary Report of 'top_kernel'
================================================================
+ General Information: 
    * Date:           Mon Mar 30 22:37:19 2026
    * Version:        2025.1.1 (Build 6214317 on Sep 11 2025)
    * Project:        project_1
    * Solution:       hls (Vivado IP Flow Target)
    * Product family: zynquplus
    * Target device:  xczu3eg-sbva484-1-e
    

+ Performance & Resource Estimates: 
    
    PS: '+' for module; 'o' for loop; '*' for dataflow
    +--------------------------+------+------+---------+-----------+----------+---------+------+----------+-----------+----------+-------------+-------------+-----+
    |          Modules         | Issue|      |       Latency       | Iteration|         | Trip |          |           |          |             |             |     |
    |          & Loops         | Type | Slack| (cycles)|    (ns)   |  Latency | Interval| Count| Pipelined|   BRAM    |    DSP   |      FF     |     LUT     | URAM|
    +--------------------------+------+------+---------+-----------+----------+---------+------+----------+-----------+----------+-------------+-------------+-----+
    |+ top_kernel              |     -|  0.00|        -|          -|         -|        -|     -|        no|  134 (31%)|  98 (27%)|  17393 (12%)|  67755 (96%)|    -|
    | + k1_vertex_transform    |     -|  0.00|     6017|  6.017e+04|         -|     6017|     -|        no|          -|  48 (13%)|    7231 (5%)|  44936 (63%)|    -|
    |  o VITIS_LOOP_10_1       |     -|  7.30|     6016|  6.016e+04|        47|        -|   128|        no|          -|         -|            -|            -|    -|
    | + k2_perspective_divide  |     -|  0.70|    15233|  1.523e+05|         -|    15233|     -|        no|          -|   12 (3%)|    2210 (1%)|    4917 (6%)|    -|
    |  o VITIS_LOOP_116_1      |     -|  7.30|    15232|  1.523e+05|       119|        -|   128|        no|          -|         -|            -|            -|    -|
    | + k3_bounding_box        |     -|  0.66|      513|  5.130e+03|         -|      513|     -|        no|          -|         -|     62 (~0%)|    1047 (1%)|    -|
    |  o VITIS_LOOP_203_1      |     -|  7.30|      512|  5.120e+03|         4|        -|   128|        no|          -|         -|            -|            -|    -|
    | + k4_rasterize           |     -|  0.30|        -|          -|         -|        -|     -|        no|          -|  36 (10%)|    3302 (2%)|   8679 (12%)|    -|
    |  o VITIS_LOOP_300_1      |     -|  7.30|     4224|  4.224e+04|        66|        -|    64|        no|          -|         -|            -|            -|    -|
    |   o VITIS_LOOP_301_2     |     -|  7.30|       64|    640.000|         1|        -|    64|        no|          -|         -|            -|            -|    -|
    |  o VITIS_LOOP_309_3      |     -|  7.30|        -|          -|         -|        -|   128|        no|          -|         -|            -|            -|    -|
    |   o VITIS_LOOP_338_4     |     -|  7.30|        -|          -|         -|        -|     -|        no|          -|         -|            -|            -|    -|
    |    o VITIS_LOOP_339_5    |     -|  7.30|        -|          -|         7|        -|     -|        no|          -|         -|            -|            -|    -|
    | + k5_deferred_lighting   |     -|  0.00|    24710|  2.471e+05|         -|    24710|     -|        no|          -|   2 (~0%)|    199 (~0%)|    1706 (2%)|    -|
    |  o VITIS_LOOP_440_1      |     -|  7.30|    24704|  2.470e+05|       386|        -|    64|        no|          -|         -|            -|            -|    -|
    |   o VITIS_LOOP_441_2     |     -|  7.30|      384|  3.840e+03|         6|        -|    64|        no|          -|         -|            -|            -|    -|
    +--------------------------+------+------+---------+-----------+----------+---------+------+----------+-----------+----------+-------------+-------------+-----+


================================================================
== HW Interfaces
================================================================
* M_AXI
+-------------+------------+-------------+---------------+---------+--------+----------+-----------+--------------+--------------+-------------+-------------+-------------------+
| Interface   | Read/Write | Data Width  | Address Width | Latency | Offset | Register | Max Widen | Max Read     | Max Write    | Num Read    | Num Write   | Resource Estimate |
|             |            | (SW->HW)    |               |         |        |          | Bitwidth  | Burst Length | Burst Length | Outstanding | Outstanding |                   |
+-------------+------------+-------------+---------------+---------+--------+----------+-----------+--------------+--------------+-------------+-------------+-------------------+
| m_axi_gmem0 | READ_ONLY  | 736 -> 1024 | 64            | 0       | slave  | 0        | 0         | 16           | 16           | 16          | 16          | BRAM=57           |
| m_axi_gmem1 | WRITE_ONLY | 32 -> 32    | 64            | 0       | slave  | 0        | 0         | 16           | 16           | 16          | 16          |                   |
| m_axi_gmem2 | READ_ONLY  | 32 -> 32    | 64            | 0       | slave  | 0        | 0         | 16           | 16           | 16          | 16          | BRAM=2            |
+-------------+------------+-------------+---------------+---------+--------+----------+-----------+--------------+--------------+-------------+-------------+-------------------+

* S_AXILITE Interfaces
+---------------+------------+---------------+--------+----------+
| Interface     | Data Width | Address Width | Offset | Register |
+---------------+------------+---------------+--------+----------+
| s_axi_control | 32         | 6             | 16     | 0        |
+---------------+------------+---------------+--------+----------+

* S_AXILITE Registers
+---------------+--------------+--------+-------+--------+----------------------------------+----------------------------------------------------------------------+
| Interface     | Register     | Offset | Width | Access | Description                      | Bit Fields                                                           |
+---------------+--------------+--------+-------+--------+----------------------------------+----------------------------------------------------------------------+
| s_axi_control | CTRL         | 0x00   | 32    | RW     | Control signals                  | 0=AP_START 1=AP_DONE 2=AP_IDLE 3=AP_READY 7=AUTO_RESTART 9=INTERRUPT |
| s_axi_control | GIER         | 0x04   | 32    | RW     | Global Interrupt Enable Register | 0=Enable                                                             |
| s_axi_control | IP_IER       | 0x08   | 32    | RW     | IP Interrupt Enable Register     | 0=CHAN0_INT_EN 1=CHAN1_INT_EN                                        |
| s_axi_control | IP_ISR       | 0x0c   | 32    | RW     | IP Interrupt Status Register     | 0=CHAN0_INT_ST 1=CHAN1_INT_ST                                        |
| s_axi_control | in_tris_1    | 0x10   | 32    | W      | Data signal of in_tris           |                                                                      |
| s_axi_control | in_tris_2    | 0x14   | 32    | W      | Data signal of in_tris           |                                                                      |
| s_axi_control | mvp_matrix_1 | 0x1c   | 32    | W      | Data signal of mvp_matrix        |                                                                      |
| s_axi_control | mvp_matrix_2 | 0x20   | 32    | W      | Data signal of mvp_matrix        |                                                                      |
| s_axi_control | out_pixels_1 | 0x28   | 32    | W      | Data signal of out_pixels        |                                                                      |
| s_axi_control | out_pixels_2 | 0x2c   | 32    | W      | Data signal of out_pixels        |                                                                      |
+---------------+--------------+--------+-------+--------+----------------------------------+----------------------------------------------------------------------+

* TOP LEVEL CONTROL
+-----------+------------+-----------+
| Interface | Type       | Ports     |
+-----------+------------+-----------+
| ap_clk    | clock      | ap_clk    |
| ap_rst_n  | reset      | ap_rst_n  |
| interrupt | interrupt  | interrupt |
| ap_ctrl   | ap_ctrl_hs |           |
+-----------+------------+-----------+


================================================================
== SW I/O Information
================================================================
* Top Function Arguments
+------------+-----------+---------------------------------------------+
| Argument   | Direction | Datatype                                    |
+------------+-----------+---------------------------------------------+
| in_tris    | in        | Triangle const *                            |
| mvp_matrix | in        | ap_fixed<32, 16, AP_RND, AP_SAT, 0> const * |
| out_pixels | out       | ap_fixed<32, 16, AP_RND, AP_SAT, 0>*        |
+------------+-----------+---------------------------------------------+

* SW-to-HW Mapping
+------------+---------------+-----------+----------+----------------------------------------+
| Argument   | HW Interface  | HW Type   | HW Usage | HW Info                                |
+------------+---------------+-----------+----------+----------------------------------------+
| in_tris    | m_axi_gmem0   | interface |          | channel=0                              |
| in_tris    | s_axi_control | register  | offset   | name=in_tris_1 offset=0x10 range=32    |
| in_tris    | s_axi_control | register  | offset   | name=in_tris_2 offset=0x14 range=32    |
| mvp_matrix | m_axi_gmem2   | interface |          | channel=0                              |
| mvp_matrix | s_axi_control | register  | offset   | name=mvp_matrix_1 offset=0x1c range=32 |
| mvp_matrix | s_axi_control | register  | offset   | name=mvp_matrix_2 offset=0x20 range=32 |
| out_pixels | m_axi_gmem1   | interface |          | channel=0                              |
| out_pixels | s_axi_control | register  | offset   | name=out_pixels_1 offset=0x28 range=32 |
| out_pixels | s_axi_control | register  | offset   | name=out_pixels_2 offset=0x2c range=32 |
+------------+---------------+-----------+----------+----------------------------------------+


================================================================
== M_AXI Burst Information
================================================================
 Note: All burst requests might be further partitioned into multiple requests during RTL generation based on max_read_burst_length or max_write_burst_length settings.

* Inferred Burst Summary
+--------------+-----------+--------+-------+------------------+----------------+
| HW Interface | Direction | Length | Width | Loop             | Loop Location  |
+--------------+-----------+--------+-------+------------------+----------------+
| m_axi_gmem1  | write     | 4096   | 32    | VITIS_LOOP_440_1 | top.cpp:440:23 |
| m_axi_gmem2  | read      | 16     | 32    |                  |                |
+--------------+-----------+--------+-------+------------------+----------------+

* All M_AXI Variable Accesses
+--------------+-------------+-----------------+-----------+--------------+--------+------------------+----------------+------------+------------------------------------------------------------------------------------------------------------------------------------------------------------------------------------------------------------------------------------------------------+
| HW Interface | Variable    | Access Location | Direction | Burst Status | Length | Loop             | Loop Location  | Resolution | Problem                                                                                                                                                                                                                                              |
+--------------+-------------+-----------------+-----------+--------------+--------+------------------+----------------+------------+------------------------------------------------------------------------------------------------------------------------------------------------------------------------------------------------------------------------------------------------------+
| m_axi_gmem0  | in_tris     | ...             | read      | Fail         |        |                  |                |            | Inferred burst reverted due to burst accesses data width is different from m_axi port width                                                                                                                                                          |
| m_axi_gmem0  | in_tris     | ...             | read      | Widen Fail   |        |                  |                | 214-353    | Could not widen since type i32 size is greater than or equal to the max_widen_bitwidth threshold of 0                                                                                                                                                |
| m_axi_gmem0  | in_tris     | ...             | read      | Fail         |        | VITIS_LOOP_10_1  | top.cpp:10:22  | 214-232    | Access call is in the conditional branch                                                                                                                                                                                                             |
| m_axi_gmem0  | in_tris     | ...             | read      | Inferred     | 12     | VITIS_LOOP_10_1  | top.cpp:10:22  |            |                                                                                                                                                                                                                                                      |
| m_axi_gmem0  | in_tris     | top.cpp:12:22   | read      | Fail         |        |                  |                | 214-378    | Unsupported access data type. Expected integer or floating point type but received %struct.Triangle = type { %struct.Vec4, %struct.Vec4, %struct.Vec4, %struct.Vec3, %struct.Vec3, %struct.Vec3, %"struct.ap_fixed<32, 16, AP_RND, AP_SAT, 0>", i1 } |
| m_axi_gmem0  | in_tris     | top.cpp:14:24   | read      | Fail         |        | VITIS_LOOP_10_1  | top.cpp:10:22  | 214-230    | Stride is incompatible                                                                                                                                                                                                                               |
| m_axi_gmem0  | in_tris     | top.cpp:18:36   | read      | Fail         |        |                  |                |            | Inferred burst reverted due to burst accesses data width is different from m_axi port width                                                                                                                                                          |
| m_axi_gmem0  | in_tris     | top.cpp:18:36   | read      | Widen Fail   |        |                  |                | 214-353    | Could not widen since type i32 size is greater than or equal to the max_widen_bitwidth threshold of 0                                                                                                                                                |
| m_axi_gmem0  | in_tris     | top.cpp:18:36   | read      | Fail         |        | VITIS_LOOP_10_1  | top.cpp:10:22  | 214-232    | Access call is in the conditional branch                                                                                                                                                                                                             |
| m_axi_gmem0  | in_tris     | top.cpp:18:36   | read      | Inferred     | 12     | VITIS_LOOP_10_1  | top.cpp:10:22  |            |                                                                                                                                                                                                                                                      |
| m_axi_gmem0  | in_tris     | top.cpp:19:37   | read      | Fail         |        |                  |                |            | Inferred burst reverted due to burst accesses data width is different from m_axi port width                                                                                                                                                          |
| m_axi_gmem0  | in_tris     | top.cpp:19:37   | read      | Widen Fail   |        |                  |                | 214-353    | Could not widen since type i32 size is greater than or equal to the max_widen_bitwidth threshold of 0                                                                                                                                                |
| m_axi_gmem0  | in_tris     | top.cpp:19:37   | read      | Fail         |        | VITIS_LOOP_10_1  | top.cpp:10:22  | 214-232    | Access call is in the conditional branch                                                                                                                                                                                                             |
| m_axi_gmem0  | in_tris     | top.cpp:19:37   | read      | Inferred     | 12     | VITIS_LOOP_10_1  | top.cpp:10:22  |            |                                                                                                                                                                                                                                                      |
| m_axi_gmem0  | in_tris     | top.cpp:20:37   | read      | Fail         |        |                  |                |            | Inferred burst reverted due to burst accesses data width is different from m_axi port width                                                                                                                                                          |
| m_axi_gmem0  | in_tris     | top.cpp:20:37   | read      | Widen Fail   |        |                  |                | 214-353    | Could not widen since type i32 size is greater than or equal to the max_widen_bitwidth threshold of 0                                                                                                                                                |
| m_axi_gmem0  | in_tris     | top.cpp:20:37   | read      | Fail         |        | VITIS_LOOP_10_1  | top.cpp:10:22  | 214-232    | Access call is in the conditional branch                                                                                                                                                                                                             |
| m_axi_gmem0  | in_tris     | top.cpp:20:37   | read      | Inferred     | 12     | VITIS_LOOP_10_1  | top.cpp:10:22  |            |                                                                                                                                                                                                                                                      |
| m_axi_gmem0  | in_tris     | top.cpp:21:37   | read      | Fail         |        |                  |                |            | Inferred burst reverted due to burst accesses data width is different from m_axi port width                                                                                                                                                          |
| m_axi_gmem0  | in_tris     | top.cpp:21:37   | read      | Widen Fail   |        |                  |                | 214-353    | Could not widen since type i32 size is greater than or equal to the max_widen_bitwidth threshold of 0                                                                                                                                                |
| m_axi_gmem0  | in_tris     | top.cpp:21:37   | read      | Fail         |        | VITIS_LOOP_10_1  | top.cpp:10:22  | 214-232    | Access call is in the conditional branch                                                                                                                                                                                                             |
| m_axi_gmem0  | in_tris     | top.cpp:21:37   | read      | Inferred     | 12     | VITIS_LOOP_10_1  | top.cpp:10:22  |            |                                                                                                                                                                                                                                                      |
| m_axi_gmem0  | in_tris     | top.cpp:47:36   | read      | Fail         |        |                  |                |            | Inferred burst reverted due to burst accesses data width is different from m_axi port width                                                                                                                                                          |
| m_axi_gmem0  | in_tris     | top.cpp:47:36   | read      | Widen Fail   |        |                  |                | 214-353    | Could not widen since type i32 size is greater than or equal to the max_widen_bitwidth threshold of 0                                                                                                                                                |
| m_axi_gmem0  | in_tris     | top.cpp:47:36   | read      | Fail         |        | VITIS_LOOP_10_1  | top.cpp:10:22  | 214-232    | Access call is in the conditional branch                                                                                                                                                                                                             |
| m_axi_gmem0  | in_tris     | top.cpp:47:36   | read      | Inferred     | 12     | VITIS_LOOP_10_1  | top.cpp:10:22  |            |                                                                                                                                                                                                                                                      |
| m_axi_gmem0  | in_tris     | top.cpp:48:37   | read      | Fail         |        |                  |                |            | Inferred burst reverted due to burst accesses data width is different from m_axi port width                                                                                                                                                          |
| m_axi_gmem0  | in_tris     | top.cpp:48:37   | read      | Widen Fail   |        |                  |                | 214-353    | Could not widen since type i32 size is greater than or equal to the max_widen_bitwidth threshold of 0                                                                                                                                                |
| m_axi_gmem0  | in_tris     | top.cpp:48:37   | read      | Fail         |        | VITIS_LOOP_10_1  | top.cpp:10:22  | 214-232    | Access call is in the conditional branch                                                                                                                                                                                                             |
| m_axi_gmem0  | in_tris     | top.cpp:48:37   | read      | Inferred     | 12     | VITIS_LOOP_10_1  | top.cpp:10:22  |            |                                                                                                                                                                                                                                                      |
| m_axi_gmem0  | in_tris     | top.cpp:49:37   | read      | Fail         |        |                  |                |            | Inferred burst reverted due to burst accesses data width is different from m_axi port width                                                                                                                                                          |
| m_axi_gmem0  | in_tris     | top.cpp:49:37   | read      | Widen Fail   |        |                  |                | 214-353    | Could not widen since type i32 size is greater than or equal to the max_widen_bitwidth threshold of 0                                                                                                                                                |
| m_axi_gmem0  | in_tris     | top.cpp:49:37   | read      | Fail         |        | VITIS_LOOP_10_1  | top.cpp:10:22  | 214-232    | Access call is in the conditional branch                                                                                                                                                                                                             |
| m_axi_gmem0  | in_tris     | top.cpp:49:37   | read      | Inferred     | 12     | VITIS_LOOP_10_1  | top.cpp:10:22  |            |                                                                                                                                                                                                                                                      |
| m_axi_gmem0  | in_tris     | top.cpp:50:37   | read      | Fail         |        |                  |                |            | Inferred burst reverted due to burst accesses data width is different from m_axi port width                                                                                                                                                          |
| m_axi_gmem0  | in_tris     | top.cpp:50:37   | read      | Widen Fail   |        |                  |                | 214-353    | Could not widen since type i32 size is greater than or equal to the max_widen_bitwidth threshold of 0                                                                                                                                                |
| m_axi_gmem0  | in_tris     | top.cpp:50:37   | read      | Fail         |        | VITIS_LOOP_10_1  | top.cpp:10:22  | 214-232    | Access call is in the conditional branch                                                                                                                                                                                                             |
| m_axi_gmem0  | in_tris     | top.cpp:50:37   | read      | Inferred     | 12     | VITIS_LOOP_10_1  | top.cpp:10:22  |            |                                                                                                                                                                                                                                                      |
| m_axi_gmem0  | in_tris     | top.cpp:76:36   | read      | Fail         |        |                  |                |            | Inferred burst reverted due to burst accesses data width is different from m_axi port width                                                                                                                                                          |
| m_axi_gmem0  | in_tris     | top.cpp:76:36   | read      | Widen Fail   |        |                  |                | 214-353    | Could not widen since type i32 size is greater than or equal to the max_widen_bitwidth threshold of 0                                                                                                                                                |
| m_axi_gmem0  | in_tris     | top.cpp:76:36   | read      | Fail         |        | VITIS_LOOP_10_1  | top.cpp:10:22  | 214-232    | Access call is in the conditional branch                                                                                                                                                                                                             |
| m_axi_gmem0  | in_tris     | top.cpp:76:36   | read      | Inferred     | 12     | VITIS_LOOP_10_1  | top.cpp:10:22  |            |                                                                                                                                                                                                                                                      |
| m_axi_gmem0  | in_tris     | top.cpp:77:37   | read      | Fail         |        |                  |                |            | Inferred burst reverted due to burst accesses data width is different from m_axi port width                                                                                                                                                          |
| m_axi_gmem0  | in_tris     | top.cpp:77:37   | read      | Widen Fail   |        |                  |                | 214-353    | Could not widen since type i32 size is greater than or equal to the max_widen_bitwidth threshold of 0                                                                                                                                                |
| m_axi_gmem0  | in_tris     | top.cpp:77:37   | read      | Fail         |        | VITIS_LOOP_10_1  | top.cpp:10:22  | 214-232    | Access call is in the conditional branch                                                                                                                                                                                                             |
| m_axi_gmem0  | in_tris     | top.cpp:77:37   | read      | Inferred     | 12     | VITIS_LOOP_10_1  | top.cpp:10:22  |            |                                                                                                                                                                                                                                                      |
| m_axi_gmem1  | framebuffer | top.cpp:440:23  | write     | Widen Fail   |        | VITIS_LOOP_441_2 | top.cpp:441:27 | 214-353    | Could not widen since type i32 size is greater than or equal to the max_widen_bitwidth threshold of 0                                                                                                                                                |
| m_axi_gmem1  | framebuffer | top.cpp:440:23  | write     | Inferred     | 4096   | VITIS_LOOP_440_1 | top.cpp:440:23 |            |                                                                                                                                                                                                                                                      |
| m_axi_gmem2  | mvp         | ...             | read      | Widen Fail   |        |                  |                | 214-353    | Could not widen since type i32 size is greater than or equal to the max_widen_bitwidth threshold of 0                                                                                                                                                |
| m_axi_gmem2  | mvp         | ...             | read      | Fail         |        | VITIS_LOOP_10_1  | top.cpp:10:22  | 214-232    | Access call is in the conditional branch                                                                                                                                                                                                             |
| m_axi_gmem2  | mvp         | ...             | read      | Inferred     | 16     | VITIS_LOOP_10_1  | top.cpp:10:22  |            |                                                                                                                                                                                                                                                      |
| m_axi_gmem2  | mvp         | top.cpp:18:36   | read      | Widen Fail   |        |                  |                | 214-353    | Could not widen since type i32 size is greater than or equal to the max_widen_bitwidth threshold of 0                                                                                                                                                |
| m_axi_gmem2  | mvp         | top.cpp:18:36   | read      | Fail         |        | VITIS_LOOP_10_1  | top.cpp:10:22  | 214-232    | Access call is in the conditional branch                                                                                                                                                                                                             |
| m_axi_gmem2  | mvp         | top.cpp:18:36   | read      | Inferred     | 16     | VITIS_LOOP_10_1  | top.cpp:10:22  |            |                                                                                                                                                                                                                                                      |
| m_axi_gmem2  | mvp         | top.cpp:19:37   | read      | Widen Fail   |        |                  |                | 214-353    | Could not widen since type i32 size is greater than or equal to the max_widen_bitwidth threshold of 0                                                                                                                                                |
| m_axi_gmem2  | mvp         | top.cpp:19:37   | read      | Fail         |        | VITIS_LOOP_10_1  | top.cpp:10:22  | 214-232    | Access call is in the conditional branch                                                                                                                                                                                                             |
| m_axi_gmem2  | mvp         | top.cpp:19:37   | read      | Inferred     | 16     | VITIS_LOOP_10_1  | top.cpp:10:22  |            |                                                                                                                                                                                                                                                      |
| m_axi_gmem2  | mvp         | top.cpp:20:37   | read      | Widen Fail   |        |                  |                | 214-353    | Could not widen since type i32 size is greater than or equal to the max_widen_bitwidth threshold of 0                                                                                                                                                |
| m_axi_gmem2  | mvp         | top.cpp:20:37   | read      | Fail         |        | VITIS_LOOP_10_1  | top.cpp:10:22  | 214-232    | Access call is in the conditional branch                                                                                                                                                                                                             |
| m_axi_gmem2  | mvp         | top.cpp:20:37   | read      | Inferred     | 16     | VITIS_LOOP_10_1  | top.cpp:10:22  |            |                                                                                                                                                                                                                                                      |
| m_axi_gmem2  | mvp         | top.cpp:21:37   | read      | Widen Fail   |        |                  |                | 214-353    | Could not widen since type i32 size is greater than or equal to the max_widen_bitwidth threshold of 0                                                                                                                                                |
| m_axi_gmem2  | mvp         | top.cpp:21:37   | read      | Fail         |        | VITIS_LOOP_10_1  | top.cpp:10:22  | 214-232    | Access call is in the conditional branch                                                                                                                                                                                                             |
| m_axi_gmem2  | mvp         | top.cpp:21:37   | read      | Inferred     | 16     | VITIS_LOOP_10_1  | top.cpp:10:22  |            |                                                                                                                                                                                                                                                      |
| m_axi_gmem2  | mvp         | top.cpp:25:36   | read      | Widen Fail   |        |                  |                | 214-353    | Could not widen since type i32 size is greater than or equal to the max_widen_bitwidth threshold of 0                                                                                                                                                |
| m_axi_gmem2  | mvp         | top.cpp:25:36   | read      | Fail         |        | VITIS_LOOP_10_1  | top.cpp:10:22  | 214-232    | Access call is in the conditional branch                                                                                                                                                                                                             |
| m_axi_gmem2  | mvp         | top.cpp:25:36   | read      | Inferred     | 16     | VITIS_LOOP_10_1  | top.cpp:10:22  |            |                                                                                                                                                                                                                                                      |
| m_axi_gmem2  | mvp         | top.cpp:26:37   | read      | Widen Fail   |        |                  |                | 214-353    | Could not widen since type i32 size is greater than or equal to the max_widen_bitwidth threshold of 0                                                                                                                                                |
| m_axi_gmem2  | mvp         | top.cpp:26:37   | read      | Fail         |        | VITIS_LOOP_10_1  | top.cpp:10:22  | 214-232    | Access call is in the conditional branch                                                                                                                                                                                                             |
| m_axi_gmem2  | mvp         | top.cpp:26:37   | read      | Inferred     | 16     | VITIS_LOOP_10_1  | top.cpp:10:22  |            |                                                                                                                                                                                                                                                      |
| m_axi_gmem2  | mvp         | top.cpp:27:37   | read      | Widen Fail   |        |                  |                | 214-353    | Could not widen since type i32 size is greater than or equal to the max_widen_bitwidth threshold of 0                                                                                                                                                |
| m_axi_gmem2  | mvp         | top.cpp:27:37   | read      | Fail         |        | VITIS_LOOP_10_1  | top.cpp:10:22  | 214-232    | Access call is in the conditional branch                                                                                                                                                                                                             |
| m_axi_gmem2  | mvp         | top.cpp:27:37   | read      | Inferred     | 16     | VITIS_LOOP_10_1  | top.cpp:10:22  |            |                                                                                                                                                                                                                                                      |
| m_axi_gmem2  | mvp         | top.cpp:28:37   | read      | Widen Fail   |        |                  |                | 214-353    | Could not widen since type i32 size is greater than or equal to the max_widen_bitwidth threshold of 0                                                                                                                                                |
| m_axi_gmem2  | mvp         | top.cpp:28:37   | read      | Fail         |        | VITIS_LOOP_10_1  | top.cpp:10:22  | 214-232    | Access call is in the conditional branch                                                                                                                                                                                                             |
| m_axi_gmem2  | mvp         | top.cpp:28:37   | read      | Inferred     | 16     | VITIS_LOOP_10_1  | top.cpp:10:22  |            |                                                                                                                                                                                                                                                      |
| m_axi_gmem2  | mvp         | top.cpp:32:36   | read      | Widen Fail   |        |                  |                | 214-353    | Could not widen since type i32 size is greater than or equal to the max_widen_bitwidth threshold of 0                                                                                                                                                |
| m_axi_gmem2  | mvp         | top.cpp:32:36   | read      | Fail         |        | VITIS_LOOP_10_1  | top.cpp:10:22  | 214-232    | Access call is in the conditional branch                                                                                                                                                                                                             |
| m_axi_gmem2  | mvp         | top.cpp:32:36   | read      | Inferred     | 16     | VITIS_LOOP_10_1  | top.cpp:10:22  |            |                                                                                                                                                                                                                                                      |
| m_axi_gmem2  | mvp         | top.cpp:33:37   | read      | Widen Fail   |        |                  |                | 214-353    | Could not widen since type i32 size is greater than or equal to the max_widen_bitwidth threshold of 0                                                                                                                                                |
| m_axi_gmem2  | mvp         | top.cpp:33:37   | read      | Fail         |        | VITIS_LOOP_10_1  | top.cpp:10:22  | 214-232    | Access call is in the conditional branch                                                                                                                                                                                                             |
| m_axi_gmem2  | mvp         | top.cpp:33:37   | read      | Inferred     | 16     | VITIS_LOOP_10_1  | top.cpp:10:22  |            |                                                                                                                                                                                                                                                      |
+--------------+-------------+-----------------+-----------+--------------+--------+------------------+----------------+------------+------------------------------------------------------------------------------------------------------------------------------------------------------------------------------------------------------------------------------------------------------+

    * Resolution URL: docs.xilinx.com/access/sources/dita/topic?Doc_Version=2025.1%20English&url=ug1448-hls-guidance&resourceid=XXX-YYY.html (replace XXX-YYY with column value)

================================================================
== Bind Op Report
================================================================
+-----------------------------------+-----+--------+--------------------+--------+-----------+---------+
| Name                              | DSP | Pragma | Variable           | Op     | Impl      | Latency |
+-----------------------------------+-----+--------+--------------------+--------+-----------+---------+
| + top_kernel                      | 98  |        |                    |        |           |         |
|  + k1_vertex_transform            | 48  |        |                    |        |           |         |
|    icmp_ln10_fu_866_p2            |     |        | icmp_ln10          | seteq  | auto      | 0       |
|    add_ln10_fu_872_p2             |     |        | add_ln10           | add    | fabric    | 0       |
|    add_ln12_1_fu_953_p2           |     |        | add_ln12_1         | add    | fabric    | 0       |
|    add_ln12_fu_885_p2             |     |        | add_ln12           | add    | fabric    | 0       |
|    icmp_ln12_fu_894_p2            |     |        | icmp_ln12          | setgt  | auto      | 0       |
|    select_ln12_fu_900_p3          |     |        | select_ln12        | select | auto_sel  | 0       |
|    lshr_ln12_fu_1000_p2           |     |        | lshr_ln12          | lshr   | auto_pipe | 0       |
|    add_ln14_fu_962_p2             |     |        | add_ln14           | add    | fabric    | 0       |
|    lshr_ln14_fu_1265_p2           |     |        | lshr_ln14          | lshr   | auto_pipe | 0       |
|    lshr_ln18_fu_1528_p2           |     |        | lshr_ln18          | lshr   | auto_pipe | 0       |
|    add_ln18_fu_1274_p2            |     |        | add_ln18           | add    | fabric    | 0       |
|    lshr_ln18_1_fu_1578_p2         |     |        | lshr_ln18_1        | lshr   | auto_pipe | 0       |
|    add_ln18_1_fu_1303_p2          |     |        | add_ln18_1         | add    | fabric    | 0       |
|    lshr_ln18_2_fu_1628_p2         |     |        | lshr_ln18_2        | lshr   | auto_pipe | 0       |
|    add_ln18_2_fu_1332_p2          |     |        | add_ln18_2         | add    | fabric    | 0       |
|    lshr_ln18_3_fu_1659_p2         |     |        | lshr_ln18_3        | lshr   | auto_pipe | 0       |
|    add_ln18_3_fu_1361_p2          |     |        | add_ln18_3         | add    | fabric    | 0       |
|    lshr_ln18_4_fu_1680_p2         |     |        | lshr_ln18_4        | lshr   | auto_pipe | 0       |
|    add_ln18_4_fu_1390_p2          |     |        | add_ln18_4         | add    | fabric    | 0       |
|    lshr_ln18_5_fu_1701_p2         |     |        | lshr_ln18_5        | lshr   | auto_pipe | 0       |
|    add_ln18_5_fu_1419_p2          |     |        | add_ln18_5         | add    | fabric    | 0       |
|    lshr_ln18_6_fu_1722_p2         |     |        | lshr_ln18_6        | lshr   | auto_pipe | 0       |
|    add_ln18_6_fu_1448_p2          |     |        | add_ln18_6         | add    | fabric    | 0       |
|    lshr_ln18_7_fu_1743_p2         |     |        | lshr_ln18_7        | lshr   | auto_pipe | 0       |
|    add_ln18_7_fu_1477_p2          |     |        | add_ln18_7         | add    | fabric    | 0       |
|    lshr_ln18_8_fu_1764_p2         |     |        | lshr_ln18_8        | lshr   | auto_pipe | 0       |
|    add_ln18_8_fu_1506_p2          |     |        | add_ln18_8         | add    | fabric    | 0       |
|    lshr_ln18_9_fu_1785_p2         |     |        | lshr_ln18_9        | lshr   | auto_pipe | 0       |
|    add_ln18_9_fu_1548_p2          |     |        | add_ln18_9         | add    | fabric    | 0       |
|    lshr_ln18_10_fu_3413_p2        |     |        | lshr_ln18_10       | lshr   | auto_pipe | 0       |
|    add_ln18_10_fu_1598_p2         |     |        | add_ln18_10        | add    | fabric    | 0       |
|    lshr_ln18_11_fu_5190_p2        |     |        | lshr_ln18_11       | lshr   | auto_pipe | 0       |
|    mul_32s_32s_64_1_1_U1          | 4   |        | mul_ln18           | mul    | auto      | 0       |
|    add_ln18_11_fu_1838_p2         |     |        | add_ln18_11        | add    | fabric    | 0       |
|    xor_ln18_fu_1852_p2            |     |        | xor_ln18           | xor    | auto      | 0       |
|    and_ln18_fu_1858_p2            |     |        | and_ln18           | and    | auto      | 0       |
|    icmp_ln18_fu_1880_p2           |     |        | icmp_ln18          | seteq  | auto      | 0       |
|    icmp_ln18_1_fu_1894_p2         |     |        | icmp_ln18_1        | seteq  | auto      | 0       |
|    icmp_ln18_2_fu_1900_p2         |     |        | icmp_ln18_2        | seteq  | auto      | 0       |
|    select_ln18_fu_1906_p3         |     |        | select_ln18        | select | auto_sel  | 0       |
|    xor_ln18_1_fu_1914_p2          |     |        | xor_ln18_1         | xor    | auto      | 0       |
|    and_ln18_1_fu_1920_p2          |     |        | and_ln18_1         | and    | auto      | 0       |
|    select_ln18_1_fu_1926_p3       |     |        | select_ln18_1      | select | auto_sel  | 0       |
|    and_ln18_2_fu_1934_p2          |     |        | and_ln18_2         | and    | auto      | 0       |
|    xor_ln18_2_fu_1940_p2          |     |        | xor_ln18_2         | xor    | auto      | 0       |
|    or_ln18_fu_1946_p2             |     |        | or_ln18            | or     | auto      | 0       |
|    xor_ln18_3_fu_1952_p2          |     |        | xor_ln18_3         | xor    | auto      | 0       |
|    and_ln18_3_fu_1958_p2          |     |        | and_ln18_3         | and    | auto      | 0       |
|    and_ln18_4_fu_1964_p2          |     |        | and_ln18_4         | and    | auto      | 0       |
|    or_ln18_2_fu_1970_p2           |     |        | or_ln18_2          | or     | auto      | 0       |
|    xor_ln18_4_fu_1976_p2          |     |        | xor_ln18_4         | xor    | auto      | 0       |
|    and_ln18_5_fu_1982_p2          |     |        | and_ln18_5         | and    | auto      | 0       |
|    or_ln18_1_fu_1988_p2           |     |        | or_ln18_1          | or     | auto      | 0       |
|    mul_32s_32s_64_1_1_U1          | 4   |        | mul_ln19           | mul    | auto      | 0       |
|    select_ln18_2_fu_3436_p3       |     |        | select_ln18_2      | select | auto_sel  | 0       |
|    select_ln18_3_fu_3443_p3       |     |        | select_ln18_3      | select | auto_sel  | 0       |
|    add_ln19_fu_3461_p2            |     |        | add_ln19           | add    | fabric    | 0       |
|    v0_x_1_fu_3497_p2              |     |        | v0_x_1             | add    | fabric    | 0       |
|    xor_ln19_fu_3511_p2            |     |        | xor_ln19           | xor    | auto      | 0       |
|    and_ln19_fu_3517_p2            |     |        | and_ln19           | and    | auto      | 0       |
|    icmp_ln19_fu_3541_p2           |     |        | icmp_ln19          | seteq  | auto      | 0       |
|    icmp_ln19_1_fu_3557_p2         |     |        | icmp_ln19_1        | seteq  | auto      | 0       |
|    icmp_ln19_2_fu_3563_p2         |     |        | icmp_ln19_2        | seteq  | auto      | 0       |
|    select_ln19_fu_3569_p3         |     |        | select_ln19        | select | auto_sel  | 0       |
|    xor_ln19_1_fu_3577_p2          |     |        | xor_ln19_1         | xor    | auto      | 0       |
|    and_ln19_1_fu_3583_p2          |     |        | and_ln19_1         | and    | auto      | 0       |
|    select_ln19_1_fu_3589_p3       |     |        | select_ln19_1      | select | auto_sel  | 0       |
|    and_ln19_2_fu_5200_p2          |     |        | and_ln19_2         | and    | auto      | 0       |
|    xor_ln19_2_fu_3597_p2          |     |        | xor_ln19_2         | xor    | auto      | 0       |
|    or_ln19_fu_3603_p2             |     |        | or_ln19            | or     | auto      | 0       |
|    xor_ln19_3_fu_3609_p2          |     |        | xor_ln19_3         | xor    | auto      | 0       |
|    and_ln19_3_fu_3615_p2          |     |        | and_ln19_3         | and    | auto      | 0       |
|    and_ln19_4_fu_3621_p2          |     |        | and_ln19_4         | and    | auto      | 0       |
|    or_ln19_2_fu_5204_p2           |     |        | or_ln19_2          | or     | auto      | 0       |
|    xor_ln19_4_fu_5209_p2          |     |        | xor_ln19_4         | xor    | auto      | 0       |
|    and_ln19_5_fu_5215_p2          |     |        | and_ln19_5         | and    | auto      | 0       |
|    or_ln19_1_fu_5220_p2           |     |        | or_ln19_1          | or     | auto      | 0       |
|    mul_32s_32s_64_1_1_U1          | 4   |        | mul_ln20           | mul    | auto      | 0       |
|    select_ln19_2_fu_5237_p3       |     |        | select_ln19_2      | select | auto_sel  | 0       |
|    select_ln19_3_fu_5244_p3       |     |        | select_ln19_3      | select | auto_sel  | 0       |
|    add_ln20_fu_5263_p2            |     |        | add_ln20           | add    | fabric    | 0       |
|    v0_x_3_fu_5299_p2              |     |        | v0_x_3             | add    | fabric    | 0       |
|    xor_ln20_fu_5313_p2            |     |        | xor_ln20           | xor    | auto      | 0       |
|    and_ln20_fu_5319_p2            |     |        | and_ln20           | and    | auto      | 0       |
|    icmp_ln20_fu_5343_p2           |     |        | icmp_ln20          | seteq  | auto      | 0       |
|    icmp_ln20_1_fu_5359_p2         |     |        | icmp_ln20_1        | seteq  | auto      | 0       |
|    icmp_ln20_2_fu_5365_p2         |     |        | icmp_ln20_2        | seteq  | auto      | 0       |
|    select_ln20_fu_5371_p3         |     |        | select_ln20        | select | auto_sel  | 0       |
|    xor_ln20_1_fu_5379_p2          |     |        | xor_ln20_1         | xor    | auto      | 0       |
|    and_ln20_1_fu_5385_p2          |     |        | and_ln20_1         | and    | auto      | 0       |
|    select_ln20_1_fu_5391_p3       |     |        | select_ln20_1      | select | auto_sel  | 0       |
|    and_ln20_2_fu_7190_p2          |     |        | and_ln20_2         | and    | auto      | 0       |
|    xor_ln20_2_fu_5399_p2          |     |        | xor_ln20_2         | xor    | auto      | 0       |
|    or_ln20_fu_5405_p2             |     |        | or_ln20            | or     | auto      | 0       |
|    xor_ln20_3_fu_5411_p2          |     |        | xor_ln20_3         | xor    | auto      | 0       |
|    and_ln20_3_fu_5417_p2          |     |        | and_ln20_3         | and    | auto      | 0       |
|    and_ln20_4_fu_5423_p2          |     |        | and_ln20_4         | and    | auto      | 0       |
|    or_ln20_2_fu_7194_p2           |     |        | or_ln20_2          | or     | auto      | 0       |
|    xor_ln20_4_fu_7199_p2          |     |        | xor_ln20_4         | xor    | auto      | 0       |
|    and_ln20_5_fu_7205_p2          |     |        | and_ln20_5         | and    | auto      | 0       |
|    or_ln20_1_fu_7210_p2           |     |        | or_ln20_1          | or     | auto      | 0       |
|    mul_32s_32s_64_1_1_U1          | 4   |        | mul_ln21           | mul    | auto      | 0       |
|    select_ln20_2_fu_7227_p3       |     |        | select_ln20_2      | select | auto_sel  | 0       |
|    select_ln20_3_fu_7234_p3       |     |        | select_ln20_3      | select | auto_sel  | 0       |
|    add_ln21_fu_7253_p2            |     |        | add_ln21           | add    | fabric    | 0       |
|    v0_x_5_fu_7289_p2              |     |        | v0_x_5             | add    | fabric    | 0       |
|    xor_ln21_fu_7303_p2            |     |        | xor_ln21           | xor    | auto      | 0       |
|    and_ln21_fu_7309_p2            |     |        | and_ln21           | and    | auto      | 0       |
|    icmp_ln21_fu_7333_p2           |     |        | icmp_ln21          | seteq  | auto      | 0       |
|    icmp_ln21_1_fu_7349_p2         |     |        | icmp_ln21_1        | seteq  | auto      | 0       |
|    icmp_ln21_2_fu_7355_p2         |     |        | icmp_ln21_2        | seteq  | auto      | 0       |
|    select_ln21_fu_7361_p3         |     |        | select_ln21        | select | auto_sel  | 0       |
|    xor_ln21_1_fu_7369_p2          |     |        | xor_ln21_1         | xor    | auto      | 0       |
|    and_ln21_1_fu_7375_p2          |     |        | and_ln21_1         | and    | auto      | 0       |
|    select_ln21_1_fu_7381_p3       |     |        | select_ln21_1      | select | auto_sel  | 0       |
|    and_ln21_2_fu_9665_p2          |     |        | and_ln21_2         | and    | auto      | 0       |
|    xor_ln21_2_fu_7389_p2          |     |        | xor_ln21_2         | xor    | auto      | 0       |
|    or_ln21_fu_7395_p2             |     |        | or_ln21            | or     | auto      | 0       |
|    xor_ln21_3_fu_7401_p2          |     |        | xor_ln21_3         | xor    | auto      | 0       |
|    and_ln21_3_fu_7407_p2          |     |        | and_ln21_3         | and    | auto      | 0       |
|    and_ln21_4_fu_7413_p2          |     |        | and_ln21_4         | and    | auto      | 0       |
|    or_ln21_2_fu_9669_p2           |     |        | or_ln21_2          | or     | auto      | 0       |
|    xor_ln21_4_fu_9674_p2          |     |        | xor_ln21_4         | xor    | auto      | 0       |
|    and_ln21_5_fu_9680_p2          |     |        | and_ln21_5         | and    | auto      | 0       |
|    select_ln21_2_fu_9685_p3       |     |        | select_ln21_2      | select | auto_sel  | 0       |
|    or_ln21_1_fu_9692_p2           |     |        | or_ln21_1          | or     | auto      | 0       |
|    v0_x_6_fu_9697_p3              |     |        | v0_x_6             | select | auto_sel  | 0       |
|    mul_32s_32s_64_1_1_U2          | 4   |        | mul_ln25           | mul    | auto      | 0       |
|    add_ln25_fu_2030_p2            |     |        | add_ln25           | add    | fabric    | 0       |
|    xor_ln25_fu_2044_p2            |     |        | xor_ln25           | xor    | auto      | 0       |
|    and_ln25_fu_2050_p2            |     |        | and_ln25           | and    | auto      | 0       |
|    icmp_ln25_fu_2072_p2           |     |        | icmp_ln25          | seteq  | auto      | 0       |
|    icmp_ln25_1_fu_2086_p2         |     |        | icmp_ln25_1        | seteq  | auto      | 0       |
|    icmp_ln25_2_fu_2092_p2         |     |        | icmp_ln25_2        | seteq  | auto      | 0       |
|    select_ln25_fu_2098_p3         |     |        | select_ln25        | select | auto_sel  | 0       |
|    xor_ln25_1_fu_2106_p2          |     |        | xor_ln25_1         | xor    | auto      | 0       |
|    and_ln25_1_fu_2112_p2          |     |        | and_ln25_1         | and    | auto      | 0       |
|    select_ln25_1_fu_2118_p3       |     |        | select_ln25_1      | select | auto_sel  | 0       |
|    and_ln25_2_fu_2126_p2          |     |        | and_ln25_2         | and    | auto      | 0       |
|    xor_ln25_2_fu_2132_p2          |     |        | xor_ln25_2         | xor    | auto      | 0       |
|    or_ln25_fu_2138_p2             |     |        | or_ln25            | or     | auto      | 0       |
|    xor_ln25_3_fu_2144_p2          |     |        | xor_ln25_3         | xor    | auto      | 0       |
|    and_ln25_3_fu_2150_p2          |     |        | and_ln25_3         | and    | auto      | 0       |
|    and_ln25_4_fu_2156_p2          |     |        | and_ln25_4         | and    | auto      | 0       |
|    or_ln25_2_fu_2162_p2           |     |        | or_ln25_2          | or     | auto      | 0       |
|    xor_ln25_4_fu_2168_p2          |     |        | xor_ln25_4         | xor    | auto      | 0       |
|    and_ln25_5_fu_2174_p2          |     |        | and_ln25_5         | and    | auto      | 0       |
|    or_ln25_1_fu_2180_p2           |     |        | or_ln25_1          | or     | auto      | 0       |
|    mul_32s_32s_64_1_1_U2          | 4   |        | mul_ln26           | mul    | auto      | 0       |
|    select_ln25_2_fu_3633_p3       |     |        | select_ln25_2      | select | auto_sel  | 0       |
|    select_ln25_3_fu_3640_p3       |     |        | select_ln25_3      | select | auto_sel  | 0       |
|    add_ln26_fu_3658_p2            |     |        | add_ln26           | add    | fabric    | 0       |
|    v0_y_1_fu_3694_p2              |     |        | v0_y_1             | add    | fabric    | 0       |
|    xor_ln26_fu_3708_p2            |     |        | xor_ln26           | xor    | auto      | 0       |
|    and_ln26_fu_3714_p2            |     |        | and_ln26           | and    | auto      | 0       |
|    icmp_ln26_fu_3738_p2           |     |        | icmp_ln26          | seteq  | auto      | 0       |
|    icmp_ln26_1_fu_3754_p2         |     |        | icmp_ln26_1        | seteq  | auto      | 0       |
|    icmp_ln26_2_fu_3760_p2         |     |        | icmp_ln26_2        | seteq  | auto      | 0       |
|    select_ln26_fu_3766_p3         |     |        | select_ln26        | select | auto_sel  | 0       |
|    xor_ln26_1_fu_3774_p2          |     |        | xor_ln26_1         | xor    | auto      | 0       |
|    and_ln26_1_fu_3780_p2          |     |        | and_ln26_1         | and    | auto      | 0       |
|    select_ln26_1_fu_3786_p3       |     |        | select_ln26_1      | select | auto_sel  | 0       |
|    and_ln26_2_fu_5429_p2          |     |        | and_ln26_2         | and    | auto      | 0       |
|    xor_ln26_2_fu_3794_p2          |     |        | xor_ln26_2         | xor    | auto      | 0       |
|    or_ln26_fu_3800_p2             |     |        | or_ln26            | or     | auto      | 0       |
|    xor_ln26_3_fu_3806_p2          |     |        | xor_ln26_3         | xor    | auto      | 0       |
|    and_ln26_3_fu_3812_p2          |     |        | and_ln26_3         | and    | auto      | 0       |
|    and_ln26_4_fu_3818_p2          |     |        | and_ln26_4         | and    | auto      | 0       |
|    or_ln26_2_fu_5433_p2           |     |        | or_ln26_2          | or     | auto      | 0       |
|    xor_ln26_4_fu_5438_p2          |     |        | xor_ln26_4         | xor    | auto      | 0       |
|    and_ln26_5_fu_5444_p2          |     |        | and_ln26_5         | and    | auto      | 0       |
|    or_ln26_1_fu_5449_p2           |     |        | or_ln26_1          | or     | auto      | 0       |
|    mul_32s_32s_64_1_1_U2          | 4   |        | mul_ln27           | mul    | auto      | 0       |
|    select_ln26_2_fu_5460_p3       |     |        | select_ln26_2      | select | auto_sel  | 0       |
|    select_ln26_3_fu_5467_p3       |     |        | select_ln26_3      | select | auto_sel  | 0       |
|    add_ln27_fu_5486_p2            |     |        | add_ln27           | add    | fabric    | 0       |
|    v0_y_3_fu_5522_p2              |     |        | v0_y_3             | add    | fabric    | 0       |
|    xor_ln27_fu_5536_p2            |     |        | xor_ln27           | xor    | auto      | 0       |
|    and_ln27_fu_5542_p2            |     |        | and_ln27           | and    | auto      | 0       |
|    icmp_ln27_fu_5566_p2           |     |        | icmp_ln27          | seteq  | auto      | 0       |
|    icmp_ln27_1_fu_5582_p2         |     |        | icmp_ln27_1        | seteq  | auto      | 0       |
|    icmp_ln27_2_fu_5588_p2         |     |        | icmp_ln27_2        | seteq  | auto      | 0       |
|    select_ln27_fu_5594_p3         |     |        | select_ln27        | select | auto_sel  | 0       |
|    xor_ln27_1_fu_5602_p2          |     |        | xor_ln27_1         | xor    | auto      | 0       |
|    and_ln27_1_fu_5608_p2          |     |        | and_ln27_1         | and    | auto      | 0       |
|    select_ln27_1_fu_5614_p3       |     |        | select_ln27_1      | select | auto_sel  | 0       |
|    and_ln27_2_fu_7419_p2          |     |        | and_ln27_2         | and    | auto      | 0       |
|    xor_ln27_2_fu_5622_p2          |     |        | xor_ln27_2         | xor    | auto      | 0       |
|    or_ln27_fu_5628_p2             |     |        | or_ln27            | or     | auto      | 0       |
|    xor_ln27_3_fu_5634_p2          |     |        | xor_ln27_3         | xor    | auto      | 0       |
|    and_ln27_3_fu_5640_p2          |     |        | and_ln27_3         | and    | auto      | 0       |
|    and_ln27_4_fu_5646_p2          |     |        | and_ln27_4         | and    | auto      | 0       |
|    or_ln27_2_fu_7423_p2           |     |        | or_ln27_2          | or     | auto      | 0       |
|    xor_ln27_4_fu_7428_p2          |     |        | xor_ln27_4         | xor    | auto      | 0       |
|    and_ln27_5_fu_7434_p2          |     |        | and_ln27_5         | and    | auto      | 0       |
|    or_ln27_1_fu_7439_p2           |     |        | or_ln27_1          | or     | auto      | 0       |
|    mul_32s_32s_64_1_1_U2          | 4   |        | mul_ln28           | mul    | auto      | 0       |
|    select_ln27_2_fu_7450_p3       |     |        | select_ln27_2      | select | auto_sel  | 0       |
|    select_ln27_3_fu_7457_p3       |     |        | select_ln27_3      | select | auto_sel  | 0       |
|    add_ln28_fu_7476_p2            |     |        | add_ln28           | add    | fabric    | 0       |
|    v0_y_5_fu_7512_p2              |     |        | v0_y_5             | add    | fabric    | 0       |
|    xor_ln28_fu_7526_p2            |     |        | xor_ln28           | xor    | auto      | 0       |
|    and_ln28_fu_7532_p2            |     |        | and_ln28           | and    | auto      | 0       |
|    icmp_ln28_fu_7556_p2           |     |        | icmp_ln28          | seteq  | auto      | 0       |
|    icmp_ln28_1_fu_7572_p2         |     |        | icmp_ln28_1        | seteq  | auto      | 0       |
|    icmp_ln28_2_fu_7578_p2         |     |        | icmp_ln28_2        | seteq  | auto      | 0       |
|    select_ln28_fu_7584_p3         |     |        | select_ln28        | select | auto_sel  | 0       |
|    xor_ln28_1_fu_7592_p2          |     |        | xor_ln28_1         | xor    | auto      | 0       |
|    and_ln28_1_fu_7598_p2          |     |        | and_ln28_1         | and    | auto      | 0       |
|    select_ln28_1_fu_7604_p3       |     |        | select_ln28_1      | select | auto_sel  | 0       |
|    and_ln28_2_fu_9705_p2          |     |        | and_ln28_2         | and    | auto      | 0       |
|    xor_ln28_2_fu_7612_p2          |     |        | xor_ln28_2         | xor    | auto      | 0       |
|    or_ln28_fu_7618_p2             |     |        | or_ln28            | or     | auto      | 0       |
|    xor_ln28_3_fu_7624_p2          |     |        | xor_ln28_3         | xor    | auto      | 0       |
|    and_ln28_3_fu_7630_p2          |     |        | and_ln28_3         | and    | auto      | 0       |
|    and_ln28_4_fu_7636_p2          |     |        | and_ln28_4         | and    | auto      | 0       |
|    or_ln28_2_fu_9709_p2           |     |        | or_ln28_2          | or     | auto      | 0       |
|    xor_ln28_4_fu_9714_p2          |     |        | xor_ln28_4         | xor    | auto      | 0       |
|    and_ln28_5_fu_9720_p2          |     |        | and_ln28_5         | and    | auto      | 0       |
|    select_ln28_2_fu_9725_p3       |     |        | select_ln28_2      | select | auto_sel  | 0       |
|    or_ln28_1_fu_9732_p2           |     |        | or_ln28_1          | or     | auto      | 0       |
|    v0_y_6_fu_9737_p3              |     |        | v0_y_6             | select | auto_sel  | 0       |
|    mul_32s_32s_64_1_1_U3          | 4   |        | mul_ln32           | mul    | auto      | 0       |
|    add_ln32_fu_2222_p2            |     |        | add_ln32           | add    | fabric    | 0       |
|    xor_ln32_fu_2236_p2            |     |        | xor_ln32           | xor    | auto      | 0       |
|    and_ln32_fu_2242_p2            |     |        | and_ln32           | and    | auto      | 0       |
|    icmp_ln32_fu_2264_p2           |     |        | icmp_ln32          | seteq  | auto      | 0       |
|    icmp_ln32_1_fu_2278_p2         |     |        | icmp_ln32_1        | seteq  | auto      | 0       |
|    icmp_ln32_2_fu_2284_p2         |     |        | icmp_ln32_2        | seteq  | auto      | 0       |
|    select_ln32_fu_2290_p3         |     |        | select_ln32        | select | auto_sel  | 0       |
|    xor_ln32_1_fu_2298_p2          |     |        | xor_ln32_1         | xor    | auto      | 0       |
|    and_ln32_1_fu_2304_p2          |     |        | and_ln32_1         | and    | auto      | 0       |
|    select_ln32_1_fu_2310_p3       |     |        | select_ln32_1      | select | auto_sel  | 0       |
|    and_ln32_2_fu_2318_p2          |     |        | and_ln32_2         | and    | auto      | 0       |
|    xor_ln32_2_fu_2324_p2          |     |        | xor_ln32_2         | xor    | auto      | 0       |
|    or_ln32_fu_2330_p2             |     |        | or_ln32            | or     | auto      | 0       |
|    xor_ln32_3_fu_2336_p2          |     |        | xor_ln32_3         | xor    | auto      | 0       |
|    and_ln32_3_fu_2342_p2          |     |        | and_ln32_3         | and    | auto      | 0       |
|    and_ln32_4_fu_2348_p2          |     |        | and_ln32_4         | and    | auto      | 0       |
|    or_ln32_2_fu_2354_p2           |     |        | or_ln32_2          | or     | auto      | 0       |
|    xor_ln32_4_fu_2360_p2          |     |        | xor_ln32_4         | xor    | auto      | 0       |
|    and_ln32_5_fu_2366_p2          |     |        | and_ln32_5         | and    | auto      | 0       |
|    or_ln32_1_fu_2372_p2           |     |        | or_ln32_1          | or     | auto      | 0       |
|    mul_32s_32s_64_1_1_U3          | 4   |        | mul_ln33           | mul    | auto      | 0       |
|    select_ln32_2_fu_3830_p3       |     |        | select_ln32_2      | select | auto_sel  | 0       |
|    select_ln32_3_fu_3837_p3       |     |        | select_ln32_3      | select | auto_sel  | 0       |
|    add_ln33_fu_3855_p2            |     |        | add_ln33           | add    | fabric    | 0       |
|    v0_z_1_fu_3891_p2              |     |        | v0_z_1             | add    | fabric    | 0       |
|    xor_ln33_fu_3905_p2            |     |        | xor_ln33           | xor    | auto      | 0       |
|    and_ln33_fu_3911_p2            |     |        | and_ln33           | and    | auto      | 0       |
|    icmp_ln33_fu_3935_p2           |     |        | icmp_ln33          | seteq  | auto      | 0       |
|    icmp_ln33_1_fu_3951_p2         |     |        | icmp_ln33_1        | seteq  | auto      | 0       |
|    icmp_ln33_2_fu_3957_p2         |     |        | icmp_ln33_2        | seteq  | auto      | 0       |
|    select_ln33_fu_3963_p3         |     |        | select_ln33        | select | auto_sel  | 0       |
|    xor_ln33_1_fu_3971_p2          |     |        | xor_ln33_1         | xor    | auto      | 0       |
|    and_ln33_1_fu_3977_p2          |     |        | and_ln33_1         | and    | auto      | 0       |
|    select_ln33_1_fu_3983_p3       |     |        | select_ln33_1      | select | auto_sel  | 0       |
|    and_ln33_2_fu_5652_p2          |     |        | and_ln33_2         | and    | auto      | 0       |
|    xor_ln33_2_fu_3991_p2          |     |        | xor_ln33_2         | xor    | auto      | 0       |
|    or_ln33_fu_3997_p2             |     |        | or_ln33            | or     | auto      | 0       |
|    xor_ln33_3_fu_4003_p2          |     |        | xor_ln33_3         | xor    | auto      | 0       |
|    and_ln33_3_fu_4009_p2          |     |        | and_ln33_3         | and    | auto      | 0       |
|    and_ln33_4_fu_4015_p2          |     |        | and_ln33_4         | and    | auto      | 0       |
|    or_ln33_2_fu_5656_p2           |     |        | or_ln33_2          | or     | auto      | 0       |
|    xor_ln33_4_fu_5661_p2          |     |        | xor_ln33_4         | xor    | auto      | 0       |
|    and_ln33_5_fu_5667_p2          |     |        | and_ln33_5         | and    | auto      | 0       |
|    or_ln33_1_fu_5672_p2           |     |        | or_ln33_1          | or     | auto      | 0       |
|    mul_32s_32s_64_1_1_U3          | 4   |        | mul_ln34           | mul    | auto      | 0       |
|    select_ln33_2_fu_5684_p3       |     |        | select_ln33_2      | select | auto_sel  | 0       |
|    select_ln33_3_fu_5691_p3       |     |        | select_ln33_3      | select | auto_sel  | 0       |
|    add_ln34_fu_5710_p2            |     |        | add_ln34           | add    | fabric    | 0       |
|    v0_z_3_fu_5746_p2              |     |        | v0_z_3             | add    | fabric    | 0       |
|    xor_ln34_fu_5760_p2            |     |        | xor_ln34           | xor    | auto      | 0       |
|    and_ln34_fu_5766_p2            |     |        | and_ln34           | and    | auto      | 0       |
|    icmp_ln34_fu_5790_p2           |     |        | icmp_ln34          | seteq  | auto      | 0       |
|    icmp_ln34_1_fu_5806_p2         |     |        | icmp_ln34_1        | seteq  | auto      | 0       |
|    icmp_ln34_2_fu_5812_p2         |     |        | icmp_ln34_2        | seteq  | auto      | 0       |
|    select_ln34_fu_5818_p3         |     |        | select_ln34        | select | auto_sel  | 0       |
|    xor_ln34_1_fu_5826_p2          |     |        | xor_ln34_1         | xor    | auto      | 0       |
|    and_ln34_1_fu_5832_p2          |     |        | and_ln34_1         | and    | auto      | 0       |
|    select_ln34_1_fu_5838_p3       |     |        | select_ln34_1      | select | auto_sel  | 0       |
|    and_ln34_2_fu_7642_p2          |     |        | and_ln34_2         | and    | auto      | 0       |
|    xor_ln34_2_fu_5846_p2          |     |        | xor_ln34_2         | xor    | auto      | 0       |
|    or_ln34_fu_5852_p2             |     |        | or_ln34            | or     | auto      | 0       |
|    xor_ln34_3_fu_5858_p2          |     |        | xor_ln34_3         | xor    | auto      | 0       |
|    and_ln34_3_fu_5864_p2          |     |        | and_ln34_3         | and    | auto      | 0       |
|    and_ln34_4_fu_5870_p2          |     |        | and_ln34_4         | and    | auto      | 0       |
|    or_ln34_2_fu_7646_p2           |     |        | or_ln34_2          | or     | auto      | 0       |
|    xor_ln34_4_fu_7651_p2          |     |        | xor_ln34_4         | xor    | auto      | 0       |
|    and_ln34_5_fu_7657_p2          |     |        | and_ln34_5         | and    | auto      | 0       |
|    or_ln34_1_fu_7662_p2           |     |        | or_ln34_1          | or     | auto      | 0       |
|    mul_32s_32s_64_1_1_U3          | 4   |        | mul_ln35           | mul    | auto      | 0       |
|    select_ln34_2_fu_7674_p3       |     |        | select_ln34_2      | select | auto_sel  | 0       |
|    select_ln34_3_fu_7681_p3       |     |        | select_ln34_3      | select | auto_sel  | 0       |
|    add_ln35_fu_7700_p2            |     |        | add_ln35           | add    | fabric    | 0       |
|    v0_z_5_fu_7736_p2              |     |        | v0_z_5             | add    | fabric    | 0       |
|    xor_ln35_fu_7750_p2            |     |        | xor_ln35           | xor    | auto      | 0       |
|    and_ln35_fu_7756_p2            |     |        | and_ln35           | and    | auto      | 0       |
|    icmp_ln35_fu_7780_p2           |     |        | icmp_ln35          | seteq  | auto      | 0       |
|    icmp_ln35_1_fu_7796_p2         |     |        | icmp_ln35_1        | seteq  | auto      | 0       |
|    icmp_ln35_2_fu_7802_p2         |     |        | icmp_ln35_2        | seteq  | auto      | 0       |
|    select_ln35_fu_7808_p3         |     |        | select_ln35        | select | auto_sel  | 0       |
|    xor_ln35_1_fu_7816_p2          |     |        | xor_ln35_1         | xor    | auto      | 0       |
|    and_ln35_1_fu_7822_p2          |     |        | and_ln35_1         | and    | auto      | 0       |
|    select_ln35_1_fu_7828_p3       |     |        | select_ln35_1      | select | auto_sel  | 0       |
|    and_ln35_2_fu_9745_p2          |     |        | and_ln35_2         | and    | auto      | 0       |
|    xor_ln35_2_fu_7836_p2          |     |        | xor_ln35_2         | xor    | auto      | 0       |
|    or_ln35_fu_7842_p2             |     |        | or_ln35            | or     | auto      | 0       |
|    xor_ln35_3_fu_7848_p2          |     |        | xor_ln35_3         | xor    | auto      | 0       |
|    and_ln35_3_fu_7854_p2          |     |        | and_ln35_3         | and    | auto      | 0       |
|    and_ln35_4_fu_7860_p2          |     |        | and_ln35_4         | and    | auto      | 0       |
|    or_ln35_2_fu_9749_p2           |     |        | or_ln35_2          | or     | auto      | 0       |
|    xor_ln35_4_fu_9754_p2          |     |        | xor_ln35_4         | xor    | auto      | 0       |
|    and_ln35_5_fu_9760_p2          |     |        | and_ln35_5         | and    | auto      | 0       |
|    select_ln35_2_fu_9765_p3       |     |        | select_ln35_2      | select | auto_sel  | 0       |
|    or_ln35_1_fu_9772_p2           |     |        | or_ln35_1          | or     | auto      | 0       |
|    v0_z_6_fu_9777_p3              |     |        | v0_z_6             | select | auto_sel  | 0       |
|    mul_32s_32s_64_1_1_U4          | 4   |        | mul_ln39           | mul    | auto      | 0       |
|    add_ln39_fu_7885_p2            |     |        | add_ln39           | add    | fabric    | 0       |
|    xor_ln39_fu_7899_p2            |     |        | xor_ln39           | xor    | auto      | 0       |
|    and_ln39_fu_7905_p2            |     |        | and_ln39           | and    | auto      | 0       |
|    grp_fu_703_p2                  |     |        | icmp_ln39          | seteq  | auto      | 0       |
|    grp_fu_717_p2                  |     |        | icmp_ln39_1        | seteq  | auto      | 0       |
|    grp_fu_723_p2                  |     |        | icmp_ln39_2        | seteq  | auto      | 0       |
|    select_ln39_fu_7919_p3         |     |        | select_ln39        | select | auto_sel  | 0       |
|    xor_ln39_1_fu_7927_p2          |     |        | xor_ln39_1         | xor    | auto      | 0       |
|    and_ln39_1_fu_7933_p2          |     |        | and_ln39_1         | and    | auto      | 0       |
|    select_ln39_1_fu_7939_p3       |     |        | select_ln39_1      | select | auto_sel  | 0       |
|    and_ln39_2_fu_7947_p2          |     |        | and_ln39_2         | and    | auto      | 0       |
|    xor_ln39_2_fu_7953_p2          |     |        | xor_ln39_2         | xor    | auto      | 0       |
|    or_ln39_fu_7959_p2             |     |        | or_ln39            | or     | auto      | 0       |
|    xor_ln39_3_fu_7965_p2          |     |        | xor_ln39_3         | xor    | auto      | 0       |
|    and_ln39_3_fu_7971_p2          |     |        | and_ln39_3         | and    | auto      | 0       |
|    and_ln39_4_fu_7977_p2          |     |        | and_ln39_4         | and    | auto      | 0       |
|    or_ln39_2_fu_7983_p2           |     |        | or_ln39_2          | or     | auto      | 0       |
|    xor_ln39_4_fu_7989_p2          |     |        | xor_ln39_4         | xor    | auto      | 0       |
|    and_ln39_5_fu_7995_p2          |     |        | and_ln39_5         | and    | auto      | 0       |
|    or_ln39_1_fu_8001_p2           |     |        | or_ln39_1          | or     | auto      | 0       |
|    mul_32s_32s_64_1_1_U1          | 4   |        | mul_ln40           | mul    | auto      | 0       |
|    select_ln39_2_fu_9792_p3       |     |        | select_ln39_2      | select | auto_sel  | 0       |
|    select_ln39_3_fu_9799_p3       |     |        | select_ln39_3      | select | auto_sel  | 0       |
|    add_ln40_fu_9817_p2            |     |        | add_ln40           | add    | fabric    | 0       |
|    v0_w_1_fu_9853_p2              |     |        | v0_w_1             | add    | fabric    | 0       |
|    xor_ln40_fu_9867_p2            |     |        | xor_ln40           | xor    | auto      | 0       |
|    and_ln40_fu_9873_p2            |     |        | and_ln40           | and    | auto      | 0       |
|    icmp_ln40_fu_9897_p2           |     |        | icmp_ln40          | seteq  | auto      | 0       |
|    icmp_ln40_1_fu_9913_p2         |     |        | icmp_ln40_1        | seteq  | auto      | 0       |
|    icmp_ln40_2_fu_9919_p2         |     |        | icmp_ln40_2        | seteq  | auto      | 0       |
|    select_ln40_fu_9925_p3         |     |        | select_ln40        | select | auto_sel  | 0       |
|    xor_ln40_1_fu_9933_p2          |     |        | xor_ln40_1         | xor    | auto      | 0       |
|    and_ln40_1_fu_9939_p2          |     |        | and_ln40_1         | and    | auto      | 0       |
|    select_ln40_1_fu_9945_p3       |     |        | select_ln40_1      | select | auto_sel  | 0       |
|    and_ln40_2_fu_10605_p2         |     |        | and_ln40_2         | and    | auto      | 0       |
|    xor_ln40_2_fu_9953_p2          |     |        | xor_ln40_2         | xor    | auto      | 0       |
|    or_ln40_fu_9959_p2             |     |        | or_ln40            | or     | auto      | 0       |
|    xor_ln40_3_fu_9965_p2          |     |        | xor_ln40_3         | xor    | auto      | 0       |
|    and_ln40_3_fu_9971_p2          |     |        | and_ln40_3         | and    | auto      | 0       |
|    and_ln40_4_fu_9977_p2          |     |        | and_ln40_4         | and    | auto      | 0       |
|    or_ln40_2_fu_10609_p2          |     |        | or_ln40_2          | or     | auto      | 0       |
|    xor_ln40_4_fu_10614_p2         |     |        | xor_ln40_4         | xor    | auto      | 0       |
|    and_ln40_5_fu_10620_p2         |     |        | and_ln40_5         | and    | auto      | 0       |
|    or_ln40_1_fu_10625_p2          |     |        | or_ln40_1          | or     | auto      | 0       |
|    mul_32s_32s_64_1_1_U1          | 4   |        | mul_ln41           | mul    | auto      | 0       |
|    select_ln40_2_fu_10637_p3      |     |        | select_ln40_2      | select | auto_sel  | 0       |
|    select_ln40_3_fu_10644_p3      |     |        | select_ln40_3      | select | auto_sel  | 0       |
|    add_ln41_fu_10663_p2           |     |        | add_ln41           | add    | fabric    | 0       |
|    v0_w_3_fu_10699_p2             |     |        | v0_w_3             | add    | fabric    | 0       |
|    xor_ln41_fu_10713_p2           |     |        | xor_ln41           | xor    | auto      | 0       |
|    and_ln41_fu_10719_p2           |     |        | and_ln41           | and    | auto      | 0       |
|    icmp_ln41_fu_10743_p2          |     |        | icmp_ln41          | seteq  | auto      | 0       |
|    icmp_ln41_1_fu_10759_p2        |     |        | icmp_ln41_1        | seteq  | auto      | 0       |
|    icmp_ln41_2_fu_10765_p2        |     |        | icmp_ln41_2        | seteq  | auto      | 0       |
|    select_ln41_fu_10771_p3        |     |        | select_ln41        | select | auto_sel  | 0       |
|    xor_ln41_1_fu_10779_p2         |     |        | xor_ln41_1         | xor    | auto      | 0       |
|    and_ln41_1_fu_10785_p2         |     |        | and_ln41_1         | and    | auto      | 0       |
|    select_ln41_1_fu_10791_p3      |     |        | select_ln41_1      | select | auto_sel  | 0       |
|    and_ln41_2_fu_11263_p2         |     |        | and_ln41_2         | and    | auto      | 0       |
|    xor_ln41_2_fu_10799_p2         |     |        | xor_ln41_2         | xor    | auto      | 0       |
|    or_ln41_fu_10805_p2            |     |        | or_ln41            | or     | auto      | 0       |
|    xor_ln41_3_fu_10811_p2         |     |        | xor_ln41_3         | xor    | auto      | 0       |
|    and_ln41_3_fu_10817_p2         |     |        | and_ln41_3         | and    | auto      | 0       |
|    and_ln41_4_fu_10823_p2         |     |        | and_ln41_4         | and    | auto      | 0       |
|    or_ln41_2_fu_11267_p2          |     |        | or_ln41_2          | or     | auto      | 0       |
|    xor_ln41_4_fu_11272_p2         |     |        | xor_ln41_4         | xor    | auto      | 0       |
|    and_ln41_5_fu_11278_p2         |     |        | and_ln41_5         | and    | auto      | 0       |
|    or_ln41_1_fu_11283_p2          |     |        | or_ln41_1          | or     | auto      | 0       |
|    mul_32s_32s_64_1_1_U1          | 4   |        | mul_ln42           | mul    | auto      | 0       |
|    select_ln41_2_fu_11295_p3      |     |        | select_ln41_2      | select | auto_sel  | 0       |
|    select_ln41_3_fu_11302_p3      |     |        | select_ln41_3      | select | auto_sel  | 0       |
|    add_ln42_fu_11321_p2           |     |        | add_ln42           | add    | fabric    | 0       |
|    v0_w_5_fu_11357_p2             |     |        | v0_w_5             | add    | fabric    | 0       |
|    xor_ln42_fu_11371_p2           |     |        | xor_ln42           | xor    | auto      | 0       |
|    and_ln42_fu_11377_p2           |     |        | and_ln42           | and    | auto      | 0       |
|    icmp_ln42_fu_11401_p2          |     |        | icmp_ln42          | seteq  | auto      | 0       |
|    icmp_ln42_1_fu_11417_p2        |     |        | icmp_ln42_1        | seteq  | auto      | 0       |
|    icmp_ln42_2_fu_11423_p2        |     |        | icmp_ln42_2        | seteq  | auto      | 0       |
|    select_ln42_fu_11429_p3        |     |        | select_ln42        | select | auto_sel  | 0       |
|    xor_ln42_1_fu_11437_p2         |     |        | xor_ln42_1         | xor    | auto      | 0       |
|    and_ln42_1_fu_11443_p2         |     |        | and_ln42_1         | and    | auto      | 0       |
|    select_ln42_1_fu_11449_p3      |     |        | select_ln42_1      | select | auto_sel  | 0       |
|    and_ln42_2_fu_11921_p2         |     |        | and_ln42_2         | and    | auto      | 0       |
|    xor_ln42_2_fu_11457_p2         |     |        | xor_ln42_2         | xor    | auto      | 0       |
|    or_ln42_fu_11463_p2            |     |        | or_ln42            | or     | auto      | 0       |
|    xor_ln42_3_fu_11469_p2         |     |        | xor_ln42_3         | xor    | auto      | 0       |
|    and_ln42_3_fu_11475_p2         |     |        | and_ln42_3         | and    | auto      | 0       |
|    and_ln42_4_fu_11481_p2         |     |        | and_ln42_4         | and    | auto      | 0       |
|    or_ln42_2_fu_11925_p2          |     |        | or_ln42_2          | or     | auto      | 0       |
|    xor_ln42_4_fu_11930_p2         |     |        | xor_ln42_4         | xor    | auto      | 0       |
|    and_ln42_5_fu_11936_p2         |     |        | and_ln42_5         | and    | auto      | 0       |
|    select_ln42_2_fu_11941_p3      |     |        | select_ln42_2      | select | auto_sel  | 0       |
|    or_ln42_1_fu_11948_p2          |     |        | or_ln42_1          | or     | auto      | 0       |
|    v0_w_6_fu_11953_p3             |     |        | v0_w_6             | select | auto_sel  | 0       |
|    mul_32s_32s_64_1_1_U4          | 4   |        | mul_ln47           | mul    | auto      | 0       |
|    add_ln47_fu_2396_p2            |     |        | add_ln47           | add    | fabric    | 0       |
|    xor_ln47_fu_2410_p2            |     |        | xor_ln47           | xor    | auto      | 0       |
|    and_ln47_fu_2416_p2            |     |        | and_ln47           | and    | auto      | 0       |
|    grp_fu_703_p2                  |     |        | icmp_ln47          | seteq  | auto      | 0       |
|    grp_fu_717_p2                  |     |        | icmp_ln47_1        | seteq  | auto      | 0       |
|    grp_fu_723_p2                  |     |        | icmp_ln47_2        | seteq  | auto      | 0       |
|    select_ln47_fu_2430_p3         |     |        | select_ln47        | select | auto_sel  | 0       |
|    xor_ln47_1_fu_2438_p2          |     |        | xor_ln47_1         | xor    | auto      | 0       |
|    and_ln47_1_fu_2444_p2          |     |        | and_ln47_1         | and    | auto      | 0       |
|    select_ln47_1_fu_2450_p3       |     |        | select_ln47_1      | select | auto_sel  | 0       |
|    and_ln47_2_fu_2458_p2          |     |        | and_ln47_2         | and    | auto      | 0       |
|    xor_ln47_2_fu_2464_p2          |     |        | xor_ln47_2         | xor    | auto      | 0       |
|    or_ln47_fu_2470_p2             |     |        | or_ln47            | or     | auto      | 0       |
|    xor_ln47_3_fu_2476_p2          |     |        | xor_ln47_3         | xor    | auto      | 0       |
|    and_ln47_3_fu_2482_p2          |     |        | and_ln47_3         | and    | auto      | 0       |
|    and_ln47_4_fu_2488_p2          |     |        | and_ln47_4         | and    | auto      | 0       |
|    or_ln47_2_fu_2494_p2           |     |        | or_ln47_2          | or     | auto      | 0       |
|    xor_ln47_4_fu_2500_p2          |     |        | xor_ln47_4         | xor    | auto      | 0       |
|    and_ln47_5_fu_2506_p2          |     |        | and_ln47_5         | and    | auto      | 0       |
|    or_ln47_1_fu_2512_p2           |     |        | or_ln47_1          | or     | auto      | 0       |
|    mul_32s_32s_64_1_1_U4          | 4   |        | mul_ln48           | mul    | auto      | 0       |
|    select_ln47_2_fu_4027_p3       |     |        | select_ln47_2      | select | auto_sel  | 0       |
|    select_ln47_3_fu_4034_p3       |     |        | select_ln47_3      | select | auto_sel  | 0       |
|    add_ln48_fu_4052_p2            |     |        | add_ln48           | add    | fabric    | 0       |
|    v1_x_1_fu_4088_p2              |     |        | v1_x_1             | add    | fabric    | 0       |
|    xor_ln48_fu_4102_p2            |     |        | xor_ln48           | xor    | auto      | 0       |
|    and_ln48_fu_4108_p2            |     |        | and_ln48           | and    | auto      | 0       |
|    icmp_ln48_fu_4132_p2           |     |        | icmp_ln48          | seteq  | auto      | 0       |
|    icmp_ln48_1_fu_4148_p2         |     |        | icmp_ln48_1        | seteq  | auto      | 0       |
|    icmp_ln48_2_fu_4154_p2         |     |        | icmp_ln48_2        | seteq  | auto      | 0       |
|    select_ln48_fu_4160_p3         |     |        | select_ln48        | select | auto_sel  | 0       |
|    xor_ln48_1_fu_4168_p2          |     |        | xor_ln48_1         | xor    | auto      | 0       |
|    and_ln48_1_fu_4174_p2          |     |        | and_ln48_1         | and    | auto      | 0       |
|    select_ln48_1_fu_4180_p3       |     |        | select_ln48_1      | select | auto_sel  | 0       |
|    and_ln48_2_fu_5876_p2          |     |        | and_ln48_2         | and    | auto      | 0       |
|    xor_ln48_2_fu_4188_p2          |     |        | xor_ln48_2         | xor    | auto      | 0       |
|    or_ln48_fu_4194_p2             |     |        | or_ln48            | or     | auto      | 0       |
|    xor_ln48_3_fu_4200_p2          |     |        | xor_ln48_3         | xor    | auto      | 0       |
|    and_ln48_3_fu_4206_p2          |     |        | and_ln48_3         | and    | auto      | 0       |
|    and_ln48_4_fu_4212_p2          |     |        | and_ln48_4         | and    | auto      | 0       |
|    or_ln48_2_fu_5880_p2           |     |        | or_ln48_2          | or     | auto      | 0       |
|    xor_ln48_4_fu_5885_p2          |     |        | xor_ln48_4         | xor    | auto      | 0       |
|    and_ln48_5_fu_5891_p2          |     |        | and_ln48_5         | and    | auto      | 0       |
|    or_ln48_1_fu_5896_p2           |     |        | or_ln48_1          | or     | auto      | 0       |
|    mul_32s_32s_64_1_1_U4          | 4   |        | mul_ln49           | mul    | auto      | 0       |
|    select_ln48_2_fu_5907_p3       |     |        | select_ln48_2      | select | auto_sel  | 0       |
|    select_ln48_3_fu_5914_p3       |     |        | select_ln48_3      | select | auto_sel  | 0       |
|    add_ln49_fu_5933_p2            |     |        | add_ln49           | add    | fabric    | 0       |
|    v1_x_3_fu_5969_p2              |     |        | v1_x_3             | add    | fabric    | 0       |
|    xor_ln49_fu_5983_p2            |     |        | xor_ln49           | xor    | auto      | 0       |
|    and_ln49_fu_5989_p2            |     |        | and_ln49           | and    | auto      | 0       |
|    icmp_ln49_fu_6013_p2           |     |        | icmp_ln49          | seteq  | auto      | 0       |
|    icmp_ln49_1_fu_6029_p2         |     |        | icmp_ln49_1        | seteq  | auto      | 0       |
|    icmp_ln49_2_fu_6035_p2         |     |        | icmp_ln49_2        | seteq  | auto      | 0       |
|    select_ln49_fu_6041_p3         |     |        | select_ln49        | select | auto_sel  | 0       |
|    xor_ln49_1_fu_6049_p2          |     |        | xor_ln49_1         | xor    | auto      | 0       |
|    and_ln49_1_fu_6055_p2          |     |        | and_ln49_1         | and    | auto      | 0       |
|    select_ln49_1_fu_6061_p3       |     |        | select_ln49_1      | select | auto_sel  | 0       |
|    and_ln49_2_fu_8007_p2          |     |        | and_ln49_2         | and    | auto      | 0       |
|    xor_ln49_2_fu_6069_p2          |     |        | xor_ln49_2         | xor    | auto      | 0       |
|    or_ln49_fu_6075_p2             |     |        | or_ln49            | or     | auto      | 0       |
|    xor_ln49_3_fu_6081_p2          |     |        | xor_ln49_3         | xor    | auto      | 0       |
|    and_ln49_3_fu_6087_p2          |     |        | and_ln49_3         | and    | auto      | 0       |
|    and_ln49_4_fu_6093_p2          |     |        | and_ln49_4         | and    | auto      | 0       |
|    or_ln49_2_fu_8011_p2           |     |        | or_ln49_2          | or     | auto      | 0       |
|    xor_ln49_4_fu_8016_p2          |     |        | xor_ln49_4         | xor    | auto      | 0       |
|    and_ln49_5_fu_8022_p2          |     |        | and_ln49_5         | and    | auto      | 0       |
|    or_ln49_1_fu_8027_p2           |     |        | or_ln49_1          | or     | auto      | 0       |
|    mul_32s_32s_64_1_1_U5          | 4   |        | mul_ln50           | mul    | auto      | 0       |
|    select_ln49_2_fu_8038_p3       |     |        | select_ln49_2      | select | auto_sel  | 0       |
|    select_ln49_3_fu_8045_p3       |     |        | select_ln49_3      | select | auto_sel  | 0       |
|    add_ln50_fu_8064_p2            |     |        | add_ln50           | add    | fabric    | 0       |
|    v1_x_5_fu_8100_p2              |     |        | v1_x_5             | add    | fabric    | 0       |
|    xor_ln50_fu_8114_p2            |     |        | xor_ln50           | xor    | auto      | 0       |
|    and_ln50_fu_8120_p2            |     |        | and_ln50           | and    | auto      | 0       |
|    icmp_ln50_fu_8144_p2           |     |        | icmp_ln50          | seteq  | auto      | 0       |
|    icmp_ln50_1_fu_8160_p2         |     |        | icmp_ln50_1        | seteq  | auto      | 0       |
|    icmp_ln50_2_fu_8166_p2         |     |        | icmp_ln50_2        | seteq  | auto      | 0       |
|    select_ln50_fu_8172_p3         |     |        | select_ln50        | select | auto_sel  | 0       |
|    xor_ln50_1_fu_8180_p2          |     |        | xor_ln50_1         | xor    | auto      | 0       |
|    and_ln50_1_fu_8186_p2          |     |        | and_ln50_1         | and    | auto      | 0       |
|    select_ln50_1_fu_8192_p3       |     |        | select_ln50_1      | select | auto_sel  | 0       |
|    and_ln50_2_fu_9983_p2          |     |        | and_ln50_2         | and    | auto      | 0       |
|    xor_ln50_2_fu_8200_p2          |     |        | xor_ln50_2         | xor    | auto      | 0       |
|    or_ln50_fu_8206_p2             |     |        | or_ln50            | or     | auto      | 0       |
|    xor_ln50_3_fu_8212_p2          |     |        | xor_ln50_3         | xor    | auto      | 0       |
|    and_ln50_3_fu_8218_p2          |     |        | and_ln50_3         | and    | auto      | 0       |
|    and_ln50_4_fu_8224_p2          |     |        | and_ln50_4         | and    | auto      | 0       |
|    or_ln50_2_fu_9987_p2           |     |        | or_ln50_2          | or     | auto      | 0       |
|    xor_ln50_4_fu_9992_p2          |     |        | xor_ln50_4         | xor    | auto      | 0       |
|    and_ln50_5_fu_9998_p2          |     |        | and_ln50_5         | and    | auto      | 0       |
|    select_ln50_2_fu_10003_p3      |     |        | select_ln50_2      | select | auto_sel  | 0       |
|    or_ln50_1_fu_10010_p2          |     |        | or_ln50_1          | or     | auto      | 0       |
|    v1_x_6_fu_10015_p3             |     |        | v1_x_6             | select | auto_sel  | 0       |
|    mul_32s_32s_64_1_1_U5          | 4   |        | mul_ln54           | mul    | auto      | 0       |
|    add_ln54_fu_2548_p2            |     |        | add_ln54           | add    | fabric    | 0       |
|    xor_ln54_fu_2562_p2            |     |        | xor_ln54           | xor    | auto      | 0       |
|    and_ln54_fu_2568_p2            |     |        | and_ln54           | and    | auto      | 0       |
|    icmp_ln54_fu_2590_p2           |     |        | icmp_ln54          | seteq  | auto      | 0       |
|    icmp_ln54_1_fu_2604_p2         |     |        | icmp_ln54_1        | seteq  | auto      | 0       |
|    icmp_ln54_2_fu_2610_p2         |     |        | icmp_ln54_2        | seteq  | auto      | 0       |
|    select_ln54_fu_2616_p3         |     |        | select_ln54        | select | auto_sel  | 0       |
|    xor_ln54_1_fu_2624_p2          |     |        | xor_ln54_1         | xor    | auto      | 0       |
|    and_ln54_1_fu_2630_p2          |     |        | and_ln54_1         | and    | auto      | 0       |
|    select_ln54_1_fu_2636_p3       |     |        | select_ln54_1      | select | auto_sel  | 0       |
|    and_ln54_2_fu_2644_p2          |     |        | and_ln54_2         | and    | auto      | 0       |
|    xor_ln54_2_fu_2650_p2          |     |        | xor_ln54_2         | xor    | auto      | 0       |
|    or_ln54_fu_2656_p2             |     |        | or_ln54            | or     | auto      | 0       |
|    xor_ln54_3_fu_2662_p2          |     |        | xor_ln54_3         | xor    | auto      | 0       |
|    and_ln54_3_fu_2668_p2          |     |        | and_ln54_3         | and    | auto      | 0       |
|    and_ln54_4_fu_2674_p2          |     |        | and_ln54_4         | and    | auto      | 0       |
|    or_ln54_2_fu_2680_p2           |     |        | or_ln54_2          | or     | auto      | 0       |
|    xor_ln54_4_fu_2686_p2          |     |        | xor_ln54_4         | xor    | auto      | 0       |
|    and_ln54_5_fu_2692_p2          |     |        | and_ln54_5         | and    | auto      | 0       |
|    or_ln54_1_fu_2698_p2           |     |        | or_ln54_1          | or     | auto      | 0       |
|    mul_32s_32s_64_1_1_U5          | 4   |        | mul_ln55           | mul    | auto      | 0       |
|    select_ln54_2_fu_4218_p3       |     |        | select_ln54_2      | select | auto_sel  | 0       |
|    select_ln54_3_fu_4225_p3       |     |        | select_ln54_3      | select | auto_sel  | 0       |
|    add_ln55_fu_4243_p2            |     |        | add_ln55           | add    | fabric    | 0       |
|    v1_y_1_fu_4279_p2              |     |        | v1_y_1             | add    | fabric    | 0       |
|    xor_ln55_fu_4293_p2            |     |        | xor_ln55           | xor    | auto      | 0       |
|    and_ln55_fu_4299_p2            |     |        | and_ln55           | and    | auto      | 0       |
|    icmp_ln55_fu_4323_p2           |     |        | icmp_ln55          | seteq  | auto      | 0       |
|    icmp_ln55_1_fu_4339_p2         |     |        | icmp_ln55_1        | seteq  | auto      | 0       |
|    icmp_ln55_2_fu_4345_p2         |     |        | icmp_ln55_2        | seteq  | auto      | 0       |
|    select_ln55_fu_4351_p3         |     |        | select_ln55        | select | auto_sel  | 0       |
|    xor_ln55_1_fu_4359_p2          |     |        | xor_ln55_1         | xor    | auto      | 0       |
|    and_ln55_1_fu_4365_p2          |     |        | and_ln55_1         | and    | auto      | 0       |
|    select_ln55_1_fu_4371_p3       |     |        | select_ln55_1      | select | auto_sel  | 0       |
|    and_ln55_2_fu_6099_p2          |     |        | and_ln55_2         | and    | auto      | 0       |
|    xor_ln55_2_fu_4379_p2          |     |        | xor_ln55_2         | xor    | auto      | 0       |
|    or_ln55_fu_4385_p2             |     |        | or_ln55            | or     | auto      | 0       |
|    xor_ln55_3_fu_4391_p2          |     |        | xor_ln55_3         | xor    | auto      | 0       |
|    and_ln55_3_fu_4397_p2          |     |        | and_ln55_3         | and    | auto      | 0       |
|    and_ln55_4_fu_4403_p2          |     |        | and_ln55_4         | and    | auto      | 0       |
|    or_ln55_2_fu_6103_p2           |     |        | or_ln55_2          | or     | auto      | 0       |
|    xor_ln55_4_fu_6108_p2          |     |        | xor_ln55_4         | xor    | auto      | 0       |
|    and_ln55_5_fu_6114_p2          |     |        | and_ln55_5         | and    | auto      | 0       |
|    or_ln55_1_fu_6119_p2           |     |        | or_ln55_1          | or     | auto      | 0       |
|    mul_32s_32s_64_1_1_U5          | 4   |        | mul_ln56           | mul    | auto      | 0       |
|    select_ln55_2_fu_6124_p3       |     |        | select_ln55_2      | select | auto_sel  | 0       |
|    select_ln55_3_fu_6131_p3       |     |        | select_ln55_3      | select | auto_sel  | 0       |
|    add_ln56_fu_6150_p2            |     |        | add_ln56           | add    | fabric    | 0       |
|    v1_y_3_fu_6186_p2              |     |        | v1_y_3             | add    | fabric    | 0       |
|    xor_ln56_fu_6200_p2            |     |        | xor_ln56           | xor    | auto      | 0       |
|    and_ln56_fu_6206_p2            |     |        | and_ln56           | and    | auto      | 0       |
|    icmp_ln56_fu_6230_p2           |     |        | icmp_ln56          | seteq  | auto      | 0       |
|    icmp_ln56_1_fu_6246_p2         |     |        | icmp_ln56_1        | seteq  | auto      | 0       |
|    icmp_ln56_2_fu_6252_p2         |     |        | icmp_ln56_2        | seteq  | auto      | 0       |
|    select_ln56_fu_6258_p3         |     |        | select_ln56        | select | auto_sel  | 0       |
|    xor_ln56_1_fu_6266_p2          |     |        | xor_ln56_1         | xor    | auto      | 0       |
|    and_ln56_1_fu_6272_p2          |     |        | and_ln56_1         | and    | auto      | 0       |
|    select_ln56_1_fu_6278_p3       |     |        | select_ln56_1      | select | auto_sel  | 0       |
|    and_ln56_2_fu_8230_p2          |     |        | and_ln56_2         | and    | auto      | 0       |
|    xor_ln56_2_fu_6286_p2          |     |        | xor_ln56_2         | xor    | auto      | 0       |
|    or_ln56_fu_6292_p2             |     |        | or_ln56            | or     | auto      | 0       |
|    xor_ln56_3_fu_6298_p2          |     |        | xor_ln56_3         | xor    | auto      | 0       |
|    and_ln56_3_fu_6304_p2          |     |        | and_ln56_3         | and    | auto      | 0       |
|    and_ln56_4_fu_6310_p2          |     |        | and_ln56_4         | and    | auto      | 0       |
|    or_ln56_2_fu_8234_p2           |     |        | or_ln56_2          | or     | auto      | 0       |
|    xor_ln56_4_fu_8239_p2          |     |        | xor_ln56_4         | xor    | auto      | 0       |
|    and_ln56_5_fu_8245_p2          |     |        | and_ln56_5         | and    | auto      | 0       |
|    or_ln56_1_fu_8250_p2           |     |        | or_ln56_1          | or     | auto      | 0       |
|    mul_32s_32s_64_1_1_U6          | 4   |        | mul_ln57           | mul    | auto      | 0       |
|    select_ln56_2_fu_8255_p3       |     |        | select_ln56_2      | select | auto_sel  | 0       |
|    select_ln56_3_fu_8262_p3       |     |        | select_ln56_3      | select | auto_sel  | 0       |
|    add_ln57_fu_8281_p2            |     |        | add_ln57           | add    | fabric    | 0       |
|    v1_y_5_fu_8317_p2              |     |        | v1_y_5             | add    | fabric    | 0       |
|    xor_ln57_fu_8331_p2            |     |        | xor_ln57           | xor    | auto      | 0       |
|    and_ln57_fu_8337_p2            |     |        | and_ln57           | and    | auto      | 0       |
|    icmp_ln57_fu_8361_p2           |     |        | icmp_ln57          | seteq  | auto      | 0       |
|    icmp_ln57_1_fu_8377_p2         |     |        | icmp_ln57_1        | seteq  | auto      | 0       |
|    icmp_ln57_2_fu_8383_p2         |     |        | icmp_ln57_2        | seteq  | auto      | 0       |
|    select_ln57_fu_8389_p3         |     |        | select_ln57        | select | auto_sel  | 0       |
|    xor_ln57_1_fu_8397_p2          |     |        | xor_ln57_1         | xor    | auto      | 0       |
|    and_ln57_1_fu_8403_p2          |     |        | and_ln57_1         | and    | auto      | 0       |
|    select_ln57_1_fu_8409_p3       |     |        | select_ln57_1      | select | auto_sel  | 0       |
|    and_ln57_2_fu_10023_p2         |     |        | and_ln57_2         | and    | auto      | 0       |
|    xor_ln57_2_fu_8417_p2          |     |        | xor_ln57_2         | xor    | auto      | 0       |
|    or_ln57_fu_8423_p2             |     |        | or_ln57            | or     | auto      | 0       |
|    xor_ln57_3_fu_8429_p2          |     |        | xor_ln57_3         | xor    | auto      | 0       |
|    and_ln57_3_fu_8435_p2          |     |        | and_ln57_3         | and    | auto      | 0       |
|    and_ln57_4_fu_8441_p2          |     |        | and_ln57_4         | and    | auto      | 0       |
|    or_ln57_2_fu_10027_p2          |     |        | or_ln57_2          | or     | auto      | 0       |
|    xor_ln57_4_fu_10032_p2         |     |        | xor_ln57_4         | xor    | auto      | 0       |
|    and_ln57_5_fu_10038_p2         |     |        | and_ln57_5         | and    | auto      | 0       |
|    select_ln57_2_fu_10043_p3      |     |        | select_ln57_2      | select | auto_sel  | 0       |
|    or_ln57_1_fu_10050_p2          |     |        | or_ln57_1          | or     | auto      | 0       |
|    v1_y_6_fu_10055_p3             |     |        | v1_y_6             | select | auto_sel  | 0       |
|    mul_32s_32s_64_1_1_U6          | 4   |        | mul_ln61           | mul    | auto      | 0       |
|    add_ln61_fu_2734_p2            |     |        | add_ln61           | add    | fabric    | 0       |
|    xor_ln61_fu_2748_p2            |     |        | xor_ln61           | xor    | auto      | 0       |
|    and_ln61_fu_2754_p2            |     |        | and_ln61           | and    | auto      | 0       |
|    icmp_ln61_fu_2776_p2           |     |        | icmp_ln61          | seteq  | auto      | 0       |
|    icmp_ln61_1_fu_2790_p2         |     |        | icmp_ln61_1        | seteq  | auto      | 0       |
|    icmp_ln61_2_fu_2796_p2         |     |        | icmp_ln61_2        | seteq  | auto      | 0       |
|    select_ln61_fu_2802_p3         |     |        | select_ln61        | select | auto_sel  | 0       |
|    xor_ln61_1_fu_2810_p2          |     |        | xor_ln61_1         | xor    | auto      | 0       |
|    and_ln61_1_fu_2816_p2          |     |        | and_ln61_1         | and    | auto      | 0       |
|    select_ln61_1_fu_2822_p3       |     |        | select_ln61_1      | select | auto_sel  | 0       |
|    and_ln61_2_fu_2830_p2          |     |        | and_ln61_2         | and    | auto      | 0       |
|    xor_ln61_2_fu_2836_p2          |     |        | xor_ln61_2         | xor    | auto      | 0       |
|    or_ln61_fu_2842_p2             |     |        | or_ln61            | or     | auto      | 0       |
|    xor_ln61_3_fu_2848_p2          |     |        | xor_ln61_3         | xor    | auto      | 0       |
|    and_ln61_3_fu_2854_p2          |     |        | and_ln61_3         | and    | auto      | 0       |
|    and_ln61_4_fu_2860_p2          |     |        | and_ln61_4         | and    | auto      | 0       |
|    or_ln61_2_fu_2866_p2           |     |        | or_ln61_2          | or     | auto      | 0       |
|    xor_ln61_4_fu_2872_p2          |     |        | xor_ln61_4         | xor    | auto      | 0       |
|    and_ln61_5_fu_2878_p2          |     |        | and_ln61_5         | and    | auto      | 0       |
|    or_ln61_1_fu_2884_p2           |     |        | or_ln61_1          | or     | auto      | 0       |
|    mul_32s_32s_64_1_1_U6          | 4   |        | mul_ln62           | mul    | auto      | 0       |
|    select_ln61_2_fu_4409_p3       |     |        | select_ln61_2      | select | auto_sel  | 0       |
|    select_ln61_3_fu_4416_p3       |     |        | select_ln61_3      | select | auto_sel  | 0       |
|    add_ln62_fu_4434_p2            |     |        | add_ln62           | add    | fabric    | 0       |
|    v1_z_1_fu_4470_p2              |     |        | v1_z_1             | add    | fabric    | 0       |
|    xor_ln62_fu_4484_p2            |     |        | xor_ln62           | xor    | auto      | 0       |
|    and_ln62_fu_4490_p2            |     |        | and_ln62           | and    | auto      | 0       |
|    icmp_ln62_fu_4514_p2           |     |        | icmp_ln62          | seteq  | auto      | 0       |
|    icmp_ln62_1_fu_4530_p2         |     |        | icmp_ln62_1        | seteq  | auto      | 0       |
|    icmp_ln62_2_fu_4536_p2         |     |        | icmp_ln62_2        | seteq  | auto      | 0       |
|    select_ln62_fu_4542_p3         |     |        | select_ln62        | select | auto_sel  | 0       |
|    xor_ln62_1_fu_4550_p2          |     |        | xor_ln62_1         | xor    | auto      | 0       |
|    and_ln62_1_fu_4556_p2          |     |        | and_ln62_1         | and    | auto      | 0       |
|    select_ln62_1_fu_4562_p3       |     |        | select_ln62_1      | select | auto_sel  | 0       |
|    and_ln62_2_fu_6316_p2          |     |        | and_ln62_2         | and    | auto      | 0       |
|    xor_ln62_2_fu_4570_p2          |     |        | xor_ln62_2         | xor    | auto      | 0       |
|    or_ln62_fu_4576_p2             |     |        | or_ln62            | or     | auto      | 0       |
|    xor_ln62_3_fu_4582_p2          |     |        | xor_ln62_3         | xor    | auto      | 0       |
|    and_ln62_3_fu_4588_p2          |     |        | and_ln62_3         | and    | auto      | 0       |
|    and_ln62_4_fu_4594_p2          |     |        | and_ln62_4         | and    | auto      | 0       |
|    or_ln62_2_fu_6320_p2           |     |        | or_ln62_2          | or     | auto      | 0       |
|    xor_ln62_4_fu_6325_p2          |     |        | xor_ln62_4         | xor    | auto      | 0       |
|    and_ln62_5_fu_6331_p2          |     |        | and_ln62_5         | and    | auto      | 0       |
|    or_ln62_1_fu_6336_p2           |     |        | or_ln62_1          | or     | auto      | 0       |
|    mul_32s_32s_64_1_1_U6          | 4   |        | mul_ln63           | mul    | auto      | 0       |
|    select_ln62_2_fu_6341_p3       |     |        | select_ln62_2      | select | auto_sel  | 0       |
|    select_ln62_3_fu_6348_p3       |     |        | select_ln62_3      | select | auto_sel  | 0       |
|    add_ln63_fu_6367_p2            |     |        | add_ln63           | add    | fabric    | 0       |
|    v1_z_3_fu_6403_p2              |     |        | v1_z_3             | add    | fabric    | 0       |
|    xor_ln63_fu_6417_p2            |     |        | xor_ln63           | xor    | auto      | 0       |
|    and_ln63_fu_6423_p2            |     |        | and_ln63           | and    | auto      | 0       |
|    icmp_ln63_fu_6447_p2           |     |        | icmp_ln63          | seteq  | auto      | 0       |
|    icmp_ln63_1_fu_6463_p2         |     |        | icmp_ln63_1        | seteq  | auto      | 0       |
|    icmp_ln63_2_fu_6469_p2         |     |        | icmp_ln63_2        | seteq  | auto      | 0       |
|    select_ln63_fu_6475_p3         |     |        | select_ln63        | select | auto_sel  | 0       |
|    xor_ln63_1_fu_6483_p2          |     |        | xor_ln63_1         | xor    | auto      | 0       |
|    and_ln63_1_fu_6489_p2          |     |        | and_ln63_1         | and    | auto      | 0       |
|    select_ln63_1_fu_6495_p3       |     |        | select_ln63_1      | select | auto_sel  | 0       |
|    and_ln63_2_fu_8447_p2          |     |        | and_ln63_2         | and    | auto      | 0       |
|    xor_ln63_2_fu_6503_p2          |     |        | xor_ln63_2         | xor    | auto      | 0       |
|    or_ln63_fu_6509_p2             |     |        | or_ln63            | or     | auto      | 0       |
|    xor_ln63_3_fu_6515_p2          |     |        | xor_ln63_3         | xor    | auto      | 0       |
|    and_ln63_3_fu_6521_p2          |     |        | and_ln63_3         | and    | auto      | 0       |
|    and_ln63_4_fu_6527_p2          |     |        | and_ln63_4         | and    | auto      | 0       |
|    or_ln63_2_fu_8451_p2           |     |        | or_ln63_2          | or     | auto      | 0       |
|    xor_ln63_4_fu_8456_p2          |     |        | xor_ln63_4         | xor    | auto      | 0       |
|    and_ln63_5_fu_8462_p2          |     |        | and_ln63_5         | and    | auto      | 0       |
|    or_ln63_1_fu_8467_p2           |     |        | or_ln63_1          | or     | auto      | 0       |
|    mul_32s_32s_64_1_1_U7          | 4   |        | mul_ln64           | mul    | auto      | 0       |
|    select_ln63_2_fu_8472_p3       |     |        | select_ln63_2      | select | auto_sel  | 0       |
|    select_ln63_3_fu_8479_p3       |     |        | select_ln63_3      | select | auto_sel  | 0       |
|    add_ln64_fu_8498_p2            |     |        | add_ln64           | add    | fabric    | 0       |
|    v1_z_5_fu_8534_p2              |     |        | v1_z_5             | add    | fabric    | 0       |
|    xor_ln64_fu_8548_p2            |     |        | xor_ln64           | xor    | auto      | 0       |
|    and_ln64_fu_8554_p2            |     |        | and_ln64           | and    | auto      | 0       |
|    icmp_ln64_fu_8578_p2           |     |        | icmp_ln64          | seteq  | auto      | 0       |
|    icmp_ln64_1_fu_8594_p2         |     |        | icmp_ln64_1        | seteq  | auto      | 0       |
|    icmp_ln64_2_fu_8600_p2         |     |        | icmp_ln64_2        | seteq  | auto      | 0       |
|    select_ln64_fu_8606_p3         |     |        | select_ln64        | select | auto_sel  | 0       |
|    xor_ln64_1_fu_8614_p2          |     |        | xor_ln64_1         | xor    | auto      | 0       |
|    and_ln64_1_fu_8620_p2          |     |        | and_ln64_1         | and    | auto      | 0       |
|    select_ln64_1_fu_8626_p3       |     |        | select_ln64_1      | select | auto_sel  | 0       |
|    and_ln64_2_fu_10063_p2         |     |        | and_ln64_2         | and    | auto      | 0       |
|    xor_ln64_2_fu_8634_p2          |     |        | xor_ln64_2         | xor    | auto      | 0       |
|    or_ln64_fu_8640_p2             |     |        | or_ln64            | or     | auto      | 0       |
|    xor_ln64_3_fu_8646_p2          |     |        | xor_ln64_3         | xor    | auto      | 0       |
|    and_ln64_3_fu_8652_p2          |     |        | and_ln64_3         | and    | auto      | 0       |
|    and_ln64_4_fu_8658_p2          |     |        | and_ln64_4         | and    | auto      | 0       |
|    or_ln64_2_fu_10067_p2          |     |        | or_ln64_2          | or     | auto      | 0       |
|    xor_ln64_4_fu_10072_p2         |     |        | xor_ln64_4         | xor    | auto      | 0       |
|    and_ln64_5_fu_10078_p2         |     |        | and_ln64_5         | and    | auto      | 0       |
|    select_ln64_2_fu_10083_p3      |     |        | select_ln64_2      | select | auto_sel  | 0       |
|    or_ln64_1_fu_10090_p2          |     |        | or_ln64_1          | or     | auto      | 0       |
|    v1_z_6_fu_10095_p3             |     |        | v1_z_6             | select | auto_sel  | 0       |
|    mul_32s_32s_64_1_1_U8          | 4   |        | mul_ln68           | mul    | auto      | 0       |
|    add_ln68_fu_8676_p2            |     |        | add_ln68           | add    | fabric    | 0       |
|    xor_ln68_fu_8690_p2            |     |        | xor_ln68           | xor    | auto      | 0       |
|    and_ln68_fu_8696_p2            |     |        | and_ln68           | and    | auto      | 0       |
|    grp_fu_787_p2                  |     |        | icmp_ln68          | seteq  | auto      | 0       |
|    grp_fu_801_p2                  |     |        | icmp_ln68_1        | seteq  | auto      | 0       |
|    grp_fu_807_p2                  |     |        | icmp_ln68_2        | seteq  | auto      | 0       |
|    select_ln68_fu_8710_p3         |     |        | select_ln68        | select | auto_sel  | 0       |
|    xor_ln68_1_fu_8718_p2          |     |        | xor_ln68_1         | xor    | auto      | 0       |
|    and_ln68_1_fu_8724_p2          |     |        | and_ln68_1         | and    | auto      | 0       |
|    select_ln68_1_fu_8730_p3       |     |        | select_ln68_1      | select | auto_sel  | 0       |
|    and_ln68_2_fu_8738_p2          |     |        | and_ln68_2         | and    | auto      | 0       |
|    xor_ln68_2_fu_8744_p2          |     |        | xor_ln68_2         | xor    | auto      | 0       |
|    or_ln68_fu_8750_p2             |     |        | or_ln68            | or     | auto      | 0       |
|    xor_ln68_3_fu_8756_p2          |     |        | xor_ln68_3         | xor    | auto      | 0       |
|    and_ln68_3_fu_8762_p2          |     |        | and_ln68_3         | and    | auto      | 0       |
|    and_ln68_4_fu_8768_p2          |     |        | and_ln68_4         | and    | auto      | 0       |
|    or_ln68_2_fu_8774_p2           |     |        | or_ln68_2          | or     | auto      | 0       |
|    xor_ln68_4_fu_8780_p2          |     |        | xor_ln68_4         | xor    | auto      | 0       |
|    and_ln68_5_fu_8786_p2          |     |        | and_ln68_5         | and    | auto      | 0       |
|    or_ln68_1_fu_8792_p2           |     |        | or_ln68_1          | or     | auto      | 0       |
|    mul_32s_32s_64_1_1_U2          | 4   |        | mul_ln69           | mul    | auto      | 0       |
|    select_ln68_2_fu_10103_p3      |     |        | select_ln68_2      | select | auto_sel  | 0       |
|    select_ln68_3_fu_10110_p3      |     |        | select_ln68_3      | select | auto_sel  | 0       |
|    add_ln69_fu_10128_p2           |     |        | add_ln69           | add    | fabric    | 0       |
|    v1_w_1_fu_10164_p2             |     |        | v1_w_1             | add    | fabric    | 0       |
|    xor_ln69_fu_10178_p2           |     |        | xor_ln69           | xor    | auto      | 0       |
|    and_ln69_fu_10184_p2           |     |        | and_ln69           | and    | auto      | 0       |
|    icmp_ln69_fu_10208_p2          |     |        | icmp_ln69          | seteq  | auto      | 0       |
|    icmp_ln69_1_fu_10224_p2        |     |        | icmp_ln69_1        | seteq  | auto      | 0       |
|    icmp_ln69_2_fu_10230_p2        |     |        | icmp_ln69_2        | seteq  | auto      | 0       |
|    select_ln69_fu_10236_p3        |     |        | select_ln69        | select | auto_sel  | 0       |
|    xor_ln69_1_fu_10244_p2         |     |        | xor_ln69_1         | xor    | auto      | 0       |
|    and_ln69_1_fu_10250_p2         |     |        | and_ln69_1         | and    | auto      | 0       |
|    select_ln69_1_fu_10256_p3      |     |        | select_ln69_1      | select | auto_sel  | 0       |
|    and_ln69_2_fu_10829_p2         |     |        | and_ln69_2         | and    | auto      | 0       |
|    xor_ln69_2_fu_10264_p2         |     |        | xor_ln69_2         | xor    | auto      | 0       |
|    or_ln69_fu_10270_p2            |     |        | or_ln69            | or     | auto      | 0       |
|    xor_ln69_3_fu_10276_p2         |     |        | xor_ln69_3         | xor    | auto      | 0       |
|    and_ln69_3_fu_10282_p2         |     |        | and_ln69_3         | and    | auto      | 0       |
|    and_ln69_4_fu_10288_p2         |     |        | and_ln69_4         | and    | auto      | 0       |
|    or_ln69_2_fu_10833_p2          |     |        | or_ln69_2          | or     | auto      | 0       |
|    xor_ln69_4_fu_10838_p2         |     |        | xor_ln69_4         | xor    | auto      | 0       |
|    and_ln69_5_fu_10844_p2         |     |        | and_ln69_5         | and    | auto      | 0       |
|    or_ln69_1_fu_10849_p2          |     |        | or_ln69_1          | or     | auto      | 0       |
|    mul_32s_32s_64_1_1_U2          | 4   |        | mul_ln70           | mul    | auto      | 0       |
|    select_ln69_2_fu_10854_p3      |     |        | select_ln69_2      | select | auto_sel  | 0       |
|    select_ln69_3_fu_10861_p3      |     |        | select_ln69_3      | select | auto_sel  | 0       |
|    add_ln70_fu_10880_p2           |     |        | add_ln70           | add    | fabric    | 0       |
|    v1_w_3_fu_10916_p2             |     |        | v1_w_3             | add    | fabric    | 0       |
|    xor_ln70_fu_10930_p2           |     |        | xor_ln70           | xor    | auto      | 0       |
|    and_ln70_fu_10936_p2           |     |        | and_ln70           | and    | auto      | 0       |
|    icmp_ln70_fu_10960_p2          |     |        | icmp_ln70          | seteq  | auto      | 0       |
|    icmp_ln70_1_fu_10976_p2        |     |        | icmp_ln70_1        | seteq  | auto      | 0       |
|    icmp_ln70_2_fu_10982_p2        |     |        | icmp_ln70_2        | seteq  | auto      | 0       |
|    select_ln70_fu_10988_p3        |     |        | select_ln70        | select | auto_sel  | 0       |
|    xor_ln70_1_fu_10996_p2         |     |        | xor_ln70_1         | xor    | auto      | 0       |
|    and_ln70_1_fu_11002_p2         |     |        | and_ln70_1         | and    | auto      | 0       |
|    select_ln70_1_fu_11008_p3      |     |        | select_ln70_1      | select | auto_sel  | 0       |
|    and_ln70_2_fu_11487_p2         |     |        | and_ln70_2         | and    | auto      | 0       |
|    xor_ln70_2_fu_11016_p2         |     |        | xor_ln70_2         | xor    | auto      | 0       |
|    or_ln70_fu_11022_p2            |     |        | or_ln70            | or     | auto      | 0       |
|    xor_ln70_3_fu_11028_p2         |     |        | xor_ln70_3         | xor    | auto      | 0       |
|    and_ln70_3_fu_11034_p2         |     |        | and_ln70_3         | and    | auto      | 0       |
|    and_ln70_4_fu_11040_p2         |     |        | and_ln70_4         | and    | auto      | 0       |
|    or_ln70_2_fu_11491_p2          |     |        | or_ln70_2          | or     | auto      | 0       |
|    xor_ln70_4_fu_11496_p2         |     |        | xor_ln70_4         | xor    | auto      | 0       |
|    and_ln70_5_fu_11502_p2         |     |        | and_ln70_5         | and    | auto      | 0       |
|    or_ln70_1_fu_11507_p2          |     |        | or_ln70_1          | or     | auto      | 0       |
|    mul_32s_32s_64_1_1_U2          | 4   |        | mul_ln71           | mul    | auto      | 0       |
|    select_ln70_2_fu_11512_p3      |     |        | select_ln70_2      | select | auto_sel  | 0       |
|    select_ln70_3_fu_11519_p3      |     |        | select_ln70_3      | select | auto_sel  | 0       |
|    add_ln71_fu_11538_p2           |     |        | add_ln71           | add    | fabric    | 0       |
|    v1_w_5_fu_11574_p2             |     |        | v1_w_5             | add    | fabric    | 0       |
|    xor_ln71_fu_11588_p2           |     |        | xor_ln71           | xor    | auto      | 0       |
|    and_ln71_fu_11594_p2           |     |        | and_ln71           | and    | auto      | 0       |
|    icmp_ln71_fu_11618_p2          |     |        | icmp_ln71          | seteq  | auto      | 0       |
|    icmp_ln71_1_fu_11634_p2        |     |        | icmp_ln71_1        | seteq  | auto      | 0       |
|    icmp_ln71_2_fu_11640_p2        |     |        | icmp_ln71_2        | seteq  | auto      | 0       |
|    select_ln71_fu_11646_p3        |     |        | select_ln71        | select | auto_sel  | 0       |
|    xor_ln71_1_fu_11654_p2         |     |        | xor_ln71_1         | xor    | auto      | 0       |
|    and_ln71_1_fu_11660_p2         |     |        | and_ln71_1         | and    | auto      | 0       |
|    select_ln71_1_fu_11666_p3      |     |        | select_ln71_1      | select | auto_sel  | 0       |
|    and_ln71_2_fu_11961_p2         |     |        | and_ln71_2         | and    | auto      | 0       |
|    xor_ln71_2_fu_11674_p2         |     |        | xor_ln71_2         | xor    | auto      | 0       |
|    or_ln71_fu_11680_p2            |     |        | or_ln71            | or     | auto      | 0       |
|    xor_ln71_3_fu_11686_p2         |     |        | xor_ln71_3         | xor    | auto      | 0       |
|    and_ln71_3_fu_11692_p2         |     |        | and_ln71_3         | and    | auto      | 0       |
|    and_ln71_4_fu_11698_p2         |     |        | and_ln71_4         | and    | auto      | 0       |
|    or_ln71_2_fu_11965_p2          |     |        | or_ln71_2          | or     | auto      | 0       |
|    xor_ln71_4_fu_11970_p2         |     |        | xor_ln71_4         | xor    | auto      | 0       |
|    and_ln71_5_fu_11976_p2         |     |        | and_ln71_5         | and    | auto      | 0       |
|    select_ln71_2_fu_11981_p3      |     |        | select_ln71_2      | select | auto_sel  | 0       |
|    or_ln71_1_fu_11988_p2          |     |        | or_ln71_1          | or     | auto      | 0       |
|    v1_w_6_fu_11993_p3             |     |        | v1_w_6             | select | auto_sel  | 0       |
|    mul_32s_32s_64_1_1_U7          | 4   |        | mul_ln76           | mul    | auto      | 0       |
|    add_ln76_fu_2926_p2            |     |        | add_ln76           | add    | fabric    | 0       |
|    xor_ln76_fu_2940_p2            |     |        | xor_ln76           | xor    | auto      | 0       |
|    and_ln76_fu_2946_p2            |     |        | and_ln76           | and    | auto      | 0       |
|    icmp_ln76_fu_2968_p2           |     |        | icmp_ln76          | seteq  | auto      | 0       |
|    icmp_ln76_1_fu_2982_p2         |     |        | icmp_ln76_1        | seteq  | auto      | 0       |
|    icmp_ln76_2_fu_2988_p2         |     |        | icmp_ln76_2        | seteq  | auto      | 0       |
|    select_ln76_fu_2994_p3         |     |        | select_ln76        | select | auto_sel  | 0       |
|    xor_ln76_1_fu_3002_p2          |     |        | xor_ln76_1         | xor    | auto      | 0       |
|    and_ln76_1_fu_3008_p2          |     |        | and_ln76_1         | and    | auto      | 0       |
|    select_ln76_1_fu_3014_p3       |     |        | select_ln76_1      | select | auto_sel  | 0       |
|    and_ln76_2_fu_3022_p2          |     |        | and_ln76_2         | and    | auto      | 0       |
|    xor_ln76_2_fu_3028_p2          |     |        | xor_ln76_2         | xor    | auto      | 0       |
|    or_ln76_fu_3034_p2             |     |        | or_ln76            | or     | auto      | 0       |
|    xor_ln76_3_fu_3040_p2          |     |        | xor_ln76_3         | xor    | auto      | 0       |
|    and_ln76_3_fu_3046_p2          |     |        | and_ln76_3         | and    | auto      | 0       |
|    and_ln76_4_fu_3052_p2          |     |        | and_ln76_4         | and    | auto      | 0       |
|    or_ln76_2_fu_3058_p2           |     |        | or_ln76_2          | or     | auto      | 0       |
|    xor_ln76_4_fu_3064_p2          |     |        | xor_ln76_4         | xor    | auto      | 0       |
|    and_ln76_5_fu_3070_p2          |     |        | and_ln76_5         | and    | auto      | 0       |
|    or_ln76_1_fu_3076_p2           |     |        | or_ln76_1          | or     | auto      | 0       |
|    mul_32s_32s_64_1_1_U7          | 4   |        | mul_ln77           | mul    | auto      | 0       |
|    select_ln76_2_fu_4606_p3       |     |        | select_ln76_2      | select | auto_sel  | 0       |
|    select_ln76_3_fu_4613_p3       |     |        | select_ln76_3      | select | auto_sel  | 0       |
|    add_ln77_fu_4631_p2            |     |        | add_ln77           | add    | fabric    | 0       |
|    v2_x_1_fu_4667_p2              |     |        | v2_x_1             | add    | fabric    | 0       |
|    xor_ln77_fu_4681_p2            |     |        | xor_ln77           | xor    | auto      | 0       |
|    and_ln77_fu_4687_p2            |     |        | and_ln77           | and    | auto      | 0       |
|    icmp_ln77_fu_4711_p2           |     |        | icmp_ln77          | seteq  | auto      | 0       |
|    icmp_ln77_1_fu_4727_p2         |     |        | icmp_ln77_1        | seteq  | auto      | 0       |
|    icmp_ln77_2_fu_4733_p2         |     |        | icmp_ln77_2        | seteq  | auto      | 0       |
|    select_ln77_fu_4739_p3         |     |        | select_ln77        | select | auto_sel  | 0       |
|    xor_ln77_1_fu_4747_p2          |     |        | xor_ln77_1         | xor    | auto      | 0       |
|    and_ln77_1_fu_4753_p2          |     |        | and_ln77_1         | and    | auto      | 0       |
|    select_ln77_1_fu_4759_p3       |     |        | select_ln77_1      | select | auto_sel  | 0       |
|    and_ln77_2_fu_6533_p2          |     |        | and_ln77_2         | and    | auto      | 0       |
|    xor_ln77_2_fu_4767_p2          |     |        | xor_ln77_2         | xor    | auto      | 0       |
|    or_ln77_fu_4773_p2             |     |        | or_ln77            | or     | auto      | 0       |
|    xor_ln77_3_fu_4779_p2          |     |        | xor_ln77_3         | xor    | auto      | 0       |
|    and_ln77_3_fu_4785_p2          |     |        | and_ln77_3         | and    | auto      | 0       |
|    and_ln77_4_fu_4791_p2          |     |        | and_ln77_4         | and    | auto      | 0       |
|    or_ln77_2_fu_6537_p2           |     |        | or_ln77_2          | or     | auto      | 0       |
|    xor_ln77_4_fu_6542_p2          |     |        | xor_ln77_4         | xor    | auto      | 0       |
|    and_ln77_5_fu_6548_p2          |     |        | and_ln77_5         | and    | auto      | 0       |
|    or_ln77_1_fu_6553_p2           |     |        | or_ln77_1          | or     | auto      | 0       |
|    mul_32s_32s_64_1_1_U7          | 4   |        | mul_ln78           | mul    | auto      | 0       |
|    select_ln77_2_fu_6564_p3       |     |        | select_ln77_2      | select | auto_sel  | 0       |
|    select_ln77_3_fu_6571_p3       |     |        | select_ln77_3      | select | auto_sel  | 0       |
|    add_ln78_fu_6590_p2            |     |        | add_ln78           | add    | fabric    | 0       |
|    v2_x_3_fu_6626_p2              |     |        | v2_x_3             | add    | fabric    | 0       |
|    xor_ln78_fu_6640_p2            |     |        | xor_ln78           | xor    | auto      | 0       |
|    and_ln78_fu_6646_p2            |     |        | and_ln78           | and    | auto      | 0       |
|    icmp_ln78_fu_6670_p2           |     |        | icmp_ln78          | seteq  | auto      | 0       |
|    icmp_ln78_1_fu_6686_p2         |     |        | icmp_ln78_1        | seteq  | auto      | 0       |
|    icmp_ln78_2_fu_6692_p2         |     |        | icmp_ln78_2        | seteq  | auto      | 0       |
|    select_ln78_fu_6698_p3         |     |        | select_ln78        | select | auto_sel  | 0       |
|    xor_ln78_1_fu_6706_p2          |     |        | xor_ln78_1         | xor    | auto      | 0       |
|    and_ln78_1_fu_6712_p2          |     |        | and_ln78_1         | and    | auto      | 0       |
|    select_ln78_1_fu_6718_p3       |     |        | select_ln78_1      | select | auto_sel  | 0       |
|    and_ln78_2_fu_8798_p2          |     |        | and_ln78_2         | and    | auto      | 0       |
|    xor_ln78_2_fu_6726_p2          |     |        | xor_ln78_2         | xor    | auto      | 0       |
|    or_ln78_fu_6732_p2             |     |        | or_ln78            | or     | auto      | 0       |
|    xor_ln78_3_fu_6738_p2          |     |        | xor_ln78_3         | xor    | auto      | 0       |
|    and_ln78_3_fu_6744_p2          |     |        | and_ln78_3         | and    | auto      | 0       |
|    and_ln78_4_fu_6750_p2          |     |        | and_ln78_4         | and    | auto      | 0       |
|    or_ln78_2_fu_8802_p2           |     |        | or_ln78_2          | or     | auto      | 0       |
|    xor_ln78_4_fu_8807_p2          |     |        | xor_ln78_4         | xor    | auto      | 0       |
|    and_ln78_5_fu_8813_p2          |     |        | and_ln78_5         | and    | auto      | 0       |
|    or_ln78_1_fu_8818_p2           |     |        | or_ln78_1          | or     | auto      | 0       |
|    mul_32s_32s_64_1_1_U9          | 4   |        | mul_ln79           | mul    | auto      | 0       |
|    select_ln78_2_fu_8829_p3       |     |        | select_ln78_2      | select | auto_sel  | 0       |
|    select_ln78_3_fu_8836_p3       |     |        | select_ln78_3      | select | auto_sel  | 0       |
|    add_ln79_fu_8855_p2            |     |        | add_ln79           | add    | fabric    | 0       |
|    v2_x_5_fu_8891_p2              |     |        | v2_x_5             | add    | fabric    | 0       |
|    xor_ln79_fu_8905_p2            |     |        | xor_ln79           | xor    | auto      | 0       |
|    and_ln79_fu_8911_p2            |     |        | and_ln79           | and    | auto      | 0       |
|    icmp_ln79_fu_8935_p2           |     |        | icmp_ln79          | seteq  | auto      | 0       |
|    icmp_ln79_1_fu_8951_p2         |     |        | icmp_ln79_1        | seteq  | auto      | 0       |
|    icmp_ln79_2_fu_8957_p2         |     |        | icmp_ln79_2        | seteq  | auto      | 0       |
|    select_ln79_fu_8963_p3         |     |        | select_ln79        | select | auto_sel  | 0       |
|    xor_ln79_1_fu_8971_p2          |     |        | xor_ln79_1         | xor    | auto      | 0       |
|    and_ln79_1_fu_8977_p2          |     |        | and_ln79_1         | and    | auto      | 0       |
|    select_ln79_1_fu_8983_p3       |     |        | select_ln79_1      | select | auto_sel  | 0       |
|    and_ln79_2_fu_10294_p2         |     |        | and_ln79_2         | and    | auto      | 0       |
|    xor_ln79_2_fu_8991_p2          |     |        | xor_ln79_2         | xor    | auto      | 0       |
|    or_ln79_fu_8997_p2             |     |        | or_ln79            | or     | auto      | 0       |
|    xor_ln79_3_fu_9003_p2          |     |        | xor_ln79_3         | xor    | auto      | 0       |
|    and_ln79_3_fu_9009_p2          |     |        | and_ln79_3         | and    | auto      | 0       |
|    and_ln79_4_fu_9015_p2          |     |        | and_ln79_4         | and    | auto      | 0       |
|    or_ln79_2_fu_10298_p2          |     |        | or_ln79_2          | or     | auto      | 0       |
|    xor_ln79_4_fu_10303_p2         |     |        | xor_ln79_4         | xor    | auto      | 0       |
|    and_ln79_5_fu_10309_p2         |     |        | and_ln79_5         | and    | auto      | 0       |
|    select_ln79_2_fu_10314_p3      |     |        | select_ln79_2      | select | auto_sel  | 0       |
|    or_ln79_1_fu_10321_p2          |     |        | or_ln79_1          | or     | auto      | 0       |
|    v2_x_6_fu_10326_p3             |     |        | v2_x_6             | select | auto_sel  | 0       |
|    mul_32s_32s_64_1_1_U8          | 4   |        | mul_ln83           | mul    | auto      | 0       |
|    add_ln83_fu_3094_p2            |     |        | add_ln83           | add    | fabric    | 0       |
|    xor_ln83_fu_3108_p2            |     |        | xor_ln83           | xor    | auto      | 0       |
|    and_ln83_fu_3114_p2            |     |        | and_ln83           | and    | auto      | 0       |
|    grp_fu_787_p2                  |     |        | icmp_ln83          | seteq  | auto      | 0       |
|    grp_fu_801_p2                  |     |        | icmp_ln83_1        | seteq  | auto      | 0       |
|    grp_fu_807_p2                  |     |        | icmp_ln83_2        | seteq  | auto      | 0       |
|    select_ln83_fu_3128_p3         |     |        | select_ln83        | select | auto_sel  | 0       |
|    xor_ln83_1_fu_3136_p2          |     |        | xor_ln83_1         | xor    | auto      | 0       |
|    and_ln83_1_fu_3142_p2          |     |        | and_ln83_1         | and    | auto      | 0       |
|    select_ln83_1_fu_3148_p3       |     |        | select_ln83_1      | select | auto_sel  | 0       |
|    and_ln83_2_fu_3156_p2          |     |        | and_ln83_2         | and    | auto      | 0       |
|    xor_ln83_2_fu_3162_p2          |     |        | xor_ln83_2         | xor    | auto      | 0       |
|    or_ln83_fu_3168_p2             |     |        | or_ln83            | or     | auto      | 0       |
|    xor_ln83_3_fu_3174_p2          |     |        | xor_ln83_3         | xor    | auto      | 0       |
|    and_ln83_3_fu_3180_p2          |     |        | and_ln83_3         | and    | auto      | 0       |
|    and_ln83_4_fu_3186_p2          |     |        | and_ln83_4         | and    | auto      | 0       |
|    or_ln83_2_fu_3192_p2           |     |        | or_ln83_2          | or     | auto      | 0       |
|    xor_ln83_4_fu_3198_p2          |     |        | xor_ln83_4         | xor    | auto      | 0       |
|    and_ln83_5_fu_3204_p2          |     |        | and_ln83_5         | and    | auto      | 0       |
|    or_ln83_1_fu_3210_p2           |     |        | or_ln83_1          | or     | auto      | 0       |
|    mul_32s_32s_64_1_1_U8          | 4   |        | mul_ln84           | mul    | auto      | 0       |
|    select_ln83_2_fu_4797_p3       |     |        | select_ln83_2      | select | auto_sel  | 0       |
|    select_ln83_3_fu_4804_p3       |     |        | select_ln83_3      | select | auto_sel  | 0       |
|    add_ln84_fu_4822_p2            |     |        | add_ln84           | add    | fabric    | 0       |
|    v2_y_1_fu_4858_p2              |     |        | v2_y_1             | add    | fabric    | 0       |
|    xor_ln84_fu_4872_p2            |     |        | xor_ln84           | xor    | auto      | 0       |
|    and_ln84_fu_4878_p2            |     |        | and_ln84           | and    | auto      | 0       |
|    icmp_ln84_fu_4902_p2           |     |        | icmp_ln84          | seteq  | auto      | 0       |
|    icmp_ln84_1_fu_4918_p2         |     |        | icmp_ln84_1        | seteq  | auto      | 0       |
|    icmp_ln84_2_fu_4924_p2         |     |        | icmp_ln84_2        | seteq  | auto      | 0       |
|    select_ln84_fu_4930_p3         |     |        | select_ln84        | select | auto_sel  | 0       |
|    xor_ln84_1_fu_4938_p2          |     |        | xor_ln84_1         | xor    | auto      | 0       |
|    and_ln84_1_fu_4944_p2          |     |        | and_ln84_1         | and    | auto      | 0       |
|    select_ln84_1_fu_4950_p3       |     |        | select_ln84_1      | select | auto_sel  | 0       |
|    and_ln84_2_fu_6756_p2          |     |        | and_ln84_2         | and    | auto      | 0       |
|    xor_ln84_2_fu_4958_p2          |     |        | xor_ln84_2         | xor    | auto      | 0       |
|    or_ln84_fu_4964_p2             |     |        | or_ln84            | or     | auto      | 0       |
|    xor_ln84_3_fu_4970_p2          |     |        | xor_ln84_3         | xor    | auto      | 0       |
|    and_ln84_3_fu_4976_p2          |     |        | and_ln84_3         | and    | auto      | 0       |
|    and_ln84_4_fu_4982_p2          |     |        | and_ln84_4         | and    | auto      | 0       |
|    or_ln84_2_fu_6760_p2           |     |        | or_ln84_2          | or     | auto      | 0       |
|    xor_ln84_4_fu_6765_p2          |     |        | xor_ln84_4         | xor    | auto      | 0       |
|    and_ln84_5_fu_6771_p2          |     |        | and_ln84_5         | and    | auto      | 0       |
|    or_ln84_1_fu_6776_p2           |     |        | or_ln84_1          | or     | auto      | 0       |
|    mul_32s_32s_64_1_1_U8          | 4   |        | mul_ln85           | mul    | auto      | 0       |
|    select_ln84_2_fu_6781_p3       |     |        | select_ln84_2      | select | auto_sel  | 0       |
|    select_ln84_3_fu_6788_p3       |     |        | select_ln84_3      | select | auto_sel  | 0       |
|    add_ln85_fu_6807_p2            |     |        | add_ln85           | add    | fabric    | 0       |
|    v2_y_3_fu_6843_p2              |     |        | v2_y_3             | add    | fabric    | 0       |
|    xor_ln85_fu_6857_p2            |     |        | xor_ln85           | xor    | auto      | 0       |
|    and_ln85_fu_6863_p2            |     |        | and_ln85           | and    | auto      | 0       |
|    icmp_ln85_fu_6887_p2           |     |        | icmp_ln85          | seteq  | auto      | 0       |
|    icmp_ln85_1_fu_6903_p2         |     |        | icmp_ln85_1        | seteq  | auto      | 0       |
|    icmp_ln85_2_fu_6909_p2         |     |        | icmp_ln85_2        | seteq  | auto      | 0       |
|    select_ln85_fu_6915_p3         |     |        | select_ln85        | select | auto_sel  | 0       |
|    xor_ln85_1_fu_6923_p2          |     |        | xor_ln85_1         | xor    | auto      | 0       |
|    and_ln85_1_fu_6929_p2          |     |        | and_ln85_1         | and    | auto      | 0       |
|    select_ln85_1_fu_6935_p3       |     |        | select_ln85_1      | select | auto_sel  | 0       |
|    and_ln85_2_fu_9021_p2          |     |        | and_ln85_2         | and    | auto      | 0       |
|    xor_ln85_2_fu_6943_p2          |     |        | xor_ln85_2         | xor    | auto      | 0       |
|    or_ln85_fu_6949_p2             |     |        | or_ln85            | or     | auto      | 0       |
|    xor_ln85_3_fu_6955_p2          |     |        | xor_ln85_3         | xor    | auto      | 0       |
|    and_ln85_3_fu_6961_p2          |     |        | and_ln85_3         | and    | auto      | 0       |
|    and_ln85_4_fu_6967_p2          |     |        | and_ln85_4         | and    | auto      | 0       |
|    or_ln85_2_fu_9025_p2           |     |        | or_ln85_2          | or     | auto      | 0       |
|    xor_ln85_4_fu_9030_p2          |     |        | xor_ln85_4         | xor    | auto      | 0       |
|    and_ln85_5_fu_9036_p2          |     |        | and_ln85_5         | and    | auto      | 0       |
|    or_ln85_1_fu_9041_p2           |     |        | or_ln85_1          | or     | auto      | 0       |
|    mul_32s_32s_64_1_1_U10         | 4   |        | mul_ln86           | mul    | auto      | 0       |
|    select_ln85_2_fu_9046_p3       |     |        | select_ln85_2      | select | auto_sel  | 0       |
|    select_ln85_3_fu_9053_p3       |     |        | select_ln85_3      | select | auto_sel  | 0       |
|    add_ln86_fu_9072_p2            |     |        | add_ln86           | add    | fabric    | 0       |
|    v2_y_5_fu_9116_p2              |     |        | v2_y_5             | add    | fabric    | 0       |
|    xor_ln86_fu_9130_p2            |     |        | xor_ln86           | xor    | auto      | 0       |
|    and_ln86_fu_9136_p2            |     |        | and_ln86           | and    | auto      | 0       |
|    icmp_ln86_fu_9160_p2           |     |        | icmp_ln86          | seteq  | auto      | 0       |
|    icmp_ln86_1_fu_9176_p2         |     |        | icmp_ln86_1        | seteq  | auto      | 0       |
|    icmp_ln86_2_fu_9182_p2         |     |        | icmp_ln86_2        | seteq  | auto      | 0       |
|    select_ln86_fu_9188_p3         |     |        | select_ln86        | select | auto_sel  | 0       |
|    xor_ln86_1_fu_9196_p2          |     |        | xor_ln86_1         | xor    | auto      | 0       |
|    and_ln86_1_fu_9202_p2          |     |        | and_ln86_1         | and    | auto      | 0       |
|    select_ln86_1_fu_9208_p3       |     |        | select_ln86_1      | select | auto_sel  | 0       |
|    and_ln86_2_fu_10334_p2         |     |        | and_ln86_2         | and    | auto      | 0       |
|    xor_ln86_2_fu_9216_p2          |     |        | xor_ln86_2         | xor    | auto      | 0       |
|    or_ln86_fu_9222_p2             |     |        | or_ln86            | or     | auto      | 0       |
|    xor_ln86_3_fu_9228_p2          |     |        | xor_ln86_3         | xor    | auto      | 0       |
|    and_ln86_3_fu_9234_p2          |     |        | and_ln86_3         | and    | auto      | 0       |
|    and_ln86_4_fu_9240_p2          |     |        | and_ln86_4         | and    | auto      | 0       |
|    or_ln86_2_fu_10338_p2          |     |        | or_ln86_2          | or     | auto      | 0       |
|    xor_ln86_4_fu_10343_p2         |     |        | xor_ln86_4         | xor    | auto      | 0       |
|    and_ln86_5_fu_10349_p2         |     |        | and_ln86_5         | and    | auto      | 0       |
|    select_ln86_2_fu_10354_p3      |     |        | select_ln86_2      | select | auto_sel  | 0       |
|    or_ln86_1_fu_10361_p2          |     |        | or_ln86_1          | or     | auto      | 0       |
|    v2_y_6_fu_10366_p3             |     |        | v2_y_6             | select | auto_sel  | 0       |
|    mul_32s_32s_64_1_1_U9          | 4   |        | mul_ln90           | mul    | auto      | 0       |
|    add_ln90_fu_3246_p2            |     |        | add_ln90           | add    | fabric    | 0       |
|    xor_ln90_fu_3260_p2            |     |        | xor_ln90           | xor    | auto      | 0       |
|    and_ln90_fu_3266_p2            |     |        | and_ln90           | and    | auto      | 0       |
|    icmp_ln90_fu_3288_p2           |     |        | icmp_ln90          | seteq  | auto      | 0       |
|    icmp_ln90_1_fu_3302_p2         |     |        | icmp_ln90_1        | seteq  | auto      | 0       |
|    icmp_ln90_2_fu_3308_p2         |     |        | icmp_ln90_2        | seteq  | auto      | 0       |
|    select_ln90_fu_3314_p3         |     |        | select_ln90        | select | auto_sel  | 0       |
|    xor_ln90_1_fu_3322_p2          |     |        | xor_ln90_1         | xor    | auto      | 0       |
|    and_ln90_1_fu_3328_p2          |     |        | and_ln90_1         | and    | auto      | 0       |
|    select_ln90_1_fu_3334_p3       |     |        | select_ln90_1      | select | auto_sel  | 0       |
|    and_ln90_2_fu_3342_p2          |     |        | and_ln90_2         | and    | auto      | 0       |
|    xor_ln90_2_fu_3348_p2          |     |        | xor_ln90_2         | xor    | auto      | 0       |
|    or_ln90_fu_3354_p2             |     |        | or_ln90            | or     | auto      | 0       |
|    xor_ln90_3_fu_3360_p2          |     |        | xor_ln90_3         | xor    | auto      | 0       |
|    and_ln90_3_fu_3366_p2          |     |        | and_ln90_3         | and    | auto      | 0       |
|    and_ln90_4_fu_3372_p2          |     |        | and_ln90_4         | and    | auto      | 0       |
|    or_ln90_2_fu_3378_p2           |     |        | or_ln90_2          | or     | auto      | 0       |
|    xor_ln90_4_fu_3384_p2          |     |        | xor_ln90_4         | xor    | auto      | 0       |
|    and_ln90_5_fu_3390_p2          |     |        | and_ln90_5         | and    | auto      | 0       |
|    or_ln90_1_fu_3396_p2           |     |        | or_ln90_1          | or     | auto      | 0       |
|    mul_32s_32s_64_1_1_U9          | 4   |        | mul_ln91           | mul    | auto      | 0       |
|    select_ln90_2_fu_4988_p3       |     |        | select_ln90_2      | select | auto_sel  | 0       |
|    select_ln90_3_fu_4995_p3       |     |        | select_ln90_3      | select | auto_sel  | 0       |
|    add_ln91_fu_5013_p2            |     |        | add_ln91           | add    | fabric    | 0       |
|    v2_z_1_fu_5049_p2              |     |        | v2_z_1             | add    | fabric    | 0       |
|    xor_ln91_fu_5063_p2            |     |        | xor_ln91           | xor    | auto      | 0       |
|    and_ln91_fu_5069_p2            |     |        | and_ln91           | and    | auto      | 0       |
|    icmp_ln91_fu_5093_p2           |     |        | icmp_ln91          | seteq  | auto      | 0       |
|    icmp_ln91_1_fu_5109_p2         |     |        | icmp_ln91_1        | seteq  | auto      | 0       |
|    icmp_ln91_2_fu_5115_p2         |     |        | icmp_ln91_2        | seteq  | auto      | 0       |
|    select_ln91_fu_5121_p3         |     |        | select_ln91        | select | auto_sel  | 0       |
|    xor_ln91_1_fu_5129_p2          |     |        | xor_ln91_1         | xor    | auto      | 0       |
|    and_ln91_1_fu_5135_p2          |     |        | and_ln91_1         | and    | auto      | 0       |
|    select_ln91_1_fu_5141_p3       |     |        | select_ln91_1      | select | auto_sel  | 0       |
|    and_ln91_2_fu_6973_p2          |     |        | and_ln91_2         | and    | auto      | 0       |
|    xor_ln91_2_fu_5149_p2          |     |        | xor_ln91_2         | xor    | auto      | 0       |
|    or_ln91_fu_5155_p2             |     |        | or_ln91            | or     | auto      | 0       |
|    xor_ln91_3_fu_5161_p2          |     |        | xor_ln91_3         | xor    | auto      | 0       |
|    and_ln91_3_fu_5167_p2          |     |        | and_ln91_3         | and    | auto      | 0       |
|    and_ln91_4_fu_5173_p2          |     |        | and_ln91_4         | and    | auto      | 0       |
|    or_ln91_2_fu_6977_p2           |     |        | or_ln91_2          | or     | auto      | 0       |
|    xor_ln91_4_fu_6982_p2          |     |        | xor_ln91_4         | xor    | auto      | 0       |
|    and_ln91_5_fu_6988_p2          |     |        | and_ln91_5         | and    | auto      | 0       |
|    or_ln91_1_fu_6993_p2           |     |        | or_ln91_1          | or     | auto      | 0       |
|    mul_32s_32s_64_1_1_U9          | 4   |        | mul_ln92           | mul    | auto      | 0       |
|    select_ln91_2_fu_6998_p3       |     |        | select_ln91_2      | select | auto_sel  | 0       |
|    select_ln91_3_fu_7005_p3       |     |        | select_ln91_3      | select | auto_sel  | 0       |
|    add_ln92_fu_7024_p2            |     |        | add_ln92           | add    | fabric    | 0       |
|    v2_z_3_fu_7060_p2              |     |        | v2_z_3             | add    | fabric    | 0       |
|    xor_ln92_fu_7074_p2            |     |        | xor_ln92           | xor    | auto      | 0       |
|    and_ln92_fu_7080_p2            |     |        | and_ln92           | and    | auto      | 0       |
|    icmp_ln92_fu_7104_p2           |     |        | icmp_ln92          | seteq  | auto      | 0       |
|    icmp_ln92_1_fu_7120_p2         |     |        | icmp_ln92_1        | seteq  | auto      | 0       |
|    icmp_ln92_2_fu_7126_p2         |     |        | icmp_ln92_2        | seteq  | auto      | 0       |
|    select_ln92_fu_7132_p3         |     |        | select_ln92        | select | auto_sel  | 0       |
|    xor_ln92_1_fu_7140_p2          |     |        | xor_ln92_1         | xor    | auto      | 0       |
|    and_ln92_1_fu_7146_p2          |     |        | and_ln92_1         | and    | auto      | 0       |
|    select_ln92_1_fu_7152_p3       |     |        | select_ln92_1      | select | auto_sel  | 0       |
|    and_ln92_2_fu_9246_p2          |     |        | and_ln92_2         | and    | auto      | 0       |
|    xor_ln92_2_fu_7160_p2          |     |        | xor_ln92_2         | xor    | auto      | 0       |
|    or_ln92_fu_7166_p2             |     |        | or_ln92            | or     | auto      | 0       |
|    xor_ln92_3_fu_7172_p2          |     |        | xor_ln92_3         | xor    | auto      | 0       |
|    and_ln92_3_fu_7178_p2          |     |        | and_ln92_3         | and    | auto      | 0       |
|    and_ln92_4_fu_7184_p2          |     |        | and_ln92_4         | and    | auto      | 0       |
|    or_ln92_2_fu_9250_p2           |     |        | or_ln92_2          | or     | auto      | 0       |
|    xor_ln92_4_fu_9255_p2          |     |        | xor_ln92_4         | xor    | auto      | 0       |
|    and_ln92_5_fu_9261_p2          |     |        | and_ln92_5         | and    | auto      | 0       |
|    or_ln92_1_fu_9266_p2           |     |        | or_ln92_1          | or     | auto      | 0       |
|    mul_32s_32s_64_1_1_U11         | 4   |        | mul_ln93           | mul    | auto      | 0       |
|    select_ln92_2_fu_9271_p3       |     |        | select_ln92_2      | select | auto_sel  | 0       |
|    select_ln92_3_fu_9278_p3       |     |        | select_ln92_3      | select | auto_sel  | 0       |
|    add_ln93_fu_9297_p2            |     |        | add_ln93           | add    | fabric    | 0       |
|    v2_z_5_fu_9341_p2              |     |        | v2_z_5             | add    | fabric    | 0       |
|    xor_ln93_fu_9355_p2            |     |        | xor_ln93           | xor    | auto      | 0       |
|    and_ln93_fu_9361_p2            |     |        | and_ln93           | and    | auto      | 0       |
|    icmp_ln93_fu_9385_p2           |     |        | icmp_ln93          | seteq  | auto      | 0       |
|    icmp_ln93_1_fu_9401_p2         |     |        | icmp_ln93_1        | seteq  | auto      | 0       |
|    icmp_ln93_2_fu_9407_p2         |     |        | icmp_ln93_2        | seteq  | auto      | 0       |
|    select_ln93_fu_9413_p3         |     |        | select_ln93        | select | auto_sel  | 0       |
|    xor_ln93_1_fu_9421_p2          |     |        | xor_ln93_1         | xor    | auto      | 0       |
|    and_ln93_1_fu_9427_p2          |     |        | and_ln93_1         | and    | auto      | 0       |
|    select_ln93_1_fu_9433_p3       |     |        | select_ln93_1      | select | auto_sel  | 0       |
|    and_ln93_2_fu_10374_p2         |     |        | and_ln93_2         | and    | auto      | 0       |
|    xor_ln93_2_fu_9441_p2          |     |        | xor_ln93_2         | xor    | auto      | 0       |
|    or_ln93_fu_9447_p2             |     |        | or_ln93            | or     | auto      | 0       |
|    xor_ln93_3_fu_9453_p2          |     |        | xor_ln93_3         | xor    | auto      | 0       |
|    and_ln93_3_fu_9459_p2          |     |        | and_ln93_3         | and    | auto      | 0       |
|    and_ln93_4_fu_9465_p2          |     |        | and_ln93_4         | and    | auto      | 0       |
|    or_ln93_2_fu_10378_p2          |     |        | or_ln93_2          | or     | auto      | 0       |
|    xor_ln93_4_fu_10383_p2         |     |        | xor_ln93_4         | xor    | auto      | 0       |
|    and_ln93_5_fu_10389_p2         |     |        | and_ln93_5         | and    | auto      | 0       |
|    select_ln93_2_fu_10394_p3      |     |        | select_ln93_2      | select | auto_sel  | 0       |
|    or_ln93_1_fu_10401_p2          |     |        | or_ln93_1          | or     | auto      | 0       |
|    v2_z_6_fu_10406_p3             |     |        | v2_z_6             | select | auto_sel  | 0       |
|    mul_32s_32s_64_1_1_U12         | 4   |        | mul_ln97           | mul    | auto      | 0       |
|    add_ln97_fu_9509_p2            |     |        | add_ln97           | add    | fabric    | 0       |
|    xor_ln97_fu_9523_p2            |     |        | xor_ln97           | xor    | auto      | 0       |
|    and_ln97_fu_9529_p2            |     |        | and_ln97           | and    | auto      | 0       |
|    icmp_ln97_fu_9551_p2           |     |        | icmp_ln97          | seteq  | auto      | 0       |
|    icmp_ln97_1_fu_9565_p2         |     |        | icmp_ln97_1        | seteq  | auto      | 0       |
|    icmp_ln97_2_fu_9571_p2         |     |        | icmp_ln97_2        | seteq  | auto      | 0       |
|    select_ln97_fu_9577_p3         |     |        | select_ln97        | select | auto_sel  | 0       |
|    xor_ln97_1_fu_9585_p2          |     |        | xor_ln97_1         | xor    | auto      | 0       |
|    and_ln97_1_fu_9591_p2          |     |        | and_ln97_1         | and    | auto      | 0       |
|    select_ln97_1_fu_9597_p3       |     |        | select_ln97_1      | select | auto_sel  | 0       |
|    and_ln97_2_fu_9605_p2          |     |        | and_ln97_2         | and    | auto      | 0       |
|    xor_ln97_2_fu_9611_p2          |     |        | xor_ln97_2         | xor    | auto      | 0       |
|    or_ln97_fu_9617_p2             |     |        | or_ln97            | or     | auto      | 0       |
|    xor_ln97_3_fu_9623_p2          |     |        | xor_ln97_3         | xor    | auto      | 0       |
|    and_ln97_3_fu_9629_p2          |     |        | and_ln97_3         | and    | auto      | 0       |
|    and_ln97_4_fu_9635_p2          |     |        | and_ln97_4         | and    | auto      | 0       |
|    or_ln97_2_fu_9641_p2           |     |        | or_ln97_2          | or     | auto      | 0       |
|    xor_ln97_4_fu_9647_p2          |     |        | xor_ln97_4         | xor    | auto      | 0       |
|    and_ln97_5_fu_9653_p2          |     |        | and_ln97_5         | and    | auto      | 0       |
|    or_ln97_1_fu_9659_p2           |     |        | or_ln97_1          | or     | auto      | 0       |
|    mul_32s_32s_64_1_1_U3          | 4   |        | mul_ln98           | mul    | auto      | 0       |
|    select_ln97_2_fu_10414_p3      |     |        | select_ln97_2      | select | auto_sel  | 0       |
|    select_ln97_3_fu_10421_p3      |     |        | select_ln97_3      | select | auto_sel  | 0       |
|    add_ln98_fu_10439_p2           |     |        | add_ln98           | add    | fabric    | 0       |
|    v2_w_1_fu_10475_p2             |     |        | v2_w_1             | add    | fabric    | 0       |
|    xor_ln98_fu_10489_p2           |     |        | xor_ln98           | xor    | auto      | 0       |
|    and_ln98_fu_10495_p2           |     |        | and_ln98           | and    | auto      | 0       |
|    icmp_ln98_fu_10519_p2          |     |        | icmp_ln98          | seteq  | auto      | 0       |
|    icmp_ln98_1_fu_10535_p2        |     |        | icmp_ln98_1        | seteq  | auto      | 0       |
|    icmp_ln98_2_fu_10541_p2        |     |        | icmp_ln98_2        | seteq  | auto      | 0       |
|    select_ln98_fu_10547_p3        |     |        | select_ln98        | select | auto_sel  | 0       |
|    xor_ln98_1_fu_10555_p2         |     |        | xor_ln98_1         | xor    | auto      | 0       |
|    and_ln98_1_fu_10561_p2         |     |        | and_ln98_1         | and    | auto      | 0       |
|    select_ln98_1_fu_10567_p3      |     |        | select_ln98_1      | select | auto_sel  | 0       |
|    and_ln98_2_fu_11046_p2         |     |        | and_ln98_2         | and    | auto      | 0       |
|    xor_ln98_2_fu_10575_p2         |     |        | xor_ln98_2         | xor    | auto      | 0       |
|    or_ln98_fu_10581_p2            |     |        | or_ln98            | or     | auto      | 0       |
|    xor_ln98_3_fu_10587_p2         |     |        | xor_ln98_3         | xor    | auto      | 0       |
|    and_ln98_3_fu_10593_p2         |     |        | and_ln98_3         | and    | auto      | 0       |
|    and_ln98_4_fu_10599_p2         |     |        | and_ln98_4         | and    | auto      | 0       |
|    or_ln98_2_fu_11050_p2          |     |        | or_ln98_2          | or     | auto      | 0       |
|    xor_ln98_4_fu_11055_p2         |     |        | xor_ln98_4         | xor    | auto      | 0       |
|    and_ln98_5_fu_11061_p2         |     |        | and_ln98_5         | and    | auto      | 0       |
|    or_ln98_1_fu_11066_p2          |     |        | or_ln98_1          | or     | auto      | 0       |
|    mul_32s_32s_64_1_1_U3          | 4   |        | mul_ln99           | mul    | auto      | 0       |
|    select_ln98_2_fu_11071_p3      |     |        | select_ln98_2      | select | auto_sel  | 0       |
|    select_ln98_3_fu_11078_p3      |     |        | select_ln98_3      | select | auto_sel  | 0       |
|    add_ln99_fu_11097_p2           |     |        | add_ln99           | add    | fabric    | 0       |
|    v2_w_3_fu_11133_p2             |     |        | v2_w_3             | add    | fabric    | 0       |
|    xor_ln99_fu_11147_p2           |     |        | xor_ln99           | xor    | auto      | 0       |
|    and_ln99_fu_11153_p2           |     |        | and_ln99           | and    | auto      | 0       |
|    icmp_ln99_fu_11177_p2          |     |        | icmp_ln99          | seteq  | auto      | 0       |
|    icmp_ln99_1_fu_11193_p2        |     |        | icmp_ln99_1        | seteq  | auto      | 0       |
|    icmp_ln99_2_fu_11199_p2        |     |        | icmp_ln99_2        | seteq  | auto      | 0       |
|    select_ln99_fu_11205_p3        |     |        | select_ln99        | select | auto_sel  | 0       |
|    xor_ln99_1_fu_11213_p2         |     |        | xor_ln99_1         | xor    | auto      | 0       |
|    and_ln99_1_fu_11219_p2         |     |        | and_ln99_1         | and    | auto      | 0       |
|    select_ln99_1_fu_11225_p3      |     |        | select_ln99_1      | select | auto_sel  | 0       |
|    and_ln99_2_fu_11704_p2         |     |        | and_ln99_2         | and    | auto      | 0       |
|    xor_ln99_2_fu_11233_p2         |     |        | xor_ln99_2         | xor    | auto      | 0       |
|    or_ln99_fu_11239_p2            |     |        | or_ln99            | or     | auto      | 0       |
|    xor_ln99_3_fu_11245_p2         |     |        | xor_ln99_3         | xor    | auto      | 0       |
|    and_ln99_3_fu_11251_p2         |     |        | and_ln99_3         | and    | auto      | 0       |
|    and_ln99_4_fu_11257_p2         |     |        | and_ln99_4         | and    | auto      | 0       |
|    or_ln99_2_fu_11708_p2          |     |        | or_ln99_2          | or     | auto      | 0       |
|    xor_ln99_4_fu_11713_p2         |     |        | xor_ln99_4         | xor    | auto      | 0       |
|    and_ln99_5_fu_11719_p2         |     |        | and_ln99_5         | and    | auto      | 0       |
|    or_ln99_1_fu_11724_p2          |     |        | or_ln99_1          | or     | auto      | 0       |
|    mul_32s_32s_64_1_1_U3          | 4   |        | mul_ln100          | mul    | auto      | 0       |
|    select_ln99_2_fu_11729_p3      |     |        | select_ln99_2      | select | auto_sel  | 0       |
|    select_ln99_3_fu_11736_p3      |     |        | select_ln99_3      | select | auto_sel  | 0       |
|    add_ln100_fu_11755_p2          |     |        | add_ln100          | add    | fabric    | 0       |
|    v2_w_5_fu_11791_p2             |     |        | v2_w_5             | add    | fabric    | 0       |
|    xor_ln100_fu_11805_p2          |     |        | xor_ln100          | xor    | auto      | 0       |
|    and_ln100_fu_11811_p2          |     |        | and_ln100          | and    | auto      | 0       |
|    icmp_ln100_fu_11835_p2         |     |        | icmp_ln100         | seteq  | auto      | 0       |
|    icmp_ln100_1_fu_11851_p2       |     |        | icmp_ln100_1       | seteq  | auto      | 0       |
|    icmp_ln100_2_fu_11857_p2       |     |        | icmp_ln100_2       | seteq  | auto      | 0       |
|    select_ln100_fu_11863_p3       |     |        | select_ln100       | select | auto_sel  | 0       |
|    xor_ln100_1_fu_11871_p2        |     |        | xor_ln100_1        | xor    | auto      | 0       |
|    and_ln100_1_fu_11877_p2        |     |        | and_ln100_1        | and    | auto      | 0       |
|    select_ln100_1_fu_11883_p3     |     |        | select_ln100_1     | select | auto_sel  | 0       |
|    and_ln100_2_fu_12001_p2        |     |        | and_ln100_2        | and    | auto      | 0       |
|    xor_ln100_2_fu_11891_p2        |     |        | xor_ln100_2        | xor    | auto      | 0       |
|    or_ln100_fu_11897_p2           |     |        | or_ln100           | or     | auto      | 0       |
|    xor_ln100_3_fu_11903_p2        |     |        | xor_ln100_3        | xor    | auto      | 0       |
|    and_ln100_3_fu_11909_p2        |     |        | and_ln100_3        | and    | auto      | 0       |
|    and_ln100_4_fu_11915_p2        |     |        | and_ln100_4        | and    | auto      | 0       |
|    or_ln100_2_fu_12005_p2         |     |        | or_ln100_2         | or     | auto      | 0       |
|    xor_ln100_4_fu_12010_p2        |     |        | xor_ln100_4        | xor    | auto      | 0       |
|    and_ln100_5_fu_12016_p2        |     |        | and_ln100_5        | and    | auto      | 0       |
|    select_ln100_2_fu_12021_p3     |     |        | select_ln100_2     | select | auto_sel  | 0       |
|    or_ln100_1_fu_12028_p2         |     |        | or_ln100_1         | or     | auto      | 0       |
|    v2_w_6_fu_12033_p3             |     |        | v2_w_6             | select | auto_sel  | 0       |
|  + k2_perspective_divide          | 12  |        |                    |        |           |         |
|    icmp_ln116_fu_965_p2           |     |        | icmp_ln116         | seteq  | auto      | 0       |
|    add_ln116_fu_971_p2            |     |        | add_ln116          | add    | fabric    | 0       |
|    icmp_ln124_fu_1003_p2          |     |        | icmp_ln124         | seteq  | auto      | 0       |
|    sdiv_34ns_32s_34_38_seq_1_U43  |     |        | sdiv_ln124         | sdiv   | auto_seq  | 37      |
|    icmp_ln124_1_fu_1049_p2        |     |        | icmp_ln124_1       | setne  | auto      | 0       |
|    icmp_ln124_2_fu_1055_p2        |     |        | icmp_ln124_2       | setne  | auto      | 0       |
|    or_ln124_fu_1061_p2            |     |        | or_ln124           | or     | auto      | 0       |
|    xor_ln124_fu_1067_p2           |     |        | xor_ln124          | xor    | auto      | 0       |
|    and_ln124_fu_1073_p2           |     |        | and_ln124          | and    | auto      | 0       |
|    xor_ln124_1_fu_1079_p2         |     |        | xor_ln124_1        | xor    | auto      | 0       |
|    or_ln124_1_fu_1085_p2          |     |        | or_ln124_1         | or     | auto      | 0       |
|    and_ln124_1_fu_1091_p2         |     |        | and_ln124_1        | and    | auto      | 0       |
|    or_ln124_2_fu_1097_p2          |     |        | or_ln124_2         | or     | auto      | 0       |
|    select_ln124_fu_1103_p3        |     |        | select_ln124       | select | auto_sel  | 0       |
|    mul_32s_32s_64_1_1_U40         | 4   |        | mul_ln127          | mul    | auto      | 0       |
|    add_ln127_fu_1134_p2           |     |        | add_ln127          | add    | fabric    | 0       |
|    xor_ln127_fu_1148_p2           |     |        | xor_ln127          | xor    | auto      | 0       |
|    and_ln127_fu_1154_p2           |     |        | and_ln127          | and    | auto      | 0       |
|    grp_fu_811_p2                  |     |        | icmp_ln127         | seteq  | auto      | 0       |
|    grp_fu_825_p2                  |     |        | icmp_ln127_1       | seteq  | auto      | 0       |
|    grp_fu_831_p2                  |     |        | icmp_ln127_2       | seteq  | auto      | 0       |
|    select_ln127_fu_1168_p3        |     |        | select_ln127       | select | auto_sel  | 0       |
|    xor_ln127_1_fu_1176_p2         |     |        | xor_ln127_1        | xor    | auto      | 0       |
|    and_ln127_1_fu_1182_p2         |     |        | and_ln127_1        | and    | auto      | 0       |
|    select_ln127_1_fu_1188_p3      |     |        | select_ln127_1     | select | auto_sel  | 0       |
|    and_ln127_2_fu_1196_p2         |     |        | and_ln127_2        | and    | auto      | 0       |
|    xor_ln127_2_fu_1202_p2         |     |        | xor_ln127_2        | xor    | auto      | 0       |
|    or_ln127_fu_1208_p2            |     |        | or_ln127           | or     | auto      | 0       |
|    xor_ln127_3_fu_1214_p2         |     |        | xor_ln127_3        | xor    | auto      | 0       |
|    and_ln127_3_fu_1220_p2         |     |        | and_ln127_3        | and    | auto      | 0       |
|    and_ln127_4_fu_1226_p2         |     |        | and_ln127_4        | and    | auto      | 0       |
|    or_ln127_2_fu_1232_p2          |     |        | or_ln127_2         | or     | auto      | 0       |
|    xor_ln127_4_fu_1238_p2         |     |        | xor_ln127_4        | xor    | auto      | 0       |
|    and_ln127_5_fu_1244_p2         |     |        | and_ln127_5        | and    | auto      | 0       |
|    select_ln127_2_fu_1548_p3      |     |        | select_ln127_2     | select | auto_sel  | 0       |
|    or_ln127_1_fu_1250_p2          |     |        | or_ln127_1         | or     | auto      | 0       |
|    v0_ndc_x_fu_1555_p3            |     |        | v0_ndc_x           | select | auto_sel  | 0       |
|    mul_32s_32s_64_1_1_U41         | 4   |        | mul_ln130          | mul    | auto      | 0       |
|    add_ln130_fu_1272_p2           |     |        | add_ln130          | add    | fabric    | 0       |
|    xor_ln130_fu_1286_p2           |     |        | xor_ln130          | xor    | auto      | 0       |
|    and_ln130_fu_1292_p2           |     |        | and_ln130          | and    | auto      | 0       |
|    grp_fu_871_p2                  |     |        | icmp_ln130         | seteq  | auto      | 0       |
|    grp_fu_885_p2                  |     |        | icmp_ln130_1       | seteq  | auto      | 0       |
|    grp_fu_891_p2                  |     |        | icmp_ln130_2       | seteq  | auto      | 0       |
|    select_ln130_fu_1306_p3        |     |        | select_ln130       | select | auto_sel  | 0       |
|    xor_ln130_1_fu_1314_p2         |     |        | xor_ln130_1        | xor    | auto      | 0       |
|    and_ln130_1_fu_1320_p2         |     |        | and_ln130_1        | and    | auto      | 0       |
|    select_ln130_1_fu_1326_p3      |     |        | select_ln130_1     | select | auto_sel  | 0       |
|    and_ln130_2_fu_1334_p2         |     |        | and_ln130_2        | and    | auto      | 0       |
|    xor_ln130_2_fu_1340_p2         |     |        | xor_ln130_2        | xor    | auto      | 0       |
|    or_ln130_fu_1346_p2            |     |        | or_ln130           | or     | auto      | 0       |
|    xor_ln130_3_fu_1352_p2         |     |        | xor_ln130_3        | xor    | auto      | 0       |
|    and_ln130_3_fu_1358_p2         |     |        | and_ln130_3        | and    | auto      | 0       |
|    and_ln130_4_fu_1364_p2         |     |        | and_ln130_4        | and    | auto      | 0       |
|    or_ln130_2_fu_1370_p2          |     |        | or_ln130_2         | or     | auto      | 0       |
|    xor_ln130_4_fu_1376_p2         |     |        | xor_ln130_4        | xor    | auto      | 0       |
|    and_ln130_5_fu_1382_p2         |     |        | and_ln130_5        | and    | auto      | 0       |
|    select_ln130_2_fu_1561_p3      |     |        | select_ln130_2     | select | auto_sel  | 0       |
|    or_ln130_1_fu_1388_p2          |     |        | or_ln130_1         | or     | auto      | 0       |
|    v0_ndc_y_fu_1568_p3            |     |        | v0_ndc_y           | select | auto_sel  | 0       |
|    add_ln133_fu_1578_p2           |     |        | add_ln133          | add    | fabric    | 0       |
|    xor_ln133_fu_1604_p2           |     |        | xor_ln133          | xor    | auto      | 0       |
|    and_ln133_fu_1610_p2           |     |        | and_ln133          | and    | auto      | 0       |
|    xor_ln133_1_fu_1616_p2         |     |        | xor_ln133_1        | xor    | auto      | 0       |
|    select_ln133_fu_1622_p3        |     |        | select_ln133       | select | auto_sel  | 0       |
|    v0_scr_x_fu_1630_p3            |     |        | v0_scr_x           | select | auto_sel  | 0       |
|    icmp_ln134_fu_1670_p2          |     |        | icmp_ln134         | seteq  | auto      | 0       |
|    icmp_ln134_1_fu_1676_p2        |     |        | icmp_ln134_1       | setne  | auto      | 0       |
|    or_ln134_fu_1682_p2            |     |        | or_ln134           | or     | auto      | 0       |
|    xor_ln134_fu_1688_p2           |     |        | xor_ln134          | xor    | auto      | 0       |
|    and_ln134_fu_1694_p2           |     |        | and_ln134          | and    | auto      | 0       |
|    and_ln134_1_fu_1700_p2         |     |        | and_ln134_1        | and    | auto      | 0       |
|    xor_ln134_1_fu_1706_p2         |     |        | xor_ln134_1        | xor    | auto      | 0       |
|    and_ln134_2_fu_1712_p2         |     |        | and_ln134_2        | and    | auto      | 0       |
|    select_ln134_fu_1718_p3        |     |        | select_ln134       | select | auto_sel  | 0       |
|    or_ln134_1_fu_1726_p2          |     |        | or_ln134_1         | or     | auto      | 0       |
|    v0_scr_x_1_fu_1732_p3          |     |        | v0_scr_x_1         | select | auto_sel  | 0       |
|    sub_ln138_fu_1745_p2           |     |        | sub_ln138          | sub    | fabric    | 0       |
|    xor_ln138_fu_1771_p2           |     |        | xor_ln138          | xor    | auto      | 0       |
|    and_ln138_fu_1777_p2           |     |        | and_ln138          | and    | auto      | 0       |
|    xor_ln138_1_fu_1783_p2         |     |        | xor_ln138_1        | xor    | auto      | 0       |
|    select_ln138_fu_1789_p3        |     |        | select_ln138       | select | auto_sel  | 0       |
|    v0_scr_y_fu_1797_p3            |     |        | v0_scr_y           | select | auto_sel  | 0       |
|    icmp_ln139_fu_1837_p2          |     |        | icmp_ln139         | seteq  | auto      | 0       |
|    icmp_ln139_1_fu_1843_p2        |     |        | icmp_ln139_1       | setne  | auto      | 0       |
|    or_ln139_fu_1849_p2            |     |        | or_ln139           | or     | auto      | 0       |
|    xor_ln139_fu_1855_p2           |     |        | xor_ln139          | xor    | auto      | 0       |
|    and_ln139_fu_1861_p2           |     |        | and_ln139          | and    | auto      | 0       |
|    and_ln139_1_fu_1867_p2         |     |        | and_ln139_1        | and    | auto      | 0       |
|    xor_ln139_1_fu_1873_p2         |     |        | xor_ln139_1        | xor    | auto      | 0       |
|    and_ln139_2_fu_1879_p2         |     |        | and_ln139_2        | and    | auto      | 0       |
|    select_ln139_fu_1885_p3        |     |        | select_ln139       | select | auto_sel  | 0       |
|    or_ln139_1_fu_1893_p2          |     |        | or_ln139_1         | or     | auto      | 0       |
|    v0_scr_y_1_fu_1899_p3          |     |        | v0_scr_y_1         | select | auto_sel  | 0       |
|    mul_32s_32s_64_1_1_U42         | 4   |        | mul_ln143          | mul    | auto      | 0       |
|    add_ln143_fu_1410_p2           |     |        | add_ln143          | add    | fabric    | 0       |
|    xor_ln143_fu_1424_p2           |     |        | xor_ln143          | xor    | auto      | 0       |
|    and_ln143_fu_1430_p2           |     |        | and_ln143          | and    | auto      | 0       |
|    grp_fu_931_p2                  |     |        | icmp_ln143         | seteq  | auto      | 0       |
|    grp_fu_945_p2                  |     |        | icmp_ln143_1       | seteq  | auto      | 0       |
|    grp_fu_951_p2                  |     |        | icmp_ln143_2       | seteq  | auto      | 0       |
|    select_ln143_fu_1444_p3        |     |        | select_ln143       | select | auto_sel  | 0       |
|    xor_ln143_1_fu_1452_p2         |     |        | xor_ln143_1        | xor    | auto      | 0       |
|    and_ln143_1_fu_1458_p2         |     |        | and_ln143_1        | and    | auto      | 0       |
|    select_ln143_1_fu_1464_p3      |     |        | select_ln143_1     | select | auto_sel  | 0       |
|    and_ln143_2_fu_1472_p2         |     |        | and_ln143_2        | and    | auto      | 0       |
|    xor_ln143_2_fu_1478_p2         |     |        | xor_ln143_2        | xor    | auto      | 0       |
|    or_ln143_fu_1484_p2            |     |        | or_ln143           | or     | auto      | 0       |
|    xor_ln143_3_fu_1490_p2         |     |        | xor_ln143_3        | xor    | auto      | 0       |
|    and_ln143_3_fu_1496_p2         |     |        | and_ln143_3        | and    | auto      | 0       |
|    and_ln143_4_fu_1502_p2         |     |        | and_ln143_4        | and    | auto      | 0       |
|    or_ln143_2_fu_1508_p2          |     |        | or_ln143_2         | or     | auto      | 0       |
|    xor_ln143_4_fu_1514_p2         |     |        | xor_ln143_4        | xor    | auto      | 0       |
|    and_ln143_5_fu_1520_p2         |     |        | and_ln143_5        | and    | auto      | 0       |
|    select_ln143_2_fu_1526_p3      |     |        | select_ln143_2     | select | auto_sel  | 0       |
|    or_ln143_1_fu_1534_p2          |     |        | or_ln143_1         | or     | auto      | 0       |
|    select_ln143_3_fu_1540_p3      |     |        | select_ln143_3     | select | auto_sel  | 0       |
|    icmp_ln148_fu_1908_p2          |     |        | icmp_ln148         | seteq  | auto      | 0       |
|    sdiv_34ns_32s_34_38_seq_1_U44  |     |        | sdiv_ln148         | sdiv   | auto_seq  | 37      |
|    icmp_ln148_1_fu_1952_p2        |     |        | icmp_ln148_1       | setne  | auto      | 0       |
|    icmp_ln148_2_fu_1958_p2        |     |        | icmp_ln148_2       | setne  | auto      | 0       |
|    or_ln148_fu_1964_p2            |     |        | or_ln148           | or     | auto      | 0       |
|    xor_ln148_fu_1970_p2           |     |        | xor_ln148          | xor    | auto      | 0       |
|    and_ln148_fu_1976_p2           |     |        | and_ln148          | and    | auto      | 0       |
|    xor_ln148_1_fu_1982_p2         |     |        | xor_ln148_1        | xor    | auto      | 0       |
|    or_ln148_1_fu_1988_p2          |     |        | or_ln148_1         | or     | auto      | 0       |
|    and_ln148_1_fu_1994_p2         |     |        | and_ln148_1        | and    | auto      | 0       |
|    or_ln148_2_fu_2000_p2          |     |        | or_ln148_2         | or     | auto      | 0       |
|    select_ln148_fu_2006_p3        |     |        | select_ln148       | select | auto_sel  | 0       |
|    mul_32s_32s_64_1_1_U40         | 4   |        | mul_ln151          | mul    | auto      | 0       |
|    add_ln151_fu_2037_p2           |     |        | add_ln151          | add    | fabric    | 0       |
|    xor_ln151_fu_2051_p2           |     |        | xor_ln151          | xor    | auto      | 0       |
|    and_ln151_fu_2057_p2           |     |        | and_ln151          | and    | auto      | 0       |
|    grp_fu_811_p2                  |     |        | icmp_ln151         | seteq  | auto      | 0       |
|    grp_fu_825_p2                  |     |        | icmp_ln151_1       | seteq  | auto      | 0       |
|    grp_fu_831_p2                  |     |        | icmp_ln151_2       | seteq  | auto      | 0       |
|    select_ln151_fu_2071_p3        |     |        | select_ln151       | select | auto_sel  | 0       |
|    xor_ln151_1_fu_2079_p2         |     |        | xor_ln151_1        | xor    | auto      | 0       |
|    and_ln151_1_fu_2085_p2         |     |        | and_ln151_1        | and    | auto      | 0       |
|    select_ln151_1_fu_2091_p3      |     |        | select_ln151_1     | select | auto_sel  | 0       |
|    and_ln151_2_fu_2099_p2         |     |        | and_ln151_2        | and    | auto      | 0       |
|    xor_ln151_2_fu_2105_p2         |     |        | xor_ln151_2        | xor    | auto      | 0       |
|    or_ln151_fu_2111_p2            |     |        | or_ln151           | or     | auto      | 0       |
|    xor_ln151_3_fu_2117_p2         |     |        | xor_ln151_3        | xor    | auto      | 0       |
|    and_ln151_3_fu_2123_p2         |     |        | and_ln151_3        | and    | auto      | 0       |
|    and_ln151_4_fu_2129_p2         |     |        | and_ln151_4        | and    | auto      | 0       |
|    or_ln151_2_fu_2135_p2          |     |        | or_ln151_2         | or     | auto      | 0       |
|    xor_ln151_4_fu_2141_p2         |     |        | xor_ln151_4        | xor    | auto      | 0       |
|    and_ln151_5_fu_2147_p2         |     |        | and_ln151_5        | and    | auto      | 0       |
|    select_ln151_2_fu_2451_p3      |     |        | select_ln151_2     | select | auto_sel  | 0       |
|    or_ln151_1_fu_2153_p2          |     |        | or_ln151_1         | or     | auto      | 0       |
|    v1_ndc_x_fu_2458_p3            |     |        | v1_ndc_x           | select | auto_sel  | 0       |
|    mul_32s_32s_64_1_1_U41         | 4   |        | mul_ln154          | mul    | auto      | 0       |
|    add_ln154_fu_2175_p2           |     |        | add_ln154          | add    | fabric    | 0       |
|    xor_ln154_fu_2189_p2           |     |        | xor_ln154          | xor    | auto      | 0       |
|    and_ln154_fu_2195_p2           |     |        | and_ln154          | and    | auto      | 0       |
|    grp_fu_871_p2                  |     |        | icmp_ln154         | seteq  | auto      | 0       |
|    grp_fu_885_p2                  |     |        | icmp_ln154_1       | seteq  | auto      | 0       |
|    grp_fu_891_p2                  |     |        | icmp_ln154_2       | seteq  | auto      | 0       |
|    select_ln154_fu_2209_p3        |     |        | select_ln154       | select | auto_sel  | 0       |
|    xor_ln154_1_fu_2217_p2         |     |        | xor_ln154_1        | xor    | auto      | 0       |
|    and_ln154_1_fu_2223_p2         |     |        | and_ln154_1        | and    | auto      | 0       |
|    select_ln154_1_fu_2229_p3      |     |        | select_ln154_1     | select | auto_sel  | 0       |
|    and_ln154_2_fu_2237_p2         |     |        | and_ln154_2        | and    | auto      | 0       |
|    xor_ln154_2_fu_2243_p2         |     |        | xor_ln154_2        | xor    | auto      | 0       |
|    or_ln154_fu_2249_p2            |     |        | or_ln154           | or     | auto      | 0       |
|    xor_ln154_3_fu_2255_p2         |     |        | xor_ln154_3        | xor    | auto      | 0       |
|    and_ln154_3_fu_2261_p2         |     |        | and_ln154_3        | and    | auto      | 0       |
|    and_ln154_4_fu_2267_p2         |     |        | and_ln154_4        | and    | auto      | 0       |
|    or_ln154_2_fu_2273_p2          |     |        | or_ln154_2         | or     | auto      | 0       |
|    xor_ln154_4_fu_2279_p2         |     |        | xor_ln154_4        | xor    | auto      | 0       |
|    and_ln154_5_fu_2285_p2         |     |        | and_ln154_5        | and    | auto      | 0       |
|    select_ln154_2_fu_2464_p3      |     |        | select_ln154_2     | select | auto_sel  | 0       |
|    or_ln154_1_fu_2291_p2          |     |        | or_ln154_1         | or     | auto      | 0       |
|    v1_ndc_y_fu_2471_p3            |     |        | v1_ndc_y           | select | auto_sel  | 0       |
|    add_ln157_fu_2481_p2           |     |        | add_ln157          | add    | fabric    | 0       |
|    xor_ln157_fu_2507_p2           |     |        | xor_ln157          | xor    | auto      | 0       |
|    and_ln157_fu_2513_p2           |     |        | and_ln157          | and    | auto      | 0       |
|    xor_ln157_1_fu_2519_p2         |     |        | xor_ln157_1        | xor    | auto      | 0       |
|    select_ln157_fu_2525_p3        |     |        | select_ln157       | select | auto_sel  | 0       |
|    v1_scr_x_fu_2533_p3            |     |        | v1_scr_x           | select | auto_sel  | 0       |
|    icmp_ln158_fu_2573_p2          |     |        | icmp_ln158         | seteq  | auto      | 0       |
|    icmp_ln158_1_fu_2579_p2        |     |        | icmp_ln158_1       | setne  | auto      | 0       |
|    or_ln158_fu_2585_p2            |     |        | or_ln158           | or     | auto      | 0       |
|    xor_ln158_fu_2591_p2           |     |        | xor_ln158          | xor    | auto      | 0       |
|    and_ln158_fu_2597_p2           |     |        | and_ln158          | and    | auto      | 0       |
|    and_ln158_1_fu_2603_p2         |     |        | and_ln158_1        | and    | auto      | 0       |
|    xor_ln158_1_fu_2609_p2         |     |        | xor_ln158_1        | xor    | auto      | 0       |
|    and_ln158_2_fu_2615_p2         |     |        | and_ln158_2        | and    | auto      | 0       |
|    select_ln158_fu_2621_p3        |     |        | select_ln158       | select | auto_sel  | 0       |
|    or_ln158_1_fu_2629_p2          |     |        | or_ln158_1         | or     | auto      | 0       |
|    v1_scr_x_1_fu_2635_p3          |     |        | v1_scr_x_1         | select | auto_sel  | 0       |
|    sub_ln162_fu_2648_p2           |     |        | sub_ln162          | sub    | fabric    | 0       |
|    xor_ln162_fu_2674_p2           |     |        | xor_ln162          | xor    | auto      | 0       |
|    and_ln162_fu_2680_p2           |     |        | and_ln162          | and    | auto      | 0       |
|    xor_ln162_1_fu_2686_p2         |     |        | xor_ln162_1        | xor    | auto      | 0       |
|    select_ln162_fu_2692_p3        |     |        | select_ln162       | select | auto_sel  | 0       |
|    v1_scr_y_fu_2700_p3            |     |        | v1_scr_y           | select | auto_sel  | 0       |
|    icmp_ln163_fu_2740_p2          |     |        | icmp_ln163         | seteq  | auto      | 0       |
|    icmp_ln163_1_fu_2746_p2        |     |        | icmp_ln163_1       | setne  | auto      | 0       |
|    or_ln163_fu_2752_p2            |     |        | or_ln163           | or     | auto      | 0       |
|    xor_ln163_fu_2758_p2           |     |        | xor_ln163          | xor    | auto      | 0       |
|    and_ln163_fu_2764_p2           |     |        | and_ln163          | and    | auto      | 0       |
|    and_ln163_1_fu_2770_p2         |     |        | and_ln163_1        | and    | auto      | 0       |
|    xor_ln163_1_fu_2776_p2         |     |        | xor_ln163_1        | xor    | auto      | 0       |
|    and_ln163_2_fu_2782_p2         |     |        | and_ln163_2        | and    | auto      | 0       |
|    select_ln163_fu_2788_p3        |     |        | select_ln163       | select | auto_sel  | 0       |
|    or_ln163_1_fu_2796_p2          |     |        | or_ln163_1         | or     | auto      | 0       |
|    v1_scr_y_1_fu_2802_p3          |     |        | v1_scr_y_1         | select | auto_sel  | 0       |
|    mul_32s_32s_64_1_1_U42         | 4   |        | mul_ln167          | mul    | auto      | 0       |
|    add_ln167_fu_2313_p2           |     |        | add_ln167          | add    | fabric    | 0       |
|    xor_ln167_fu_2327_p2           |     |        | xor_ln167          | xor    | auto      | 0       |
|    and_ln167_fu_2333_p2           |     |        | and_ln167          | and    | auto      | 0       |
|    grp_fu_931_p2                  |     |        | icmp_ln167         | seteq  | auto      | 0       |
|    grp_fu_945_p2                  |     |        | icmp_ln167_1       | seteq  | auto      | 0       |
|    grp_fu_951_p2                  |     |        | icmp_ln167_2       | seteq  | auto      | 0       |
|    select_ln167_fu_2347_p3        |     |        | select_ln167       | select | auto_sel  | 0       |
|    xor_ln167_1_fu_2355_p2         |     |        | xor_ln167_1        | xor    | auto      | 0       |
|    and_ln167_1_fu_2361_p2         |     |        | and_ln167_1        | and    | auto      | 0       |
|    select_ln167_1_fu_2367_p3      |     |        | select_ln167_1     | select | auto_sel  | 0       |
|    and_ln167_2_fu_2375_p2         |     |        | and_ln167_2        | and    | auto      | 0       |
|    xor_ln167_2_fu_2381_p2         |     |        | xor_ln167_2        | xor    | auto      | 0       |
|    or_ln167_fu_2387_p2            |     |        | or_ln167           | or     | auto      | 0       |
|    xor_ln167_3_fu_2393_p2         |     |        | xor_ln167_3        | xor    | auto      | 0       |
|    and_ln167_3_fu_2399_p2         |     |        | and_ln167_3        | and    | auto      | 0       |
|    and_ln167_4_fu_2405_p2         |     |        | and_ln167_4        | and    | auto      | 0       |
|    or_ln167_2_fu_2411_p2          |     |        | or_ln167_2         | or     | auto      | 0       |
|    xor_ln167_4_fu_2417_p2         |     |        | xor_ln167_4        | xor    | auto      | 0       |
|    and_ln167_5_fu_2423_p2         |     |        | and_ln167_5        | and    | auto      | 0       |
|    select_ln167_2_fu_2429_p3      |     |        | select_ln167_2     | select | auto_sel  | 0       |
|    or_ln167_1_fu_2437_p2          |     |        | or_ln167_1         | or     | auto      | 0       |
|    select_ln167_3_fu_2443_p3      |     |        | select_ln167_3     | select | auto_sel  | 0       |
|    icmp_ln172_fu_2811_p2          |     |        | icmp_ln172         | seteq  | auto      | 0       |
|    sdiv_34ns_32s_34_38_seq_1_U45  |     |        | sdiv_ln172         | sdiv   | auto_seq  | 37      |
|    icmp_ln172_1_fu_2855_p2        |     |        | icmp_ln172_1       | setne  | auto      | 0       |
|    icmp_ln172_2_fu_2861_p2        |     |        | icmp_ln172_2       | setne  | auto      | 0       |
|    or_ln172_fu_2867_p2            |     |        | or_ln172           | or     | auto      | 0       |
|    xor_ln172_fu_2873_p2           |     |        | xor_ln172          | xor    | auto      | 0       |
|    and_ln172_fu_2879_p2           |     |        | and_ln172          | and    | auto      | 0       |
|    xor_ln172_1_fu_2885_p2         |     |        | xor_ln172_1        | xor    | auto      | 0       |
|    or_ln172_1_fu_2891_p2          |     |        | or_ln172_1         | or     | auto      | 0       |
|    and_ln172_1_fu_2897_p2         |     |        | and_ln172_1        | and    | auto      | 0       |
|    or_ln172_2_fu_2903_p2          |     |        | or_ln172_2         | or     | auto      | 0       |
|    select_ln172_fu_2909_p3        |     |        | select_ln172       | select | auto_sel  | 0       |
|    mul_32s_32s_64_1_1_U40         | 4   |        | mul_ln175          | mul    | auto      | 0       |
|    add_ln175_fu_2940_p2           |     |        | add_ln175          | add    | fabric    | 0       |
|    xor_ln175_fu_2954_p2           |     |        | xor_ln175          | xor    | auto      | 0       |
|    and_ln175_fu_2960_p2           |     |        | and_ln175          | and    | auto      | 0       |
|    grp_fu_811_p2                  |     |        | icmp_ln175         | seteq  | auto      | 0       |
|    grp_fu_825_p2                  |     |        | icmp_ln175_1       | seteq  | auto      | 0       |
|    grp_fu_831_p2                  |     |        | icmp_ln175_2       | seteq  | auto      | 0       |
|    select_ln175_fu_2974_p3        |     |        | select_ln175       | select | auto_sel  | 0       |
|    xor_ln175_1_fu_2982_p2         |     |        | xor_ln175_1        | xor    | auto      | 0       |
|    and_ln175_1_fu_2988_p2         |     |        | and_ln175_1        | and    | auto      | 0       |
|    select_ln175_1_fu_2994_p3      |     |        | select_ln175_1     | select | auto_sel  | 0       |
|    and_ln175_2_fu_3002_p2         |     |        | and_ln175_2        | and    | auto      | 0       |
|    xor_ln175_2_fu_3008_p2         |     |        | xor_ln175_2        | xor    | auto      | 0       |
|    or_ln175_fu_3014_p2            |     |        | or_ln175           | or     | auto      | 0       |
|    xor_ln175_3_fu_3020_p2         |     |        | xor_ln175_3        | xor    | auto      | 0       |
|    and_ln175_3_fu_3026_p2         |     |        | and_ln175_3        | and    | auto      | 0       |
|    and_ln175_4_fu_3032_p2         |     |        | and_ln175_4        | and    | auto      | 0       |
|    or_ln175_2_fu_3038_p2          |     |        | or_ln175_2         | or     | auto      | 0       |
|    xor_ln175_4_fu_3044_p2         |     |        | xor_ln175_4        | xor    | auto      | 0       |
|    and_ln175_5_fu_3050_p2         |     |        | and_ln175_5        | and    | auto      | 0       |
|    select_ln175_2_fu_3354_p3      |     |        | select_ln175_2     | select | auto_sel  | 0       |
|    or_ln175_1_fu_3056_p2          |     |        | or_ln175_1         | or     | auto      | 0       |
|    v2_ndc_x_fu_3361_p3            |     |        | v2_ndc_x           | select | auto_sel  | 0       |
|    mul_32s_32s_64_1_1_U41         | 4   |        | mul_ln178          | mul    | auto      | 0       |
|    add_ln178_fu_3078_p2           |     |        | add_ln178          | add    | fabric    | 0       |
|    xor_ln178_fu_3092_p2           |     |        | xor_ln178          | xor    | auto      | 0       |
|    and_ln178_fu_3098_p2           |     |        | and_ln178          | and    | auto      | 0       |
|    grp_fu_871_p2                  |     |        | icmp_ln178         | seteq  | auto      | 0       |
|    grp_fu_885_p2                  |     |        | icmp_ln178_1       | seteq  | auto      | 0       |
|    grp_fu_891_p2                  |     |        | icmp_ln178_2       | seteq  | auto      | 0       |
|    select_ln178_fu_3112_p3        |     |        | select_ln178       | select | auto_sel  | 0       |
|    xor_ln178_1_fu_3120_p2         |     |        | xor_ln178_1        | xor    | auto      | 0       |
|    and_ln178_1_fu_3126_p2         |     |        | and_ln178_1        | and    | auto      | 0       |
|    select_ln178_1_fu_3132_p3      |     |        | select_ln178_1     | select | auto_sel  | 0       |
|    and_ln178_2_fu_3140_p2         |     |        | and_ln178_2        | and    | auto      | 0       |
|    xor_ln178_2_fu_3146_p2         |     |        | xor_ln178_2        | xor    | auto      | 0       |
|    or_ln178_fu_3152_p2            |     |        | or_ln178           | or     | auto      | 0       |
|    xor_ln178_3_fu_3158_p2         |     |        | xor_ln178_3        | xor    | auto      | 0       |
|    and_ln178_3_fu_3164_p2         |     |        | and_ln178_3        | and    | auto      | 0       |
|    and_ln178_4_fu_3170_p2         |     |        | and_ln178_4        | and    | auto      | 0       |
|    or_ln178_2_fu_3176_p2          |     |        | or_ln178_2         | or     | auto      | 0       |
|    xor_ln178_4_fu_3182_p2         |     |        | xor_ln178_4        | xor    | auto      | 0       |
|    and_ln178_5_fu_3188_p2         |     |        | and_ln178_5        | and    | auto      | 0       |
|    select_ln178_2_fu_3367_p3      |     |        | select_ln178_2     | select | auto_sel  | 0       |
|    or_ln178_1_fu_3194_p2          |     |        | or_ln178_1         | or     | auto      | 0       |
|    v2_ndc_y_fu_3374_p3            |     |        | v2_ndc_y           | select | auto_sel  | 0       |
|    add_ln181_fu_3384_p2           |     |        | add_ln181          | add    | fabric    | 0       |
|    xor_ln181_fu_3410_p2           |     |        | xor_ln181          | xor    | auto      | 0       |
|    and_ln181_fu_3416_p2           |     |        | and_ln181          | and    | auto      | 0       |
|    xor_ln181_1_fu_3422_p2         |     |        | xor_ln181_1        | xor    | auto      | 0       |
|    select_ln181_fu_3428_p3        |     |        | select_ln181       | select | auto_sel  | 0       |
|    v2_scr_x_fu_3436_p3            |     |        | v2_scr_x           | select | auto_sel  | 0       |
|    icmp_ln182_fu_3476_p2          |     |        | icmp_ln182         | seteq  | auto      | 0       |
|    icmp_ln182_1_fu_3482_p2        |     |        | icmp_ln182_1       | setne  | auto      | 0       |
|    or_ln182_fu_3488_p2            |     |        | or_ln182           | or     | auto      | 0       |
|    xor_ln182_fu_3494_p2           |     |        | xor_ln182          | xor    | auto      | 0       |
|    and_ln182_fu_3500_p2           |     |        | and_ln182          | and    | auto      | 0       |
|    and_ln182_1_fu_3506_p2         |     |        | and_ln182_1        | and    | auto      | 0       |
|    xor_ln182_1_fu_3512_p2         |     |        | xor_ln182_1        | xor    | auto      | 0       |
|    and_ln182_2_fu_3518_p2         |     |        | and_ln182_2        | and    | auto      | 0       |
|    select_ln182_fu_3524_p3        |     |        | select_ln182       | select | auto_sel  | 0       |
|    or_ln182_1_fu_3532_p2          |     |        | or_ln182_1         | or     | auto      | 0       |
|    v2_scr_x_1_fu_3538_p3          |     |        | v2_scr_x_1         | select | auto_sel  | 0       |
|    sub_ln186_fu_3551_p2           |     |        | sub_ln186          | sub    | fabric    | 0       |
|    xor_ln186_fu_3577_p2           |     |        | xor_ln186          | xor    | auto      | 0       |
|    and_ln186_fu_3583_p2           |     |        | and_ln186          | and    | auto      | 0       |
|    xor_ln186_1_fu_3589_p2         |     |        | xor_ln186_1        | xor    | auto      | 0       |
|    select_ln186_fu_3595_p3        |     |        | select_ln186       | select | auto_sel  | 0       |
|    v2_scr_y_fu_3603_p3            |     |        | v2_scr_y           | select | auto_sel  | 0       |
|    icmp_ln187_fu_3643_p2          |     |        | icmp_ln187         | seteq  | auto      | 0       |
|    icmp_ln187_1_fu_3649_p2        |     |        | icmp_ln187_1       | setne  | auto      | 0       |
|    or_ln187_fu_3655_p2            |     |        | or_ln187           | or     | auto      | 0       |
|    xor_ln187_fu_3661_p2           |     |        | xor_ln187          | xor    | auto      | 0       |
|    and_ln187_fu_3667_p2           |     |        | and_ln187          | and    | auto      | 0       |
|    and_ln187_1_fu_3673_p2         |     |        | and_ln187_1        | and    | auto      | 0       |
|    xor_ln187_1_fu_3679_p2         |     |        | xor_ln187_1        | xor    | auto      | 0       |
|    and_ln187_2_fu_3685_p2         |     |        | and_ln187_2        | and    | auto      | 0       |
|    select_ln187_fu_3691_p3        |     |        | select_ln187       | select | auto_sel  | 0       |
|    or_ln187_1_fu_3699_p2          |     |        | or_ln187_1         | or     | auto      | 0       |
|    v2_scr_y_1_fu_3705_p3          |     |        | v2_scr_y_1         | select | auto_sel  | 0       |
|    mul_32s_32s_64_1_1_U42         | 4   |        | mul_ln191          | mul    | auto      | 0       |
|    add_ln191_fu_3216_p2           |     |        | add_ln191          | add    | fabric    | 0       |
|    xor_ln191_fu_3230_p2           |     |        | xor_ln191          | xor    | auto      | 0       |
|    and_ln191_fu_3236_p2           |     |        | and_ln191          | and    | auto      | 0       |
|    grp_fu_931_p2                  |     |        | icmp_ln191         | seteq  | auto      | 0       |
|    grp_fu_945_p2                  |     |        | icmp_ln191_1       | seteq  | auto      | 0       |
|    grp_fu_951_p2                  |     |        | icmp_ln191_2       | seteq  | auto      | 0       |
|    select_ln191_fu_3250_p3        |     |        | select_ln191       | select | auto_sel  | 0       |
|    xor_ln191_1_fu_3258_p2         |     |        | xor_ln191_1        | xor    | auto      | 0       |
|    and_ln191_1_fu_3264_p2         |     |        | and_ln191_1        | and    | auto      | 0       |
|    select_ln191_1_fu_3270_p3      |     |        | select_ln191_1     | select | auto_sel  | 0       |
|    and_ln191_2_fu_3278_p2         |     |        | and_ln191_2        | and    | auto      | 0       |
|    xor_ln191_2_fu_3284_p2         |     |        | xor_ln191_2        | xor    | auto      | 0       |
|    or_ln191_fu_3290_p2            |     |        | or_ln191           | or     | auto      | 0       |
|    xor_ln191_3_fu_3296_p2         |     |        | xor_ln191_3        | xor    | auto      | 0       |
|    and_ln191_3_fu_3302_p2         |     |        | and_ln191_3        | and    | auto      | 0       |
|    and_ln191_4_fu_3308_p2         |     |        | and_ln191_4        | and    | auto      | 0       |
|    or_ln191_2_fu_3314_p2          |     |        | or_ln191_2         | or     | auto      | 0       |
|    xor_ln191_4_fu_3320_p2         |     |        | xor_ln191_4        | xor    | auto      | 0       |
|    and_ln191_5_fu_3326_p2         |     |        | and_ln191_5        | and    | auto      | 0       |
|    select_ln191_2_fu_3332_p3      |     |        | select_ln191_2     | select | auto_sel  | 0       |
|    or_ln191_1_fu_3340_p2          |     |        | or_ln191_1         | or     | auto      | 0       |
|    select_ln191_3_fu_3346_p3      |     |        | select_ln191_3     | select | auto_sel  | 0       |
|  + k3_bounding_box                | 0   |        |                    |        |           |         |
|    icmp_ln203_fu_253_p2           |     |        | icmp_ln203         | seteq  | auto      | 0       |
|    add_ln203_fu_259_p2            |     |        | add_ln203          | add    | fabric    | 0       |
|    icmp_ln209_fu_270_p2           |     |        | icmp_ln209         | setlt  | auto      | 0       |
|    min_x_1_fu_276_p3              |     |        | min_x_1            | select | auto_sel  | 0       |
|    icmp_ln212_fu_284_p2           |     |        | icmp_ln212         | setlt  | auto      | 0       |
|    min_x_3_fu_290_p3              |     |        | min_x_3            | select | auto_sel  | 0       |
|    icmp_ln219_fu_298_p2           |     |        | icmp_ln219         | setgt  | auto      | 0       |
|    max_x_1_fu_304_p3              |     |        | max_x_1            | select | auto_sel  | 0       |
|    icmp_ln222_fu_312_p2           |     |        | icmp_ln222         | setgt  | auto      | 0       |
|    max_x_3_fu_318_p3              |     |        | max_x_3            | select | auto_sel  | 0       |
|    icmp_ln229_fu_326_p2           |     |        | icmp_ln229         | setlt  | auto      | 0       |
|    min_y_1_fu_332_p3              |     |        | min_y_1            | select | auto_sel  | 0       |
|    icmp_ln232_fu_340_p2           |     |        | icmp_ln232         | setlt  | auto      | 0       |
|    min_y_3_fu_346_p3              |     |        | min_y_3            | select | auto_sel  | 0       |
|    icmp_ln239_fu_354_p2           |     |        | icmp_ln239         | setgt  | auto      | 0       |
|    max_y_1_fu_360_p3              |     |        | max_y_1            | select | auto_sel  | 0       |
|    icmp_ln242_fu_368_p2           |     |        | icmp_ln242         | setgt  | auto      | 0       |
|    max_y_3_fu_374_p3              |     |        | max_y_3            | select | auto_sel  | 0       |
|    final_min_x_fu_400_p3          |     |        | final_min_x        | select | auto_sel  | 0       |
|    icmp_ln257_fu_409_p2           |     |        | icmp_ln257         | setgt  | auto      | 0       |
|    icmp_ln260_fu_435_p2           |     |        | icmp_ln260         | setne  | auto      | 0       |
|    add_ln260_fu_441_p2            |     |        | add_ln260          | add    | fabric    | 0       |
|    select_ln260_fu_447_p3         |     |        | select_ln260       | select | auto_sel  | 0       |
|    final_max_x_fu_455_p3          |     |        | final_max_x        | select | auto_sel  | 0       |
|    final_max_x_1_fu_463_p3        |     |        | final_max_x_1      | select | auto_sel  | 0       |
|    final_min_y_fu_489_p3          |     |        | final_min_y        | select | auto_sel  | 0       |
|    icmp_ln275_fu_498_p2           |     |        | icmp_ln275         | setgt  | auto      | 0       |
|    icmp_ln278_fu_524_p2           |     |        | icmp_ln278         | setne  | auto      | 0       |
|    add_ln278_fu_530_p2            |     |        | add_ln278          | add    | fabric    | 0       |
|    select_ln278_fu_536_p3         |     |        | select_ln278       | select | auto_sel  | 0       |
|    final_max_y_fu_544_p3          |     |        | final_max_y        | select | auto_sel  | 0       |
|    final_max_y_1_fu_552_p3        |     |        | final_max_y_1      | select | auto_sel  | 0       |
|  + k4_rasterize                   | 36  |        |                    |        |           |         |
|    icmp_ln300_fu_1060_p2          |     |        | icmp_ln300         | seteq  | auto      | 0       |
|    add_ln300_fu_1066_p2           |     |        | add_ln300          | add    | fabric    | 0       |
|    icmp_ln301_fu_1089_p2          |     |        | icmp_ln301         | seteq  | auto      | 0       |
|    add_ln301_fu_1095_p2           |     |        | add_ln301          | add    | fabric    | 0       |
|    add_ln302_fu_1105_p2           |     |        | add_ln302          | add    | fabric    | 0       |
|    icmp_ln309_fu_1125_p2          |     |        | icmp_ln309         | seteq  | auto      | 0       |
|    add_ln309_fu_1131_p2           |     |        | add_ln309          | add    | fabric    | 0       |
|    sub_ln322_fu_1150_p2           |     |        | sub_ln322          | sub    | fabric    | 0       |
|    xor_ln322_fu_1176_p2           |     |        | xor_ln322          | xor    | auto      | 0       |
|    and_ln322_fu_1182_p2           |     |        | and_ln322          | and    | auto      | 0       |
|    xor_ln322_1_fu_1188_p2         |     |        | xor_ln322_1        | xor    | auto      | 0       |
|    select_ln322_fu_1194_p3        |     |        | select_ln322       | select | auto_sel  | 0       |
|    dx1_1_fu_1202_p3               |     |        | dx1_1              | select | auto_sel  | 0       |
|    sub_ln323_fu_1218_p2           |     |        | sub_ln323          | sub    | fabric    | 0       |
|    xor_ln323_fu_1244_p2           |     |        | xor_ln323          | xor    | auto      | 0       |
|    and_ln323_fu_1250_p2           |     |        | and_ln323          | and    | auto      | 0       |
|    xor_ln323_1_fu_1256_p2         |     |        | xor_ln323_1        | xor    | auto      | 0       |
|    select_ln323_fu_1262_p3        |     |        | select_ln323       | select | auto_sel  | 0       |
|    dy2_1_fu_1270_p3               |     |        | dy2_1              | select | auto_sel  | 0       |
|    mul_32s_32s_64_1_1_U102        | 4   |        | mul_ln324          | mul    | auto      | 0       |
|    term_a_1_fu_1426_p2            |     |        | term_a_1           | add    | fabric    | 0       |
|    xor_ln324_fu_1440_p2           |     |        | xor_ln324          | xor    | auto      | 0       |
|    and_ln324_fu_1446_p2           |     |        | and_ln324          | and    | auto      | 0       |
|    grp_fu_662_p2                  |     |        | icmp_ln324         | seteq  | auto      | 0       |
|    grp_fu_676_p2                  |     |        | icmp_ln324_1       | seteq  | auto      | 0       |
|    grp_fu_682_p2                  |     |        | icmp_ln324_2       | seteq  | auto      | 0       |
|    select_ln324_fu_1460_p3        |     |        | select_ln324       | select | auto_sel  | 0       |
|    xor_ln324_1_fu_1468_p2         |     |        | xor_ln324_1        | xor    | auto      | 0       |
|    and_ln324_1_fu_1474_p2         |     |        | and_ln324_1        | and    | auto      | 0       |
|    select_ln324_1_fu_1480_p3      |     |        | select_ln324_1     | select | auto_sel  | 0       |
|    and_ln324_2_fu_1488_p2         |     |        | and_ln324_2        | and    | auto      | 0       |
|    xor_ln324_2_fu_1494_p2         |     |        | xor_ln324_2        | xor    | auto      | 0       |
|    or_ln324_fu_1500_p2            |     |        | or_ln324           | or     | auto      | 0       |
|    xor_ln324_3_fu_1506_p2         |     |        | xor_ln324_3        | xor    | auto      | 0       |
|    and_ln324_3_fu_1512_p2         |     |        | and_ln324_3        | and    | auto      | 0       |
|    and_ln324_4_fu_1518_p2         |     |        | and_ln324_4        | and    | auto      | 0       |
|    or_ln324_2_fu_1524_p2          |     |        | or_ln324_2         | or     | auto      | 0       |
|    xor_ln324_4_fu_1530_p2         |     |        | xor_ln324_4        | xor    | auto      | 0       |
|    and_ln324_5_fu_1536_p2         |     |        | and_ln324_5        | and    | auto      | 0       |
|    select_ln324_2_fu_1690_p3      |     |        | select_ln324_2     | select | auto_sel  | 0       |
|    or_ln324_1_fu_1542_p2          |     |        | or_ln324_1         | or     | auto      | 0       |
|    term_a_2_fu_1697_p3            |     |        | term_a_2           | select | auto_sel  | 0       |
|    sub_ln326_fu_1282_p2           |     |        | sub_ln326          | sub    | fabric    | 0       |
|    xor_ln326_fu_1308_p2           |     |        | xor_ln326          | xor    | auto      | 0       |
|    and_ln326_fu_1314_p2           |     |        | and_ln326          | and    | auto      | 0       |
|    xor_ln326_1_fu_1320_p2         |     |        | xor_ln326_1        | xor    | auto      | 0       |
|    select_ln326_fu_1326_p3        |     |        | select_ln326       | select | auto_sel  | 0       |
|    dx2_1_fu_1334_p3               |     |        | dx2_1              | select | auto_sel  | 0       |
|    sub_ln327_fu_1346_p2           |     |        | sub_ln327          | sub    | fabric    | 0       |
|    xor_ln327_fu_1372_p2           |     |        | xor_ln327          | xor    | auto      | 0       |
|    and_ln327_fu_1378_p2           |     |        | and_ln327          | and    | auto      | 0       |
|    xor_ln327_1_fu_1384_p2         |     |        | xor_ln327_1        | xor    | auto      | 0       |
|    select_ln327_fu_1390_p3        |     |        | select_ln327       | select | auto_sel  | 0       |
|    dy1_1_fu_1398_p3               |     |        | dy1_1              | select | auto_sel  | 0       |
|    mul_32s_32s_64_1_1_U103        | 4   |        | mul_ln328          | mul    | auto      | 0       |
|    term_b_1_fu_1568_p2            |     |        | term_b_1           | add    | fabric    | 0       |
|    xor_ln328_fu_1582_p2           |     |        | xor_ln328          | xor    | auto      | 0       |
|    and_ln328_fu_1588_p2           |     |        | and_ln328          | and    | auto      | 0       |
|    grp_fu_722_p2                  |     |        | icmp_ln328         | seteq  | auto      | 0       |
|    grp_fu_736_p2                  |     |        | icmp_ln328_1       | seteq  | auto      | 0       |
|    grp_fu_742_p2                  |     |        | icmp_ln328_2       | seteq  | auto      | 0       |
|    select_ln328_fu_1602_p3        |     |        | select_ln328       | select | auto_sel  | 0       |
|    xor_ln328_1_fu_1610_p2         |     |        | xor_ln328_1        | xor    | auto      | 0       |
|    and_ln328_1_fu_1616_p2         |     |        | and_ln328_1        | and    | auto      | 0       |
|    select_ln328_1_fu_1622_p3      |     |        | select_ln328_1     | select | auto_sel  | 0       |
|    and_ln328_2_fu_1630_p2         |     |        | and_ln328_2        | and    | auto      | 0       |
|    xor_ln328_2_fu_1636_p2         |     |        | xor_ln328_2        | xor    | auto      | 0       |
|    or_ln328_fu_1642_p2            |     |        | or_ln328           | or     | auto      | 0       |
|    xor_ln328_3_fu_1648_p2         |     |        | xor_ln328_3        | xor    | auto      | 0       |
|    and_ln328_3_fu_1654_p2         |     |        | and_ln328_3        | and    | auto      | 0       |
|    and_ln328_4_fu_1660_p2         |     |        | and_ln328_4        | and    | auto      | 0       |
|    or_ln328_2_fu_1666_p2          |     |        | or_ln328_2         | or     | auto      | 0       |
|    xor_ln328_4_fu_1672_p2         |     |        | xor_ln328_4        | xor    | auto      | 0       |
|    and_ln328_5_fu_1678_p2         |     |        | and_ln328_5        | and    | auto      | 0       |
|    select_ln328_2_fu_1703_p3      |     |        | select_ln328_2     | select | auto_sel  | 0       |
|    or_ln328_1_fu_1684_p2          |     |        | or_ln328_1         | or     | auto      | 0       |
|    term_b_2_fu_1710_p3            |     |        | term_b_2           | select | auto_sel  | 0       |
|    sub_ln330_fu_1724_p2           |     |        | sub_ln330          | sub    | fabric    | 0       |
|    xor_ln330_fu_1750_p2           |     |        | xor_ln330          | xor    | auto      | 0       |
|    and_ln330_fu_1756_p2           |     |        | and_ln330          | and    | auto      | 0       |
|    xor_ln330_1_fu_1762_p2         |     |        | xor_ln330_1        | xor    | auto      | 0       |
|    select_ln330_fu_1768_p3        |     |        | select_ln330       | select | auto_sel  | 0       |
|    area_1_fu_1776_p3              |     |        | area_1             | select | auto_sel  | 0       |
|    icmp_ln332_fu_1784_p2          |     |        | icmp_ln332         | seteq  | auto      | 0       |
|    sdiv_34ns_32s_34_38_seq_1_U108 |     |        | sdiv_ln336         | sdiv   | auto_seq  | 37      |
|    icmp_ln336_fu_1830_p2          |     |        | icmp_ln336         | setne  | auto      | 0       |
|    icmp_ln336_1_fu_1836_p2        |     |        | icmp_ln336_1       | setne  | auto      | 0       |
|    or_ln336_fu_1842_p2            |     |        | or_ln336           | or     | auto      | 0       |
|    xor_ln336_fu_1848_p2           |     |        | xor_ln336          | xor    | auto      | 0       |
|    and_ln336_fu_1854_p2           |     |        | and_ln336          | and    | auto      | 0       |
|    xor_ln336_1_fu_1860_p2         |     |        | xor_ln336_1        | xor    | auto      | 0       |
|    or_ln336_1_fu_1866_p2          |     |        | or_ln336_1         | or     | auto      | 0       |
|    and_ln336_1_fu_1872_p2         |     |        | and_ln336_1        | and    | auto      | 0       |
|    select_ln336_fu_1878_p3        |     |        | select_ln336       | select | auto_sel  | 0       |
|    or_ln336_2_fu_1886_p2          |     |        | or_ln336_2         | or     | auto      | 0       |
|    inv_area_1_fu_1892_p3          |     |        | inv_area_1         | select | auto_sel  | 0       |
|    icmp_ln338_fu_1980_p2          |     |        | icmp_ln338         | setgt  | auto      | 0       |
|    cmp_i13_i_i_i5487_fu_2023_p2   |     |        | cmp_i13_i_i_i5487  | setne  | auto      | 0       |
|    tobool35_i_i_i5489_fu_2029_p2  |     |        | tobool35_i_i_i5489 | setne  | auto      | 0       |
|    brmerge77_fu_2035_p2           |     |        | brmerge77          | or     | auto      | 0       |
|    lnot51_i_i_i5494_fu_2041_p2    |     |        | lnot51_i_i_i5494   | xor    | auto      | 0       |
|    spec_select417_fu_2047_p2      |     |        | spec_select417     | and    | auto      | 0       |
|    p_not78_fu_2053_p2             |     |        | p_not78            | xor    | auto      | 0       |
|    brmerge79_fu_2059_p2           |     |        | brmerge79          | or     | auto      | 0       |
|    spec_select521_fu_2065_p2      |     |        | spec_select521     | and    | auto      | 0       |
|    spec_select81_fu_2071_p3       |     |        | spec_select81      | select | auto_sel  | 0       |
|    empty_41_fu_2079_p2            |     |        | empty_41           | or     | auto      | 0       |
|    spec_select418_fu_2085_p3      |     |        | spec_select418     | select | auto_sel  | 0       |
|    add_i5370_fu_2097_p2           |     |        | add_i5370          | add    | fabric    | 0       |
|    empty_42_fu_2123_p2            |     |        | empty_42           | xor    | auto      | 0       |
|    spec_select419_fu_2129_p2      |     |        | spec_select419     | and    | auto      | 0       |
|    brmerge87_fu_2135_p2           |     |        | brmerge87          | xor    | auto      | 0       |
|    spec_select88_fu_2141_p3       |     |        | spec_select88      | select | auto_sel  | 0       |
|    py_1_fu_2149_p3                |     |        | py_1               | select | auto_sel  | 0       |
|    sub_i5178_fu_2161_p2           |     |        | sub_i5178          | sub    | fabric    | 0       |
|    empty_43_fu_2186_p2            |     |        | empty_43           | xor    | auto      | 0       |
|    spec_select423_fu_2192_p2      |     |        | spec_select423     | and    | auto      | 0       |
|    brmerge101_fu_2198_p2          |     |        | brmerge101         | xor    | auto      | 0       |
|    spec_select102_fu_2204_p3      |     |        | spec_select102     | select | auto_sel  | 0       |
|    w0_dy2_2_fu_2212_p3            |     |        | w0_dy2_2           | select | auto_sel  | 0       |
|    sub_i4847_fu_2224_p2           |     |        | sub_i4847          | sub    | fabric    | 0       |
|    empty_44_fu_2249_p2            |     |        | empty_44           | xor    | auto      | 0       |
|    spec_select429_fu_2255_p2      |     |        | spec_select429     | and    | auto      | 0       |
|    brmerge122_fu_2261_p2          |     |        | brmerge122         | xor    | auto      | 0       |
|    spec_select123_fu_2267_p3      |     |        | spec_select123     | select | auto_sel  | 0       |
|    w0_dy1_2_fu_2275_p3            |     |        | w0_dy1_2           | select | auto_sel  | 0       |
|    sub_i4281_fu_2287_p2           |     |        | sub_i4281          | sub    | fabric    | 0       |
|    empty_45_fu_2312_p2            |     |        | empty_45           | xor    | auto      | 0       |
|    spec_select439_fu_2318_p2      |     |        | spec_select439     | and    | auto      | 0       |
|    brmerge157_fu_2324_p2          |     |        | brmerge157         | xor    | auto      | 0       |
|    spec_select158_fu_2330_p3      |     |        | spec_select158     | select | auto_sel  | 0       |
|    w1_dy0_2_fu_2338_p3            |     |        | w1_dy0_2           | select | auto_sel  | 0       |
|    add_ln392_fu_2358_p2           |     |        | add_ln392          | add    | fabric    | 0       |
|    icmp_ln339_fu_2371_p2          |     |        | icmp_ln339         | setgt  | auto      | 0       |
|    icmp_ln341_fu_2414_p2          |     |        | icmp_ln341         | setne  | auto      | 0       |
|    icmp_ln341_1_fu_2420_p2        |     |        | icmp_ln341_1       | setne  | auto      | 0       |
|    or_ln341_fu_2426_p2            |     |        | or_ln341           | or     | auto      | 0       |
|    xor_ln341_fu_2432_p2           |     |        | xor_ln341          | xor    | auto      | 0       |
|    and_ln341_fu_2438_p2           |     |        | and_ln341          | and    | auto      | 0       |
|    xor_ln341_1_fu_2444_p2         |     |        | xor_ln341_1        | xor    | auto      | 0       |
|    or_ln341_1_fu_2450_p2          |     |        | or_ln341_1         | or     | auto      | 0       |
|    and_ln341_1_fu_2456_p2         |     |        | and_ln341_1        | and    | auto      | 0       |
|    select_ln341_fu_2462_p3        |     |        | select_ln341       | select | auto_sel  | 0       |
|    or_ln341_2_fu_2470_p2          |     |        | or_ln341_2         | or     | auto      | 0       |
|    select_ln341_1_fu_2476_p3      |     |        | select_ln341_1     | select | auto_sel  | 0       |
|    add_ln341_fu_2488_p2           |     |        | add_ln341          | add    | fabric    | 0       |
|    xor_ln341_2_fu_2514_p2         |     |        | xor_ln341_2        | xor    | auto      | 0       |
|    and_ln341_2_fu_2520_p2         |     |        | and_ln341_2        | and    | auto      | 0       |
|    xor_ln341_3_fu_2526_p2         |     |        | xor_ln341_3        | xor    | auto      | 0       |
|    select_ln341_2_fu_2532_p3      |     |        | select_ln341_2     | select | auto_sel  | 0       |
|    px_1_fu_2540_p3                |     |        | px_1               | select | auto_sel  | 0       |
|    sub_ln345_fu_2552_p2           |     |        | sub_ln345          | sub    | fabric    | 0       |
|    xor_ln345_fu_2577_p2           |     |        | xor_ln345          | xor    | auto      | 0       |
|    and_ln345_fu_2583_p2           |     |        | and_ln345          | and    | auto      | 0       |
|    xor_ln345_1_fu_2589_p2         |     |        | xor_ln345_1        | xor    | auto      | 0       |
|    select_ln345_fu_2595_p3        |     |        | select_ln345       | select | auto_sel  | 0       |
|    w0_dx1_2_fu_2603_p3            |     |        | w0_dx1_2           | select | auto_sel  | 0       |
|    mul_32s_32s_64_1_1_U102        | 4   |        | mul_ln347          | mul    | auto      | 0       |
|    w0_term1_1_fu_2752_p2          |     |        | w0_term1_1         | add    | fabric    | 0       |
|    xor_ln347_fu_2766_p2           |     |        | xor_ln347          | xor    | auto      | 0       |
|    and_ln347_fu_2772_p2           |     |        | and_ln347          | and    | auto      | 0       |
|    grp_fu_662_p2                  |     |        | icmp_ln347         | seteq  | auto      | 0       |
|    grp_fu_676_p2                  |     |        | icmp_ln347_1       | seteq  | auto      | 0       |
|    grp_fu_682_p2                  |     |        | icmp_ln347_2       | seteq  | auto      | 0       |
|    select_ln347_fu_2786_p3        |     |        | select_ln347       | select | auto_sel  | 0       |
|    xor_ln347_1_fu_2794_p2         |     |        | xor_ln347_1        | xor    | auto      | 0       |
|    and_ln347_1_fu_2800_p2         |     |        | and_ln347_1        | and    | auto      | 0       |
|    select_ln347_1_fu_2806_p3      |     |        | select_ln347_1     | select | auto_sel  | 0       |
|    and_ln347_2_fu_2814_p2         |     |        | and_ln347_2        | and    | auto      | 0       |
|    xor_ln347_2_fu_2820_p2         |     |        | xor_ln347_2        | xor    | auto      | 0       |
|    or_ln347_fu_2826_p2            |     |        | or_ln347           | or     | auto      | 0       |
|    xor_ln347_3_fu_2832_p2         |     |        | xor_ln347_3        | xor    | auto      | 0       |
|    and_ln347_3_fu_2838_p2         |     |        | and_ln347_3        | and    | auto      | 0       |
|    and_ln347_4_fu_2844_p2         |     |        | and_ln347_4        | and    | auto      | 0       |
|    or_ln347_2_fu_2850_p2          |     |        | or_ln347_2         | or     | auto      | 0       |
|    xor_ln347_4_fu_2856_p2         |     |        | xor_ln347_4        | xor    | auto      | 0       |
|    and_ln347_5_fu_2862_p2         |     |        | and_ln347_5        | and    | auto      | 0       |
|    select_ln347_2_fu_3554_p3      |     |        | select_ln347_2     | select | auto_sel  | 0       |
|    or_ln347_1_fu_2868_p2          |     |        | or_ln347_1         | or     | auto      | 0       |
|    w0_term1_2_fu_3561_p3          |     |        | w0_term1_2         | select | auto_sel  | 0       |
|    sub_ln349_fu_2611_p2           |     |        | sub_ln349          | sub    | fabric    | 0       |
|    xor_ln349_fu_2636_p2           |     |        | xor_ln349          | xor    | auto      | 0       |
|    and_ln349_fu_2642_p2           |     |        | and_ln349          | and    | auto      | 0       |
|    xor_ln349_1_fu_2648_p2         |     |        | xor_ln349_1        | xor    | auto      | 0       |
|    select_ln349_fu_2654_p3        |     |        | select_ln349       | select | auto_sel  | 0       |
|    w0_dx2_2_fu_2662_p3            |     |        | w0_dx2_2           | select | auto_sel  | 0       |
|    mul_32s_32s_64_1_1_U103        | 4   |        | mul_ln351          | mul    | auto      | 0       |
|    w0_term2_1_fu_2891_p2          |     |        | w0_term2_1         | add    | fabric    | 0       |
|    xor_ln351_fu_2905_p2           |     |        | xor_ln351          | xor    | auto      | 0       |
|    and_ln351_fu_2911_p2           |     |        | and_ln351          | and    | auto      | 0       |
|    grp_fu_722_p2                  |     |        | icmp_ln351         | seteq  | auto      | 0       |
|    grp_fu_736_p2                  |     |        | icmp_ln351_1       | seteq  | auto      | 0       |
|    grp_fu_742_p2                  |     |        | icmp_ln351_2       | seteq  | auto      | 0       |
|    select_ln351_fu_2925_p3        |     |        | select_ln351       | select | auto_sel  | 0       |
|    xor_ln351_1_fu_2933_p2         |     |        | xor_ln351_1        | xor    | auto      | 0       |
|    and_ln351_1_fu_2939_p2         |     |        | and_ln351_1        | and    | auto      | 0       |
|    select_ln351_1_fu_2945_p3      |     |        | select_ln351_1     | select | auto_sel  | 0       |
|    and_ln351_2_fu_2953_p2         |     |        | and_ln351_2        | and    | auto      | 0       |
|    xor_ln351_2_fu_2959_p2         |     |        | xor_ln351_2        | xor    | auto      | 0       |
|    or_ln351_fu_2965_p2            |     |        | or_ln351           | or     | auto      | 0       |
|    xor_ln351_3_fu_2971_p2         |     |        | xor_ln351_3        | xor    | auto      | 0       |
|    and_ln351_3_fu_2977_p2         |     |        | and_ln351_3        | and    | auto      | 0       |
|    and_ln351_4_fu_2983_p2         |     |        | and_ln351_4        | and    | auto      | 0       |
|    or_ln351_2_fu_2989_p2          |     |        | or_ln351_2         | or     | auto      | 0       |
|    xor_ln351_4_fu_2995_p2         |     |        | xor_ln351_4        | xor    | auto      | 0       |
|    and_ln351_5_fu_3001_p2         |     |        | and_ln351_5        | and    | auto      | 0       |
|    select_ln351_2_fu_3567_p3      |     |        | select_ln351_2     | select | auto_sel  | 0       |
|    or_ln351_1_fu_3007_p2          |     |        | or_ln351_1         | or     | auto      | 0       |
|    w0_term2_2_fu_3574_p3          |     |        | w0_term2_2         | select | auto_sel  | 0       |
|    sub_ln353_fu_3588_p2           |     |        | sub_ln353          | sub    | fabric    | 0       |
|    xor_ln353_fu_3614_p2           |     |        | xor_ln353          | xor    | auto      | 0       |
|    and_ln353_fu_3620_p2           |     |        | and_ln353          | and    | auto      | 0       |
|    xor_ln353_1_fu_3626_p2         |     |        | xor_ln353_1        | xor    | auto      | 0       |
|    select_ln353_fu_3632_p3        |     |        | select_ln353       | select | auto_sel  | 0       |
|    w0_diff_1_fu_3640_p3           |     |        | w0_diff_1          | select | auto_sel  | 0       |
|    mul_32s_32s_64_1_1_U102        | 4   |        | mul_ln354          | mul    | auto      | 0       |
|    w0_1_fu_3852_p2                |     |        | w0_1               | add    | fabric    | 0       |
|    xor_ln354_fu_3866_p2           |     |        | xor_ln354          | xor    | auto      | 0       |
|    and_ln354_fu_3872_p2           |     |        | and_ln354          | and    | auto      | 0       |
|    grp_fu_662_p2                  |     |        | icmp_ln354         | seteq  | auto      | 0       |
|    grp_fu_676_p2                  |     |        | icmp_ln354_1       | seteq  | auto      | 0       |
|    grp_fu_682_p2                  |     |        | icmp_ln354_2       | seteq  | auto      | 0       |
|    select_ln354_fu_3886_p3        |     |        | select_ln354       | select | auto_sel  | 0       |
|    xor_ln354_1_fu_3894_p2         |     |        | xor_ln354_1        | xor    | auto      | 0       |
|    and_ln354_1_fu_3900_p2         |     |        | and_ln354_1        | and    | auto      | 0       |
|    select_ln354_1_fu_3906_p3      |     |        | select_ln354_1     | select | auto_sel  | 0       |
|    and_ln354_2_fu_3914_p2         |     |        | and_ln354_2        | and    | auto      | 0       |
|    xor_ln354_2_fu_3920_p2         |     |        | xor_ln354_2        | xor    | auto      | 0       |
|    or_ln354_fu_3926_p2            |     |        | or_ln354           | or     | auto      | 0       |
|    xor_ln354_3_fu_3932_p2         |     |        | xor_ln354_3        | xor    | auto      | 0       |
|    and_ln354_3_fu_3938_p2         |     |        | and_ln354_3        | and    | auto      | 0       |
|    and_ln354_4_fu_3944_p2         |     |        | and_ln354_4        | and    | auto      | 0       |
|    or_ln354_2_fu_3950_p2          |     |        | or_ln354_2         | or     | auto      | 0       |
|    xor_ln354_4_fu_3956_p2         |     |        | xor_ln354_4        | xor    | auto      | 0       |
|    and_ln354_5_fu_3962_p2         |     |        | and_ln354_5        | and    | auto      | 0       |
|    select_ln354_2_fu_3968_p3      |     |        | select_ln354_2     | select | auto_sel  | 0       |
|    or_ln354_1_fu_3976_p2          |     |        | or_ln354_1         | or     | auto      | 0       |
|    w0_2_fu_3982_p3                |     |        | w0_2               | select | auto_sel  | 0       |
|    mul_32s_32s_64_1_1_U104        | 4   |        | mul_ln359          | mul    | auto      | 0       |
|    w1_term1_1_fu_3025_p2          |     |        | w1_term1_1         | add    | fabric    | 0       |
|    xor_ln359_fu_3039_p2           |     |        | xor_ln359          | xor    | auto      | 0       |
|    and_ln359_fu_3045_p2           |     |        | and_ln359          | and    | auto      | 0       |
|    grp_fu_782_p2                  |     |        | icmp_ln359         | seteq  | auto      | 0       |
|    grp_fu_796_p2                  |     |        | icmp_ln359_1       | seteq  | auto      | 0       |
|    grp_fu_802_p2                  |     |        | icmp_ln359_2       | seteq  | auto      | 0       |
|    select_ln359_fu_3059_p3        |     |        | select_ln359       | select | auto_sel  | 0       |
|    xor_ln359_1_fu_3067_p2         |     |        | xor_ln359_1        | xor    | auto      | 0       |
|    and_ln359_1_fu_3073_p2         |     |        | and_ln359_1        | and    | auto      | 0       |
|    select_ln359_1_fu_3079_p3      |     |        | select_ln359_1     | select | auto_sel  | 0       |
|    and_ln359_2_fu_3087_p2         |     |        | and_ln359_2        | and    | auto      | 0       |
|    xor_ln359_2_fu_3093_p2         |     |        | xor_ln359_2        | xor    | auto      | 0       |
|    or_ln359_fu_3099_p2            |     |        | or_ln359           | or     | auto      | 0       |
|    xor_ln359_3_fu_3105_p2         |     |        | xor_ln359_3        | xor    | auto      | 0       |
|    and_ln359_3_fu_3111_p2         |     |        | and_ln359_3        | and    | auto      | 0       |
|    and_ln359_4_fu_3117_p2         |     |        | and_ln359_4        | and    | auto      | 0       |
|    or_ln359_2_fu_3123_p2          |     |        | or_ln359_2         | or     | auto      | 0       |
|    xor_ln359_4_fu_3129_p2         |     |        | xor_ln359_4        | xor    | auto      | 0       |
|    and_ln359_5_fu_3135_p2         |     |        | and_ln359_5        | and    | auto      | 0       |
|    select_ln359_2_fu_3648_p3      |     |        | select_ln359_2     | select | auto_sel  | 0       |
|    or_ln359_1_fu_3141_p2          |     |        | or_ln359_1         | or     | auto      | 0       |
|    w1_term1_2_fu_3655_p3          |     |        | w1_term1_2         | select | auto_sel  | 0       |
|    sub_ln361_fu_2670_p2           |     |        | sub_ln361          | sub    | fabric    | 0       |
|    xor_ln361_fu_2695_p2           |     |        | xor_ln361          | xor    | auto      | 0       |
|    and_ln361_fu_2701_p2           |     |        | and_ln361          | and    | auto      | 0       |
|    xor_ln361_1_fu_2707_p2         |     |        | xor_ln361_1        | xor    | auto      | 0       |
|    select_ln361_fu_2713_p3        |     |        | select_ln361       | select | auto_sel  | 0       |
|    w1_dx0_2_fu_2721_p3            |     |        | w1_dx0_2           | select | auto_sel  | 0       |
|    mul_32s_32s_64_1_1_U105        | 4   |        | mul_ln363          | mul    | auto      | 0       |
|    w1_term2_1_fu_3164_p2          |     |        | w1_term2_1         | add    | fabric    | 0       |
|    xor_ln363_fu_3178_p2           |     |        | xor_ln363          | xor    | auto      | 0       |
|    and_ln363_fu_3184_p2           |     |        | and_ln363          | and    | auto      | 0       |
|    grp_fu_842_p2                  |     |        | icmp_ln363         | seteq  | auto      | 0       |
|    grp_fu_856_p2                  |     |        | icmp_ln363_1       | seteq  | auto      | 0       |
|    grp_fu_862_p2                  |     |        | icmp_ln363_2       | seteq  | auto      | 0       |
|    select_ln363_fu_3198_p3        |     |        | select_ln363       | select | auto_sel  | 0       |
|    xor_ln363_1_fu_3206_p2         |     |        | xor_ln363_1        | xor    | auto      | 0       |
|    and_ln363_1_fu_3212_p2         |     |        | and_ln363_1        | and    | auto      | 0       |
|    select_ln363_1_fu_3218_p3      |     |        | select_ln363_1     | select | auto_sel  | 0       |
|    and_ln363_2_fu_3226_p2         |     |        | and_ln363_2        | and    | auto      | 0       |
|    xor_ln363_2_fu_3232_p2         |     |        | xor_ln363_2        | xor    | auto      | 0       |
|    or_ln363_fu_3238_p2            |     |        | or_ln363           | or     | auto      | 0       |
|    xor_ln363_3_fu_3244_p2         |     |        | xor_ln363_3        | xor    | auto      | 0       |
|    and_ln363_3_fu_3250_p2         |     |        | and_ln363_3        | and    | auto      | 0       |
|    and_ln363_4_fu_3256_p2         |     |        | and_ln363_4        | and    | auto      | 0       |
|    or_ln363_2_fu_3262_p2          |     |        | or_ln363_2         | or     | auto      | 0       |
|    xor_ln363_4_fu_3268_p2         |     |        | xor_ln363_4        | xor    | auto      | 0       |
|    and_ln363_5_fu_3274_p2         |     |        | and_ln363_5        | and    | auto      | 0       |
|    select_ln363_2_fu_3661_p3      |     |        | select_ln363_2     | select | auto_sel  | 0       |
|    or_ln363_1_fu_3280_p2          |     |        | or_ln363_1         | or     | auto      | 0       |
|    w1_term2_2_fu_3668_p3          |     |        | w1_term2_2         | select | auto_sel  | 0       |
|    sub_ln365_fu_3682_p2           |     |        | sub_ln365          | sub    | fabric    | 0       |
|    xor_ln365_fu_3708_p2           |     |        | xor_ln365          | xor    | auto      | 0       |
|    and_ln365_fu_3714_p2           |     |        | and_ln365          | and    | auto      | 0       |
|    xor_ln365_1_fu_3720_p2         |     |        | xor_ln365_1        | xor    | auto      | 0       |
|    select_ln365_fu_3726_p3        |     |        | select_ln365       | select | auto_sel  | 0       |
|    w1_diff_1_fu_3734_p3           |     |        | w1_diff_1          | select | auto_sel  | 0       |
|    mul_32s_32s_64_1_1_U103        | 4   |        | mul_ln366          | mul    | auto      | 0       |
|    w1_1_fu_4006_p2                |     |        | w1_1               | add    | fabric    | 0       |
|    xor_ln366_fu_4020_p2           |     |        | xor_ln366          | xor    | auto      | 0       |
|    and_ln366_fu_4026_p2           |     |        | and_ln366          | and    | auto      | 0       |
|    grp_fu_722_p2                  |     |        | icmp_ln366         | seteq  | auto      | 0       |
|    grp_fu_736_p2                  |     |        | icmp_ln366_1       | seteq  | auto      | 0       |
|    grp_fu_742_p2                  |     |        | icmp_ln366_2       | seteq  | auto      | 0       |
|    select_ln366_fu_4040_p3        |     |        | select_ln366       | select | auto_sel  | 0       |
|    xor_ln366_1_fu_4048_p2         |     |        | xor_ln366_1        | xor    | auto      | 0       |
|    and_ln366_1_fu_4054_p2         |     |        | and_ln366_1        | and    | auto      | 0       |
|    select_ln366_1_fu_4060_p3      |     |        | select_ln366_1     | select | auto_sel  | 0       |
|    and_ln366_2_fu_4068_p2         |     |        | and_ln366_2        | and    | auto      | 0       |
|    xor_ln366_2_fu_4074_p2         |     |        | xor_ln366_2        | xor    | auto      | 0       |
|    or_ln366_fu_4080_p2            |     |        | or_ln366           | or     | auto      | 0       |
|    xor_ln366_3_fu_4086_p2         |     |        | xor_ln366_3        | xor    | auto      | 0       |
|    and_ln366_3_fu_4092_p2         |     |        | and_ln366_3        | and    | auto      | 0       |
|    and_ln366_4_fu_4098_p2         |     |        | and_ln366_4        | and    | auto      | 0       |
|    or_ln366_2_fu_4104_p2          |     |        | or_ln366_2         | or     | auto      | 0       |
|    xor_ln366_4_fu_4110_p2         |     |        | xor_ln366_4        | xor    | auto      | 0       |
|    and_ln366_5_fu_4116_p2         |     |        | and_ln366_5        | and    | auto      | 0       |
|    select_ln366_2_fu_4122_p3      |     |        | select_ln366_2     | select | auto_sel  | 0       |
|    or_ln366_1_fu_4130_p2          |     |        | or_ln366_1         | or     | auto      | 0       |
|    w1_2_fu_4136_p3                |     |        | w1_2               | select | auto_sel  | 0       |
|    mul_32s_32s_64_1_1_U106        | 4   |        | mul_ln371          | mul    | auto      | 0       |
|    w2_term1_1_fu_3298_p2          |     |        | w2_term1_1         | add    | fabric    | 0       |
|    xor_ln371_fu_3312_p2           |     |        | xor_ln371          | xor    | auto      | 0       |
|    and_ln371_fu_3318_p2           |     |        | and_ln371          | and    | auto      | 0       |
|    grp_fu_902_p2                  |     |        | icmp_ln371         | seteq  | auto      | 0       |
|    grp_fu_916_p2                  |     |        | icmp_ln371_1       | seteq  | auto      | 0       |
|    grp_fu_922_p2                  |     |        | icmp_ln371_2       | seteq  | auto      | 0       |
|    select_ln371_fu_3332_p3        |     |        | select_ln371       | select | auto_sel  | 0       |
|    xor_ln371_1_fu_3340_p2         |     |        | xor_ln371_1        | xor    | auto      | 0       |
|    and_ln371_1_fu_3346_p2         |     |        | and_ln371_1        | and    | auto      | 0       |
|    select_ln371_1_fu_3352_p3      |     |        | select_ln371_1     | select | auto_sel  | 0       |
|    and_ln371_2_fu_3360_p2         |     |        | and_ln371_2        | and    | auto      | 0       |
|    xor_ln371_2_fu_3366_p2         |     |        | xor_ln371_2        | xor    | auto      | 0       |
|    or_ln371_fu_3372_p2            |     |        | or_ln371           | or     | auto      | 0       |
|    xor_ln371_3_fu_3378_p2         |     |        | xor_ln371_3        | xor    | auto      | 0       |
|    and_ln371_3_fu_3384_p2         |     |        | and_ln371_3        | and    | auto      | 0       |
|    and_ln371_4_fu_3390_p2         |     |        | and_ln371_4        | and    | auto      | 0       |
|    or_ln371_2_fu_3396_p2          |     |        | or_ln371_2         | or     | auto      | 0       |
|    xor_ln371_4_fu_3402_p2         |     |        | xor_ln371_4        | xor    | auto      | 0       |
|    and_ln371_5_fu_3408_p2         |     |        | and_ln371_5        | and    | auto      | 0       |
|    select_ln371_2_fu_3742_p3      |     |        | select_ln371_2     | select | auto_sel  | 0       |
|    or_ln371_1_fu_3414_p2          |     |        | or_ln371_1         | or     | auto      | 0       |
|    w2_term1_2_fu_3749_p3          |     |        | w2_term1_2         | select | auto_sel  | 0       |
|    mul_32s_32s_64_1_1_U107        | 4   |        | mul_ln375          | mul    | auto      | 0       |
|    w2_term2_1_fu_3432_p2          |     |        | w2_term2_1         | add    | fabric    | 0       |
|    xor_ln375_fu_3446_p2           |     |        | xor_ln375          | xor    | auto      | 0       |
|    and_ln375_fu_3452_p2           |     |        | and_ln375          | and    | auto      | 0       |
|    grp_fu_962_p2                  |     |        | icmp_ln375         | seteq  | auto      | 0       |
|    grp_fu_976_p2                  |     |        | icmp_ln375_1       | seteq  | auto      | 0       |
|    grp_fu_982_p2                  |     |        | icmp_ln375_2       | seteq  | auto      | 0       |
|    select_ln375_fu_3466_p3        |     |        | select_ln375       | select | auto_sel  | 0       |
|    xor_ln375_1_fu_3474_p2         |     |        | xor_ln375_1        | xor    | auto      | 0       |
|    and_ln375_1_fu_3480_p2         |     |        | and_ln375_1        | and    | auto      | 0       |
|    select_ln375_1_fu_3486_p3      |     |        | select_ln375_1     | select | auto_sel  | 0       |
|    and_ln375_2_fu_3494_p2         |     |        | and_ln375_2        | and    | auto      | 0       |
|    xor_ln375_2_fu_3500_p2         |     |        | xor_ln375_2        | xor    | auto      | 0       |
|    or_ln375_fu_3506_p2            |     |        | or_ln375           | or     | auto      | 0       |
|    xor_ln375_3_fu_3512_p2         |     |        | xor_ln375_3        | xor    | auto      | 0       |
|    and_ln375_3_fu_3518_p2         |     |        | and_ln375_3        | and    | auto      | 0       |
|    and_ln375_4_fu_3524_p2         |     |        | and_ln375_4        | and    | auto      | 0       |
|    or_ln375_2_fu_3530_p2          |     |        | or_ln375_2         | or     | auto      | 0       |
|    xor_ln375_4_fu_3536_p2         |     |        | xor_ln375_4        | xor    | auto      | 0       |
|    and_ln375_5_fu_3542_p2         |     |        | and_ln375_5        | and    | auto      | 0       |
|    select_ln375_2_fu_3755_p3      |     |        | select_ln375_2     | select | auto_sel  | 0       |
|    or_ln375_1_fu_3548_p2          |     |        | or_ln375_1         | or     | auto      | 0       |
|    w2_term2_2_fu_3762_p3          |     |        | w2_term2_2         | select | auto_sel  | 0       |
|    sub_ln377_fu_3776_p2           |     |        | sub_ln377          | sub    | fabric    | 0       |
|    xor_ln377_fu_3802_p2           |     |        | xor_ln377          | xor    | auto      | 0       |
|    and_ln377_fu_3808_p2           |     |        | and_ln377          | and    | auto      | 0       |
|    xor_ln377_1_fu_3814_p2         |     |        | xor_ln377_1        | xor    | auto      | 0       |
|    select_ln377_fu_3820_p3        |     |        | select_ln377       | select | auto_sel  | 0       |
|    w2_diff_1_fu_3828_p3           |     |        | w2_diff_1          | select | auto_sel  | 0       |
|    mul_32s_32s_64_1_1_U104        | 4   |        | mul_ln378          | mul    | auto      | 0       |
|    w2_1_fu_4160_p2                |     |        | w2_1               | add    | fabric    | 0       |
|    xor_ln378_fu_4174_p2           |     |        | xor_ln378          | xor    | auto      | 0       |
|    and_ln378_fu_4180_p2           |     |        | and_ln378          | and    | auto      | 0       |
|    grp_fu_782_p2                  |     |        | icmp_ln378         | seteq  | auto      | 0       |
|    grp_fu_796_p2                  |     |        | icmp_ln378_1       | seteq  | auto      | 0       |
|    grp_fu_802_p2                  |     |        | icmp_ln378_2       | seteq  | auto      | 0       |
|    select_ln378_fu_4194_p3        |     |        | select_ln378       | select | auto_sel  | 0       |
|    xor_ln378_1_fu_4202_p2         |     |        | xor_ln378_1        | xor    | auto      | 0       |
|    and_ln378_1_fu_4208_p2         |     |        | and_ln378_1        | and    | auto      | 0       |
|    select_ln378_1_fu_4214_p3      |     |        | select_ln378_1     | select | auto_sel  | 0       |
|    and_ln378_2_fu_4222_p2         |     |        | and_ln378_2        | and    | auto      | 0       |
|    xor_ln378_2_fu_4228_p2         |     |        | xor_ln378_2        | xor    | auto      | 0       |
|    or_ln378_fu_4234_p2            |     |        | or_ln378           | or     | auto      | 0       |
|    xor_ln378_3_fu_4240_p2         |     |        | xor_ln378_3        | xor    | auto      | 0       |
|    and_ln378_3_fu_4246_p2         |     |        | and_ln378_3        | and    | auto      | 0       |
|    and_ln378_4_fu_4252_p2         |     |        | and_ln378_4        | and    | auto      | 0       |
|    or_ln378_2_fu_4258_p2          |     |        | or_ln378_2         | or     | auto      | 0       |
|    xor_ln378_4_fu_4264_p2         |     |        | xor_ln378_4        | xor    | auto      | 0       |
|    and_ln378_5_fu_4270_p2         |     |        | and_ln378_5        | and    | auto      | 0       |
|    select_ln378_2_fu_4276_p3      |     |        | select_ln378_2     | select | auto_sel  | 0       |
|    or_ln378_1_fu_4284_p2          |     |        | or_ln378_1         | or     | auto      | 0       |
|    w2_2_fu_4290_p3                |     |        | w2_2               | select | auto_sel  | 0       |
|    or_ln381_fu_4306_p2            |     |        | or_ln381           | or     | auto      | 0       |
|    mul_32ns_32s_63_1_1_U99        | 4   |        | mul_ln384          | mul    | auto      | 0       |
|    z0_val_1_fu_4336_p2            |     |        | z0_val_1           | add    | fabric    | 0       |
|    xor_ln384_fu_4350_p2           |     |        | xor_ln384          | xor    | auto      | 0       |
|    and_ln384_fu_4356_p2           |     |        | and_ln384          | and    | auto      | 0       |
|    grp_fu_1024_p2                 |     |        | icmp_ln384         | seteq  | auto      | 0       |
|    grp_fu_1040_p2                 |     |        | icmp_ln384_1       | seteq  | auto      | 0       |
|    grp_fu_1046_p2                 |     |        | icmp_ln384_2       | seteq  | auto      | 0       |
|    select_ln384_fu_4370_p3        |     |        | select_ln384       | select | auto_sel  | 0       |
|    xor_ln384_1_fu_4378_p2         |     |        | xor_ln384_1        | xor    | auto      | 0       |
|    and_ln384_1_fu_4384_p2         |     |        | and_ln384_1        | and    | auto      | 0       |
|    select_ln384_1_fu_4390_p3      |     |        | select_ln384_1     | select | auto_sel  | 0       |
|    and_ln384_2_fu_4398_p2         |     |        | and_ln384_2        | and    | auto      | 0       |
|    xor_ln384_2_fu_4404_p2         |     |        | xor_ln384_2        | xor    | auto      | 0       |
|    or_ln384_fu_4410_p2            |     |        | or_ln384           | or     | auto      | 0       |
|    xor_ln384_3_fu_4416_p2         |     |        | xor_ln384_3        | xor    | auto      | 0       |
|    and_ln384_3_fu_4422_p2         |     |        | and_ln384_3        | and    | auto      | 0       |
|    and_ln384_4_fu_4428_p2         |     |        | and_ln384_4        | and    | auto      | 0       |
|    or_ln384_2_fu_4434_p2          |     |        | or_ln384_2         | or     | auto      | 0       |
|    xor_ln384_4_fu_4440_p2         |     |        | xor_ln384_4        | xor    | auto      | 0       |
|    and_ln384_5_fu_4446_p2         |     |        | and_ln384_5        | and    | auto      | 0       |
|    select_ln384_2_fu_4452_p3      |     |        | select_ln384_2     | select | auto_sel  | 0       |
|    or_ln384_1_fu_4460_p2          |     |        | or_ln384_1         | or     | auto      | 0       |
|    z0_val_2_fu_4466_p3            |     |        | z0_val_2           | select | auto_sel  | 0       |
|    mul_32s_32s_64_1_1_U102        | 4   |        | mul_ln385          | mul    | auto      | 0       |
|    z1_val_1_fu_4490_p2            |     |        | z1_val_1           | add    | fabric    | 0       |
|    xor_ln385_fu_4504_p2           |     |        | xor_ln385          | xor    | auto      | 0       |
|    and_ln385_fu_4510_p2           |     |        | and_ln385          | and    | auto      | 0       |
|    grp_fu_662_p2                  |     |        | icmp_ln385         | seteq  | auto      | 0       |
|    grp_fu_676_p2                  |     |        | icmp_ln385_1       | seteq  | auto      | 0       |
|    grp_fu_682_p2                  |     |        | icmp_ln385_2       | seteq  | auto      | 0       |
|    select_ln385_fu_4524_p3        |     |        | select_ln385       | select | auto_sel  | 0       |
|    xor_ln385_1_fu_4532_p2         |     |        | xor_ln385_1        | xor    | auto      | 0       |
|    and_ln385_1_fu_4538_p2         |     |        | and_ln385_1        | and    | auto      | 0       |
|    select_ln385_1_fu_4544_p3      |     |        | select_ln385_1     | select | auto_sel  | 0       |
|    and_ln385_2_fu_4552_p2         |     |        | and_ln385_2        | and    | auto      | 0       |
|    xor_ln385_2_fu_4558_p2         |     |        | xor_ln385_2        | xor    | auto      | 0       |
|    or_ln385_fu_4564_p2            |     |        | or_ln385           | or     | auto      | 0       |
|    xor_ln385_3_fu_4570_p2         |     |        | xor_ln385_3        | xor    | auto      | 0       |
|    and_ln385_3_fu_4576_p2         |     |        | and_ln385_3        | and    | auto      | 0       |
|    and_ln385_4_fu_4582_p2         |     |        | and_ln385_4        | and    | auto      | 0       |
|    or_ln385_2_fu_4588_p2          |     |        | or_ln385_2         | or     | auto      | 0       |
|    xor_ln385_4_fu_4594_p2         |     |        | xor_ln385_4        | xor    | auto      | 0       |
|    and_ln385_5_fu_4600_p2         |     |        | and_ln385_5        | and    | auto      | 0       |
|    select_ln385_2_fu_4606_p3      |     |        | select_ln385_2     | select | auto_sel  | 0       |
|    or_ln385_1_fu_4614_p2          |     |        | or_ln385_1         | or     | auto      | 0       |
|    z1_val_2_fu_4620_p3            |     |        | z1_val_2           | select | auto_sel  | 0       |
|    mul_32s_32s_64_1_1_U103        | 4   |        | mul_ln386          | mul    | auto      | 0       |
|    z2_val_1_fu_4644_p2            |     |        | z2_val_1           | add    | fabric    | 0       |
|    xor_ln386_fu_4658_p2           |     |        | xor_ln386          | xor    | auto      | 0       |
|    and_ln386_fu_4664_p2           |     |        | and_ln386          | and    | auto      | 0       |
|    grp_fu_722_p2                  |     |        | icmp_ln386         | seteq  | auto      | 0       |
|    grp_fu_736_p2                  |     |        | icmp_ln386_1       | seteq  | auto      | 0       |
|    grp_fu_742_p2                  |     |        | icmp_ln386_2       | seteq  | auto      | 0       |
|    select_ln386_fu_4678_p3        |     |        | select_ln386       | select | auto_sel  | 0       |
|    xor_ln386_1_fu_4686_p2         |     |        | xor_ln386_1        | xor    | auto      | 0       |
|    and_ln386_1_fu_4692_p2         |     |        | and_ln386_1        | and    | auto      | 0       |
|    select_ln386_1_fu_4698_p3      |     |        | select_ln386_1     | select | auto_sel  | 0       |
|    and_ln386_2_fu_4706_p2         |     |        | and_ln386_2        | and    | auto      | 0       |
|    xor_ln386_2_fu_4712_p2         |     |        | xor_ln386_2        | xor    | auto      | 0       |
|    or_ln386_fu_4718_p2            |     |        | or_ln386           | or     | auto      | 0       |
|    xor_ln386_3_fu_4724_p2         |     |        | xor_ln386_3        | xor    | auto      | 0       |
|    and_ln386_3_fu_4730_p2         |     |        | and_ln386_3        | and    | auto      | 0       |
|    and_ln386_4_fu_4736_p2         |     |        | and_ln386_4        | and    | auto      | 0       |
|    or_ln386_2_fu_4742_p2          |     |        | or_ln386_2         | or     | auto      | 0       |
|    xor_ln386_4_fu_4748_p2         |     |        | xor_ln386_4        | xor    | auto      | 0       |
|    and_ln386_5_fu_4754_p2         |     |        | and_ln386_5        | and    | auto      | 0       |
|    select_ln386_2_fu_4760_p3      |     |        | select_ln386_2     | select | auto_sel  | 0       |
|    or_ln386_1_fu_4768_p2          |     |        | or_ln386_1         | or     | auto      | 0       |
|    z2_val_2_fu_4774_p3            |     |        | z2_val_2           | select | auto_sel  | 0       |
|    z_fu_4788_p2                   |     |        | z                  | add    | fabric    | 0       |
|    add_ln388_fu_4792_p2           |     |        | add_ln388          | add    | fabric    | 0       |
|    xor_ln388_fu_4814_p2           |     |        | xor_ln388          | xor    | auto      | 0       |
|    and_ln388_fu_4820_p2           |     |        | and_ln388          | and    | auto      | 0       |
|    xor_ln388_1_fu_4826_p2         |     |        | xor_ln388_1        | xor    | auto      | 0       |
|    select_ln388_fu_4832_p3        |     |        | select_ln388       | select | auto_sel  | 0       |
|    z_1_fu_4840_p3                 |     |        | z_1                | select | auto_sel  | 0       |
|    add_ln389_1_fu_4855_p2         |     |        | add_ln389_1        | add    | fabric    | 0       |
|    add_ln389_fu_4860_p2           |     |        | add_ln389          | add    | fabric    | 0       |
|    xor_ln389_fu_4882_p2           |     |        | xor_ln389          | xor    | auto      | 0       |
|    and_ln389_fu_4888_p2           |     |        | and_ln389          | and    | auto      | 0       |
|    xor_ln389_1_fu_4894_p2         |     |        | xor_ln389_1        | xor    | auto      | 0       |
|    select_ln389_fu_4900_p3        |     |        | select_ln389       | select | auto_sel  | 0       |
|    z_2_fu_4908_p3                 |     |        | z_2                | select | auto_sel  | 0       |
|    icmp_ln392_fu_4917_p2          |     |        | icmp_ln392         | setlt  | auto      | 0       |
|    mul_32ns_32s_63_1_1_U99        | 4   |        | mul_ln396          | mul    | auto      | 0       |
|    nx0_1_fu_4935_p2               |     |        | nx0_1              | add    | fabric    | 0       |
|    xor_ln396_fu_4949_p2           |     |        | xor_ln396          | xor    | auto      | 0       |
|    and_ln396_fu_4955_p2           |     |        | and_ln396          | and    | auto      | 0       |
|    grp_fu_1024_p2                 |     |        | icmp_ln396         | seteq  | auto      | 0       |
|    grp_fu_1040_p2                 |     |        | icmp_ln396_1       | seteq  | auto      | 0       |
|    grp_fu_1046_p2                 |     |        | icmp_ln396_2       | seteq  | auto      | 0       |
|    select_ln396_fu_4969_p3        |     |        | select_ln396       | select | auto_sel  | 0       |
|    xor_ln396_1_fu_4977_p2         |     |        | xor_ln396_1        | xor    | auto      | 0       |
|    and_ln396_1_fu_4983_p2         |     |        | and_ln396_1        | and    | auto      | 0       |
|    select_ln396_1_fu_4989_p3      |     |        | select_ln396_1     | select | auto_sel  | 0       |
|    and_ln396_2_fu_4997_p2         |     |        | and_ln396_2        | and    | auto      | 0       |
|    xor_ln396_2_fu_5003_p2         |     |        | xor_ln396_2        | xor    | auto      | 0       |
|    or_ln396_fu_5009_p2            |     |        | or_ln396           | or     | auto      | 0       |
|    xor_ln396_3_fu_5015_p2         |     |        | xor_ln396_3        | xor    | auto      | 0       |
|    and_ln396_3_fu_5021_p2         |     |        | and_ln396_3        | and    | auto      | 0       |
|    and_ln396_4_fu_5027_p2         |     |        | and_ln396_4        | and    | auto      | 0       |
|    or_ln396_2_fu_5033_p2          |     |        | or_ln396_2         | or     | auto      | 0       |
|    xor_ln396_4_fu_5039_p2         |     |        | xor_ln396_4        | xor    | auto      | 0       |
|    and_ln396_5_fu_5045_p2         |     |        | and_ln396_5        | and    | auto      | 0       |
|    select_ln396_2_fu_5051_p3      |     |        | select_ln396_2     | select | auto_sel  | 0       |
|    or_ln396_1_fu_5059_p2          |     |        | or_ln396_1         | or     | auto      | 0       |
|    nx0_2_fu_5065_p3               |     |        | nx0_2              | select | auto_sel  | 0       |
|    mul_32s_32s_64_1_1_U102        | 4   |        | mul_ln397          | mul    | auto      | 0       |
|    nx1_1_fu_5085_p2               |     |        | nx1_1              | add    | fabric    | 0       |
|    xor_ln397_fu_5099_p2           |     |        | xor_ln397          | xor    | auto      | 0       |
|    and_ln397_fu_5105_p2           |     |        | and_ln397          | and    | auto      | 0       |
|    grp_fu_662_p2                  |     |        | icmp_ln397         | seteq  | auto      | 0       |
|    grp_fu_676_p2                  |     |        | icmp_ln397_1       | seteq  | auto      | 0       |
|    grp_fu_682_p2                  |     |        | icmp_ln397_2       | seteq  | auto      | 0       |
|    select_ln397_fu_5119_p3        |     |        | select_ln397       | select | auto_sel  | 0       |
|    xor_ln397_1_fu_5127_p2         |     |        | xor_ln397_1        | xor    | auto      | 0       |
|    and_ln397_1_fu_5133_p2         |     |        | and_ln397_1        | and    | auto      | 0       |
|    select_ln397_1_fu_5139_p3      |     |        | select_ln397_1     | select | auto_sel  | 0       |
|    and_ln397_2_fu_5147_p2         |     |        | and_ln397_2        | and    | auto      | 0       |
|    xor_ln397_2_fu_5153_p2         |     |        | xor_ln397_2        | xor    | auto      | 0       |
|    or_ln397_fu_5159_p2            |     |        | or_ln397           | or     | auto      | 0       |
|    xor_ln397_3_fu_5165_p2         |     |        | xor_ln397_3        | xor    | auto      | 0       |
|    and_ln397_3_fu_5171_p2         |     |        | and_ln397_3        | and    | auto      | 0       |
|    and_ln397_4_fu_5177_p2         |     |        | and_ln397_4        | and    | auto      | 0       |
|    or_ln397_2_fu_5183_p2          |     |        | or_ln397_2         | or     | auto      | 0       |
|    xor_ln397_4_fu_5189_p2         |     |        | xor_ln397_4        | xor    | auto      | 0       |
|    and_ln397_5_fu_5195_p2         |     |        | and_ln397_5        | and    | auto      | 0       |
|    select_ln397_2_fu_5201_p3      |     |        | select_ln397_2     | select | auto_sel  | 0       |
|    or_ln397_1_fu_5209_p2          |     |        | or_ln397_1         | or     | auto      | 0       |
|    nx1_2_fu_5215_p3               |     |        | nx1_2              | select | auto_sel  | 0       |
|    mul_32s_32s_64_1_1_U103        | 4   |        | mul_ln398          | mul    | auto      | 0       |
|    nx2_1_fu_5235_p2               |     |        | nx2_1              | add    | fabric    | 0       |
|    xor_ln398_fu_5249_p2           |     |        | xor_ln398          | xor    | auto      | 0       |
|    and_ln398_fu_5255_p2           |     |        | and_ln398          | and    | auto      | 0       |
|    grp_fu_722_p2                  |     |        | icmp_ln398         | seteq  | auto      | 0       |
|    grp_fu_736_p2                  |     |        | icmp_ln398_1       | seteq  | auto      | 0       |
|    grp_fu_742_p2                  |     |        | icmp_ln398_2       | seteq  | auto      | 0       |
|    select_ln398_fu_5269_p3        |     |        | select_ln398       | select | auto_sel  | 0       |
|    xor_ln398_1_fu_5277_p2         |     |        | xor_ln398_1        | xor    | auto      | 0       |
|    and_ln398_1_fu_5283_p2         |     |        | and_ln398_1        | and    | auto      | 0       |
|    select_ln398_1_fu_5289_p3      |     |        | select_ln398_1     | select | auto_sel  | 0       |
|    and_ln398_2_fu_5297_p2         |     |        | and_ln398_2        | and    | auto      | 0       |
|    xor_ln398_2_fu_5303_p2         |     |        | xor_ln398_2        | xor    | auto      | 0       |
|    or_ln398_fu_5309_p2            |     |        | or_ln398           | or     | auto      | 0       |
|    xor_ln398_3_fu_5315_p2         |     |        | xor_ln398_3        | xor    | auto      | 0       |
|    and_ln398_3_fu_5321_p2         |     |        | and_ln398_3        | and    | auto      | 0       |
|    and_ln398_4_fu_5327_p2         |     |        | and_ln398_4        | and    | auto      | 0       |
|    or_ln398_2_fu_5333_p2          |     |        | or_ln398_2         | or     | auto      | 0       |
|    xor_ln398_4_fu_5339_p2         |     |        | xor_ln398_4        | xor    | auto      | 0       |
|    and_ln398_5_fu_5345_p2         |     |        | and_ln398_5        | and    | auto      | 0       |
|    select_ln398_2_fu_5351_p3      |     |        | select_ln398_2     | select | auto_sel  | 0       |
|    or_ln398_1_fu_5359_p2          |     |        | or_ln398_1         | or     | auto      | 0       |
|    nx2_2_fu_5365_p3               |     |        | nx2_2              | select | auto_sel  | 0       |
|    norm_x_fu_6407_p2              |     |        | norm_x             | add    | fabric    | 0       |
|    add_ln399_fu_6411_p2           |     |        | add_ln399          | add    | fabric    | 0       |
|    xor_ln399_fu_6433_p2           |     |        | xor_ln399          | xor    | auto      | 0       |
|    and_ln399_fu_6439_p2           |     |        | and_ln399          | and    | auto      | 0       |
|    xor_ln399_1_fu_6445_p2         |     |        | xor_ln399_1        | xor    | auto      | 0       |
|    select_ln399_fu_6451_p3        |     |        | select_ln399       | select | auto_sel  | 0       |
|    norm_x_1_fu_6459_p3            |     |        | norm_x_1           | select | auto_sel  | 0       |
|    add_ln400_1_fu_6474_p2         |     |        | add_ln400_1        | add    | fabric    | 0       |
|    add_ln400_fu_6479_p2           |     |        | add_ln400          | add    | fabric    | 0       |
|    xor_ln400_fu_6501_p2           |     |        | xor_ln400          | xor    | auto      | 0       |
|    and_ln400_fu_6507_p2           |     |        | and_ln400          | and    | auto      | 0       |
|    xor_ln400_1_fu_6513_p2         |     |        | xor_ln400_1        | xor    | auto      | 0       |
|    select_ln400_fu_6519_p3        |     |        | select_ln400       | select | auto_sel  | 0       |
|    norm_x_2_fu_6527_p3            |     |        | norm_x_2           | select | auto_sel  | 0       |
|    mul_32ns_32s_63_1_1_U100       | 4   |        | mul_ln404          | mul    | auto      | 0       |
|    ny0_1_fu_5411_p2               |     |        | ny0_1              | add    | fabric    | 0       |
|    xor_ln404_fu_5425_p2           |     |        | xor_ln404          | xor    | auto      | 0       |
|    and_ln404_fu_5431_p2           |     |        | and_ln404          | and    | auto      | 0       |
|    icmp_ln404_fu_5455_p2          |     |        | icmp_ln404         | seteq  | auto      | 0       |
|    icmp_ln404_1_fu_5471_p2        |     |        | icmp_ln404_1       | seteq  | auto      | 0       |
|    icmp_ln404_2_fu_5477_p2        |     |        | icmp_ln404_2       | seteq  | auto      | 0       |
|    select_ln404_fu_5483_p3        |     |        | select_ln404       | select | auto_sel  | 0       |
|    xor_ln404_1_fu_5491_p2         |     |        | xor_ln404_1        | xor    | auto      | 0       |
|    and_ln404_1_fu_5497_p2         |     |        | and_ln404_1        | and    | auto      | 0       |
|    select_ln404_1_fu_5503_p3      |     |        | select_ln404_1     | select | auto_sel  | 0       |
|    and_ln404_2_fu_5511_p2         |     |        | and_ln404_2        | and    | auto      | 0       |
|    xor_ln404_2_fu_5517_p2         |     |        | xor_ln404_2        | xor    | auto      | 0       |
|    or_ln404_fu_5523_p2            |     |        | or_ln404           | or     | auto      | 0       |
|    xor_ln404_3_fu_5529_p2         |     |        | xor_ln404_3        | xor    | auto      | 0       |
|    and_ln404_3_fu_5535_p2         |     |        | and_ln404_3        | and    | auto      | 0       |
|    and_ln404_4_fu_5541_p2         |     |        | and_ln404_4        | and    | auto      | 0       |
|    or_ln404_2_fu_5547_p2          |     |        | or_ln404_2         | or     | auto      | 0       |
|    xor_ln404_4_fu_5553_p2         |     |        | xor_ln404_4        | xor    | auto      | 0       |
|    and_ln404_5_fu_5559_p2         |     |        | and_ln404_5        | and    | auto      | 0       |
|    select_ln404_2_fu_5565_p3      |     |        | select_ln404_2     | select | auto_sel  | 0       |
|    or_ln404_1_fu_5573_p2          |     |        | or_ln404_1         | or     | auto      | 0       |
|    ny0_2_fu_5579_p3               |     |        | ny0_2              | select | auto_sel  | 0       |
|    mul_32s_32s_64_1_1_U104        | 4   |        | mul_ln405          | mul    | auto      | 0       |
|    ny1_1_fu_5599_p2               |     |        | ny1_1              | add    | fabric    | 0       |
|    xor_ln405_fu_5613_p2           |     |        | xor_ln405          | xor    | auto      | 0       |
|    and_ln405_fu_5619_p2           |     |        | and_ln405          | and    | auto      | 0       |
|    grp_fu_782_p2                  |     |        | icmp_ln405         | seteq  | auto      | 0       |
|    grp_fu_796_p2                  |     |        | icmp_ln405_1       | seteq  | auto      | 0       |
|    grp_fu_802_p2                  |     |        | icmp_ln405_2       | seteq  | auto      | 0       |
|    select_ln405_fu_5633_p3        |     |        | select_ln405       | select | auto_sel  | 0       |
|    xor_ln405_1_fu_5641_p2         |     |        | xor_ln405_1        | xor    | auto      | 0       |
|    and_ln405_1_fu_5647_p2         |     |        | and_ln405_1        | and    | auto      | 0       |
|    select_ln405_1_fu_5653_p3      |     |        | select_ln405_1     | select | auto_sel  | 0       |
|    and_ln405_2_fu_5661_p2         |     |        | and_ln405_2        | and    | auto      | 0       |
|    xor_ln405_2_fu_5667_p2         |     |        | xor_ln405_2        | xor    | auto      | 0       |
|    or_ln405_fu_5673_p2            |     |        | or_ln405           | or     | auto      | 0       |
|    xor_ln405_3_fu_5679_p2         |     |        | xor_ln405_3        | xor    | auto      | 0       |
|    and_ln405_3_fu_5685_p2         |     |        | and_ln405_3        | and    | auto      | 0       |
|    and_ln405_4_fu_5691_p2         |     |        | and_ln405_4        | and    | auto      | 0       |
|    or_ln405_2_fu_5697_p2          |     |        | or_ln405_2         | or     | auto      | 0       |
|    xor_ln405_4_fu_5703_p2         |     |        | xor_ln405_4        | xor    | auto      | 0       |
|    and_ln405_5_fu_5709_p2         |     |        | and_ln405_5        | and    | auto      | 0       |
|    select_ln405_2_fu_5715_p3      |     |        | select_ln405_2     | select | auto_sel  | 0       |
|    or_ln405_1_fu_5723_p2          |     |        | or_ln405_1         | or     | auto      | 0       |
|    ny1_2_fu_5729_p3               |     |        | ny1_2              | select | auto_sel  | 0       |
|    mul_32s_32s_64_1_1_U105        | 4   |        | mul_ln406          | mul    | auto      | 0       |
|    ny2_1_fu_5749_p2               |     |        | ny2_1              | add    | fabric    | 0       |
|    xor_ln406_fu_5763_p2           |     |        | xor_ln406          | xor    | auto      | 0       |
|    and_ln406_fu_5769_p2           |     |        | and_ln406          | and    | auto      | 0       |
|    grp_fu_842_p2                  |     |        | icmp_ln406         | seteq  | auto      | 0       |
|    grp_fu_856_p2                  |     |        | icmp_ln406_1       | seteq  | auto      | 0       |
|    grp_fu_862_p2                  |     |        | icmp_ln406_2       | seteq  | auto      | 0       |
|    select_ln406_fu_5783_p3        |     |        | select_ln406       | select | auto_sel  | 0       |
|    xor_ln406_1_fu_5791_p2         |     |        | xor_ln406_1        | xor    | auto      | 0       |
|    and_ln406_1_fu_5797_p2         |     |        | and_ln406_1        | and    | auto      | 0       |
|    select_ln406_1_fu_5803_p3      |     |        | select_ln406_1     | select | auto_sel  | 0       |
|    and_ln406_2_fu_5811_p2         |     |        | and_ln406_2        | and    | auto      | 0       |
|    xor_ln406_2_fu_5817_p2         |     |        | xor_ln406_2        | xor    | auto      | 0       |
|    or_ln406_fu_5823_p2            |     |        | or_ln406           | or     | auto      | 0       |
|    xor_ln406_3_fu_5829_p2         |     |        | xor_ln406_3        | xor    | auto      | 0       |
|    and_ln406_3_fu_5835_p2         |     |        | and_ln406_3        | and    | auto      | 0       |
|    and_ln406_4_fu_5841_p2         |     |        | and_ln406_4        | and    | auto      | 0       |
|    or_ln406_2_fu_5847_p2          |     |        | or_ln406_2         | or     | auto      | 0       |
|    xor_ln406_4_fu_5853_p2         |     |        | xor_ln406_4        | xor    | auto      | 0       |
|    and_ln406_5_fu_5859_p2         |     |        | and_ln406_5        | and    | auto      | 0       |
|    select_ln406_2_fu_5865_p3      |     |        | select_ln406_2     | select | auto_sel  | 0       |
|    or_ln406_1_fu_5873_p2          |     |        | or_ln406_1         | or     | auto      | 0       |
|    ny2_2_fu_5879_p3               |     |        | ny2_2              | select | auto_sel  | 0       |
|    norm_y_fu_6542_p2              |     |        | norm_y             | add    | fabric    | 0       |
|    add_ln407_fu_6546_p2           |     |        | add_ln407          | add    | fabric    | 0       |
|    xor_ln407_fu_6568_p2           |     |        | xor_ln407          | xor    | auto      | 0       |
|    and_ln407_fu_6574_p2           |     |        | and_ln407          | and    | auto      | 0       |
|    xor_ln407_1_fu_6580_p2         |     |        | xor_ln407_1        | xor    | auto      | 0       |
|    select_ln407_fu_6586_p3        |     |        | select_ln407       | select | auto_sel  | 0       |
|    norm_y_1_fu_6594_p3            |     |        | norm_y_1           | select | auto_sel  | 0       |
|    add_ln408_1_fu_6609_p2         |     |        | add_ln408_1        | add    | fabric    | 0       |
|    add_ln408_fu_6614_p2           |     |        | add_ln408          | add    | fabric    | 0       |
|    xor_ln408_fu_6636_p2           |     |        | xor_ln408          | xor    | auto      | 0       |
|    and_ln408_fu_6642_p2           |     |        | and_ln408          | and    | auto      | 0       |
|    xor_ln408_1_fu_6648_p2         |     |        | xor_ln408_1        | xor    | auto      | 0       |
|    select_ln408_fu_6654_p3        |     |        | select_ln408       | select | auto_sel  | 0       |
|    norm_y_2_fu_6662_p3            |     |        | norm_y_2           | select | auto_sel  | 0       |
|    mul_32ns_32s_63_1_1_U101       | 4   |        | mul_ln412          | mul    | auto      | 0       |
|    nz0_1_fu_5925_p2               |     |        | nz0_1              | add    | fabric    | 0       |
|    xor_ln412_fu_5939_p2           |     |        | xor_ln412          | xor    | auto      | 0       |
|    and_ln412_fu_5945_p2           |     |        | and_ln412          | and    | auto      | 0       |
|    icmp_ln412_fu_5969_p2          |     |        | icmp_ln412         | seteq  | auto      | 0       |
|    icmp_ln412_1_fu_5985_p2        |     |        | icmp_ln412_1       | seteq  | auto      | 0       |
|    icmp_ln412_2_fu_5991_p2        |     |        | icmp_ln412_2       | seteq  | auto      | 0       |
|    select_ln412_fu_5997_p3        |     |        | select_ln412       | select | auto_sel  | 0       |
|    xor_ln412_1_fu_6005_p2         |     |        | xor_ln412_1        | xor    | auto      | 0       |
|    and_ln412_1_fu_6011_p2         |     |        | and_ln412_1        | and    | auto      | 0       |
|    select_ln412_1_fu_6017_p3      |     |        | select_ln412_1     | select | auto_sel  | 0       |
|    and_ln412_2_fu_6025_p2         |     |        | and_ln412_2        | and    | auto      | 0       |
|    xor_ln412_2_fu_6031_p2         |     |        | xor_ln412_2        | xor    | auto      | 0       |
|    or_ln412_fu_6037_p2            |     |        | or_ln412           | or     | auto      | 0       |
|    xor_ln412_3_fu_6043_p2         |     |        | xor_ln412_3        | xor    | auto      | 0       |
|    and_ln412_3_fu_6049_p2         |     |        | and_ln412_3        | and    | auto      | 0       |
|    and_ln412_4_fu_6055_p2         |     |        | and_ln412_4        | and    | auto      | 0       |
|    or_ln412_2_fu_6061_p2          |     |        | or_ln412_2         | or     | auto      | 0       |
|    xor_ln412_4_fu_6067_p2         |     |        | xor_ln412_4        | xor    | auto      | 0       |
|    and_ln412_5_fu_6073_p2         |     |        | and_ln412_5        | and    | auto      | 0       |
|    select_ln412_2_fu_6079_p3      |     |        | select_ln412_2     | select | auto_sel  | 0       |
|    or_ln412_1_fu_6087_p2          |     |        | or_ln412_1         | or     | auto      | 0       |
|    nz0_2_fu_6093_p3               |     |        | nz0_2              | select | auto_sel  | 0       |
|    mul_32s_32s_64_1_1_U106        | 4   |        | mul_ln413          | mul    | auto      | 0       |
|    nz1_1_fu_6113_p2               |     |        | nz1_1              | add    | fabric    | 0       |
|    xor_ln413_fu_6127_p2           |     |        | xor_ln413          | xor    | auto      | 0       |
|    and_ln413_fu_6133_p2           |     |        | and_ln413          | and    | auto      | 0       |
|    grp_fu_902_p2                  |     |        | icmp_ln413         | seteq  | auto      | 0       |
|    grp_fu_916_p2                  |     |        | icmp_ln413_1       | seteq  | auto      | 0       |
|    grp_fu_922_p2                  |     |        | icmp_ln413_2       | seteq  | auto      | 0       |
|    select_ln413_fu_6147_p3        |     |        | select_ln413       | select | auto_sel  | 0       |
|    xor_ln413_1_fu_6155_p2         |     |        | xor_ln413_1        | xor    | auto      | 0       |
|    and_ln413_1_fu_6161_p2         |     |        | and_ln413_1        | and    | auto      | 0       |
|    select_ln413_1_fu_6167_p3      |     |        | select_ln413_1     | select | auto_sel  | 0       |
|    and_ln413_2_fu_6175_p2         |     |        | and_ln413_2        | and    | auto      | 0       |
|    xor_ln413_2_fu_6181_p2         |     |        | xor_ln413_2        | xor    | auto      | 0       |
|    or_ln413_fu_6187_p2            |     |        | or_ln413           | or     | auto      | 0       |
|    xor_ln413_3_fu_6193_p2         |     |        | xor_ln413_3        | xor    | auto      | 0       |
|    and_ln413_3_fu_6199_p2         |     |        | and_ln413_3        | and    | auto      | 0       |
|    and_ln413_4_fu_6205_p2         |     |        | and_ln413_4        | and    | auto      | 0       |
|    or_ln413_2_fu_6211_p2          |     |        | or_ln413_2         | or     | auto      | 0       |
|    xor_ln413_4_fu_6217_p2         |     |        | xor_ln413_4        | xor    | auto      | 0       |
|    and_ln413_5_fu_6223_p2         |     |        | and_ln413_5        | and    | auto      | 0       |
|    select_ln413_2_fu_6229_p3      |     |        | select_ln413_2     | select | auto_sel  | 0       |
|    or_ln413_1_fu_6237_p2          |     |        | or_ln413_1         | or     | auto      | 0       |
|    nz1_2_fu_6243_p3               |     |        | nz1_2              | select | auto_sel  | 0       |
|    mul_32s_32s_64_1_1_U107        | 4   |        | mul_ln414          | mul    | auto      | 0       |
|    nz2_1_fu_6263_p2               |     |        | nz2_1              | add    | fabric    | 0       |
|    xor_ln414_fu_6277_p2           |     |        | xor_ln414          | xor    | auto      | 0       |
|    and_ln414_fu_6283_p2           |     |        | and_ln414          | and    | auto      | 0       |
|    grp_fu_962_p2                  |     |        | icmp_ln414         | seteq  | auto      | 0       |
|    grp_fu_976_p2                  |     |        | icmp_ln414_1       | seteq  | auto      | 0       |
|    grp_fu_982_p2                  |     |        | icmp_ln414_2       | seteq  | auto      | 0       |
|    select_ln414_fu_6297_p3        |     |        | select_ln414       | select | auto_sel  | 0       |
|    xor_ln414_1_fu_6305_p2         |     |        | xor_ln414_1        | xor    | auto      | 0       |
|    and_ln414_1_fu_6311_p2         |     |        | and_ln414_1        | and    | auto      | 0       |
|    select_ln414_1_fu_6317_p3      |     |        | select_ln414_1     | select | auto_sel  | 0       |
|    and_ln414_2_fu_6325_p2         |     |        | and_ln414_2        | and    | auto      | 0       |
|    xor_ln414_2_fu_6331_p2         |     |        | xor_ln414_2        | xor    | auto      | 0       |
|    or_ln414_fu_6337_p2            |     |        | or_ln414           | or     | auto      | 0       |
|    xor_ln414_3_fu_6343_p2         |     |        | xor_ln414_3        | xor    | auto      | 0       |
|    and_ln414_3_fu_6349_p2         |     |        | and_ln414_3        | and    | auto      | 0       |
|    and_ln414_4_fu_6355_p2         |     |        | and_ln414_4        | and    | auto      | 0       |
|    or_ln414_2_fu_6361_p2          |     |        | or_ln414_2         | or     | auto      | 0       |
|    xor_ln414_4_fu_6367_p2         |     |        | xor_ln414_4        | xor    | auto      | 0       |
|    and_ln414_5_fu_6373_p2         |     |        | and_ln414_5        | and    | auto      | 0       |
|    select_ln414_2_fu_6379_p3      |     |        | select_ln414_2     | select | auto_sel  | 0       |
|    or_ln414_1_fu_6387_p2          |     |        | or_ln414_1         | or     | auto      | 0       |
|    nz2_2_fu_6393_p3               |     |        | nz2_2              | select | auto_sel  | 0       |
|    norm_z_fu_6677_p2              |     |        | norm_z             | add    | fabric    | 0       |
|    add_ln415_fu_6681_p2           |     |        | add_ln415          | add    | fabric    | 0       |
|    xor_ln415_fu_6703_p2           |     |        | xor_ln415          | xor    | auto      | 0       |
|    and_ln415_fu_6709_p2           |     |        | and_ln415          | and    | auto      | 0       |
|    xor_ln415_1_fu_6715_p2         |     |        | xor_ln415_1        | xor    | auto      | 0       |
|    select_ln415_fu_6721_p3        |     |        | select_ln415       | select | auto_sel  | 0       |
|    norm_z_1_fu_6729_p3            |     |        | norm_z_1           | select | auto_sel  | 0       |
|    add_ln416_1_fu_6744_p2         |     |        | add_ln416_1        | add    | fabric    | 0       |
|    add_ln416_fu_6749_p2           |     |        | add_ln416          | add    | fabric    | 0       |
|    xor_ln416_fu_6771_p2           |     |        | xor_ln416          | xor    | auto      | 0       |
|    and_ln416_fu_6777_p2           |     |        | and_ln416          | and    | auto      | 0       |
|    xor_ln416_1_fu_6783_p2         |     |        | xor_ln416_1        | xor    | auto      | 0       |
|    select_ln416_fu_6789_p3        |     |        | select_ln416       | select | auto_sel  | 0       |
|    norm_z_2_fu_6797_p3            |     |        | norm_z_2           | select | auto_sel  | 0       |
|    add_ln339_fu_6806_p2           |     |        | add_ln339          | add    | fabric    | 0       |
|    add_ln338_fu_2729_p2           |     |        | add_ln338          | add    | fabric    | 0       |
|  + k5_deferred_lighting           | 2   |        |                    |        |           |         |
|    icmp_ln440_fu_271_p2           |     |        | icmp_ln440         | seteq  | auto      | 0       |
|    add_ln440_fu_277_p2            |     |        | add_ln440          | add    | fabric    | 0       |
|    icmp_ln441_fu_295_p2           |     |        | icmp_ln441         | seteq  | auto      | 0       |
|    add_ln441_fu_301_p2            |     |        | add_ln441          | add    | fabric    | 0       |
|    add_ln444_fu_311_p2            |     |        | add_ln444          | add    | fabric    | 0       |
|    icmp_ln446_fu_325_p2           |     |        | icmp_ln446         | seteq  | auto      | 0       |
|    add_ln457_1_fu_355_p2          |     |        | add_ln457_1        | add    | fabric    | 0       |
|    add_ln457_fu_471_p2            |     |        | add_ln457          | add    | fabric    | 0       |
|    xor_ln457_fu_485_p2            |     |        | xor_ln457          | xor    | auto      | 0       |
|    and_ln457_fu_491_p2            |     |        | and_ln457          | and    | auto      | 0       |
|    xor_ln457_2_fu_497_p2          |     |        | xor_ln457_2        | xor    | auto      | 0       |
|    or_ln457_2_fu_503_p2           |     |        | or_ln457_2         | or     | auto      | 0       |
|    xor_ln457_4_fu_509_p2          |     |        | xor_ln457_4        | xor    | auto      | 0       |
|    xor_ln457_1_fu_515_p2          |     |        | xor_ln457_1        | xor    | auto      | 0       |
|    xor_ln457_3_fu_521_p2          |     |        | xor_ln457_3        | xor    | auto      | 0       |
|    or_ln457_fu_527_p2             |     |        | or_ln457           | or     | auto      | 0       |
|    and_ln457_1_fu_533_p2          |     |        | and_ln457_1        | and    | auto      | 0       |
|    or_ln457_3_fu_539_p2           |     |        | or_ln457_3         | or     | auto      | 0       |
|    xor_ln457_5_fu_545_p2          |     |        | xor_ln457_5        | xor    | auto      | 0       |
|    and_ln457_2_fu_551_p2          |     |        | and_ln457_2        | and    | auto      | 0       |
|    select_ln457_fu_557_p3         |     |        | select_ln457       | select | auto_sel  | 0       |
|    or_ln457_1_fu_565_p2           |     |        | or_ln457_1         | or     | auto      | 0       |
|    dot_x_fu_571_p3                |     |        | dot_x              | select | auto_sel  | 0       |
|    mul_32s_17s_49_1_1_U137        | 2   |        | mul_ln460          | mul    | auto      | 0       |
|    add_ln460_fu_622_p2            |     |        | add_ln460          | add    | fabric    | 0       |
|    xor_ln460_fu_636_p2            |     |        | xor_ln460          | xor    | auto      | 0       |
|    and_ln460_fu_642_p2            |     |        | and_ln460          | and    | auto      | 0       |
|    xor_ln460_2_fu_648_p2          |     |        | xor_ln460_2        | xor    | auto      | 0       |
|    or_ln460_2_fu_654_p2           |     |        | or_ln460_2         | or     | auto      | 0       |
|    xor_ln460_4_fu_660_p2          |     |        | xor_ln460_4        | xor    | auto      | 0       |
|    xor_ln460_1_fu_666_p2          |     |        | xor_ln460_1        | xor    | auto      | 0       |
|    xor_ln460_3_fu_672_p2          |     |        | xor_ln460_3        | xor    | auto      | 0       |
|    or_ln460_fu_678_p2             |     |        | or_ln460           | or     | auto      | 0       |
|    and_ln460_1_fu_684_p2          |     |        | and_ln460_1        | and    | auto      | 0       |
|    or_ln460_3_fu_690_p2           |     |        | or_ln460_3         | or     | auto      | 0       |
|    xor_ln460_5_fu_696_p2          |     |        | xor_ln460_5        | xor    | auto      | 0       |
|    and_ln460_2_fu_702_p2          |     |        | and_ln460_2        | and    | auto      | 0       |
|    select_ln460_fu_962_p3         |     |        | select_ln460       | select | auto_sel  | 0       |
|    or_ln460_1_fu_708_p2           |     |        | or_ln460_1         | or     | auto      | 0       |
|    dot_y_fu_969_p3                |     |        | dot_y              | select | auto_sel  | 0       |
|    add_ln463_1_fu_738_p2          |     |        | add_ln463_1        | add    | fabric    | 0       |
|    add_ln463_fu_854_p2            |     |        | add_ln463          | add    | fabric    | 0       |
|    xor_ln463_fu_868_p2            |     |        | xor_ln463          | xor    | auto      | 0       |
|    and_ln463_fu_874_p2            |     |        | and_ln463          | and    | auto      | 0       |
|    xor_ln463_2_fu_880_p2          |     |        | xor_ln463_2        | xor    | auto      | 0       |
|    or_ln463_2_fu_886_p2           |     |        | or_ln463_2         | or     | auto      | 0       |
|    xor_ln463_4_fu_892_p2          |     |        | xor_ln463_4        | xor    | auto      | 0       |
|    xor_ln463_1_fu_898_p2          |     |        | xor_ln463_1        | xor    | auto      | 0       |
|    xor_ln463_3_fu_904_p2          |     |        | xor_ln463_3        | xor    | auto      | 0       |
|    or_ln463_fu_910_p2             |     |        | or_ln463           | or     | auto      | 0       |
|    and_ln463_1_fu_916_p2          |     |        | and_ln463_1        | and    | auto      | 0       |
|    or_ln463_3_fu_922_p2           |     |        | or_ln463_3         | or     | auto      | 0       |
|    xor_ln463_5_fu_928_p2          |     |        | xor_ln463_5        | xor    | auto      | 0       |
|    and_ln463_2_fu_934_p2          |     |        | and_ln463_2        | and    | auto      | 0       |
|    select_ln463_fu_940_p3         |     |        | select_ln463       | select | auto_sel  | 0       |
|    or_ln463_1_fu_948_p2           |     |        | or_ln463_1         | or     | auto      | 0       |
|    dot_z_fu_954_p3                |     |        | dot_z              | select | auto_sel  | 0       |
|    add_ln466_1_fu_982_p2          |     |        | add_ln466_1        | add    | fabric    | 0       |
|    add_ln466_fu_987_p2            |     |        | add_ln466          | add    | fabric    | 0       |
|    xor_ln466_fu_1009_p2           |     |        | xor_ln466          | xor    | auto      | 0       |
|    and_ln466_fu_1015_p2           |     |        | and_ln466          | and    | auto      | 0       |
|    xor_ln466_1_fu_1021_p2         |     |        | xor_ln466_1        | xor    | auto      | 0       |
|    select_ln466_fu_1027_p3        |     |        | select_ln466       | select | auto_sel  | 0       |
|    diffuse_fu_1035_p3             |     |        | diffuse            | select | auto_sel  | 0       |
|    add_ln467_1_fu_1050_p2         |     |        | add_ln467_1        | add    | fabric    | 0       |
|    add_ln467_fu_1055_p2           |     |        | add_ln467          | add    | fabric    | 0       |
|    xor_ln467_fu_1077_p2           |     |        | xor_ln467          | xor    | auto      | 0       |
|    and_ln467_fu_1083_p2           |     |        | and_ln467          | and    | auto      | 0       |
|    xor_ln467_1_fu_1089_p2         |     |        | xor_ln467_1        | xor    | auto      | 0       |
|    select_ln467_fu_1095_p3        |     |        | select_ln467       | select | auto_sel  | 0       |
|    diffuse_1_fu_1103_p3           |     |        | diffuse_1          | select | auto_sel  | 0       |
|    clamped_diffuse_fu_1123_p3     |     |        | clamped_diffuse    | select | auto_sel  | 0       |
|    add_ln479_fu_1135_p2           |     |        | add_ln479          | add    | fabric    | 0       |
|    final_intensity_fu_1153_p3     |     |        | final_intensity    | select | auto_sel  | 0       |
|    icmp_ln483_fu_1165_p2          |     |        | icmp_ln483         | setgt  | auto      | 0       |
|    clamped_intensity_fu_1171_p3   |     |        | clamped_intensity  | select | auto_sel  | 0       |
|    sub_ln491_fu_1197_p2           |     |        | sub_ln491          | sub    | fabric    | 0       |
|    add_ln491_fu_1229_p2           |     |        | add_ln491          | add    | fabric    | 0       |
|    storemerge2_fu_1239_p3         |     |        | storemerge2        | select | auto_sel  | 0       |
+-----------------------------------+-----+--------+--------------------+--------+-----------+---------+


================================================================
== Storage Report
================================================================
+---------------------------+-----------+-----------+------+------+--------+-----------------------+------+---------+------------------+
| Name                      | Usage     | Type      | BRAM | URAM | Pragma | Variable              | Impl | Latency | Bitwidth, Depth, |
|                           |           |           |      |      |        |                       |      |         | Banks            |
+---------------------------+-----------+-----------+------+------+--------+-----------------------+------+---------+------------------+
| + top_kernel              |           |           | 134  | 0    |        |                       |      |         |                  |
|   control_s_axi_U         | interface | s_axilite |      |      |        |                       |      |         |                  |
|   gmem0_m_axi_U           | interface | m_axi     | 57   |      |        |                       |      |         |                  |
|   gmem1_m_axi_U           | interface | m_axi     |      |      |        |                       |      |         |                  |
|   gmem2_m_axi_U           | interface | m_axi     | 2    |      |        |                       |      |         |                  |
|   clip_tris_v0_x_U        | ram_1p    |           | 1    |      |        | clip_tris_v0_x        | auto | 1       | 32, 128, 1       |
|   clip_tris_v0_y_U        | ram_1p    |           | 1    |      |        | clip_tris_v0_y        | auto | 1       | 32, 128, 1       |
|   clip_tris_v0_z_U        | ram_1p    |           | 1    |      |        | clip_tris_v0_z        | auto | 1       | 32, 128, 1       |
|   clip_tris_v0_w_U        | ram_1p    |           | 1    |      |        | clip_tris_v0_w        | auto | 1       | 32, 128, 1       |
|   clip_tris_v1_x_U        | ram_1p    |           | 1    |      |        | clip_tris_v1_x        | auto | 1       | 32, 128, 1       |
|   clip_tris_v1_y_U        | ram_1p    |           | 1    |      |        | clip_tris_v1_y        | auto | 1       | 32, 128, 1       |
|   clip_tris_v1_z_U        | ram_1p    |           | 1    |      |        | clip_tris_v1_z        | auto | 1       | 32, 128, 1       |
|   clip_tris_v1_w_U        | ram_1p    |           | 1    |      |        | clip_tris_v1_w        | auto | 1       | 32, 128, 1       |
|   clip_tris_v2_x_U        | ram_1p    |           | 1    |      |        | clip_tris_v2_x        | auto | 1       | 32, 128, 1       |
|   clip_tris_v2_y_U        | ram_1p    |           | 1    |      |        | clip_tris_v2_y        | auto | 1       | 32, 128, 1       |
|   clip_tris_v2_z_U        | ram_1p    |           | 1    |      |        | clip_tris_v2_z        | auto | 1       | 32, 128, 1       |
|   clip_tris_v2_w_U        | ram_1p    |           | 1    |      |        | clip_tris_v2_w        | auto | 1       | 32, 128, 1       |
|   clip_tris_n0_x_U        | ram_1p    |           | 1    |      |        | clip_tris_n0_x        | auto | 1       | 32, 128, 1       |
|   clip_tris_n0_y_U        | ram_1p    |           | 1    |      |        | clip_tris_n0_y        | auto | 1       | 32, 128, 1       |
|   clip_tris_n0_z_U        | ram_1p    |           | 1    |      |        | clip_tris_n0_z        | auto | 1       | 32, 128, 1       |
|   clip_tris_n1_x_U        | ram_1p    |           | 1    |      |        | clip_tris_n1_x        | auto | 1       | 32, 128, 1       |
|   clip_tris_n1_y_U        | ram_1p    |           | 1    |      |        | clip_tris_n1_y        | auto | 1       | 32, 128, 1       |
|   clip_tris_n1_z_U        | ram_1p    |           | 1    |      |        | clip_tris_n1_z        | auto | 1       | 32, 128, 1       |
|   clip_tris_n2_x_U        | ram_1p    |           | 1    |      |        | clip_tris_n2_x        | auto | 1       | 32, 128, 1       |
|   clip_tris_n2_y_U        | ram_1p    |           | 1    |      |        | clip_tris_n2_y        | auto | 1       | 32, 128, 1       |
|   clip_tris_n2_z_U        | ram_1p    |           | 1    |      |        | clip_tris_n2_z        | auto | 1       | 32, 128, 1       |
|   clip_tris_is_active_U   | ram_1p    |           |      |      |        | clip_tris_is_active   | auto | 1       | 1, 128, 1        |
|   screen_tris_v0_x_U      | ram_1p    |           | 1    |      |        | screen_tris_v0_x      | auto | 1       | 32, 128, 1       |
|   screen_tris_v0_y_U      | ram_1p    |           | 1    |      |        | screen_tris_v0_y      | auto | 1       | 32, 128, 1       |
|   screen_tris_v0_z_U      | ram_1p    |           | 1    |      |        | screen_tris_v0_z      | auto | 1       | 32, 128, 1       |
|   screen_tris_v1_x_U      | ram_1p    |           | 1    |      |        | screen_tris_v1_x      | auto | 1       | 32, 128, 1       |
|   screen_tris_v1_y_U      | ram_1p    |           | 1    |      |        | screen_tris_v1_y      | auto | 1       | 32, 128, 1       |
|   screen_tris_v1_z_U      | ram_1p    |           | 1    |      |        | screen_tris_v1_z      | auto | 1       | 32, 128, 1       |
|   screen_tris_v2_x_U      | ram_1p    |           | 1    |      |        | screen_tris_v2_x      | auto | 1       | 32, 128, 1       |
|   screen_tris_v2_y_U      | ram_1p    |           | 1    |      |        | screen_tris_v2_y      | auto | 1       | 32, 128, 1       |
|   screen_tris_v2_z_U      | ram_1p    |           | 1    |      |        | screen_tris_v2_z      | auto | 1       | 32, 128, 1       |
|   screen_tris_n0_x_U      | ram_1p    |           | 1    |      |        | screen_tris_n0_x      | auto | 1       | 32, 128, 1       |
|   screen_tris_n0_y_U      | ram_1p    |           | 1    |      |        | screen_tris_n0_y      | auto | 1       | 32, 128, 1       |
|   screen_tris_n0_z_U      | ram_1p    |           | 1    |      |        | screen_tris_n0_z      | auto | 1       | 32, 128, 1       |
|   screen_tris_n1_x_U      | ram_1p    |           | 1    |      |        | screen_tris_n1_x      | auto | 1       | 32, 128, 1       |
|   screen_tris_n1_y_U      | ram_1p    |           | 1    |      |        | screen_tris_n1_y      | auto | 1       | 32, 128, 1       |
|   screen_tris_n1_z_U      | ram_1p    |           | 1    |      |        | screen_tris_n1_z      | auto | 1       | 32, 128, 1       |
|   screen_tris_n2_x_U      | ram_1p    |           | 1    |      |        | screen_tris_n2_x      | auto | 1       | 32, 128, 1       |
|   screen_tris_n2_y_U      | ram_1p    |           | 1    |      |        | screen_tris_n2_y      | auto | 1       | 32, 128, 1       |
|   screen_tris_n2_z_U      | ram_1p    |           | 1    |      |        | screen_tris_n2_z      | auto | 1       | 32, 128, 1       |
|   screen_tris_is_active_U | ram_1p    |           |      |      |        | screen_tris_is_active | auto | 1       | 1, 128, 1        |
|   bounds_min_x_U          | ram_1p    |           | 1    |      |        | bounds_min_x          | auto | 1       | 15, 128, 1       |
|   bounds_max_x_U          | ram_1p    |           | 1    |      |        | bounds_max_x          | auto | 1       | 16, 128, 1       |
|   bounds_min_y_U          | ram_1p    |           | 1    |      |        | bounds_min_y          | auto | 1       | 15, 128, 1       |
|   bounds_max_y_U          | ram_1p    |           | 1    |      |        | bounds_max_y          | auto | 1       | 16, 128, 1       |
|   depth_buffer_U          | ram_1p    |           | 8    |      |        | depth_buffer          | auto | 1       | 32, 4096, 1      |
|   normal_buffer_x_U       | ram_1p    |           | 8    |      |        | normal_buffer_x       | auto | 1       | 32, 4096, 1      |
|   normal_buffer_y_U       | ram_1p    |           | 8    |      |        | normal_buffer_y       | auto | 1       | 32, 4096, 1      |
|   normal_buffer_z_U       | ram_1p    |           | 8    |      |        | normal_buffer_z       | auto | 1       | 32, 4096, 1      |
+---------------------------+-----------+-----------+------+------+--------+-----------------------+------+---------+------------------+


================================================================
== Pragma Report
================================================================
* Inferred Pragmas
+--------------+---------+--------------------------------------------------------------------+-------------------------+
| Type         | Options | Location                                                           | Inferred From           |
+--------------+---------+--------------------------------------------------------------------+-------------------------+
| LOOP_FLATTEN | 0       | loop VITIS_LOOP_309_3 (top.cpp:309:23) in k4_rasterize top.cpp:309 | performance top.cpp:309 |
+--------------+---------+--------------------------------------------------------------------+-------------------------+

* Valid Pragma Syntax
+-----------+-------------------------------------------------+---------------------------------------+
| Type      | Options                                         | Location                              |
+-----------+-------------------------------------------------+---------------------------------------+
| INTERFACE | m_axi port=in_tris offset=slave bundle=gmem0    | top.cpp:502 in top_kernel, in_tris    |
| INTERFACE | m_axi port=mvp_matrix offset=slave bundle=gmem2 | top.cpp:503 in top_kernel, mvp_matrix |
| INTERFACE | m_axi port=out_pixels offset=slave bundle=gmem1 | top.cpp:504 in top_kernel, out_pixels |
| INTERFACE | s_axilite port=return                           | top.cpp:505 in top_kernel, return     |
+-----------+-------------------------------------------------+---------------------------------------+


