
*** Running vivado
    with args -log bd_0_hls_inst_0.vds -m64 -product Vivado -mode batch -messageDb vivado.pb -notrace -source bd_0_hls_inst_0.tcl


****** Vivado v2025.1.1 (64-bit)
  **** SW Build 6233196 on Thu Sep 11 21:27:11 MDT 2025
  **** IP Build 6232796 on Fri Sep 12 01:46:16 MDT 2025
  **** SharedData Build 6233195 on Thu Sep 11 17:56:43 MDT 2025
  **** Start of session at: Fri Feb 20 13:03:00 2026
    ** Copyright 1986-2022 Xilinx, Inc. All Rights Reserved.
    ** Copyright 2022-2025 Advanced Micro Devices, Inc. All Rights Reserved.

source bd_0_hls_inst_0.tcl -notrace
INFO: Dispatch client connection id - 44491
INFO: [IP_Flow 19-234] Refreshing IP repositories
INFO: [IP_Flow 19-1700] Loaded user IP repository '/nethome/shanda34/FPGA_ECE8893_SJH/2026_Spring/lab2/project_1/hls/impl/ip'.
INFO: [IP_Flow 19-2313] Loaded Vivado IP repository '/tools/software/xilinx/2025.1.1/data/ip'.
Command: synth_design -top bd_0_hls_inst_0 -part xczu3eg-sbva484-1-e -directive sdx_optimization_effort_high -incremental_mode off -mode out_of_context
Starting synth_design
Attempting to get a license for feature 'Synthesis' and/or device 'xczu3eg'
INFO: [Common 17-349] Got license for feature 'Synthesis' and/or device 'xczu3eg'
INFO: [Device 21-403] Loading part xczu3eg-sbva484-1-e
INFO: [Synth 8-7079] Multithreading enabled for synth_design using a maximum of 7 processes.
INFO: [Synth 8-7078] Launching helper process for spawning children vivado processes
INFO: [Synth 8-7075] Helper process launched with PID 2614223
---------------------------------------------------------------------------------
Starting RTL Elaboration : Time (s): cpu = 00:00:07 ; elapsed = 00:00:07 . Memory (MB): peak = 0.000 ; gain = 0.000 ; free physical = 97517 ; free virtual = 201464
---------------------------------------------------------------------------------
INFO: [Synth 8-6157] synthesizing module 'bd_0_hls_inst_0' [/nethome/shanda34/FPGA_ECE8893_SJH/2026_Spring/lab2/project_1/hls/impl/verilog/project.gen/sources_1/bd/bd_0/ip/bd_0_hls_inst_0/synth/bd_0_hls_inst_0.v:53]
INFO: [Synth 8-6157] synthesizing module 'top_kernel' [/nethome/shanda34/FPGA_ECE8893_SJH/2026_Spring/lab2/project_1/hls/impl/verilog/project.gen/sources_1/bd/bd_0/ipshared/0d9a/hdl/verilog/top_kernel.v:9]
INFO: [Synth 8-6157] synthesizing module 'top_kernel_control_s_axi' [/nethome/shanda34/FPGA_ECE8893_SJH/2026_Spring/lab2/project_1/hls/impl/verilog/project.gen/sources_1/bd/bd_0/ipshared/0d9a/hdl/verilog/top_kernel_control_s_axi.v:9]
INFO: [Synth 8-155] case statement is not full and has no default [/nethome/shanda34/FPGA_ECE8893_SJH/2026_Spring/lab2/project_1/hls/impl/verilog/project.gen/sources_1/bd/bd_0/ipshared/0d9a/hdl/verilog/top_kernel_control_s_axi.v:217]
INFO: [Synth 8-6155] done synthesizing module 'top_kernel_control_s_axi' (0#1) [/nethome/shanda34/FPGA_ECE8893_SJH/2026_Spring/lab2/project_1/hls/impl/verilog/project.gen/sources_1/bd/bd_0/ipshared/0d9a/hdl/verilog/top_kernel_control_s_axi.v:9]
INFO: [Synth 8-6157] synthesizing module 'top_kernel_A_in_m_axi' [/nethome/shanda34/FPGA_ECE8893_SJH/2026_Spring/lab2/project_1/hls/impl/verilog/project.gen/sources_1/bd/bd_0/ipshared/0d9a/hdl/verilog/top_kernel_A_in_m_axi.v:9]
INFO: [Synth 8-6157] synthesizing module 'top_kernel_A_in_m_axi_load' [/nethome/shanda34/FPGA_ECE8893_SJH/2026_Spring/lab2/project_1/hls/impl/verilog/project.gen/sources_1/bd/bd_0/ipshared/0d9a/hdl/verilog/top_kernel_A_in_m_axi.v:284]
INFO: [Synth 8-6157] synthesizing module 'top_kernel_A_in_m_axi_fifo' [/nethome/shanda34/FPGA_ECE8893_SJH/2026_Spring/lab2/project_1/hls/impl/verilog/project.gen/sources_1/bd/bd_0/ipshared/0d9a/hdl/verilog/top_kernel_A_in_m_axi.v:2101]
INFO: [Synth 8-6157] synthesizing module 'top_kernel_A_in_m_axi_srl' [/nethome/shanda34/FPGA_ECE8893_SJH/2026_Spring/lab2/project_1/hls/impl/verilog/project.gen/sources_1/bd/bd_0/ipshared/0d9a/hdl/verilog/top_kernel_A_in_m_axi.v:2314]
INFO: [Synth 8-6155] done synthesizing module 'top_kernel_A_in_m_axi_srl' (0#1) [/nethome/shanda34/FPGA_ECE8893_SJH/2026_Spring/lab2/project_1/hls/impl/verilog/project.gen/sources_1/bd/bd_0/ipshared/0d9a/hdl/verilog/top_kernel_A_in_m_axi.v:2314]
INFO: [Synth 8-6155] done synthesizing module 'top_kernel_A_in_m_axi_fifo' (0#1) [/nethome/shanda34/FPGA_ECE8893_SJH/2026_Spring/lab2/project_1/hls/impl/verilog/project.gen/sources_1/bd/bd_0/ipshared/0d9a/hdl/verilog/top_kernel_A_in_m_axi.v:2101]
INFO: [Synth 8-6157] synthesizing module 'top_kernel_A_in_m_axi_fifo__parameterized0' [/nethome/shanda34/FPGA_ECE8893_SJH/2026_Spring/lab2/project_1/hls/impl/verilog/project.gen/sources_1/bd/bd_0/ipshared/0d9a/hdl/verilog/top_kernel_A_in_m_axi.v:2101]
INFO: [Synth 8-6157] synthesizing module 'top_kernel_A_in_m_axi_mem' [/nethome/shanda34/FPGA_ECE8893_SJH/2026_Spring/lab2/project_1/hls/impl/verilog/project.gen/sources_1/bd/bd_0/ipshared/0d9a/hdl/verilog/top_kernel_A_in_m_axi.v:2354]
INFO: [Synth 8-6155] done synthesizing module 'top_kernel_A_in_m_axi_mem' (0#1) [/nethome/shanda34/FPGA_ECE8893_SJH/2026_Spring/lab2/project_1/hls/impl/verilog/project.gen/sources_1/bd/bd_0/ipshared/0d9a/hdl/verilog/top_kernel_A_in_m_axi.v:2354]
INFO: [Synth 8-6155] done synthesizing module 'top_kernel_A_in_m_axi_fifo__parameterized0' (0#1) [/nethome/shanda34/FPGA_ECE8893_SJH/2026_Spring/lab2/project_1/hls/impl/verilog/project.gen/sources_1/bd/bd_0/ipshared/0d9a/hdl/verilog/top_kernel_A_in_m_axi.v:2101]
INFO: [Synth 8-6155] done synthesizing module 'top_kernel_A_in_m_axi_load' (0#1) [/nethome/shanda34/FPGA_ECE8893_SJH/2026_Spring/lab2/project_1/hls/impl/verilog/project.gen/sources_1/bd/bd_0/ipshared/0d9a/hdl/verilog/top_kernel_A_in_m_axi.v:284]
INFO: [Synth 8-6157] synthesizing module 'top_kernel_A_in_m_axi_read' [/nethome/shanda34/FPGA_ECE8893_SJH/2026_Spring/lab2/project_1/hls/impl/verilog/project.gen/sources_1/bd/bd_0/ipshared/0d9a/hdl/verilog/top_kernel_A_in_m_axi.v:782]
INFO: [Synth 8-6157] synthesizing module 'top_kernel_A_in_m_axi_fifo__parameterized1' [/nethome/shanda34/FPGA_ECE8893_SJH/2026_Spring/lab2/project_1/hls/impl/verilog/project.gen/sources_1/bd/bd_0/ipshared/0d9a/hdl/verilog/top_kernel_A_in_m_axi.v:2101]
INFO: [Synth 8-6157] synthesizing module 'top_kernel_A_in_m_axi_srl__parameterized0' [/nethome/shanda34/FPGA_ECE8893_SJH/2026_Spring/lab2/project_1/hls/impl/verilog/project.gen/sources_1/bd/bd_0/ipshared/0d9a/hdl/verilog/top_kernel_A_in_m_axi.v:2314]
INFO: [Synth 8-6155] done synthesizing module 'top_kernel_A_in_m_axi_srl__parameterized0' (0#1) [/nethome/shanda34/FPGA_ECE8893_SJH/2026_Spring/lab2/project_1/hls/impl/verilog/project.gen/sources_1/bd/bd_0/ipshared/0d9a/hdl/verilog/top_kernel_A_in_m_axi.v:2314]
INFO: [Synth 8-6155] done synthesizing module 'top_kernel_A_in_m_axi_fifo__parameterized1' (0#1) [/nethome/shanda34/FPGA_ECE8893_SJH/2026_Spring/lab2/project_1/hls/impl/verilog/project.gen/sources_1/bd/bd_0/ipshared/0d9a/hdl/verilog/top_kernel_A_in_m_axi.v:2101]
INFO: [Synth 8-6157] synthesizing module 'top_kernel_A_in_m_axi_burst_converter' [/nethome/shanda34/FPGA_ECE8893_SJH/2026_Spring/lab2/project_1/hls/impl/verilog/project.gen/sources_1/bd/bd_0/ipshared/0d9a/hdl/verilog/top_kernel_A_in_m_axi.v:1036]
INFO: [Synth 8-6157] synthesizing module 'top_kernel_A_in_m_axi_burst_sequential' [/nethome/shanda34/FPGA_ECE8893_SJH/2026_Spring/lab2/project_1/hls/impl/verilog/project.gen/sources_1/bd/bd_0/ipshared/0d9a/hdl/verilog/top_kernel_A_in_m_axi.v:1642]
INFO: [Synth 8-6157] synthesizing module 'top_kernel_A_in_m_axi_reg_slice' [/nethome/shanda34/FPGA_ECE8893_SJH/2026_Spring/lab2/project_1/hls/impl/verilog/project.gen/sources_1/bd/bd_0/ipshared/0d9a/hdl/verilog/top_kernel_A_in_m_axi.v:1997]
INFO: [Synth 8-6155] done synthesizing module 'top_kernel_A_in_m_axi_reg_slice' (0#1) [/nethome/shanda34/FPGA_ECE8893_SJH/2026_Spring/lab2/project_1/hls/impl/verilog/project.gen/sources_1/bd/bd_0/ipshared/0d9a/hdl/verilog/top_kernel_A_in_m_axi.v:1997]
INFO: [Synth 8-6155] done synthesizing module 'top_kernel_A_in_m_axi_burst_sequential' (0#1) [/nethome/shanda34/FPGA_ECE8893_SJH/2026_Spring/lab2/project_1/hls/impl/verilog/project.gen/sources_1/bd/bd_0/ipshared/0d9a/hdl/verilog/top_kernel_A_in_m_axi.v:1642]
INFO: [Synth 8-6155] done synthesizing module 'top_kernel_A_in_m_axi_burst_converter' (0#1) [/nethome/shanda34/FPGA_ECE8893_SJH/2026_Spring/lab2/project_1/hls/impl/verilog/project.gen/sources_1/bd/bd_0/ipshared/0d9a/hdl/verilog/top_kernel_A_in_m_axi.v:1036]
INFO: [Synth 8-6157] synthesizing module 'top_kernel_A_in_m_axi_reg_slice__parameterized0' [/nethome/shanda34/FPGA_ECE8893_SJH/2026_Spring/lab2/project_1/hls/impl/verilog/project.gen/sources_1/bd/bd_0/ipshared/0d9a/hdl/verilog/top_kernel_A_in_m_axi.v:1997]
INFO: [Synth 8-6155] done synthesizing module 'top_kernel_A_in_m_axi_reg_slice__parameterized0' (0#1) [/nethome/shanda34/FPGA_ECE8893_SJH/2026_Spring/lab2/project_1/hls/impl/verilog/project.gen/sources_1/bd/bd_0/ipshared/0d9a/hdl/verilog/top_kernel_A_in_m_axi.v:1997]
INFO: [Synth 8-6155] done synthesizing module 'top_kernel_A_in_m_axi_read' (0#1) [/nethome/shanda34/FPGA_ECE8893_SJH/2026_Spring/lab2/project_1/hls/impl/verilog/project.gen/sources_1/bd/bd_0/ipshared/0d9a/hdl/verilog/top_kernel_A_in_m_axi.v:782]
INFO: [Synth 8-6155] done synthesizing module 'top_kernel_A_in_m_axi' (0#1) [/nethome/shanda34/FPGA_ECE8893_SJH/2026_Spring/lab2/project_1/hls/impl/verilog/project.gen/sources_1/bd/bd_0/ipshared/0d9a/hdl/verilog/top_kernel_A_in_m_axi.v:9]
INFO: [Synth 8-6157] synthesizing module 'top_kernel_A_out_m_axi' [/nethome/shanda34/FPGA_ECE8893_SJH/2026_Spring/lab2/project_1/hls/impl/verilog/project.gen/sources_1/bd/bd_0/ipshared/0d9a/hdl/verilog/top_kernel_A_out_m_axi.v:9]
INFO: [Synth 8-6157] synthesizing module 'top_kernel_A_out_m_axi_store' [/nethome/shanda34/FPGA_ECE8893_SJH/2026_Spring/lab2/project_1/hls/impl/verilog/project.gen/sources_1/bd/bd_0/ipshared/0d9a/hdl/verilog/top_kernel_A_out_m_axi.v:318]
INFO: [Synth 8-6157] synthesizing module 'top_kernel_A_out_m_axi_fifo' [/nethome/shanda34/FPGA_ECE8893_SJH/2026_Spring/lab2/project_1/hls/impl/verilog/project.gen/sources_1/bd/bd_0/ipshared/0d9a/hdl/verilog/top_kernel_A_out_m_axi.v:2726]
INFO: [Synth 8-6157] synthesizing module 'top_kernel_A_out_m_axi_srl' [/nethome/shanda34/FPGA_ECE8893_SJH/2026_Spring/lab2/project_1/hls/impl/verilog/project.gen/sources_1/bd/bd_0/ipshared/0d9a/hdl/verilog/top_kernel_A_out_m_axi.v:2939]
INFO: [Synth 8-6155] done synthesizing module 'top_kernel_A_out_m_axi_srl' (0#1) [/nethome/shanda34/FPGA_ECE8893_SJH/2026_Spring/lab2/project_1/hls/impl/verilog/project.gen/sources_1/bd/bd_0/ipshared/0d9a/hdl/verilog/top_kernel_A_out_m_axi.v:2939]
INFO: [Synth 8-6155] done synthesizing module 'top_kernel_A_out_m_axi_fifo' (0#1) [/nethome/shanda34/FPGA_ECE8893_SJH/2026_Spring/lab2/project_1/hls/impl/verilog/project.gen/sources_1/bd/bd_0/ipshared/0d9a/hdl/verilog/top_kernel_A_out_m_axi.v:2726]
INFO: [Synth 8-6157] synthesizing module 'top_kernel_A_out_m_axi_fifo__parameterized0' [/nethome/shanda34/FPGA_ECE8893_SJH/2026_Spring/lab2/project_1/hls/impl/verilog/project.gen/sources_1/bd/bd_0/ipshared/0d9a/hdl/verilog/top_kernel_A_out_m_axi.v:2726]
INFO: [Synth 8-6157] synthesizing module 'top_kernel_A_out_m_axi_srl__parameterized0' [/nethome/shanda34/FPGA_ECE8893_SJH/2026_Spring/lab2/project_1/hls/impl/verilog/project.gen/sources_1/bd/bd_0/ipshared/0d9a/hdl/verilog/top_kernel_A_out_m_axi.v:2939]
INFO: [Synth 8-6155] done synthesizing module 'top_kernel_A_out_m_axi_srl__parameterized0' (0#1) [/nethome/shanda34/FPGA_ECE8893_SJH/2026_Spring/lab2/project_1/hls/impl/verilog/project.gen/sources_1/bd/bd_0/ipshared/0d9a/hdl/verilog/top_kernel_A_out_m_axi.v:2939]
INFO: [Synth 8-6155] done synthesizing module 'top_kernel_A_out_m_axi_fifo__parameterized0' (0#1) [/nethome/shanda34/FPGA_ECE8893_SJH/2026_Spring/lab2/project_1/hls/impl/verilog/project.gen/sources_1/bd/bd_0/ipshared/0d9a/hdl/verilog/top_kernel_A_out_m_axi.v:2726]
INFO: [Synth 8-6157] synthesizing module 'top_kernel_A_out_m_axi_fifo__parameterized1' [/nethome/shanda34/FPGA_ECE8893_SJH/2026_Spring/lab2/project_1/hls/impl/verilog/project.gen/sources_1/bd/bd_0/ipshared/0d9a/hdl/verilog/top_kernel_A_out_m_axi.v:2726]
INFO: [Synth 8-6157] synthesizing module 'top_kernel_A_out_m_axi_srl__parameterized1' [/nethome/shanda34/FPGA_ECE8893_SJH/2026_Spring/lab2/project_1/hls/impl/verilog/project.gen/sources_1/bd/bd_0/ipshared/0d9a/hdl/verilog/top_kernel_A_out_m_axi.v:2939]
INFO: [Synth 8-6155] done synthesizing module 'top_kernel_A_out_m_axi_srl__parameterized1' (0#1) [/nethome/shanda34/FPGA_ECE8893_SJH/2026_Spring/lab2/project_1/hls/impl/verilog/project.gen/sources_1/bd/bd_0/ipshared/0d9a/hdl/verilog/top_kernel_A_out_m_axi.v:2939]
INFO: [Synth 8-6155] done synthesizing module 'top_kernel_A_out_m_axi_fifo__parameterized1' (0#1) [/nethome/shanda34/FPGA_ECE8893_SJH/2026_Spring/lab2/project_1/hls/impl/verilog/project.gen/sources_1/bd/bd_0/ipshared/0d9a/hdl/verilog/top_kernel_A_out_m_axi.v:2726]
INFO: [Synth 8-6157] synthesizing module 'top_kernel_A_out_m_axi_fifo__parameterized2' [/nethome/shanda34/FPGA_ECE8893_SJH/2026_Spring/lab2/project_1/hls/impl/verilog/project.gen/sources_1/bd/bd_0/ipshared/0d9a/hdl/verilog/top_kernel_A_out_m_axi.v:2726]
INFO: [Synth 8-6157] synthesizing module 'top_kernel_A_out_m_axi_srl__parameterized2' [/nethome/shanda34/FPGA_ECE8893_SJH/2026_Spring/lab2/project_1/hls/impl/verilog/project.gen/sources_1/bd/bd_0/ipshared/0d9a/hdl/verilog/top_kernel_A_out_m_axi.v:2939]
INFO: [Synth 8-6155] done synthesizing module 'top_kernel_A_out_m_axi_srl__parameterized2' (0#1) [/nethome/shanda34/FPGA_ECE8893_SJH/2026_Spring/lab2/project_1/hls/impl/verilog/project.gen/sources_1/bd/bd_0/ipshared/0d9a/hdl/verilog/top_kernel_A_out_m_axi.v:2939]
INFO: [Synth 8-6155] done synthesizing module 'top_kernel_A_out_m_axi_fifo__parameterized2' (0#1) [/nethome/shanda34/FPGA_ECE8893_SJH/2026_Spring/lab2/project_1/hls/impl/verilog/project.gen/sources_1/bd/bd_0/ipshared/0d9a/hdl/verilog/top_kernel_A_out_m_axi.v:2726]
INFO: [Synth 8-6157] synthesizing module 'top_kernel_A_out_m_axi_fifo__parameterized3' [/nethome/shanda34/FPGA_ECE8893_SJH/2026_Spring/lab2/project_1/hls/impl/verilog/project.gen/sources_1/bd/bd_0/ipshared/0d9a/hdl/verilog/top_kernel_A_out_m_axi.v:2726]
INFO: [Synth 8-6157] synthesizing module 'top_kernel_A_out_m_axi_srl__parameterized3' [/nethome/shanda34/FPGA_ECE8893_SJH/2026_Spring/lab2/project_1/hls/impl/verilog/project.gen/sources_1/bd/bd_0/ipshared/0d9a/hdl/verilog/top_kernel_A_out_m_axi.v:2939]
INFO: [Synth 8-6155] done synthesizing module 'top_kernel_A_out_m_axi_srl__parameterized3' (0#1) [/nethome/shanda34/FPGA_ECE8893_SJH/2026_Spring/lab2/project_1/hls/impl/verilog/project.gen/sources_1/bd/bd_0/ipshared/0d9a/hdl/verilog/top_kernel_A_out_m_axi.v:2939]
INFO: [Synth 8-6155] done synthesizing module 'top_kernel_A_out_m_axi_fifo__parameterized3' (0#1) [/nethome/shanda34/FPGA_ECE8893_SJH/2026_Spring/lab2/project_1/hls/impl/verilog/project.gen/sources_1/bd/bd_0/ipshared/0d9a/hdl/verilog/top_kernel_A_out_m_axi.v:2726]
INFO: [Synth 8-6155] done synthesizing module 'top_kernel_A_out_m_axi_store' (0#1) [/nethome/shanda34/FPGA_ECE8893_SJH/2026_Spring/lab2/project_1/hls/impl/verilog/project.gen/sources_1/bd/bd_0/ipshared/0d9a/hdl/verilog/top_kernel_A_out_m_axi.v:318]
INFO: [Synth 8-6157] synthesizing module 'top_kernel_A_out_m_axi_write' [/nethome/shanda34/FPGA_ECE8893_SJH/2026_Spring/lab2/project_1/hls/impl/verilog/project.gen/sources_1/bd/bd_0/ipshared/0d9a/hdl/verilog/top_kernel_A_out_m_axi.v:1099]
INFO: [Synth 8-6157] synthesizing module 'top_kernel_A_out_m_axi_burst_converter' [/nethome/shanda34/FPGA_ECE8893_SJH/2026_Spring/lab2/project_1/hls/impl/verilog/project.gen/sources_1/bd/bd_0/ipshared/0d9a/hdl/verilog/top_kernel_A_out_m_axi.v:1394]
INFO: [Synth 8-6157] synthesizing module 'top_kernel_A_out_m_axi_burst_sequential' [/nethome/shanda34/FPGA_ECE8893_SJH/2026_Spring/lab2/project_1/hls/impl/verilog/project.gen/sources_1/bd/bd_0/ipshared/0d9a/hdl/verilog/top_kernel_A_out_m_axi.v:2000]
INFO: [Synth 8-6157] synthesizing module 'top_kernel_A_out_m_axi_reg_slice' [/nethome/shanda34/FPGA_ECE8893_SJH/2026_Spring/lab2/project_1/hls/impl/verilog/project.gen/sources_1/bd/bd_0/ipshared/0d9a/hdl/verilog/top_kernel_A_out_m_axi.v:2622]
INFO: [Synth 8-6155] done synthesizing module 'top_kernel_A_out_m_axi_reg_slice' (0#1) [/nethome/shanda34/FPGA_ECE8893_SJH/2026_Spring/lab2/project_1/hls/impl/verilog/project.gen/sources_1/bd/bd_0/ipshared/0d9a/hdl/verilog/top_kernel_A_out_m_axi.v:2622]
INFO: [Synth 8-6155] done synthesizing module 'top_kernel_A_out_m_axi_burst_sequential' (0#1) [/nethome/shanda34/FPGA_ECE8893_SJH/2026_Spring/lab2/project_1/hls/impl/verilog/project.gen/sources_1/bd/bd_0/ipshared/0d9a/hdl/verilog/top_kernel_A_out_m_axi.v:2000]
INFO: [Synth 8-6155] done synthesizing module 'top_kernel_A_out_m_axi_burst_converter' (0#1) [/nethome/shanda34/FPGA_ECE8893_SJH/2026_Spring/lab2/project_1/hls/impl/verilog/project.gen/sources_1/bd/bd_0/ipshared/0d9a/hdl/verilog/top_kernel_A_out_m_axi.v:1394]
INFO: [Synth 8-6157] synthesizing module 'top_kernel_A_out_m_axi_throttle' [/nethome/shanda34/FPGA_ECE8893_SJH/2026_Spring/lab2/project_1/hls/impl/verilog/project.gen/sources_1/bd/bd_0/ipshared/0d9a/hdl/verilog/top_kernel_A_out_m_axi.v:2353]
INFO: [Synth 8-6157] synthesizing module 'top_kernel_A_out_m_axi_fifo__parameterized4' [/nethome/shanda34/FPGA_ECE8893_SJH/2026_Spring/lab2/project_1/hls/impl/verilog/project.gen/sources_1/bd/bd_0/ipshared/0d9a/hdl/verilog/top_kernel_A_out_m_axi.v:2726]
INFO: [Synth 8-6157] synthesizing module 'top_kernel_A_out_m_axi_srl__parameterized4' [/nethome/shanda34/FPGA_ECE8893_SJH/2026_Spring/lab2/project_1/hls/impl/verilog/project.gen/sources_1/bd/bd_0/ipshared/0d9a/hdl/verilog/top_kernel_A_out_m_axi.v:2939]
INFO: [Synth 8-6155] done synthesizing module 'top_kernel_A_out_m_axi_srl__parameterized4' (0#1) [/nethome/shanda34/FPGA_ECE8893_SJH/2026_Spring/lab2/project_1/hls/impl/verilog/project.gen/sources_1/bd/bd_0/ipshared/0d9a/hdl/verilog/top_kernel_A_out_m_axi.v:2939]
INFO: [Synth 8-6155] done synthesizing module 'top_kernel_A_out_m_axi_fifo__parameterized4' (0#1) [/nethome/shanda34/FPGA_ECE8893_SJH/2026_Spring/lab2/project_1/hls/impl/verilog/project.gen/sources_1/bd/bd_0/ipshared/0d9a/hdl/verilog/top_kernel_A_out_m_axi.v:2726]
INFO: [Synth 8-6157] synthesizing module 'top_kernel_A_out_m_axi_reg_slice__parameterized0' [/nethome/shanda34/FPGA_ECE8893_SJH/2026_Spring/lab2/project_1/hls/impl/verilog/project.gen/sources_1/bd/bd_0/ipshared/0d9a/hdl/verilog/top_kernel_A_out_m_axi.v:2622]
INFO: [Synth 8-6155] done synthesizing module 'top_kernel_A_out_m_axi_reg_slice__parameterized0' (0#1) [/nethome/shanda34/FPGA_ECE8893_SJH/2026_Spring/lab2/project_1/hls/impl/verilog/project.gen/sources_1/bd/bd_0/ipshared/0d9a/hdl/verilog/top_kernel_A_out_m_axi.v:2622]
INFO: [Synth 8-6157] synthesizing module 'top_kernel_A_out_m_axi_reg_slice__parameterized1' [/nethome/shanda34/FPGA_ECE8893_SJH/2026_Spring/lab2/project_1/hls/impl/verilog/project.gen/sources_1/bd/bd_0/ipshared/0d9a/hdl/verilog/top_kernel_A_out_m_axi.v:2622]
INFO: [Synth 8-6155] done synthesizing module 'top_kernel_A_out_m_axi_reg_slice__parameterized1' (0#1) [/nethome/shanda34/FPGA_ECE8893_SJH/2026_Spring/lab2/project_1/hls/impl/verilog/project.gen/sources_1/bd/bd_0/ipshared/0d9a/hdl/verilog/top_kernel_A_out_m_axi.v:2622]
INFO: [Synth 8-6155] done synthesizing module 'top_kernel_A_out_m_axi_throttle' (0#1) [/nethome/shanda34/FPGA_ECE8893_SJH/2026_Spring/lab2/project_1/hls/impl/verilog/project.gen/sources_1/bd/bd_0/ipshared/0d9a/hdl/verilog/top_kernel_A_out_m_axi.v:2353]
INFO: [Synth 8-6157] synthesizing module 'top_kernel_A_out_m_axi_reg_slice__parameterized2' [/nethome/shanda34/FPGA_ECE8893_SJH/2026_Spring/lab2/project_1/hls/impl/verilog/project.gen/sources_1/bd/bd_0/ipshared/0d9a/hdl/verilog/top_kernel_A_out_m_axi.v:2622]
INFO: [Synth 8-6155] done synthesizing module 'top_kernel_A_out_m_axi_reg_slice__parameterized2' (0#1) [/nethome/shanda34/FPGA_ECE8893_SJH/2026_Spring/lab2/project_1/hls/impl/verilog/project.gen/sources_1/bd/bd_0/ipshared/0d9a/hdl/verilog/top_kernel_A_out_m_axi.v:2622]
INFO: [Synth 8-6155] done synthesizing module 'top_kernel_A_out_m_axi_write' (0#1) [/nethome/shanda34/FPGA_ECE8893_SJH/2026_Spring/lab2/project_1/hls/impl/verilog/project.gen/sources_1/bd/bd_0/ipshared/0d9a/hdl/verilog/top_kernel_A_out_m_axi.v:1099]
INFO: [Synth 8-6155] done synthesizing module 'top_kernel_A_out_m_axi' (0#1) [/nethome/shanda34/FPGA_ECE8893_SJH/2026_Spring/lab2/project_1/hls/impl/verilog/project.gen/sources_1/bd/bd_0/ipshared/0d9a/hdl/verilog/top_kernel_A_out_m_axi.v:9]
INFO: [Synth 8-6157] synthesizing module 'top_kernel_entry_proc' [/nethome/shanda34/FPGA_ECE8893_SJH/2026_Spring/lab2/project_1/hls/impl/verilog/project.gen/sources_1/bd/bd_0/ipshared/0d9a/hdl/verilog/top_kernel_entry_proc.v:9]
INFO: [Synth 8-6155] done synthesizing module 'top_kernel_entry_proc' (0#1) [/nethome/shanda34/FPGA_ECE8893_SJH/2026_Spring/lab2/project_1/hls/impl/verilog/project.gen/sources_1/bd/bd_0/ipshared/0d9a/hdl/verilog/top_kernel_entry_proc.v:9]
INFO: [Synth 8-6157] synthesizing module 'top_kernel_read_input' [/nethome/shanda34/FPGA_ECE8893_SJH/2026_Spring/lab2/project_1/hls/impl/verilog/project.gen/sources_1/bd/bd_0/ipshared/0d9a/hdl/verilog/top_kernel_read_input.v:9]
INFO: [Synth 8-6155] done synthesizing module 'top_kernel_read_input' (0#1) [/nethome/shanda34/FPGA_ECE8893_SJH/2026_Spring/lab2/project_1/hls/impl/verilog/project.gen/sources_1/bd/bd_0/ipshared/0d9a/hdl/verilog/top_kernel_read_input.v:9]
INFO: [Synth 8-6157] synthesizing module 'top_kernel_compute' [/nethome/shanda34/FPGA_ECE8893_SJH/2026_Spring/lab2/project_1/hls/impl/verilog/project.gen/sources_1/bd/bd_0/ipshared/0d9a/hdl/verilog/top_kernel_compute.v:9]
INFO: [Synth 8-6157] synthesizing module 'top_kernel_compute_buffer_RAM_AUTO_1R1W' [/nethome/shanda34/FPGA_ECE8893_SJH/2026_Spring/lab2/project_1/hls/impl/verilog/project.gen/sources_1/bd/bd_0/ipshared/0d9a/hdl/verilog/top_kernel_compute_buffer_RAM_AUTO_1R1W.v:7]
INFO: [Synth 8-6155] done synthesizing module 'top_kernel_compute_buffer_RAM_AUTO_1R1W' (0#1) [/nethome/shanda34/FPGA_ECE8893_SJH/2026_Spring/lab2/project_1/hls/impl/verilog/project.gen/sources_1/bd/bd_0/ipshared/0d9a/hdl/verilog/top_kernel_compute_buffer_RAM_AUTO_1R1W.v:7]
INFO: [Synth 8-6157] synthesizing module 'top_kernel_compute_Pipeline_VITIS_LOOP_33_1_VITIS_LOOP_34_2' [/nethome/shanda34/FPGA_ECE8893_SJH/2026_Spring/lab2/project_1/hls/impl/verilog/project.gen/sources_1/bd/bd_0/ipshared/0d9a/hdl/verilog/top_kernel_compute_Pipeline_VITIS_LOOP_33_1_VITIS_LOOP_34_2.v:9]
INFO: [Synth 8-6157] synthesizing module 'top_kernel_flow_control_loop_pipe_sequential_init' [/nethome/shanda34/FPGA_ECE8893_SJH/2026_Spring/lab2/project_1/hls/impl/verilog/project.gen/sources_1/bd/bd_0/ipshared/0d9a/hdl/verilog/top_kernel_flow_control_loop_pipe_sequential_init.v:11]
INFO: [Synth 8-6155] done synthesizing module 'top_kernel_flow_control_loop_pipe_sequential_init' (0#1) [/nethome/shanda34/FPGA_ECE8893_SJH/2026_Spring/lab2/project_1/hls/impl/verilog/project.gen/sources_1/bd/bd_0/ipshared/0d9a/hdl/verilog/top_kernel_flow_control_loop_pipe_sequential_init.v:11]
INFO: [Synth 8-6155] done synthesizing module 'top_kernel_compute_Pipeline_VITIS_LOOP_33_1_VITIS_LOOP_34_2' (0#1) [/nethome/shanda34/FPGA_ECE8893_SJH/2026_Spring/lab2/project_1/hls/impl/verilog/project.gen/sources_1/bd/bd_0/ipshared/0d9a/hdl/verilog/top_kernel_compute_Pipeline_VITIS_LOOP_33_1_VITIS_LOOP_34_2.v:9]
INFO: [Synth 8-6157] synthesizing module 'top_kernel_compute_Pipeline_VITIS_LOOP_50_4' [/nethome/shanda34/FPGA_ECE8893_SJH/2026_Spring/lab2/project_1/hls/impl/verilog/project.gen/sources_1/bd/bd_0/ipshared/0d9a/hdl/verilog/top_kernel_compute_Pipeline_VITIS_LOOP_50_4.v:9]
INFO: [Synth 8-6155] done synthesizing module 'top_kernel_compute_Pipeline_VITIS_LOOP_50_4' (0#1) [/nethome/shanda34/FPGA_ECE8893_SJH/2026_Spring/lab2/project_1/hls/impl/verilog/project.gen/sources_1/bd/bd_0/ipshared/0d9a/hdl/verilog/top_kernel_compute_Pipeline_VITIS_LOOP_50_4.v:9]
INFO: [Synth 8-6157] synthesizing module 'top_kernel_compute_Pipeline_VITIS_LOOP_130_9_VITIS_LOOP_131_10' [/nethome/shanda34/FPGA_ECE8893_SJH/2026_Spring/lab2/project_1/hls/impl/verilog/project.gen/sources_1/bd/bd_0/ipshared/0d9a/hdl/verilog/top_kernel_compute_Pipeline_VITIS_LOOP_130_9_VITIS_LOOP_131_10.v:9]
INFO: [Synth 8-6155] done synthesizing module 'top_kernel_compute_Pipeline_VITIS_LOOP_130_9_VITIS_LOOP_131_10' (0#1) [/nethome/shanda34/FPGA_ECE8893_SJH/2026_Spring/lab2/project_1/hls/impl/verilog/project.gen/sources_1/bd/bd_0/ipshared/0d9a/hdl/verilog/top_kernel_compute_Pipeline_VITIS_LOOP_130_9_VITIS_LOOP_131_10.v:9]
INFO: [Synth 8-6157] synthesizing module 'top_kernel_compute_Pipeline_VITIS_LOOP_55_5' [/nethome/shanda34/FPGA_ECE8893_SJH/2026_Spring/lab2/project_1/hls/impl/verilog/project.gen/sources_1/bd/bd_0/ipshared/0d9a/hdl/verilog/top_kernel_compute_Pipeline_VITIS_LOOP_55_5.v:9]
INFO: [Synth 8-6155] done synthesizing module 'top_kernel_compute_Pipeline_VITIS_LOOP_55_5' (0#1) [/nethome/shanda34/FPGA_ECE8893_SJH/2026_Spring/lab2/project_1/hls/impl/verilog/project.gen/sources_1/bd/bd_0/ipshared/0d9a/hdl/verilog/top_kernel_compute_Pipeline_VITIS_LOOP_55_5.v:9]
INFO: [Synth 8-6157] synthesizing module 'top_kernel_compute_Pipeline_VITIS_LOOP_62_6_VITIS_LOOP_63_7' [/nethome/shanda34/FPGA_ECE8893_SJH/2026_Spring/lab2/project_1/hls/impl/verilog/project.gen/sources_1/bd/bd_0/ipshared/0d9a/hdl/verilog/top_kernel_compute_Pipeline_VITIS_LOOP_62_6_VITIS_LOOP_63_7.v:9]
INFO: [Synth 8-6157] synthesizing module 'top_kernel_compute_Pipeline_VITIS_LOOP_62_6_VITIS_LOOP_63_7_line_buf_1_RAM_AUTO_1R1W' [/nethome/shanda34/FPGA_ECE8893_SJH/2026_Spring/lab2/project_1/hls/impl/verilog/project.gen/sources_1/bd/bd_0/ipshared/0d9a/hdl/verilog/top_kernel_compute_Pipeline_VITIS_LOOP_62_6_VITIS_LOOP_63_7_line_buf_1_RAM_AUTO_1R1W.v:7]
INFO: [Synth 8-6155] done synthesizing module 'top_kernel_compute_Pipeline_VITIS_LOOP_62_6_VITIS_LOOP_63_7_line_buf_1_RAM_AUTO_1R1W' (0#1) [/nethome/shanda34/FPGA_ECE8893_SJH/2026_Spring/lab2/project_1/hls/impl/verilog/project.gen/sources_1/bd/bd_0/ipshared/0d9a/hdl/verilog/top_kernel_compute_Pipeline_VITIS_LOOP_62_6_VITIS_LOOP_63_7_line_buf_1_RAM_AUTO_1R1W.v:7]
INFO: [Synth 8-6157] synthesizing module 'top_kernel_mul_39s_24ns_63_1_1' [/nethome/shanda34/FPGA_ECE8893_SJH/2026_Spring/lab2/project_1/hls/impl/verilog/project.gen/sources_1/bd/bd_0/ipshared/0d9a/hdl/verilog/top_kernel_mul_39s_24ns_63_1_1.v:5]
INFO: [Synth 8-6155] done synthesizing module 'top_kernel_mul_39s_24ns_63_1_1' (0#1) [/nethome/shanda34/FPGA_ECE8893_SJH/2026_Spring/lab2/project_1/hls/impl/verilog/project.gen/sources_1/bd/bd_0/ipshared/0d9a/hdl/verilog/top_kernel_mul_39s_24ns_63_1_1.v:5]
INFO: [Synth 8-6157] synthesizing module 'top_kernel_mul_39s_26ns_65_1_1' [/nethome/shanda34/FPGA_ECE8893_SJH/2026_Spring/lab2/project_1/hls/impl/verilog/project.gen/sources_1/bd/bd_0/ipshared/0d9a/hdl/verilog/top_kernel_mul_39s_26ns_65_1_1.v:5]
INFO: [Synth 8-6155] done synthesizing module 'top_kernel_mul_39s_26ns_65_1_1' (0#1) [/nethome/shanda34/FPGA_ECE8893_SJH/2026_Spring/lab2/project_1/hls/impl/verilog/project.gen/sources_1/bd/bd_0/ipshared/0d9a/hdl/verilog/top_kernel_mul_39s_26ns_65_1_1.v:5]
INFO: [Synth 8-6157] synthesizing module 'top_kernel_add_41s_41s_41_1_1' [/nethome/shanda34/FPGA_ECE8893_SJH/2026_Spring/lab2/project_1/hls/impl/verilog/project.gen/sources_1/bd/bd_0/ipshared/0d9a/hdl/verilog/top_kernel_add_41s_41s_41_1_1.v:8]
INFO: [Synth 8-6155] done synthesizing module 'top_kernel_add_41s_41s_41_1_1' (0#1) [/nethome/shanda34/FPGA_ECE8893_SJH/2026_Spring/lab2/project_1/hls/impl/verilog/project.gen/sources_1/bd/bd_0/ipshared/0d9a/hdl/verilog/top_kernel_add_41s_41s_41_1_1.v:8]
INFO: [Synth 8-6157] synthesizing module 'top_kernel_add_42s_42s_42_1_1' [/nethome/shanda34/FPGA_ECE8893_SJH/2026_Spring/lab2/project_1/hls/impl/verilog/project.gen/sources_1/bd/bd_0/ipshared/0d9a/hdl/verilog/top_kernel_add_42s_42s_42_1_1.v:8]
INFO: [Synth 8-6155] done synthesizing module 'top_kernel_add_42s_42s_42_1_1' (0#1) [/nethome/shanda34/FPGA_ECE8893_SJH/2026_Spring/lab2/project_1/hls/impl/verilog/project.gen/sources_1/bd/bd_0/ipshared/0d9a/hdl/verilog/top_kernel_add_42s_42s_42_1_1.v:8]
INFO: [Synth 8-6155] done synthesizing module 'top_kernel_compute_Pipeline_VITIS_LOOP_62_6_VITIS_LOOP_63_7' (0#1) [/nethome/shanda34/FPGA_ECE8893_SJH/2026_Spring/lab2/project_1/hls/impl/verilog/project.gen/sources_1/bd/bd_0/ipshared/0d9a/hdl/verilog/top_kernel_compute_Pipeline_VITIS_LOOP_62_6_VITIS_LOOP_63_7.v:9]
INFO: [Synth 8-6155] done synthesizing module 'top_kernel_compute' (0#1) [/nethome/shanda34/FPGA_ECE8893_SJH/2026_Spring/lab2/project_1/hls/impl/verilog/project.gen/sources_1/bd/bd_0/ipshared/0d9a/hdl/verilog/top_kernel_compute.v:9]
INFO: [Synth 8-6157] synthesizing module 'top_kernel_write_output' [/nethome/shanda34/FPGA_ECE8893_SJH/2026_Spring/lab2/project_1/hls/impl/verilog/project.gen/sources_1/bd/bd_0/ipshared/0d9a/hdl/verilog/top_kernel_write_output.v:9]
INFO: [Synth 8-6157] synthesizing module 'top_kernel_flow_control_loop_pipe' [/nethome/shanda34/FPGA_ECE8893_SJH/2026_Spring/lab2/project_1/hls/impl/verilog/project.gen/sources_1/bd/bd_0/ipshared/0d9a/hdl/verilog/top_kernel_flow_control_loop_pipe.v:11]
INFO: [Synth 8-6155] done synthesizing module 'top_kernel_flow_control_loop_pipe' (0#1) [/nethome/shanda34/FPGA_ECE8893_SJH/2026_Spring/lab2/project_1/hls/impl/verilog/project.gen/sources_1/bd/bd_0/ipshared/0d9a/hdl/verilog/top_kernel_flow_control_loop_pipe.v:11]
INFO: [Synth 8-6155] done synthesizing module 'top_kernel_write_output' (0#1) [/nethome/shanda34/FPGA_ECE8893_SJH/2026_Spring/lab2/project_1/hls/impl/verilog/project.gen/sources_1/bd/bd_0/ipshared/0d9a/hdl/verilog/top_kernel_write_output.v:9]
INFO: [Synth 8-6157] synthesizing module 'top_kernel_fifo_w64_d4_S' [/nethome/shanda34/FPGA_ECE8893_SJH/2026_Spring/lab2/project_1/hls/impl/verilog/project.gen/sources_1/bd/bd_0/ipshared/0d9a/hdl/verilog/top_kernel_fifo_w64_d4_S.v:10]
INFO: [Synth 8-6157] synthesizing module 'top_kernel_fifo_w64_d4_S_ShiftReg' [/nethome/shanda34/FPGA_ECE8893_SJH/2026_Spring/lab2/project_1/hls/impl/verilog/project.gen/sources_1/bd/bd_0/ipshared/0d9a/hdl/verilog/top_kernel_fifo_w64_d4_S.v:128]
INFO: [Synth 8-6155] done synthesizing module 'top_kernel_fifo_w64_d4_S_ShiftReg' (0#1) [/nethome/shanda34/FPGA_ECE8893_SJH/2026_Spring/lab2/project_1/hls/impl/verilog/project.gen/sources_1/bd/bd_0/ipshared/0d9a/hdl/verilog/top_kernel_fifo_w64_d4_S.v:128]
INFO: [Synth 8-6155] done synthesizing module 'top_kernel_fifo_w64_d4_S' (0#1) [/nethome/shanda34/FPGA_ECE8893_SJH/2026_Spring/lab2/project_1/hls/impl/verilog/project.gen/sources_1/bd/bd_0/ipshared/0d9a/hdl/verilog/top_kernel_fifo_w64_d4_S.v:10]
INFO: [Synth 8-6157] synthesizing module 'top_kernel_fifo_w24_d2_S' [/nethome/shanda34/FPGA_ECE8893_SJH/2026_Spring/lab2/project_1/hls/impl/verilog/project.gen/sources_1/bd/bd_0/ipshared/0d9a/hdl/verilog/top_kernel_fifo_w24_d2_S.v:10]
INFO: [Synth 8-6157] synthesizing module 'top_kernel_fifo_w24_d2_S_ShiftReg' [/nethome/shanda34/FPGA_ECE8893_SJH/2026_Spring/lab2/project_1/hls/impl/verilog/project.gen/sources_1/bd/bd_0/ipshared/0d9a/hdl/verilog/top_kernel_fifo_w24_d2_S.v:128]
INFO: [Synth 8-6155] done synthesizing module 'top_kernel_fifo_w24_d2_S_ShiftReg' (0#1) [/nethome/shanda34/FPGA_ECE8893_SJH/2026_Spring/lab2/project_1/hls/impl/verilog/project.gen/sources_1/bd/bd_0/ipshared/0d9a/hdl/verilog/top_kernel_fifo_w24_d2_S.v:128]
INFO: [Synth 8-6155] done synthesizing module 'top_kernel_fifo_w24_d2_S' (0#1) [/nethome/shanda34/FPGA_ECE8893_SJH/2026_Spring/lab2/project_1/hls/impl/verilog/project.gen/sources_1/bd/bd_0/ipshared/0d9a/hdl/verilog/top_kernel_fifo_w24_d2_S.v:10]
INFO: [Synth 8-6157] synthesizing module 'top_kernel_start_for_write_output_U0' [/nethome/shanda34/FPGA_ECE8893_SJH/2026_Spring/lab2/project_1/hls/impl/verilog/project.gen/sources_1/bd/bd_0/ipshared/0d9a/hdl/verilog/top_kernel_start_for_write_output_U0.v:10]
INFO: [Synth 8-6157] synthesizing module 'top_kernel_start_for_write_output_U0_ShiftReg' [/nethome/shanda34/FPGA_ECE8893_SJH/2026_Spring/lab2/project_1/hls/impl/verilog/project.gen/sources_1/bd/bd_0/ipshared/0d9a/hdl/verilog/top_kernel_start_for_write_output_U0.v:124]
INFO: [Synth 8-6155] done synthesizing module 'top_kernel_start_for_write_output_U0_ShiftReg' (0#1) [/nethome/shanda34/FPGA_ECE8893_SJH/2026_Spring/lab2/project_1/hls/impl/verilog/project.gen/sources_1/bd/bd_0/ipshared/0d9a/hdl/verilog/top_kernel_start_for_write_output_U0.v:124]
INFO: [Synth 8-6155] done synthesizing module 'top_kernel_start_for_write_output_U0' (0#1) [/nethome/shanda34/FPGA_ECE8893_SJH/2026_Spring/lab2/project_1/hls/impl/verilog/project.gen/sources_1/bd/bd_0/ipshared/0d9a/hdl/verilog/top_kernel_start_for_write_output_U0.v:10]
INFO: [Synth 8-6157] synthesizing module 'top_kernel_start_for_compute_U0' [/nethome/shanda34/FPGA_ECE8893_SJH/2026_Spring/lab2/project_1/hls/impl/verilog/project.gen/sources_1/bd/bd_0/ipshared/0d9a/hdl/verilog/top_kernel_start_for_compute_U0.v:10]
INFO: [Synth 8-6157] synthesizing module 'top_kernel_start_for_compute_U0_ShiftReg' [/nethome/shanda34/FPGA_ECE8893_SJH/2026_Spring/lab2/project_1/hls/impl/verilog/project.gen/sources_1/bd/bd_0/ipshared/0d9a/hdl/verilog/top_kernel_start_for_compute_U0.v:124]
INFO: [Synth 8-6155] done synthesizing module 'top_kernel_start_for_compute_U0_ShiftReg' (0#1) [/nethome/shanda34/FPGA_ECE8893_SJH/2026_Spring/lab2/project_1/hls/impl/verilog/project.gen/sources_1/bd/bd_0/ipshared/0d9a/hdl/verilog/top_kernel_start_for_compute_U0.v:124]
INFO: [Synth 8-6155] done synthesizing module 'top_kernel_start_for_compute_U0' (0#1) [/nethome/shanda34/FPGA_ECE8893_SJH/2026_Spring/lab2/project_1/hls/impl/verilog/project.gen/sources_1/bd/bd_0/ipshared/0d9a/hdl/verilog/top_kernel_start_for_compute_U0.v:10]
INFO: [Synth 8-6155] done synthesizing module 'top_kernel' (0#1) [/nethome/shanda34/FPGA_ECE8893_SJH/2026_Spring/lab2/project_1/hls/impl/verilog/project.gen/sources_1/bd/bd_0/ipshared/0d9a/hdl/verilog/top_kernel.v:9]
INFO: [Synth 8-6155] done synthesizing module 'bd_0_hls_inst_0' (0#1) [/nethome/shanda34/FPGA_ECE8893_SJH/2026_Spring/lab2/project_1/hls/impl/verilog/project.gen/sources_1/bd/bd_0/ip/bd_0_hls_inst_0/synth/bd_0_hls_inst_0.v:53]
WARNING: [Synth 8-6014] Unused sequential element int_ap_done_reg was removed.  [/nethome/shanda34/FPGA_ECE8893_SJH/2026_Spring/lab2/project_1/hls/impl/verilog/project.gen/sources_1/bd/bd_0/ipshared/0d9a/hdl/verilog/top_kernel_control_s_axi.v:288]
INFO: [Synth 8-4490] FSM extraction disabled for register 'ap_CS_fsm_reg' through user attribute
INFO: [Synth 8-4490] FSM extraction disabled for register 'ap_CS_fsm_reg' through user attribute
WARNING: [Synth 8-7129] Port addr[1] in module top_kernel_fifo_w24_d2_S_ShiftReg is either unconnected or has no load
WARNING: [Synth 8-7129] Port ap_done_int in module top_kernel_flow_control_loop_pipe is either unconnected or has no load
WARNING: [Synth 8-7129] Port A_out1_dout[1] in module top_kernel_write_output is either unconnected or has no load
WARNING: [Synth 8-7129] Port A_out1_dout[0] in module top_kernel_write_output is either unconnected or has no load
WARNING: [Synth 8-7129] Port A_out1_num_data_valid[2] in module top_kernel_write_output is either unconnected or has no load
WARNING: [Synth 8-7129] Port A_out1_num_data_valid[1] in module top_kernel_write_output is either unconnected or has no load
WARNING: [Synth 8-7129] Port A_out1_num_data_valid[0] in module top_kernel_write_output is either unconnected or has no load
WARNING: [Synth 8-7129] Port A_out1_fifo_cap[2] in module top_kernel_write_output is either unconnected or has no load
WARNING: [Synth 8-7129] Port A_out1_fifo_cap[1] in module top_kernel_write_output is either unconnected or has no load
WARNING: [Synth 8-7129] Port A_out1_fifo_cap[0] in module top_kernel_write_output is either unconnected or has no load
WARNING: [Synth 8-7129] Port m_axi_A_out_0_ARREADY in module top_kernel_write_output is either unconnected or has no load
WARNING: [Synth 8-7129] Port m_axi_A_out_0_RVALID in module top_kernel_write_output is either unconnected or has no load
WARNING: [Synth 8-7129] Port m_axi_A_out_0_RDATA[31] in module top_kernel_write_output is either unconnected or has no load
WARNING: [Synth 8-7129] Port m_axi_A_out_0_RDATA[30] in module top_kernel_write_output is either unconnected or has no load
WARNING: [Synth 8-7129] Port m_axi_A_out_0_RDATA[29] in module top_kernel_write_output is either unconnected or has no load
WARNING: [Synth 8-7129] Port m_axi_A_out_0_RDATA[28] in module top_kernel_write_output is either unconnected or has no load
WARNING: [Synth 8-7129] Port m_axi_A_out_0_RDATA[27] in module top_kernel_write_output is either unconnected or has no load
WARNING: [Synth 8-7129] Port m_axi_A_out_0_RDATA[26] in module top_kernel_write_output is either unconnected or has no load
WARNING: [Synth 8-7129] Port m_axi_A_out_0_RDATA[25] in module top_kernel_write_output is either unconnected or has no load
WARNING: [Synth 8-7129] Port m_axi_A_out_0_RDATA[24] in module top_kernel_write_output is either unconnected or has no load
WARNING: [Synth 8-7129] Port m_axi_A_out_0_RDATA[23] in module top_kernel_write_output is either unconnected or has no load
WARNING: [Synth 8-7129] Port m_axi_A_out_0_RDATA[22] in module top_kernel_write_output is either unconnected or has no load
WARNING: [Synth 8-7129] Port m_axi_A_out_0_RDATA[21] in module top_kernel_write_output is either unconnected or has no load
WARNING: [Synth 8-7129] Port m_axi_A_out_0_RDATA[20] in module top_kernel_write_output is either unconnected or has no load
WARNING: [Synth 8-7129] Port m_axi_A_out_0_RDATA[19] in module top_kernel_write_output is either unconnected or has no load
WARNING: [Synth 8-7129] Port m_axi_A_out_0_RDATA[18] in module top_kernel_write_output is either unconnected or has no load
WARNING: [Synth 8-7129] Port m_axi_A_out_0_RDATA[17] in module top_kernel_write_output is either unconnected or has no load
WARNING: [Synth 8-7129] Port m_axi_A_out_0_RDATA[16] in module top_kernel_write_output is either unconnected or has no load
WARNING: [Synth 8-7129] Port m_axi_A_out_0_RDATA[15] in module top_kernel_write_output is either unconnected or has no load
WARNING: [Synth 8-7129] Port m_axi_A_out_0_RDATA[14] in module top_kernel_write_output is either unconnected or has no load
WARNING: [Synth 8-7129] Port m_axi_A_out_0_RDATA[13] in module top_kernel_write_output is either unconnected or has no load
WARNING: [Synth 8-7129] Port m_axi_A_out_0_RDATA[12] in module top_kernel_write_output is either unconnected or has no load
WARNING: [Synth 8-7129] Port m_axi_A_out_0_RDATA[11] in module top_kernel_write_output is either unconnected or has no load
WARNING: [Synth 8-7129] Port m_axi_A_out_0_RDATA[10] in module top_kernel_write_output is either unconnected or has no load
WARNING: [Synth 8-7129] Port m_axi_A_out_0_RDATA[9] in module top_kernel_write_output is either unconnected or has no load
WARNING: [Synth 8-7129] Port m_axi_A_out_0_RDATA[8] in module top_kernel_write_output is either unconnected or has no load
WARNING: [Synth 8-7129] Port m_axi_A_out_0_RDATA[7] in module top_kernel_write_output is either unconnected or has no load
WARNING: [Synth 8-7129] Port m_axi_A_out_0_RDATA[6] in module top_kernel_write_output is either unconnected or has no load
WARNING: [Synth 8-7129] Port m_axi_A_out_0_RDATA[5] in module top_kernel_write_output is either unconnected or has no load
WARNING: [Synth 8-7129] Port m_axi_A_out_0_RDATA[4] in module top_kernel_write_output is either unconnected or has no load
WARNING: [Synth 8-7129] Port m_axi_A_out_0_RDATA[3] in module top_kernel_write_output is either unconnected or has no load
WARNING: [Synth 8-7129] Port m_axi_A_out_0_RDATA[2] in module top_kernel_write_output is either unconnected or has no load
WARNING: [Synth 8-7129] Port m_axi_A_out_0_RDATA[1] in module top_kernel_write_output is either unconnected or has no load
WARNING: [Synth 8-7129] Port m_axi_A_out_0_RDATA[0] in module top_kernel_write_output is either unconnected or has no load
WARNING: [Synth 8-7129] Port m_axi_A_out_0_RLAST in module top_kernel_write_output is either unconnected or has no load
WARNING: [Synth 8-7129] Port m_axi_A_out_0_RID[0] in module top_kernel_write_output is either unconnected or has no load
WARNING: [Synth 8-7129] Port m_axi_A_out_0_RFIFONUM[8] in module top_kernel_write_output is either unconnected or has no load
WARNING: [Synth 8-7129] Port m_axi_A_out_0_RFIFONUM[7] in module top_kernel_write_output is either unconnected or has no load
WARNING: [Synth 8-7129] Port m_axi_A_out_0_RFIFONUM[6] in module top_kernel_write_output is either unconnected or has no load
WARNING: [Synth 8-7129] Port m_axi_A_out_0_RFIFONUM[5] in module top_kernel_write_output is either unconnected or has no load
WARNING: [Synth 8-7129] Port m_axi_A_out_0_RFIFONUM[4] in module top_kernel_write_output is either unconnected or has no load
WARNING: [Synth 8-7129] Port m_axi_A_out_0_RFIFONUM[3] in module top_kernel_write_output is either unconnected or has no load
WARNING: [Synth 8-7129] Port m_axi_A_out_0_RFIFONUM[2] in module top_kernel_write_output is either unconnected or has no load
WARNING: [Synth 8-7129] Port m_axi_A_out_0_RFIFONUM[1] in module top_kernel_write_output is either unconnected or has no load
WARNING: [Synth 8-7129] Port m_axi_A_out_0_RFIFONUM[0] in module top_kernel_write_output is either unconnected or has no load
WARNING: [Synth 8-7129] Port m_axi_A_out_0_RUSER[0] in module top_kernel_write_output is either unconnected or has no load
WARNING: [Synth 8-7129] Port m_axi_A_out_0_RRESP[1] in module top_kernel_write_output is either unconnected or has no load
WARNING: [Synth 8-7129] Port m_axi_A_out_0_RRESP[0] in module top_kernel_write_output is either unconnected or has no load
WARNING: [Synth 8-7129] Port m_axi_A_out_0_BRESP[1] in module top_kernel_write_output is either unconnected or has no load
WARNING: [Synth 8-7129] Port m_axi_A_out_0_BRESP[0] in module top_kernel_write_output is either unconnected or has no load
WARNING: [Synth 8-7129] Port m_axi_A_out_0_BID[0] in module top_kernel_write_output is either unconnected or has no load
WARNING: [Synth 8-7129] Port m_axi_A_out_0_BUSER[0] in module top_kernel_write_output is either unconnected or has no load
WARNING: [Synth 8-7129] Port grid_final_num_data_valid[2] in module top_kernel_write_output is either unconnected or has no load
WARNING: [Synth 8-7129] Port grid_final_num_data_valid[1] in module top_kernel_write_output is either unconnected or has no load
WARNING: [Synth 8-7129] Port grid_final_num_data_valid[0] in module top_kernel_write_output is either unconnected or has no load
WARNING: [Synth 8-7129] Port grid_final_fifo_cap[2] in module top_kernel_write_output is either unconnected or has no load
WARNING: [Synth 8-7129] Port grid_final_fifo_cap[1] in module top_kernel_write_output is either unconnected or has no load
WARNING: [Synth 8-7129] Port grid_final_fifo_cap[0] in module top_kernel_write_output is either unconnected or has no load
WARNING: [Synth 8-7129] Port reset in module top_kernel_compute_Pipeline_VITIS_LOOP_62_6_VITIS_LOOP_63_7_line_buf_1_RAM_AUTO_1R1W is either unconnected or has no load
WARNING: [Synth 8-7129] Port grid_final_num_data_valid[31] in module top_kernel_compute_Pipeline_VITIS_LOOP_130_9_VITIS_LOOP_131_10 is either unconnected or has no load
WARNING: [Synth 8-7129] Port grid_final_num_data_valid[30] in module top_kernel_compute_Pipeline_VITIS_LOOP_130_9_VITIS_LOOP_131_10 is either unconnected or has no load
WARNING: [Synth 8-7129] Port grid_final_num_data_valid[29] in module top_kernel_compute_Pipeline_VITIS_LOOP_130_9_VITIS_LOOP_131_10 is either unconnected or has no load
WARNING: [Synth 8-7129] Port grid_final_num_data_valid[28] in module top_kernel_compute_Pipeline_VITIS_LOOP_130_9_VITIS_LOOP_131_10 is either unconnected or has no load
WARNING: [Synth 8-7129] Port grid_final_num_data_valid[27] in module top_kernel_compute_Pipeline_VITIS_LOOP_130_9_VITIS_LOOP_131_10 is either unconnected or has no load
WARNING: [Synth 8-7129] Port grid_final_num_data_valid[26] in module top_kernel_compute_Pipeline_VITIS_LOOP_130_9_VITIS_LOOP_131_10 is either unconnected or has no load
WARNING: [Synth 8-7129] Port grid_final_num_data_valid[25] in module top_kernel_compute_Pipeline_VITIS_LOOP_130_9_VITIS_LOOP_131_10 is either unconnected or has no load
WARNING: [Synth 8-7129] Port grid_final_num_data_valid[24] in module top_kernel_compute_Pipeline_VITIS_LOOP_130_9_VITIS_LOOP_131_10 is either unconnected or has no load
WARNING: [Synth 8-7129] Port grid_final_num_data_valid[23] in module top_kernel_compute_Pipeline_VITIS_LOOP_130_9_VITIS_LOOP_131_10 is either unconnected or has no load
WARNING: [Synth 8-7129] Port grid_final_num_data_valid[22] in module top_kernel_compute_Pipeline_VITIS_LOOP_130_9_VITIS_LOOP_131_10 is either unconnected or has no load
WARNING: [Synth 8-7129] Port grid_final_num_data_valid[21] in module top_kernel_compute_Pipeline_VITIS_LOOP_130_9_VITIS_LOOP_131_10 is either unconnected or has no load
WARNING: [Synth 8-7129] Port grid_final_num_data_valid[20] in module top_kernel_compute_Pipeline_VITIS_LOOP_130_9_VITIS_LOOP_131_10 is either unconnected or has no load
WARNING: [Synth 8-7129] Port grid_final_num_data_valid[19] in module top_kernel_compute_Pipeline_VITIS_LOOP_130_9_VITIS_LOOP_131_10 is either unconnected or has no load
WARNING: [Synth 8-7129] Port grid_final_num_data_valid[18] in module top_kernel_compute_Pipeline_VITIS_LOOP_130_9_VITIS_LOOP_131_10 is either unconnected or has no load
WARNING: [Synth 8-7129] Port grid_final_num_data_valid[17] in module top_kernel_compute_Pipeline_VITIS_LOOP_130_9_VITIS_LOOP_131_10 is either unconnected or has no load
WARNING: [Synth 8-7129] Port grid_final_num_data_valid[16] in module top_kernel_compute_Pipeline_VITIS_LOOP_130_9_VITIS_LOOP_131_10 is either unconnected or has no load
WARNING: [Synth 8-7129] Port grid_final_num_data_valid[15] in module top_kernel_compute_Pipeline_VITIS_LOOP_130_9_VITIS_LOOP_131_10 is either unconnected or has no load
WARNING: [Synth 8-7129] Port grid_final_num_data_valid[14] in module top_kernel_compute_Pipeline_VITIS_LOOP_130_9_VITIS_LOOP_131_10 is either unconnected or has no load
WARNING: [Synth 8-7129] Port grid_final_num_data_valid[13] in module top_kernel_compute_Pipeline_VITIS_LOOP_130_9_VITIS_LOOP_131_10 is either unconnected or has no load
WARNING: [Synth 8-7129] Port grid_final_num_data_valid[12] in module top_kernel_compute_Pipeline_VITIS_LOOP_130_9_VITIS_LOOP_131_10 is either unconnected or has no load
WARNING: [Synth 8-7129] Port grid_final_num_data_valid[11] in module top_kernel_compute_Pipeline_VITIS_LOOP_130_9_VITIS_LOOP_131_10 is either unconnected or has no load
WARNING: [Synth 8-7129] Port grid_final_num_data_valid[10] in module top_kernel_compute_Pipeline_VITIS_LOOP_130_9_VITIS_LOOP_131_10 is either unconnected or has no load
WARNING: [Synth 8-7129] Port grid_final_num_data_valid[9] in module top_kernel_compute_Pipeline_VITIS_LOOP_130_9_VITIS_LOOP_131_10 is either unconnected or has no load
WARNING: [Synth 8-7129] Port grid_final_num_data_valid[8] in module top_kernel_compute_Pipeline_VITIS_LOOP_130_9_VITIS_LOOP_131_10 is either unconnected or has no load
WARNING: [Synth 8-7129] Port grid_final_num_data_valid[7] in module top_kernel_compute_Pipeline_VITIS_LOOP_130_9_VITIS_LOOP_131_10 is either unconnected or has no load
WARNING: [Synth 8-7129] Port grid_final_num_data_valid[6] in module top_kernel_compute_Pipeline_VITIS_LOOP_130_9_VITIS_LOOP_131_10 is either unconnected or has no load
WARNING: [Synth 8-7129] Port grid_final_num_data_valid[5] in module top_kernel_compute_Pipeline_VITIS_LOOP_130_9_VITIS_LOOP_131_10 is either unconnected or has no load
WARNING: [Synth 8-7129] Port grid_final_num_data_valid[4] in module top_kernel_compute_Pipeline_VITIS_LOOP_130_9_VITIS_LOOP_131_10 is either unconnected or has no load
WARNING: [Synth 8-7129] Port grid_final_num_data_valid[3] in module top_kernel_compute_Pipeline_VITIS_LOOP_130_9_VITIS_LOOP_131_10 is either unconnected or has no load
WARNING: [Synth 8-7129] Port grid_final_num_data_valid[2] in module top_kernel_compute_Pipeline_VITIS_LOOP_130_9_VITIS_LOOP_131_10 is either unconnected or has no load
WARNING: [Synth 8-7129] Port grid_final_num_data_valid[1] in module top_kernel_compute_Pipeline_VITIS_LOOP_130_9_VITIS_LOOP_131_10 is either unconnected or has no load
INFO: [Common 17-14] Message 'Synth 8-7129' appears 100 times and further instances of the messages will be disabled. Use the Tcl command set_msg_config to change the current settings.
---------------------------------------------------------------------------------
Finished RTL Elaboration : Time (s): cpu = 00:00:11 ; elapsed = 00:00:12 . Memory (MB): peak = 0.000 ; gain = 0.000 ; free physical = 97127 ; free virtual = 201309
---------------------------------------------------------------------------------
---------------------------------------------------------------------------------
Start Handling Custom Attributes
---------------------------------------------------------------------------------
---------------------------------------------------------------------------------
Finished Handling Custom Attributes : Time (s): cpu = 00:00:11 ; elapsed = 00:00:12 . Memory (MB): peak = 0.000 ; gain = 0.000 ; free physical = 97144 ; free virtual = 201366
---------------------------------------------------------------------------------
---------------------------------------------------------------------------------
Finished RTL Optimization Phase 1 : Time (s): cpu = 00:00:11 ; elapsed = 00:00:12 . Memory (MB): peak = 0.000 ; gain = 0.000 ; free physical = 97145 ; free virtual = 201367
---------------------------------------------------------------------------------
Netlist sorting complete. Time (s): cpu = 00:00:00.16 ; elapsed = 00:00:00.16 . Memory (MB): peak = 0.000 ; gain = 0.000 ; free physical = 97016 ; free virtual = 201388
INFO: [Project 1-570] Preparing netlist for logic optimization

Processing XDC Constraints
Initializing timing engine
Parsing XDC File [/nethome/shanda34/FPGA_ECE8893_SJH/2026_Spring/lab2/project_1/hls/impl/verilog/project.gen/sources_1/bd/bd_0/ip/bd_0_hls_inst_0/constraints/top_kernel_ooc.xdc] for cell 'inst'
create_clock: Time (s): cpu = 00:00:06 ; elapsed = 00:00:07 . Memory (MB): peak = 0.000 ; gain = 0.000 ; free physical = 96724 ; free virtual = 201157
Finished Parsing XDC File [/nethome/shanda34/FPGA_ECE8893_SJH/2026_Spring/lab2/project_1/hls/impl/verilog/project.gen/sources_1/bd/bd_0/ip/bd_0_hls_inst_0/constraints/top_kernel_ooc.xdc] for cell 'inst'
Parsing XDC File [/nethome/shanda34/FPGA_ECE8893_SJH/2026_Spring/lab2/project_1/hls/impl/verilog/project.runs/bd_0_hls_inst_0_synth_1/dont_touch.xdc]
Finished Parsing XDC File [/nethome/shanda34/FPGA_ECE8893_SJH/2026_Spring/lab2/project_1/hls/impl/verilog/project.runs/bd_0_hls_inst_0_synth_1/dont_touch.xdc]
Completed Processing XDC Constraints

Netlist sorting complete. Time (s): cpu = 00:00:00.01 ; elapsed = 00:00:00.01 . Memory (MB): peak = 0.000 ; gain = 0.000 ; free physical = 96770 ; free virtual = 201203
INFO: [Project 1-111] Unisim Transformation Summary:
No Unisim elements were transformed.

Constraint Validation Runtime : Time (s): cpu = 00:00:00.22 ; elapsed = 00:00:00.13 . Memory (MB): peak = 0.000 ; gain = 0.000 ; free physical = 96772 ; free virtual = 201205
INFO: [Designutils 20-5008] Incremental synthesis strategy off
---------------------------------------------------------------------------------
Finished Constraint Validation : Time (s): cpu = 00:00:30 ; elapsed = 00:00:31 . Memory (MB): peak = 0.000 ; gain = 0.000 ; free physical = 96748 ; free virtual = 201184
---------------------------------------------------------------------------------
---------------------------------------------------------------------------------
Start Loading Part and Timing Information
---------------------------------------------------------------------------------
Loading part: xczu3eg-sbva484-1-e
INFO: [Synth 8-6742] Reading net delay rules and data
---------------------------------------------------------------------------------
Finished Loading Part and Timing Information : Time (s): cpu = 00:00:30 ; elapsed = 00:00:31 . Memory (MB): peak = 0.000 ; gain = 0.000 ; free physical = 96748 ; free virtual = 201184
---------------------------------------------------------------------------------
---------------------------------------------------------------------------------
Start Applying 'set_property' XDC Constraints
---------------------------------------------------------------------------------
---------------------------------------------------------------------------------
Finished applying 'set_property' XDC Constraints : Time (s): cpu = 00:00:30 ; elapsed = 00:00:31 . Memory (MB): peak = 0.000 ; gain = 0.000 ; free physical = 96737 ; free virtual = 201174
---------------------------------------------------------------------------------
INFO: [Synth 8-802] inferred FSM for state register 'wstate_reg' in module 'top_kernel_control_s_axi'
INFO: [Synth 8-802] inferred FSM for state register 'rstate_reg' in module 'top_kernel_control_s_axi'
INFO: [Synth 8-802] inferred FSM for state register 'state_reg' in module 'top_kernel_A_in_m_axi_reg_slice'
INFO: [Synth 8-802] inferred FSM for state register 'state_reg' in module 'top_kernel_A_in_m_axi_reg_slice__parameterized0'
INFO: [Synth 8-802] inferred FSM for state register 'state_reg' in module 'top_kernel_A_out_m_axi_reg_slice'
INFO: [Synth 8-802] inferred FSM for state register 'state_reg' in module 'top_kernel_A_out_m_axi_reg_slice__parameterized0'
INFO: [Synth 8-802] inferred FSM for state register 'state_reg' in module 'top_kernel_A_out_m_axi_reg_slice__parameterized1'
INFO: [Synth 8-802] inferred FSM for state register 'state_reg' in module 'top_kernel_A_out_m_axi_reg_slice__parameterized2'
INFO: [Synth 8-4490] FSM extraction disabled for register 'ap_CS_fsm_reg' through user attribute
INFO: [Synth 8-4490] FSM extraction disabled for register 'ap_CS_fsm_reg' through user attribute
INFO: [Synth 8-4490] FSM extraction disabled for register 'ap_CS_fsm_reg' through user attribute
INFO: [Synth 8-4490] FSM extraction disabled for register 'ap_CS_fsm_reg' through user attribute
---------------------------------------------------------------------------------------------------
                   State |                     New Encoding |                Previous Encoding 
---------------------------------------------------------------------------------------------------
                  iSTATE |                             0001 |                               11
*
                  WRIDLE |                             0010 |                               00
                  WRDATA |                             0100 |                               01
                  WRRESP |                             1000 |                               10
---------------------------------------------------------------------------------------------------
INFO: [Synth 8-3354] encoded FSM with state register 'wstate_reg' using encoding 'one-hot' in module 'top_kernel_control_s_axi'
---------------------------------------------------------------------------------------------------
                   State |                     New Encoding |                Previous Encoding 
---------------------------------------------------------------------------------------------------
                  iSTATE |                              001 |                               10
*
                  RDIDLE |                              010 |                               00
                  RDDATA |                              100 |                               01
---------------------------------------------------------------------------------------------------
INFO: [Synth 8-3354] encoded FSM with state register 'rstate_reg' using encoding 'one-hot' in module 'top_kernel_control_s_axi'
---------------------------------------------------------------------------------------------------
                   State |                     New Encoding |                Previous Encoding 
---------------------------------------------------------------------------------------------------
                    ZERO |                               00 |                               10
                     ONE |                               10 |                               11
                     TWO |                               01 |                               01
---------------------------------------------------------------------------------------------------
INFO: [Synth 8-3354] encoded FSM with state register 'state_reg' using encoding 'sequential' in module 'top_kernel_A_in_m_axi_reg_slice'
---------------------------------------------------------------------------------------------------
                   State |                     New Encoding |                Previous Encoding 
---------------------------------------------------------------------------------------------------
                    ZERO |                               00 |                               10
                     ONE |                               10 |                               11
                     TWO |                               01 |                               01
---------------------------------------------------------------------------------------------------
INFO: [Synth 8-3354] encoded FSM with state register 'state_reg' using encoding 'sequential' in module 'top_kernel_A_in_m_axi_reg_slice__parameterized0'
---------------------------------------------------------------------------------------------------
                   State |                     New Encoding |                Previous Encoding 
---------------------------------------------------------------------------------------------------
                    ZERO |                               00 |                               10
                     ONE |                               10 |                               11
                     TWO |                               01 |                               01
---------------------------------------------------------------------------------------------------
INFO: [Synth 8-3354] encoded FSM with state register 'state_reg' using encoding 'sequential' in module 'top_kernel_A_out_m_axi_reg_slice'
---------------------------------------------------------------------------------------------------
                   State |                     New Encoding |                Previous Encoding 
---------------------------------------------------------------------------------------------------
                    ZERO |                               00 |                               10
                     ONE |                               10 |                               11
                     TWO |                               01 |                               01
---------------------------------------------------------------------------------------------------
INFO: [Synth 8-3354] encoded FSM with state register 'state_reg' using encoding 'sequential' in module 'top_kernel_A_out_m_axi_reg_slice__parameterized0'
---------------------------------------------------------------------------------------------------
                   State |                     New Encoding |                Previous Encoding 
---------------------------------------------------------------------------------------------------
                    ZERO |                               00 |                               10
                     ONE |                               10 |                               11
                     TWO |                               01 |                               01
---------------------------------------------------------------------------------------------------
INFO: [Synth 8-3354] encoded FSM with state register 'state_reg' using encoding 'sequential' in module 'top_kernel_A_out_m_axi_reg_slice__parameterized1'
---------------------------------------------------------------------------------------------------
                   State |                     New Encoding |                Previous Encoding 
---------------------------------------------------------------------------------------------------
                    ZERO |                               00 |                               10
                     ONE |                               10 |                               11
                     TWO |                               01 |                               01
---------------------------------------------------------------------------------------------------
INFO: [Synth 8-3354] encoded FSM with state register 'state_reg' using encoding 'sequential' in module 'top_kernel_A_out_m_axi_reg_slice__parameterized2'
---------------------------------------------------------------------------------
Finished RTL Optimization Phase 2 : Time (s): cpu = 00:00:44 ; elapsed = 00:00:46 . Memory (MB): peak = 0.000 ; gain = 0.000 ; free physical = 95322 ; free virtual = 199802
---------------------------------------------------------------------------------
---------------------------------------------------------------------------------
Start RTL Component Statistics 
---------------------------------------------------------------------------------
Detailed RTL Component Info : 
+---Adders : 
	   2 Input   52 Bit       Adders := 2     
	   2 Input   39 Bit       Adders := 2     
	   2 Input   38 Bit       Adders := 1     
	   2 Input   36 Bit       Adders := 1     
	   2 Input   32 Bit       Adders := 4     
	   2 Input   26 Bit       Adders := 2     
	   2 Input   25 Bit       Adders := 2     
	   2 Input   24 Bit       Adders := 1     
	   2 Input   17 Bit       Adders := 1     
	   2 Input   16 Bit       Adders := 1     
	   2 Input   12 Bit       Adders := 4     
	   2 Input    9 Bit       Adders := 15    
	   3 Input    9 Bit       Adders := 2     
	   2 Input    8 Bit       Adders := 5     
	   3 Input    8 Bit       Adders := 1     
	   2 Input    6 Bit       Adders := 4     
	   2 Input    5 Bit       Adders := 17    
	   2 Input    4 Bit       Adders := 8     
	   2 Input    3 Bit       Adders := 14    
	   2 Input    2 Bit       Adders := 9     
	   2 Input    1 Bit       Adders := 1     
+---XORs : 
	   2 Input      1 Bit         XORs := 16    
	   3 Input      1 Bit         XORs := 2     
+---Registers : 
	               97 Bit    Registers := 4     
	               96 Bit    Registers := 2     
	               73 Bit    Registers := 2     
	               64 Bit    Registers := 7     
	               62 Bit    Registers := 1     
	               52 Bit    Registers := 2     
	               40 Bit    Registers := 1     
	               36 Bit    Registers := 2     
	               34 Bit    Registers := 3     
	               32 Bit    Registers := 8     
	               27 Bit    Registers := 2     
	               24 Bit    Registers := 32    
	               20 Bit    Registers := 2     
	               17 Bit    Registers := 1     
	               16 Bit    Registers := 1     
	               12 Bit    Registers := 2     
	               10 Bit    Registers := 9     
	                9 Bit    Registers := 18    
	                8 Bit    Registers := 9     
	                7 Bit    Registers := 10    
	                6 Bit    Registers := 5     
	                5 Bit    Registers := 14    
	                4 Bit    Registers := 9     
	                3 Bit    Registers := 9     
	                2 Bit    Registers := 14    
	                1 Bit    Registers := 196   
+---Multipliers : 
	              27x39  Multipliers := 1     
	              25x39  Multipliers := 1     
+---RAMs : 
	             768K Bit	(32768 X 24 bit)          RAMs := 4     
	               8K Bit	(255 X 34 bit)          RAMs := 1     
	               6K Bit	(256 X 24 bit)          RAMs := 2     
+---Muxes : 
	   2 Input   97 Bit        Muxes := 2     
	   2 Input   73 Bit        Muxes := 1     
	   2 Input   64 Bit        Muxes := 6     
	   2 Input   52 Bit        Muxes := 2     
	   3 Input   40 Bit        Muxes := 1     
	   2 Input   40 Bit        Muxes := 1     
	   2 Input   34 Bit        Muxes := 1     
	   2 Input   32 Bit        Muxes := 2     
	   2 Input   24 Bit        Muxes := 18    
	   3 Input   24 Bit        Muxes := 1     
	   2 Input   20 Bit        Muxes := 2     
	   4 Input   12 Bit        Muxes := 2     
	   2 Input   12 Bit        Muxes := 2     
	   2 Input   11 Bit        Muxes := 1     
	   2 Input   10 Bit        Muxes := 9     
	   2 Input    9 Bit        Muxes := 3     
	   4 Input    9 Bit        Muxes := 2     
	   4 Input    8 Bit        Muxes := 4     
	   2 Input    8 Bit        Muxes := 1     
	   2 Input    6 Bit        Muxes := 4     
	   2 Input    5 Bit        Muxes := 6     
	   4 Input    4 Bit        Muxes := 1     
	   2 Input    4 Bit        Muxes := 8     
	   3 Input    3 Bit        Muxes := 1     
	   2 Input    3 Bit        Muxes := 10    
	   2 Input    2 Bit        Muxes := 103   
	   3 Input    2 Bit        Muxes := 18    
	   4 Input    2 Bit        Muxes := 6     
	   2 Input    1 Bit        Muxes := 185   
	   4 Input    1 Bit        Muxes := 1     
	   3 Input    1 Bit        Muxes := 1     
---------------------------------------------------------------------------------
Finished RTL Component Statistics 
---------------------------------------------------------------------------------
---------------------------------------------------------------------------------
Start Part Resource Summary
---------------------------------------------------------------------------------
Part Resources:
DSPs: 360 (col length:72)
BRAMs: 432 (col length: RAMB18 72 RAMB36 36)
---------------------------------------------------------------------------------
Finished Part Resource Summary
---------------------------------------------------------------------------------
---------------------------------------------------------------------------------
Start Cross Boundary and Area Optimization
---------------------------------------------------------------------------------
WARNING: [Synth 8-7080] Parallel synthesis criteria is not met
WARNING: [Synth 8-3936] Found unconnected internal register 'bus_write/wreq_throttle/rs_req/data_p1_reg' and it is trimmed from '73' to '72' bits. [/nethome/shanda34/FPGA_ECE8893_SJH/2026_Spring/lab2/project_1/hls/impl/verilog/project.gen/sources_1/bd/bd_0/ipshared/0d9a/hdl/verilog/top_kernel_A_out_m_axi.v:2655]
WARNING: [Synth 8-3936] Found unconnected internal register 'bus_write/wreq_throttle/rs_req/data_p2_reg' and it is trimmed from '73' to '72' bits. [/nethome/shanda34/FPGA_ECE8893_SJH/2026_Spring/lab2/project_1/hls/impl/verilog/project.gen/sources_1/bd/bd_0/ipshared/0d9a/hdl/verilog/top_kernel_A_out_m_axi.v:2676]
DSP Report: Generating DSP mul_39s_26ns_65_1_1_U24/tmp_product, operation Mode is: (A:0x199a000)*B2.
DSP Report: register mul_39s_26ns_65_1_1_U24/tmp_product is absorbed into DSP mul_39s_26ns_65_1_1_U24/tmp_product.
DSP Report: operator mul_39s_26ns_65_1_1_U24/tmp_product is absorbed into DSP mul_39s_26ns_65_1_1_U24/tmp_product.
DSP Report: operator mul_39s_26ns_65_1_1_U24/tmp_product is absorbed into DSP mul_39s_26ns_65_1_1_U24/tmp_product.
DSP Report: Generating DSP mul_39s_26ns_65_1_1_U24/tmp_product, operation Mode is: (A:0x199a000)*B2.
DSP Report: register mul_39s_26ns_65_1_1_U24/tmp_product is absorbed into DSP mul_39s_26ns_65_1_1_U24/tmp_product.
DSP Report: operator mul_39s_26ns_65_1_1_U24/tmp_product is absorbed into DSP mul_39s_26ns_65_1_1_U24/tmp_product.
DSP Report: operator mul_39s_26ns_65_1_1_U24/tmp_product is absorbed into DSP mul_39s_26ns_65_1_1_U24/tmp_product.
DSP Report: Generating DSP mul_39s_26ns_65_1_1_U24/tmp_product, operation Mode is: (PCIN>>17)+(A:0x199a000)*B2.
DSP Report: register mul_39s_26ns_65_1_1_U24/tmp_product is absorbed into DSP mul_39s_26ns_65_1_1_U24/tmp_product.
DSP Report: operator mul_39s_26ns_65_1_1_U24/tmp_product is absorbed into DSP mul_39s_26ns_65_1_1_U24/tmp_product.
DSP Report: operator mul_39s_26ns_65_1_1_U24/tmp_product is absorbed into DSP mul_39s_26ns_65_1_1_U24/tmp_product.
DSP Report: Generating DSP add_41s_41s_41_1_1_U25/dout, operation Mode is: C+A'':B''.
DSP Report: register add_41s_41s_41_1_1_U25/dout is absorbed into DSP add_41s_41s_41_1_1_U25/dout.
DSP Report: register add_41s_41s_41_1_1_U25/dout is absorbed into DSP add_41s_41s_41_1_1_U25/dout.
DSP Report: register add_41s_41s_41_1_1_U25/dout is absorbed into DSP add_41s_41s_41_1_1_U25/dout.
DSP Report: register add_41s_41s_41_1_1_U25/dout is absorbed into DSP add_41s_41s_41_1_1_U25/dout.
DSP Report: operator add_41s_41s_41_1_1_U25/dout is absorbed into DSP add_41s_41s_41_1_1_U25/dout.
DSP Report: Generating DSP mul_39s_24ns_63_1_1_U23/tmp_product, operation Mode is: (A:0x666000)*B2.
DSP Report: register mul_39s_24ns_63_1_1_U23/tmp_product is absorbed into DSP mul_39s_24ns_63_1_1_U23/tmp_product.
DSP Report: operator mul_39s_24ns_63_1_1_U23/tmp_product is absorbed into DSP mul_39s_24ns_63_1_1_U23/tmp_product.
DSP Report: operator mul_39s_24ns_63_1_1_U23/tmp_product is absorbed into DSP mul_39s_24ns_63_1_1_U23/tmp_product.
DSP Report: Generating DSP mul_39s_24ns_63_1_1_U23/tmp_product, operation Mode is: (A:0x666000)*B2.
DSP Report: register mul_39s_24ns_63_1_1_U23/tmp_product is absorbed into DSP mul_39s_24ns_63_1_1_U23/tmp_product.
DSP Report: operator mul_39s_24ns_63_1_1_U23/tmp_product is absorbed into DSP mul_39s_24ns_63_1_1_U23/tmp_product.
DSP Report: operator mul_39s_24ns_63_1_1_U23/tmp_product is absorbed into DSP mul_39s_24ns_63_1_1_U23/tmp_product.
DSP Report: Generating DSP mul_39s_24ns_63_1_1_U23/tmp_product, operation Mode is: (PCIN>>17)+(A:0x666000)*B2.
DSP Report: register mul_39s_24ns_63_1_1_U23/tmp_product is absorbed into DSP mul_39s_24ns_63_1_1_U23/tmp_product.
DSP Report: operator mul_39s_24ns_63_1_1_U23/tmp_product is absorbed into DSP mul_39s_24ns_63_1_1_U23/tmp_product.
DSP Report: operator mul_39s_24ns_63_1_1_U23/tmp_product is absorbed into DSP mul_39s_24ns_63_1_1_U23/tmp_product.
DSP Report: Generating DSP add_42s_42s_42_1_1_U26/dout, operation Mode is: C+A:B.
DSP Report: operator add_42s_42s_42_1_1_U26/dout is absorbed into DSP add_42s_42s_42_1_1_U26/dout.
WARNING: [Synth 8-3332] Sequential element (FSM_onehot_wstate_reg[0]) is unused and will be removed from module top_kernel_control_s_axi.
WARNING: [Synth 8-3332] Sequential element (FSM_onehot_rstate_reg[0]) is unused and will be removed from module top_kernel_control_s_axi.
---------------------------------------------------------------------------------
Finished Cross Boundary and Area Optimization : Time (s): cpu = 00:01:14 ; elapsed = 00:01:17 . Memory (MB): peak = 0.000 ; gain = 0.000 ; free physical = 94829 ; free virtual = 199275
---------------------------------------------------------------------------------
 Sort Area is  mul_39s_26ns_65_1_1_U24/tmp_product_0 : 0 0 : 1578 3172 : Used 1 time 100
 Sort Area is  mul_39s_26ns_65_1_1_U24/tmp_product_0 : 0 1 : 1594 3172 : Used 1 time 100
 Sort Area is  mul_39s_24ns_63_1_1_U23/tmp_product_5 : 0 0 : 1374 2762 : Used 1 time 100
 Sort Area is  mul_39s_24ns_63_1_1_U23/tmp_product_5 : 0 1 : 1388 2762 : Used 1 time 100
 Sort Area is  mul_39s_26ns_65_1_1_U24/tmp_product_3 : 0 0 : 381 381 : Used 1 time 100
 Sort Area is  mul_39s_24ns_63_1_1_U23/tmp_product_8 : 0 0 : 363 363 : Used 1 time 100
 Sort Area is  add_41s_41s_41_1_1_U25/dout_a : 0 0 : 204 204 : Used 1 time 100
 Sort Area is  add_42s_42s_42_1_1_U26/dout_c : 0 0 : 125 125 : Used 1 time 100
---------------------------------------------------------------------------------
Start ROM, RAM, DSP, Shift Register and Retiming Reporting
---------------------------------------------------------------------------------

Block RAM: Preliminary Mapping Report (see note below)
+------------------+----------------------------------------------------------------------------------+------------------------+---+---+------------------------+---+---+------------------+--------+--------+-----------------+
|Module Name       | RTL Object                                                                       | PORT A (Depth x Width) | W | R | PORT B (Depth x Width) | W | R | Ports driving FF | RAMB18 | RAMB36 | Cascade Heights | 
+------------------+----------------------------------------------------------------------------------+------------------------+---+---+------------------------+---+---+------------------+--------+--------+-----------------+
|inst/A_in_m_axi_U | load_unit_0/buff_rdata/U_fifo_mem/mem_reg                                        | 255 x 34(READ_FIRST)   | W |   | 255 x 34(WRITE_FIRST)  |   | R | Port A and B     | 1      | 0      |                 | 
|inst/compute_U0   | buffer_U/ram_reg                                                                 | 32 K x 24(READ_FIRST)  | W | R | 32 K x 24(WRITE_FIRST) |   | R | Port A and B     | 0      | 22     | 8,8,4,2         | 
|inst/compute_U0   | buffer_1_U/ram_reg                                                               | 32 K x 24(READ_FIRST)  | W | R | 32 K x 24(WRITE_FIRST) |   | R | Port A and B     | 0      | 22     | 8,8,4,2         | 
|inst/compute_U0   | buffer_2_U/ram_reg                                                               | 32 K x 24(READ_FIRST)  | W | R | 32 K x 24(WRITE_FIRST) |   | R | Port A and B     | 0      | 22     | 8,8,4,2         | 
|inst/compute_U0   | buffer_3_U/ram_reg                                                               | 32 K x 24(READ_FIRST)  | W | R | 32 K x 24(WRITE_FIRST) |   | R | Port A and B     | 0      | 22     | 8,8,4,2         | 
|inst/compute_U0   | grp_compute_Pipeline_VITIS_LOOP_62_6_VITIS_LOOP_63_7_fu_138/line_buf_1_U/ram_reg | 256 x 24(READ_FIRST)   | W |   | 256 x 24(WRITE_FIRST)  |   | R | Port A and B     | 1      | 0      |                 | 
|inst/compute_U0   | grp_compute_Pipeline_VITIS_LOOP_62_6_VITIS_LOOP_63_7_fu_138/line_buf_U/ram_reg   | 256 x 24(READ_FIRST)   | W |   | 256 x 24(WRITE_FIRST)  |   | R | Port A and B     | 1      | 0      |                 | 
+------------------+----------------------------------------------------------------------------------+------------------------+---+---+------------------------+---+---+------------------+--------+--------+-----------------+

Note: The table above is a preliminary report that shows the Block RAMs at the current stage of the synthesis flow. Some Block RAMs may be reimplemented as non Block RAM primitives later in the synthesis flow. Multiple instantiated Block RAMs are reported only once. 

DSP: Preliminary Mapping Report (see note below. The ' indicates corresponding REG is set)
+------------------------------------------------------------+-----------------------------+--------+--------+--------+--------+--------+------+------+------+------+-------+------+------+
|Module Name                                                 | DSP Mapping                 | A Size | B Size | C Size | D Size | P Size | AREG | BREG | CREG | DREG | ADREG | MREG | PREG | 
+------------------------------------------------------------+-----------------------------+--------+--------+--------+--------+--------+------+------+------+------+-------+------+------+
|top_kernel_compute_Pipeline_VITIS_LOOP_62_6_VITIS_LOOP_63_7 | (A:0x199a000)*B2            | 26     | 5      | -      | -      | 48     | 0    | 1    | -    | -    | -     | 0    | 0    | 
|top_kernel_compute_Pipeline_VITIS_LOOP_62_6_VITIS_LOOP_63_7 | (A:0x199a000)*B2            | 26     | 18     | -      | -      | 48     | 0    | 1    | -    | -    | -     | 0    | 0    | 
|top_kernel_compute_Pipeline_VITIS_LOOP_62_6_VITIS_LOOP_63_7 | (PCIN>>17)+(A:0x199a000)*B2 | 26     | 18     | -      | -      | 48     | 0    | 1    | -    | -    | -     | 0    | 0    | 
|top_kernel_compute_Pipeline_VITIS_LOOP_62_6_VITIS_LOOP_63_7 | C+A'':B''                   | 23     | 18     | 41     | -      | 41     | 2    | 2    | 0    | -    | -     | 0    | 0    | 
|top_kernel_compute_Pipeline_VITIS_LOOP_62_6_VITIS_LOOP_63_7 | (A:0x666000)*B2             | 24     | 5      | -      | -      | 48     | 0    | 1    | -    | -    | -     | 0    | 0    | 
|top_kernel_compute_Pipeline_VITIS_LOOP_62_6_VITIS_LOOP_63_7 | (A:0x666000)*B2             | 24     | 18     | -      | -      | 48     | 0    | 1    | -    | -    | -     | 0    | 0    | 
|top_kernel_compute_Pipeline_VITIS_LOOP_62_6_VITIS_LOOP_63_7 | (PCIN>>17)+(A:0x666000)*B2  | 24     | 18     | -      | -      | 48     | 0    | 1    | -    | -    | -     | 0    | 0    | 
|top_kernel_add_42s_42s_42_1_1                               | C+A:B                       | 24     | 18     | 42     | -      | 42     | 0    | 0    | 0    | -    | -     | 0    | 0    | 
+------------------------------------------------------------+-----------------------------+--------+--------+--------+--------+--------+------+------+------+------+-------+------+------+

Note: The table above is a preliminary report that shows the DSPs inferred at the current stage of the synthesis flow. Some DSP may be reimplemented as non DSP primitives later in the synthesis flow. Multiple instantiated DSPs are reported only once.
---------------------------------------------------------------------------------
Finished ROM, RAM, DSP, Shift Register and Retiming Reporting
---------------------------------------------------------------------------------
---------------------------------------------------------------------------------
Start Applying XDC Timing Constraints
---------------------------------------------------------------------------------
---------------------------------------------------------------------------------
Finished Applying XDC Timing Constraints : Time (s): cpu = 00:01:29 ; elapsed = 00:01:32 . Memory (MB): peak = 0.000 ; gain = 0.000 ; free physical = 95728 ; free virtual = 200153
---------------------------------------------------------------------------------
---------------------------------------------------------------------------------
Start Timing Optimization
---------------------------------------------------------------------------------
INFO: [Synth 8-5556] The block RAM "inst/compute_U0/buffer_U/ram_reg" may be mapped as a cascade chain, because it is not timing critical.
INFO: [Synth 8-5556] The block RAM "inst/compute_U0/buffer_1_U/ram_reg" may be mapped as a cascade chain, because it is not timing critical.
INFO: [Synth 8-5556] The block RAM "inst/compute_U0/buffer_2_U/ram_reg" may be mapped as a cascade chain, because it is not timing critical.
INFO: [Synth 8-5556] The block RAM "inst/compute_U0/buffer_3_U/ram_reg" may be mapped as a cascade chain, because it is not timing critical.
---------------------------------------------------------------------------------
Finished Timing Optimization : Time (s): cpu = 00:01:37 ; elapsed = 00:01:40 . Memory (MB): peak = 0.000 ; gain = 0.000 ; free physical = 95848 ; free virtual = 200013
---------------------------------------------------------------------------------
---------------------------------------------------------------------------------
Start ROM, RAM, DSP, Shift Register and Retiming Reporting
---------------------------------------------------------------------------------

Block RAM: Final Mapping Report
+------------------+----------------------------------------------------------------------------------+------------------------+---+---+------------------------+---+---+------------------+--------+--------+-----------------+
|Module Name       | RTL Object                                                                       | PORT A (Depth x Width) | W | R | PORT B (Depth x Width) | W | R | Ports driving FF | RAMB18 | RAMB36 | Cascade Heights | 
+------------------+----------------------------------------------------------------------------------+------------------------+---+---+------------------------+---+---+------------------+--------+--------+-----------------+
|inst/A_in_m_axi_U | load_unit_0/buff_rdata/U_fifo_mem/mem_reg                                        | 255 x 34(READ_FIRST)   | W |   | 255 x 34(WRITE_FIRST)  |   | R | Port A and B     | 1      | 0      |                 | 
|inst/compute_U0   | buffer_U/ram_reg                                                                 | 32 K x 24(READ_FIRST)  | W | R | 32 K x 24(WRITE_FIRST) |   | R | Port A and B     | 0      | 22     | 8,8,4,2         | 
|inst/compute_U0   | buffer_1_U/ram_reg                                                               | 32 K x 24(READ_FIRST)  | W | R | 32 K x 24(WRITE_FIRST) |   | R | Port A and B     | 0      | 22     | 8,8,4,2         | 
|inst/compute_U0   | buffer_2_U/ram_reg                                                               | 32 K x 24(READ_FIRST)  | W | R | 32 K x 24(WRITE_FIRST) |   | R | Port A and B     | 0      | 22     | 8,8,4,2         | 
|inst/compute_U0   | buffer_3_U/ram_reg                                                               | 32 K x 24(READ_FIRST)  | W | R | 32 K x 24(WRITE_FIRST) |   | R | Port A and B     | 0      | 22     | 8,8,4,2         | 
|inst/compute_U0   | grp_compute_Pipeline_VITIS_LOOP_62_6_VITIS_LOOP_63_7_fu_138/line_buf_1_U/ram_reg | 256 x 24(READ_FIRST)   | W |   | 256 x 24(WRITE_FIRST)  |   | R | Port A and B     | 1      | 0      |                 | 
|inst/compute_U0   | grp_compute_Pipeline_VITIS_LOOP_62_6_VITIS_LOOP_63_7_fu_138/line_buf_U/ram_reg   | 256 x 24(READ_FIRST)   | W |   | 256 x 24(WRITE_FIRST)  |   | R | Port A and B     | 1      | 0      |                 | 
+------------------+----------------------------------------------------------------------------------+------------------------+---+---+------------------------+---+---+------------------+--------+--------+-----------------+

---------------------------------------------------------------------------------
Finished ROM, RAM, DSP, Shift Register and Retiming Reporting
---------------------------------------------------------------------------------
---------------------------------------------------------------------------------
Start Technology Mapping
---------------------------------------------------------------------------------
INFO: [Synth 8-7052] The timing for the instance inst/A_in_m_axi_U/load_unit_0/buff_rdata/U_fifo_mem/mem_reg (implemented as a Block RAM) might be sub-optimal as no optional output register could be merged into the ram block. Providing additional output register may help in improving timing.
INFO: [Synth 8-7052] The timing for the instance inst/compute_U0/buffer_U/ram_reg_bram_7 (implemented as a Block RAM) might be sub-optimal as no optional output register could be merged into the ram block. Providing additional output register may help in improving timing.
INFO: [Synth 8-7052] The timing for the instance inst/compute_U0/buffer_U/ram_reg_bram_7 (implemented as a Block RAM) might be sub-optimal as no optional output register could be merged into the ram block. Providing additional output register may help in improving timing.
INFO: [Synth 8-7052] The timing for the instance inst/compute_U0/buffer_U/ram_reg_bram_15 (implemented as a Block RAM) might be sub-optimal as no optional output register could be merged into the ram block. Providing additional output register may help in improving timing.
INFO: [Synth 8-7052] The timing for the instance inst/compute_U0/buffer_U/ram_reg_bram_15 (implemented as a Block RAM) might be sub-optimal as no optional output register could be merged into the ram block. Providing additional output register may help in improving timing.
INFO: [Synth 8-7052] The timing for the instance inst/compute_U0/buffer_U/ram_reg_bram_19 (implemented as a Block RAM) might be sub-optimal as no optional output register could be merged into the ram block. Providing additional output register may help in improving timing.
INFO: [Synth 8-7052] The timing for the instance inst/compute_U0/buffer_U/ram_reg_bram_19 (implemented as a Block RAM) might be sub-optimal as no optional output register could be merged into the ram block. Providing additional output register may help in improving timing.
INFO: [Synth 8-7052] The timing for the instance inst/compute_U0/buffer_U/ram_reg_bram_21 (implemented as a Block RAM) might be sub-optimal as no optional output register could be merged into the ram block. Providing additional output register may help in improving timing.
INFO: [Synth 8-7052] The timing for the instance inst/compute_U0/buffer_U/ram_reg_bram_21 (implemented as a Block RAM) might be sub-optimal as no optional output register could be merged into the ram block. Providing additional output register may help in improving timing.
INFO: [Synth 8-7052] The timing for the instance inst/compute_U0/buffer_1_U/ram_reg_bram_7 (implemented as a Block RAM) might be sub-optimal as no optional output register could be merged into the ram block. Providing additional output register may help in improving timing.
INFO: [Synth 8-7052] The timing for the instance inst/compute_U0/buffer_1_U/ram_reg_bram_7 (implemented as a Block RAM) might be sub-optimal as no optional output register could be merged into the ram block. Providing additional output register may help in improving timing.
INFO: [Synth 8-7052] The timing for the instance inst/compute_U0/buffer_1_U/ram_reg_bram_15 (implemented as a Block RAM) might be sub-optimal as no optional output register could be merged into the ram block. Providing additional output register may help in improving timing.
INFO: [Synth 8-7052] The timing for the instance inst/compute_U0/buffer_1_U/ram_reg_bram_15 (implemented as a Block RAM) might be sub-optimal as no optional output register could be merged into the ram block. Providing additional output register may help in improving timing.
INFO: [Synth 8-7052] The timing for the instance inst/compute_U0/buffer_1_U/ram_reg_bram_19 (implemented as a Block RAM) might be sub-optimal as no optional output register could be merged into the ram block. Providing additional output register may help in improving timing.
INFO: [Synth 8-7052] The timing for the instance inst/compute_U0/buffer_1_U/ram_reg_bram_19 (implemented as a Block RAM) might be sub-optimal as no optional output register could be merged into the ram block. Providing additional output register may help in improving timing.
INFO: [Synth 8-7052] The timing for the instance inst/compute_U0/buffer_1_U/ram_reg_bram_21 (implemented as a Block RAM) might be sub-optimal as no optional output register could be merged into the ram block. Providing additional output register may help in improving timing.
INFO: [Synth 8-7052] The timing for the instance inst/compute_U0/buffer_1_U/ram_reg_bram_21 (implemented as a Block RAM) might be sub-optimal as no optional output register could be merged into the ram block. Providing additional output register may help in improving timing.
INFO: [Synth 8-7052] The timing for the instance inst/compute_U0/buffer_2_U/ram_reg_bram_7 (implemented as a Block RAM) might be sub-optimal as no optional output register could be merged into the ram block. Providing additional output register may help in improving timing.
INFO: [Synth 8-7052] The timing for the instance inst/compute_U0/buffer_2_U/ram_reg_bram_7 (implemented as a Block RAM) might be sub-optimal as no optional output register could be merged into the ram block. Providing additional output register may help in improving timing.
INFO: [Synth 8-7052] The timing for the instance inst/compute_U0/buffer_2_U/ram_reg_bram_15 (implemented as a Block RAM) might be sub-optimal as no optional output register could be merged into the ram block. Providing additional output register may help in improving timing.
INFO: [Synth 8-7052] The timing for the instance inst/compute_U0/buffer_2_U/ram_reg_bram_15 (implemented as a Block RAM) might be sub-optimal as no optional output register could be merged into the ram block. Providing additional output register may help in improving timing.
INFO: [Synth 8-7052] The timing for the instance inst/compute_U0/buffer_2_U/ram_reg_bram_19 (implemented as a Block RAM) might be sub-optimal as no optional output register could be merged into the ram block. Providing additional output register may help in improving timing.
INFO: [Synth 8-7052] The timing for the instance inst/compute_U0/buffer_2_U/ram_reg_bram_19 (implemented as a Block RAM) might be sub-optimal as no optional output register could be merged into the ram block. Providing additional output register may help in improving timing.
INFO: [Synth 8-7052] The timing for the instance inst/compute_U0/buffer_2_U/ram_reg_bram_21 (implemented as a Block RAM) might be sub-optimal as no optional output register could be merged into the ram block. Providing additional output register may help in improving timing.
INFO: [Synth 8-7052] The timing for the instance inst/compute_U0/buffer_2_U/ram_reg_bram_21 (implemented as a Block RAM) might be sub-optimal as no optional output register could be merged into the ram block. Providing additional output register may help in improving timing.
INFO: [Synth 8-7052] The timing for the instance inst/compute_U0/buffer_3_U/ram_reg_bram_7 (implemented as a Block RAM) might be sub-optimal as no optional output register could be merged into the ram block. Providing additional output register may help in improving timing.
INFO: [Synth 8-7052] The timing for the instance inst/compute_U0/buffer_3_U/ram_reg_bram_7 (implemented as a Block RAM) might be sub-optimal as no optional output register could be merged into the ram block. Providing additional output register may help in improving timing.
INFO: [Synth 8-7052] The timing for the instance inst/compute_U0/buffer_3_U/ram_reg_bram_15 (implemented as a Block RAM) might be sub-optimal as no optional output register could be merged into the ram block. Providing additional output register may help in improving timing.
INFO: [Synth 8-7052] The timing for the instance inst/compute_U0/buffer_3_U/ram_reg_bram_15 (implemented as a Block RAM) might be sub-optimal as no optional output register could be merged into the ram block. Providing additional output register may help in improving timing.
INFO: [Synth 8-7052] The timing for the instance inst/compute_U0/buffer_3_U/ram_reg_bram_19 (implemented as a Block RAM) might be sub-optimal as no optional output register could be merged into the ram block. Providing additional output register may help in improving timing.
INFO: [Synth 8-7052] The timing for the instance inst/compute_U0/buffer_3_U/ram_reg_bram_19 (implemented as a Block RAM) might be sub-optimal as no optional output register could be merged into the ram block. Providing additional output register may help in improving timing.
INFO: [Synth 8-7052] The timing for the instance inst/compute_U0/buffer_3_U/ram_reg_bram_21 (implemented as a Block RAM) might be sub-optimal as no optional output register could be merged into the ram block. Providing additional output register may help in improving timing.
INFO: [Synth 8-7052] The timing for the instance inst/compute_U0/buffer_3_U/ram_reg_bram_21 (implemented as a Block RAM) might be sub-optimal as no optional output register could be merged into the ram block. Providing additional output register may help in improving timing.
INFO: [Synth 8-7052] The timing for the instance inst/compute_U0/grp_compute_Pipeline_VITIS_LOOP_62_6_VITIS_LOOP_63_7_fu_138/line_buf_1_U/ram_reg (implemented as a Block RAM) might be sub-optimal as no optional output register could be merged into the ram block. Providing additional output register may help in improving timing.
INFO: [Synth 8-7052] The timing for the instance inst/compute_U0/grp_compute_Pipeline_VITIS_LOOP_62_6_VITIS_LOOP_63_7_fu_138/line_buf_U/ram_reg (implemented as a Block RAM) might be sub-optimal as no optional output register could be merged into the ram block. Providing additional output register may help in improving timing.
---------------------------------------------------------------------------------
Finished Technology Mapping : Time (s): cpu = 00:01:40 ; elapsed = 00:01:43 . Memory (MB): peak = 0.000 ; gain = 0.000 ; free physical = 95839 ; free virtual = 200004
---------------------------------------------------------------------------------
---------------------------------------------------------------------------------
Start IO Insertion
---------------------------------------------------------------------------------
---------------------------------------------------------------------------------
Start Flattening Before IO Insertion
---------------------------------------------------------------------------------
---------------------------------------------------------------------------------
Finished Flattening Before IO Insertion
---------------------------------------------------------------------------------
---------------------------------------------------------------------------------
Start Final Netlist Cleanup
---------------------------------------------------------------------------------
---------------------------------------------------------------------------------
Finished Final Netlist Cleanup
---------------------------------------------------------------------------------
---------------------------------------------------------------------------------
Finished IO Insertion : Time (s): cpu = 00:01:46 ; elapsed = 00:01:49 . Memory (MB): peak = 0.000 ; gain = 0.000 ; free physical = 96356 ; free virtual = 200521
---------------------------------------------------------------------------------
---------------------------------------------------------------------------------
Start Renaming Generated Instances
---------------------------------------------------------------------------------
---------------------------------------------------------------------------------
Finished Renaming Generated Instances : Time (s): cpu = 00:01:46 ; elapsed = 00:01:49 . Memory (MB): peak = 0.000 ; gain = 0.000 ; free physical = 96358 ; free virtual = 200523
---------------------------------------------------------------------------------
---------------------------------------------------------------------------------
Start Rebuilding User Hierarchy
---------------------------------------------------------------------------------
---------------------------------------------------------------------------------
Finished Rebuilding User Hierarchy : Time (s): cpu = 00:01:46 ; elapsed = 00:01:50 . Memory (MB): peak = 0.000 ; gain = 0.000 ; free physical = 99182 ; free virtual = 203348
---------------------------------------------------------------------------------
---------------------------------------------------------------------------------
Start Renaming Generated Ports
---------------------------------------------------------------------------------
---------------------------------------------------------------------------------
Finished Renaming Generated Ports : Time (s): cpu = 00:01:47 ; elapsed = 00:01:50 . Memory (MB): peak = 0.000 ; gain = 0.000 ; free physical = 99183 ; free virtual = 203349
---------------------------------------------------------------------------------
---------------------------------------------------------------------------------
Start Handling Custom Attributes
---------------------------------------------------------------------------------
---------------------------------------------------------------------------------
Finished Handling Custom Attributes : Time (s): cpu = 00:01:47 ; elapsed = 00:01:50 . Memory (MB): peak = 0.000 ; gain = 0.000 ; free physical = 99227 ; free virtual = 203393
---------------------------------------------------------------------------------
---------------------------------------------------------------------------------
Start Renaming Generated Nets
---------------------------------------------------------------------------------
---------------------------------------------------------------------------------
Finished Renaming Generated Nets : Time (s): cpu = 00:01:47 ; elapsed = 00:01:50 . Memory (MB): peak = 0.000 ; gain = 0.000 ; free physical = 99227 ; free virtual = 203393
---------------------------------------------------------------------------------
---------------------------------------------------------------------------------
Start ROM, RAM, DSP, Shift Register and Retiming Reporting
---------------------------------------------------------------------------------

Static Shift Register Report:
+------------+------------------------------------------------------------------------------------------------------------------+--------+-------+--------------+--------------------+-------------------+--------+---------+
|Module Name | RTL Name                                                                                                         | Length | Width | Reset Signal | Pull out first Reg | Pull out last Reg | SRL16E | SRLC32E | 
+------------+------------------------------------------------------------------------------------------------------------------+--------+-------+--------------+--------------------+-------------------+--------+---------+
|top_kernel  | compute_U0/grp_compute_Pipeline_VITIS_LOOP_62_6_VITIS_LOOP_63_7_fu_138/lshr_ln5_reg_1538_pp0_iter3_reg_reg[6]    | 3      | 7     | NO           | NO                 | YES               | 7      | 0       | 
|top_kernel  | compute_U0/grp_compute_Pipeline_VITIS_LOOP_62_6_VITIS_LOOP_63_7_fu_138/xor_ln118_5_reg_1491_pp0_iter3_reg_reg[0] | 3      | 1     | NO           | NO                 | YES               | 1      | 0       | 
|top_kernel  | compute_U0/grp_compute_Pipeline_VITIS_LOOP_62_6_VITIS_LOOP_63_7_fu_138/tmp_42_cast_reg_1543_pp0_iter3_reg_reg[6] | 3      | 7     | NO           | NO                 | YES               | 7      | 0       | 
|top_kernel  | compute_U0/grp_compute_Pipeline_VITIS_LOOP_62_6_VITIS_LOOP_63_7_fu_138/and_ln87_reg_1534_pp0_iter3_reg_reg[0]    | 3      | 1     | NO           | NO                 | YES               | 1      | 0       | 
|top_kernel  | write_output_U0/icmp_ln142_reg_199_pp0_iter7_reg_reg[0]                                                          | 7      | 1     | NO           | NO                 | YES               | 1      | 0       | 
|top_kernel  | write_output_U0/ap_loop_exit_ready_pp0_iter7_reg_reg                                                             | 7      | 1     | NO           | NO                 | YES               | 1      | 0       | 
+------------+------------------------------------------------------------------------------------------------------------------+--------+-------+--------------+--------------------+-------------------+--------+---------+


Dynamic Shift Register Report:
+------------+----------------+--------+------------+--------+---------+--------+--------+--------+
|Module Name | RTL Name       | Length | Data Width | SRL16E | SRLC32E | Mux F7 | Mux F8 | Mux F9 | 
+------------+----------------+--------+------------+--------+---------+--------+--------+--------+
|dsrl        | mem_reg[5]     | 96     | 96         | 96     | 0       | 0      | 0      | 0      | 
|dsrl__1     | mem_reg[14]    | 1      | 1          | 1      | 0       | 0      | 0      | 0      | 
|dsrl__2     | mem_reg[14]    | 8      | 8          | 8      | 0       | 0      | 0      | 0      | 
|dsrl__3     | mem_reg[2]     | 96     | 96         | 96     | 0       | 0      | 0      | 0      | 
|dsrl__4     | mem_reg[30]    | 36     | 36         | 0      | 36      | 0      | 0      | 0      | 
|dsrl__5     | mem_reg[14]    | 1      | 1          | 1      | 0       | 0      | 0      | 0      | 
|dsrl__6     | mem_reg[2]     | 1      | 1          | 1      | 0       | 0      | 0      | 0      | 
|dsrl__7     | mem_reg[14]    | 64     | 64         | 64     | 0       | 0      | 0      | 0      | 
|dsrl__8     | SRL_SIG_reg[3] | 64     | 64         | 64     | 0       | 0      | 0      | 0      | 
|dsrl__9     | SRL_SIG_reg[2] | 1      | 1          | 1      | 0       | 0      | 0      | 0      | 
+------------+----------------+--------+------------+--------+---------+--------+--------+--------+

---------------------------------------------------------------------------------
Finished ROM, RAM, DSP, Shift Register and Retiming Reporting
---------------------------------------------------------------------------------
---------------------------------------------------------------------------------
Start Writing Synthesis Report
---------------------------------------------------------------------------------

DSP Final Report (the ' indicates corresponding REG is set)
+------------------------------------------------------------+---------------+--------+--------+--------+--------+--------+------+------+------+------+-------+------+------+
|Module Name                                                 | DSP Mapping   | A Size | B Size | C Size | D Size | P Size | AREG | BREG | CREG | DREG | ADREG | MREG | PREG | 
+------------------------------------------------------------+---------------+--------+--------+--------+--------+--------+------+------+------+------+-------+------+------+
|top_kernel_compute_Pipeline_VITIS_LOOP_62_6_VITIS_LOOP_63_7 | C+A'':B''     | 23     | 18     | 41     | -      | 41     | 2    | 2    | 0    | -    | -     | 0    | 0    | 
|top_kernel_add_42s_42s_42_1_1                               | C+A:B         | 24     | 18     | 42     | -      | 42     | 0    | 0    | 0    | -    | -     | 0    | 0    | 
|top_kernel_compute_Pipeline_VITIS_LOOP_62_6_VITIS_LOOP_63_7 | A*B'          | 23     | 18     | -      | -      | 48     | 0    | 1    | -    | -    | -     | 0    | 0    | 
|top_kernel_compute_Pipeline_VITIS_LOOP_62_6_VITIS_LOOP_63_7 | A*B'          | 23     | 17     | -      | -      | 48     | 0    | 1    | -    | -    | -     | 0    | 0    | 
|top_kernel_compute_Pipeline_VITIS_LOOP_62_6_VITIS_LOOP_63_7 | PCIN>>17+A*B' | 0      | 17     | -      | -      | 48     | 0    | 1    | -    | -    | -     | 0    | 0    | 
|top_kernel_compute_Pipeline_VITIS_LOOP_62_6_VITIS_LOOP_63_7 | A*B'          | 25     | 18     | -      | -      | 48     | 0    | 1    | -    | -    | -     | 0    | 0    | 
|top_kernel_compute_Pipeline_VITIS_LOOP_62_6_VITIS_LOOP_63_7 | A*B'          | 25     | 17     | -      | -      | 48     | 0    | 1    | -    | -    | -     | 0    | 0    | 
|top_kernel_compute_Pipeline_VITIS_LOOP_62_6_VITIS_LOOP_63_7 | PCIN>>17+A*B' | 0      | 17     | -      | -      | 48     | 0    | 1    | -    | -    | -     | 0    | 0    | 
+------------------------------------------------------------+---------------+--------+--------+--------+--------+--------+------+------+------+------+-------+------+------+


Report BlackBoxes: 
+-+--------------+----------+
| |BlackBox name |Instances |
+-+--------------+----------+
+-+--------------+----------+

Report Cell Usage: 
+------+----------------+------+
|      |Cell            |Count |
+------+----------------+------+
|1     |CARRY8          |   106|
|2     |DSP_ALU         |     8|
|3     |DSP_A_B_DATA    |     8|
|6     |DSP_C_DATA      |     8|
|8     |DSP_MULTIPLIER  |     8|
|10    |DSP_M_DATA      |     8|
|11    |DSP_OUTPUT      |     8|
|12    |DSP_PREADD      |     8|
|13    |DSP_PREADD_DATA |     8|
|15    |LUT1            |    73|
|16    |LUT2            |   478|
|17    |LUT3            |   748|
|18    |LUT4            |   536|
|19    |LUT5            |   385|
|20    |LUT6            |   698|
|21    |MUXF7           |    36|
|22    |RAMB18E2        |     3|
|23    |RAMB36E2        |    88|
|31    |SRL16E          |   275|
|32    |SRLC32E         |    28|
|33    |FDRE            |  2827|
|34    |FDSE            |    62|
+------+----------------+------+
---------------------------------------------------------------------------------
Finished Writing Synthesis Report : Time (s): cpu = 00:01:47 ; elapsed = 00:01:50 . Memory (MB): peak = 0.000 ; gain = 0.000 ; free physical = 99227 ; free virtual = 203393
---------------------------------------------------------------------------------
Synthesis finished with 0 errors, 0 critical warnings and 474 warnings.
Synthesis Optimization Runtime : Time (s): cpu = 00:01:36 ; elapsed = 00:01:40 . Memory (MB): peak = 0.000 ; gain = 0.000 ; free physical = 99224 ; free virtual = 203390
Synthesis Optimization Complete : Time (s): cpu = 00:01:47 ; elapsed = 00:01:51 . Memory (MB): peak = 0.000 ; gain = 0.000 ; free physical = 99217 ; free virtual = 203383
INFO: [Project 1-571] Translating synthesized netlist
Netlist sorting complete. Time (s): cpu = 00:00:00.12 ; elapsed = 00:00:00.13 . Memory (MB): peak = 0.000 ; gain = 0.000 ; free physical = 102019 ; free virtual = 206185
INFO: [Netlist 29-17] Analyzing 150 Unisim elements for replacement
INFO: [Netlist 29-28] Unisim Transformation completed in 0 CPU seconds
INFO: [Project 1-570] Preparing netlist for logic optimization
INFO: [Opt 31-138] Pushed 0 inverter(s) to 0 load pin(s).
Netlist sorting complete. Time (s): cpu = 00:00:00 ; elapsed = 00:00:00 . Memory (MB): peak = 0.000 ; gain = 0.000 ; free physical = 109774 ; free virtual = 213939
INFO: [Project 1-111] Unisim Transformation Summary:
  A total of 8 instances were transformed.
  DSP48E2 => DSP48E2 (DSP_ALU, DSP_A_B_DATA, DSP_C_DATA, DSP_MULTIPLIER, DSP_M_DATA, DSP_OUTPUT, DSP_PREADD, DSP_PREADD_DATA): 8 instances

Synth Design complete | Checksum: ba4a054a
INFO: [Common 17-83] Releasing license: Synthesis
208 Infos, 106 Warnings, 0 Critical Warnings and 0 Errors encountered.
synth_design completed successfully
synth_design: Time (s): cpu = 00:02:02 ; elapsed = 00:02:02 . Memory (MB): peak = 0.000 ; gain = 0.000 ; free physical = 109816 ; free virtual = 213980
INFO: [Common 17-2834] synth_design peak Physical Memory [PSS] (MB): overall = 2914.637; main = 2914.637; forked = 203.936
INFO: [Common 17-2834] synth_design peak Virtual Memory [VSS] (MB): overall = 5486.059; main = 4012.848; forked = 1598.234
Write ShapeDB Complete: Time (s): cpu = 00:00:00.04 ; elapsed = 00:00:00.01 . Memory (MB): peak = 0.000 ; gain = 0.000 ; free physical = 109821 ; free virtual = 213985
INFO: [Common 17-1381] The checkpoint '/nethome/shanda34/FPGA_ECE8893_SJH/2026_Spring/lab2/project_1/hls/impl/verilog/project.runs/bd_0_hls_inst_0_synth_1/bd_0_hls_inst_0.dcp' has been generated.
INFO: [Coretcl 2-1648] Added synthesis output to IP cache for IP bd_0_hls_inst_0, cache-ID = 1e04768fa2ecda2a
INFO: [Coretcl 2-1174] Renamed 72 cell refs.
Write ShapeDB Complete: Time (s): cpu = 00:00:00.03 ; elapsed = 00:00:00.01 . Memory (MB): peak = 0.000 ; gain = 0.000 ; free physical = 109813 ; free virtual = 213983
INFO: [Common 17-1381] The checkpoint '/nethome/shanda34/FPGA_ECE8893_SJH/2026_Spring/lab2/project_1/hls/impl/verilog/project.runs/bd_0_hls_inst_0_synth_1/bd_0_hls_inst_0.dcp' has been generated.
INFO: [Vivado 12-24828] Executing command : report_utilization -file bd_0_hls_inst_0_utilization_synth.rpt -pb bd_0_hls_inst_0_utilization_synth.pb
INFO: [Common 17-206] Exiting Vivado at Fri Feb 20 13:05:22 2026...
