

================================================================
== Vitis HLS Report for 'K1'
================================================================
* Date:           Tue Mar 10 16:07:30 2026

* Version:        2025.1.1 (Build 6214317 on Sep 11 2025)
* Project:        project_1
* Solution:       hls (Vivado IP Flow Target)
* Product family: zynquplus
* Target device:  xczu3eg-sbva484-1-e


================================================================
== Performance Estimates
================================================================
+ Timing: 
    * Summary: 
    +--------+----------+----------+------------+
    |  Clock |  Target  | Estimated| Uncertainty|
    +--------+----------+----------+------------+
    |ap_clk  |  10.00 ns|  7.204 ns|     2.70 ns|
    +--------+----------+----------+------------+

+ Latency: 
    * Summary: 
    +---------+---------+----------+----------+-------+-------+------------------------------------------------+
    |  Latency (cycles) |  Latency (absolute) |    Interval   |                    Pipeline                    |
    |   min   |   max   |    min   |    max   |  min  |  max  |                      Type                      |
    +---------+---------+----------+----------+-------+-------+------------------------------------------------+
    |    65538|    65538|  0.655 ms|  0.655 ms|  65536|  65536|  loop auto-rewind stp (delay=0 clock cycles(s))|
    +---------+---------+----------+----------+-------+-------+------------------------------------------------+

    + Detail: 
        * Instance: 
        N/A

        * Loop: 
        +-------------------+---------+---------+----------+-----------+-----------+-------+----------+
        |                   |  Latency (cycles) | Iteration|  Initiation Interval  |  Trip |          |
        |     Loop Name     |   min   |   max   |  Latency |  achieved |   target  | Count | Pipelined|
        +-------------------+---------+---------+----------+-----------+-----------+-------+----------+
        |- VITIS_LOOP_51_1  |    65536|    65536|         2|          1|          1|  65536|       yes|
        +-------------------+---------+---------+----------+-----------+-----------+-------+----------+

============================================================
+ Verbose Summary: Synthesis Manager
============================================================
InlineROM: 1
ExposeGlobal: 0
============================================================
+ Verbose Summary: CDFG Model
============================================================
IsTopModel: 0
ResetActiveHigh: 1
IsCombinational: 2
IsDatapathOnly: 0
HasWiredReturn: 1
HasMFsm: 2
HasVarLatency: 1
IsPipeline: 0
IsRtlPipelined: 0
IsInstanceOverlapped: 0
IsDontTouch: 0
HasImplIP: 0
IsGatedGlobalClock: 0

+ Individual pipeline summary: 
  * Pipeline-0: initiation interval (II) = 1, depth = 2


============================================================
+ Verbose Summary: Schedule
============================================================
* Number of FSM states : 2
* Pipeline : 1
  Pipeline-0 : II = 1, D = 2, States = { 1 2 }
* Dataflow Pipeline: 0

* FSM state transitions: 
1 --> 2 
2 --> 

* FSM state operations: 

State 1 <SV = 0> <Delay = 7.20>
ST_1 : Operation 5 [1/1] (0.00ns)   --->   "%k1 = alloca i32 1"   --->   Operation 5 'alloca' 'k1' <Predicate = true> <Delay = 0.00>
ST_1 : Operation 6 [1/1] (0.00ns)   --->   "%x22 = alloca i32 1"   --->   Operation 6 'alloca' 'x22' <Predicate = true> <Delay = 0.00>
ST_1 : Operation 7 [1/1] (0.00ns)   --->   "%x2 = alloca i32 1" [top.cpp:49]   --->   Operation 7 'alloca' 'x2' <Predicate = true> <Delay = 0.00>
ST_1 : Operation 8 [1/1] (0.00ns)   --->   "%specinterface_ln0 = specinterface void @_ssdm_op_SpecInterface, i32 %s1_to_k3, void @empty_11, i32 0, i32 0, void @empty_1, i32 0, i32 0, void @empty_1, void @empty_1, void @empty_1, i32 0, i32 0, i32 0, i32 0, void @empty_1, void @empty_1, i32 4294967295, i32 0, i32 0"   --->   Operation 8 'specinterface' 'specinterface_ln0' <Predicate = true> <Delay = 0.00>
ST_1 : Operation 9 [1/1] (0.00ns)   --->   "%specinterface_ln0 = specinterface void @_ssdm_op_SpecInterface, i32 %s0_to_k1, void @empty_11, i32 0, i32 0, void @empty_1, i32 0, i32 0, void @empty_1, void @empty_1, void @empty_1, i32 0, i32 0, i32 0, i32 0, void @empty_1, void @empty_1, i32 4294967295, i32 0, i32 0"   --->   Operation 9 'specinterface' 'specinterface_ln0' <Predicate = true> <Delay = 0.00>
ST_1 : Operation 10 [1/1] (0.48ns)   --->   "%store_ln49 = store i32 0, i32 %x2" [top.cpp:49]   --->   Operation 10 'store' 'store_ln49' <Predicate = true> <Delay = 0.48>
ST_1 : Operation 11 [1/1] (0.48ns)   --->   "%store_ln0 = store i32 0, i32 %x22"   --->   Operation 11 'store' 'store_ln0' <Predicate = true> <Delay = 0.48>
ST_1 : Operation 12 [1/1] (0.48ns)   --->   "%store_ln0 = store i16 0, i16 %k1"   --->   Operation 12 'store' 'store_ln0' <Predicate = true> <Delay = 0.48>
ST_1 : Operation 13 [1/1] (0.00ns)   --->   "%br_ln51 = br void %_ZN8ap_fixedILi36ELi12EL9ap_q_mode0EL9ap_o_mode0ELi0EEC2ILi32ELi10ELb1ELS0_0ELS1_0ELi0EEERK13ap_fixed_baseIXT_EXT0_EXT1_EXT2_EXT3_EXT4_EE.exit.split_ifconv" [top.cpp:51]   --->   Operation 13 'br' 'br_ln51' <Predicate = true> <Delay = 0.00>
ST_1 : Operation 14 [1/1] (0.00ns)   --->   "%k1_load = load i16 %k1" [top.cpp:51]   --->   Operation 14 'load' 'k1_load' <Predicate = true> <Delay = 0.00>
ST_1 : Operation 15 [1/1] (0.00ns)   --->   "%x22_load = load i32 %x22" [top.cpp:55]   --->   Operation 15 'load' 'x22_load' <Predicate = true> <Delay = 0.00>
ST_1 : Operation 16 [1/1] (0.00ns)   --->   "%x2_1 = load i32 %x2" [top.cpp:55]   --->   Operation 16 'load' 'x2_1' <Predicate = true> <Delay = 0.00>
ST_1 : Operation 17 [1/1] ( I:2.16ns O:2.16ns )   --->   "%x1 = read i32 @_ssdm_op_Read.ap_fifo.volatile.i32P0A, i32 %s0_to_k1" [top.cpp:53]   --->   Operation 17 'read' 'x1' <Predicate = true> <Delay = 2.16> <CoreInst = "FIFO_SRL">   --->   Core 80 'FIFO_SRL' <Latency = 0> <II = 1> <Delay = 2.16> <Storage> <Opcode : 'read' 'write' 'nbread' 'nbwrite'> <Ports = 0> <Width = 32> <Depth = 2> <FIFO>
ST_1 : Operation 18 [1/1] (0.00ns)   --->   "%trunc_ln = partselect i30 @_ssdm_op_PartSelect.i30.i32.i32.i32, i32 %x1, i32 2, i32 31" [top.cpp:55]   --->   Operation 18 'partselect' 'trunc_ln' <Predicate = true> <Delay = 0.00>
ST_1 : Operation 19 [1/1] (0.00ns)   --->   "%sext_ln55 = sext i30 %trunc_ln" [top.cpp:55]   --->   Operation 19 'sext' 'sext_ln55' <Predicate = true> <Delay = 0.00>
ST_1 : Operation 20 [1/1] (0.00ns)   --->   "%tmp = bitselect i1 @_ssdm_op_BitSelect.i1.i32.i32, i32 %x1, i32 1" [top.cpp:55]   --->   Operation 20 'bitselect' 'tmp' <Predicate = true> <Delay = 0.00>
ST_1 : Operation 21 [1/1] (0.00ns)   --->   "%zext_ln55 = zext i1 %tmp" [top.cpp:55]   --->   Operation 21 'zext' 'zext_ln55' <Predicate = true> <Delay = 0.00>
ST_1 : Operation 22 [1/1] (1.17ns)   --->   "%add_ln55 = add i31 %sext_ln55, i31 %zext_ln55" [top.cpp:55]   --->   Operation 22 'add' 'add_ln55' <Predicate = true> <Delay = 1.17> <CoreInst = "Adder">   --->   Core 1 'Adder' <Latency = 0> <II = 1> <Delay = 1.17> <FuncUnit> <Opcode : 'add' 'sub'> <InPorts = 2> <OutPorts = 1>
ST_1 : Operation 23 [1/1] (0.00ns)   --->   "%shl_ln = bitconcatenate i54 @_ssdm_op_BitConcatenate.i54.i31.i23, i31 %add_ln55, i23 0" [top.cpp:55]   --->   Operation 23 'bitconcatenate' 'shl_ln' <Predicate = true> <Delay = 0.00>
ST_1 : Operation 24 [1/1] (0.00ns)   --->   "%trunc_ln55_1 = partselect i30 @_ssdm_op_PartSelect.i30.i32.i32.i32, i32 %x2_1, i32 2, i32 31" [top.cpp:55]   --->   Operation 24 'partselect' 'trunc_ln55_1' <Predicate = true> <Delay = 0.00>
ST_1 : Operation 25 [1/1] (0.00ns)   --->   "%sext_ln55_1 = sext i30 %trunc_ln55_1" [top.cpp:55]   --->   Operation 25 'sext' 'sext_ln55_1' <Predicate = true> <Delay = 0.00>
ST_1 : Operation 26 [1/1] (0.00ns)   --->   "%tmp_29 = bitselect i1 @_ssdm_op_BitSelect.i1.i32.i32, i32 %x2_1, i32 1" [top.cpp:55]   --->   Operation 26 'bitselect' 'tmp_29' <Predicate = true> <Delay = 0.00>
ST_1 : Operation 27 [1/1] (0.00ns)   --->   "%zext_ln55_1 = zext i1 %tmp_29" [top.cpp:55]   --->   Operation 27 'zext' 'zext_ln55_1' <Predicate = true> <Delay = 0.00>
ST_1 : Operation 28 [1/1] (1.17ns)   --->   "%add_ln55_1 = add i31 %sext_ln55_1, i31 %zext_ln55_1" [top.cpp:55]   --->   Operation 28 'add' 'add_ln55_1' <Predicate = true> <Delay = 1.17> <CoreInst = "Adder">   --->   Core 1 'Adder' <Latency = 0> <II = 1> <Delay = 1.17> <FuncUnit> <Opcode : 'add' 'sub'> <InPorts = 2> <OutPorts = 1>
ST_1 : Operation 29 [1/1] (0.00ns)   --->   "%p_shl = bitconcatenate i53 @_ssdm_op_BitConcatenate.i53.i31.i22, i31 %add_ln55_1, i22 0" [top.cpp:55]   --->   Operation 29 'bitconcatenate' 'p_shl' <Predicate = true> <Delay = 0.00>
ST_1 : Operation 30 [1/1] (0.00ns)   --->   "%sext_ln55_2 = sext i54 %shl_ln" [top.cpp:55]   --->   Operation 30 'sext' 'sext_ln55_2' <Predicate = true> <Delay = 0.00>
ST_1 : Operation 31 [1/1] (0.00ns)   --->   "%trunc_ln55_2 = partselect i30 @_ssdm_op_PartSelect.i30.i32.i32.i32, i32 %x22_load, i32 2, i32 31" [top.cpp:55]   --->   Operation 31 'partselect' 'trunc_ln55_2' <Predicate = true> <Delay = 0.00>
ST_1 : Operation 32 [1/1] (0.00ns)   --->   "%sext_ln55_3 = sext i30 %trunc_ln55_2" [top.cpp:55]   --->   Operation 32 'sext' 'sext_ln55_3' <Predicate = true> <Delay = 0.00>
ST_1 : Operation 33 [1/1] (0.00ns)   --->   "%tmp_30 = bitselect i1 @_ssdm_op_BitSelect.i1.i32.i32, i32 %x22_load, i32 1" [top.cpp:55]   --->   Operation 33 'bitselect' 'tmp_30' <Predicate = true> <Delay = 0.00>
ST_1 : Operation 34 [1/1] (0.00ns)   --->   "%zext_ln55_2 = zext i1 %tmp_30" [top.cpp:55]   --->   Operation 34 'zext' 'zext_ln55_2' <Predicate = true> <Delay = 0.00>
ST_1 : Operation 35 [1/1] (1.17ns)   --->   "%add_ln55_2 = add i31 %sext_ln55_3, i31 %zext_ln55_2" [top.cpp:55]   --->   Operation 35 'add' 'add_ln55_2' <Predicate = true> <Delay = 1.17> <CoreInst = "Adder">   --->   Core 1 'Adder' <Latency = 0> <II = 1> <Delay = 1.17> <FuncUnit> <Opcode : 'add' 'sub'> <InPorts = 2> <OutPorts = 1>
ST_1 : Operation 36 [1/1] (0.00ns)   --->   "%shl_ln55_1 = bitconcatenate i52 @_ssdm_op_BitConcatenate.i52.i31.i21, i31 %add_ln55_2, i21 0" [top.cpp:55]   --->   Operation 36 'bitconcatenate' 'shl_ln55_1' <Predicate = true> <Delay = 0.00>
ST_1 : Operation 37 [1/1] (0.00ns)   --->   "%sext_ln55_4 = sext i52 %shl_ln55_1" [top.cpp:55]   --->   Operation 37 'sext' 'sext_ln55_4' <Predicate = true> <Delay = 0.00>
ST_1 : Operation 38 [1/1] (1.32ns)   --->   "%sub_ln55 = sub i53 %sext_ln55_4, i53 %p_shl" [top.cpp:55]   --->   Operation 38 'sub' 'sub_ln55' <Predicate = true> <Delay = 1.32> <CoreInst = "Adder">   --->   Core 1 'Adder' <Latency = 0> <II = 1> <Delay = 1.32> <FuncUnit> <Opcode : 'add' 'sub'> <InPorts = 2> <OutPorts = 1>
ST_1 : Operation 39 [1/1] (0.00ns)   --->   "%sext_ln55_5 = sext i53 %sub_ln55" [top.cpp:55]   --->   Operation 39 'sext' 'sext_ln55_5' <Predicate = true> <Delay = 0.00>
ST_1 : Operation 40 [1/1] (1.33ns)   --->   "%add_ln55_3 = add i55 %sext_ln55_5, i55 %sext_ln55_2" [top.cpp:55]   --->   Operation 40 'add' 'add_ln55_3' <Predicate = true> <Delay = 1.33> <CoreInst = "Adder">   --->   Core 1 'Adder' <Latency = 0> <II = 1> <Delay = 1.33> <FuncUnit> <Opcode : 'add' 'sub'> <InPorts = 2> <OutPorts = 1>
ST_1 : Operation 41 [1/1] (0.00ns)   --->   "%tmp_31 = bitselect i1 @_ssdm_op_BitSelect.i1.i55.i32, i55 %add_ln55_3, i32 54" [top.cpp:55]   --->   Operation 41 'bitselect' 'tmp_31' <Predicate = true> <Delay = 0.00>
ST_1 : Operation 42 [1/1] (0.00ns)   --->   "%acc = partselect i31 @_ssdm_op_PartSelect.i31.i55.i32.i32, i55 %add_ln55_3, i32 24, i32 54" [top.cpp:55]   --->   Operation 42 'partselect' 'acc' <Predicate = true> <Delay = 0.00>
ST_1 : Operation 43 [1/1] (0.00ns)   --->   "%sext_ln55_6 = sext i31 %acc" [top.cpp:55]   --->   Operation 43 'sext' 'sext_ln55_6' <Predicate = true> <Delay = 0.00>
ST_1 : Operation 44 [1/1] (0.00ns)   --->   "%tmp_32 = bitselect i1 @_ssdm_op_BitSelect.i1.i55.i32, i55 %add_ln55_3, i32 23" [top.cpp:55]   --->   Operation 44 'bitselect' 'tmp_32' <Predicate = true> <Delay = 0.00>
ST_1 : Operation 45 [1/1] (0.00ns)   --->   "%zext_ln55_3 = zext i1 %tmp_32" [top.cpp:55]   --->   Operation 45 'zext' 'zext_ln55_3' <Predicate = true> <Delay = 0.00>
ST_1 : Operation 46 [1/1] (1.19ns)   --->   "%acc_1 = add i32 %sext_ln55_6, i32 %zext_ln55_3" [top.cpp:55]   --->   Operation 46 'add' 'acc_1' <Predicate = true> <Delay = 1.19> <CoreInst = "Adder">   --->   Core 1 'Adder' <Latency = 0> <II = 1> <Delay = 1.19> <FuncUnit> <Opcode : 'add' 'sub'> <InPorts = 2> <OutPorts = 1>
ST_1 : Operation 47 [1/1] (0.00ns) (grouped into LUT with out node acc_2)   --->   "%sext_ln55_7 = sext i32 %acc_1" [top.cpp:55]   --->   Operation 47 'sext' 'sext_ln55_7' <Predicate = true> <Delay = 0.00>
ST_1 : Operation 48 [1/1] (0.00ns)   --->   "%tmp_33 = bitselect i1 @_ssdm_op_BitSelect.i1.i32.i32, i32 %acc_1, i32 31" [top.cpp:55]   --->   Operation 48 'bitselect' 'tmp_33' <Predicate = true> <Delay = 0.00>
ST_1 : Operation 49 [1/1] (0.33ns)   --->   "%xor_ln55 = xor i1 %tmp_31, i1 1" [top.cpp:55]   --->   Operation 49 'xor' 'xor_ln55' <Predicate = true> <Delay = 0.33> <CoreInst = "LogicGate">   --->   Core 74 'LogicGate' <Latency = 0> <II = 1> <Delay = 0.33> <FuncUnit> <Opcode : 'and' 'or' 'xor'> <InPorts = 2> <OutPorts = 1>
ST_1 : Operation 50 [1/1] (0.00ns) (grouped into LUT with out node acc_2)   --->   "%or_ln55_1 = or i1 %tmp_33, i1 %xor_ln55" [top.cpp:55]   --->   Operation 50 'or' 'or_ln55_1' <Predicate = true> <Delay = 0.00> <CoreInst = "LogicGate">   --->   Core 74 'LogicGate' <Latency = 0> <II = 1> <Delay = 0.33> <FuncUnit> <Opcode : 'and' 'or' 'xor'> <InPorts = 2> <OutPorts = 1>
ST_1 : Operation 51 [1/1] (0.00ns) (grouped into LUT with out node acc_2)   --->   "%xor_ln55_1 = xor i1 %tmp_31, i1 %or_ln55_1" [top.cpp:55]   --->   Operation 51 'xor' 'xor_ln55_1' <Predicate = true> <Delay = 0.00> <CoreInst = "LogicGate">   --->   Core 74 'LogicGate' <Latency = 0> <II = 1> <Delay = 0.33> <FuncUnit> <Opcode : 'and' 'or' 'xor'> <InPorts = 2> <OutPorts = 1>
ST_1 : Operation 52 [1/1] (0.00ns) (grouped into LUT with out node acc_2)   --->   "%xor_ln55_2 = xor i1 %xor_ln55_1, i1 1" [top.cpp:55]   --->   Operation 52 'xor' 'xor_ln55_2' <Predicate = true> <Delay = 0.00> <CoreInst = "LogicGate">   --->   Core 74 'LogicGate' <Latency = 0> <II = 1> <Delay = 0.33> <FuncUnit> <Opcode : 'and' 'or' 'xor'> <InPorts = 2> <OutPorts = 1>
ST_1 : Operation 53 [1/1] (0.00ns) (grouped into LUT with out node acc_2)   --->   "%or_ln55 = or i1 %tmp_33, i1 %xor_ln55_2" [top.cpp:55]   --->   Operation 53 'or' 'or_ln55' <Predicate = true> <Delay = 0.00> <CoreInst = "LogicGate">   --->   Core 74 'LogicGate' <Latency = 0> <II = 1> <Delay = 0.33> <FuncUnit> <Opcode : 'and' 'or' 'xor'> <InPorts = 2> <OutPorts = 1>
ST_1 : Operation 54 [1/1] (0.00ns) (grouped into LUT with out node acc_2)   --->   "%and_ln55 = and i1 %or_ln55, i1 %xor_ln55" [top.cpp:55]   --->   Operation 54 'and' 'and_ln55' <Predicate = true> <Delay = 0.00> <CoreInst = "LogicGate">   --->   Core 74 'LogicGate' <Latency = 0> <II = 1> <Delay = 0.33> <FuncUnit> <Opcode : 'and' 'or' 'xor'> <InPorts = 2> <OutPorts = 1>
ST_1 : Operation 55 [1/1] (0.44ns) (out node of the LUT)   --->   "%acc_2 = select i1 %and_ln55, i36 34359738367, i36 %sext_ln55_7" [top.cpp:55]   --->   Operation 55 'select' 'acc_2' <Predicate = true> <Delay = 0.44> <CoreInst = "Sel">   --->   Core 73 'Sel' <Latency = 0> <II = 1> <Delay = 0.44> <FuncUnit> <Opcode : 'select'> <InPorts = 3> <OutPorts = 1>
ST_1 : Operation 56 [1/1] (0.00ns)   --->   "%tmp_34 = bitselect i1 @_ssdm_op_BitSelect.i1.i36.i32, i36 %acc_2, i32 35" [top.cpp:56]   --->   Operation 56 'bitselect' 'tmp_34' <Predicate = true> <Delay = 0.00>
ST_1 : Operation 57 [1/1] (0.00ns)   --->   "%tmp_35 = bitselect i1 @_ssdm_op_BitSelect.i1.i36.i32, i36 %acc_2, i32 29" [top.cpp:56]   --->   Operation 57 'bitselect' 'tmp_35' <Predicate = true> <Delay = 0.00>
ST_1 : Operation 58 [1/1] (0.00ns)   --->   "%tmp_s = partselect i6 @_ssdm_op_PartSelect.i6.i36.i32, i36 %acc_2, i32 30" [top.cpp:56]   --->   Operation 58 'partselect' 'tmp_s' <Predicate = true> <Delay = 0.00>
ST_1 : Operation 59 [1/1] (0.88ns)   --->   "%icmp_ln56 = icmp_ne  i6 %tmp_s, i6 63" [top.cpp:56]   --->   Operation 59 'icmp' 'icmp_ln56' <Predicate = true> <Delay = 0.88> <CoreInst = "Cmp">   --->   Core 9 'Cmp' <Latency = 0> <II = 1> <Delay = 0.88> <FuncUnit> <Opcode : 'seteq' 'setne' 'setle' 'setge' 'setlt' 'setgt'> <InPorts = 2> <OutPorts = 1>
ST_1 : Operation 60 [1/1] (0.88ns)   --->   "%icmp_ln56_1 = icmp_ne  i6 %tmp_s, i6 0" [top.cpp:56]   --->   Operation 60 'icmp' 'icmp_ln56_1' <Predicate = true> <Delay = 0.88> <CoreInst = "Cmp">   --->   Core 9 'Cmp' <Latency = 0> <II = 1> <Delay = 0.88> <FuncUnit> <Opcode : 'seteq' 'setne' 'setle' 'setge' 'setlt' 'setgt'> <InPorts = 2> <OutPorts = 1>
ST_1 : Operation 61 [1/1] (1.01ns)   --->   "%k = add i16 %k1_load, i16 1" [top.cpp:51]   --->   Operation 61 'add' 'k' <Predicate = true> <Delay = 1.01> <CoreInst = "Adder">   --->   Core 1 'Adder' <Latency = 0> <II = 1> <Delay = 1.01> <FuncUnit> <Opcode : 'add' 'sub'> <InPorts = 2> <OutPorts = 1>
ST_1 : Operation 62 [1/1] (1.01ns)   --->   "%icmp_ln51 = icmp_eq  i16 %k1_load, i16 65535" [top.cpp:51]   --->   Operation 62 'icmp' 'icmp_ln51' <Predicate = true> <Delay = 1.01> <CoreInst = "Cmp">   --->   Core 9 'Cmp' <Latency = 0> <II = 1> <Delay = 1.01> <FuncUnit> <Opcode : 'seteq' 'setne' 'setle' 'setge' 'setlt' 'setgt'> <InPorts = 2> <OutPorts = 1>
ST_1 : Operation 63 [1/1] (0.48ns)   --->   "%store_ln49 = store i32 %x1, i32 %x2" [top.cpp:49]   --->   Operation 63 'store' 'store_ln49' <Predicate = true> <Delay = 0.48>
ST_1 : Operation 64 [1/1] (0.48ns)   --->   "%store_ln55 = store i32 %x2_1, i32 %x22" [top.cpp:55]   --->   Operation 64 'store' 'store_ln55' <Predicate = true> <Delay = 0.48>
ST_1 : Operation 65 [1/1] (0.48ns)   --->   "%store_ln51 = store i16 %k, i16 %k1" [top.cpp:51]   --->   Operation 65 'store' 'store_ln51' <Predicate = true> <Delay = 0.48>
ST_1 : Operation 66 [1/1] (0.00ns)   --->   "%br_ln51 = br i1 %icmp_ln51, void %_ZN8ap_fixedILi36ELi12EL9ap_q_mode0EL9ap_o_mode0ELi0EEC2ILi32ELi10ELb1ELS0_0ELS1_0ELi0EEERK13ap_fixed_baseIXT_EXT0_EXT1_EXT2_EXT3_EXT4_EE.exit.split_ifconv, void %for.end" [top.cpp:51]   --->   Operation 66 'br' 'br_ln51' <Predicate = true> <Delay = 0.00>

State 2 <SV = 1> <Delay = 6.73>
ST_2 : Operation 67 [1/1] (0.00ns)   --->   "%specpipeline_ln52 = specpipeline void @_ssdm_op_SpecPipeline, i32 1, i32 0, i32 0, i32 0, void @empty_1" [top.cpp:52]   --->   Operation 67 'specpipeline' 'specpipeline_ln52' <Predicate = true> <Delay = 0.00>
ST_2 : Operation 68 [1/1] (0.00ns)   --->   "%speclooptripcount_ln48 = speclooptripcount void @_ssdm_op_SpecLoopTripCount, i64 65536, i64 65536, i64 65536" [top.cpp:48]   --->   Operation 68 'speclooptripcount' 'speclooptripcount_ln48' <Predicate = true> <Delay = 0.00>
ST_2 : Operation 69 [1/1] (0.00ns)   --->   "%specloopname_ln51 = specloopname void @_ssdm_op_SpecLoopName, void @empty_15" [top.cpp:51]   --->   Operation 69 'specloopname' 'specloopname_ln51' <Predicate = true> <Delay = 0.00>
ST_2 : Operation 70 [1/1] (0.00ns) (grouped into LUT with out node x)   --->   "%trunc_ln56 = trunc i36 %acc_2" [top.cpp:56]   --->   Operation 70 'trunc' 'trunc_ln56' <Predicate = true> <Delay = 0.00>
ST_2 : Operation 71 [1/1] (0.00ns) (grouped into LUT with out node x)   --->   "%shl_ln1 = bitconcatenate i32 @_ssdm_op_BitConcatenate.i32.i30.i2, i30 %trunc_ln56, i2 0" [top.cpp:56]   --->   Operation 71 'bitconcatenate' 'shl_ln1' <Predicate = true> <Delay = 0.00>
ST_2 : Operation 72 [1/1] (0.00ns) (grouped into LUT with out node and_ln56)   --->   "%or_ln56 = or i1 %tmp_35, i1 %icmp_ln56_1" [top.cpp:56]   --->   Operation 72 'or' 'or_ln56' <Predicate = true> <Delay = 0.00> <CoreInst = "LogicGate">   --->   Core 74 'LogicGate' <Latency = 0> <II = 1> <Delay = 0.33> <FuncUnit> <Opcode : 'and' 'or' 'xor'> <InPorts = 2> <OutPorts = 1>
ST_2 : Operation 73 [1/1] (0.00ns) (grouped into LUT with out node and_ln56)   --->   "%xor_ln56 = xor i1 %tmp_34, i1 1" [top.cpp:56]   --->   Operation 73 'xor' 'xor_ln56' <Predicate = true> <Delay = 0.00> <CoreInst = "LogicGate">   --->   Core 74 'LogicGate' <Latency = 0> <II = 1> <Delay = 0.33> <FuncUnit> <Opcode : 'and' 'or' 'xor'> <InPorts = 2> <OutPorts = 1>
ST_2 : Operation 74 [1/1] (0.33ns) (out node of the LUT)   --->   "%and_ln56 = and i1 %or_ln56, i1 %xor_ln56" [top.cpp:56]   --->   Operation 74 'and' 'and_ln56' <Predicate = true> <Delay = 0.33> <CoreInst = "LogicGate">   --->   Core 74 'LogicGate' <Latency = 0> <II = 1> <Delay = 0.33> <FuncUnit> <Opcode : 'and' 'or' 'xor'> <InPorts = 2> <OutPorts = 1>
ST_2 : Operation 75 [1/1] (0.00ns) (grouped into LUT with out node x)   --->   "%xor_ln56_1 = xor i1 %tmp_35, i1 1" [top.cpp:56]   --->   Operation 75 'xor' 'xor_ln56_1' <Predicate = true> <Delay = 0.00> <CoreInst = "LogicGate">   --->   Core 74 'LogicGate' <Latency = 0> <II = 1> <Delay = 0.33> <FuncUnit> <Opcode : 'and' 'or' 'xor'> <InPorts = 2> <OutPorts = 1>
ST_2 : Operation 76 [1/1] (0.00ns) (grouped into LUT with out node x)   --->   "%or_ln56_1 = or i1 %icmp_ln56, i1 %xor_ln56_1" [top.cpp:56]   --->   Operation 76 'or' 'or_ln56_1' <Predicate = true> <Delay = 0.00> <CoreInst = "LogicGate">   --->   Core 74 'LogicGate' <Latency = 0> <II = 1> <Delay = 0.33> <FuncUnit> <Opcode : 'and' 'or' 'xor'> <InPorts = 2> <OutPorts = 1>
ST_2 : Operation 77 [1/1] (0.00ns) (grouped into LUT with out node x)   --->   "%and_ln56_1 = and i1 %or_ln56_1, i1 %tmp_34" [top.cpp:56]   --->   Operation 77 'and' 'and_ln56_1' <Predicate = true> <Delay = 0.00> <CoreInst = "LogicGate">   --->   Core 74 'LogicGate' <Latency = 0> <II = 1> <Delay = 0.33> <FuncUnit> <Opcode : 'and' 'or' 'xor'> <InPorts = 2> <OutPorts = 1>
ST_2 : Operation 78 [1/1] (0.00ns) (grouped into LUT with out node x)   --->   "%select_ln56 = select i1 %and_ln56, i32 2147483647, i32 2147483648" [top.cpp:56]   --->   Operation 78 'select' 'select_ln56' <Predicate = true> <Delay = 0.00> <CoreInst = "Sel">   --->   Core 73 'Sel' <Latency = 0> <II = 1> <Delay = 0.52> <FuncUnit> <Opcode : 'select'> <InPorts = 3> <OutPorts = 1>
ST_2 : Operation 79 [1/1] (0.00ns) (grouped into LUT with out node x)   --->   "%or_ln56_2 = or i1 %and_ln56, i1 %and_ln56_1" [top.cpp:56]   --->   Operation 79 'or' 'or_ln56_2' <Predicate = true> <Delay = 0.00> <CoreInst = "LogicGate">   --->   Core 74 'LogicGate' <Latency = 0> <II = 1> <Delay = 0.33> <FuncUnit> <Opcode : 'and' 'or' 'xor'> <InPorts = 2> <OutPorts = 1>
ST_2 : Operation 80 [1/1] (0.52ns) (out node of the LUT)   --->   "%x = select i1 %or_ln56_2, i32 %select_ln56, i32 %shl_ln1" [top.cpp:56]   --->   Operation 80 'select' 'x' <Predicate = true> <Delay = 0.52> <CoreInst = "Sel">   --->   Core 73 'Sel' <Latency = 0> <II = 1> <Delay = 0.52> <FuncUnit> <Opcode : 'select'> <InPorts = 3> <OutPorts = 1>
ST_2 : Operation 81 [1/1] (0.00ns)   --->   "%tmp_36 = bitselect i1 @_ssdm_op_BitSelect.i1.i32.i32, i32 %x, i32 31" [top.cpp:13->top.cpp:56]   --->   Operation 81 'bitselect' 'tmp_36' <Predicate = true> <Delay = 0.00>
ST_2 : Operation 82 [1/1] (0.00ns)   --->   "%sext_ln13 = sext i32 %x" [top.cpp:13->top.cpp:56]   --->   Operation 82 'sext' 'sext_ln13' <Predicate = true> <Delay = 0.00>
ST_2 : Operation 83 [1/1] (1.20ns)   --->   "%sub_ln13 = sub i33 0, i33 %sext_ln13" [top.cpp:13->top.cpp:56]   --->   Operation 83 'sub' 'sub_ln13' <Predicate = true> <Delay = 1.20> <CoreInst = "Adder">   --->   Core 1 'Adder' <Latency = 0> <II = 1> <Delay = 1.20> <FuncUnit> <Opcode : 'add' 'sub'> <InPorts = 2> <OutPorts = 1>
ST_2 : Operation 84 [1/1] (0.00ns)   --->   "%y = trunc i33 %sub_ln13" [top.cpp:13->top.cpp:56]   --->   Operation 84 'trunc' 'y' <Predicate = true> <Delay = 0.00>
ST_2 : Operation 85 [1/1] (0.00ns)   --->   "%tmp_37 = bitselect i1 @_ssdm_op_BitSelect.i1.i33.i32, i33 %sub_ln13, i32 32" [top.cpp:13->top.cpp:56]   --->   Operation 85 'bitselect' 'tmp_37' <Predicate = true> <Delay = 0.00>
ST_2 : Operation 86 [1/1] (0.00ns)   --->   "%tmp_38 = bitselect i1 @_ssdm_op_BitSelect.i1.i33.i32, i33 %sub_ln13, i32 31" [top.cpp:13->top.cpp:56]   --->   Operation 86 'bitselect' 'tmp_38' <Predicate = true> <Delay = 0.00>
ST_2 : Operation 87 [1/1] (0.00ns) (grouped into LUT with out node select_ln13)   --->   "%xor_ln13 = xor i1 %tmp_37, i1 1" [top.cpp:13->top.cpp:56]   --->   Operation 87 'xor' 'xor_ln13' <Predicate = true> <Delay = 0.00> <CoreInst = "LogicGate">   --->   Core 74 'LogicGate' <Latency = 0> <II = 1> <Delay = 0.33> <FuncUnit> <Opcode : 'and' 'or' 'xor'> <InPorts = 2> <OutPorts = 1>
ST_2 : Operation 88 [1/1] (0.00ns) (grouped into LUT with out node select_ln13)   --->   "%and_ln13 = and i1 %tmp_38, i1 %xor_ln13" [top.cpp:13->top.cpp:56]   --->   Operation 88 'and' 'and_ln13' <Predicate = true> <Delay = 0.00> <CoreInst = "LogicGate">   --->   Core 74 'LogicGate' <Latency = 0> <II = 1> <Delay = 0.33> <FuncUnit> <Opcode : 'and' 'or' 'xor'> <InPorts = 2> <OutPorts = 1>
ST_2 : Operation 89 [1/1] (0.00ns) (grouped into LUT with out node and_ln13_2)   --->   "%xor_ln13_2 = xor i1 %tmp_37, i1 %tmp_38" [top.cpp:13->top.cpp:56]   --->   Operation 89 'xor' 'xor_ln13_2' <Predicate = true> <Delay = 0.00> <CoreInst = "LogicGate">   --->   Core 74 'LogicGate' <Latency = 0> <II = 1> <Delay = 0.33> <FuncUnit> <Opcode : 'and' 'or' 'xor'> <InPorts = 2> <OutPorts = 1>
ST_2 : Operation 90 [1/1] (0.52ns) (out node of the LUT)   --->   "%select_ln13 = select i1 %and_ln13, i32 2147483647, i32 2147483648" [top.cpp:13->top.cpp:56]   --->   Operation 90 'select' 'select_ln13' <Predicate = true> <Delay = 0.52> <CoreInst = "Sel">   --->   Core 73 'Sel' <Latency = 0> <II = 1> <Delay = 0.52> <FuncUnit> <Opcode : 'select'> <InPorts = 3> <OutPorts = 1>
ST_2 : Operation 91 [1/1] (0.33ns) (out node of the LUT)   --->   "%and_ln13_2 = and i1 %tmp_36, i1 %xor_ln13_2" [top.cpp:13->top.cpp:56]   --->   Operation 91 'and' 'and_ln13_2' <Predicate = true> <Delay = 0.33> <CoreInst = "LogicGate">   --->   Core 74 'LogicGate' <Latency = 0> <II = 1> <Delay = 0.33> <FuncUnit> <Opcode : 'and' 'or' 'xor'> <InPorts = 2> <OutPorts = 1>
ST_2 : Operation 92 [1/1] (0.33ns)   --->   "%xor_ln13_3 = xor i1 %tmp_36, i1 1" [top.cpp:13->top.cpp:56]   --->   Operation 92 'xor' 'xor_ln13_3' <Predicate = true> <Delay = 0.33> <CoreInst = "LogicGate">   --->   Core 74 'LogicGate' <Latency = 0> <II = 1> <Delay = 0.33> <FuncUnit> <Opcode : 'and' 'or' 'xor'> <InPorts = 2> <OutPorts = 1>
ST_2 : Operation 93 [1/1] (0.00ns)   --->   "%sel_tmp2 = bitconcatenate i2 @_ssdm_op_BitConcatenate.i2.i1.i1, i1 %and_ln13_2, i1 %xor_ln13_3" [top.cpp:13->top.cpp:56]   --->   Operation 93 'bitconcatenate' 'sel_tmp2' <Predicate = true> <Delay = 0.00>
ST_2 : Operation 94 [1/1] (0.48ns)   --->   "%y_2 = sparsemux i32 @_ssdm_op_SparseMux.ap_auto.3i32.i32.i2, i2 2, i32 %select_ln13, i2 1, i32 %x, i2 0, i32 %y, i32 0, i2 %sel_tmp2" [top.cpp:13->top.cpp:56]   --->   Operation 94 'sparsemux' 'y_2' <Predicate = true> <Delay = 0.48> <CoreInst = "OneHotSparseMux_HasDef">   --->   Core 152 'OneHotSparseMux_HasDef' <Latency = 0> <II = 1> <Delay = 0.48> <FuncUnit> <Opcode : 'sparsemux'> <InPorts = 2> <OutPorts = 1>
ST_2 : Operation 95 [1/1] (0.00ns) (grouped into LUT with out node select_ln17)   --->   "%trunc_ln56_1 = trunc i32 %y_2" [top.cpp:56]   --->   Operation 95 'trunc' 'trunc_ln56_1' <Predicate = true> <Delay = 0.00>
ST_2 : Operation 96 [1/1] (0.00ns)   --->   "%tmp_39 = bitselect i1 @_ssdm_op_BitSelect.i1.i32.i32, i32 %y_2, i32 31" [top.cpp:17->top.cpp:57]   --->   Operation 96 'bitselect' 'tmp_39' <Predicate = true> <Delay = 0.00>
ST_2 : Operation 97 [1/1] (1.20ns)   --->   "%icmp_ln18 = icmp_sgt  i32 %y_2, i32 503316480" [top.cpp:18->top.cpp:57]   --->   Operation 97 'icmp' 'icmp_ln18' <Predicate = true> <Delay = 1.20> <CoreInst = "Cmp">   --->   Core 9 'Cmp' <Latency = 0> <II = 1> <Delay = 1.20> <FuncUnit> <Opcode : 'seteq' 'setne' 'setle' 'setge' 'setlt' 'setgt'> <InPorts = 2> <OutPorts = 1>
ST_2 : Operation 98 [1/1] (0.00ns) (grouped into LUT with out node select_ln17)   --->   "%select_ln17_2 = select i1 %tmp_39, i29 0, i29 503316480" [top.cpp:17->top.cpp:57]   --->   Operation 98 'select' 'select_ln17_2' <Predicate = true> <Delay = 0.00> <CoreInst = "Sel">   --->   Core 73 'Sel' <Latency = 0> <II = 1> <Delay = 0.42> <FuncUnit> <Opcode : 'select'> <InPorts = 3> <OutPorts = 1>
ST_2 : Operation 99 [1/1] (0.00ns) (grouped into LUT with out node select_ln17)   --->   "%or_ln17 = or i1 %tmp_39, i1 %icmp_ln18" [top.cpp:17->top.cpp:57]   --->   Operation 99 'or' 'or_ln17' <Predicate = true> <Delay = 0.00> <CoreInst = "LogicGate">   --->   Core 74 'LogicGate' <Latency = 0> <II = 1> <Delay = 0.33> <FuncUnit> <Opcode : 'and' 'or' 'xor'> <InPorts = 2> <OutPorts = 1>
ST_2 : Operation 100 [1/1] (0.43ns) (out node of the LUT)   --->   "%select_ln17 = select i1 %or_ln17, i29 %select_ln17_2, i29 %trunc_ln56_1" [top.cpp:17->top.cpp:57]   --->   Operation 100 'select' 'select_ln17' <Predicate = true> <Delay = 0.43> <CoreInst = "Sel">   --->   Core 73 'Sel' <Latency = 0> <II = 1> <Delay = 0.43> <FuncUnit> <Opcode : 'select'> <InPorts = 3> <OutPorts = 1>
ST_2 : Operation 101 [1/1] (0.00ns)   --->   "%zext_ln57 = zext i29 %select_ln17" [top.cpp:57]   --->   Operation 101 'zext' 'zext_ln57' <Predicate = true> <Delay = 0.00>
ST_2 : Operation 102 [1/1] ( I:2.02ns O:2.02ns )   --->   "%write_ln57 = write void @_ssdm_op_Write.ap_fifo.volatile.i32P0A, i32 %s1_to_k3, i32 %zext_ln57" [top.cpp:57]   --->   Operation 102 'write' 'write_ln57' <Predicate = true> <Delay = 2.02> <CoreInst = "FIFO">   --->   Core 77 'FIFO' <Latency = 0> <II = 1> <Delay = 2.02> <Storage> <Opcode : 'read' 'write' 'nbread' 'nbwrite'> <Ports = 0> <Width = 32> <Depth = 512> <FIFO>
ST_2 : Operation 103 [1/1] (0.48ns)   --->   "%ret_ln63 = ret" [top.cpp:63]   --->   Operation 103 'ret' 'ret_ln63' <Predicate = (icmp_ln51)> <Delay = 0.48>


============================================================
+ Verbose Summary: Binding
============================================================
STG Binding: 
---------------- STG Properties BEGIN ----------------
- Is combinational: 0
- Is one-state seq: 0
- Is datapath-only: 0
- Is pipelined: 0
- Is top level: 0
Port [ Return ] is wired: 1; IO mode=ap_ctrl_hs:ce=0
Port [ s0_to_k1]:  wired=1; compound=1; hidden=0; nouse=0; global=0; static=0; extern=0; dir=0; type=3; pingpong=0; private_global=0; IO mode=ap_fifo:ce=0
Port [ s1_to_k3]:  wired=1; compound=1; hidden=0; nouse=0; global=0; static=0; extern=0; dir=1; type=3; pingpong=0; private_global=0; IO mode=ap_fifo:ce=0
---------------- STG Properties END ------------------

---------------- Datapath Model BEGIN ----------------

<LifeTime>
<method=bitvector/>
k1                     (alloca           ) [ 010]
x22                    (alloca           ) [ 010]
x2                     (alloca           ) [ 010]
specinterface_ln0      (specinterface    ) [ 000]
specinterface_ln0      (specinterface    ) [ 000]
store_ln49             (store            ) [ 000]
store_ln0              (store            ) [ 000]
store_ln0              (store            ) [ 000]
br_ln51                (br               ) [ 000]
k1_load                (load             ) [ 000]
x22_load               (load             ) [ 000]
x2_1                   (load             ) [ 000]
x1                     (read             ) [ 000]
trunc_ln               (partselect       ) [ 000]
sext_ln55              (sext             ) [ 000]
tmp                    (bitselect        ) [ 000]
zext_ln55              (zext             ) [ 000]
add_ln55               (add              ) [ 000]
shl_ln                 (bitconcatenate   ) [ 000]
trunc_ln55_1           (partselect       ) [ 000]
sext_ln55_1            (sext             ) [ 000]
tmp_29                 (bitselect        ) [ 000]
zext_ln55_1            (zext             ) [ 000]
add_ln55_1             (add              ) [ 000]
p_shl                  (bitconcatenate   ) [ 000]
sext_ln55_2            (sext             ) [ 000]
trunc_ln55_2           (partselect       ) [ 000]
sext_ln55_3            (sext             ) [ 000]
tmp_30                 (bitselect        ) [ 000]
zext_ln55_2            (zext             ) [ 000]
add_ln55_2             (add              ) [ 000]
shl_ln55_1             (bitconcatenate   ) [ 000]
sext_ln55_4            (sext             ) [ 000]
sub_ln55               (sub              ) [ 000]
sext_ln55_5            (sext             ) [ 000]
add_ln55_3             (add              ) [ 000]
tmp_31                 (bitselect        ) [ 000]
acc                    (partselect       ) [ 000]
sext_ln55_6            (sext             ) [ 000]
tmp_32                 (bitselect        ) [ 000]
zext_ln55_3            (zext             ) [ 000]
acc_1                  (add              ) [ 000]
sext_ln55_7            (sext             ) [ 000]
tmp_33                 (bitselect        ) [ 000]
xor_ln55               (xor              ) [ 000]
or_ln55_1              (or               ) [ 000]
xor_ln55_1             (xor              ) [ 000]
xor_ln55_2             (xor              ) [ 000]
or_ln55                (or               ) [ 000]
and_ln55               (and              ) [ 000]
acc_2                  (select           ) [ 011]
tmp_34                 (bitselect        ) [ 011]
tmp_35                 (bitselect        ) [ 011]
tmp_s                  (partselect       ) [ 000]
icmp_ln56              (icmp             ) [ 011]
icmp_ln56_1            (icmp             ) [ 011]
k                      (add              ) [ 000]
icmp_ln51              (icmp             ) [ 011]
store_ln49             (store            ) [ 000]
store_ln55             (store            ) [ 000]
store_ln51             (store            ) [ 000]
br_ln51                (br               ) [ 000]
specpipeline_ln52      (specpipeline     ) [ 000]
speclooptripcount_ln48 (speclooptripcount) [ 000]
specloopname_ln51      (specloopname     ) [ 000]
trunc_ln56             (trunc            ) [ 000]
shl_ln1                (bitconcatenate   ) [ 000]
or_ln56                (or               ) [ 000]
xor_ln56               (xor              ) [ 000]
and_ln56               (and              ) [ 000]
xor_ln56_1             (xor              ) [ 000]
or_ln56_1              (or               ) [ 000]
and_ln56_1             (and              ) [ 000]
select_ln56            (select           ) [ 000]
or_ln56_2              (or               ) [ 000]
x                      (select           ) [ 000]
tmp_36                 (bitselect        ) [ 000]
sext_ln13              (sext             ) [ 000]
sub_ln13               (sub              ) [ 000]
y                      (trunc            ) [ 000]
tmp_37                 (bitselect        ) [ 000]
tmp_38                 (bitselect        ) [ 000]
xor_ln13               (xor              ) [ 000]
and_ln13               (and              ) [ 000]
xor_ln13_2             (xor              ) [ 000]
select_ln13            (select           ) [ 000]
and_ln13_2             (and              ) [ 000]
xor_ln13_3             (xor              ) [ 000]
sel_tmp2               (bitconcatenate   ) [ 000]
y_2                    (sparsemux        ) [ 000]
trunc_ln56_1           (trunc            ) [ 000]
tmp_39                 (bitselect        ) [ 000]
icmp_ln18              (icmp             ) [ 000]
select_ln17_2          (select           ) [ 000]
or_ln17                (or               ) [ 000]
select_ln17            (select           ) [ 000]
zext_ln57              (zext             ) [ 000]
write_ln57             (write            ) [ 000]
ret_ln63               (ret              ) [ 000]
</LifeTime>

<model>

<comp_list>
<comp id="0" class="1000" name="s0_to_k1">
<pin_list>
<pin id="1" dir="1" index="0" bw="1" slack="0"/>
</pin_list>
<bind>
<StgValue><ssdm name="s0_to_k1"/></StgValue>
</bind>
</comp>

<comp id="2" class="1000" name="s1_to_k3">
<pin_list>
<pin id="3" dir="1" index="0" bw="1" slack="0"/>
</pin_list>
<bind>
<StgValue><ssdm name="s1_to_k3"/></StgValue>
</bind>
</comp>

<comp id="4" class="1001" name="const_4">
<pin_list>
<pin id="5" dir="1" index="0" bw="1" slack="0"/>
</pin_list>
<bind>
<StgValue><ssdm name=""/></StgValue>
</bind>
</comp>

<comp id="6" class="1001" name="const_6">
<pin_list>
<pin id="7" dir="1" index="0" bw="1" slack="2147483647"/>
</pin_list>
<bind>
<StgValue><ssdm name="_ssdm_op_SpecInterface"/></StgValue>
</bind>
</comp>

<comp id="8" class="1001" name="const_8">
<pin_list>
<pin id="9" dir="1" index="0" bw="1" slack="2147483647"/>
</pin_list>
<bind>
<StgValue><ssdm name="empty_11"/></StgValue>
</bind>
</comp>

<comp id="10" class="1001" name="const_10">
<pin_list>
<pin id="11" dir="1" index="0" bw="1" slack="0"/>
</pin_list>
<bind>
<StgValue><ssdm name=""/></StgValue>
</bind>
</comp>

<comp id="12" class="1001" name="const_12">
<pin_list>
<pin id="13" dir="1" index="0" bw="1" slack="2147483647"/>
</pin_list>
<bind>
<StgValue><ssdm name="empty_1"/></StgValue>
</bind>
</comp>

<comp id="14" class="1001" name="const_14">
<pin_list>
<pin id="15" dir="1" index="0" bw="1" slack="2147483647"/>
</pin_list>
<bind>
<StgValue><ssdm name=""/></StgValue>
</bind>
</comp>

<comp id="16" class="1001" name="const_16">
<pin_list>
<pin id="17" dir="1" index="0" bw="1" slack="0"/>
</pin_list>
<bind>
<StgValue><ssdm name=""/></StgValue>
</bind>
</comp>

<comp id="18" class="1001" name="const_18">
<pin_list>
<pin id="19" dir="1" index="0" bw="1" slack="0"/>
</pin_list>
<bind>
<StgValue><ssdm name="_ssdm_op_Read.ap_fifo.volatile.i32P0A"/></StgValue>
</bind>
</comp>

<comp id="20" class="1001" name="const_20">
<pin_list>
<pin id="21" dir="1" index="0" bw="1" slack="0"/>
</pin_list>
<bind>
<StgValue><ssdm name="_ssdm_op_PartSelect.i30.i32.i32.i32"/></StgValue>
</bind>
</comp>

<comp id="22" class="1001" name="const_22">
<pin_list>
<pin id="23" dir="1" index="0" bw="1" slack="0"/>
</pin_list>
<bind>
<StgValue><ssdm name=""/></StgValue>
</bind>
</comp>

<comp id="24" class="1001" name="const_24">
<pin_list>
<pin id="25" dir="1" index="0" bw="1" slack="0"/>
</pin_list>
<bind>
<StgValue><ssdm name=""/></StgValue>
</bind>
</comp>

<comp id="26" class="1001" name="const_26">
<pin_list>
<pin id="27" dir="1" index="0" bw="1" slack="0"/>
</pin_list>
<bind>
<StgValue><ssdm name="_ssdm_op_BitSelect.i1.i32.i32"/></StgValue>
</bind>
</comp>

<comp id="28" class="1001" name="const_28">
<pin_list>
<pin id="29" dir="1" index="0" bw="1" slack="0"/>
</pin_list>
<bind>
<StgValue><ssdm name="_ssdm_op_BitConcatenate.i54.i31.i23"/></StgValue>
</bind>
</comp>

<comp id="30" class="1001" name="const_30">
<pin_list>
<pin id="31" dir="1" index="0" bw="1" slack="0"/>
</pin_list>
<bind>
<StgValue><ssdm name=""/></StgValue>
</bind>
</comp>

<comp id="32" class="1001" name="const_32">
<pin_list>
<pin id="33" dir="1" index="0" bw="1" slack="0"/>
</pin_list>
<bind>
<StgValue><ssdm name="_ssdm_op_BitConcatenate.i53.i31.i22"/></StgValue>
</bind>
</comp>

<comp id="34" class="1001" name="const_34">
<pin_list>
<pin id="35" dir="1" index="0" bw="1" slack="0"/>
</pin_list>
<bind>
<StgValue><ssdm name=""/></StgValue>
</bind>
</comp>

<comp id="36" class="1001" name="const_36">
<pin_list>
<pin id="37" dir="1" index="0" bw="1" slack="0"/>
</pin_list>
<bind>
<StgValue><ssdm name="_ssdm_op_BitConcatenate.i52.i31.i21"/></StgValue>
</bind>
</comp>

<comp id="38" class="1001" name="const_38">
<pin_list>
<pin id="39" dir="1" index="0" bw="1" slack="0"/>
</pin_list>
<bind>
<StgValue><ssdm name=""/></StgValue>
</bind>
</comp>

<comp id="40" class="1001" name="const_40">
<pin_list>
<pin id="41" dir="1" index="0" bw="1" slack="0"/>
</pin_list>
<bind>
<StgValue><ssdm name="_ssdm_op_BitSelect.i1.i55.i32"/></StgValue>
</bind>
</comp>

<comp id="42" class="1001" name="const_42">
<pin_list>
<pin id="43" dir="1" index="0" bw="1" slack="0"/>
</pin_list>
<bind>
<StgValue><ssdm name=""/></StgValue>
</bind>
</comp>

<comp id="44" class="1001" name="const_44">
<pin_list>
<pin id="45" dir="1" index="0" bw="1" slack="0"/>
</pin_list>
<bind>
<StgValue><ssdm name="_ssdm_op_PartSelect.i31.i55.i32.i32"/></StgValue>
</bind>
</comp>

<comp id="46" class="1001" name="const_46">
<pin_list>
<pin id="47" dir="1" index="0" bw="1" slack="0"/>
</pin_list>
<bind>
<StgValue><ssdm name=""/></StgValue>
</bind>
</comp>

<comp id="48" class="1001" name="const_48">
<pin_list>
<pin id="49" dir="1" index="0" bw="1" slack="0"/>
</pin_list>
<bind>
<StgValue><ssdm name=""/></StgValue>
</bind>
</comp>

<comp id="50" class="1001" name="const_50">
<pin_list>
<pin id="51" dir="1" index="0" bw="1" slack="0"/>
</pin_list>
<bind>
<StgValue><ssdm name=""/></StgValue>
</bind>
</comp>

<comp id="52" class="1001" name="const_52">
<pin_list>
<pin id="53" dir="1" index="0" bw="1" slack="0"/>
</pin_list>
<bind>
<StgValue><ssdm name=""/></StgValue>
</bind>
</comp>

<comp id="54" class="1001" name="const_54">
<pin_list>
<pin id="55" dir="1" index="0" bw="1" slack="0"/>
</pin_list>
<bind>
<StgValue><ssdm name="_ssdm_op_BitSelect.i1.i36.i32"/></StgValue>
</bind>
</comp>

<comp id="56" class="1001" name="const_56">
<pin_list>
<pin id="57" dir="1" index="0" bw="1" slack="0"/>
</pin_list>
<bind>
<StgValue><ssdm name=""/></StgValue>
</bind>
</comp>

<comp id="58" class="1001" name="const_58">
<pin_list>
<pin id="59" dir="1" index="0" bw="1" slack="0"/>
</pin_list>
<bind>
<StgValue><ssdm name=""/></StgValue>
</bind>
</comp>

<comp id="60" class="1001" name="const_60">
<pin_list>
<pin id="61" dir="1" index="0" bw="1" slack="0"/>
</pin_list>
<bind>
<StgValue><ssdm name="_ssdm_op_PartSelect.i6.i36.i32"/></StgValue>
</bind>
</comp>

<comp id="62" class="1001" name="const_62">
<pin_list>
<pin id="63" dir="1" index="0" bw="1" slack="0"/>
</pin_list>
<bind>
<StgValue><ssdm name=""/></StgValue>
</bind>
</comp>

<comp id="64" class="1001" name="const_64">
<pin_list>
<pin id="65" dir="1" index="0" bw="1" slack="0"/>
</pin_list>
<bind>
<StgValue><ssdm name=""/></StgValue>
</bind>
</comp>

<comp id="66" class="1001" name="const_66">
<pin_list>
<pin id="67" dir="1" index="0" bw="1" slack="0"/>
</pin_list>
<bind>
<StgValue><ssdm name=""/></StgValue>
</bind>
</comp>

<comp id="68" class="1001" name="const_68">
<pin_list>
<pin id="69" dir="1" index="0" bw="1" slack="0"/>
</pin_list>
<bind>
<StgValue><ssdm name=""/></StgValue>
</bind>
</comp>

<comp id="70" class="1001" name="const_70">
<pin_list>
<pin id="71" dir="1" index="0" bw="1" slack="0"/>
</pin_list>
<bind>
<StgValue><ssdm name=""/></StgValue>
</bind>
</comp>

<comp id="72" class="1001" name="const_72">
<pin_list>
<pin id="73" dir="1" index="0" bw="1" slack="2147483647"/>
</pin_list>
<bind>
<StgValue><ssdm name="_ssdm_op_SpecPipeline"/></StgValue>
</bind>
</comp>

<comp id="74" class="1001" name="const_74">
<pin_list>
<pin id="75" dir="1" index="0" bw="1" slack="2147483647"/>
</pin_list>
<bind>
<StgValue><ssdm name="_ssdm_op_SpecLoopTripCount"/></StgValue>
</bind>
</comp>

<comp id="76" class="1001" name="const_76">
<pin_list>
<pin id="77" dir="1" index="0" bw="1" slack="2147483647"/>
</pin_list>
<bind>
<StgValue><ssdm name=""/></StgValue>
</bind>
</comp>

<comp id="78" class="1001" name="const_78">
<pin_list>
<pin id="79" dir="1" index="0" bw="1" slack="2147483647"/>
</pin_list>
<bind>
<StgValue><ssdm name="_ssdm_op_SpecLoopName"/></StgValue>
</bind>
</comp>

<comp id="80" class="1001" name="const_80">
<pin_list>
<pin id="81" dir="1" index="0" bw="1" slack="2147483647"/>
</pin_list>
<bind>
<StgValue><ssdm name="empty_15"/></StgValue>
</bind>
</comp>

<comp id="82" class="1001" name="const_82">
<pin_list>
<pin id="83" dir="1" index="0" bw="1" slack="0"/>
</pin_list>
<bind>
<StgValue><ssdm name="_ssdm_op_BitConcatenate.i32.i30.i2"/></StgValue>
</bind>
</comp>

<comp id="84" class="1001" name="const_84">
<pin_list>
<pin id="85" dir="1" index="0" bw="1" slack="0"/>
</pin_list>
<bind>
<StgValue><ssdm name=""/></StgValue>
</bind>
</comp>

<comp id="86" class="1001" name="const_86">
<pin_list>
<pin id="87" dir="1" index="0" bw="1" slack="0"/>
</pin_list>
<bind>
<StgValue><ssdm name=""/></StgValue>
</bind>
</comp>

<comp id="88" class="1001" name="const_88">
<pin_list>
<pin id="89" dir="1" index="0" bw="1" slack="0"/>
</pin_list>
<bind>
<StgValue><ssdm name=""/></StgValue>
</bind>
</comp>

<comp id="90" class="1001" name="const_90">
<pin_list>
<pin id="91" dir="1" index="0" bw="1" slack="0"/>
</pin_list>
<bind>
<StgValue><ssdm name=""/></StgValue>
</bind>
</comp>

<comp id="92" class="1001" name="const_92">
<pin_list>
<pin id="93" dir="1" index="0" bw="1" slack="0"/>
</pin_list>
<bind>
<StgValue><ssdm name="_ssdm_op_BitSelect.i1.i33.i32"/></StgValue>
</bind>
</comp>

<comp id="94" class="1001" name="const_94">
<pin_list>
<pin id="95" dir="1" index="0" bw="1" slack="0"/>
</pin_list>
<bind>
<StgValue><ssdm name=""/></StgValue>
</bind>
</comp>

<comp id="96" class="1001" name="const_96">
<pin_list>
<pin id="97" dir="1" index="0" bw="1" slack="0"/>
</pin_list>
<bind>
<StgValue><ssdm name="_ssdm_op_BitConcatenate.i2.i1.i1"/></StgValue>
</bind>
</comp>

<comp id="98" class="1001" name="const_98">
<pin_list>
<pin id="99" dir="1" index="0" bw="1" slack="0"/>
</pin_list>
<bind>
<StgValue><ssdm name="_ssdm_op_SparseMux.ap_auto.3i32.i32.i2"/></StgValue>
</bind>
</comp>

<comp id="100" class="1001" name="const_100">
<pin_list>
<pin id="101" dir="1" index="0" bw="1" slack="0"/>
</pin_list>
<bind>
<StgValue><ssdm name=""/></StgValue>
</bind>
</comp>

<comp id="102" class="1001" name="const_102">
<pin_list>
<pin id="103" dir="1" index="0" bw="1" slack="0"/>
</pin_list>
<bind>
<StgValue><ssdm name=""/></StgValue>
</bind>
</comp>

<comp id="104" class="1001" name="const_104">
<pin_list>
<pin id="105" dir="1" index="0" bw="1" slack="0"/>
</pin_list>
<bind>
<StgValue><ssdm name=""/></StgValue>
</bind>
</comp>

<comp id="106" class="1001" name="const_106">
<pin_list>
<pin id="107" dir="1" index="0" bw="1" slack="0"/>
</pin_list>
<bind>
<StgValue><ssdm name=""/></StgValue>
</bind>
</comp>

<comp id="108" class="1001" name="const_108">
<pin_list>
<pin id="109" dir="1" index="0" bw="1" slack="0"/>
</pin_list>
<bind>
<StgValue><ssdm name=""/></StgValue>
</bind>
</comp>

<comp id="110" class="1001" name="const_110">
<pin_list>
<pin id="111" dir="1" index="0" bw="1" slack="0"/>
</pin_list>
<bind>
<StgValue><ssdm name=""/></StgValue>
</bind>
</comp>

<comp id="112" class="1001" name="const_112">
<pin_list>
<pin id="113" dir="1" index="0" bw="1" slack="0"/>
</pin_list>
<bind>
<StgValue><ssdm name="_ssdm_op_Write.ap_fifo.volatile.i32P0A"/></StgValue>
</bind>
</comp>

<comp id="114" class="1004" name="k1_fu_114">
<pin_list>
<pin id="115" dir="0" index="0" bw="1" slack="0"/>
<pin id="116" dir="1" index="1" bw="16" slack="0"/>
</pin_list>
<bind>
<opcode="alloca(26) " fcode="alloca"/>
<opset="k1/1 "/>
</bind>
</comp>

<comp id="118" class="1004" name="x22_fu_118">
<pin_list>
<pin id="119" dir="0" index="0" bw="1" slack="0"/>
<pin id="120" dir="1" index="1" bw="32" slack="0"/>
</pin_list>
<bind>
<opcode="alloca(26) " fcode="alloca"/>
<opset="x22/1 "/>
</bind>
</comp>

<comp id="122" class="1004" name="x2_fu_122">
<pin_list>
<pin id="123" dir="0" index="0" bw="1" slack="0"/>
<pin id="124" dir="1" index="1" bw="32" slack="0"/>
</pin_list>
<bind>
<opcode="alloca(26) " fcode="alloca"/>
<opset="x2/1 "/>
</bind>
</comp>

<comp id="126" class="1004" name="x1_read_fu_126">
<pin_list>
<pin id="127" dir="0" index="0" bw="32" slack="0"/>
<pin id="128" dir="0" index="1" bw="32" slack="0"/>
<pin id="129" dir="1" index="2" bw="32" slack="0"/>
</pin_list>
<bind>
<opcode="read(1150) " fcode="read"/>
<opset="x1/1 "/>
</bind>
</comp>

<comp id="132" class="1004" name="write_ln57_write_fu_132">
<pin_list>
<pin id="133" dir="0" index="0" bw="0" slack="0"/>
<pin id="134" dir="0" index="1" bw="32" slack="0"/>
<pin id="135" dir="0" index="2" bw="29" slack="0"/>
<pin id="136" dir="1" index="3" bw="0" slack="2147483647"/>
</pin_list>
<bind>
<opcode="write(1151) " fcode="write"/>
<opset="write_ln57/2 "/>
</bind>
</comp>

<comp id="139" class="1004" name="store_ln49_store_fu_139">
<pin_list>
<pin id="140" dir="0" index="0" bw="1" slack="0"/>
<pin id="141" dir="0" index="1" bw="32" slack="0"/>
<pin id="142" dir="1" index="2" bw="0" slack="2147483647"/>
</pin_list>
<bind>
<opcode="store(28) " fcode="store"/>
<opset="store_ln49/1 "/>
</bind>
</comp>

<comp id="144" class="1004" name="store_ln0_store_fu_144">
<pin_list>
<pin id="145" dir="0" index="0" bw="1" slack="0"/>
<pin id="146" dir="0" index="1" bw="32" slack="0"/>
<pin id="147" dir="1" index="2" bw="0" slack="2147483647"/>
</pin_list>
<bind>
<opcode="store(28) " fcode="store"/>
<opset="store_ln0/1 "/>
</bind>
</comp>

<comp id="149" class="1004" name="store_ln0_store_fu_149">
<pin_list>
<pin id="150" dir="0" index="0" bw="1" slack="0"/>
<pin id="151" dir="0" index="1" bw="16" slack="0"/>
<pin id="152" dir="1" index="2" bw="0" slack="2147483647"/>
</pin_list>
<bind>
<opcode="store(28) " fcode="store"/>
<opset="store_ln0/1 "/>
</bind>
</comp>

<comp id="154" class="1004" name="k1_load_load_fu_154">
<pin_list>
<pin id="155" dir="0" index="0" bw="16" slack="0"/>
<pin id="156" dir="1" index="1" bw="16" slack="0"/>
</pin_list>
<bind>
<opcode="load(27) " fcode="load"/>
<opset="k1_load/1 "/>
</bind>
</comp>

<comp id="157" class="1004" name="x22_load_load_fu_157">
<pin_list>
<pin id="158" dir="0" index="0" bw="32" slack="0"/>
<pin id="159" dir="1" index="1" bw="32" slack="0"/>
</pin_list>
<bind>
<opcode="load(27) " fcode="load"/>
<opset="x22_load/1 "/>
</bind>
</comp>

<comp id="160" class="1004" name="x2_1_load_fu_160">
<pin_list>
<pin id="161" dir="0" index="0" bw="32" slack="0"/>
<pin id="162" dir="1" index="1" bw="32" slack="0"/>
</pin_list>
<bind>
<opcode="load(27) " fcode="load"/>
<opset="x2_1/1 "/>
</bind>
</comp>

<comp id="163" class="1004" name="trunc_ln_fu_163">
<pin_list>
<pin id="164" dir="0" index="0" bw="30" slack="0"/>
<pin id="165" dir="0" index="1" bw="32" slack="0"/>
<pin id="166" dir="0" index="2" bw="3" slack="0"/>
<pin id="167" dir="0" index="3" bw="6" slack="0"/>
<pin id="168" dir="1" index="4" bw="30" slack="0"/>
</pin_list>
<bind>
<opcode="partselect(1002) " fcode="partselect"/>
<opset="trunc_ln/1 "/>
</bind>
</comp>

<comp id="173" class="1004" name="sext_ln55_fu_173">
<pin_list>
<pin id="174" dir="0" index="0" bw="30" slack="0"/>
<pin id="175" dir="1" index="1" bw="31" slack="0"/>
</pin_list>
<bind>
<opcode="sext(35) " fcode="sext"/>
<opset="sext_ln55/1 "/>
</bind>
</comp>

<comp id="177" class="1004" name="tmp_fu_177">
<pin_list>
<pin id="178" dir="0" index="0" bw="1" slack="0"/>
<pin id="179" dir="0" index="1" bw="32" slack="0"/>
<pin id="180" dir="0" index="2" bw="1" slack="0"/>
<pin id="181" dir="1" index="3" bw="1" slack="0"/>
</pin_list>
<bind>
<opcode="bitselect(1000) " fcode="bitselect"/>
<opset="tmp/1 "/>
</bind>
</comp>

<comp id="185" class="1004" name="zext_ln55_fu_185">
<pin_list>
<pin id="186" dir="0" index="0" bw="1" slack="0"/>
<pin id="187" dir="1" index="1" bw="31" slack="0"/>
</pin_list>
<bind>
<opcode="zext(34) " fcode="zext"/>
<opset="zext_ln55/1 "/>
</bind>
</comp>

<comp id="189" class="1004" name="add_ln55_fu_189">
<pin_list>
<pin id="190" dir="0" index="0" bw="30" slack="0"/>
<pin id="191" dir="0" index="1" bw="1" slack="0"/>
<pin id="192" dir="1" index="2" bw="31" slack="0"/>
</pin_list>
<bind>
<opcode="add(8) " fcode="add"/>
<opset="add_ln55/1 "/>
</bind>
</comp>

<comp id="195" class="1004" name="shl_ln_fu_195">
<pin_list>
<pin id="196" dir="0" index="0" bw="54" slack="0"/>
<pin id="197" dir="0" index="1" bw="31" slack="0"/>
<pin id="198" dir="0" index="2" bw="1" slack="0"/>
<pin id="199" dir="1" index="3" bw="54" slack="0"/>
</pin_list>
<bind>
<opcode="bitconcatenate(1004) " fcode="bitconcatenate"/>
<opset="shl_ln/1 "/>
</bind>
</comp>

<comp id="203" class="1004" name="trunc_ln55_1_fu_203">
<pin_list>
<pin id="204" dir="0" index="0" bw="30" slack="0"/>
<pin id="205" dir="0" index="1" bw="32" slack="0"/>
<pin id="206" dir="0" index="2" bw="3" slack="0"/>
<pin id="207" dir="0" index="3" bw="6" slack="0"/>
<pin id="208" dir="1" index="4" bw="30" slack="0"/>
</pin_list>
<bind>
<opcode="partselect(1002) " fcode="partselect"/>
<opset="trunc_ln55_1/1 "/>
</bind>
</comp>

<comp id="213" class="1004" name="sext_ln55_1_fu_213">
<pin_list>
<pin id="214" dir="0" index="0" bw="30" slack="0"/>
<pin id="215" dir="1" index="1" bw="31" slack="0"/>
</pin_list>
<bind>
<opcode="sext(35) " fcode="sext"/>
<opset="sext_ln55_1/1 "/>
</bind>
</comp>

<comp id="217" class="1004" name="tmp_29_fu_217">
<pin_list>
<pin id="218" dir="0" index="0" bw="1" slack="0"/>
<pin id="219" dir="0" index="1" bw="32" slack="0"/>
<pin id="220" dir="0" index="2" bw="1" slack="0"/>
<pin id="221" dir="1" index="3" bw="1" slack="0"/>
</pin_list>
<bind>
<opcode="bitselect(1000) " fcode="bitselect"/>
<opset="tmp_29/1 "/>
</bind>
</comp>

<comp id="225" class="1004" name="zext_ln55_1_fu_225">
<pin_list>
<pin id="226" dir="0" index="0" bw="1" slack="0"/>
<pin id="227" dir="1" index="1" bw="31" slack="0"/>
</pin_list>
<bind>
<opcode="zext(34) " fcode="zext"/>
<opset="zext_ln55_1/1 "/>
</bind>
</comp>

<comp id="229" class="1004" name="add_ln55_1_fu_229">
<pin_list>
<pin id="230" dir="0" index="0" bw="30" slack="0"/>
<pin id="231" dir="0" index="1" bw="1" slack="0"/>
<pin id="232" dir="1" index="2" bw="31" slack="0"/>
</pin_list>
<bind>
<opcode="add(8) " fcode="add"/>
<opset="add_ln55_1/1 "/>
</bind>
</comp>

<comp id="235" class="1004" name="p_shl_fu_235">
<pin_list>
<pin id="236" dir="0" index="0" bw="53" slack="0"/>
<pin id="237" dir="0" index="1" bw="31" slack="0"/>
<pin id="238" dir="0" index="2" bw="1" slack="0"/>
<pin id="239" dir="1" index="3" bw="53" slack="0"/>
</pin_list>
<bind>
<opcode="bitconcatenate(1004) " fcode="bitconcatenate"/>
<opset="p_shl/1 "/>
</bind>
</comp>

<comp id="243" class="1004" name="sext_ln55_2_fu_243">
<pin_list>
<pin id="244" dir="0" index="0" bw="54" slack="0"/>
<pin id="245" dir="1" index="1" bw="55" slack="0"/>
</pin_list>
<bind>
<opcode="sext(35) " fcode="sext"/>
<opset="sext_ln55_2/1 "/>
</bind>
</comp>

<comp id="247" class="1004" name="trunc_ln55_2_fu_247">
<pin_list>
<pin id="248" dir="0" index="0" bw="30" slack="0"/>
<pin id="249" dir="0" index="1" bw="32" slack="0"/>
<pin id="250" dir="0" index="2" bw="3" slack="0"/>
<pin id="251" dir="0" index="3" bw="6" slack="0"/>
<pin id="252" dir="1" index="4" bw="30" slack="0"/>
</pin_list>
<bind>
<opcode="partselect(1002) " fcode="partselect"/>
<opset="trunc_ln55_2/1 "/>
</bind>
</comp>

<comp id="257" class="1004" name="sext_ln55_3_fu_257">
<pin_list>
<pin id="258" dir="0" index="0" bw="30" slack="0"/>
<pin id="259" dir="1" index="1" bw="31" slack="0"/>
</pin_list>
<bind>
<opcode="sext(35) " fcode="sext"/>
<opset="sext_ln55_3/1 "/>
</bind>
</comp>

<comp id="261" class="1004" name="tmp_30_fu_261">
<pin_list>
<pin id="262" dir="0" index="0" bw="1" slack="0"/>
<pin id="263" dir="0" index="1" bw="32" slack="0"/>
<pin id="264" dir="0" index="2" bw="1" slack="0"/>
<pin id="265" dir="1" index="3" bw="1" slack="0"/>
</pin_list>
<bind>
<opcode="bitselect(1000) " fcode="bitselect"/>
<opset="tmp_30/1 "/>
</bind>
</comp>

<comp id="269" class="1004" name="zext_ln55_2_fu_269">
<pin_list>
<pin id="270" dir="0" index="0" bw="1" slack="0"/>
<pin id="271" dir="1" index="1" bw="31" slack="0"/>
</pin_list>
<bind>
<opcode="zext(34) " fcode="zext"/>
<opset="zext_ln55_2/1 "/>
</bind>
</comp>

<comp id="273" class="1004" name="add_ln55_2_fu_273">
<pin_list>
<pin id="274" dir="0" index="0" bw="30" slack="0"/>
<pin id="275" dir="0" index="1" bw="1" slack="0"/>
<pin id="276" dir="1" index="2" bw="31" slack="0"/>
</pin_list>
<bind>
<opcode="add(8) " fcode="add"/>
<opset="add_ln55_2/1 "/>
</bind>
</comp>

<comp id="279" class="1004" name="shl_ln55_1_fu_279">
<pin_list>
<pin id="280" dir="0" index="0" bw="52" slack="0"/>
<pin id="281" dir="0" index="1" bw="31" slack="0"/>
<pin id="282" dir="0" index="2" bw="1" slack="0"/>
<pin id="283" dir="1" index="3" bw="52" slack="0"/>
</pin_list>
<bind>
<opcode="bitconcatenate(1004) " fcode="bitconcatenate"/>
<opset="shl_ln55_1/1 "/>
</bind>
</comp>

<comp id="287" class="1004" name="sext_ln55_4_fu_287">
<pin_list>
<pin id="288" dir="0" index="0" bw="52" slack="0"/>
<pin id="289" dir="1" index="1" bw="53" slack="0"/>
</pin_list>
<bind>
<opcode="sext(35) " fcode="sext"/>
<opset="sext_ln55_4/1 "/>
</bind>
</comp>

<comp id="291" class="1004" name="sub_ln55_fu_291">
<pin_list>
<pin id="292" dir="0" index="0" bw="52" slack="0"/>
<pin id="293" dir="0" index="1" bw="53" slack="0"/>
<pin id="294" dir="1" index="2" bw="53" slack="0"/>
</pin_list>
<bind>
<opcode="sub(10) " fcode="sub"/>
<opset="sub_ln55/1 "/>
</bind>
</comp>

<comp id="297" class="1004" name="sext_ln55_5_fu_297">
<pin_list>
<pin id="298" dir="0" index="0" bw="53" slack="0"/>
<pin id="299" dir="1" index="1" bw="55" slack="0"/>
</pin_list>
<bind>
<opcode="sext(35) " fcode="sext"/>
<opset="sext_ln55_5/1 "/>
</bind>
</comp>

<comp id="301" class="1004" name="add_ln55_3_fu_301">
<pin_list>
<pin id="302" dir="0" index="0" bw="53" slack="0"/>
<pin id="303" dir="0" index="1" bw="54" slack="0"/>
<pin id="304" dir="1" index="2" bw="55" slack="0"/>
</pin_list>
<bind>
<opcode="add(8) " fcode="add"/>
<opset="add_ln55_3/1 "/>
</bind>
</comp>

<comp id="307" class="1004" name="tmp_31_fu_307">
<pin_list>
<pin id="308" dir="0" index="0" bw="1" slack="0"/>
<pin id="309" dir="0" index="1" bw="55" slack="0"/>
<pin id="310" dir="0" index="2" bw="7" slack="0"/>
<pin id="311" dir="1" index="3" bw="1" slack="0"/>
</pin_list>
<bind>
<opcode="bitselect(1000) " fcode="bitselect"/>
<opset="tmp_31/1 "/>
</bind>
</comp>

<comp id="315" class="1004" name="acc_fu_315">
<pin_list>
<pin id="316" dir="0" index="0" bw="31" slack="0"/>
<pin id="317" dir="0" index="1" bw="55" slack="0"/>
<pin id="318" dir="0" index="2" bw="6" slack="0"/>
<pin id="319" dir="0" index="3" bw="7" slack="0"/>
<pin id="320" dir="1" index="4" bw="31" slack="0"/>
</pin_list>
<bind>
<opcode="partselect(1002) " fcode="partselect"/>
<opset="acc/1 "/>
</bind>
</comp>

<comp id="325" class="1004" name="sext_ln55_6_fu_325">
<pin_list>
<pin id="326" dir="0" index="0" bw="31" slack="0"/>
<pin id="327" dir="1" index="1" bw="32" slack="0"/>
</pin_list>
<bind>
<opcode="sext(35) " fcode="sext"/>
<opset="sext_ln55_6/1 "/>
</bind>
</comp>

<comp id="329" class="1004" name="tmp_32_fu_329">
<pin_list>
<pin id="330" dir="0" index="0" bw="1" slack="0"/>
<pin id="331" dir="0" index="1" bw="55" slack="0"/>
<pin id="332" dir="0" index="2" bw="6" slack="0"/>
<pin id="333" dir="1" index="3" bw="1" slack="0"/>
</pin_list>
<bind>
<opcode="bitselect(1000) " fcode="bitselect"/>
<opset="tmp_32/1 "/>
</bind>
</comp>

<comp id="337" class="1004" name="zext_ln55_3_fu_337">
<pin_list>
<pin id="338" dir="0" index="0" bw="1" slack="0"/>
<pin id="339" dir="1" index="1" bw="32" slack="0"/>
</pin_list>
<bind>
<opcode="zext(34) " fcode="zext"/>
<opset="zext_ln55_3/1 "/>
</bind>
</comp>

<comp id="341" class="1004" name="acc_1_fu_341">
<pin_list>
<pin id="342" dir="0" index="0" bw="31" slack="0"/>
<pin id="343" dir="0" index="1" bw="1" slack="0"/>
<pin id="344" dir="1" index="2" bw="32" slack="0"/>
</pin_list>
<bind>
<opcode="add(8) " fcode="add"/>
<opset="acc_1/1 "/>
</bind>
</comp>

<comp id="347" class="1004" name="sext_ln55_7_fu_347">
<pin_list>
<pin id="348" dir="0" index="0" bw="32" slack="0"/>
<pin id="349" dir="1" index="1" bw="36" slack="0"/>
</pin_list>
<bind>
<opcode="sext(35) " fcode="sext"/>
<opset="sext_ln55_7/1 "/>
</bind>
</comp>

<comp id="351" class="1004" name="tmp_33_fu_351">
<pin_list>
<pin id="352" dir="0" index="0" bw="1" slack="0"/>
<pin id="353" dir="0" index="1" bw="32" slack="0"/>
<pin id="354" dir="0" index="2" bw="6" slack="0"/>
<pin id="355" dir="1" index="3" bw="1" slack="0"/>
</pin_list>
<bind>
<opcode="bitselect(1000) " fcode="bitselect"/>
<opset="tmp_33/1 "/>
</bind>
</comp>

<comp id="359" class="1004" name="xor_ln55_fu_359">
<pin_list>
<pin id="360" dir="0" index="0" bw="1" slack="0"/>
<pin id="361" dir="0" index="1" bw="1" slack="0"/>
<pin id="362" dir="1" index="2" bw="1" slack="0"/>
</pin_list>
<bind>
<opcode="xor(25) " fcode="xor"/>
<opset="xor_ln55/1 "/>
</bind>
</comp>

<comp id="365" class="1004" name="or_ln55_1_fu_365">
<pin_list>
<pin id="366" dir="0" index="0" bw="1" slack="0"/>
<pin id="367" dir="0" index="1" bw="1" slack="0"/>
<pin id="368" dir="1" index="2" bw="1" slack="0"/>
</pin_list>
<bind>
<opcode="or(24) " fcode="or"/>
<opset="or_ln55_1/1 "/>
</bind>
</comp>

<comp id="371" class="1004" name="xor_ln55_1_fu_371">
<pin_list>
<pin id="372" dir="0" index="0" bw="1" slack="0"/>
<pin id="373" dir="0" index="1" bw="1" slack="0"/>
<pin id="374" dir="1" index="2" bw="1" slack="0"/>
</pin_list>
<bind>
<opcode="xor(25) " fcode="xor"/>
<opset="xor_ln55_1/1 "/>
</bind>
</comp>

<comp id="377" class="1004" name="xor_ln55_2_fu_377">
<pin_list>
<pin id="378" dir="0" index="0" bw="1" slack="0"/>
<pin id="379" dir="0" index="1" bw="1" slack="0"/>
<pin id="380" dir="1" index="2" bw="1" slack="0"/>
</pin_list>
<bind>
<opcode="xor(25) " fcode="xor"/>
<opset="xor_ln55_2/1 "/>
</bind>
</comp>

<comp id="383" class="1004" name="or_ln55_fu_383">
<pin_list>
<pin id="384" dir="0" index="0" bw="1" slack="0"/>
<pin id="385" dir="0" index="1" bw="1" slack="0"/>
<pin id="386" dir="1" index="2" bw="1" slack="0"/>
</pin_list>
<bind>
<opcode="or(24) " fcode="or"/>
<opset="or_ln55/1 "/>
</bind>
</comp>

<comp id="389" class="1004" name="and_ln55_fu_389">
<pin_list>
<pin id="390" dir="0" index="0" bw="1" slack="0"/>
<pin id="391" dir="0" index="1" bw="1" slack="0"/>
<pin id="392" dir="1" index="2" bw="1" slack="0"/>
</pin_list>
<bind>
<opcode="and(23) " fcode="and"/>
<opset="and_ln55/1 "/>
</bind>
</comp>

<comp id="395" class="1004" name="acc_2_fu_395">
<pin_list>
<pin id="396" dir="0" index="0" bw="1" slack="0"/>
<pin id="397" dir="0" index="1" bw="36" slack="0"/>
<pin id="398" dir="0" index="2" bw="32" slack="0"/>
<pin id="399" dir="1" index="3" bw="36" slack="0"/>
</pin_list>
<bind>
<opcode="select(49) " fcode="select"/>
<opset="acc_2/1 "/>
</bind>
</comp>

<comp id="403" class="1004" name="tmp_34_fu_403">
<pin_list>
<pin id="404" dir="0" index="0" bw="1" slack="0"/>
<pin id="405" dir="0" index="1" bw="36" slack="0"/>
<pin id="406" dir="0" index="2" bw="7" slack="0"/>
<pin id="407" dir="1" index="3" bw="1" slack="1"/>
</pin_list>
<bind>
<opcode="bitselect(1000) " fcode="bitselect"/>
<opset="tmp_34/1 "/>
</bind>
</comp>

<comp id="411" class="1004" name="tmp_35_fu_411">
<pin_list>
<pin id="412" dir="0" index="0" bw="1" slack="0"/>
<pin id="413" dir="0" index="1" bw="36" slack="0"/>
<pin id="414" dir="0" index="2" bw="6" slack="0"/>
<pin id="415" dir="1" index="3" bw="1" slack="1"/>
</pin_list>
<bind>
<opcode="bitselect(1000) " fcode="bitselect"/>
<opset="tmp_35/1 "/>
</bind>
</comp>

<comp id="419" class="1004" name="tmp_s_fu_419">
<pin_list>
<pin id="420" dir="0" index="0" bw="6" slack="0"/>
<pin id="421" dir="0" index="1" bw="36" slack="0"/>
<pin id="422" dir="0" index="2" bw="6" slack="0"/>
<pin id="423" dir="1" index="3" bw="6" slack="0"/>
</pin_list>
<bind>
<opcode="partselect(1002) " fcode="partselect"/>
<opset="tmp_s/1 "/>
</bind>
</comp>

<comp id="427" class="1004" name="icmp_ln56_fu_427">
<pin_list>
<pin id="428" dir="0" index="0" bw="6" slack="0"/>
<pin id="429" dir="0" index="1" bw="1" slack="0"/>
<pin id="430" dir="1" index="2" bw="1" slack="1"/>
</pin_list>
<bind>
<opcode="icmp(45) " fcode="icmp"/>
<opset="icmp_ln56/1 "/>
</bind>
</comp>

<comp id="433" class="1004" name="icmp_ln56_1_fu_433">
<pin_list>
<pin id="434" dir="0" index="0" bw="6" slack="0"/>
<pin id="435" dir="0" index="1" bw="1" slack="0"/>
<pin id="436" dir="1" index="2" bw="1" slack="1"/>
</pin_list>
<bind>
<opcode="icmp(45) " fcode="icmp"/>
<opset="icmp_ln56_1/1 "/>
</bind>
</comp>

<comp id="439" class="1004" name="k_fu_439">
<pin_list>
<pin id="440" dir="0" index="0" bw="16" slack="0"/>
<pin id="441" dir="0" index="1" bw="1" slack="0"/>
<pin id="442" dir="1" index="2" bw="16" slack="0"/>
</pin_list>
<bind>
<opcode="add(8) " fcode="add"/>
<opset="k/1 "/>
</bind>
</comp>

<comp id="445" class="1004" name="icmp_ln51_fu_445">
<pin_list>
<pin id="446" dir="0" index="0" bw="16" slack="0"/>
<pin id="447" dir="0" index="1" bw="1" slack="0"/>
<pin id="448" dir="1" index="2" bw="1" slack="1"/>
</pin_list>
<bind>
<opcode="icmp(45) " fcode="icmp"/>
<opset="icmp_ln51/1 "/>
</bind>
</comp>

<comp id="451" class="1004" name="store_ln49_store_fu_451">
<pin_list>
<pin id="452" dir="0" index="0" bw="32" slack="0"/>
<pin id="453" dir="0" index="1" bw="32" slack="0"/>
<pin id="454" dir="1" index="2" bw="0" slack="2147483647"/>
</pin_list>
<bind>
<opcode="store(28) " fcode="store"/>
<opset="store_ln49/1 "/>
</bind>
</comp>

<comp id="456" class="1004" name="store_ln55_store_fu_456">
<pin_list>
<pin id="457" dir="0" index="0" bw="32" slack="0"/>
<pin id="458" dir="0" index="1" bw="32" slack="0"/>
<pin id="459" dir="1" index="2" bw="0" slack="2147483647"/>
</pin_list>
<bind>
<opcode="store(28) " fcode="store"/>
<opset="store_ln55/1 "/>
</bind>
</comp>

<comp id="461" class="1004" name="store_ln51_store_fu_461">
<pin_list>
<pin id="462" dir="0" index="0" bw="16" slack="0"/>
<pin id="463" dir="0" index="1" bw="16" slack="0"/>
<pin id="464" dir="1" index="2" bw="0" slack="2147483647"/>
</pin_list>
<bind>
<opcode="store(28) " fcode="store"/>
<opset="store_ln51/1 "/>
</bind>
</comp>

<comp id="466" class="1004" name="trunc_ln56_fu_466">
<pin_list>
<pin id="467" dir="0" index="0" bw="36" slack="1"/>
<pin id="468" dir="1" index="1" bw="30" slack="0"/>
</pin_list>
<bind>
<opcode="trunc(33) " fcode="trunc"/>
<opset="trunc_ln56/2 "/>
</bind>
</comp>

<comp id="469" class="1004" name="shl_ln1_fu_469">
<pin_list>
<pin id="470" dir="0" index="0" bw="32" slack="0"/>
<pin id="471" dir="0" index="1" bw="30" slack="0"/>
<pin id="472" dir="0" index="2" bw="1" slack="0"/>
<pin id="473" dir="1" index="3" bw="32" slack="0"/>
</pin_list>
<bind>
<opcode="bitconcatenate(1004) " fcode="bitconcatenate"/>
<opset="shl_ln1/2 "/>
</bind>
</comp>

<comp id="477" class="1004" name="or_ln56_fu_477">
<pin_list>
<pin id="478" dir="0" index="0" bw="1" slack="1"/>
<pin id="479" dir="0" index="1" bw="1" slack="1"/>
<pin id="480" dir="1" index="2" bw="1" slack="0"/>
</pin_list>
<bind>
<opcode="or(24) " fcode="or"/>
<opset="or_ln56/2 "/>
</bind>
</comp>

<comp id="481" class="1004" name="xor_ln56_fu_481">
<pin_list>
<pin id="482" dir="0" index="0" bw="1" slack="1"/>
<pin id="483" dir="0" index="1" bw="1" slack="0"/>
<pin id="484" dir="1" index="2" bw="1" slack="0"/>
</pin_list>
<bind>
<opcode="xor(25) " fcode="xor"/>
<opset="xor_ln56/2 "/>
</bind>
</comp>

<comp id="486" class="1004" name="and_ln56_fu_486">
<pin_list>
<pin id="487" dir="0" index="0" bw="1" slack="0"/>
<pin id="488" dir="0" index="1" bw="1" slack="0"/>
<pin id="489" dir="1" index="2" bw="1" slack="0"/>
</pin_list>
<bind>
<opcode="and(23) " fcode="and"/>
<opset="and_ln56/2 "/>
</bind>
</comp>

<comp id="492" class="1004" name="xor_ln56_1_fu_492">
<pin_list>
<pin id="493" dir="0" index="0" bw="1" slack="1"/>
<pin id="494" dir="0" index="1" bw="1" slack="0"/>
<pin id="495" dir="1" index="2" bw="1" slack="0"/>
</pin_list>
<bind>
<opcode="xor(25) " fcode="xor"/>
<opset="xor_ln56_1/2 "/>
</bind>
</comp>

<comp id="497" class="1004" name="or_ln56_1_fu_497">
<pin_list>
<pin id="498" dir="0" index="0" bw="1" slack="1"/>
<pin id="499" dir="0" index="1" bw="1" slack="0"/>
<pin id="500" dir="1" index="2" bw="1" slack="0"/>
</pin_list>
<bind>
<opcode="or(24) " fcode="or"/>
<opset="or_ln56_1/2 "/>
</bind>
</comp>

<comp id="502" class="1004" name="and_ln56_1_fu_502">
<pin_list>
<pin id="503" dir="0" index="0" bw="1" slack="0"/>
<pin id="504" dir="0" index="1" bw="1" slack="1"/>
<pin id="505" dir="1" index="2" bw="1" slack="0"/>
</pin_list>
<bind>
<opcode="and(23) " fcode="and"/>
<opset="and_ln56_1/2 "/>
</bind>
</comp>

<comp id="507" class="1004" name="select_ln56_fu_507">
<pin_list>
<pin id="508" dir="0" index="0" bw="1" slack="0"/>
<pin id="509" dir="0" index="1" bw="32" slack="0"/>
<pin id="510" dir="0" index="2" bw="32" slack="0"/>
<pin id="511" dir="1" index="3" bw="32" slack="0"/>
</pin_list>
<bind>
<opcode="select(49) " fcode="select"/>
<opset="select_ln56/2 "/>
</bind>
</comp>

<comp id="515" class="1004" name="or_ln56_2_fu_515">
<pin_list>
<pin id="516" dir="0" index="0" bw="1" slack="0"/>
<pin id="517" dir="0" index="1" bw="1" slack="0"/>
<pin id="518" dir="1" index="2" bw="1" slack="0"/>
</pin_list>
<bind>
<opcode="or(24) " fcode="or"/>
<opset="or_ln56_2/2 "/>
</bind>
</comp>

<comp id="521" class="1004" name="x_fu_521">
<pin_list>
<pin id="522" dir="0" index="0" bw="1" slack="0"/>
<pin id="523" dir="0" index="1" bw="32" slack="0"/>
<pin id="524" dir="0" index="2" bw="32" slack="0"/>
<pin id="525" dir="1" index="3" bw="32" slack="0"/>
</pin_list>
<bind>
<opcode="select(49) " fcode="select"/>
<opset="x/2 "/>
</bind>
</comp>

<comp id="529" class="1004" name="tmp_36_fu_529">
<pin_list>
<pin id="530" dir="0" index="0" bw="1" slack="0"/>
<pin id="531" dir="0" index="1" bw="32" slack="0"/>
<pin id="532" dir="0" index="2" bw="6" slack="0"/>
<pin id="533" dir="1" index="3" bw="1" slack="0"/>
</pin_list>
<bind>
<opcode="bitselect(1000) " fcode="bitselect"/>
<opset="tmp_36/2 "/>
</bind>
</comp>

<comp id="537" class="1004" name="sext_ln13_fu_537">
<pin_list>
<pin id="538" dir="0" index="0" bw="32" slack="0"/>
<pin id="539" dir="1" index="1" bw="33" slack="0"/>
</pin_list>
<bind>
<opcode="sext(35) " fcode="sext"/>
<opset="sext_ln13/2 "/>
</bind>
</comp>

<comp id="541" class="1004" name="sub_ln13_fu_541">
<pin_list>
<pin id="542" dir="0" index="0" bw="1" slack="0"/>
<pin id="543" dir="0" index="1" bw="32" slack="0"/>
<pin id="544" dir="1" index="2" bw="33" slack="0"/>
</pin_list>
<bind>
<opcode="sub(10) " fcode="sub"/>
<opset="sub_ln13/2 "/>
</bind>
</comp>

<comp id="547" class="1004" name="y_fu_547">
<pin_list>
<pin id="548" dir="0" index="0" bw="33" slack="0"/>
<pin id="549" dir="1" index="1" bw="32" slack="0"/>
</pin_list>
<bind>
<opcode="trunc(33) " fcode="trunc"/>
<opset="y/2 "/>
</bind>
</comp>

<comp id="551" class="1004" name="tmp_37_fu_551">
<pin_list>
<pin id="552" dir="0" index="0" bw="1" slack="0"/>
<pin id="553" dir="0" index="1" bw="33" slack="0"/>
<pin id="554" dir="0" index="2" bw="7" slack="0"/>
<pin id="555" dir="1" index="3" bw="1" slack="0"/>
</pin_list>
<bind>
<opcode="bitselect(1000) " fcode="bitselect"/>
<opset="tmp_37/2 "/>
</bind>
</comp>

<comp id="559" class="1004" name="tmp_38_fu_559">
<pin_list>
<pin id="560" dir="0" index="0" bw="1" slack="0"/>
<pin id="561" dir="0" index="1" bw="33" slack="0"/>
<pin id="562" dir="0" index="2" bw="6" slack="0"/>
<pin id="563" dir="1" index="3" bw="1" slack="0"/>
</pin_list>
<bind>
<opcode="bitselect(1000) " fcode="bitselect"/>
<opset="tmp_38/2 "/>
</bind>
</comp>

<comp id="567" class="1004" name="xor_ln13_fu_567">
<pin_list>
<pin id="568" dir="0" index="0" bw="1" slack="0"/>
<pin id="569" dir="0" index="1" bw="1" slack="0"/>
<pin id="570" dir="1" index="2" bw="1" slack="0"/>
</pin_list>
<bind>
<opcode="xor(25) " fcode="xor"/>
<opset="xor_ln13/2 "/>
</bind>
</comp>

<comp id="573" class="1004" name="and_ln13_fu_573">
<pin_list>
<pin id="574" dir="0" index="0" bw="1" slack="0"/>
<pin id="575" dir="0" index="1" bw="1" slack="0"/>
<pin id="576" dir="1" index="2" bw="1" slack="0"/>
</pin_list>
<bind>
<opcode="and(23) " fcode="and"/>
<opset="and_ln13/2 "/>
</bind>
</comp>

<comp id="579" class="1004" name="xor_ln13_2_fu_579">
<pin_list>
<pin id="580" dir="0" index="0" bw="1" slack="0"/>
<pin id="581" dir="0" index="1" bw="1" slack="0"/>
<pin id="582" dir="1" index="2" bw="1" slack="0"/>
</pin_list>
<bind>
<opcode="xor(25) " fcode="xor"/>
<opset="xor_ln13_2/2 "/>
</bind>
</comp>

<comp id="585" class="1004" name="select_ln13_fu_585">
<pin_list>
<pin id="586" dir="0" index="0" bw="1" slack="0"/>
<pin id="587" dir="0" index="1" bw="32" slack="0"/>
<pin id="588" dir="0" index="2" bw="32" slack="0"/>
<pin id="589" dir="1" index="3" bw="32" slack="0"/>
</pin_list>
<bind>
<opcode="select(49) " fcode="select"/>
<opset="select_ln13/2 "/>
</bind>
</comp>

<comp id="593" class="1004" name="and_ln13_2_fu_593">
<pin_list>
<pin id="594" dir="0" index="0" bw="1" slack="0"/>
<pin id="595" dir="0" index="1" bw="1" slack="0"/>
<pin id="596" dir="1" index="2" bw="1" slack="0"/>
</pin_list>
<bind>
<opcode="and(23) " fcode="and"/>
<opset="and_ln13_2/2 "/>
</bind>
</comp>

<comp id="599" class="1004" name="xor_ln13_3_fu_599">
<pin_list>
<pin id="600" dir="0" index="0" bw="1" slack="0"/>
<pin id="601" dir="0" index="1" bw="1" slack="0"/>
<pin id="602" dir="1" index="2" bw="1" slack="0"/>
</pin_list>
<bind>
<opcode="xor(25) " fcode="xor"/>
<opset="xor_ln13_3/2 "/>
</bind>
</comp>

<comp id="605" class="1004" name="sel_tmp2_fu_605">
<pin_list>
<pin id="606" dir="0" index="0" bw="2" slack="0"/>
<pin id="607" dir="0" index="1" bw="1" slack="0"/>
<pin id="608" dir="0" index="2" bw="1" slack="0"/>
<pin id="609" dir="1" index="3" bw="2" slack="0"/>
</pin_list>
<bind>
<opcode="bitconcatenate(1004) " fcode="bitconcatenate"/>
<opset="sel_tmp2/2 "/>
</bind>
</comp>

<comp id="613" class="1004" name="y_2_fu_613">
<pin_list>
<pin id="614" dir="0" index="0" bw="32" slack="0"/>
<pin id="615" dir="0" index="1" bw="2" slack="0"/>
<pin id="616" dir="0" index="2" bw="32" slack="0"/>
<pin id="617" dir="0" index="3" bw="2" slack="0"/>
<pin id="618" dir="0" index="4" bw="32" slack="0"/>
<pin id="619" dir="0" index="5" bw="2" slack="0"/>
<pin id="620" dir="0" index="6" bw="32" slack="0"/>
<pin id="621" dir="0" index="7" bw="32" slack="0"/>
<pin id="622" dir="0" index="8" bw="2" slack="0"/>
<pin id="623" dir="1" index="9" bw="32" slack="0"/>
</pin_list>
<bind>
<opcode="sparsemux(1197) " fcode="sparsemux"/>
<opset="y_2/2 "/>
</bind>
</comp>

<comp id="633" class="1004" name="trunc_ln56_1_fu_633">
<pin_list>
<pin id="634" dir="0" index="0" bw="32" slack="0"/>
<pin id="635" dir="1" index="1" bw="29" slack="0"/>
</pin_list>
<bind>
<opcode="trunc(33) " fcode="trunc"/>
<opset="trunc_ln56_1/2 "/>
</bind>
</comp>

<comp id="637" class="1004" name="tmp_39_fu_637">
<pin_list>
<pin id="638" dir="0" index="0" bw="1" slack="0"/>
<pin id="639" dir="0" index="1" bw="32" slack="0"/>
<pin id="640" dir="0" index="2" bw="6" slack="0"/>
<pin id="641" dir="1" index="3" bw="1" slack="0"/>
</pin_list>
<bind>
<opcode="bitselect(1000) " fcode="bitselect"/>
<opset="tmp_39/2 "/>
</bind>
</comp>

<comp id="645" class="1004" name="icmp_ln18_fu_645">
<pin_list>
<pin id="646" dir="0" index="0" bw="32" slack="0"/>
<pin id="647" dir="0" index="1" bw="30" slack="0"/>
<pin id="648" dir="1" index="2" bw="1" slack="0"/>
</pin_list>
<bind>
<opcode="icmp(45) " fcode="icmp"/>
<opset="icmp_ln18/2 "/>
</bind>
</comp>

<comp id="651" class="1004" name="select_ln17_2_fu_651">
<pin_list>
<pin id="652" dir="0" index="0" bw="1" slack="0"/>
<pin id="653" dir="0" index="1" bw="1" slack="0"/>
<pin id="654" dir="0" index="2" bw="26" slack="0"/>
<pin id="655" dir="1" index="3" bw="29" slack="0"/>
</pin_list>
<bind>
<opcode="select(49) " fcode="select"/>
<opset="select_ln17_2/2 "/>
</bind>
</comp>

<comp id="659" class="1004" name="or_ln17_fu_659">
<pin_list>
<pin id="660" dir="0" index="0" bw="1" slack="0"/>
<pin id="661" dir="0" index="1" bw="1" slack="0"/>
<pin id="662" dir="1" index="2" bw="1" slack="0"/>
</pin_list>
<bind>
<opcode="or(24) " fcode="or"/>
<opset="or_ln17/2 "/>
</bind>
</comp>

<comp id="665" class="1004" name="select_ln17_fu_665">
<pin_list>
<pin id="666" dir="0" index="0" bw="1" slack="0"/>
<pin id="667" dir="0" index="1" bw="26" slack="0"/>
<pin id="668" dir="0" index="2" bw="29" slack="0"/>
<pin id="669" dir="1" index="3" bw="29" slack="0"/>
</pin_list>
<bind>
<opcode="select(49) " fcode="select"/>
<opset="select_ln17/2 "/>
</bind>
</comp>

<comp id="673" class="1004" name="zext_ln57_fu_673">
<pin_list>
<pin id="674" dir="0" index="0" bw="29" slack="0"/>
<pin id="675" dir="1" index="1" bw="32" slack="0"/>
</pin_list>
<bind>
<opcode="zext(34) " fcode="zext"/>
<opset="zext_ln57/2 "/>
</bind>
</comp>

<comp id="678" class="1005" name="k1_reg_678">
<pin_list>
<pin id="679" dir="0" index="0" bw="16" slack="0"/>
<pin id="680" dir="1" index="1" bw="16" slack="0"/>
</pin_list>
<bind>
<opset="k1 "/>
</bind>
</comp>

<comp id="685" class="1005" name="x22_reg_685">
<pin_list>
<pin id="686" dir="0" index="0" bw="32" slack="0"/>
<pin id="687" dir="1" index="1" bw="32" slack="0"/>
</pin_list>
<bind>
<opset="x22 "/>
</bind>
</comp>

<comp id="692" class="1005" name="x2_reg_692">
<pin_list>
<pin id="693" dir="0" index="0" bw="32" slack="0"/>
<pin id="694" dir="1" index="1" bw="32" slack="0"/>
</pin_list>
<bind>
<opset="x2 "/>
</bind>
</comp>

<comp id="699" class="1005" name="acc_2_reg_699">
<pin_list>
<pin id="700" dir="0" index="0" bw="36" slack="1"/>
<pin id="701" dir="1" index="1" bw="36" slack="1"/>
</pin_list>
<bind>
<opset="acc_2 "/>
</bind>
</comp>

<comp id="704" class="1005" name="tmp_34_reg_704">
<pin_list>
<pin id="705" dir="0" index="0" bw="1" slack="1"/>
<pin id="706" dir="1" index="1" bw="1" slack="1"/>
</pin_list>
<bind>
<opset="tmp_34 "/>
</bind>
</comp>

<comp id="710" class="1005" name="tmp_35_reg_710">
<pin_list>
<pin id="711" dir="0" index="0" bw="1" slack="1"/>
<pin id="712" dir="1" index="1" bw="1" slack="1"/>
</pin_list>
<bind>
<opset="tmp_35 "/>
</bind>
</comp>

<comp id="716" class="1005" name="icmp_ln56_reg_716">
<pin_list>
<pin id="717" dir="0" index="0" bw="1" slack="1"/>
<pin id="718" dir="1" index="1" bw="1" slack="1"/>
</pin_list>
<bind>
<opset="icmp_ln56 "/>
</bind>
</comp>

<comp id="721" class="1005" name="icmp_ln56_1_reg_721">
<pin_list>
<pin id="722" dir="0" index="0" bw="1" slack="1"/>
<pin id="723" dir="1" index="1" bw="1" slack="1"/>
</pin_list>
<bind>
<opset="icmp_ln56_1 "/>
</bind>
</comp>

<comp id="726" class="1005" name="icmp_ln51_reg_726">
<pin_list>
<pin id="727" dir="0" index="0" bw="1" slack="1"/>
<pin id="728" dir="1" index="1" bw="1" slack="2147483647"/>
</pin_list>
<bind>
<opset="icmp_ln51 "/>
</bind>
</comp>

</comp_list>

<net_list>
<net id="117"><net_src comp="4" pin="0"/><net_sink comp="114" pin=0"/></net>

<net id="121"><net_src comp="4" pin="0"/><net_sink comp="118" pin=0"/></net>

<net id="125"><net_src comp="4" pin="0"/><net_sink comp="122" pin=0"/></net>

<net id="130"><net_src comp="18" pin="0"/><net_sink comp="126" pin=0"/></net>

<net id="131"><net_src comp="0" pin="0"/><net_sink comp="126" pin=1"/></net>

<net id="137"><net_src comp="112" pin="0"/><net_sink comp="132" pin=0"/></net>

<net id="138"><net_src comp="2" pin="0"/><net_sink comp="132" pin=1"/></net>

<net id="143"><net_src comp="10" pin="0"/><net_sink comp="139" pin=0"/></net>

<net id="148"><net_src comp="10" pin="0"/><net_sink comp="144" pin=0"/></net>

<net id="153"><net_src comp="16" pin="0"/><net_sink comp="149" pin=0"/></net>

<net id="169"><net_src comp="20" pin="0"/><net_sink comp="163" pin=0"/></net>

<net id="170"><net_src comp="126" pin="2"/><net_sink comp="163" pin=1"/></net>

<net id="171"><net_src comp="22" pin="0"/><net_sink comp="163" pin=2"/></net>

<net id="172"><net_src comp="24" pin="0"/><net_sink comp="163" pin=3"/></net>

<net id="176"><net_src comp="163" pin="4"/><net_sink comp="173" pin=0"/></net>

<net id="182"><net_src comp="26" pin="0"/><net_sink comp="177" pin=0"/></net>

<net id="183"><net_src comp="126" pin="2"/><net_sink comp="177" pin=1"/></net>

<net id="184"><net_src comp="4" pin="0"/><net_sink comp="177" pin=2"/></net>

<net id="188"><net_src comp="177" pin="3"/><net_sink comp="185" pin=0"/></net>

<net id="193"><net_src comp="173" pin="1"/><net_sink comp="189" pin=0"/></net>

<net id="194"><net_src comp="185" pin="1"/><net_sink comp="189" pin=1"/></net>

<net id="200"><net_src comp="28" pin="0"/><net_sink comp="195" pin=0"/></net>

<net id="201"><net_src comp="189" pin="2"/><net_sink comp="195" pin=1"/></net>

<net id="202"><net_src comp="30" pin="0"/><net_sink comp="195" pin=2"/></net>

<net id="209"><net_src comp="20" pin="0"/><net_sink comp="203" pin=0"/></net>

<net id="210"><net_src comp="160" pin="1"/><net_sink comp="203" pin=1"/></net>

<net id="211"><net_src comp="22" pin="0"/><net_sink comp="203" pin=2"/></net>

<net id="212"><net_src comp="24" pin="0"/><net_sink comp="203" pin=3"/></net>

<net id="216"><net_src comp="203" pin="4"/><net_sink comp="213" pin=0"/></net>

<net id="222"><net_src comp="26" pin="0"/><net_sink comp="217" pin=0"/></net>

<net id="223"><net_src comp="160" pin="1"/><net_sink comp="217" pin=1"/></net>

<net id="224"><net_src comp="4" pin="0"/><net_sink comp="217" pin=2"/></net>

<net id="228"><net_src comp="217" pin="3"/><net_sink comp="225" pin=0"/></net>

<net id="233"><net_src comp="213" pin="1"/><net_sink comp="229" pin=0"/></net>

<net id="234"><net_src comp="225" pin="1"/><net_sink comp="229" pin=1"/></net>

<net id="240"><net_src comp="32" pin="0"/><net_sink comp="235" pin=0"/></net>

<net id="241"><net_src comp="229" pin="2"/><net_sink comp="235" pin=1"/></net>

<net id="242"><net_src comp="34" pin="0"/><net_sink comp="235" pin=2"/></net>

<net id="246"><net_src comp="195" pin="3"/><net_sink comp="243" pin=0"/></net>

<net id="253"><net_src comp="20" pin="0"/><net_sink comp="247" pin=0"/></net>

<net id="254"><net_src comp="157" pin="1"/><net_sink comp="247" pin=1"/></net>

<net id="255"><net_src comp="22" pin="0"/><net_sink comp="247" pin=2"/></net>

<net id="256"><net_src comp="24" pin="0"/><net_sink comp="247" pin=3"/></net>

<net id="260"><net_src comp="247" pin="4"/><net_sink comp="257" pin=0"/></net>

<net id="266"><net_src comp="26" pin="0"/><net_sink comp="261" pin=0"/></net>

<net id="267"><net_src comp="157" pin="1"/><net_sink comp="261" pin=1"/></net>

<net id="268"><net_src comp="4" pin="0"/><net_sink comp="261" pin=2"/></net>

<net id="272"><net_src comp="261" pin="3"/><net_sink comp="269" pin=0"/></net>

<net id="277"><net_src comp="257" pin="1"/><net_sink comp="273" pin=0"/></net>

<net id="278"><net_src comp="269" pin="1"/><net_sink comp="273" pin=1"/></net>

<net id="284"><net_src comp="36" pin="0"/><net_sink comp="279" pin=0"/></net>

<net id="285"><net_src comp="273" pin="2"/><net_sink comp="279" pin=1"/></net>

<net id="286"><net_src comp="38" pin="0"/><net_sink comp="279" pin=2"/></net>

<net id="290"><net_src comp="279" pin="3"/><net_sink comp="287" pin=0"/></net>

<net id="295"><net_src comp="287" pin="1"/><net_sink comp="291" pin=0"/></net>

<net id="296"><net_src comp="235" pin="3"/><net_sink comp="291" pin=1"/></net>

<net id="300"><net_src comp="291" pin="2"/><net_sink comp="297" pin=0"/></net>

<net id="305"><net_src comp="297" pin="1"/><net_sink comp="301" pin=0"/></net>

<net id="306"><net_src comp="243" pin="1"/><net_sink comp="301" pin=1"/></net>

<net id="312"><net_src comp="40" pin="0"/><net_sink comp="307" pin=0"/></net>

<net id="313"><net_src comp="301" pin="2"/><net_sink comp="307" pin=1"/></net>

<net id="314"><net_src comp="42" pin="0"/><net_sink comp="307" pin=2"/></net>

<net id="321"><net_src comp="44" pin="0"/><net_sink comp="315" pin=0"/></net>

<net id="322"><net_src comp="301" pin="2"/><net_sink comp="315" pin=1"/></net>

<net id="323"><net_src comp="46" pin="0"/><net_sink comp="315" pin=2"/></net>

<net id="324"><net_src comp="42" pin="0"/><net_sink comp="315" pin=3"/></net>

<net id="328"><net_src comp="315" pin="4"/><net_sink comp="325" pin=0"/></net>

<net id="334"><net_src comp="40" pin="0"/><net_sink comp="329" pin=0"/></net>

<net id="335"><net_src comp="301" pin="2"/><net_sink comp="329" pin=1"/></net>

<net id="336"><net_src comp="48" pin="0"/><net_sink comp="329" pin=2"/></net>

<net id="340"><net_src comp="329" pin="3"/><net_sink comp="337" pin=0"/></net>

<net id="345"><net_src comp="325" pin="1"/><net_sink comp="341" pin=0"/></net>

<net id="346"><net_src comp="337" pin="1"/><net_sink comp="341" pin=1"/></net>

<net id="350"><net_src comp="341" pin="2"/><net_sink comp="347" pin=0"/></net>

<net id="356"><net_src comp="26" pin="0"/><net_sink comp="351" pin=0"/></net>

<net id="357"><net_src comp="341" pin="2"/><net_sink comp="351" pin=1"/></net>

<net id="358"><net_src comp="24" pin="0"/><net_sink comp="351" pin=2"/></net>

<net id="363"><net_src comp="307" pin="3"/><net_sink comp="359" pin=0"/></net>

<net id="364"><net_src comp="50" pin="0"/><net_sink comp="359" pin=1"/></net>

<net id="369"><net_src comp="351" pin="3"/><net_sink comp="365" pin=0"/></net>

<net id="370"><net_src comp="359" pin="2"/><net_sink comp="365" pin=1"/></net>

<net id="375"><net_src comp="307" pin="3"/><net_sink comp="371" pin=0"/></net>

<net id="376"><net_src comp="365" pin="2"/><net_sink comp="371" pin=1"/></net>

<net id="381"><net_src comp="371" pin="2"/><net_sink comp="377" pin=0"/></net>

<net id="382"><net_src comp="50" pin="0"/><net_sink comp="377" pin=1"/></net>

<net id="387"><net_src comp="351" pin="3"/><net_sink comp="383" pin=0"/></net>

<net id="388"><net_src comp="377" pin="2"/><net_sink comp="383" pin=1"/></net>

<net id="393"><net_src comp="383" pin="2"/><net_sink comp="389" pin=0"/></net>

<net id="394"><net_src comp="359" pin="2"/><net_sink comp="389" pin=1"/></net>

<net id="400"><net_src comp="389" pin="2"/><net_sink comp="395" pin=0"/></net>

<net id="401"><net_src comp="52" pin="0"/><net_sink comp="395" pin=1"/></net>

<net id="402"><net_src comp="347" pin="1"/><net_sink comp="395" pin=2"/></net>

<net id="408"><net_src comp="54" pin="0"/><net_sink comp="403" pin=0"/></net>

<net id="409"><net_src comp="395" pin="3"/><net_sink comp="403" pin=1"/></net>

<net id="410"><net_src comp="56" pin="0"/><net_sink comp="403" pin=2"/></net>

<net id="416"><net_src comp="54" pin="0"/><net_sink comp="411" pin=0"/></net>

<net id="417"><net_src comp="395" pin="3"/><net_sink comp="411" pin=1"/></net>

<net id="418"><net_src comp="58" pin="0"/><net_sink comp="411" pin=2"/></net>

<net id="424"><net_src comp="60" pin="0"/><net_sink comp="419" pin=0"/></net>

<net id="425"><net_src comp="395" pin="3"/><net_sink comp="419" pin=1"/></net>

<net id="426"><net_src comp="62" pin="0"/><net_sink comp="419" pin=2"/></net>

<net id="431"><net_src comp="419" pin="3"/><net_sink comp="427" pin=0"/></net>

<net id="432"><net_src comp="64" pin="0"/><net_sink comp="427" pin=1"/></net>

<net id="437"><net_src comp="419" pin="3"/><net_sink comp="433" pin=0"/></net>

<net id="438"><net_src comp="66" pin="0"/><net_sink comp="433" pin=1"/></net>

<net id="443"><net_src comp="154" pin="1"/><net_sink comp="439" pin=0"/></net>

<net id="444"><net_src comp="68" pin="0"/><net_sink comp="439" pin=1"/></net>

<net id="449"><net_src comp="154" pin="1"/><net_sink comp="445" pin=0"/></net>

<net id="450"><net_src comp="70" pin="0"/><net_sink comp="445" pin=1"/></net>

<net id="455"><net_src comp="126" pin="2"/><net_sink comp="451" pin=0"/></net>

<net id="460"><net_src comp="160" pin="1"/><net_sink comp="456" pin=0"/></net>

<net id="465"><net_src comp="439" pin="2"/><net_sink comp="461" pin=0"/></net>

<net id="474"><net_src comp="82" pin="0"/><net_sink comp="469" pin=0"/></net>

<net id="475"><net_src comp="466" pin="1"/><net_sink comp="469" pin=1"/></net>

<net id="476"><net_src comp="84" pin="0"/><net_sink comp="469" pin=2"/></net>

<net id="485"><net_src comp="50" pin="0"/><net_sink comp="481" pin=1"/></net>

<net id="490"><net_src comp="477" pin="2"/><net_sink comp="486" pin=0"/></net>

<net id="491"><net_src comp="481" pin="2"/><net_sink comp="486" pin=1"/></net>

<net id="496"><net_src comp="50" pin="0"/><net_sink comp="492" pin=1"/></net>

<net id="501"><net_src comp="492" pin="2"/><net_sink comp="497" pin=1"/></net>

<net id="506"><net_src comp="497" pin="2"/><net_sink comp="502" pin=0"/></net>

<net id="512"><net_src comp="486" pin="2"/><net_sink comp="507" pin=0"/></net>

<net id="513"><net_src comp="86" pin="0"/><net_sink comp="507" pin=1"/></net>

<net id="514"><net_src comp="88" pin="0"/><net_sink comp="507" pin=2"/></net>

<net id="519"><net_src comp="486" pin="2"/><net_sink comp="515" pin=0"/></net>

<net id="520"><net_src comp="502" pin="2"/><net_sink comp="515" pin=1"/></net>

<net id="526"><net_src comp="515" pin="2"/><net_sink comp="521" pin=0"/></net>

<net id="527"><net_src comp="507" pin="3"/><net_sink comp="521" pin=1"/></net>

<net id="528"><net_src comp="469" pin="3"/><net_sink comp="521" pin=2"/></net>

<net id="534"><net_src comp="26" pin="0"/><net_sink comp="529" pin=0"/></net>

<net id="535"><net_src comp="521" pin="3"/><net_sink comp="529" pin=1"/></net>

<net id="536"><net_src comp="24" pin="0"/><net_sink comp="529" pin=2"/></net>

<net id="540"><net_src comp="521" pin="3"/><net_sink comp="537" pin=0"/></net>

<net id="545"><net_src comp="90" pin="0"/><net_sink comp="541" pin=0"/></net>

<net id="546"><net_src comp="537" pin="1"/><net_sink comp="541" pin=1"/></net>

<net id="550"><net_src comp="541" pin="2"/><net_sink comp="547" pin=0"/></net>

<net id="556"><net_src comp="92" pin="0"/><net_sink comp="551" pin=0"/></net>

<net id="557"><net_src comp="541" pin="2"/><net_sink comp="551" pin=1"/></net>

<net id="558"><net_src comp="94" pin="0"/><net_sink comp="551" pin=2"/></net>

<net id="564"><net_src comp="92" pin="0"/><net_sink comp="559" pin=0"/></net>

<net id="565"><net_src comp="541" pin="2"/><net_sink comp="559" pin=1"/></net>

<net id="566"><net_src comp="24" pin="0"/><net_sink comp="559" pin=2"/></net>

<net id="571"><net_src comp="551" pin="3"/><net_sink comp="567" pin=0"/></net>

<net id="572"><net_src comp="50" pin="0"/><net_sink comp="567" pin=1"/></net>

<net id="577"><net_src comp="559" pin="3"/><net_sink comp="573" pin=0"/></net>

<net id="578"><net_src comp="567" pin="2"/><net_sink comp="573" pin=1"/></net>

<net id="583"><net_src comp="551" pin="3"/><net_sink comp="579" pin=0"/></net>

<net id="584"><net_src comp="559" pin="3"/><net_sink comp="579" pin=1"/></net>

<net id="590"><net_src comp="573" pin="2"/><net_sink comp="585" pin=0"/></net>

<net id="591"><net_src comp="86" pin="0"/><net_sink comp="585" pin=1"/></net>

<net id="592"><net_src comp="88" pin="0"/><net_sink comp="585" pin=2"/></net>

<net id="597"><net_src comp="529" pin="3"/><net_sink comp="593" pin=0"/></net>

<net id="598"><net_src comp="579" pin="2"/><net_sink comp="593" pin=1"/></net>

<net id="603"><net_src comp="529" pin="3"/><net_sink comp="599" pin=0"/></net>

<net id="604"><net_src comp="50" pin="0"/><net_sink comp="599" pin=1"/></net>

<net id="610"><net_src comp="96" pin="0"/><net_sink comp="605" pin=0"/></net>

<net id="611"><net_src comp="593" pin="2"/><net_sink comp="605" pin=1"/></net>

<net id="612"><net_src comp="599" pin="2"/><net_sink comp="605" pin=2"/></net>

<net id="624"><net_src comp="98" pin="0"/><net_sink comp="613" pin=0"/></net>

<net id="625"><net_src comp="100" pin="0"/><net_sink comp="613" pin=1"/></net>

<net id="626"><net_src comp="585" pin="3"/><net_sink comp="613" pin=2"/></net>

<net id="627"><net_src comp="102" pin="0"/><net_sink comp="613" pin=3"/></net>

<net id="628"><net_src comp="521" pin="3"/><net_sink comp="613" pin=4"/></net>

<net id="629"><net_src comp="84" pin="0"/><net_sink comp="613" pin=5"/></net>

<net id="630"><net_src comp="547" pin="1"/><net_sink comp="613" pin=6"/></net>

<net id="631"><net_src comp="104" pin="0"/><net_sink comp="613" pin=7"/></net>

<net id="632"><net_src comp="605" pin="3"/><net_sink comp="613" pin=8"/></net>

<net id="636"><net_src comp="613" pin="9"/><net_sink comp="633" pin=0"/></net>

<net id="642"><net_src comp="26" pin="0"/><net_sink comp="637" pin=0"/></net>

<net id="643"><net_src comp="613" pin="9"/><net_sink comp="637" pin=1"/></net>

<net id="644"><net_src comp="24" pin="0"/><net_sink comp="637" pin=2"/></net>

<net id="649"><net_src comp="613" pin="9"/><net_sink comp="645" pin=0"/></net>

<net id="650"><net_src comp="106" pin="0"/><net_sink comp="645" pin=1"/></net>

<net id="656"><net_src comp="637" pin="3"/><net_sink comp="651" pin=0"/></net>

<net id="657"><net_src comp="108" pin="0"/><net_sink comp="651" pin=1"/></net>

<net id="658"><net_src comp="110" pin="0"/><net_sink comp="651" pin=2"/></net>

<net id="663"><net_src comp="637" pin="3"/><net_sink comp="659" pin=0"/></net>

<net id="664"><net_src comp="645" pin="2"/><net_sink comp="659" pin=1"/></net>

<net id="670"><net_src comp="659" pin="2"/><net_sink comp="665" pin=0"/></net>

<net id="671"><net_src comp="651" pin="3"/><net_sink comp="665" pin=1"/></net>

<net id="672"><net_src comp="633" pin="1"/><net_sink comp="665" pin=2"/></net>

<net id="676"><net_src comp="665" pin="3"/><net_sink comp="673" pin=0"/></net>

<net id="677"><net_src comp="673" pin="1"/><net_sink comp="132" pin=2"/></net>

<net id="681"><net_src comp="114" pin="1"/><net_sink comp="678" pin=0"/></net>

<net id="682"><net_src comp="678" pin="1"/><net_sink comp="149" pin=1"/></net>

<net id="683"><net_src comp="678" pin="1"/><net_sink comp="154" pin=0"/></net>

<net id="684"><net_src comp="678" pin="1"/><net_sink comp="461" pin=1"/></net>

<net id="688"><net_src comp="118" pin="1"/><net_sink comp="685" pin=0"/></net>

<net id="689"><net_src comp="685" pin="1"/><net_sink comp="144" pin=1"/></net>

<net id="690"><net_src comp="685" pin="1"/><net_sink comp="157" pin=0"/></net>

<net id="691"><net_src comp="685" pin="1"/><net_sink comp="456" pin=1"/></net>

<net id="695"><net_src comp="122" pin="1"/><net_sink comp="692" pin=0"/></net>

<net id="696"><net_src comp="692" pin="1"/><net_sink comp="139" pin=1"/></net>

<net id="697"><net_src comp="692" pin="1"/><net_sink comp="160" pin=0"/></net>

<net id="698"><net_src comp="692" pin="1"/><net_sink comp="451" pin=1"/></net>

<net id="702"><net_src comp="395" pin="3"/><net_sink comp="699" pin=0"/></net>

<net id="703"><net_src comp="699" pin="1"/><net_sink comp="466" pin=0"/></net>

<net id="707"><net_src comp="403" pin="3"/><net_sink comp="704" pin=0"/></net>

<net id="708"><net_src comp="704" pin="1"/><net_sink comp="481" pin=0"/></net>

<net id="709"><net_src comp="704" pin="1"/><net_sink comp="502" pin=1"/></net>

<net id="713"><net_src comp="411" pin="3"/><net_sink comp="710" pin=0"/></net>

<net id="714"><net_src comp="710" pin="1"/><net_sink comp="477" pin=0"/></net>

<net id="715"><net_src comp="710" pin="1"/><net_sink comp="492" pin=0"/></net>

<net id="719"><net_src comp="427" pin="2"/><net_sink comp="716" pin=0"/></net>

<net id="720"><net_src comp="716" pin="1"/><net_sink comp="497" pin=0"/></net>

<net id="724"><net_src comp="433" pin="2"/><net_sink comp="721" pin=0"/></net>

<net id="725"><net_src comp="721" pin="1"/><net_sink comp="477" pin=1"/></net>

<net id="729"><net_src comp="445" pin="2"/><net_sink comp="726" pin=0"/></net>

</net_list>

</model> 
---------------- Datapath Model END ------------------

* FSMD analyzer results:
  - Output states:
	Port: s1_to_k3 | {2 }
 - Input state : 
	Port: K1 : s0_to_k1 | {1 }
  - Chain level:
	State 1
		store_ln49 : 1
		store_ln0 : 1
		store_ln0 : 1
		k1_load : 1
		x22_load : 1
		x2_1 : 1
		sext_ln55 : 1
		zext_ln55 : 1
		add_ln55 : 2
		shl_ln : 3
		trunc_ln55_1 : 2
		sext_ln55_1 : 3
		tmp_29 : 2
		zext_ln55_1 : 3
		add_ln55_1 : 4
		p_shl : 5
		sext_ln55_2 : 4
		trunc_ln55_2 : 2
		sext_ln55_3 : 3
		tmp_30 : 2
		zext_ln55_2 : 3
		add_ln55_2 : 4
		shl_ln55_1 : 5
		sext_ln55_4 : 6
		sub_ln55 : 7
		sext_ln55_5 : 8
		add_ln55_3 : 9
		tmp_31 : 10
		acc : 10
		sext_ln55_6 : 11
		tmp_32 : 10
		zext_ln55_3 : 11
		acc_1 : 12
		sext_ln55_7 : 13
		tmp_33 : 13
		xor_ln55 : 11
		or_ln55_1 : 14
		xor_ln55_1 : 14
		xor_ln55_2 : 14
		or_ln55 : 14
		and_ln55 : 14
		acc_2 : 14
		tmp_34 : 15
		tmp_35 : 15
		tmp_s : 15
		icmp_ln56 : 16
		icmp_ln56_1 : 16
		k : 2
		icmp_ln51 : 2
		store_ln55 : 2
		store_ln51 : 3
		br_ln51 : 3
	State 2
		shl_ln1 : 1
		tmp_36 : 1
		sext_ln13 : 1
		sub_ln13 : 2
		y : 3
		tmp_37 : 3
		tmp_38 : 3
		xor_ln13 : 4
		and_ln13 : 4
		xor_ln13_2 : 4
		select_ln13 : 4
		and_ln13_2 : 4
		xor_ln13_3 : 2
		sel_tmp2 : 4
		y_2 : 5
		trunc_ln56_1 : 6
		tmp_39 : 6
		icmp_ln18 : 6
		select_ln17_2 : 7
		or_ln17 : 7
		select_ln17 : 7
		zext_ln57 : 8
		write_ln57 : 9


============================================================
+ Verbose Summary: Datapath Resource usage 
============================================================

* Functional unit list:
|----------|-------------------------|---------|---------|
| Operation|     Functional Unit     |    FF   |   LUT   |
|----------|-------------------------|---------|---------|
|          |     add_ln55_fu_189     |    0    |    37   |
|          |    add_ln55_1_fu_229    |    0    |    37   |
|    add   |    add_ln55_2_fu_273    |    0    |    37   |
|          |    add_ln55_3_fu_301    |    0    |    61   |
|          |       acc_1_fu_341      |    0    |    38   |
|          |         k_fu_439        |    0    |    23   |
|----------|-------------------------|---------|---------|
|          |       acc_2_fu_395      |    0    |    36   |
|          |    select_ln56_fu_507   |    0    |    32   |
|  select  |         x_fu_521        |    0    |    32   |
|          |    select_ln13_fu_585   |    0    |    32   |
|          |   select_ln17_2_fu_651  |    0    |    25   |
|          |    select_ln17_fu_665   |    0    |    28   |
|----------|-------------------------|---------|---------|
|    sub   |     sub_ln55_fu_291     |    0    |    60   |
|          |     sub_ln13_fu_541     |    0    |    39   |
|----------|-------------------------|---------|---------|
|          |     icmp_ln56_fu_427    |    0    |    13   |
|   icmp   |    icmp_ln56_1_fu_433   |    0    |    13   |
|          |     icmp_ln51_fu_445    |    0    |    23   |
|          |     icmp_ln18_fu_645    |    0    |    39   |
|----------|-------------------------|---------|---------|
|          |     xor_ln55_fu_359     |    0    |    2    |
|          |    xor_ln55_1_fu_371    |    0    |    2    |
|          |    xor_ln55_2_fu_377    |    0    |    2    |
|    xor   |     xor_ln56_fu_481     |    0    |    2    |
|          |    xor_ln56_1_fu_492    |    0    |    2    |
|          |     xor_ln13_fu_567     |    0    |    2    |
|          |    xor_ln13_2_fu_579    |    0    |    2    |
|          |    xor_ln13_3_fu_599    |    0    |    2    |
|----------|-------------------------|---------|---------|
|          |     or_ln55_1_fu_365    |    0    |    2    |
|          |      or_ln55_fu_383     |    0    |    2    |
|    or    |      or_ln56_fu_477     |    0    |    2    |
|          |     or_ln56_1_fu_497    |    0    |    2    |
|          |     or_ln56_2_fu_515    |    0    |    2    |
|          |      or_ln17_fu_659     |    0    |    2    |
|----------|-------------------------|---------|---------|
|          |     and_ln55_fu_389     |    0    |    2    |
|          |     and_ln56_fu_486     |    0    |    2    |
|    and   |    and_ln56_1_fu_502    |    0    |    2    |
|          |     and_ln13_fu_573     |    0    |    2    |
|          |    and_ln13_2_fu_593    |    0    |    2    |
|----------|-------------------------|---------|---------|
| sparsemux|        y_2_fu_613       |    0    |    9    |
|----------|-------------------------|---------|---------|
|   read   |      x1_read_fu_126     |    0    |    0    |
|----------|-------------------------|---------|---------|
|   write  | write_ln57_write_fu_132 |    0    |    0    |
|----------|-------------------------|---------|---------|
|          |     trunc_ln_fu_163     |    0    |    0    |
|          |   trunc_ln55_1_fu_203   |    0    |    0    |
|partselect|   trunc_ln55_2_fu_247   |    0    |    0    |
|          |        acc_fu_315       |    0    |    0    |
|          |       tmp_s_fu_419      |    0    |    0    |
|----------|-------------------------|---------|---------|
|          |     sext_ln55_fu_173    |    0    |    0    |
|          |    sext_ln55_1_fu_213   |    0    |    0    |
|          |    sext_ln55_2_fu_243   |    0    |    0    |
|          |    sext_ln55_3_fu_257   |    0    |    0    |
|   sext   |    sext_ln55_4_fu_287   |    0    |    0    |
|          |    sext_ln55_5_fu_297   |    0    |    0    |
|          |    sext_ln55_6_fu_325   |    0    |    0    |
|          |    sext_ln55_7_fu_347   |    0    |    0    |
|          |     sext_ln13_fu_537    |    0    |    0    |
|----------|-------------------------|---------|---------|
|          |        tmp_fu_177       |    0    |    0    |
|          |      tmp_29_fu_217      |    0    |    0    |
|          |      tmp_30_fu_261      |    0    |    0    |
|          |      tmp_31_fu_307      |    0    |    0    |
|          |      tmp_32_fu_329      |    0    |    0    |
| bitselect|      tmp_33_fu_351      |    0    |    0    |
|          |      tmp_34_fu_403      |    0    |    0    |
|          |      tmp_35_fu_411      |    0    |    0    |
|          |      tmp_36_fu_529      |    0    |    0    |
|          |      tmp_37_fu_551      |    0    |    0    |
|          |      tmp_38_fu_559      |    0    |    0    |
|          |      tmp_39_fu_637      |    0    |    0    |
|----------|-------------------------|---------|---------|
|          |     zext_ln55_fu_185    |    0    |    0    |
|          |    zext_ln55_1_fu_225   |    0    |    0    |
|   zext   |    zext_ln55_2_fu_269   |    0    |    0    |
|          |    zext_ln55_3_fu_337   |    0    |    0    |
|          |     zext_ln57_fu_673    |    0    |    0    |
|----------|-------------------------|---------|---------|
|          |      shl_ln_fu_195      |    0    |    0    |
|          |       p_shl_fu_235      |    0    |    0    |
|bitconcatenate|    shl_ln55_1_fu_279    |    0    |    0    |
|          |      shl_ln1_fu_469     |    0    |    0    |
|          |     sel_tmp2_fu_605     |    0    |    0    |
|----------|-------------------------|---------|---------|
|          |    trunc_ln56_fu_466    |    0    |    0    |
|   trunc  |         y_fu_547        |    0    |    0    |
|          |   trunc_ln56_1_fu_633   |    0    |    0    |
|----------|-------------------------|---------|---------|
|   Total  |                         |    0    |   652   |
|----------|-------------------------|---------|---------|

Memories:
N/A

* Register list:
+-------------------+--------+
|                   |   FF   |
+-------------------+--------+
|   acc_2_reg_699   |   36   |
| icmp_ln51_reg_726 |    1   |
|icmp_ln56_1_reg_721|    1   |
| icmp_ln56_reg_716 |    1   |
|     k1_reg_678    |   16   |
|   tmp_34_reg_704  |    1   |
|   tmp_35_reg_710  |    1   |
|    x22_reg_685    |   32   |
|     x2_reg_692    |   32   |
+-------------------+--------+
|       Total       |   121  |
+-------------------+--------+

* Multiplexer (MUX) list: 
|--------|------|------|------|--------|
|  Comp  |  Pin | Size |  BW  | S x BW |
|--------|------|------|------|--------|
|  Total |      |      |      |    0   |
|--------|------|------|------|--------|



* Summary:
+-----------+--------+--------+
|           |   FF   |   LUT  |
+-----------+--------+--------+
|  Function |    0   |   652  |
|   Memory  |    -   |    -   |
|Multiplexer|    -   |    -   |
|  Register |   121  |    -   |
+-----------+--------+--------+
|   Total   |   121  |   652  |
+-----------+--------+--------+
