Copyright 1986-2022 Xilinx, Inc. All Rights Reserved. Copyright 2022-2025 Advanced Micro Devices, Inc. All Rights Reserved.
-----------------------------------------------------------------------------------------------------------------------------------------------------------------------------------------------------------------------------------------------------
| Tool Version      : Vivado v.2025.1.1 (lin64) Build 6233196 Thu Sep 11 21:27:11 MDT 2025
| Date              : Thu Apr  9 16:39:30 2026
| Host              : ece-linlabsrv01 running 64-bit Red Hat Enterprise Linux release 8.10 (Ootpa)
| Command           : report_timing_summary -max_paths 10 -routable_nets -report_unconstrained -file bd_0_wrapper_timing_summary_routed.rpt -pb bd_0_wrapper_timing_summary_routed.pb -rpx bd_0_wrapper_timing_summary_routed.rpx -warn_on_violation
| Design            : bd_0_wrapper
| Device            : xczu3eg-sbva484
| Speed File        : -1  PRODUCTION 1.30 05-15-2022
| Design State      : Routed
| Temperature Grade : E
-----------------------------------------------------------------------------------------------------------------------------------------------------------------------------------------------------------------------------------------------------

Timing Summary Report

------------------------------------------------------------------------------------------------
| Timer Settings
| --------------
------------------------------------------------------------------------------------------------

  Enable Multi Corner Analysis               :  Yes
  Enable Pessimism Removal                   :  Yes
  Pessimism Removal Resolution               :  Nearest Common Node
  Enable Input Delay Default Clock           :  No
  Enable Preset / Clear Arcs                 :  No
  Disable Flight Delays                      :  No
  Ignore I/O Paths                           :  No
  Timing Early Launch at Borrowing Latches   :  No
  Borrow Time for Max Delay Exceptions       :  Yes
  Merge Timing Exceptions                    :  Yes
  Inter-SLR Compensation                     :  Conservative

  Corner  Analyze    Analyze    
  Name    Max Paths  Min Paths  
  ------  ---------  ---------  
  Slow    Yes        Yes        
  Fast    Yes        Yes        


------------------------------------------------------------------------------------------------
| Report Methodology
| ------------------
------------------------------------------------------------------------------------------------

Rule       Severity  Description                    Violations  
---------  --------  -----------------------------  ----------  
TIMING-18  Warning   Missing input or output delay  1000        

Note: This report is based on the most recent report_methodology run and may not be up-to-date. Run report_methodology on the current design for the latest report.



check_timing report

Table of Contents
-----------------
1. checking no_clock (0)
2. checking constant_clock (0)
3. checking pulse_width_clock (0)
4. checking unconstrained_internal_endpoints (0)
5. checking no_input_delay (1117)
6. checking no_output_delay (267)
7. checking multiple_clock (0)
8. checking generated_clocks (0)
9. checking loops (0)
10. checking partial_input_delay (0)
11. checking partial_output_delay (0)
12. checking latch_loops (0)

1. checking no_clock (0)
------------------------
 There are 0 register/latch pins with no clock.


2. checking constant_clock (0)
------------------------------
 There are 0 register/latch pins with constant_clock.


3. checking pulse_width_clock (0)
---------------------------------
 There are 0 register/latch pins which need pulse_width check


4. checking unconstrained_internal_endpoints (0)
------------------------------------------------
 There are 0 pins that are not constrained for maximum delay.

 There are 0 pins that are not constrained for maximum delay due to constant clock.


5. checking no_input_delay (1117)
---------------------------------
 There are 1117 input ports with no input delay specified. (HIGH)

 There are 0 input ports with no input delay but user has a false path constraint.


6. checking no_output_delay (267)
---------------------------------
 There are 267 ports with no output delay specified. (HIGH)

 There are 0 ports with no output delay but user has a false path constraint

 There are 0 ports with no output delay but with a timing clock defined on it or propagating through it


7. checking multiple_clock (0)
------------------------------
 There are 0 register/latch pins with multiple clocks.


8. checking generated_clocks (0)
--------------------------------
 There are 0 generated clocks that are not connected to a clock source.


9. checking loops (0)
---------------------
 There are 0 combinational loops in the design.


10. checking partial_input_delay (0)
------------------------------------
 There are 0 input ports with partial input delay specified.


11. checking partial_output_delay (0)
-------------------------------------
 There are 0 ports with partial output delay specified.


12. checking latch_loops (0)
----------------------------
 There are 0 combinational latch loops in the design through latch input



------------------------------------------------------------------------------------------------
| Design Timing Summary
| ---------------------
------------------------------------------------------------------------------------------------

    WNS(ns)      TNS(ns)  TNS Failing Endpoints  TNS Total Endpoints      WHS(ns)      THS(ns)  THS Failing Endpoints  THS Total Endpoints     WPWS(ns)     TPWS(ns)  TPWS Failing Endpoints  TPWS Total Endpoints  
    -------      -------  ---------------------  -------------------      -------      -------  ---------------------  -------------------     --------     --------  ----------------------  --------------------  
      1.454        0.000                      0                82164        0.024        0.000                      0                82164        4.427        0.000                       0                 38785  


All user specified timing constraints are met.


------------------------------------------------------------------------------------------------
| Clock Summary
| -------------
------------------------------------------------------------------------------------------------

Clock   Waveform(ns)       Period(ns)      Frequency(MHz)
-----   ------------       ----------      --------------
ap_clk  {0.000 5.000}      10.000          100.000         


------------------------------------------------------------------------------------------------
| Intra Clock Table
| -----------------
------------------------------------------------------------------------------------------------

Clock             WNS(ns)      TNS(ns)  TNS Failing Endpoints  TNS Total Endpoints      WHS(ns)      THS(ns)  THS Failing Endpoints  THS Total Endpoints     WPWS(ns)     TPWS(ns)  TPWS Failing Endpoints  TPWS Total Endpoints  
-----             -------      -------  ---------------------  -------------------      -------      -------  ---------------------  -------------------     --------     --------  ----------------------  --------------------  
ap_clk              1.454        0.000                      0                82164        0.024        0.000                      0                82164        4.427        0.000                       0                 38785  


------------------------------------------------------------------------------------------------
| Inter Clock Table
| -----------------
------------------------------------------------------------------------------------------------

From Clock    To Clock          WNS(ns)      TNS(ns)  TNS Failing Endpoints  TNS Total Endpoints      WHS(ns)      THS(ns)  THS Failing Endpoints  THS Total Endpoints  
----------    --------          -------      -------  ---------------------  -------------------      -------      -------  ---------------------  -------------------  


------------------------------------------------------------------------------------------------
| Other Path Groups Table
| -----------------------
------------------------------------------------------------------------------------------------

Path Group    From Clock    To Clock          WNS(ns)      TNS(ns)  TNS Failing Endpoints  TNS Total Endpoints      WHS(ns)      THS(ns)  THS Failing Endpoints  THS Total Endpoints  
----------    ----------    --------          -------      -------  ---------------------  -------------------      -------      -------  ---------------------  -------------------  


------------------------------------------------------------------------------------------------
| User Ignored Path Table
| -----------------------
------------------------------------------------------------------------------------------------

Path Group    From Clock    To Clock    
----------    ----------    --------    


------------------------------------------------------------------------------------------------
| Unconstrained Path Table
| ------------------------
------------------------------------------------------------------------------------------------

Path Group    From Clock    To Clock    
----------    ----------    --------    
(none)        ap_clk                      
(none)                      ap_clk        


------------------------------------------------------------------------------------------------
| Timing Details
| --------------
------------------------------------------------------------------------------------------------


---------------------------------------------------------------------------------------------------
From Clock:  ap_clk
  To Clock:  ap_clk

Setup :            0  Failing Endpoints,  Worst Slack        1.454ns,  Total Violation        0.000ns
Hold  :            0  Failing Endpoints,  Worst Slack        0.024ns,  Total Violation        0.000ns
PW    :            0  Failing Endpoints,  Worst Slack        4.427ns,  Total Violation        0.000ns
---------------------------------------------------------------------------------------------------


Max Delay Paths
--------------------------------------------------------------------------------------
Slack (MET) :             1.454ns  (required time - arrival time)
  Source:                 bd_0_i/hls_inst/inst/k1_vertex_transform_U0/ap_enable_reg_pp0_iter1_reg/C
                            (rising edge-triggered cell FDRE clocked by ap_clk  {rise@0.000ns fall@5.000ns period=10.000ns})
  Destination:            bd_0_i/hls_inst/inst/k1_vertex_transform_U0/and_ln23_10_reg_4638_reg[0]/D
                            (rising edge-triggered cell FDRE clocked by ap_clk  {rise@0.000ns fall@5.000ns period=10.000ns})
  Path Group:             ap_clk
  Path Type:              Setup (Max at Slow Process Corner)
  Requirement:            10.000ns  (ap_clk rise@10.000ns - ap_clk rise@0.000ns)
  Data Path Delay:        8.529ns  (logic 4.870ns (57.101%)  route 3.659ns (42.899%))
  Logic Levels:           21  (CARRY8=6 DSP_A_B_DATA=1 DSP_ALU=2 DSP_M_DATA=1 DSP_MULTIPLIER=1 DSP_OUTPUT=2 DSP_PREADD_DATA=1 LUT2=2 LUT4=1 LUT6=4)
  Clock Path Skew:        -0.009ns (DCD - SCD + CPR)
    Destination Clock Delay (DCD):    0.026ns = ( 10.026 - 10.000 ) 
    Source Clock Delay      (SCD):    0.035ns
    Clock Pessimism Removal (CPR):    0.000ns
  Clock Uncertainty:      0.035ns  ((TSJ^2 + TIJ^2)^1/2 + DJ) / 2 + PE
    Total System Jitter     (TSJ):    0.071ns
    Total Input Jitter      (TIJ):    0.000ns
    Discrete Jitter          (DJ):    0.000ns
    Phase Error              (PE):    0.000ns

    Location             Delay type                Incr(ns)  Path(ns)    Netlist Resource(s)
  -------------------------------------------------------------------    -------------------
                         (clock ap_clk rise edge)     0.000     0.000 r  
                                                      0.000     0.000 r  ap_clk (IN)
                         net (fo=39532, unset)        0.035     0.035    bd_0_i/hls_inst/inst/k1_vertex_transform_U0/ap_clk
    SLICE_X33Y100        FDRE                                         r  bd_0_i/hls_inst/inst/k1_vertex_transform_U0/ap_enable_reg_pp0_iter1_reg/C
  -------------------------------------------------------------------    -------------------
    SLICE_X33Y100        FDRE (Prop_CFF2_SLICEL_C_Q)
                                                      0.097     0.132 r  bd_0_i/hls_inst/inst/k1_vertex_transform_U0/ap_enable_reg_pp0_iter1_reg/Q
                         net (fo=156, routed)         1.051     1.183    bd_0_i/hls_inst/inst/k1_vertex_transform_U0/mul_32s_32s_64_1_1_U4/ap_enable_reg_pp0_iter1
    SLICE_X24Y69         LUT6 (Prop_E6LUT_SLICEM_I1_O)
                                                      0.177     1.360 f  bd_0_i/hls_inst/inst/k1_vertex_transform_U0/mul_32s_32s_64_1_1_U4/tmp_product_i_56__0/O
                         net (fo=1, routed)           0.167     1.527    bd_0_i/hls_inst/inst/k1_vertex_transform_U0/mul_32s_32s_64_1_1_U4/tmp_product_i_56__0_n_0
    SLICE_X24Y69         LUT6 (Prop_G6LUT_SLICEM_I0_O)
                                                      0.148     1.675 f  bd_0_i/hls_inst/inst/k1_vertex_transform_U0/mul_32s_32s_64_1_1_U4/tmp_product_i_25__1/O
                         net (fo=1, routed)           0.053     1.728    bd_0_i/hls_inst/inst/k1_vertex_transform_U0/mul_32s_32s_64_1_1_U4/tmp_product_i_25__1_n_0
    SLICE_X24Y69         LUT6 (Prop_F6LUT_SLICEM_I1_O)
                                                      0.113     1.841 f  bd_0_i/hls_inst/inst/k1_vertex_transform_U0/mul_32s_32s_64_1_1_U4/tmp_product_i_4__0/O
                         net (fo=2, routed)           0.449     2.291    bd_0_i/hls_inst/inst/k1_vertex_transform_U0/mul_32s_32s_64_1_1_U4/tmp_product__1/B[13]
    DSP48E2_X1Y30        DSP_A_B_DATA (Prop_DSP_A_B_DATA_DSP48E2_B[13]_B2_DATA[13])
                                                      0.195     2.486 r  bd_0_i/hls_inst/inst/k1_vertex_transform_U0/mul_32s_32s_64_1_1_U4/tmp_product__1/DSP_A_B_DATA_INST/B2_DATA[13]
                         net (fo=1, routed)           0.000     2.486    bd_0_i/hls_inst/inst/k1_vertex_transform_U0/mul_32s_32s_64_1_1_U4/tmp_product__1/DSP_A_B_DATA.B2_DATA<13>
    DSP48E2_X1Y30        DSP_PREADD_DATA (Prop_DSP_PREADD_DATA_DSP48E2_B2_DATA[13]_B2B1[13])
                                                      0.092     2.578 r  bd_0_i/hls_inst/inst/k1_vertex_transform_U0/mul_32s_32s_64_1_1_U4/tmp_product__1/DSP_PREADD_DATA_INST/B2B1[13]
                         net (fo=1, routed)           0.000     2.578    bd_0_i/hls_inst/inst/k1_vertex_transform_U0/mul_32s_32s_64_1_1_U4/tmp_product__1/DSP_PREADD_DATA.B2B1<13>
    DSP48E2_X1Y30        DSP_MULTIPLIER (Prop_DSP_MULTIPLIER_DSP48E2_B2B1[13]_U[42])
                                                      0.737     3.315 f  bd_0_i/hls_inst/inst/k1_vertex_transform_U0/mul_32s_32s_64_1_1_U4/tmp_product__1/DSP_MULTIPLIER_INST/U[42]
                         net (fo=1, routed)           0.000     3.315    bd_0_i/hls_inst/inst/k1_vertex_transform_U0/mul_32s_32s_64_1_1_U4/tmp_product__1/DSP_MULTIPLIER.U<42>
    DSP48E2_X1Y30        DSP_M_DATA (Prop_DSP_M_DATA_DSP48E2_U[42]_U_DATA[42])
                                                      0.059     3.374 r  bd_0_i/hls_inst/inst/k1_vertex_transform_U0/mul_32s_32s_64_1_1_U4/tmp_product__1/DSP_M_DATA_INST/U_DATA[42]
                         net (fo=1, routed)           0.000     3.374    bd_0_i/hls_inst/inst/k1_vertex_transform_U0/mul_32s_32s_64_1_1_U4/tmp_product__1/DSP_M_DATA.U_DATA<42>
    DSP48E2_X1Y30        DSP_ALU (Prop_DSP_ALU_DSP48E2_U_DATA[42]_ALU_OUT[47])
                                                      0.699     4.073 f  bd_0_i/hls_inst/inst/k1_vertex_transform_U0/mul_32s_32s_64_1_1_U4/tmp_product__1/DSP_ALU_INST/ALU_OUT[47]
                         net (fo=1, routed)           0.000     4.073    bd_0_i/hls_inst/inst/k1_vertex_transform_U0/mul_32s_32s_64_1_1_U4/tmp_product__1/DSP_ALU.ALU_OUT<47>
    DSP48E2_X1Y30        DSP_OUTPUT (Prop_DSP_OUTPUT_DSP48E2_ALU_OUT[47]_PCOUT[47])
                                                      0.159     4.232 r  bd_0_i/hls_inst/inst/k1_vertex_transform_U0/mul_32s_32s_64_1_1_U4/tmp_product__1/DSP_OUTPUT_INST/PCOUT[47]
                         net (fo=1, routed)           0.016     4.248    bd_0_i/hls_inst/inst/k1_vertex_transform_U0/mul_32s_32s_64_1_1_U4/tmp_product__2/PCIN[47]
    DSP48E2_X1Y31        DSP_ALU (Prop_DSP_ALU_DSP48E2_PCIN[47]_ALU_OUT[3])
                                                      0.698     4.946 f  bd_0_i/hls_inst/inst/k1_vertex_transform_U0/mul_32s_32s_64_1_1_U4/tmp_product__2/DSP_ALU_INST/ALU_OUT[3]
                         net (fo=1, routed)           0.000     4.946    bd_0_i/hls_inst/inst/k1_vertex_transform_U0/mul_32s_32s_64_1_1_U4/tmp_product__2/DSP_ALU.ALU_OUT<3>
    DSP48E2_X1Y31        DSP_OUTPUT (Prop_DSP_OUTPUT_DSP48E2_ALU_OUT[3]_P[3])
                                                      0.141     5.087 r  bd_0_i/hls_inst/inst/k1_vertex_transform_U0/mul_32s_32s_64_1_1_U4/tmp_product__2/DSP_OUTPUT_INST/P[3]
                         net (fo=2, routed)           0.357     5.444    bd_0_i/hls_inst/inst/k1_vertex_transform_U0/mul_32s_32s_64_1_1_U4/tmp_product__2_n_102
    SLICE_X20Y79         LUT2 (Prop_E6LUT_SLICEM_I0_O)
                                                      0.148     5.592 r  bd_0_i/hls_inst/inst/k1_vertex_transform_U0/mul_32s_32s_64_1_1_U4/tmp_product_carry_i_4__9/O
                         net (fo=1, routed)           0.015     5.607    bd_0_i/hls_inst/inst/k1_vertex_transform_U0/mul_32s_32s_64_1_1_U4/tmp_product_carry_i_4__9_n_0
    SLICE_X20Y79         CARRY8 (Prop_CARRY8_SLICEM_S[4]_CO[7])
                                                      0.198     5.805 r  bd_0_i/hls_inst/inst/k1_vertex_transform_U0/mul_32s_32s_64_1_1_U4/tmp_product_carry/CO[7]
                         net (fo=1, routed)           0.028     5.833    bd_0_i/hls_inst/inst/k1_vertex_transform_U0/mul_32s_32s_64_1_1_U4/tmp_product_carry_n_0
    SLICE_X20Y80         CARRY8 (Prop_CARRY8_SLICEM_CI_O[3])
                                                      0.118     5.951 r  bd_0_i/hls_inst/inst/k1_vertex_transform_U0/mul_32s_32s_64_1_1_U4/tmp_product_carry__0/O[3]
                         net (fo=9, routed)           0.490     6.441    bd_0_i/hls_inst/inst/k1_vertex_transform_U0/mul_32s_32s_64_1_1_U4/O176[11]
    SLICE_X16Y79         LUT2 (Prop_D6LUT_SLICEM_I1_O)
                                                      0.098     6.539 r  bd_0_i/hls_inst/inst/k1_vertex_transform_U0/mul_32s_32s_64_1_1_U4/add_ln23_7_reg_4617[15]_i_7/O
                         net (fo=1, routed)           0.026     6.565    bd_0_i/hls_inst/inst/k1_vertex_transform_U0/mul_32s_32s_64_1_1_U4/add_ln23_7_reg_4617[15]_i_7_n_0
    SLICE_X16Y79         CARRY8 (Prop_CARRY8_SLICEM_S[3]_CO[7])
                                                      0.206     6.771 r  bd_0_i/hls_inst/inst/k1_vertex_transform_U0/mul_32s_32s_64_1_1_U4/add_ln23_7_reg_4617_reg[15]_i_2/CO[7]
                         net (fo=1, routed)           0.028     6.799    bd_0_i/hls_inst/inst/k1_vertex_transform_U0/mul_32s_32s_64_1_1_U4/add_ln23_7_reg_4617_reg[15]_i_2_n_0
    SLICE_X16Y80         CARRY8 (Prop_CARRY8_SLICEM_CI_O[5])
                                                      0.145     6.944 r  bd_0_i/hls_inst/inst/k1_vertex_transform_U0/mul_32s_32s_64_1_1_U4/add_ln23_7_reg_4617_reg[23]_i_2/O[5]
                         net (fo=1, routed)           0.423     7.367    bd_0_i/hls_inst/inst/k1_vertex_transform_U0/mul_32s_32s_64_1_1_U4/trunc_ln23_3_fu_2880_p4__0[21]
    SLICE_X15Y79         CARRY8 (Prop_CARRY8_SLICEL_S[5]_CO[7])
                                                      0.197     7.564 r  bd_0_i/hls_inst/inst/k1_vertex_transform_U0/mul_32s_32s_64_1_1_U4/add_ln23_7_reg_4617_reg[23]_i_1/CO[7]
                         net (fo=1, routed)           0.028     7.592    bd_0_i/hls_inst/inst/k1_vertex_transform_U0/mul_32s_32s_64_1_1_U4/add_ln23_7_reg_4617_reg[23]_i_1_n_0
    SLICE_X15Y80         CARRY8 (Prop_CARRY8_SLICEL_CI_O[7])
                                                      0.153     7.745 r  bd_0_i/hls_inst/inst/k1_vertex_transform_U0/mul_32s_32s_64_1_1_U4/add_ln23_7_reg_4617_reg[31]_i_1/O[7]
                         net (fo=4, routed)           0.235     7.980    bd_0_i/hls_inst/inst/k1_vertex_transform_U0/mul_32s_32s_64_1_1_U4/O173[31]
    SLICE_X15Y83         LUT6 (Prop_H6LUT_SLICEL_I4_O)
                                                      0.179     8.159 r  bd_0_i/hls_inst/inst/k1_vertex_transform_U0/mul_32s_32s_64_1_1_U4/and_ln23_10_reg_4638[0]_i_5/O
                         net (fo=1, routed)           0.215     8.374    bd_0_i/hls_inst/inst/k1_vertex_transform_U0/mul_32s_32s_64_1_1_U4/and_ln23_10_reg_4638[0]_i_5_n_0
    SLICE_X16Y87         LUT4 (Prop_C6LUT_SLICEM_I3_O)
                                                      0.113     8.487 r  bd_0_i/hls_inst/inst/k1_vertex_transform_U0/mul_32s_32s_64_1_1_U4/and_ln23_10_reg_4638[0]_i_1/O
                         net (fo=1, routed)           0.077     8.564    bd_0_i/hls_inst/inst/k1_vertex_transform_U0/and_ln23_10_fu_3034_p2
    SLICE_X16Y87         FDRE                                         r  bd_0_i/hls_inst/inst/k1_vertex_transform_U0/and_ln23_10_reg_4638_reg[0]/D
  -------------------------------------------------------------------    -------------------

                         (clock ap_clk rise edge)    10.000    10.000 r  
                                                      0.000    10.000 r  ap_clk (IN)
                         net (fo=39532, unset)        0.026    10.026    bd_0_i/hls_inst/inst/k1_vertex_transform_U0/ap_clk
    SLICE_X16Y87         FDRE                                         r  bd_0_i/hls_inst/inst/k1_vertex_transform_U0/and_ln23_10_reg_4638_reg[0]/C
                         clock pessimism              0.000    10.026    
                         clock uncertainty           -0.035     9.991    
    SLICE_X16Y87         FDRE (Setup_CFF_SLICEM_C_D)
                                                      0.027    10.018    bd_0_i/hls_inst/inst/k1_vertex_transform_U0/and_ln23_10_reg_4638_reg[0]
  -------------------------------------------------------------------
                         required time                         10.018    
                         arrival time                          -8.564    
  -------------------------------------------------------------------
                         slack                                  1.454    

Slack (MET) :             1.504ns  (required time - arrival time)
  Source:                 bd_0_i/hls_inst/inst/k1_vertex_transform_U0/ap_enable_reg_pp0_iter1_reg/C
                            (rising edge-triggered cell FDRE clocked by ap_clk  {rise@0.000ns fall@5.000ns period=10.000ns})
  Destination:            bd_0_i/hls_inst/inst/k1_vertex_transform_U0/and_ln24_9_reg_4740_reg[0]/D
                            (rising edge-triggered cell FDRE clocked by ap_clk  {rise@0.000ns fall@5.000ns period=10.000ns})
  Path Group:             ap_clk
  Path Type:              Setup (Max at Slow Process Corner)
  Requirement:            10.000ns  (ap_clk rise@10.000ns - ap_clk rise@0.000ns)
  Data Path Delay:        8.479ns  (logic 4.730ns (55.788%)  route 3.749ns (44.212%))
  Logic Levels:           21  (CARRY8=6 DSP_A_B_DATA=1 DSP_ALU=2 DSP_M_DATA=1 DSP_MULTIPLIER=1 DSP_OUTPUT=2 DSP_PREADD_DATA=1 LUT2=2 LUT6=5)
  Clock Path Skew:        -0.009ns (DCD - SCD + CPR)
    Destination Clock Delay (DCD):    0.026ns = ( 10.026 - 10.000 ) 
    Source Clock Delay      (SCD):    0.035ns
    Clock Pessimism Removal (CPR):    0.000ns
  Clock Uncertainty:      0.035ns  ((TSJ^2 + TIJ^2)^1/2 + DJ) / 2 + PE
    Total System Jitter     (TSJ):    0.071ns
    Total Input Jitter      (TIJ):    0.000ns
    Discrete Jitter          (DJ):    0.000ns
    Phase Error              (PE):    0.000ns

    Location             Delay type                Incr(ns)  Path(ns)    Netlist Resource(s)
  -------------------------------------------------------------------    -------------------
                         (clock ap_clk rise edge)     0.000     0.000 r  
                                                      0.000     0.000 r  ap_clk (IN)
                         net (fo=39532, unset)        0.035     0.035    bd_0_i/hls_inst/inst/k1_vertex_transform_U0/ap_clk
    SLICE_X33Y100        FDRE                                         r  bd_0_i/hls_inst/inst/k1_vertex_transform_U0/ap_enable_reg_pp0_iter1_reg/C
  -------------------------------------------------------------------    -------------------
    SLICE_X33Y100        FDRE (Prop_CFF2_SLICEL_C_Q)
                                                      0.097     0.132 r  bd_0_i/hls_inst/inst/k1_vertex_transform_U0/ap_enable_reg_pp0_iter1_reg/Q
                         net (fo=156, routed)         1.051     1.183    bd_0_i/hls_inst/inst/k1_vertex_transform_U0/mul_32s_32s_64_1_1_U4/ap_enable_reg_pp0_iter1
    SLICE_X24Y69         LUT6 (Prop_E6LUT_SLICEM_I1_O)
                                                      0.177     1.360 f  bd_0_i/hls_inst/inst/k1_vertex_transform_U0/mul_32s_32s_64_1_1_U4/tmp_product_i_56__0/O
                         net (fo=1, routed)           0.167     1.527    bd_0_i/hls_inst/inst/k1_vertex_transform_U0/mul_32s_32s_64_1_1_U4/tmp_product_i_56__0_n_0
    SLICE_X24Y69         LUT6 (Prop_G6LUT_SLICEM_I0_O)
                                                      0.148     1.675 f  bd_0_i/hls_inst/inst/k1_vertex_transform_U0/mul_32s_32s_64_1_1_U4/tmp_product_i_25__1/O
                         net (fo=1, routed)           0.053     1.728    bd_0_i/hls_inst/inst/k1_vertex_transform_U0/mul_32s_32s_64_1_1_U4/tmp_product_i_25__1_n_0
    SLICE_X24Y69         LUT6 (Prop_F6LUT_SLICEM_I1_O)
                                                      0.113     1.841 f  bd_0_i/hls_inst/inst/k1_vertex_transform_U0/mul_32s_32s_64_1_1_U4/tmp_product_i_4__0/O
                         net (fo=2, routed)           0.449     2.291    bd_0_i/hls_inst/inst/k1_vertex_transform_U0/mul_32s_32s_64_1_1_U4/tmp_product__1/B[13]
    DSP48E2_X1Y30        DSP_A_B_DATA (Prop_DSP_A_B_DATA_DSP48E2_B[13]_B2_DATA[13])
                                                      0.195     2.486 r  bd_0_i/hls_inst/inst/k1_vertex_transform_U0/mul_32s_32s_64_1_1_U4/tmp_product__1/DSP_A_B_DATA_INST/B2_DATA[13]
                         net (fo=1, routed)           0.000     2.486    bd_0_i/hls_inst/inst/k1_vertex_transform_U0/mul_32s_32s_64_1_1_U4/tmp_product__1/DSP_A_B_DATA.B2_DATA<13>
    DSP48E2_X1Y30        DSP_PREADD_DATA (Prop_DSP_PREADD_DATA_DSP48E2_B2_DATA[13]_B2B1[13])
                                                      0.092     2.578 r  bd_0_i/hls_inst/inst/k1_vertex_transform_U0/mul_32s_32s_64_1_1_U4/tmp_product__1/DSP_PREADD_DATA_INST/B2B1[13]
                         net (fo=1, routed)           0.000     2.578    bd_0_i/hls_inst/inst/k1_vertex_transform_U0/mul_32s_32s_64_1_1_U4/tmp_product__1/DSP_PREADD_DATA.B2B1<13>
    DSP48E2_X1Y30        DSP_MULTIPLIER (Prop_DSP_MULTIPLIER_DSP48E2_B2B1[13]_U[42])
                                                      0.737     3.315 f  bd_0_i/hls_inst/inst/k1_vertex_transform_U0/mul_32s_32s_64_1_1_U4/tmp_product__1/DSP_MULTIPLIER_INST/U[42]
                         net (fo=1, routed)           0.000     3.315    bd_0_i/hls_inst/inst/k1_vertex_transform_U0/mul_32s_32s_64_1_1_U4/tmp_product__1/DSP_MULTIPLIER.U<42>
    DSP48E2_X1Y30        DSP_M_DATA (Prop_DSP_M_DATA_DSP48E2_U[42]_U_DATA[42])
                                                      0.059     3.374 r  bd_0_i/hls_inst/inst/k1_vertex_transform_U0/mul_32s_32s_64_1_1_U4/tmp_product__1/DSP_M_DATA_INST/U_DATA[42]
                         net (fo=1, routed)           0.000     3.374    bd_0_i/hls_inst/inst/k1_vertex_transform_U0/mul_32s_32s_64_1_1_U4/tmp_product__1/DSP_M_DATA.U_DATA<42>
    DSP48E2_X1Y30        DSP_ALU (Prop_DSP_ALU_DSP48E2_U_DATA[42]_ALU_OUT[47])
                                                      0.699     4.073 f  bd_0_i/hls_inst/inst/k1_vertex_transform_U0/mul_32s_32s_64_1_1_U4/tmp_product__1/DSP_ALU_INST/ALU_OUT[47]
                         net (fo=1, routed)           0.000     4.073    bd_0_i/hls_inst/inst/k1_vertex_transform_U0/mul_32s_32s_64_1_1_U4/tmp_product__1/DSP_ALU.ALU_OUT<47>
    DSP48E2_X1Y30        DSP_OUTPUT (Prop_DSP_OUTPUT_DSP48E2_ALU_OUT[47]_PCOUT[47])
                                                      0.159     4.232 r  bd_0_i/hls_inst/inst/k1_vertex_transform_U0/mul_32s_32s_64_1_1_U4/tmp_product__1/DSP_OUTPUT_INST/PCOUT[47]
                         net (fo=1, routed)           0.016     4.248    bd_0_i/hls_inst/inst/k1_vertex_transform_U0/mul_32s_32s_64_1_1_U4/tmp_product__2/PCIN[47]
    DSP48E2_X1Y31        DSP_ALU (Prop_DSP_ALU_DSP48E2_PCIN[47]_ALU_OUT[3])
                                                      0.698     4.946 f  bd_0_i/hls_inst/inst/k1_vertex_transform_U0/mul_32s_32s_64_1_1_U4/tmp_product__2/DSP_ALU_INST/ALU_OUT[3]
                         net (fo=1, routed)           0.000     4.946    bd_0_i/hls_inst/inst/k1_vertex_transform_U0/mul_32s_32s_64_1_1_U4/tmp_product__2/DSP_ALU.ALU_OUT<3>
    DSP48E2_X1Y31        DSP_OUTPUT (Prop_DSP_OUTPUT_DSP48E2_ALU_OUT[3]_P[3])
                                                      0.141     5.087 r  bd_0_i/hls_inst/inst/k1_vertex_transform_U0/mul_32s_32s_64_1_1_U4/tmp_product__2/DSP_OUTPUT_INST/P[3]
                         net (fo=2, routed)           0.357     5.444    bd_0_i/hls_inst/inst/k1_vertex_transform_U0/mul_32s_32s_64_1_1_U4/tmp_product__2_n_102
    SLICE_X20Y79         LUT2 (Prop_E6LUT_SLICEM_I0_O)
                                                      0.148     5.592 r  bd_0_i/hls_inst/inst/k1_vertex_transform_U0/mul_32s_32s_64_1_1_U4/tmp_product_carry_i_4__9/O
                         net (fo=1, routed)           0.015     5.607    bd_0_i/hls_inst/inst/k1_vertex_transform_U0/mul_32s_32s_64_1_1_U4/tmp_product_carry_i_4__9_n_0
    SLICE_X20Y79         CARRY8 (Prop_CARRY8_SLICEM_S[4]_CO[7])
                                                      0.198     5.805 r  bd_0_i/hls_inst/inst/k1_vertex_transform_U0/mul_32s_32s_64_1_1_U4/tmp_product_carry/CO[7]
                         net (fo=1, routed)           0.028     5.833    bd_0_i/hls_inst/inst/k1_vertex_transform_U0/mul_32s_32s_64_1_1_U4/tmp_product_carry_n_0
    SLICE_X20Y80         CARRY8 (Prop_CARRY8_SLICEM_CI_O[0])
                                                      0.086     5.919 r  bd_0_i/hls_inst/inst/k1_vertex_transform_U0/mul_32s_32s_64_1_1_U4/tmp_product_carry__0/O[0]
                         net (fo=9, routed)           0.602     6.522    bd_0_i/hls_inst/inst/k1_vertex_transform_U0/mul_32s_32s_64_1_1_U4/O176[8]
    SLICE_X17Y76         LUT2 (Prop_A6LUT_SLICEL_I1_O)
                                                      0.064     6.586 r  bd_0_i/hls_inst/inst/k1_vertex_transform_U0/mul_32s_32s_64_1_1_U4/add_ln24_7_reg_4725[15]_i_10/O
                         net (fo=1, routed)           0.011     6.597    bd_0_i/hls_inst/inst/k1_vertex_transform_U0/mul_32s_32s_64_1_1_U4/add_ln24_7_reg_4725[15]_i_10_n_0
    SLICE_X17Y76         CARRY8 (Prop_CARRY8_SLICEL_S[0]_CO[7])
                                                      0.238     6.835 r  bd_0_i/hls_inst/inst/k1_vertex_transform_U0/mul_32s_32s_64_1_1_U4/add_ln24_7_reg_4725_reg[15]_i_2/CO[7]
                         net (fo=1, routed)           0.028     6.863    bd_0_i/hls_inst/inst/k1_vertex_transform_U0/mul_32s_32s_64_1_1_U4/add_ln24_7_reg_4725_reg[15]_i_2_n_0
    SLICE_X17Y77         CARRY8 (Prop_CARRY8_SLICEL_CI_O[1])
                                                      0.097     6.960 r  bd_0_i/hls_inst/inst/k1_vertex_transform_U0/mul_32s_32s_64_1_1_U4/add_ln24_7_reg_4725_reg[23]_i_2/O[1]
                         net (fo=1, routed)           0.462     7.422    bd_0_i/hls_inst/inst/k1_vertex_transform_U0/mul_32s_32s_64_1_1_U4/trunc_ln24_3_fu_3643_p4__0[17]
    SLICE_X18Y76         CARRY8 (Prop_CARRY8_SLICEL_S[1]_CO[7])
                                                      0.233     7.655 r  bd_0_i/hls_inst/inst/k1_vertex_transform_U0/mul_32s_32s_64_1_1_U4/add_ln24_7_reg_4725_reg[23]_i_1/CO[7]
                         net (fo=1, routed)           0.028     7.683    bd_0_i/hls_inst/inst/k1_vertex_transform_U0/mul_32s_32s_64_1_1_U4/add_ln24_7_reg_4725_reg[23]_i_1_n_0
    SLICE_X18Y77         CARRY8 (Prop_CARRY8_SLICEL_CI_O[7])
                                                      0.153     7.836 r  bd_0_i/hls_inst/inst/k1_vertex_transform_U0/mul_32s_32s_64_1_1_U4/add_ln24_7_reg_4725_reg[31]_i_1/O[7]
                         net (fo=4, routed)           0.218     8.054    bd_0_i/hls_inst/inst/k1_vertex_transform_U0/mul_32s_32s_64_1_1_U4/O175[31]
    SLICE_X19Y77         LUT6 (Prop_D6LUT_SLICEM_I2_O)
                                                      0.098     8.152 r  bd_0_i/hls_inst/inst/k1_vertex_transform_U0/mul_32s_32s_64_1_1_U4/and_ln24_9_reg_4740[0]_i_5/O
                         net (fo=1, routed)           0.192     8.344    bd_0_i/hls_inst/inst/k1_vertex_transform_U0/mul_32s_32s_64_1_1_U4/and_ln24_9_reg_4740[0]_i_5_n_0
    SLICE_X19Y76         LUT6 (Prop_B6LUT_SLICEM_I4_O)
                                                      0.100     8.444 r  bd_0_i/hls_inst/inst/k1_vertex_transform_U0/mul_32s_32s_64_1_1_U4/and_ln24_9_reg_4740[0]_i_1/O
                         net (fo=1, routed)           0.070     8.514    bd_0_i/hls_inst/inst/k1_vertex_transform_U0/and_ln24_9_fu_3791_p2
    SLICE_X19Y76         FDRE                                         r  bd_0_i/hls_inst/inst/k1_vertex_transform_U0/and_ln24_9_reg_4740_reg[0]/D
  -------------------------------------------------------------------    -------------------

                         (clock ap_clk rise edge)    10.000    10.000 r  
                                                      0.000    10.000 r  ap_clk (IN)
                         net (fo=39532, unset)        0.026    10.026    bd_0_i/hls_inst/inst/k1_vertex_transform_U0/ap_clk
    SLICE_X19Y76         FDRE                                         r  bd_0_i/hls_inst/inst/k1_vertex_transform_U0/and_ln24_9_reg_4740_reg[0]/C
                         clock pessimism              0.000    10.026    
                         clock uncertainty           -0.035     9.991    
    SLICE_X19Y76         FDRE (Setup_BFF_SLICEM_C_D)
                                                      0.027    10.018    bd_0_i/hls_inst/inst/k1_vertex_transform_U0/and_ln24_9_reg_4740_reg[0]
  -------------------------------------------------------------------
                         required time                         10.018    
                         arrival time                          -8.514    
  -------------------------------------------------------------------
                         slack                                  1.504    

Slack (MET) :             1.542ns  (required time - arrival time)
  Source:                 bd_0_i/hls_inst/inst/k1_vertex_transform_U0/ap_enable_reg_pp0_iter1_reg/C
                            (rising edge-triggered cell FDRE clocked by ap_clk  {rise@0.000ns fall@5.000ns period=10.000ns})
  Destination:            bd_0_i/hls_inst/inst/k1_vertex_transform_U0/and_ln21_9_reg_4411_reg[0]/D
                            (rising edge-triggered cell FDRE clocked by ap_clk  {rise@0.000ns fall@5.000ns period=10.000ns})
  Path Group:             ap_clk
  Path Type:              Setup (Max at Slow Process Corner)
  Requirement:            10.000ns  (ap_clk rise@10.000ns - ap_clk rise@0.000ns)
  Data Path Delay:        8.441ns  (logic 4.877ns (57.779%)  route 3.564ns (42.221%))
  Logic Levels:           21  (CARRY8=6 DSP_A_B_DATA=1 DSP_ALU=2 DSP_M_DATA=1 DSP_MULTIPLIER=1 DSP_OUTPUT=2 DSP_PREADD_DATA=1 LUT2=2 LUT6=5)
  Clock Path Skew:        -0.009ns (DCD - SCD + CPR)
    Destination Clock Delay (DCD):    0.026ns = ( 10.026 - 10.000 ) 
    Source Clock Delay      (SCD):    0.035ns
    Clock Pessimism Removal (CPR):    0.000ns
  Clock Uncertainty:      0.035ns  ((TSJ^2 + TIJ^2)^1/2 + DJ) / 2 + PE
    Total System Jitter     (TSJ):    0.071ns
    Total Input Jitter      (TIJ):    0.000ns
    Discrete Jitter          (DJ):    0.000ns
    Phase Error              (PE):    0.000ns

    Location             Delay type                Incr(ns)  Path(ns)    Netlist Resource(s)
  -------------------------------------------------------------------    -------------------
                         (clock ap_clk rise edge)     0.000     0.000 r  
                                                      0.000     0.000 r  ap_clk (IN)
                         net (fo=39532, unset)        0.035     0.035    bd_0_i/hls_inst/inst/k1_vertex_transform_U0/ap_clk
    SLICE_X33Y100        FDRE                                         r  bd_0_i/hls_inst/inst/k1_vertex_transform_U0/ap_enable_reg_pp0_iter1_reg/C
  -------------------------------------------------------------------    -------------------
    SLICE_X33Y100        FDRE (Prop_CFF2_SLICEL_C_Q)
                                                      0.097     0.132 r  bd_0_i/hls_inst/inst/k1_vertex_transform_U0/ap_enable_reg_pp0_iter1_reg/Q
                         net (fo=156, routed)         1.051     1.183    bd_0_i/hls_inst/inst/k1_vertex_transform_U0/mul_32s_32s_64_1_1_U4/ap_enable_reg_pp0_iter1
    SLICE_X24Y69         LUT6 (Prop_E6LUT_SLICEM_I1_O)
                                                      0.177     1.360 f  bd_0_i/hls_inst/inst/k1_vertex_transform_U0/mul_32s_32s_64_1_1_U4/tmp_product_i_56__0/O
                         net (fo=1, routed)           0.167     1.527    bd_0_i/hls_inst/inst/k1_vertex_transform_U0/mul_32s_32s_64_1_1_U4/tmp_product_i_56__0_n_0
    SLICE_X24Y69         LUT6 (Prop_G6LUT_SLICEM_I0_O)
                                                      0.148     1.675 f  bd_0_i/hls_inst/inst/k1_vertex_transform_U0/mul_32s_32s_64_1_1_U4/tmp_product_i_25__1/O
                         net (fo=1, routed)           0.053     1.728    bd_0_i/hls_inst/inst/k1_vertex_transform_U0/mul_32s_32s_64_1_1_U4/tmp_product_i_25__1_n_0
    SLICE_X24Y69         LUT6 (Prop_F6LUT_SLICEM_I1_O)
                                                      0.113     1.841 f  bd_0_i/hls_inst/inst/k1_vertex_transform_U0/mul_32s_32s_64_1_1_U4/tmp_product_i_4__0/O
                         net (fo=2, routed)           0.449     2.291    bd_0_i/hls_inst/inst/k1_vertex_transform_U0/mul_32s_32s_64_1_1_U4/tmp_product__1/B[13]
    DSP48E2_X1Y30        DSP_A_B_DATA (Prop_DSP_A_B_DATA_DSP48E2_B[13]_B2_DATA[13])
                                                      0.195     2.486 r  bd_0_i/hls_inst/inst/k1_vertex_transform_U0/mul_32s_32s_64_1_1_U4/tmp_product__1/DSP_A_B_DATA_INST/B2_DATA[13]
                         net (fo=1, routed)           0.000     2.486    bd_0_i/hls_inst/inst/k1_vertex_transform_U0/mul_32s_32s_64_1_1_U4/tmp_product__1/DSP_A_B_DATA.B2_DATA<13>
    DSP48E2_X1Y30        DSP_PREADD_DATA (Prop_DSP_PREADD_DATA_DSP48E2_B2_DATA[13]_B2B1[13])
                                                      0.092     2.578 r  bd_0_i/hls_inst/inst/k1_vertex_transform_U0/mul_32s_32s_64_1_1_U4/tmp_product__1/DSP_PREADD_DATA_INST/B2B1[13]
                         net (fo=1, routed)           0.000     2.578    bd_0_i/hls_inst/inst/k1_vertex_transform_U0/mul_32s_32s_64_1_1_U4/tmp_product__1/DSP_PREADD_DATA.B2B1<13>
    DSP48E2_X1Y30        DSP_MULTIPLIER (Prop_DSP_MULTIPLIER_DSP48E2_B2B1[13]_U[42])
                                                      0.737     3.315 f  bd_0_i/hls_inst/inst/k1_vertex_transform_U0/mul_32s_32s_64_1_1_U4/tmp_product__1/DSP_MULTIPLIER_INST/U[42]
                         net (fo=1, routed)           0.000     3.315    bd_0_i/hls_inst/inst/k1_vertex_transform_U0/mul_32s_32s_64_1_1_U4/tmp_product__1/DSP_MULTIPLIER.U<42>
    DSP48E2_X1Y30        DSP_M_DATA (Prop_DSP_M_DATA_DSP48E2_U[42]_U_DATA[42])
                                                      0.059     3.374 r  bd_0_i/hls_inst/inst/k1_vertex_transform_U0/mul_32s_32s_64_1_1_U4/tmp_product__1/DSP_M_DATA_INST/U_DATA[42]
                         net (fo=1, routed)           0.000     3.374    bd_0_i/hls_inst/inst/k1_vertex_transform_U0/mul_32s_32s_64_1_1_U4/tmp_product__1/DSP_M_DATA.U_DATA<42>
    DSP48E2_X1Y30        DSP_ALU (Prop_DSP_ALU_DSP48E2_U_DATA[42]_ALU_OUT[47])
                                                      0.699     4.073 f  bd_0_i/hls_inst/inst/k1_vertex_transform_U0/mul_32s_32s_64_1_1_U4/tmp_product__1/DSP_ALU_INST/ALU_OUT[47]
                         net (fo=1, routed)           0.000     4.073    bd_0_i/hls_inst/inst/k1_vertex_transform_U0/mul_32s_32s_64_1_1_U4/tmp_product__1/DSP_ALU.ALU_OUT<47>
    DSP48E2_X1Y30        DSP_OUTPUT (Prop_DSP_OUTPUT_DSP48E2_ALU_OUT[47]_PCOUT[47])
                                                      0.159     4.232 r  bd_0_i/hls_inst/inst/k1_vertex_transform_U0/mul_32s_32s_64_1_1_U4/tmp_product__1/DSP_OUTPUT_INST/PCOUT[47]
                         net (fo=1, routed)           0.016     4.248    bd_0_i/hls_inst/inst/k1_vertex_transform_U0/mul_32s_32s_64_1_1_U4/tmp_product__2/PCIN[47]
    DSP48E2_X1Y31        DSP_ALU (Prop_DSP_ALU_DSP48E2_PCIN[47]_ALU_OUT[3])
                                                      0.698     4.946 f  bd_0_i/hls_inst/inst/k1_vertex_transform_U0/mul_32s_32s_64_1_1_U4/tmp_product__2/DSP_ALU_INST/ALU_OUT[3]
                         net (fo=1, routed)           0.000     4.946    bd_0_i/hls_inst/inst/k1_vertex_transform_U0/mul_32s_32s_64_1_1_U4/tmp_product__2/DSP_ALU.ALU_OUT<3>
    DSP48E2_X1Y31        DSP_OUTPUT (Prop_DSP_OUTPUT_DSP48E2_ALU_OUT[3]_P[3])
                                                      0.141     5.087 r  bd_0_i/hls_inst/inst/k1_vertex_transform_U0/mul_32s_32s_64_1_1_U4/tmp_product__2/DSP_OUTPUT_INST/P[3]
                         net (fo=2, routed)           0.357     5.444    bd_0_i/hls_inst/inst/k1_vertex_transform_U0/mul_32s_32s_64_1_1_U4/tmp_product__2_n_102
    SLICE_X20Y79         LUT2 (Prop_E6LUT_SLICEM_I0_O)
                                                      0.148     5.592 r  bd_0_i/hls_inst/inst/k1_vertex_transform_U0/mul_32s_32s_64_1_1_U4/tmp_product_carry_i_4__9/O
                         net (fo=1, routed)           0.015     5.607    bd_0_i/hls_inst/inst/k1_vertex_transform_U0/mul_32s_32s_64_1_1_U4/tmp_product_carry_i_4__9_n_0
    SLICE_X20Y79         CARRY8 (Prop_CARRY8_SLICEM_S[4]_CO[7])
                                                      0.198     5.805 r  bd_0_i/hls_inst/inst/k1_vertex_transform_U0/mul_32s_32s_64_1_1_U4/tmp_product_carry/CO[7]
                         net (fo=1, routed)           0.028     5.833    bd_0_i/hls_inst/inst/k1_vertex_transform_U0/mul_32s_32s_64_1_1_U4/tmp_product_carry_n_0
    SLICE_X20Y80         CARRY8 (Prop_CARRY8_SLICEM_CI_O[1])
                                                      0.111     5.944 r  bd_0_i/hls_inst/inst/k1_vertex_transform_U0/mul_32s_32s_64_1_1_U4/tmp_product_carry__0/O[1]
                         net (fo=9, routed)           0.261     6.205    bd_0_i/hls_inst/inst/k1_vertex_transform_U0/mul_32s_32s_64_1_1_U4/O176[9]
    SLICE_X21Y80         LUT2 (Prop_B6LUT_SLICEL_I1_O)
                                                      0.100     6.305 r  bd_0_i/hls_inst/inst/k1_vertex_transform_U0/mul_32s_32s_64_1_1_U4/add_ln21_7_reg_4396[15]_i_9/O
                         net (fo=1, routed)           0.010     6.315    bd_0_i/hls_inst/inst/k1_vertex_transform_U0/mul_32s_32s_64_1_1_U4/add_ln21_7_reg_4396[15]_i_9_n_0
    SLICE_X21Y80         CARRY8 (Prop_CARRY8_SLICEL_S[1]_CO[7])
                                                      0.233     6.548 r  bd_0_i/hls_inst/inst/k1_vertex_transform_U0/mul_32s_32s_64_1_1_U4/add_ln21_7_reg_4396_reg[15]_i_2/CO[7]
                         net (fo=1, routed)           0.028     6.576    bd_0_i/hls_inst/inst/k1_vertex_transform_U0/mul_32s_32s_64_1_1_U4/add_ln21_7_reg_4396_reg[15]_i_2_n_0
    SLICE_X21Y81         CARRY8 (Prop_CARRY8_SLICEL_CI_O[5])
                                                      0.145     6.721 r  bd_0_i/hls_inst/inst/k1_vertex_transform_U0/mul_32s_32s_64_1_1_U4/add_ln21_7_reg_4396_reg[23]_i_2/O[5]
                         net (fo=1, routed)           0.546     7.267    bd_0_i/hls_inst/inst/k1_vertex_transform_U0/mul_32s_32s_64_1_1_U4/trunc_ln21_3_fu_1350_p4__0[21]
    SLICE_X17Y84         CARRY8 (Prop_CARRY8_SLICEL_S[5]_CO[7])
                                                      0.197     7.464 r  bd_0_i/hls_inst/inst/k1_vertex_transform_U0/mul_32s_32s_64_1_1_U4/add_ln21_7_reg_4396_reg[23]_i_1/CO[7]
                         net (fo=1, routed)           0.028     7.492    bd_0_i/hls_inst/inst/k1_vertex_transform_U0/mul_32s_32s_64_1_1_U4/add_ln21_7_reg_4396_reg[23]_i_1_n_0
    SLICE_X17Y85         CARRY8 (Prop_CARRY8_SLICEL_CI_O[7])
                                                      0.153     7.645 r  bd_0_i/hls_inst/inst/k1_vertex_transform_U0/mul_32s_32s_64_1_1_U4/add_ln21_7_reg_4396_reg[31]_i_1/O[7]
                         net (fo=4, routed)           0.368     8.013    bd_0_i/hls_inst/inst/k1_vertex_transform_U0/mul_32s_32s_64_1_1_U4/D[31]
    SLICE_X19Y86         LUT6 (Prop_F6LUT_SLICEM_I2_O)
                                                      0.098     8.111 r  bd_0_i/hls_inst/inst/k1_vertex_transform_U0/mul_32s_32s_64_1_1_U4/and_ln21_9_reg_4411[0]_i_5/O
                         net (fo=1, routed)           0.123     8.234    bd_0_i/hls_inst/inst/k1_vertex_transform_U0/mul_32s_32s_64_1_1_U4/and_ln21_9_reg_4411[0]_i_5_n_0
    SLICE_X19Y87         LUT6 (Prop_A6LUT_SLICEM_I4_O)
                                                      0.179     8.413 r  bd_0_i/hls_inst/inst/k1_vertex_transform_U0/mul_32s_32s_64_1_1_U4/and_ln21_9_reg_4411[0]_i_1/O
                         net (fo=1, routed)           0.063     8.476    bd_0_i/hls_inst/inst/k1_vertex_transform_U0/and_ln21_9_fu_1498_p2
    SLICE_X19Y87         FDRE                                         r  bd_0_i/hls_inst/inst/k1_vertex_transform_U0/and_ln21_9_reg_4411_reg[0]/D
  -------------------------------------------------------------------    -------------------

                         (clock ap_clk rise edge)    10.000    10.000 r  
                                                      0.000    10.000 r  ap_clk (IN)
                         net (fo=39532, unset)        0.026    10.026    bd_0_i/hls_inst/inst/k1_vertex_transform_U0/ap_clk
    SLICE_X19Y87         FDRE                                         r  bd_0_i/hls_inst/inst/k1_vertex_transform_U0/and_ln21_9_reg_4411_reg[0]/C
                         clock pessimism              0.000    10.026    
                         clock uncertainty           -0.035     9.991    
    SLICE_X19Y87         FDRE (Setup_AFF_SLICEM_C_D)
                                                      0.027    10.018    bd_0_i/hls_inst/inst/k1_vertex_transform_U0/and_ln21_9_reg_4411_reg[0]
  -------------------------------------------------------------------
                         required time                         10.018    
                         arrival time                          -8.476    
  -------------------------------------------------------------------
                         slack                                  1.542    

Slack (MET) :             1.601ns  (required time - arrival time)
  Source:                 bd_0_i/hls_inst/inst/k1_vertex_transform_U0/ap_enable_reg_pp0_iter1_reg/C
                            (rising edge-triggered cell FDRE clocked by ap_clk  {rise@0.000ns fall@5.000ns period=10.000ns})
  Destination:            bd_0_i/hls_inst/inst/k1_vertex_transform_U0/and_ln22_9_reg_4524_reg[0]/D
                            (rising edge-triggered cell FDRE clocked by ap_clk  {rise@0.000ns fall@5.000ns period=10.000ns})
  Path Group:             ap_clk
  Path Type:              Setup (Max at Slow Process Corner)
  Requirement:            10.000ns  (ap_clk rise@10.000ns - ap_clk rise@0.000ns)
  Data Path Delay:        8.380ns  (logic 4.889ns (58.342%)  route 3.491ns (41.658%))
  Logic Levels:           21  (CARRY8=6 DSP_A_B_DATA=1 DSP_ALU=2 DSP_M_DATA=1 DSP_MULTIPLIER=1 DSP_OUTPUT=2 DSP_PREADD_DATA=1 LUT2=2 LUT6=5)
  Clock Path Skew:        -0.011ns (DCD - SCD + CPR)
    Destination Clock Delay (DCD):    0.024ns = ( 10.024 - 10.000 ) 
    Source Clock Delay      (SCD):    0.035ns
    Clock Pessimism Removal (CPR):    0.000ns
  Clock Uncertainty:      0.035ns  ((TSJ^2 + TIJ^2)^1/2 + DJ) / 2 + PE
    Total System Jitter     (TSJ):    0.071ns
    Total Input Jitter      (TIJ):    0.000ns
    Discrete Jitter          (DJ):    0.000ns
    Phase Error              (PE):    0.000ns

    Location             Delay type                Incr(ns)  Path(ns)    Netlist Resource(s)
  -------------------------------------------------------------------    -------------------
                         (clock ap_clk rise edge)     0.000     0.000 r  
                                                      0.000     0.000 r  ap_clk (IN)
                         net (fo=39532, unset)        0.035     0.035    bd_0_i/hls_inst/inst/k1_vertex_transform_U0/ap_clk
    SLICE_X33Y100        FDRE                                         r  bd_0_i/hls_inst/inst/k1_vertex_transform_U0/ap_enable_reg_pp0_iter1_reg/C
  -------------------------------------------------------------------    -------------------
    SLICE_X33Y100        FDRE (Prop_CFF2_SLICEL_C_Q)
                                                      0.097     0.132 r  bd_0_i/hls_inst/inst/k1_vertex_transform_U0/ap_enable_reg_pp0_iter1_reg/Q
                         net (fo=156, routed)         1.051     1.183    bd_0_i/hls_inst/inst/k1_vertex_transform_U0/mul_32s_32s_64_1_1_U4/ap_enable_reg_pp0_iter1
    SLICE_X24Y69         LUT6 (Prop_E6LUT_SLICEM_I1_O)
                                                      0.177     1.360 f  bd_0_i/hls_inst/inst/k1_vertex_transform_U0/mul_32s_32s_64_1_1_U4/tmp_product_i_56__0/O
                         net (fo=1, routed)           0.167     1.527    bd_0_i/hls_inst/inst/k1_vertex_transform_U0/mul_32s_32s_64_1_1_U4/tmp_product_i_56__0_n_0
    SLICE_X24Y69         LUT6 (Prop_G6LUT_SLICEM_I0_O)
                                                      0.148     1.675 f  bd_0_i/hls_inst/inst/k1_vertex_transform_U0/mul_32s_32s_64_1_1_U4/tmp_product_i_25__1/O
                         net (fo=1, routed)           0.053     1.728    bd_0_i/hls_inst/inst/k1_vertex_transform_U0/mul_32s_32s_64_1_1_U4/tmp_product_i_25__1_n_0
    SLICE_X24Y69         LUT6 (Prop_F6LUT_SLICEM_I1_O)
                                                      0.113     1.841 f  bd_0_i/hls_inst/inst/k1_vertex_transform_U0/mul_32s_32s_64_1_1_U4/tmp_product_i_4__0/O
                         net (fo=2, routed)           0.449     2.291    bd_0_i/hls_inst/inst/k1_vertex_transform_U0/mul_32s_32s_64_1_1_U4/tmp_product__1/B[13]
    DSP48E2_X1Y30        DSP_A_B_DATA (Prop_DSP_A_B_DATA_DSP48E2_B[13]_B2_DATA[13])
                                                      0.195     2.486 r  bd_0_i/hls_inst/inst/k1_vertex_transform_U0/mul_32s_32s_64_1_1_U4/tmp_product__1/DSP_A_B_DATA_INST/B2_DATA[13]
                         net (fo=1, routed)           0.000     2.486    bd_0_i/hls_inst/inst/k1_vertex_transform_U0/mul_32s_32s_64_1_1_U4/tmp_product__1/DSP_A_B_DATA.B2_DATA<13>
    DSP48E2_X1Y30        DSP_PREADD_DATA (Prop_DSP_PREADD_DATA_DSP48E2_B2_DATA[13]_B2B1[13])
                                                      0.092     2.578 r  bd_0_i/hls_inst/inst/k1_vertex_transform_U0/mul_32s_32s_64_1_1_U4/tmp_product__1/DSP_PREADD_DATA_INST/B2B1[13]
                         net (fo=1, routed)           0.000     2.578    bd_0_i/hls_inst/inst/k1_vertex_transform_U0/mul_32s_32s_64_1_1_U4/tmp_product__1/DSP_PREADD_DATA.B2B1<13>
    DSP48E2_X1Y30        DSP_MULTIPLIER (Prop_DSP_MULTIPLIER_DSP48E2_B2B1[13]_U[42])
                                                      0.737     3.315 f  bd_0_i/hls_inst/inst/k1_vertex_transform_U0/mul_32s_32s_64_1_1_U4/tmp_product__1/DSP_MULTIPLIER_INST/U[42]
                         net (fo=1, routed)           0.000     3.315    bd_0_i/hls_inst/inst/k1_vertex_transform_U0/mul_32s_32s_64_1_1_U4/tmp_product__1/DSP_MULTIPLIER.U<42>
    DSP48E2_X1Y30        DSP_M_DATA (Prop_DSP_M_DATA_DSP48E2_U[42]_U_DATA[42])
                                                      0.059     3.374 r  bd_0_i/hls_inst/inst/k1_vertex_transform_U0/mul_32s_32s_64_1_1_U4/tmp_product__1/DSP_M_DATA_INST/U_DATA[42]
                         net (fo=1, routed)           0.000     3.374    bd_0_i/hls_inst/inst/k1_vertex_transform_U0/mul_32s_32s_64_1_1_U4/tmp_product__1/DSP_M_DATA.U_DATA<42>
    DSP48E2_X1Y30        DSP_ALU (Prop_DSP_ALU_DSP48E2_U_DATA[42]_ALU_OUT[47])
                                                      0.699     4.073 f  bd_0_i/hls_inst/inst/k1_vertex_transform_U0/mul_32s_32s_64_1_1_U4/tmp_product__1/DSP_ALU_INST/ALU_OUT[47]
                         net (fo=1, routed)           0.000     4.073    bd_0_i/hls_inst/inst/k1_vertex_transform_U0/mul_32s_32s_64_1_1_U4/tmp_product__1/DSP_ALU.ALU_OUT<47>
    DSP48E2_X1Y30        DSP_OUTPUT (Prop_DSP_OUTPUT_DSP48E2_ALU_OUT[47]_PCOUT[47])
                                                      0.159     4.232 r  bd_0_i/hls_inst/inst/k1_vertex_transform_U0/mul_32s_32s_64_1_1_U4/tmp_product__1/DSP_OUTPUT_INST/PCOUT[47]
                         net (fo=1, routed)           0.016     4.248    bd_0_i/hls_inst/inst/k1_vertex_transform_U0/mul_32s_32s_64_1_1_U4/tmp_product__2/PCIN[47]
    DSP48E2_X1Y31        DSP_ALU (Prop_DSP_ALU_DSP48E2_PCIN[47]_ALU_OUT[3])
                                                      0.698     4.946 f  bd_0_i/hls_inst/inst/k1_vertex_transform_U0/mul_32s_32s_64_1_1_U4/tmp_product__2/DSP_ALU_INST/ALU_OUT[3]
                         net (fo=1, routed)           0.000     4.946    bd_0_i/hls_inst/inst/k1_vertex_transform_U0/mul_32s_32s_64_1_1_U4/tmp_product__2/DSP_ALU.ALU_OUT<3>
    DSP48E2_X1Y31        DSP_OUTPUT (Prop_DSP_OUTPUT_DSP48E2_ALU_OUT[3]_P[3])
                                                      0.141     5.087 r  bd_0_i/hls_inst/inst/k1_vertex_transform_U0/mul_32s_32s_64_1_1_U4/tmp_product__2/DSP_OUTPUT_INST/P[3]
                         net (fo=2, routed)           0.357     5.444    bd_0_i/hls_inst/inst/k1_vertex_transform_U0/mul_32s_32s_64_1_1_U4/tmp_product__2_n_102
    SLICE_X20Y79         LUT2 (Prop_E6LUT_SLICEM_I0_O)
                                                      0.148     5.592 r  bd_0_i/hls_inst/inst/k1_vertex_transform_U0/mul_32s_32s_64_1_1_U4/tmp_product_carry_i_4__9/O
                         net (fo=1, routed)           0.015     5.607    bd_0_i/hls_inst/inst/k1_vertex_transform_U0/mul_32s_32s_64_1_1_U4/tmp_product_carry_i_4__9_n_0
    SLICE_X20Y79         CARRY8 (Prop_CARRY8_SLICEM_S[4]_CO[7])
                                                      0.198     5.805 r  bd_0_i/hls_inst/inst/k1_vertex_transform_U0/mul_32s_32s_64_1_1_U4/tmp_product_carry/CO[7]
                         net (fo=1, routed)           0.028     5.833    bd_0_i/hls_inst/inst/k1_vertex_transform_U0/mul_32s_32s_64_1_1_U4/tmp_product_carry_n_0
    SLICE_X20Y80         CARRY8 (Prop_CARRY8_SLICEM_CI_O[3])
                                                      0.118     5.951 r  bd_0_i/hls_inst/inst/k1_vertex_transform_U0/mul_32s_32s_64_1_1_U4/tmp_product_carry__0/O[3]
                         net (fo=9, routed)           0.308     6.259    bd_0_i/hls_inst/inst/k1_vertex_transform_U0/mul_32s_32s_64_1_1_U4/O176[11]
    SLICE_X19Y81         LUT2 (Prop_D6LUT_SLICEM_I1_O)
                                                      0.114     6.373 r  bd_0_i/hls_inst/inst/k1_vertex_transform_U0/mul_32s_32s_64_1_1_U4/add_ln22_7_reg_4509[15]_i_7/O
                         net (fo=1, routed)           0.026     6.399    bd_0_i/hls_inst/inst/k1_vertex_transform_U0/mul_32s_32s_64_1_1_U4/add_ln22_7_reg_4509[15]_i_7_n_0
    SLICE_X19Y81         CARRY8 (Prop_CARRY8_SLICEM_S[3]_CO[7])
                                                      0.206     6.605 r  bd_0_i/hls_inst/inst/k1_vertex_transform_U0/mul_32s_32s_64_1_1_U4/add_ln22_7_reg_4509_reg[15]_i_2/CO[7]
                         net (fo=1, routed)           0.028     6.633    bd_0_i/hls_inst/inst/k1_vertex_transform_U0/mul_32s_32s_64_1_1_U4/add_ln22_7_reg_4509_reg[15]_i_2_n_0
    SLICE_X19Y82         CARRY8 (Prop_CARRY8_SLICEM_CI_O[5])
                                                      0.145     6.778 r  bd_0_i/hls_inst/inst/k1_vertex_transform_U0/mul_32s_32s_64_1_1_U4/add_ln22_7_reg_4509_reg[23]_i_2/O[5]
                         net (fo=1, routed)           0.428     7.206    bd_0_i/hls_inst/inst/k1_vertex_transform_U0/mul_32s_32s_64_1_1_U4/trunc_ln22_3_fu_2117_p4__0[21]
    SLICE_X18Y82         CARRY8 (Prop_CARRY8_SLICEL_S[5]_CO[7])
                                                      0.197     7.403 r  bd_0_i/hls_inst/inst/k1_vertex_transform_U0/mul_32s_32s_64_1_1_U4/add_ln22_7_reg_4509_reg[23]_i_1/CO[7]
                         net (fo=1, routed)           0.028     7.431    bd_0_i/hls_inst/inst/k1_vertex_transform_U0/mul_32s_32s_64_1_1_U4/add_ln22_7_reg_4509_reg[23]_i_1_n_0
    SLICE_X18Y83         CARRY8 (Prop_CARRY8_SLICEL_CI_O[7])
                                                      0.153     7.584 r  bd_0_i/hls_inst/inst/k1_vertex_transform_U0/mul_32s_32s_64_1_1_U4/add_ln22_7_reg_4509_reg[31]_i_1/O[7]
                         net (fo=4, routed)           0.365     7.950    bd_0_i/hls_inst/inst/k1_vertex_transform_U0/mul_32s_32s_64_1_1_U4/O171[31]
    SLICE_X16Y86         LUT6 (Prop_F6LUT_SLICEM_I2_O)
                                                      0.148     8.098 r  bd_0_i/hls_inst/inst/k1_vertex_transform_U0/mul_32s_32s_64_1_1_U4/and_ln22_9_reg_4524[0]_i_5/O
                         net (fo=1, routed)           0.112     8.210    bd_0_i/hls_inst/inst/k1_vertex_transform_U0/mul_32s_32s_64_1_1_U4/and_ln22_9_reg_4524[0]_i_5_n_0
    SLICE_X15Y86         LUT6 (Prop_D6LUT_SLICEL_I4_O)
                                                      0.147     8.357 r  bd_0_i/hls_inst/inst/k1_vertex_transform_U0/mul_32s_32s_64_1_1_U4/and_ln22_9_reg_4524[0]_i_1/O
                         net (fo=1, routed)           0.058     8.415    bd_0_i/hls_inst/inst/k1_vertex_transform_U0/and_ln22_9_fu_2265_p2
    SLICE_X15Y86         FDRE                                         r  bd_0_i/hls_inst/inst/k1_vertex_transform_U0/and_ln22_9_reg_4524_reg[0]/D
  -------------------------------------------------------------------    -------------------

                         (clock ap_clk rise edge)    10.000    10.000 r  
                                                      0.000    10.000 r  ap_clk (IN)
                         net (fo=39532, unset)        0.024    10.024    bd_0_i/hls_inst/inst/k1_vertex_transform_U0/ap_clk
    SLICE_X15Y86         FDRE                                         r  bd_0_i/hls_inst/inst/k1_vertex_transform_U0/and_ln22_9_reg_4524_reg[0]/C
                         clock pessimism              0.000    10.024    
                         clock uncertainty           -0.035     9.989    
    SLICE_X15Y86         FDRE (Setup_DFF_SLICEL_C_D)
                                                      0.027    10.016    bd_0_i/hls_inst/inst/k1_vertex_transform_U0/and_ln22_9_reg_4524_reg[0]
  -------------------------------------------------------------------
                         required time                         10.016    
                         arrival time                          -8.415    
  -------------------------------------------------------------------
                         slack                                  1.601    

Slack (MET) :             1.609ns  (required time - arrival time)
  Source:                 bd_0_i/hls_inst/inst/k1_vertex_transform_U0/ap_enable_reg_pp0_iter1_reg/C
                            (rising edge-triggered cell FDRE clocked by ap_clk  {rise@0.000ns fall@5.000ns period=10.000ns})
  Destination:            bd_0_i/hls_inst/inst/k1_vertex_transform_U0/and_ln21_10_reg_4417_reg[0]/D
                            (rising edge-triggered cell FDRE clocked by ap_clk  {rise@0.000ns fall@5.000ns period=10.000ns})
  Path Group:             ap_clk
  Path Type:              Setup (Max at Slow Process Corner)
  Requirement:            10.000ns  (ap_clk rise@10.000ns - ap_clk rise@0.000ns)
  Data Path Delay:        8.374ns  (logic 4.739ns (56.593%)  route 3.635ns (43.407%))
  Logic Levels:           21  (CARRY8=6 DSP_A_B_DATA=1 DSP_ALU=2 DSP_M_DATA=1 DSP_MULTIPLIER=1 DSP_OUTPUT=2 DSP_PREADD_DATA=1 LUT2=2 LUT4=1 LUT6=4)
  Clock Path Skew:        -0.009ns (DCD - SCD + CPR)
    Destination Clock Delay (DCD):    0.026ns = ( 10.026 - 10.000 ) 
    Source Clock Delay      (SCD):    0.035ns
    Clock Pessimism Removal (CPR):    0.000ns
  Clock Uncertainty:      0.035ns  ((TSJ^2 + TIJ^2)^1/2 + DJ) / 2 + PE
    Total System Jitter     (TSJ):    0.071ns
    Total Input Jitter      (TIJ):    0.000ns
    Discrete Jitter          (DJ):    0.000ns
    Phase Error              (PE):    0.000ns

    Location             Delay type                Incr(ns)  Path(ns)    Netlist Resource(s)
  -------------------------------------------------------------------    -------------------
                         (clock ap_clk rise edge)     0.000     0.000 r  
                                                      0.000     0.000 r  ap_clk (IN)
                         net (fo=39532, unset)        0.035     0.035    bd_0_i/hls_inst/inst/k1_vertex_transform_U0/ap_clk
    SLICE_X33Y100        FDRE                                         r  bd_0_i/hls_inst/inst/k1_vertex_transform_U0/ap_enable_reg_pp0_iter1_reg/C
  -------------------------------------------------------------------    -------------------
    SLICE_X33Y100        FDRE (Prop_CFF2_SLICEL_C_Q)
                                                      0.097     0.132 r  bd_0_i/hls_inst/inst/k1_vertex_transform_U0/ap_enable_reg_pp0_iter1_reg/Q
                         net (fo=156, routed)         1.051     1.183    bd_0_i/hls_inst/inst/k1_vertex_transform_U0/mul_32s_32s_64_1_1_U4/ap_enable_reg_pp0_iter1
    SLICE_X24Y69         LUT6 (Prop_E6LUT_SLICEM_I1_O)
                                                      0.177     1.360 f  bd_0_i/hls_inst/inst/k1_vertex_transform_U0/mul_32s_32s_64_1_1_U4/tmp_product_i_56__0/O
                         net (fo=1, routed)           0.167     1.527    bd_0_i/hls_inst/inst/k1_vertex_transform_U0/mul_32s_32s_64_1_1_U4/tmp_product_i_56__0_n_0
    SLICE_X24Y69         LUT6 (Prop_G6LUT_SLICEM_I0_O)
                                                      0.148     1.675 f  bd_0_i/hls_inst/inst/k1_vertex_transform_U0/mul_32s_32s_64_1_1_U4/tmp_product_i_25__1/O
                         net (fo=1, routed)           0.053     1.728    bd_0_i/hls_inst/inst/k1_vertex_transform_U0/mul_32s_32s_64_1_1_U4/tmp_product_i_25__1_n_0
    SLICE_X24Y69         LUT6 (Prop_F6LUT_SLICEM_I1_O)
                                                      0.113     1.841 f  bd_0_i/hls_inst/inst/k1_vertex_transform_U0/mul_32s_32s_64_1_1_U4/tmp_product_i_4__0/O
                         net (fo=2, routed)           0.449     2.291    bd_0_i/hls_inst/inst/k1_vertex_transform_U0/mul_32s_32s_64_1_1_U4/tmp_product__1/B[13]
    DSP48E2_X1Y30        DSP_A_B_DATA (Prop_DSP_A_B_DATA_DSP48E2_B[13]_B2_DATA[13])
                                                      0.195     2.486 r  bd_0_i/hls_inst/inst/k1_vertex_transform_U0/mul_32s_32s_64_1_1_U4/tmp_product__1/DSP_A_B_DATA_INST/B2_DATA[13]
                         net (fo=1, routed)           0.000     2.486    bd_0_i/hls_inst/inst/k1_vertex_transform_U0/mul_32s_32s_64_1_1_U4/tmp_product__1/DSP_A_B_DATA.B2_DATA<13>
    DSP48E2_X1Y30        DSP_PREADD_DATA (Prop_DSP_PREADD_DATA_DSP48E2_B2_DATA[13]_B2B1[13])
                                                      0.092     2.578 r  bd_0_i/hls_inst/inst/k1_vertex_transform_U0/mul_32s_32s_64_1_1_U4/tmp_product__1/DSP_PREADD_DATA_INST/B2B1[13]
                         net (fo=1, routed)           0.000     2.578    bd_0_i/hls_inst/inst/k1_vertex_transform_U0/mul_32s_32s_64_1_1_U4/tmp_product__1/DSP_PREADD_DATA.B2B1<13>
    DSP48E2_X1Y30        DSP_MULTIPLIER (Prop_DSP_MULTIPLIER_DSP48E2_B2B1[13]_U[42])
                                                      0.737     3.315 f  bd_0_i/hls_inst/inst/k1_vertex_transform_U0/mul_32s_32s_64_1_1_U4/tmp_product__1/DSP_MULTIPLIER_INST/U[42]
                         net (fo=1, routed)           0.000     3.315    bd_0_i/hls_inst/inst/k1_vertex_transform_U0/mul_32s_32s_64_1_1_U4/tmp_product__1/DSP_MULTIPLIER.U<42>
    DSP48E2_X1Y30        DSP_M_DATA (Prop_DSP_M_DATA_DSP48E2_U[42]_U_DATA[42])
                                                      0.059     3.374 r  bd_0_i/hls_inst/inst/k1_vertex_transform_U0/mul_32s_32s_64_1_1_U4/tmp_product__1/DSP_M_DATA_INST/U_DATA[42]
                         net (fo=1, routed)           0.000     3.374    bd_0_i/hls_inst/inst/k1_vertex_transform_U0/mul_32s_32s_64_1_1_U4/tmp_product__1/DSP_M_DATA.U_DATA<42>
    DSP48E2_X1Y30        DSP_ALU (Prop_DSP_ALU_DSP48E2_U_DATA[42]_ALU_OUT[47])
                                                      0.699     4.073 f  bd_0_i/hls_inst/inst/k1_vertex_transform_U0/mul_32s_32s_64_1_1_U4/tmp_product__1/DSP_ALU_INST/ALU_OUT[47]
                         net (fo=1, routed)           0.000     4.073    bd_0_i/hls_inst/inst/k1_vertex_transform_U0/mul_32s_32s_64_1_1_U4/tmp_product__1/DSP_ALU.ALU_OUT<47>
    DSP48E2_X1Y30        DSP_OUTPUT (Prop_DSP_OUTPUT_DSP48E2_ALU_OUT[47]_PCOUT[47])
                                                      0.159     4.232 r  bd_0_i/hls_inst/inst/k1_vertex_transform_U0/mul_32s_32s_64_1_1_U4/tmp_product__1/DSP_OUTPUT_INST/PCOUT[47]
                         net (fo=1, routed)           0.016     4.248    bd_0_i/hls_inst/inst/k1_vertex_transform_U0/mul_32s_32s_64_1_1_U4/tmp_product__2/PCIN[47]
    DSP48E2_X1Y31        DSP_ALU (Prop_DSP_ALU_DSP48E2_PCIN[47]_ALU_OUT[3])
                                                      0.698     4.946 f  bd_0_i/hls_inst/inst/k1_vertex_transform_U0/mul_32s_32s_64_1_1_U4/tmp_product__2/DSP_ALU_INST/ALU_OUT[3]
                         net (fo=1, routed)           0.000     4.946    bd_0_i/hls_inst/inst/k1_vertex_transform_U0/mul_32s_32s_64_1_1_U4/tmp_product__2/DSP_ALU.ALU_OUT<3>
    DSP48E2_X1Y31        DSP_OUTPUT (Prop_DSP_OUTPUT_DSP48E2_ALU_OUT[3]_P[3])
                                                      0.141     5.087 r  bd_0_i/hls_inst/inst/k1_vertex_transform_U0/mul_32s_32s_64_1_1_U4/tmp_product__2/DSP_OUTPUT_INST/P[3]
                         net (fo=2, routed)           0.357     5.444    bd_0_i/hls_inst/inst/k1_vertex_transform_U0/mul_32s_32s_64_1_1_U4/tmp_product__2_n_102
    SLICE_X20Y79         LUT2 (Prop_E6LUT_SLICEM_I0_O)
                                                      0.148     5.592 r  bd_0_i/hls_inst/inst/k1_vertex_transform_U0/mul_32s_32s_64_1_1_U4/tmp_product_carry_i_4__9/O
                         net (fo=1, routed)           0.015     5.607    bd_0_i/hls_inst/inst/k1_vertex_transform_U0/mul_32s_32s_64_1_1_U4/tmp_product_carry_i_4__9_n_0
    SLICE_X20Y79         CARRY8 (Prop_CARRY8_SLICEM_S[4]_CO[7])
                                                      0.198     5.805 r  bd_0_i/hls_inst/inst/k1_vertex_transform_U0/mul_32s_32s_64_1_1_U4/tmp_product_carry/CO[7]
                         net (fo=1, routed)           0.028     5.833    bd_0_i/hls_inst/inst/k1_vertex_transform_U0/mul_32s_32s_64_1_1_U4/tmp_product_carry_n_0
    SLICE_X20Y80         CARRY8 (Prop_CARRY8_SLICEM_CI_O[1])
                                                      0.111     5.944 r  bd_0_i/hls_inst/inst/k1_vertex_transform_U0/mul_32s_32s_64_1_1_U4/tmp_product_carry__0/O[1]
                         net (fo=9, routed)           0.261     6.205    bd_0_i/hls_inst/inst/k1_vertex_transform_U0/mul_32s_32s_64_1_1_U4/O176[9]
    SLICE_X21Y80         LUT2 (Prop_B6LUT_SLICEL_I1_O)
                                                      0.100     6.305 r  bd_0_i/hls_inst/inst/k1_vertex_transform_U0/mul_32s_32s_64_1_1_U4/add_ln21_7_reg_4396[15]_i_9/O
                         net (fo=1, routed)           0.010     6.315    bd_0_i/hls_inst/inst/k1_vertex_transform_U0/mul_32s_32s_64_1_1_U4/add_ln21_7_reg_4396[15]_i_9_n_0
    SLICE_X21Y80         CARRY8 (Prop_CARRY8_SLICEL_S[1]_CO[7])
                                                      0.233     6.548 r  bd_0_i/hls_inst/inst/k1_vertex_transform_U0/mul_32s_32s_64_1_1_U4/add_ln21_7_reg_4396_reg[15]_i_2/CO[7]
                         net (fo=1, routed)           0.028     6.576    bd_0_i/hls_inst/inst/k1_vertex_transform_U0/mul_32s_32s_64_1_1_U4/add_ln21_7_reg_4396_reg[15]_i_2_n_0
    SLICE_X21Y81         CARRY8 (Prop_CARRY8_SLICEL_CI_O[5])
                                                      0.145     6.721 r  bd_0_i/hls_inst/inst/k1_vertex_transform_U0/mul_32s_32s_64_1_1_U4/add_ln21_7_reg_4396_reg[23]_i_2/O[5]
                         net (fo=1, routed)           0.546     7.267    bd_0_i/hls_inst/inst/k1_vertex_transform_U0/mul_32s_32s_64_1_1_U4/trunc_ln21_3_fu_1350_p4__0[21]
    SLICE_X17Y84         CARRY8 (Prop_CARRY8_SLICEL_S[5]_CO[7])
                                                      0.197     7.464 r  bd_0_i/hls_inst/inst/k1_vertex_transform_U0/mul_32s_32s_64_1_1_U4/add_ln21_7_reg_4396_reg[23]_i_1/CO[7]
                         net (fo=1, routed)           0.028     7.492    bd_0_i/hls_inst/inst/k1_vertex_transform_U0/mul_32s_32s_64_1_1_U4/add_ln21_7_reg_4396_reg[23]_i_1_n_0
    SLICE_X17Y85         CARRY8 (Prop_CARRY8_SLICEL_CI_O[7])
                                                      0.153     7.645 r  bd_0_i/hls_inst/inst/k1_vertex_transform_U0/mul_32s_32s_64_1_1_U4/add_ln21_7_reg_4396_reg[31]_i_1/O[7]
                         net (fo=4, routed)           0.375     8.020    bd_0_i/hls_inst/inst/k1_vertex_transform_U0/mul_32s_32s_64_1_1_U4/D[31]
    SLICE_X19Y86         LUT6 (Prop_H6LUT_SLICEM_I4_O)
                                                      0.041     8.061 r  bd_0_i/hls_inst/inst/k1_vertex_transform_U0/mul_32s_32s_64_1_1_U4/and_ln21_10_reg_4417[0]_i_5/O
                         net (fo=1, routed)           0.168     8.229    bd_0_i/hls_inst/inst/k1_vertex_transform_U0/mul_32s_32s_64_1_1_U4/and_ln21_10_reg_4417[0]_i_5_n_0
    SLICE_X19Y89         LUT4 (Prop_D6LUT_SLICEM_I3_O)
                                                      0.098     8.327 r  bd_0_i/hls_inst/inst/k1_vertex_transform_U0/mul_32s_32s_64_1_1_U4/and_ln21_10_reg_4417[0]_i_1/O
                         net (fo=1, routed)           0.082     8.409    bd_0_i/hls_inst/inst/k1_vertex_transform_U0/and_ln21_10_fu_1504_p2
    SLICE_X19Y89         FDRE                                         r  bd_0_i/hls_inst/inst/k1_vertex_transform_U0/and_ln21_10_reg_4417_reg[0]/D
  -------------------------------------------------------------------    -------------------

                         (clock ap_clk rise edge)    10.000    10.000 r  
                                                      0.000    10.000 r  ap_clk (IN)
                         net (fo=39532, unset)        0.026    10.026    bd_0_i/hls_inst/inst/k1_vertex_transform_U0/ap_clk
    SLICE_X19Y89         FDRE                                         r  bd_0_i/hls_inst/inst/k1_vertex_transform_U0/and_ln21_10_reg_4417_reg[0]/C
                         clock pessimism              0.000    10.026    
                         clock uncertainty           -0.035     9.991    
    SLICE_X19Y89         FDRE (Setup_DFF_SLICEM_C_D)
                                                      0.027    10.018    bd_0_i/hls_inst/inst/k1_vertex_transform_U0/and_ln21_10_reg_4417_reg[0]
  -------------------------------------------------------------------
                         required time                         10.018    
                         arrival time                          -8.409    
  -------------------------------------------------------------------
                         slack                                  1.609    

Slack (MET) :             1.620ns  (required time - arrival time)
  Source:                 bd_0_i/hls_inst/inst/k1_vertex_transform_U0/ap_enable_reg_pp0_iter1_reg/C
                            (rising edge-triggered cell FDRE clocked by ap_clk  {rise@0.000ns fall@5.000ns period=10.000ns})
  Destination:            bd_0_i/hls_inst/inst/k1_vertex_transform_U0/and_ln23_9_reg_4632_reg[0]/D
                            (rising edge-triggered cell FDRE clocked by ap_clk  {rise@0.000ns fall@5.000ns period=10.000ns})
  Path Group:             ap_clk
  Path Type:              Setup (Max at Slow Process Corner)
  Requirement:            10.000ns  (ap_clk rise@10.000ns - ap_clk rise@0.000ns)
  Data Path Delay:        8.361ns  (logic 4.680ns (55.976%)  route 3.681ns (44.024%))
  Logic Levels:           21  (CARRY8=6 DSP_A_B_DATA=1 DSP_ALU=2 DSP_M_DATA=1 DSP_MULTIPLIER=1 DSP_OUTPUT=2 DSP_PREADD_DATA=1 LUT2=2 LUT6=5)
  Clock Path Skew:        -0.011ns (DCD - SCD + CPR)
    Destination Clock Delay (DCD):    0.024ns = ( 10.024 - 10.000 ) 
    Source Clock Delay      (SCD):    0.035ns
    Clock Pessimism Removal (CPR):    0.000ns
  Clock Uncertainty:      0.035ns  ((TSJ^2 + TIJ^2)^1/2 + DJ) / 2 + PE
    Total System Jitter     (TSJ):    0.071ns
    Total Input Jitter      (TIJ):    0.000ns
    Discrete Jitter          (DJ):    0.000ns
    Phase Error              (PE):    0.000ns

    Location             Delay type                Incr(ns)  Path(ns)    Netlist Resource(s)
  -------------------------------------------------------------------    -------------------
                         (clock ap_clk rise edge)     0.000     0.000 r  
                                                      0.000     0.000 r  ap_clk (IN)
                         net (fo=39532, unset)        0.035     0.035    bd_0_i/hls_inst/inst/k1_vertex_transform_U0/ap_clk
    SLICE_X33Y100        FDRE                                         r  bd_0_i/hls_inst/inst/k1_vertex_transform_U0/ap_enable_reg_pp0_iter1_reg/C
  -------------------------------------------------------------------    -------------------
    SLICE_X33Y100        FDRE (Prop_CFF2_SLICEL_C_Q)
                                                      0.097     0.132 r  bd_0_i/hls_inst/inst/k1_vertex_transform_U0/ap_enable_reg_pp0_iter1_reg/Q
                         net (fo=156, routed)         1.051     1.183    bd_0_i/hls_inst/inst/k1_vertex_transform_U0/mul_32s_32s_64_1_1_U4/ap_enable_reg_pp0_iter1
    SLICE_X24Y69         LUT6 (Prop_E6LUT_SLICEM_I1_O)
                                                      0.177     1.360 f  bd_0_i/hls_inst/inst/k1_vertex_transform_U0/mul_32s_32s_64_1_1_U4/tmp_product_i_56__0/O
                         net (fo=1, routed)           0.167     1.527    bd_0_i/hls_inst/inst/k1_vertex_transform_U0/mul_32s_32s_64_1_1_U4/tmp_product_i_56__0_n_0
    SLICE_X24Y69         LUT6 (Prop_G6LUT_SLICEM_I0_O)
                                                      0.148     1.675 f  bd_0_i/hls_inst/inst/k1_vertex_transform_U0/mul_32s_32s_64_1_1_U4/tmp_product_i_25__1/O
                         net (fo=1, routed)           0.053     1.728    bd_0_i/hls_inst/inst/k1_vertex_transform_U0/mul_32s_32s_64_1_1_U4/tmp_product_i_25__1_n_0
    SLICE_X24Y69         LUT6 (Prop_F6LUT_SLICEM_I1_O)
                                                      0.113     1.841 f  bd_0_i/hls_inst/inst/k1_vertex_transform_U0/mul_32s_32s_64_1_1_U4/tmp_product_i_4__0/O
                         net (fo=2, routed)           0.449     2.291    bd_0_i/hls_inst/inst/k1_vertex_transform_U0/mul_32s_32s_64_1_1_U4/tmp_product__1/B[13]
    DSP48E2_X1Y30        DSP_A_B_DATA (Prop_DSP_A_B_DATA_DSP48E2_B[13]_B2_DATA[13])
                                                      0.195     2.486 r  bd_0_i/hls_inst/inst/k1_vertex_transform_U0/mul_32s_32s_64_1_1_U4/tmp_product__1/DSP_A_B_DATA_INST/B2_DATA[13]
                         net (fo=1, routed)           0.000     2.486    bd_0_i/hls_inst/inst/k1_vertex_transform_U0/mul_32s_32s_64_1_1_U4/tmp_product__1/DSP_A_B_DATA.B2_DATA<13>
    DSP48E2_X1Y30        DSP_PREADD_DATA (Prop_DSP_PREADD_DATA_DSP48E2_B2_DATA[13]_B2B1[13])
                                                      0.092     2.578 r  bd_0_i/hls_inst/inst/k1_vertex_transform_U0/mul_32s_32s_64_1_1_U4/tmp_product__1/DSP_PREADD_DATA_INST/B2B1[13]
                         net (fo=1, routed)           0.000     2.578    bd_0_i/hls_inst/inst/k1_vertex_transform_U0/mul_32s_32s_64_1_1_U4/tmp_product__1/DSP_PREADD_DATA.B2B1<13>
    DSP48E2_X1Y30        DSP_MULTIPLIER (Prop_DSP_MULTIPLIER_DSP48E2_B2B1[13]_U[42])
                                                      0.737     3.315 f  bd_0_i/hls_inst/inst/k1_vertex_transform_U0/mul_32s_32s_64_1_1_U4/tmp_product__1/DSP_MULTIPLIER_INST/U[42]
                         net (fo=1, routed)           0.000     3.315    bd_0_i/hls_inst/inst/k1_vertex_transform_U0/mul_32s_32s_64_1_1_U4/tmp_product__1/DSP_MULTIPLIER.U<42>
    DSP48E2_X1Y30        DSP_M_DATA (Prop_DSP_M_DATA_DSP48E2_U[42]_U_DATA[42])
                                                      0.059     3.374 r  bd_0_i/hls_inst/inst/k1_vertex_transform_U0/mul_32s_32s_64_1_1_U4/tmp_product__1/DSP_M_DATA_INST/U_DATA[42]
                         net (fo=1, routed)           0.000     3.374    bd_0_i/hls_inst/inst/k1_vertex_transform_U0/mul_32s_32s_64_1_1_U4/tmp_product__1/DSP_M_DATA.U_DATA<42>
    DSP48E2_X1Y30        DSP_ALU (Prop_DSP_ALU_DSP48E2_U_DATA[42]_ALU_OUT[47])
                                                      0.699     4.073 f  bd_0_i/hls_inst/inst/k1_vertex_transform_U0/mul_32s_32s_64_1_1_U4/tmp_product__1/DSP_ALU_INST/ALU_OUT[47]
                         net (fo=1, routed)           0.000     4.073    bd_0_i/hls_inst/inst/k1_vertex_transform_U0/mul_32s_32s_64_1_1_U4/tmp_product__1/DSP_ALU.ALU_OUT<47>
    DSP48E2_X1Y30        DSP_OUTPUT (Prop_DSP_OUTPUT_DSP48E2_ALU_OUT[47]_PCOUT[47])
                                                      0.159     4.232 r  bd_0_i/hls_inst/inst/k1_vertex_transform_U0/mul_32s_32s_64_1_1_U4/tmp_product__1/DSP_OUTPUT_INST/PCOUT[47]
                         net (fo=1, routed)           0.016     4.248    bd_0_i/hls_inst/inst/k1_vertex_transform_U0/mul_32s_32s_64_1_1_U4/tmp_product__2/PCIN[47]
    DSP48E2_X1Y31        DSP_ALU (Prop_DSP_ALU_DSP48E2_PCIN[47]_ALU_OUT[3])
                                                      0.698     4.946 f  bd_0_i/hls_inst/inst/k1_vertex_transform_U0/mul_32s_32s_64_1_1_U4/tmp_product__2/DSP_ALU_INST/ALU_OUT[3]
                         net (fo=1, routed)           0.000     4.946    bd_0_i/hls_inst/inst/k1_vertex_transform_U0/mul_32s_32s_64_1_1_U4/tmp_product__2/DSP_ALU.ALU_OUT<3>
    DSP48E2_X1Y31        DSP_OUTPUT (Prop_DSP_OUTPUT_DSP48E2_ALU_OUT[3]_P[3])
                                                      0.141     5.087 r  bd_0_i/hls_inst/inst/k1_vertex_transform_U0/mul_32s_32s_64_1_1_U4/tmp_product__2/DSP_OUTPUT_INST/P[3]
                         net (fo=2, routed)           0.357     5.444    bd_0_i/hls_inst/inst/k1_vertex_transform_U0/mul_32s_32s_64_1_1_U4/tmp_product__2_n_102
    SLICE_X20Y79         LUT2 (Prop_E6LUT_SLICEM_I0_O)
                                                      0.148     5.592 r  bd_0_i/hls_inst/inst/k1_vertex_transform_U0/mul_32s_32s_64_1_1_U4/tmp_product_carry_i_4__9/O
                         net (fo=1, routed)           0.015     5.607    bd_0_i/hls_inst/inst/k1_vertex_transform_U0/mul_32s_32s_64_1_1_U4/tmp_product_carry_i_4__9_n_0
    SLICE_X20Y79         CARRY8 (Prop_CARRY8_SLICEM_S[4]_CO[7])
                                                      0.198     5.805 r  bd_0_i/hls_inst/inst/k1_vertex_transform_U0/mul_32s_32s_64_1_1_U4/tmp_product_carry/CO[7]
                         net (fo=1, routed)           0.028     5.833    bd_0_i/hls_inst/inst/k1_vertex_transform_U0/mul_32s_32s_64_1_1_U4/tmp_product_carry_n_0
    SLICE_X20Y80         CARRY8 (Prop_CARRY8_SLICEM_CI_O[3])
                                                      0.118     5.951 r  bd_0_i/hls_inst/inst/k1_vertex_transform_U0/mul_32s_32s_64_1_1_U4/tmp_product_carry__0/O[3]
                         net (fo=9, routed)           0.490     6.441    bd_0_i/hls_inst/inst/k1_vertex_transform_U0/mul_32s_32s_64_1_1_U4/O176[11]
    SLICE_X16Y79         LUT2 (Prop_D6LUT_SLICEM_I1_O)
                                                      0.098     6.539 r  bd_0_i/hls_inst/inst/k1_vertex_transform_U0/mul_32s_32s_64_1_1_U4/add_ln23_7_reg_4617[15]_i_7/O
                         net (fo=1, routed)           0.026     6.565    bd_0_i/hls_inst/inst/k1_vertex_transform_U0/mul_32s_32s_64_1_1_U4/add_ln23_7_reg_4617[15]_i_7_n_0
    SLICE_X16Y79         CARRY8 (Prop_CARRY8_SLICEM_S[3]_CO[7])
                                                      0.206     6.771 r  bd_0_i/hls_inst/inst/k1_vertex_transform_U0/mul_32s_32s_64_1_1_U4/add_ln23_7_reg_4617_reg[15]_i_2/CO[7]
                         net (fo=1, routed)           0.028     6.799    bd_0_i/hls_inst/inst/k1_vertex_transform_U0/mul_32s_32s_64_1_1_U4/add_ln23_7_reg_4617_reg[15]_i_2_n_0
    SLICE_X16Y80         CARRY8 (Prop_CARRY8_SLICEM_CI_O[5])
                                                      0.145     6.944 r  bd_0_i/hls_inst/inst/k1_vertex_transform_U0/mul_32s_32s_64_1_1_U4/add_ln23_7_reg_4617_reg[23]_i_2/O[5]
                         net (fo=1, routed)           0.423     7.367    bd_0_i/hls_inst/inst/k1_vertex_transform_U0/mul_32s_32s_64_1_1_U4/trunc_ln23_3_fu_2880_p4__0[21]
    SLICE_X15Y79         CARRY8 (Prop_CARRY8_SLICEL_S[5]_CO[7])
                                                      0.197     7.564 r  bd_0_i/hls_inst/inst/k1_vertex_transform_U0/mul_32s_32s_64_1_1_U4/add_ln23_7_reg_4617_reg[23]_i_1/CO[7]
                         net (fo=1, routed)           0.028     7.592    bd_0_i/hls_inst/inst/k1_vertex_transform_U0/mul_32s_32s_64_1_1_U4/add_ln23_7_reg_4617_reg[23]_i_1_n_0
    SLICE_X15Y80         CARRY8 (Prop_CARRY8_SLICEL_CI_O[7])
                                                      0.153     7.745 r  bd_0_i/hls_inst/inst/k1_vertex_transform_U0/mul_32s_32s_64_1_1_U4/add_ln23_7_reg_4617_reg[31]_i_1/O[7]
                         net (fo=4, routed)           0.343     8.088    bd_0_i/hls_inst/inst/k1_vertex_transform_U0/mul_32s_32s_64_1_1_U4/O173[31]
    SLICE_X15Y84         LUT6 (Prop_F6LUT_SLICEL_I2_O)
                                                      0.039     8.127 r  bd_0_i/hls_inst/inst/k1_vertex_transform_U0/mul_32s_32s_64_1_1_U4/and_ln23_9_reg_4632[0]_i_5/O
                         net (fo=1, routed)           0.148     8.275    bd_0_i/hls_inst/inst/k1_vertex_transform_U0/mul_32s_32s_64_1_1_U4/and_ln23_9_reg_4632[0]_i_5_n_0
    SLICE_X15Y85         LUT6 (Prop_D6LUT_SLICEL_I4_O)
                                                      0.063     8.338 r  bd_0_i/hls_inst/inst/k1_vertex_transform_U0/mul_32s_32s_64_1_1_U4/and_ln23_9_reg_4632[0]_i_1/O
                         net (fo=1, routed)           0.058     8.396    bd_0_i/hls_inst/inst/k1_vertex_transform_U0/and_ln23_9_fu_3028_p2
    SLICE_X15Y85         FDRE                                         r  bd_0_i/hls_inst/inst/k1_vertex_transform_U0/and_ln23_9_reg_4632_reg[0]/D
  -------------------------------------------------------------------    -------------------

                         (clock ap_clk rise edge)    10.000    10.000 r  
                                                      0.000    10.000 r  ap_clk (IN)
                         net (fo=39532, unset)        0.024    10.024    bd_0_i/hls_inst/inst/k1_vertex_transform_U0/ap_clk
    SLICE_X15Y85         FDRE                                         r  bd_0_i/hls_inst/inst/k1_vertex_transform_U0/and_ln23_9_reg_4632_reg[0]/C
                         clock pessimism              0.000    10.024    
                         clock uncertainty           -0.035     9.989    
    SLICE_X15Y85         FDRE (Setup_DFF_SLICEL_C_D)
                                                      0.027    10.016    bd_0_i/hls_inst/inst/k1_vertex_transform_U0/and_ln23_9_reg_4632_reg[0]
  -------------------------------------------------------------------
                         required time                         10.016    
                         arrival time                          -8.396    
  -------------------------------------------------------------------
                         slack                                  1.620    

Slack (MET) :             1.642ns  (required time - arrival time)
  Source:                 bd_0_i/hls_inst/inst/k1_vertex_transform_U0/ap_enable_reg_pp0_iter1_reg/C
                            (rising edge-triggered cell FDRE clocked by ap_clk  {rise@0.000ns fall@5.000ns period=10.000ns})
  Destination:            bd_0_i/hls_inst/inst/k1_vertex_transform_U0/and_ln24_10_reg_4746_reg[0]/D
                            (rising edge-triggered cell FDRE clocked by ap_clk  {rise@0.000ns fall@5.000ns period=10.000ns})
  Path Group:             ap_clk
  Path Type:              Setup (Max at Slow Process Corner)
  Requirement:            10.000ns  (ap_clk rise@10.000ns - ap_clk rise@0.000ns)
  Data Path Delay:        8.340ns  (logic 4.633ns (55.550%)  route 3.707ns (44.450%))
  Logic Levels:           21  (CARRY8=6 DSP_A_B_DATA=1 DSP_ALU=2 DSP_M_DATA=1 DSP_MULTIPLIER=1 DSP_OUTPUT=2 DSP_PREADD_DATA=1 LUT2=2 LUT4=1 LUT6=4)
  Clock Path Skew:        -0.009ns (DCD - SCD + CPR)
    Destination Clock Delay (DCD):    0.026ns = ( 10.026 - 10.000 ) 
    Source Clock Delay      (SCD):    0.035ns
    Clock Pessimism Removal (CPR):    0.000ns
  Clock Uncertainty:      0.035ns  ((TSJ^2 + TIJ^2)^1/2 + DJ) / 2 + PE
    Total System Jitter     (TSJ):    0.071ns
    Total Input Jitter      (TIJ):    0.000ns
    Discrete Jitter          (DJ):    0.000ns
    Phase Error              (PE):    0.000ns

    Location             Delay type                Incr(ns)  Path(ns)    Netlist Resource(s)
  -------------------------------------------------------------------    -------------------
                         (clock ap_clk rise edge)     0.000     0.000 r  
                                                      0.000     0.000 r  ap_clk (IN)
                         net (fo=39532, unset)        0.035     0.035    bd_0_i/hls_inst/inst/k1_vertex_transform_U0/ap_clk
    SLICE_X33Y100        FDRE                                         r  bd_0_i/hls_inst/inst/k1_vertex_transform_U0/ap_enable_reg_pp0_iter1_reg/C
  -------------------------------------------------------------------    -------------------
    SLICE_X33Y100        FDRE (Prop_CFF2_SLICEL_C_Q)
                                                      0.097     0.132 r  bd_0_i/hls_inst/inst/k1_vertex_transform_U0/ap_enable_reg_pp0_iter1_reg/Q
                         net (fo=156, routed)         1.051     1.183    bd_0_i/hls_inst/inst/k1_vertex_transform_U0/mul_32s_32s_64_1_1_U4/ap_enable_reg_pp0_iter1
    SLICE_X24Y69         LUT6 (Prop_E6LUT_SLICEM_I1_O)
                                                      0.177     1.360 f  bd_0_i/hls_inst/inst/k1_vertex_transform_U0/mul_32s_32s_64_1_1_U4/tmp_product_i_56__0/O
                         net (fo=1, routed)           0.167     1.527    bd_0_i/hls_inst/inst/k1_vertex_transform_U0/mul_32s_32s_64_1_1_U4/tmp_product_i_56__0_n_0
    SLICE_X24Y69         LUT6 (Prop_G6LUT_SLICEM_I0_O)
                                                      0.148     1.675 f  bd_0_i/hls_inst/inst/k1_vertex_transform_U0/mul_32s_32s_64_1_1_U4/tmp_product_i_25__1/O
                         net (fo=1, routed)           0.053     1.728    bd_0_i/hls_inst/inst/k1_vertex_transform_U0/mul_32s_32s_64_1_1_U4/tmp_product_i_25__1_n_0
    SLICE_X24Y69         LUT6 (Prop_F6LUT_SLICEM_I1_O)
                                                      0.113     1.841 f  bd_0_i/hls_inst/inst/k1_vertex_transform_U0/mul_32s_32s_64_1_1_U4/tmp_product_i_4__0/O
                         net (fo=2, routed)           0.449     2.291    bd_0_i/hls_inst/inst/k1_vertex_transform_U0/mul_32s_32s_64_1_1_U4/tmp_product__1/B[13]
    DSP48E2_X1Y30        DSP_A_B_DATA (Prop_DSP_A_B_DATA_DSP48E2_B[13]_B2_DATA[13])
                                                      0.195     2.486 r  bd_0_i/hls_inst/inst/k1_vertex_transform_U0/mul_32s_32s_64_1_1_U4/tmp_product__1/DSP_A_B_DATA_INST/B2_DATA[13]
                         net (fo=1, routed)           0.000     2.486    bd_0_i/hls_inst/inst/k1_vertex_transform_U0/mul_32s_32s_64_1_1_U4/tmp_product__1/DSP_A_B_DATA.B2_DATA<13>
    DSP48E2_X1Y30        DSP_PREADD_DATA (Prop_DSP_PREADD_DATA_DSP48E2_B2_DATA[13]_B2B1[13])
                                                      0.092     2.578 r  bd_0_i/hls_inst/inst/k1_vertex_transform_U0/mul_32s_32s_64_1_1_U4/tmp_product__1/DSP_PREADD_DATA_INST/B2B1[13]
                         net (fo=1, routed)           0.000     2.578    bd_0_i/hls_inst/inst/k1_vertex_transform_U0/mul_32s_32s_64_1_1_U4/tmp_product__1/DSP_PREADD_DATA.B2B1<13>
    DSP48E2_X1Y30        DSP_MULTIPLIER (Prop_DSP_MULTIPLIER_DSP48E2_B2B1[13]_U[42])
                                                      0.737     3.315 f  bd_0_i/hls_inst/inst/k1_vertex_transform_U0/mul_32s_32s_64_1_1_U4/tmp_product__1/DSP_MULTIPLIER_INST/U[42]
                         net (fo=1, routed)           0.000     3.315    bd_0_i/hls_inst/inst/k1_vertex_transform_U0/mul_32s_32s_64_1_1_U4/tmp_product__1/DSP_MULTIPLIER.U<42>
    DSP48E2_X1Y30        DSP_M_DATA (Prop_DSP_M_DATA_DSP48E2_U[42]_U_DATA[42])
                                                      0.059     3.374 r  bd_0_i/hls_inst/inst/k1_vertex_transform_U0/mul_32s_32s_64_1_1_U4/tmp_product__1/DSP_M_DATA_INST/U_DATA[42]
                         net (fo=1, routed)           0.000     3.374    bd_0_i/hls_inst/inst/k1_vertex_transform_U0/mul_32s_32s_64_1_1_U4/tmp_product__1/DSP_M_DATA.U_DATA<42>
    DSP48E2_X1Y30        DSP_ALU (Prop_DSP_ALU_DSP48E2_U_DATA[42]_ALU_OUT[47])
                                                      0.699     4.073 f  bd_0_i/hls_inst/inst/k1_vertex_transform_U0/mul_32s_32s_64_1_1_U4/tmp_product__1/DSP_ALU_INST/ALU_OUT[47]
                         net (fo=1, routed)           0.000     4.073    bd_0_i/hls_inst/inst/k1_vertex_transform_U0/mul_32s_32s_64_1_1_U4/tmp_product__1/DSP_ALU.ALU_OUT<47>
    DSP48E2_X1Y30        DSP_OUTPUT (Prop_DSP_OUTPUT_DSP48E2_ALU_OUT[47]_PCOUT[47])
                                                      0.159     4.232 r  bd_0_i/hls_inst/inst/k1_vertex_transform_U0/mul_32s_32s_64_1_1_U4/tmp_product__1/DSP_OUTPUT_INST/PCOUT[47]
                         net (fo=1, routed)           0.016     4.248    bd_0_i/hls_inst/inst/k1_vertex_transform_U0/mul_32s_32s_64_1_1_U4/tmp_product__2/PCIN[47]
    DSP48E2_X1Y31        DSP_ALU (Prop_DSP_ALU_DSP48E2_PCIN[47]_ALU_OUT[3])
                                                      0.698     4.946 f  bd_0_i/hls_inst/inst/k1_vertex_transform_U0/mul_32s_32s_64_1_1_U4/tmp_product__2/DSP_ALU_INST/ALU_OUT[3]
                         net (fo=1, routed)           0.000     4.946    bd_0_i/hls_inst/inst/k1_vertex_transform_U0/mul_32s_32s_64_1_1_U4/tmp_product__2/DSP_ALU.ALU_OUT<3>
    DSP48E2_X1Y31        DSP_OUTPUT (Prop_DSP_OUTPUT_DSP48E2_ALU_OUT[3]_P[3])
                                                      0.141     5.087 r  bd_0_i/hls_inst/inst/k1_vertex_transform_U0/mul_32s_32s_64_1_1_U4/tmp_product__2/DSP_OUTPUT_INST/P[3]
                         net (fo=2, routed)           0.357     5.444    bd_0_i/hls_inst/inst/k1_vertex_transform_U0/mul_32s_32s_64_1_1_U4/tmp_product__2_n_102
    SLICE_X20Y79         LUT2 (Prop_E6LUT_SLICEM_I0_O)
                                                      0.148     5.592 r  bd_0_i/hls_inst/inst/k1_vertex_transform_U0/mul_32s_32s_64_1_1_U4/tmp_product_carry_i_4__9/O
                         net (fo=1, routed)           0.015     5.607    bd_0_i/hls_inst/inst/k1_vertex_transform_U0/mul_32s_32s_64_1_1_U4/tmp_product_carry_i_4__9_n_0
    SLICE_X20Y79         CARRY8 (Prop_CARRY8_SLICEM_S[4]_CO[7])
                                                      0.198     5.805 r  bd_0_i/hls_inst/inst/k1_vertex_transform_U0/mul_32s_32s_64_1_1_U4/tmp_product_carry/CO[7]
                         net (fo=1, routed)           0.028     5.833    bd_0_i/hls_inst/inst/k1_vertex_transform_U0/mul_32s_32s_64_1_1_U4/tmp_product_carry_n_0
    SLICE_X20Y80         CARRY8 (Prop_CARRY8_SLICEM_CI_O[0])
                                                      0.086     5.919 r  bd_0_i/hls_inst/inst/k1_vertex_transform_U0/mul_32s_32s_64_1_1_U4/tmp_product_carry__0/O[0]
                         net (fo=9, routed)           0.602     6.522    bd_0_i/hls_inst/inst/k1_vertex_transform_U0/mul_32s_32s_64_1_1_U4/O176[8]
    SLICE_X17Y76         LUT2 (Prop_A6LUT_SLICEL_I1_O)
                                                      0.064     6.586 r  bd_0_i/hls_inst/inst/k1_vertex_transform_U0/mul_32s_32s_64_1_1_U4/add_ln24_7_reg_4725[15]_i_10/O
                         net (fo=1, routed)           0.011     6.597    bd_0_i/hls_inst/inst/k1_vertex_transform_U0/mul_32s_32s_64_1_1_U4/add_ln24_7_reg_4725[15]_i_10_n_0
    SLICE_X17Y76         CARRY8 (Prop_CARRY8_SLICEL_S[0]_CO[7])
                                                      0.238     6.835 r  bd_0_i/hls_inst/inst/k1_vertex_transform_U0/mul_32s_32s_64_1_1_U4/add_ln24_7_reg_4725_reg[15]_i_2/CO[7]
                         net (fo=1, routed)           0.028     6.863    bd_0_i/hls_inst/inst/k1_vertex_transform_U0/mul_32s_32s_64_1_1_U4/add_ln24_7_reg_4725_reg[15]_i_2_n_0
    SLICE_X17Y77         CARRY8 (Prop_CARRY8_SLICEL_CI_O[1])
                                                      0.097     6.960 r  bd_0_i/hls_inst/inst/k1_vertex_transform_U0/mul_32s_32s_64_1_1_U4/add_ln24_7_reg_4725_reg[23]_i_2/O[1]
                         net (fo=1, routed)           0.462     7.422    bd_0_i/hls_inst/inst/k1_vertex_transform_U0/mul_32s_32s_64_1_1_U4/trunc_ln24_3_fu_3643_p4__0[17]
    SLICE_X18Y76         CARRY8 (Prop_CARRY8_SLICEL_S[1]_CO[7])
                                                      0.233     7.655 r  bd_0_i/hls_inst/inst/k1_vertex_transform_U0/mul_32s_32s_64_1_1_U4/add_ln24_7_reg_4725_reg[23]_i_1/CO[7]
                         net (fo=1, routed)           0.028     7.683    bd_0_i/hls_inst/inst/k1_vertex_transform_U0/mul_32s_32s_64_1_1_U4/add_ln24_7_reg_4725_reg[23]_i_1_n_0
    SLICE_X18Y77         CARRY8 (Prop_CARRY8_SLICEL_CI_O[7])
                                                      0.153     7.836 r  bd_0_i/hls_inst/inst/k1_vertex_transform_U0/mul_32s_32s_64_1_1_U4/add_ln24_7_reg_4725_reg[31]_i_1/O[7]
                         net (fo=4, routed)           0.263     8.098    bd_0_i/hls_inst/inst/k1_vertex_transform_U0/mul_32s_32s_64_1_1_U4/O175[31]
    SLICE_X19Y77         LUT6 (Prop_G6LUT_SLICEM_I4_O)
                                                      0.039     8.137 r  bd_0_i/hls_inst/inst/k1_vertex_transform_U0/mul_32s_32s_64_1_1_U4/and_ln24_10_reg_4746[0]_i_5/O
                         net (fo=1, routed)           0.099     8.236    bd_0_i/hls_inst/inst/k1_vertex_transform_U0/mul_32s_32s_64_1_1_U4/and_ln24_10_reg_4746[0]_i_5_n_0
    SLICE_X19Y76         LUT4 (Prop_C6LUT_SLICEM_I3_O)
                                                      0.062     8.298 r  bd_0_i/hls_inst/inst/k1_vertex_transform_U0/mul_32s_32s_64_1_1_U4/and_ln24_10_reg_4746[0]_i_1/O
                         net (fo=1, routed)           0.077     8.375    bd_0_i/hls_inst/inst/k1_vertex_transform_U0/and_ln24_10_fu_3797_p2
    SLICE_X19Y76         FDRE                                         r  bd_0_i/hls_inst/inst/k1_vertex_transform_U0/and_ln24_10_reg_4746_reg[0]/D
  -------------------------------------------------------------------    -------------------

                         (clock ap_clk rise edge)    10.000    10.000 r  
                                                      0.000    10.000 r  ap_clk (IN)
                         net (fo=39532, unset)        0.026    10.026    bd_0_i/hls_inst/inst/k1_vertex_transform_U0/ap_clk
    SLICE_X19Y76         FDRE                                         r  bd_0_i/hls_inst/inst/k1_vertex_transform_U0/and_ln24_10_reg_4746_reg[0]/C
                         clock pessimism              0.000    10.026    
                         clock uncertainty           -0.035     9.991    
    SLICE_X19Y76         FDRE (Setup_CFF_SLICEM_C_D)
                                                      0.027    10.018    bd_0_i/hls_inst/inst/k1_vertex_transform_U0/and_ln24_10_reg_4746_reg[0]
  -------------------------------------------------------------------
                         required time                         10.018    
                         arrival time                          -8.375    
  -------------------------------------------------------------------
                         slack                                  1.642    

Slack (MET) :             1.678ns  (required time - arrival time)
  Source:                 bd_0_i/hls_inst/inst/k4_rasterize_U0/grp_k4_rasterize_Pipeline_VITIS_LOOP_164_4_VITIS_LOOP_165_5_fu_520/tmp_24_reg_2961_reg[0]/C
                            (rising edge-triggered cell FDRE clocked by ap_clk  {rise@0.000ns fall@5.000ns period=10.000ns})
  Destination:            bd_0_i/hls_inst/inst/k4_rasterize_U0/grp_k4_rasterize_Pipeline_VITIS_LOOP_164_4_VITIS_LOOP_165_5_fu_520/add_ln177_reg_3137_reg[63]/D
                            (rising edge-triggered cell FDRE clocked by ap_clk  {rise@0.000ns fall@5.000ns period=10.000ns})
  Path Group:             ap_clk
  Path Type:              Setup (Max at Slow Process Corner)
  Requirement:            10.000ns  (ap_clk rise@10.000ns - ap_clk rise@0.000ns)
  Data Path Delay:        8.301ns  (logic 4.269ns (51.425%)  route 4.032ns (48.575%))
  Logic Levels:           18  (CARRY8=4 DSP_A_B_DATA=1 DSP_ALU=2 DSP_M_DATA=1 DSP_MULTIPLIER=1 DSP_OUTPUT=2 DSP_PREADD_DATA=1 LUT2=2 LUT3=1 LUT6=3)
  Clock Path Skew:        -0.012ns (DCD - SCD + CPR)
    Destination Clock Delay (DCD):    0.025ns = ( 10.025 - 10.000 ) 
    Source Clock Delay      (SCD):    0.037ns
    Clock Pessimism Removal (CPR):    0.000ns
  Clock Uncertainty:      0.035ns  ((TSJ^2 + TIJ^2)^1/2 + DJ) / 2 + PE
    Total System Jitter     (TSJ):    0.071ns
    Total Input Jitter      (TIJ):    0.000ns
    Discrete Jitter          (DJ):    0.000ns
    Phase Error              (PE):    0.000ns

    Location             Delay type                Incr(ns)  Path(ns)    Netlist Resource(s)
  -------------------------------------------------------------------    -------------------
                         (clock ap_clk rise edge)     0.000     0.000 r  
                                                      0.000     0.000 r  ap_clk (IN)
                         net (fo=39532, unset)        0.037     0.037    bd_0_i/hls_inst/inst/k4_rasterize_U0/grp_k4_rasterize_Pipeline_VITIS_LOOP_164_4_VITIS_LOOP_165_5_fu_520/ap_clk
    SLICE_X4Y109         FDRE                                         r  bd_0_i/hls_inst/inst/k4_rasterize_U0/grp_k4_rasterize_Pipeline_VITIS_LOOP_164_4_VITIS_LOOP_165_5_fu_520/tmp_24_reg_2961_reg[0]/C
  -------------------------------------------------------------------    -------------------
    SLICE_X4Y109         FDRE (Prop_HFF_SLICEM_C_Q)
                                                      0.096     0.133 f  bd_0_i/hls_inst/inst/k4_rasterize_U0/grp_k4_rasterize_Pipeline_VITIS_LOOP_164_4_VITIS_LOOP_165_5_fu_520/tmp_24_reg_2961_reg[0]/Q
                         net (fo=4, routed)           0.372     0.505    bd_0_i/hls_inst/inst/k4_rasterize_U0/grp_k4_rasterize_Pipeline_VITIS_LOOP_164_4_VITIS_LOOP_165_5_fu_520/mul_32ns_32s_63_1_1_U150/tmp_24_reg_2961
    SLICE_X3Y102         LUT6 (Prop_H6LUT_SLICEL_I0_O)
                                                      0.149     0.654 f  bd_0_i/hls_inst/inst/k4_rasterize_U0/grp_k4_rasterize_Pipeline_VITIS_LOOP_164_4_VITIS_LOOP_165_5_fu_520/mul_32ns_32s_63_1_1_U150/tmp_39_reg_3115[0]_i_3/O
                         net (fo=1, routed)           0.099     0.753    bd_0_i/hls_inst/inst/k4_rasterize_U0/grp_k4_rasterize_Pipeline_VITIS_LOOP_164_4_VITIS_LOOP_165_5_fu_520/mul_32ns_32s_63_1_1_U150/tmp_39_reg_3115[0]_i_3_n_0
    SLICE_X3Y101         LUT6 (Prop_G6LUT_SLICEL_I0_O)
                                                      0.063     0.816 f  bd_0_i/hls_inst/inst/k4_rasterize_U0/grp_k4_rasterize_Pipeline_VITIS_LOOP_164_4_VITIS_LOOP_165_5_fu_520/mul_32ns_32s_63_1_1_U150/tmp_39_reg_3115[0]_i_2/O
                         net (fo=33, routed)          0.063     0.879    bd_0_i/hls_inst/inst/k4_rasterize_U0/grp_k4_rasterize_Pipeline_VITIS_LOOP_164_4_VITIS_LOOP_165_5_fu_520/mul_32ns_32s_63_1_1_U150/tmp_39_reg_3115[0]_i_2_n_0
    SLICE_X3Y101         LUT6 (Prop_F6LUT_SLICEL_I5_O)
                                                      0.114     0.993 r  bd_0_i/hls_inst/inst/k4_rasterize_U0/grp_k4_rasterize_Pipeline_VITIS_LOOP_164_4_VITIS_LOOP_165_5_fu_520/mul_32ns_32s_63_1_1_U150/tmp_product_i_35__4/O
                         net (fo=31, routed)          0.422     1.415    bd_0_i/hls_inst/inst/k4_rasterize_U0/grp_k4_rasterize_Pipeline_VITIS_LOOP_164_4_VITIS_LOOP_165_5_fu_520/mul_32ns_32s_63_1_1_U150/tmp_product_i_35__4_n_0
    SLICE_X6Y99          LUT3 (Prop_B6LUT_SLICEL_I0_O)
                                                      0.177     1.592 f  bd_0_i/hls_inst/inst/k4_rasterize_U0/grp_k4_rasterize_Pipeline_VITIS_LOOP_164_4_VITIS_LOOP_165_5_fu_520/mul_32ns_32s_63_1_1_U150/tmp_product_i_11__4/O
                         net (fo=8, routed)           2.061     3.652    bd_0_i/hls_inst/inst/k4_rasterize_U0/grp_k4_rasterize_Pipeline_VITIS_LOOP_164_4_VITIS_LOOP_165_5_fu_520/mul_32ns_32s_63_1_1_U147/tmp_product/B[4]
    DSP48E2_X1Y16        DSP_A_B_DATA (Prop_DSP_A_B_DATA_DSP48E2_B[4]_B2_DATA[4])
                                                      0.195     3.847 r  bd_0_i/hls_inst/inst/k4_rasterize_U0/grp_k4_rasterize_Pipeline_VITIS_LOOP_164_4_VITIS_LOOP_165_5_fu_520/mul_32ns_32s_63_1_1_U147/tmp_product/DSP_A_B_DATA_INST/B2_DATA[4]
                         net (fo=1, routed)           0.000     3.847    bd_0_i/hls_inst/inst/k4_rasterize_U0/grp_k4_rasterize_Pipeline_VITIS_LOOP_164_4_VITIS_LOOP_165_5_fu_520/mul_32ns_32s_63_1_1_U147/tmp_product/DSP_A_B_DATA.B2_DATA<4>
    DSP48E2_X1Y16        DSP_PREADD_DATA (Prop_DSP_PREADD_DATA_DSP48E2_B2_DATA[4]_B2B1[4])
                                                      0.092     3.939 r  bd_0_i/hls_inst/inst/k4_rasterize_U0/grp_k4_rasterize_Pipeline_VITIS_LOOP_164_4_VITIS_LOOP_165_5_fu_520/mul_32ns_32s_63_1_1_U147/tmp_product/DSP_PREADD_DATA_INST/B2B1[4]
                         net (fo=1, routed)           0.000     3.939    bd_0_i/hls_inst/inst/k4_rasterize_U0/grp_k4_rasterize_Pipeline_VITIS_LOOP_164_4_VITIS_LOOP_165_5_fu_520/mul_32ns_32s_63_1_1_U147/tmp_product/DSP_PREADD_DATA.B2B1<4>
    DSP48E2_X1Y16        DSP_MULTIPLIER (Prop_DSP_MULTIPLIER_DSP48E2_B2B1[4]_U[35])
                                                      0.737     4.676 f  bd_0_i/hls_inst/inst/k4_rasterize_U0/grp_k4_rasterize_Pipeline_VITIS_LOOP_164_4_VITIS_LOOP_165_5_fu_520/mul_32ns_32s_63_1_1_U147/tmp_product/DSP_MULTIPLIER_INST/U[35]
                         net (fo=1, routed)           0.000     4.676    bd_0_i/hls_inst/inst/k4_rasterize_U0/grp_k4_rasterize_Pipeline_VITIS_LOOP_164_4_VITIS_LOOP_165_5_fu_520/mul_32ns_32s_63_1_1_U147/tmp_product/DSP_MULTIPLIER.U<35>
    DSP48E2_X1Y16        DSP_M_DATA (Prop_DSP_M_DATA_DSP48E2_U[35]_U_DATA[35])
                                                      0.059     4.735 r  bd_0_i/hls_inst/inst/k4_rasterize_U0/grp_k4_rasterize_Pipeline_VITIS_LOOP_164_4_VITIS_LOOP_165_5_fu_520/mul_32ns_32s_63_1_1_U147/tmp_product/DSP_M_DATA_INST/U_DATA[35]
                         net (fo=1, routed)           0.000     4.735    bd_0_i/hls_inst/inst/k4_rasterize_U0/grp_k4_rasterize_Pipeline_VITIS_LOOP_164_4_VITIS_LOOP_165_5_fu_520/mul_32ns_32s_63_1_1_U147/tmp_product/DSP_M_DATA.U_DATA<35>
    DSP48E2_X1Y16        DSP_ALU (Prop_DSP_ALU_DSP48E2_U_DATA[35]_ALU_OUT[47])
                                                      0.699     5.434 f  bd_0_i/hls_inst/inst/k4_rasterize_U0/grp_k4_rasterize_Pipeline_VITIS_LOOP_164_4_VITIS_LOOP_165_5_fu_520/mul_32ns_32s_63_1_1_U147/tmp_product/DSP_ALU_INST/ALU_OUT[47]
                         net (fo=1, routed)           0.000     5.434    bd_0_i/hls_inst/inst/k4_rasterize_U0/grp_k4_rasterize_Pipeline_VITIS_LOOP_164_4_VITIS_LOOP_165_5_fu_520/mul_32ns_32s_63_1_1_U147/tmp_product/DSP_ALU.ALU_OUT<47>
    DSP48E2_X1Y16        DSP_OUTPUT (Prop_DSP_OUTPUT_DSP48E2_ALU_OUT[47]_PCOUT[47])
                                                      0.159     5.593 r  bd_0_i/hls_inst/inst/k4_rasterize_U0/grp_k4_rasterize_Pipeline_VITIS_LOOP_164_4_VITIS_LOOP_165_5_fu_520/mul_32ns_32s_63_1_1_U147/tmp_product/DSP_OUTPUT_INST/PCOUT[47]
                         net (fo=1, routed)           0.016     5.609    bd_0_i/hls_inst/inst/k4_rasterize_U0/grp_k4_rasterize_Pipeline_VITIS_LOOP_164_4_VITIS_LOOP_165_5_fu_520/mul_32ns_32s_63_1_1_U147/tmp_product__0/PCIN[47]
    DSP48E2_X1Y17        DSP_ALU (Prop_DSP_ALU_DSP48E2_PCIN[47]_ALU_OUT[11])
                                                      0.698     6.307 f  bd_0_i/hls_inst/inst/k4_rasterize_U0/grp_k4_rasterize_Pipeline_VITIS_LOOP_164_4_VITIS_LOOP_165_5_fu_520/mul_32ns_32s_63_1_1_U147/tmp_product__0/DSP_ALU_INST/ALU_OUT[11]
                         net (fo=1, routed)           0.000     6.307    bd_0_i/hls_inst/inst/k4_rasterize_U0/grp_k4_rasterize_Pipeline_VITIS_LOOP_164_4_VITIS_LOOP_165_5_fu_520/mul_32ns_32s_63_1_1_U147/tmp_product__0/DSP_ALU.ALU_OUT<11>
    DSP48E2_X1Y17        DSP_OUTPUT (Prop_DSP_OUTPUT_DSP48E2_ALU_OUT[11]_P[11])
                                                      0.141     6.448 r  bd_0_i/hls_inst/inst/k4_rasterize_U0/grp_k4_rasterize_Pipeline_VITIS_LOOP_164_4_VITIS_LOOP_165_5_fu_520/mul_32ns_32s_63_1_1_U147/tmp_product__0/DSP_OUTPUT_INST/P[11]
                         net (fo=1, routed)           0.448     6.896    bd_0_i/hls_inst/inst/k4_rasterize_U0/grp_k4_rasterize_Pipeline_VITIS_LOOP_164_4_VITIS_LOOP_165_5_fu_520/mul_32ns_32s_63_1_1_U147/tmp_product__0_n_94
    SLICE_X20Y38         LUT2 (Prop_F6LUT_SLICEM_I1_O)
                                                      0.148     7.044 r  bd_0_i/hls_inst/inst/k4_rasterize_U0/grp_k4_rasterize_Pipeline_VITIS_LOOP_164_4_VITIS_LOOP_165_5_fu_520/mul_32ns_32s_63_1_1_U147/tmp_product_carry__2_i_3__17/O
                         net (fo=1, routed)           0.024     7.068    bd_0_i/hls_inst/inst/k4_rasterize_U0/grp_k4_rasterize_Pipeline_VITIS_LOOP_164_4_VITIS_LOOP_165_5_fu_520/mul_32ns_32s_63_1_1_U147/tmp_product_carry__2_i_3__17_n_0
    SLICE_X20Y38         CARRY8 (Prop_CARRY8_SLICEM_S[5]_CO[7])
                                                      0.202     7.270 r  bd_0_i/hls_inst/inst/k4_rasterize_U0/grp_k4_rasterize_Pipeline_VITIS_LOOP_164_4_VITIS_LOOP_165_5_fu_520/mul_32ns_32s_63_1_1_U147/tmp_product_carry__2/CO[7]
                         net (fo=1, routed)           0.028     7.298    bd_0_i/hls_inst/inst/k4_rasterize_U0/grp_k4_rasterize_Pipeline_VITIS_LOOP_164_4_VITIS_LOOP_165_5_fu_520/mul_32ns_32s_63_1_1_U147/tmp_product_carry__2_n_0
    SLICE_X20Y39         CARRY8 (Prop_CARRY8_SLICEM_CI_O[7])
                                                      0.146     7.444 r  bd_0_i/hls_inst/inst/k4_rasterize_U0/grp_k4_rasterize_Pipeline_VITIS_LOOP_164_4_VITIS_LOOP_165_5_fu_520/mul_32ns_32s_63_1_1_U147/tmp_product_carry__3/O[7]
                         net (fo=1, routed)           0.430     7.874    bd_0_i/hls_inst/inst/k4_rasterize_U0/grp_k4_rasterize_Pipeline_VITIS_LOOP_164_4_VITIS_LOOP_165_5_fu_520/mul_32s_32s_64_1_1_U151/tmp_product__3__0[39]
    SLICE_X27Y39         LUT2 (Prop_H6LUT_SLICEL_I1_O)
                                                      0.100     7.974 r  bd_0_i/hls_inst/inst/k4_rasterize_U0/grp_k4_rasterize_Pipeline_VITIS_LOOP_164_4_VITIS_LOOP_165_5_fu_520/mul_32s_32s_64_1_1_U151/add_ln177_reg_3137[55]_i_2/O
                         net (fo=1, routed)           0.011     7.985    bd_0_i/hls_inst/inst/k4_rasterize_U0/grp_k4_rasterize_Pipeline_VITIS_LOOP_164_4_VITIS_LOOP_165_5_fu_520/mul_32s_32s_64_1_1_U151/add_ln177_reg_3137[55]_i_2_n_0
    SLICE_X27Y39         CARRY8 (Prop_CARRY8_SLICEL_S[7]_CO[7])
                                                      0.148     8.133 r  bd_0_i/hls_inst/inst/k4_rasterize_U0/grp_k4_rasterize_Pipeline_VITIS_LOOP_164_4_VITIS_LOOP_165_5_fu_520/mul_32s_32s_64_1_1_U151/add_ln177_reg_3137_reg[55]_i_1/CO[7]
                         net (fo=1, routed)           0.028     8.161    bd_0_i/hls_inst/inst/k4_rasterize_U0/grp_k4_rasterize_Pipeline_VITIS_LOOP_164_4_VITIS_LOOP_165_5_fu_520/mul_32s_32s_64_1_1_U151/add_ln177_reg_3137_reg[55]_i_1_n_0
    SLICE_X27Y40         CARRY8 (Prop_CARRY8_SLICEL_CI_O[7])
                                                      0.146     8.307 r  bd_0_i/hls_inst/inst/k4_rasterize_U0/grp_k4_rasterize_Pipeline_VITIS_LOOP_164_4_VITIS_LOOP_165_5_fu_520/mul_32s_32s_64_1_1_U151/add_ln177_reg_3137_reg[63]_i_1/O[7]
                         net (fo=1, routed)           0.031     8.338    bd_0_i/hls_inst/inst/k4_rasterize_U0/grp_k4_rasterize_Pipeline_VITIS_LOOP_164_4_VITIS_LOOP_165_5_fu_520/mul_32s_32s_64_1_1_U151_n_50
    SLICE_X27Y40         FDRE                                         r  bd_0_i/hls_inst/inst/k4_rasterize_U0/grp_k4_rasterize_Pipeline_VITIS_LOOP_164_4_VITIS_LOOP_165_5_fu_520/add_ln177_reg_3137_reg[63]/D
  -------------------------------------------------------------------    -------------------

                         (clock ap_clk rise edge)    10.000    10.000 r  
                                                      0.000    10.000 r  ap_clk (IN)
                         net (fo=39532, unset)        0.025    10.025    bd_0_i/hls_inst/inst/k4_rasterize_U0/grp_k4_rasterize_Pipeline_VITIS_LOOP_164_4_VITIS_LOOP_165_5_fu_520/ap_clk
    SLICE_X27Y40         FDRE                                         r  bd_0_i/hls_inst/inst/k4_rasterize_U0/grp_k4_rasterize_Pipeline_VITIS_LOOP_164_4_VITIS_LOOP_165_5_fu_520/add_ln177_reg_3137_reg[63]/C
                         clock pessimism              0.000    10.025    
                         clock uncertainty           -0.035     9.990    
    SLICE_X27Y40         FDRE (Setup_HFF_SLICEL_C_D)
                                                      0.027    10.017    bd_0_i/hls_inst/inst/k4_rasterize_U0/grp_k4_rasterize_Pipeline_VITIS_LOOP_164_4_VITIS_LOOP_165_5_fu_520/add_ln177_reg_3137_reg[63]
  -------------------------------------------------------------------
                         required time                         10.017    
                         arrival time                          -8.338    
  -------------------------------------------------------------------
                         slack                                  1.678    

Slack (MET) :             1.679ns  (required time - arrival time)
  Source:                 bd_0_i/hls_inst/inst/k4_rasterize_U0/grp_k4_rasterize_Pipeline_VITIS_LOOP_164_4_VITIS_LOOP_165_5_fu_520/tmp_24_reg_2961_reg[0]/C
                            (rising edge-triggered cell FDRE clocked by ap_clk  {rise@0.000ns fall@5.000ns period=10.000ns})
  Destination:            bd_0_i/hls_inst/inst/k4_rasterize_U0/grp_k4_rasterize_Pipeline_VITIS_LOOP_164_4_VITIS_LOOP_165_5_fu_520/add_ln177_reg_3137_reg[61]/D
                            (rising edge-triggered cell FDRE clocked by ap_clk  {rise@0.000ns fall@5.000ns period=10.000ns})
  Path Group:             ap_clk
  Path Type:              Setup (Max at Slow Process Corner)
  Requirement:            10.000ns  (ap_clk rise@10.000ns - ap_clk rise@0.000ns)
  Data Path Delay:        8.300ns  (logic 4.268ns (51.419%)  route 4.032ns (48.581%))
  Logic Levels:           18  (CARRY8=4 DSP_A_B_DATA=1 DSP_ALU=2 DSP_M_DATA=1 DSP_MULTIPLIER=1 DSP_OUTPUT=2 DSP_PREADD_DATA=1 LUT2=2 LUT3=1 LUT6=3)
  Clock Path Skew:        -0.012ns (DCD - SCD + CPR)
    Destination Clock Delay (DCD):    0.025ns = ( 10.025 - 10.000 ) 
    Source Clock Delay      (SCD):    0.037ns
    Clock Pessimism Removal (CPR):    0.000ns
  Clock Uncertainty:      0.035ns  ((TSJ^2 + TIJ^2)^1/2 + DJ) / 2 + PE
    Total System Jitter     (TSJ):    0.071ns
    Total Input Jitter      (TIJ):    0.000ns
    Discrete Jitter          (DJ):    0.000ns
    Phase Error              (PE):    0.000ns

    Location             Delay type                Incr(ns)  Path(ns)    Netlist Resource(s)
  -------------------------------------------------------------------    -------------------
                         (clock ap_clk rise edge)     0.000     0.000 r  
                                                      0.000     0.000 r  ap_clk (IN)
                         net (fo=39532, unset)        0.037     0.037    bd_0_i/hls_inst/inst/k4_rasterize_U0/grp_k4_rasterize_Pipeline_VITIS_LOOP_164_4_VITIS_LOOP_165_5_fu_520/ap_clk
    SLICE_X4Y109         FDRE                                         r  bd_0_i/hls_inst/inst/k4_rasterize_U0/grp_k4_rasterize_Pipeline_VITIS_LOOP_164_4_VITIS_LOOP_165_5_fu_520/tmp_24_reg_2961_reg[0]/C
  -------------------------------------------------------------------    -------------------
    SLICE_X4Y109         FDRE (Prop_HFF_SLICEM_C_Q)
                                                      0.096     0.133 f  bd_0_i/hls_inst/inst/k4_rasterize_U0/grp_k4_rasterize_Pipeline_VITIS_LOOP_164_4_VITIS_LOOP_165_5_fu_520/tmp_24_reg_2961_reg[0]/Q
                         net (fo=4, routed)           0.372     0.505    bd_0_i/hls_inst/inst/k4_rasterize_U0/grp_k4_rasterize_Pipeline_VITIS_LOOP_164_4_VITIS_LOOP_165_5_fu_520/mul_32ns_32s_63_1_1_U150/tmp_24_reg_2961
    SLICE_X3Y102         LUT6 (Prop_H6LUT_SLICEL_I0_O)
                                                      0.149     0.654 f  bd_0_i/hls_inst/inst/k4_rasterize_U0/grp_k4_rasterize_Pipeline_VITIS_LOOP_164_4_VITIS_LOOP_165_5_fu_520/mul_32ns_32s_63_1_1_U150/tmp_39_reg_3115[0]_i_3/O
                         net (fo=1, routed)           0.099     0.753    bd_0_i/hls_inst/inst/k4_rasterize_U0/grp_k4_rasterize_Pipeline_VITIS_LOOP_164_4_VITIS_LOOP_165_5_fu_520/mul_32ns_32s_63_1_1_U150/tmp_39_reg_3115[0]_i_3_n_0
    SLICE_X3Y101         LUT6 (Prop_G6LUT_SLICEL_I0_O)
                                                      0.063     0.816 f  bd_0_i/hls_inst/inst/k4_rasterize_U0/grp_k4_rasterize_Pipeline_VITIS_LOOP_164_4_VITIS_LOOP_165_5_fu_520/mul_32ns_32s_63_1_1_U150/tmp_39_reg_3115[0]_i_2/O
                         net (fo=33, routed)          0.063     0.879    bd_0_i/hls_inst/inst/k4_rasterize_U0/grp_k4_rasterize_Pipeline_VITIS_LOOP_164_4_VITIS_LOOP_165_5_fu_520/mul_32ns_32s_63_1_1_U150/tmp_39_reg_3115[0]_i_2_n_0
    SLICE_X3Y101         LUT6 (Prop_F6LUT_SLICEL_I5_O)
                                                      0.114     0.993 r  bd_0_i/hls_inst/inst/k4_rasterize_U0/grp_k4_rasterize_Pipeline_VITIS_LOOP_164_4_VITIS_LOOP_165_5_fu_520/mul_32ns_32s_63_1_1_U150/tmp_product_i_35__4/O
                         net (fo=31, routed)          0.422     1.415    bd_0_i/hls_inst/inst/k4_rasterize_U0/grp_k4_rasterize_Pipeline_VITIS_LOOP_164_4_VITIS_LOOP_165_5_fu_520/mul_32ns_32s_63_1_1_U150/tmp_product_i_35__4_n_0
    SLICE_X6Y99          LUT3 (Prop_B6LUT_SLICEL_I0_O)
                                                      0.177     1.592 f  bd_0_i/hls_inst/inst/k4_rasterize_U0/grp_k4_rasterize_Pipeline_VITIS_LOOP_164_4_VITIS_LOOP_165_5_fu_520/mul_32ns_32s_63_1_1_U150/tmp_product_i_11__4/O
                         net (fo=8, routed)           2.061     3.652    bd_0_i/hls_inst/inst/k4_rasterize_U0/grp_k4_rasterize_Pipeline_VITIS_LOOP_164_4_VITIS_LOOP_165_5_fu_520/mul_32ns_32s_63_1_1_U147/tmp_product/B[4]
    DSP48E2_X1Y16        DSP_A_B_DATA (Prop_DSP_A_B_DATA_DSP48E2_B[4]_B2_DATA[4])
                                                      0.195     3.847 r  bd_0_i/hls_inst/inst/k4_rasterize_U0/grp_k4_rasterize_Pipeline_VITIS_LOOP_164_4_VITIS_LOOP_165_5_fu_520/mul_32ns_32s_63_1_1_U147/tmp_product/DSP_A_B_DATA_INST/B2_DATA[4]
                         net (fo=1, routed)           0.000     3.847    bd_0_i/hls_inst/inst/k4_rasterize_U0/grp_k4_rasterize_Pipeline_VITIS_LOOP_164_4_VITIS_LOOP_165_5_fu_520/mul_32ns_32s_63_1_1_U147/tmp_product/DSP_A_B_DATA.B2_DATA<4>
    DSP48E2_X1Y16        DSP_PREADD_DATA (Prop_DSP_PREADD_DATA_DSP48E2_B2_DATA[4]_B2B1[4])
                                                      0.092     3.939 r  bd_0_i/hls_inst/inst/k4_rasterize_U0/grp_k4_rasterize_Pipeline_VITIS_LOOP_164_4_VITIS_LOOP_165_5_fu_520/mul_32ns_32s_63_1_1_U147/tmp_product/DSP_PREADD_DATA_INST/B2B1[4]
                         net (fo=1, routed)           0.000     3.939    bd_0_i/hls_inst/inst/k4_rasterize_U0/grp_k4_rasterize_Pipeline_VITIS_LOOP_164_4_VITIS_LOOP_165_5_fu_520/mul_32ns_32s_63_1_1_U147/tmp_product/DSP_PREADD_DATA.B2B1<4>
    DSP48E2_X1Y16        DSP_MULTIPLIER (Prop_DSP_MULTIPLIER_DSP48E2_B2B1[4]_U[35])
                                                      0.737     4.676 f  bd_0_i/hls_inst/inst/k4_rasterize_U0/grp_k4_rasterize_Pipeline_VITIS_LOOP_164_4_VITIS_LOOP_165_5_fu_520/mul_32ns_32s_63_1_1_U147/tmp_product/DSP_MULTIPLIER_INST/U[35]
                         net (fo=1, routed)           0.000     4.676    bd_0_i/hls_inst/inst/k4_rasterize_U0/grp_k4_rasterize_Pipeline_VITIS_LOOP_164_4_VITIS_LOOP_165_5_fu_520/mul_32ns_32s_63_1_1_U147/tmp_product/DSP_MULTIPLIER.U<35>
    DSP48E2_X1Y16        DSP_M_DATA (Prop_DSP_M_DATA_DSP48E2_U[35]_U_DATA[35])
                                                      0.059     4.735 r  bd_0_i/hls_inst/inst/k4_rasterize_U0/grp_k4_rasterize_Pipeline_VITIS_LOOP_164_4_VITIS_LOOP_165_5_fu_520/mul_32ns_32s_63_1_1_U147/tmp_product/DSP_M_DATA_INST/U_DATA[35]
                         net (fo=1, routed)           0.000     4.735    bd_0_i/hls_inst/inst/k4_rasterize_U0/grp_k4_rasterize_Pipeline_VITIS_LOOP_164_4_VITIS_LOOP_165_5_fu_520/mul_32ns_32s_63_1_1_U147/tmp_product/DSP_M_DATA.U_DATA<35>
    DSP48E2_X1Y16        DSP_ALU (Prop_DSP_ALU_DSP48E2_U_DATA[35]_ALU_OUT[47])
                                                      0.699     5.434 f  bd_0_i/hls_inst/inst/k4_rasterize_U0/grp_k4_rasterize_Pipeline_VITIS_LOOP_164_4_VITIS_LOOP_165_5_fu_520/mul_32ns_32s_63_1_1_U147/tmp_product/DSP_ALU_INST/ALU_OUT[47]
                         net (fo=1, routed)           0.000     5.434    bd_0_i/hls_inst/inst/k4_rasterize_U0/grp_k4_rasterize_Pipeline_VITIS_LOOP_164_4_VITIS_LOOP_165_5_fu_520/mul_32ns_32s_63_1_1_U147/tmp_product/DSP_ALU.ALU_OUT<47>
    DSP48E2_X1Y16        DSP_OUTPUT (Prop_DSP_OUTPUT_DSP48E2_ALU_OUT[47]_PCOUT[47])
                                                      0.159     5.593 r  bd_0_i/hls_inst/inst/k4_rasterize_U0/grp_k4_rasterize_Pipeline_VITIS_LOOP_164_4_VITIS_LOOP_165_5_fu_520/mul_32ns_32s_63_1_1_U147/tmp_product/DSP_OUTPUT_INST/PCOUT[47]
                         net (fo=1, routed)           0.016     5.609    bd_0_i/hls_inst/inst/k4_rasterize_U0/grp_k4_rasterize_Pipeline_VITIS_LOOP_164_4_VITIS_LOOP_165_5_fu_520/mul_32ns_32s_63_1_1_U147/tmp_product__0/PCIN[47]
    DSP48E2_X1Y17        DSP_ALU (Prop_DSP_ALU_DSP48E2_PCIN[47]_ALU_OUT[11])
                                                      0.698     6.307 f  bd_0_i/hls_inst/inst/k4_rasterize_U0/grp_k4_rasterize_Pipeline_VITIS_LOOP_164_4_VITIS_LOOP_165_5_fu_520/mul_32ns_32s_63_1_1_U147/tmp_product__0/DSP_ALU_INST/ALU_OUT[11]
                         net (fo=1, routed)           0.000     6.307    bd_0_i/hls_inst/inst/k4_rasterize_U0/grp_k4_rasterize_Pipeline_VITIS_LOOP_164_4_VITIS_LOOP_165_5_fu_520/mul_32ns_32s_63_1_1_U147/tmp_product__0/DSP_ALU.ALU_OUT<11>
    DSP48E2_X1Y17        DSP_OUTPUT (Prop_DSP_OUTPUT_DSP48E2_ALU_OUT[11]_P[11])
                                                      0.141     6.448 r  bd_0_i/hls_inst/inst/k4_rasterize_U0/grp_k4_rasterize_Pipeline_VITIS_LOOP_164_4_VITIS_LOOP_165_5_fu_520/mul_32ns_32s_63_1_1_U147/tmp_product__0/DSP_OUTPUT_INST/P[11]
                         net (fo=1, routed)           0.448     6.896    bd_0_i/hls_inst/inst/k4_rasterize_U0/grp_k4_rasterize_Pipeline_VITIS_LOOP_164_4_VITIS_LOOP_165_5_fu_520/mul_32ns_32s_63_1_1_U147/tmp_product__0_n_94
    SLICE_X20Y38         LUT2 (Prop_F6LUT_SLICEM_I1_O)
                                                      0.148     7.044 r  bd_0_i/hls_inst/inst/k4_rasterize_U0/grp_k4_rasterize_Pipeline_VITIS_LOOP_164_4_VITIS_LOOP_165_5_fu_520/mul_32ns_32s_63_1_1_U147/tmp_product_carry__2_i_3__17/O
                         net (fo=1, routed)           0.024     7.068    bd_0_i/hls_inst/inst/k4_rasterize_U0/grp_k4_rasterize_Pipeline_VITIS_LOOP_164_4_VITIS_LOOP_165_5_fu_520/mul_32ns_32s_63_1_1_U147/tmp_product_carry__2_i_3__17_n_0
    SLICE_X20Y38         CARRY8 (Prop_CARRY8_SLICEM_S[5]_CO[7])
                                                      0.202     7.270 r  bd_0_i/hls_inst/inst/k4_rasterize_U0/grp_k4_rasterize_Pipeline_VITIS_LOOP_164_4_VITIS_LOOP_165_5_fu_520/mul_32ns_32s_63_1_1_U147/tmp_product_carry__2/CO[7]
                         net (fo=1, routed)           0.028     7.298    bd_0_i/hls_inst/inst/k4_rasterize_U0/grp_k4_rasterize_Pipeline_VITIS_LOOP_164_4_VITIS_LOOP_165_5_fu_520/mul_32ns_32s_63_1_1_U147/tmp_product_carry__2_n_0
    SLICE_X20Y39         CARRY8 (Prop_CARRY8_SLICEM_CI_O[7])
                                                      0.146     7.444 r  bd_0_i/hls_inst/inst/k4_rasterize_U0/grp_k4_rasterize_Pipeline_VITIS_LOOP_164_4_VITIS_LOOP_165_5_fu_520/mul_32ns_32s_63_1_1_U147/tmp_product_carry__3/O[7]
                         net (fo=1, routed)           0.430     7.874    bd_0_i/hls_inst/inst/k4_rasterize_U0/grp_k4_rasterize_Pipeline_VITIS_LOOP_164_4_VITIS_LOOP_165_5_fu_520/mul_32s_32s_64_1_1_U151/tmp_product__3__0[39]
    SLICE_X27Y39         LUT2 (Prop_H6LUT_SLICEL_I1_O)
                                                      0.100     7.974 r  bd_0_i/hls_inst/inst/k4_rasterize_U0/grp_k4_rasterize_Pipeline_VITIS_LOOP_164_4_VITIS_LOOP_165_5_fu_520/mul_32s_32s_64_1_1_U151/add_ln177_reg_3137[55]_i_2/O
                         net (fo=1, routed)           0.011     7.985    bd_0_i/hls_inst/inst/k4_rasterize_U0/grp_k4_rasterize_Pipeline_VITIS_LOOP_164_4_VITIS_LOOP_165_5_fu_520/mul_32s_32s_64_1_1_U151/add_ln177_reg_3137[55]_i_2_n_0
    SLICE_X27Y39         CARRY8 (Prop_CARRY8_SLICEL_S[7]_CO[7])
                                                      0.148     8.133 r  bd_0_i/hls_inst/inst/k4_rasterize_U0/grp_k4_rasterize_Pipeline_VITIS_LOOP_164_4_VITIS_LOOP_165_5_fu_520/mul_32s_32s_64_1_1_U151/add_ln177_reg_3137_reg[55]_i_1/CO[7]
                         net (fo=1, routed)           0.028     8.161    bd_0_i/hls_inst/inst/k4_rasterize_U0/grp_k4_rasterize_Pipeline_VITIS_LOOP_164_4_VITIS_LOOP_165_5_fu_520/mul_32s_32s_64_1_1_U151/add_ln177_reg_3137_reg[55]_i_1_n_0
    SLICE_X27Y40         CARRY8 (Prop_CARRY8_SLICEL_CI_O[5])
                                                      0.145     8.306 r  bd_0_i/hls_inst/inst/k4_rasterize_U0/grp_k4_rasterize_Pipeline_VITIS_LOOP_164_4_VITIS_LOOP_165_5_fu_520/mul_32s_32s_64_1_1_U151/add_ln177_reg_3137_reg[63]_i_1/O[5]
                         net (fo=1, routed)           0.031     8.337    bd_0_i/hls_inst/inst/k4_rasterize_U0/grp_k4_rasterize_Pipeline_VITIS_LOOP_164_4_VITIS_LOOP_165_5_fu_520/mul_32s_32s_64_1_1_U151_n_52
    SLICE_X27Y40         FDRE                                         r  bd_0_i/hls_inst/inst/k4_rasterize_U0/grp_k4_rasterize_Pipeline_VITIS_LOOP_164_4_VITIS_LOOP_165_5_fu_520/add_ln177_reg_3137_reg[61]/D
  -------------------------------------------------------------------    -------------------

                         (clock ap_clk rise edge)    10.000    10.000 r  
                                                      0.000    10.000 r  ap_clk (IN)
                         net (fo=39532, unset)        0.025    10.025    bd_0_i/hls_inst/inst/k4_rasterize_U0/grp_k4_rasterize_Pipeline_VITIS_LOOP_164_4_VITIS_LOOP_165_5_fu_520/ap_clk
    SLICE_X27Y40         FDRE                                         r  bd_0_i/hls_inst/inst/k4_rasterize_U0/grp_k4_rasterize_Pipeline_VITIS_LOOP_164_4_VITIS_LOOP_165_5_fu_520/add_ln177_reg_3137_reg[61]/C
                         clock pessimism              0.000    10.025    
                         clock uncertainty           -0.035     9.990    
    SLICE_X27Y40         FDRE (Setup_FFF_SLICEL_C_D)
                                                      0.027    10.017    bd_0_i/hls_inst/inst/k4_rasterize_U0/grp_k4_rasterize_Pipeline_VITIS_LOOP_164_4_VITIS_LOOP_165_5_fu_520/add_ln177_reg_3137_reg[61]
  -------------------------------------------------------------------
                         required time                         10.017    
                         arrival time                          -8.337    
  -------------------------------------------------------------------
                         slack                                  1.679    

Slack (MET) :             1.694ns  (required time - arrival time)
  Source:                 bd_0_i/hls_inst/inst/k4_rasterize_U0/grp_k4_rasterize_Pipeline_VITIS_LOOP_164_4_VITIS_LOOP_165_5_fu_520/tmp_24_reg_2961_reg[0]/C
                            (rising edge-triggered cell FDRE clocked by ap_clk  {rise@0.000ns fall@5.000ns period=10.000ns})
  Destination:            bd_0_i/hls_inst/inst/k4_rasterize_U0/grp_k4_rasterize_Pipeline_VITIS_LOOP_164_4_VITIS_LOOP_165_5_fu_520/add_ln177_reg_3137_reg[62]/D
                            (rising edge-triggered cell FDRE clocked by ap_clk  {rise@0.000ns fall@5.000ns period=10.000ns})
  Path Group:             ap_clk
  Path Type:              Setup (Max at Slow Process Corner)
  Requirement:            10.000ns  (ap_clk rise@10.000ns - ap_clk rise@0.000ns)
  Data Path Delay:        8.285ns  (logic 4.252ns (51.319%)  route 4.033ns (48.681%))
  Logic Levels:           18  (CARRY8=4 DSP_A_B_DATA=1 DSP_ALU=2 DSP_M_DATA=1 DSP_MULTIPLIER=1 DSP_OUTPUT=2 DSP_PREADD_DATA=1 LUT2=2 LUT3=1 LUT6=3)
  Clock Path Skew:        -0.012ns (DCD - SCD + CPR)
    Destination Clock Delay (DCD):    0.025ns = ( 10.025 - 10.000 ) 
    Source Clock Delay      (SCD):    0.037ns
    Clock Pessimism Removal (CPR):    0.000ns
  Clock Uncertainty:      0.035ns  ((TSJ^2 + TIJ^2)^1/2 + DJ) / 2 + PE
    Total System Jitter     (TSJ):    0.071ns
    Total Input Jitter      (TIJ):    0.000ns
    Discrete Jitter          (DJ):    0.000ns
    Phase Error              (PE):    0.000ns

    Location             Delay type                Incr(ns)  Path(ns)    Netlist Resource(s)
  -------------------------------------------------------------------    -------------------
                         (clock ap_clk rise edge)     0.000     0.000 r  
                                                      0.000     0.000 r  ap_clk (IN)
                         net (fo=39532, unset)        0.037     0.037    bd_0_i/hls_inst/inst/k4_rasterize_U0/grp_k4_rasterize_Pipeline_VITIS_LOOP_164_4_VITIS_LOOP_165_5_fu_520/ap_clk
    SLICE_X4Y109         FDRE                                         r  bd_0_i/hls_inst/inst/k4_rasterize_U0/grp_k4_rasterize_Pipeline_VITIS_LOOP_164_4_VITIS_LOOP_165_5_fu_520/tmp_24_reg_2961_reg[0]/C
  -------------------------------------------------------------------    -------------------
    SLICE_X4Y109         FDRE (Prop_HFF_SLICEM_C_Q)
                                                      0.096     0.133 f  bd_0_i/hls_inst/inst/k4_rasterize_U0/grp_k4_rasterize_Pipeline_VITIS_LOOP_164_4_VITIS_LOOP_165_5_fu_520/tmp_24_reg_2961_reg[0]/Q
                         net (fo=4, routed)           0.372     0.505    bd_0_i/hls_inst/inst/k4_rasterize_U0/grp_k4_rasterize_Pipeline_VITIS_LOOP_164_4_VITIS_LOOP_165_5_fu_520/mul_32ns_32s_63_1_1_U150/tmp_24_reg_2961
    SLICE_X3Y102         LUT6 (Prop_H6LUT_SLICEL_I0_O)
                                                      0.149     0.654 f  bd_0_i/hls_inst/inst/k4_rasterize_U0/grp_k4_rasterize_Pipeline_VITIS_LOOP_164_4_VITIS_LOOP_165_5_fu_520/mul_32ns_32s_63_1_1_U150/tmp_39_reg_3115[0]_i_3/O
                         net (fo=1, routed)           0.099     0.753    bd_0_i/hls_inst/inst/k4_rasterize_U0/grp_k4_rasterize_Pipeline_VITIS_LOOP_164_4_VITIS_LOOP_165_5_fu_520/mul_32ns_32s_63_1_1_U150/tmp_39_reg_3115[0]_i_3_n_0
    SLICE_X3Y101         LUT6 (Prop_G6LUT_SLICEL_I0_O)
                                                      0.063     0.816 f  bd_0_i/hls_inst/inst/k4_rasterize_U0/grp_k4_rasterize_Pipeline_VITIS_LOOP_164_4_VITIS_LOOP_165_5_fu_520/mul_32ns_32s_63_1_1_U150/tmp_39_reg_3115[0]_i_2/O
                         net (fo=33, routed)          0.063     0.879    bd_0_i/hls_inst/inst/k4_rasterize_U0/grp_k4_rasterize_Pipeline_VITIS_LOOP_164_4_VITIS_LOOP_165_5_fu_520/mul_32ns_32s_63_1_1_U150/tmp_39_reg_3115[0]_i_2_n_0
    SLICE_X3Y101         LUT6 (Prop_F6LUT_SLICEL_I5_O)
                                                      0.114     0.993 r  bd_0_i/hls_inst/inst/k4_rasterize_U0/grp_k4_rasterize_Pipeline_VITIS_LOOP_164_4_VITIS_LOOP_165_5_fu_520/mul_32ns_32s_63_1_1_U150/tmp_product_i_35__4/O
                         net (fo=31, routed)          0.422     1.415    bd_0_i/hls_inst/inst/k4_rasterize_U0/grp_k4_rasterize_Pipeline_VITIS_LOOP_164_4_VITIS_LOOP_165_5_fu_520/mul_32ns_32s_63_1_1_U150/tmp_product_i_35__4_n_0
    SLICE_X6Y99          LUT3 (Prop_B6LUT_SLICEL_I0_O)
                                                      0.177     1.592 f  bd_0_i/hls_inst/inst/k4_rasterize_U0/grp_k4_rasterize_Pipeline_VITIS_LOOP_164_4_VITIS_LOOP_165_5_fu_520/mul_32ns_32s_63_1_1_U150/tmp_product_i_11__4/O
                         net (fo=8, routed)           2.061     3.652    bd_0_i/hls_inst/inst/k4_rasterize_U0/grp_k4_rasterize_Pipeline_VITIS_LOOP_164_4_VITIS_LOOP_165_5_fu_520/mul_32ns_32s_63_1_1_U147/tmp_product/B[4]
    DSP48E2_X1Y16        DSP_A_B_DATA (Prop_DSP_A_B_DATA_DSP48E2_B[4]_B2_DATA[4])
                                                      0.195     3.847 r  bd_0_i/hls_inst/inst/k4_rasterize_U0/grp_k4_rasterize_Pipeline_VITIS_LOOP_164_4_VITIS_LOOP_165_5_fu_520/mul_32ns_32s_63_1_1_U147/tmp_product/DSP_A_B_DATA_INST/B2_DATA[4]
                         net (fo=1, routed)           0.000     3.847    bd_0_i/hls_inst/inst/k4_rasterize_U0/grp_k4_rasterize_Pipeline_VITIS_LOOP_164_4_VITIS_LOOP_165_5_fu_520/mul_32ns_32s_63_1_1_U147/tmp_product/DSP_A_B_DATA.B2_DATA<4>
    DSP48E2_X1Y16        DSP_PREADD_DATA (Prop_DSP_PREADD_DATA_DSP48E2_B2_DATA[4]_B2B1[4])
                                                      0.092     3.939 r  bd_0_i/hls_inst/inst/k4_rasterize_U0/grp_k4_rasterize_Pipeline_VITIS_LOOP_164_4_VITIS_LOOP_165_5_fu_520/mul_32ns_32s_63_1_1_U147/tmp_product/DSP_PREADD_DATA_INST/B2B1[4]
                         net (fo=1, routed)           0.000     3.939    bd_0_i/hls_inst/inst/k4_rasterize_U0/grp_k4_rasterize_Pipeline_VITIS_LOOP_164_4_VITIS_LOOP_165_5_fu_520/mul_32ns_32s_63_1_1_U147/tmp_product/DSP_PREADD_DATA.B2B1<4>
    DSP48E2_X1Y16        DSP_MULTIPLIER (Prop_DSP_MULTIPLIER_DSP48E2_B2B1[4]_U[35])
                                                      0.737     4.676 f  bd_0_i/hls_inst/inst/k4_rasterize_U0/grp_k4_rasterize_Pipeline_VITIS_LOOP_164_4_VITIS_LOOP_165_5_fu_520/mul_32ns_32s_63_1_1_U147/tmp_product/DSP_MULTIPLIER_INST/U[35]
                         net (fo=1, routed)           0.000     4.676    bd_0_i/hls_inst/inst/k4_rasterize_U0/grp_k4_rasterize_Pipeline_VITIS_LOOP_164_4_VITIS_LOOP_165_5_fu_520/mul_32ns_32s_63_1_1_U147/tmp_product/DSP_MULTIPLIER.U<35>
    DSP48E2_X1Y16        DSP_M_DATA (Prop_DSP_M_DATA_DSP48E2_U[35]_U_DATA[35])
                                                      0.059     4.735 r  bd_0_i/hls_inst/inst/k4_rasterize_U0/grp_k4_rasterize_Pipeline_VITIS_LOOP_164_4_VITIS_LOOP_165_5_fu_520/mul_32ns_32s_63_1_1_U147/tmp_product/DSP_M_DATA_INST/U_DATA[35]
                         net (fo=1, routed)           0.000     4.735    bd_0_i/hls_inst/inst/k4_rasterize_U0/grp_k4_rasterize_Pipeline_VITIS_LOOP_164_4_VITIS_LOOP_165_5_fu_520/mul_32ns_32s_63_1_1_U147/tmp_product/DSP_M_DATA.U_DATA<35>
    DSP48E2_X1Y16        DSP_ALU (Prop_DSP_ALU_DSP48E2_U_DATA[35]_ALU_OUT[47])
                                                      0.699     5.434 f  bd_0_i/hls_inst/inst/k4_rasterize_U0/grp_k4_rasterize_Pipeline_VITIS_LOOP_164_4_VITIS_LOOP_165_5_fu_520/mul_32ns_32s_63_1_1_U147/tmp_product/DSP_ALU_INST/ALU_OUT[47]
                         net (fo=1, routed)           0.000     5.434    bd_0_i/hls_inst/inst/k4_rasterize_U0/grp_k4_rasterize_Pipeline_VITIS_LOOP_164_4_VITIS_LOOP_165_5_fu_520/mul_32ns_32s_63_1_1_U147/tmp_product/DSP_ALU.ALU_OUT<47>
    DSP48E2_X1Y16        DSP_OUTPUT (Prop_DSP_OUTPUT_DSP48E2_ALU_OUT[47]_PCOUT[47])
                                                      0.159     5.593 r  bd_0_i/hls_inst/inst/k4_rasterize_U0/grp_k4_rasterize_Pipeline_VITIS_LOOP_164_4_VITIS_LOOP_165_5_fu_520/mul_32ns_32s_63_1_1_U147/tmp_product/DSP_OUTPUT_INST/PCOUT[47]
                         net (fo=1, routed)           0.016     5.609    bd_0_i/hls_inst/inst/k4_rasterize_U0/grp_k4_rasterize_Pipeline_VITIS_LOOP_164_4_VITIS_LOOP_165_5_fu_520/mul_32ns_32s_63_1_1_U147/tmp_product__0/PCIN[47]
    DSP48E2_X1Y17        DSP_ALU (Prop_DSP_ALU_DSP48E2_PCIN[47]_ALU_OUT[11])
                                                      0.698     6.307 f  bd_0_i/hls_inst/inst/k4_rasterize_U0/grp_k4_rasterize_Pipeline_VITIS_LOOP_164_4_VITIS_LOOP_165_5_fu_520/mul_32ns_32s_63_1_1_U147/tmp_product__0/DSP_ALU_INST/ALU_OUT[11]
                         net (fo=1, routed)           0.000     6.307    bd_0_i/hls_inst/inst/k4_rasterize_U0/grp_k4_rasterize_Pipeline_VITIS_LOOP_164_4_VITIS_LOOP_165_5_fu_520/mul_32ns_32s_63_1_1_U147/tmp_product__0/DSP_ALU.ALU_OUT<11>
    DSP48E2_X1Y17        DSP_OUTPUT (Prop_DSP_OUTPUT_DSP48E2_ALU_OUT[11]_P[11])
                                                      0.141     6.448 r  bd_0_i/hls_inst/inst/k4_rasterize_U0/grp_k4_rasterize_Pipeline_VITIS_LOOP_164_4_VITIS_LOOP_165_5_fu_520/mul_32ns_32s_63_1_1_U147/tmp_product__0/DSP_OUTPUT_INST/P[11]
                         net (fo=1, routed)           0.448     6.896    bd_0_i/hls_inst/inst/k4_rasterize_U0/grp_k4_rasterize_Pipeline_VITIS_LOOP_164_4_VITIS_LOOP_165_5_fu_520/mul_32ns_32s_63_1_1_U147/tmp_product__0_n_94
    SLICE_X20Y38         LUT2 (Prop_F6LUT_SLICEM_I1_O)
                                                      0.148     7.044 r  bd_0_i/hls_inst/inst/k4_rasterize_U0/grp_k4_rasterize_Pipeline_VITIS_LOOP_164_4_VITIS_LOOP_165_5_fu_520/mul_32ns_32s_63_1_1_U147/tmp_product_carry__2_i_3__17/O
                         net (fo=1, routed)           0.024     7.068    bd_0_i/hls_inst/inst/k4_rasterize_U0/grp_k4_rasterize_Pipeline_VITIS_LOOP_164_4_VITIS_LOOP_165_5_fu_520/mul_32ns_32s_63_1_1_U147/tmp_product_carry__2_i_3__17_n_0
    SLICE_X20Y38         CARRY8 (Prop_CARRY8_SLICEM_S[5]_CO[7])
                                                      0.202     7.270 r  bd_0_i/hls_inst/inst/k4_rasterize_U0/grp_k4_rasterize_Pipeline_VITIS_LOOP_164_4_VITIS_LOOP_165_5_fu_520/mul_32ns_32s_63_1_1_U147/tmp_product_carry__2/CO[7]
                         net (fo=1, routed)           0.028     7.298    bd_0_i/hls_inst/inst/k4_rasterize_U0/grp_k4_rasterize_Pipeline_VITIS_LOOP_164_4_VITIS_LOOP_165_5_fu_520/mul_32ns_32s_63_1_1_U147/tmp_product_carry__2_n_0
    SLICE_X20Y39         CARRY8 (Prop_CARRY8_SLICEM_CI_O[7])
                                                      0.146     7.444 r  bd_0_i/hls_inst/inst/k4_rasterize_U0/grp_k4_rasterize_Pipeline_VITIS_LOOP_164_4_VITIS_LOOP_165_5_fu_520/mul_32ns_32s_63_1_1_U147/tmp_product_carry__3/O[7]
                         net (fo=1, routed)           0.430     7.874    bd_0_i/hls_inst/inst/k4_rasterize_U0/grp_k4_rasterize_Pipeline_VITIS_LOOP_164_4_VITIS_LOOP_165_5_fu_520/mul_32s_32s_64_1_1_U151/tmp_product__3__0[39]
    SLICE_X27Y39         LUT2 (Prop_H6LUT_SLICEL_I1_O)
                                                      0.100     7.974 r  bd_0_i/hls_inst/inst/k4_rasterize_U0/grp_k4_rasterize_Pipeline_VITIS_LOOP_164_4_VITIS_LOOP_165_5_fu_520/mul_32s_32s_64_1_1_U151/add_ln177_reg_3137[55]_i_2/O
                         net (fo=1, routed)           0.011     7.985    bd_0_i/hls_inst/inst/k4_rasterize_U0/grp_k4_rasterize_Pipeline_VITIS_LOOP_164_4_VITIS_LOOP_165_5_fu_520/mul_32s_32s_64_1_1_U151/add_ln177_reg_3137[55]_i_2_n_0
    SLICE_X27Y39         CARRY8 (Prop_CARRY8_SLICEL_S[7]_CO[7])
                                                      0.148     8.133 r  bd_0_i/hls_inst/inst/k4_rasterize_U0/grp_k4_rasterize_Pipeline_VITIS_LOOP_164_4_VITIS_LOOP_165_5_fu_520/mul_32s_32s_64_1_1_U151/add_ln177_reg_3137_reg[55]_i_1/CO[7]
                         net (fo=1, routed)           0.028     8.161    bd_0_i/hls_inst/inst/k4_rasterize_U0/grp_k4_rasterize_Pipeline_VITIS_LOOP_164_4_VITIS_LOOP_165_5_fu_520/mul_32s_32s_64_1_1_U151/add_ln177_reg_3137_reg[55]_i_1_n_0
    SLICE_X27Y40         CARRY8 (Prop_CARRY8_SLICEL_CI_O[6])
                                                      0.129     8.290 r  bd_0_i/hls_inst/inst/k4_rasterize_U0/grp_k4_rasterize_Pipeline_VITIS_LOOP_164_4_VITIS_LOOP_165_5_fu_520/mul_32s_32s_64_1_1_U151/add_ln177_reg_3137_reg[63]_i_1/O[6]
                         net (fo=1, routed)           0.032     8.322    bd_0_i/hls_inst/inst/k4_rasterize_U0/grp_k4_rasterize_Pipeline_VITIS_LOOP_164_4_VITIS_LOOP_165_5_fu_520/mul_32s_32s_64_1_1_U151_n_51
    SLICE_X27Y40         FDRE                                         r  bd_0_i/hls_inst/inst/k4_rasterize_U0/grp_k4_rasterize_Pipeline_VITIS_LOOP_164_4_VITIS_LOOP_165_5_fu_520/add_ln177_reg_3137_reg[62]/D
  -------------------------------------------------------------------    -------------------

                         (clock ap_clk rise edge)    10.000    10.000 r  
                                                      0.000    10.000 r  ap_clk (IN)
                         net (fo=39532, unset)        0.025    10.025    bd_0_i/hls_inst/inst/k4_rasterize_U0/grp_k4_rasterize_Pipeline_VITIS_LOOP_164_4_VITIS_LOOP_165_5_fu_520/ap_clk
    SLICE_X27Y40         FDRE                                         r  bd_0_i/hls_inst/inst/k4_rasterize_U0/grp_k4_rasterize_Pipeline_VITIS_LOOP_164_4_VITIS_LOOP_165_5_fu_520/add_ln177_reg_3137_reg[62]/C
                         clock pessimism              0.000    10.025    
                         clock uncertainty           -0.035     9.990    
    SLICE_X27Y40         FDRE (Setup_GFF_SLICEL_C_D)
                                                      0.027    10.017    bd_0_i/hls_inst/inst/k4_rasterize_U0/grp_k4_rasterize_Pipeline_VITIS_LOOP_164_4_VITIS_LOOP_165_5_fu_520/add_ln177_reg_3137_reg[62]
  -------------------------------------------------------------------
                         required time                         10.017    
                         arrival time                          -8.322    
  -------------------------------------------------------------------
                         slack                                  1.694    





Min Delay Paths
--------------------------------------------------------------------------------------
Slack (MET) :             0.024ns  (arrival time - required time)
  Source:                 bd_0_i/hls_inst/inst/k2_perspective_divide_U0/sdiv_34ns_32s_34_38_1_U45/top_kernel_sdiv_34ns_32s_34_38_1_divider_u/loop[26].divisor_tmp_reg[27][7]/C
                            (rising edge-triggered cell FDRE clocked by ap_clk  {rise@0.000ns fall@5.000ns period=10.000ns})
  Destination:            bd_0_i/hls_inst/inst/k2_perspective_divide_U0/sdiv_34ns_32s_34_38_1_U45/top_kernel_sdiv_34ns_32s_34_38_1_divider_u/loop[27].divisor_tmp_reg[28][7]/D
                            (rising edge-triggered cell FDRE clocked by ap_clk  {rise@0.000ns fall@5.000ns period=10.000ns})
  Path Group:             ap_clk
  Path Type:              Hold (Min at Fast Process Corner)
  Requirement:            0.000ns  (ap_clk rise@0.000ns - ap_clk rise@0.000ns)
  Data Path Delay:        0.077ns  (logic 0.039ns (50.859%)  route 0.038ns (49.141%))
  Logic Levels:           0  
  Clock Path Skew:        0.006ns (DCD - SCD - CPR)
    Destination Clock Delay (DCD):    0.018ns
    Source Clock Delay      (SCD):    0.012ns
    Clock Pessimism Removal (CPR):    -0.000ns

    Location             Delay type                Incr(ns)  Path(ns)    Netlist Resource(s)
  -------------------------------------------------------------------    -------------------
                         (clock ap_clk rise edge)     0.000     0.000 r  
                                                      0.000     0.000 r  ap_clk (IN)
                         net (fo=39532, unset)        0.012     0.012    bd_0_i/hls_inst/inst/k2_perspective_divide_U0/sdiv_34ns_32s_34_38_1_U45/top_kernel_sdiv_34ns_32s_34_38_1_divider_u/ap_clk
    SLICE_X46Y149        FDRE                                         r  bd_0_i/hls_inst/inst/k2_perspective_divide_U0/sdiv_34ns_32s_34_38_1_U45/top_kernel_sdiv_34ns_32s_34_38_1_divider_u/loop[26].divisor_tmp_reg[27][7]/C
  -------------------------------------------------------------------    -------------------
    SLICE_X46Y149        FDRE (Prop_AFF_SLICEL_C_Q)
                                                      0.039     0.051 r  bd_0_i/hls_inst/inst/k2_perspective_divide_U0/sdiv_34ns_32s_34_38_1_U45/top_kernel_sdiv_34ns_32s_34_38_1_divider_u/loop[26].divisor_tmp_reg[27][7]/Q
                         net (fo=2, routed)           0.038     0.089    bd_0_i/hls_inst/inst/k2_perspective_divide_U0/sdiv_34ns_32s_34_38_1_U45/top_kernel_sdiv_34ns_32s_34_38_1_divider_u/loop[26].divisor_tmp_reg[27][31]_0[6]
    SLICE_X46Y149        FDRE                                         r  bd_0_i/hls_inst/inst/k2_perspective_divide_U0/sdiv_34ns_32s_34_38_1_U45/top_kernel_sdiv_34ns_32s_34_38_1_divider_u/loop[27].divisor_tmp_reg[28][7]/D
  -------------------------------------------------------------------    -------------------

                         (clock ap_clk rise edge)     0.000     0.000 r  
                                                      0.000     0.000 r  ap_clk (IN)
                         net (fo=39532, unset)        0.018     0.018    bd_0_i/hls_inst/inst/k2_perspective_divide_U0/sdiv_34ns_32s_34_38_1_U45/top_kernel_sdiv_34ns_32s_34_38_1_divider_u/ap_clk
    SLICE_X46Y149        FDRE                                         r  bd_0_i/hls_inst/inst/k2_perspective_divide_U0/sdiv_34ns_32s_34_38_1_U45/top_kernel_sdiv_34ns_32s_34_38_1_divider_u/loop[27].divisor_tmp_reg[28][7]/C
                         clock pessimism              0.000     0.018    
    SLICE_X46Y149        FDRE (Hold_BFF2_SLICEL_C_D)
                                                      0.047     0.065    bd_0_i/hls_inst/inst/k2_perspective_divide_U0/sdiv_34ns_32s_34_38_1_U45/top_kernel_sdiv_34ns_32s_34_38_1_divider_u/loop[27].divisor_tmp_reg[28][7]
  -------------------------------------------------------------------
                         required time                         -0.065    
                         arrival time                           0.089    
  -------------------------------------------------------------------
                         slack                                  0.024    

Slack (MET) :             0.029ns  (arrival time - required time)
  Source:                 bd_0_i/hls_inst/inst/k5_deferred_lighting_U0/trunc_ln_reg_858_reg[30]/C
                            (rising edge-triggered cell FDRE clocked by ap_clk  {rise@0.000ns fall@5.000ns period=10.000ns})
  Destination:            bd_0_i/hls_inst/inst/gmem1_m_axi_U/store_unit_0/fifo_wreq/U_fifo_srl/mem_reg[2][30]_srl3/D
                            (rising edge-triggered cell SRL16E clocked by ap_clk  {rise@0.000ns fall@5.000ns period=10.000ns})
  Path Group:             ap_clk
  Path Type:              Hold (Min at Fast Process Corner)
  Requirement:            0.000ns  (ap_clk rise@0.000ns - ap_clk rise@0.000ns)
  Data Path Delay:        0.095ns  (logic 0.040ns (42.105%)  route 0.055ns (57.895%))
  Logic Levels:           0  
  Clock Path Skew:        0.027ns (DCD - SCD - CPR)
    Destination Clock Delay (DCD):    0.039ns
    Source Clock Delay      (SCD):    0.012ns
    Clock Pessimism Removal (CPR):    -0.000ns

    Location             Delay type                Incr(ns)  Path(ns)    Netlist Resource(s)
  -------------------------------------------------------------------    -------------------
                         (clock ap_clk rise edge)     0.000     0.000 r  
                                                      0.000     0.000 r  ap_clk (IN)
                         net (fo=39532, unset)        0.012     0.012    bd_0_i/hls_inst/inst/k5_deferred_lighting_U0/ap_clk
    SLICE_X27Y121        FDRE                                         r  bd_0_i/hls_inst/inst/k5_deferred_lighting_U0/trunc_ln_reg_858_reg[30]/C
  -------------------------------------------------------------------    -------------------
    SLICE_X27Y121        FDRE (Prop_AFF2_SLICEL_C_Q)
                                                      0.040     0.052 r  bd_0_i/hls_inst/inst/k5_deferred_lighting_U0/trunc_ln_reg_858_reg[30]/Q
                         net (fo=1, routed)           0.055     0.107    bd_0_i/hls_inst/inst/gmem1_m_axi_U/store_unit_0/fifo_wreq/U_fifo_srl/dout_reg[61]_0[30]
    SLICE_X28Y121        SRL16E                                       r  bd_0_i/hls_inst/inst/gmem1_m_axi_U/store_unit_0/fifo_wreq/U_fifo_srl/mem_reg[2][30]_srl3/D
  -------------------------------------------------------------------    -------------------

                         (clock ap_clk rise edge)     0.000     0.000 r  
                                                      0.000     0.000 r  ap_clk (IN)
                         net (fo=39532, unset)        0.039     0.039    bd_0_i/hls_inst/inst/gmem1_m_axi_U/store_unit_0/fifo_wreq/U_fifo_srl/ap_clk
    SLICE_X28Y121        SRL16E                                       r  bd_0_i/hls_inst/inst/gmem1_m_axi_U/store_unit_0/fifo_wreq/U_fifo_srl/mem_reg[2][30]_srl3/CLK
                         clock pessimism              0.000     0.039    
    SLICE_X28Y121        SRL16E (Hold_G5LUT_SLICEM_CLK_D)
                                                      0.039     0.078    bd_0_i/hls_inst/inst/gmem1_m_axi_U/store_unit_0/fifo_wreq/U_fifo_srl/mem_reg[2][30]_srl3
  -------------------------------------------------------------------
                         required time                         -0.078    
                         arrival time                           0.107    
  -------------------------------------------------------------------
                         slack                                  0.029    

Slack (MET) :             0.030ns  (arrival time - required time)
  Source:                 bd_0_i/hls_inst/inst/k2_perspective_divide_U0/sdiv_34ns_32s_34_38_1_U43/top_kernel_sdiv_34ns_32s_34_38_1_divider_u/loop[2].divisor_tmp_reg[3][31]/C
                            (rising edge-triggered cell FDRE clocked by ap_clk  {rise@0.000ns fall@5.000ns period=10.000ns})
  Destination:            bd_0_i/hls_inst/inst/k2_perspective_divide_U0/sdiv_34ns_32s_34_38_1_U43/top_kernel_sdiv_34ns_32s_34_38_1_divider_u/loop[3].divisor_tmp_reg[4][31]/D
                            (rising edge-triggered cell FDRE clocked by ap_clk  {rise@0.000ns fall@5.000ns period=10.000ns})
  Path Group:             ap_clk
  Path Type:              Hold (Min at Fast Process Corner)
  Requirement:            0.000ns  (ap_clk rise@0.000ns - ap_clk rise@0.000ns)
  Data Path Delay:        0.082ns  (logic 0.039ns (47.746%)  route 0.043ns (52.254%))
  Logic Levels:           0  
  Clock Path Skew:        0.006ns (DCD - SCD - CPR)
    Destination Clock Delay (DCD):    0.018ns
    Source Clock Delay      (SCD):    0.012ns
    Clock Pessimism Removal (CPR):    -0.000ns

    Location             Delay type                Incr(ns)  Path(ns)    Netlist Resource(s)
  -------------------------------------------------------------------    -------------------
                         (clock ap_clk rise edge)     0.000     0.000 r  
                                                      0.000     0.000 r  ap_clk (IN)
                         net (fo=39532, unset)        0.012     0.012    bd_0_i/hls_inst/inst/k2_perspective_divide_U0/sdiv_34ns_32s_34_38_1_U43/top_kernel_sdiv_34ns_32s_34_38_1_divider_u/ap_clk
    SLICE_X17Y104        FDRE                                         r  bd_0_i/hls_inst/inst/k2_perspective_divide_U0/sdiv_34ns_32s_34_38_1_U43/top_kernel_sdiv_34ns_32s_34_38_1_divider_u/loop[2].divisor_tmp_reg[3][31]/C
  -------------------------------------------------------------------    -------------------
    SLICE_X17Y104        FDRE (Prop_BFF_SLICEL_C_Q)
                                                      0.039     0.051 r  bd_0_i/hls_inst/inst/k2_perspective_divide_U0/sdiv_34ns_32s_34_38_1_U43/top_kernel_sdiv_34ns_32s_34_38_1_divider_u/loop[2].divisor_tmp_reg[3][31]/Q
                         net (fo=2, routed)           0.043     0.094    bd_0_i/hls_inst/inst/k2_perspective_divide_U0/sdiv_34ns_32s_34_38_1_U43/top_kernel_sdiv_34ns_32s_34_38_1_divider_u/loop[2].divisor_tmp_reg[3][31]_0[30]
    SLICE_X17Y104        FDRE                                         r  bd_0_i/hls_inst/inst/k2_perspective_divide_U0/sdiv_34ns_32s_34_38_1_U43/top_kernel_sdiv_34ns_32s_34_38_1_divider_u/loop[3].divisor_tmp_reg[4][31]/D
  -------------------------------------------------------------------    -------------------

                         (clock ap_clk rise edge)     0.000     0.000 r  
                                                      0.000     0.000 r  ap_clk (IN)
                         net (fo=39532, unset)        0.018     0.018    bd_0_i/hls_inst/inst/k2_perspective_divide_U0/sdiv_34ns_32s_34_38_1_U43/top_kernel_sdiv_34ns_32s_34_38_1_divider_u/ap_clk
    SLICE_X17Y104        FDRE                                         r  bd_0_i/hls_inst/inst/k2_perspective_divide_U0/sdiv_34ns_32s_34_38_1_U43/top_kernel_sdiv_34ns_32s_34_38_1_divider_u/loop[3].divisor_tmp_reg[4][31]/C
                         clock pessimism              0.000     0.018    
    SLICE_X17Y104        FDRE (Hold_DFF_SLICEL_C_D)
                                                      0.046     0.064    bd_0_i/hls_inst/inst/k2_perspective_divide_U0/sdiv_34ns_32s_34_38_1_U43/top_kernel_sdiv_34ns_32s_34_38_1_divider_u/loop[3].divisor_tmp_reg[4][31]
  -------------------------------------------------------------------
                         required time                         -0.064    
                         arrival time                           0.094    
  -------------------------------------------------------------------
                         slack                                  0.030    

Slack (MET) :             0.030ns  (arrival time - required time)
  Source:                 bd_0_i/hls_inst/inst/clip_tris_n0_z_U/U_top_kernel_fifo_w32_d2_S_ShiftReg/SRL_SIG_reg[0][9]/C
                            (rising edge-triggered cell FDRE clocked by ap_clk  {rise@0.000ns fall@5.000ns period=10.000ns})
  Destination:            bd_0_i/hls_inst/inst/clip_tris_n0_z_U/U_top_kernel_fifo_w32_d2_S_ShiftReg/SRL_SIG_reg[1][9]/D
                            (rising edge-triggered cell FDRE clocked by ap_clk  {rise@0.000ns fall@5.000ns period=10.000ns})
  Path Group:             ap_clk
  Path Type:              Hold (Min at Fast Process Corner)
  Requirement:            0.000ns  (ap_clk rise@0.000ns - ap_clk rise@0.000ns)
  Data Path Delay:        0.082ns  (logic 0.039ns (47.561%)  route 0.043ns (52.439%))
  Logic Levels:           0  
  Clock Path Skew:        0.006ns (DCD - SCD - CPR)
    Destination Clock Delay (DCD):    0.019ns
    Source Clock Delay      (SCD):    0.013ns
    Clock Pessimism Removal (CPR):    -0.000ns

    Location             Delay type                Incr(ns)  Path(ns)    Netlist Resource(s)
  -------------------------------------------------------------------    -------------------
                         (clock ap_clk rise edge)     0.000     0.000 r  
                                                      0.000     0.000 r  ap_clk (IN)
                         net (fo=39532, unset)        0.013     0.013    bd_0_i/hls_inst/inst/clip_tris_n0_z_U/U_top_kernel_fifo_w32_d2_S_ShiftReg/ap_clk
    SLICE_X47Y65         FDRE                                         r  bd_0_i/hls_inst/inst/clip_tris_n0_z_U/U_top_kernel_fifo_w32_d2_S_ShiftReg/SRL_SIG_reg[0][9]/C
  -------------------------------------------------------------------    -------------------
    SLICE_X47Y65         FDRE (Prop_GFF_SLICEL_C_Q)
                                                      0.039     0.052 r  bd_0_i/hls_inst/inst/clip_tris_n0_z_U/U_top_kernel_fifo_w32_d2_S_ShiftReg/SRL_SIG_reg[0][9]/Q
                         net (fo=2, routed)           0.043     0.095    bd_0_i/hls_inst/inst/clip_tris_n0_z_U/U_top_kernel_fifo_w32_d2_S_ShiftReg/SRL_SIG_reg[0]_0[9]
    SLICE_X47Y65         FDRE                                         r  bd_0_i/hls_inst/inst/clip_tris_n0_z_U/U_top_kernel_fifo_w32_d2_S_ShiftReg/SRL_SIG_reg[1][9]/D
  -------------------------------------------------------------------    -------------------

                         (clock ap_clk rise edge)     0.000     0.000 r  
                                                      0.000     0.000 r  ap_clk (IN)
                         net (fo=39532, unset)        0.019     0.019    bd_0_i/hls_inst/inst/clip_tris_n0_z_U/U_top_kernel_fifo_w32_d2_S_ShiftReg/ap_clk
    SLICE_X47Y65         FDRE                                         r  bd_0_i/hls_inst/inst/clip_tris_n0_z_U/U_top_kernel_fifo_w32_d2_S_ShiftReg/SRL_SIG_reg[1][9]/C
                         clock pessimism              0.000     0.019    
    SLICE_X47Y65         FDRE (Hold_EFF_SLICEL_C_D)
                                                      0.046     0.065    bd_0_i/hls_inst/inst/clip_tris_n0_z_U/U_top_kernel_fifo_w32_d2_S_ShiftReg/SRL_SIG_reg[1][9]
  -------------------------------------------------------------------
                         required time                         -0.065    
                         arrival time                           0.095    
  -------------------------------------------------------------------
                         slack                                  0.030    

Slack (MET) :             0.030ns  (arrival time - required time)
  Source:                 bd_0_i/hls_inst/inst/clip_tris_n1_z_U/U_top_kernel_fifo_w32_d2_S_ShiftReg/SRL_SIG_reg[0][29]/C
                            (rising edge-triggered cell FDRE clocked by ap_clk  {rise@0.000ns fall@5.000ns period=10.000ns})
  Destination:            bd_0_i/hls_inst/inst/clip_tris_n1_z_U/U_top_kernel_fifo_w32_d2_S_ShiftReg/SRL_SIG_reg[1][29]/D
                            (rising edge-triggered cell FDRE clocked by ap_clk  {rise@0.000ns fall@5.000ns period=10.000ns})
  Path Group:             ap_clk
  Path Type:              Hold (Min at Fast Process Corner)
  Requirement:            0.000ns  (ap_clk rise@0.000ns - ap_clk rise@0.000ns)
  Data Path Delay:        0.082ns  (logic 0.039ns (47.561%)  route 0.043ns (52.439%))
  Logic Levels:           0  
  Clock Path Skew:        0.006ns (DCD - SCD - CPR)
    Destination Clock Delay (DCD):    0.019ns
    Source Clock Delay      (SCD):    0.013ns
    Clock Pessimism Removal (CPR):    -0.000ns

    Location             Delay type                Incr(ns)  Path(ns)    Netlist Resource(s)
  -------------------------------------------------------------------    -------------------
                         (clock ap_clk rise edge)     0.000     0.000 r  
                                                      0.000     0.000 r  ap_clk (IN)
                         net (fo=39532, unset)        0.013     0.013    bd_0_i/hls_inst/inst/clip_tris_n1_z_U/U_top_kernel_fifo_w32_d2_S_ShiftReg/ap_clk
    SLICE_X44Y36         FDRE                                         r  bd_0_i/hls_inst/inst/clip_tris_n1_z_U/U_top_kernel_fifo_w32_d2_S_ShiftReg/SRL_SIG_reg[0][29]/C
  -------------------------------------------------------------------    -------------------
    SLICE_X44Y36         FDRE (Prop_GFF_SLICEL_C_Q)
                                                      0.039     0.052 r  bd_0_i/hls_inst/inst/clip_tris_n1_z_U/U_top_kernel_fifo_w32_d2_S_ShiftReg/SRL_SIG_reg[0][29]/Q
                         net (fo=2, routed)           0.043     0.095    bd_0_i/hls_inst/inst/clip_tris_n1_z_U/U_top_kernel_fifo_w32_d2_S_ShiftReg/SRL_SIG_reg[0]_0[29]
    SLICE_X44Y36         FDRE                                         r  bd_0_i/hls_inst/inst/clip_tris_n1_z_U/U_top_kernel_fifo_w32_d2_S_ShiftReg/SRL_SIG_reg[1][29]/D
  -------------------------------------------------------------------    -------------------

                         (clock ap_clk rise edge)     0.000     0.000 r  
                                                      0.000     0.000 r  ap_clk (IN)
                         net (fo=39532, unset)        0.019     0.019    bd_0_i/hls_inst/inst/clip_tris_n1_z_U/U_top_kernel_fifo_w32_d2_S_ShiftReg/ap_clk
    SLICE_X44Y36         FDRE                                         r  bd_0_i/hls_inst/inst/clip_tris_n1_z_U/U_top_kernel_fifo_w32_d2_S_ShiftReg/SRL_SIG_reg[1][29]/C
                         clock pessimism              0.000     0.019    
    SLICE_X44Y36         FDRE (Hold_EFF_SLICEL_C_D)
                                                      0.046     0.065    bd_0_i/hls_inst/inst/clip_tris_n1_z_U/U_top_kernel_fifo_w32_d2_S_ShiftReg/SRL_SIG_reg[1][29]
  -------------------------------------------------------------------
                         required time                         -0.065    
                         arrival time                           0.095    
  -------------------------------------------------------------------
                         slack                                  0.030    

Slack (MET) :             0.030ns  (arrival time - required time)
  Source:                 bd_0_i/hls_inst/inst/clip_tris_v1_y_U/U_top_kernel_fifo_w32_d2_S_ShiftReg/SRL_SIG_reg[0][31]/C
                            (rising edge-triggered cell FDRE clocked by ap_clk  {rise@0.000ns fall@5.000ns period=10.000ns})
  Destination:            bd_0_i/hls_inst/inst/clip_tris_v1_y_U/U_top_kernel_fifo_w32_d2_S_ShiftReg/SRL_SIG_reg[1][31]/D
                            (rising edge-triggered cell FDRE clocked by ap_clk  {rise@0.000ns fall@5.000ns period=10.000ns})
  Path Group:             ap_clk
  Path Type:              Hold (Min at Fast Process Corner)
  Requirement:            0.000ns  (ap_clk rise@0.000ns - ap_clk rise@0.000ns)
  Data Path Delay:        0.082ns  (logic 0.039ns (47.561%)  route 0.043ns (52.439%))
  Logic Levels:           0  
  Clock Path Skew:        0.006ns (DCD - SCD - CPR)
    Destination Clock Delay (DCD):    0.019ns
    Source Clock Delay      (SCD):    0.013ns
    Clock Pessimism Removal (CPR):    -0.000ns

    Location             Delay type                Incr(ns)  Path(ns)    Netlist Resource(s)
  -------------------------------------------------------------------    -------------------
                         (clock ap_clk rise edge)     0.000     0.000 r  
                                                      0.000     0.000 r  ap_clk (IN)
                         net (fo=39532, unset)        0.013     0.013    bd_0_i/hls_inst/inst/clip_tris_v1_y_U/U_top_kernel_fifo_w32_d2_S_ShiftReg/ap_clk
    SLICE_X13Y82         FDRE                                         r  bd_0_i/hls_inst/inst/clip_tris_v1_y_U/U_top_kernel_fifo_w32_d2_S_ShiftReg/SRL_SIG_reg[0][31]/C
  -------------------------------------------------------------------    -------------------
    SLICE_X13Y82         FDRE (Prop_GFF_SLICEL_C_Q)
                                                      0.039     0.052 r  bd_0_i/hls_inst/inst/clip_tris_v1_y_U/U_top_kernel_fifo_w32_d2_S_ShiftReg/SRL_SIG_reg[0][31]/Q
                         net (fo=2, routed)           0.043     0.095    bd_0_i/hls_inst/inst/clip_tris_v1_y_U/U_top_kernel_fifo_w32_d2_S_ShiftReg/SRL_SIG_reg[0]_0[31]
    SLICE_X13Y82         FDRE                                         r  bd_0_i/hls_inst/inst/clip_tris_v1_y_U/U_top_kernel_fifo_w32_d2_S_ShiftReg/SRL_SIG_reg[1][31]/D
  -------------------------------------------------------------------    -------------------

                         (clock ap_clk rise edge)     0.000     0.000 r  
                                                      0.000     0.000 r  ap_clk (IN)
                         net (fo=39532, unset)        0.019     0.019    bd_0_i/hls_inst/inst/clip_tris_v1_y_U/U_top_kernel_fifo_w32_d2_S_ShiftReg/ap_clk
    SLICE_X13Y82         FDRE                                         r  bd_0_i/hls_inst/inst/clip_tris_v1_y_U/U_top_kernel_fifo_w32_d2_S_ShiftReg/SRL_SIG_reg[1][31]/C
                         clock pessimism              0.000     0.019    
    SLICE_X13Y82         FDRE (Hold_EFF_SLICEL_C_D)
                                                      0.046     0.065    bd_0_i/hls_inst/inst/clip_tris_v1_y_U/U_top_kernel_fifo_w32_d2_S_ShiftReg/SRL_SIG_reg[1][31]
  -------------------------------------------------------------------
                         required time                         -0.065    
                         arrival time                           0.095    
  -------------------------------------------------------------------
                         slack                                  0.030    

Slack (MET) :             0.030ns  (arrival time - required time)
  Source:                 bd_0_i/hls_inst/inst/screen_tris_in_n2_y_U/U_top_kernel_fifo_w32_d2_S_ShiftReg/SRL_SIG_reg[0][21]/C
                            (rising edge-triggered cell FDRE clocked by ap_clk  {rise@0.000ns fall@5.000ns period=10.000ns})
  Destination:            bd_0_i/hls_inst/inst/screen_tris_in_n2_y_U/U_top_kernel_fifo_w32_d2_S_ShiftReg/SRL_SIG_reg[1][21]/D
                            (rising edge-triggered cell FDRE clocked by ap_clk  {rise@0.000ns fall@5.000ns period=10.000ns})
  Path Group:             ap_clk
  Path Type:              Hold (Min at Fast Process Corner)
  Requirement:            0.000ns  (ap_clk rise@0.000ns - ap_clk rise@0.000ns)
  Data Path Delay:        0.082ns  (logic 0.039ns (47.561%)  route 0.043ns (52.439%))
  Logic Levels:           0  
  Clock Path Skew:        0.006ns (DCD - SCD - CPR)
    Destination Clock Delay (DCD):    0.019ns
    Source Clock Delay      (SCD):    0.013ns
    Clock Pessimism Removal (CPR):    -0.000ns

    Location             Delay type                Incr(ns)  Path(ns)    Netlist Resource(s)
  -------------------------------------------------------------------    -------------------
                         (clock ap_clk rise edge)     0.000     0.000 r  
                                                      0.000     0.000 r  ap_clk (IN)
                         net (fo=39532, unset)        0.013     0.013    bd_0_i/hls_inst/inst/screen_tris_in_n2_y_U/U_top_kernel_fifo_w32_d2_S_ShiftReg/ap_clk
    SLICE_X47Y110        FDRE                                         r  bd_0_i/hls_inst/inst/screen_tris_in_n2_y_U/U_top_kernel_fifo_w32_d2_S_ShiftReg/SRL_SIG_reg[0][21]/C
  -------------------------------------------------------------------    -------------------
    SLICE_X47Y110        FDRE (Prop_GFF_SLICEL_C_Q)
                                                      0.039     0.052 r  bd_0_i/hls_inst/inst/screen_tris_in_n2_y_U/U_top_kernel_fifo_w32_d2_S_ShiftReg/SRL_SIG_reg[0][21]/Q
                         net (fo=2, routed)           0.043     0.095    bd_0_i/hls_inst/inst/screen_tris_in_n2_y_U/U_top_kernel_fifo_w32_d2_S_ShiftReg/SRL_SIG_reg[0]_0[21]
    SLICE_X47Y110        FDRE                                         r  bd_0_i/hls_inst/inst/screen_tris_in_n2_y_U/U_top_kernel_fifo_w32_d2_S_ShiftReg/SRL_SIG_reg[1][21]/D
  -------------------------------------------------------------------    -------------------

                         (clock ap_clk rise edge)     0.000     0.000 r  
                                                      0.000     0.000 r  ap_clk (IN)
                         net (fo=39532, unset)        0.019     0.019    bd_0_i/hls_inst/inst/screen_tris_in_n2_y_U/U_top_kernel_fifo_w32_d2_S_ShiftReg/ap_clk
    SLICE_X47Y110        FDRE                                         r  bd_0_i/hls_inst/inst/screen_tris_in_n2_y_U/U_top_kernel_fifo_w32_d2_S_ShiftReg/SRL_SIG_reg[1][21]/C
                         clock pessimism              0.000     0.019    
    SLICE_X47Y110        FDRE (Hold_EFF_SLICEL_C_D)
                                                      0.046     0.065    bd_0_i/hls_inst/inst/screen_tris_in_n2_y_U/U_top_kernel_fifo_w32_d2_S_ShiftReg/SRL_SIG_reg[1][21]
  -------------------------------------------------------------------
                         required time                         -0.065    
                         arrival time                           0.095    
  -------------------------------------------------------------------
                         slack                                  0.030    

Slack (MET) :             0.030ns  (arrival time - required time)
  Source:                 bd_0_i/hls_inst/inst/screen_tris_out_n2_y_U/U_top_kernel_fifo_w32_d2_S_ShiftReg/SRL_SIG_reg[0][31]/C
                            (rising edge-triggered cell FDRE clocked by ap_clk  {rise@0.000ns fall@5.000ns period=10.000ns})
  Destination:            bd_0_i/hls_inst/inst/screen_tris_out_n2_y_U/U_top_kernel_fifo_w32_d2_S_ShiftReg/SRL_SIG_reg[1][31]/D
                            (rising edge-triggered cell FDRE clocked by ap_clk  {rise@0.000ns fall@5.000ns period=10.000ns})
  Path Group:             ap_clk
  Path Type:              Hold (Min at Fast Process Corner)
  Requirement:            0.000ns  (ap_clk rise@0.000ns - ap_clk rise@0.000ns)
  Data Path Delay:        0.082ns  (logic 0.039ns (47.561%)  route 0.043ns (52.439%))
  Logic Levels:           0  
  Clock Path Skew:        0.006ns (DCD - SCD - CPR)
    Destination Clock Delay (DCD):    0.019ns
    Source Clock Delay      (SCD):    0.013ns
    Clock Pessimism Removal (CPR):    -0.000ns

    Location             Delay type                Incr(ns)  Path(ns)    Netlist Resource(s)
  -------------------------------------------------------------------    -------------------
                         (clock ap_clk rise edge)     0.000     0.000 r  
                                                      0.000     0.000 r  ap_clk (IN)
                         net (fo=39532, unset)        0.013     0.013    bd_0_i/hls_inst/inst/screen_tris_out_n2_y_U/U_top_kernel_fifo_w32_d2_S_ShiftReg/ap_clk
    SLICE_X47Y105        FDRE                                         r  bd_0_i/hls_inst/inst/screen_tris_out_n2_y_U/U_top_kernel_fifo_w32_d2_S_ShiftReg/SRL_SIG_reg[0][31]/C
  -------------------------------------------------------------------    -------------------
    SLICE_X47Y105        FDRE (Prop_GFF_SLICEL_C_Q)
                                                      0.039     0.052 r  bd_0_i/hls_inst/inst/screen_tris_out_n2_y_U/U_top_kernel_fifo_w32_d2_S_ShiftReg/SRL_SIG_reg[0][31]/Q
                         net (fo=2, routed)           0.043     0.095    bd_0_i/hls_inst/inst/screen_tris_out_n2_y_U/U_top_kernel_fifo_w32_d2_S_ShiftReg/SRL_SIG_reg[0]_0[31]
    SLICE_X47Y105        FDRE                                         r  bd_0_i/hls_inst/inst/screen_tris_out_n2_y_U/U_top_kernel_fifo_w32_d2_S_ShiftReg/SRL_SIG_reg[1][31]/D
  -------------------------------------------------------------------    -------------------

                         (clock ap_clk rise edge)     0.000     0.000 r  
                                                      0.000     0.000 r  ap_clk (IN)
                         net (fo=39532, unset)        0.019     0.019    bd_0_i/hls_inst/inst/screen_tris_out_n2_y_U/U_top_kernel_fifo_w32_d2_S_ShiftReg/ap_clk
    SLICE_X47Y105        FDRE                                         r  bd_0_i/hls_inst/inst/screen_tris_out_n2_y_U/U_top_kernel_fifo_w32_d2_S_ShiftReg/SRL_SIG_reg[1][31]/C
                         clock pessimism              0.000     0.019    
    SLICE_X47Y105        FDRE (Hold_EFF_SLICEL_C_D)
                                                      0.046     0.065    bd_0_i/hls_inst/inst/screen_tris_out_n2_y_U/U_top_kernel_fifo_w32_d2_S_ShiftReg/SRL_SIG_reg[1][31]
  -------------------------------------------------------------------
                         required time                         -0.065    
                         arrival time                           0.095    
  -------------------------------------------------------------------
                         slack                                  0.030    

Slack (MET) :             0.030ns  (arrival time - required time)
  Source:                 bd_0_i/hls_inst/inst/screen_tris_out_n2_z_U/U_top_kernel_fifo_w32_d2_S_ShiftReg/SRL_SIG_reg[0][11]/C
                            (rising edge-triggered cell FDRE clocked by ap_clk  {rise@0.000ns fall@5.000ns period=10.000ns})
  Destination:            bd_0_i/hls_inst/inst/screen_tris_out_n2_z_U/U_top_kernel_fifo_w32_d2_S_ShiftReg/SRL_SIG_reg[1][11]/D
                            (rising edge-triggered cell FDRE clocked by ap_clk  {rise@0.000ns fall@5.000ns period=10.000ns})
  Path Group:             ap_clk
  Path Type:              Hold (Min at Fast Process Corner)
  Requirement:            0.000ns  (ap_clk rise@0.000ns - ap_clk rise@0.000ns)
  Data Path Delay:        0.082ns  (logic 0.039ns (47.561%)  route 0.043ns (52.439%))
  Logic Levels:           0  
  Clock Path Skew:        0.006ns (DCD - SCD - CPR)
    Destination Clock Delay (DCD):    0.019ns
    Source Clock Delay      (SCD):    0.013ns
    Clock Pessimism Removal (CPR):    -0.000ns

    Location             Delay type                Incr(ns)  Path(ns)    Netlist Resource(s)
  -------------------------------------------------------------------    -------------------
                         (clock ap_clk rise edge)     0.000     0.000 r  
                                                      0.000     0.000 r  ap_clk (IN)
                         net (fo=39532, unset)        0.013     0.013    bd_0_i/hls_inst/inst/screen_tris_out_n2_z_U/U_top_kernel_fifo_w32_d2_S_ShiftReg/ap_clk
    SLICE_X44Y41         FDRE                                         r  bd_0_i/hls_inst/inst/screen_tris_out_n2_z_U/U_top_kernel_fifo_w32_d2_S_ShiftReg/SRL_SIG_reg[0][11]/C
  -------------------------------------------------------------------    -------------------
    SLICE_X44Y41         FDRE (Prop_GFF_SLICEL_C_Q)
                                                      0.039     0.052 r  bd_0_i/hls_inst/inst/screen_tris_out_n2_z_U/U_top_kernel_fifo_w32_d2_S_ShiftReg/SRL_SIG_reg[0][11]/Q
                         net (fo=2, routed)           0.043     0.095    bd_0_i/hls_inst/inst/screen_tris_out_n2_z_U/U_top_kernel_fifo_w32_d2_S_ShiftReg/SRL_SIG_reg[0]_0[11]
    SLICE_X44Y41         FDRE                                         r  bd_0_i/hls_inst/inst/screen_tris_out_n2_z_U/U_top_kernel_fifo_w32_d2_S_ShiftReg/SRL_SIG_reg[1][11]/D
  -------------------------------------------------------------------    -------------------

                         (clock ap_clk rise edge)     0.000     0.000 r  
                                                      0.000     0.000 r  ap_clk (IN)
                         net (fo=39532, unset)        0.019     0.019    bd_0_i/hls_inst/inst/screen_tris_out_n2_z_U/U_top_kernel_fifo_w32_d2_S_ShiftReg/ap_clk
    SLICE_X44Y41         FDRE                                         r  bd_0_i/hls_inst/inst/screen_tris_out_n2_z_U/U_top_kernel_fifo_w32_d2_S_ShiftReg/SRL_SIG_reg[1][11]/C
                         clock pessimism              0.000     0.019    
    SLICE_X44Y41         FDRE (Hold_EFF_SLICEL_C_D)
                                                      0.046     0.065    bd_0_i/hls_inst/inst/screen_tris_out_n2_z_U/U_top_kernel_fifo_w32_d2_S_ShiftReg/SRL_SIG_reg[1][11]
  -------------------------------------------------------------------
                         required time                         -0.065    
                         arrival time                           0.095    
  -------------------------------------------------------------------
                         slack                                  0.030    

Slack (MET) :             0.031ns  (arrival time - required time)
  Source:                 bd_0_i/hls_inst/inst/screen_tris_out_n2_z_U/U_top_kernel_fifo_w32_d2_S_ShiftReg/SRL_SIG_reg[0][17]/C
                            (rising edge-triggered cell FDRE clocked by ap_clk  {rise@0.000ns fall@5.000ns period=10.000ns})
  Destination:            bd_0_i/hls_inst/inst/screen_tris_out_n2_z_U/U_top_kernel_fifo_w32_d2_S_ShiftReg/SRL_SIG_reg[1][17]/D
                            (rising edge-triggered cell FDRE clocked by ap_clk  {rise@0.000ns fall@5.000ns period=10.000ns})
  Path Group:             ap_clk
  Path Type:              Hold (Min at Fast Process Corner)
  Requirement:            0.000ns  (ap_clk rise@0.000ns - ap_clk rise@0.000ns)
  Data Path Delay:        0.083ns  (logic 0.039ns (46.988%)  route 0.044ns (53.012%))
  Logic Levels:           0  
  Clock Path Skew:        0.006ns (DCD - SCD - CPR)
    Destination Clock Delay (DCD):    0.019ns
    Source Clock Delay      (SCD):    0.013ns
    Clock Pessimism Removal (CPR):    -0.000ns

    Location             Delay type                Incr(ns)  Path(ns)    Netlist Resource(s)
  -------------------------------------------------------------------    -------------------
                         (clock ap_clk rise edge)     0.000     0.000 r  
                                                      0.000     0.000 r  ap_clk (IN)
                         net (fo=39532, unset)        0.013     0.013    bd_0_i/hls_inst/inst/screen_tris_out_n2_z_U/U_top_kernel_fifo_w32_d2_S_ShiftReg/ap_clk
    SLICE_X44Y40         FDRE                                         r  bd_0_i/hls_inst/inst/screen_tris_out_n2_z_U/U_top_kernel_fifo_w32_d2_S_ShiftReg/SRL_SIG_reg[0][17]/C
  -------------------------------------------------------------------    -------------------
    SLICE_X44Y40         FDRE (Prop_GFF_SLICEL_C_Q)
                                                      0.039     0.052 r  bd_0_i/hls_inst/inst/screen_tris_out_n2_z_U/U_top_kernel_fifo_w32_d2_S_ShiftReg/SRL_SIG_reg[0][17]/Q
                         net (fo=2, routed)           0.044     0.096    bd_0_i/hls_inst/inst/screen_tris_out_n2_z_U/U_top_kernel_fifo_w32_d2_S_ShiftReg/SRL_SIG_reg[0]_0[17]
    SLICE_X44Y40         FDRE                                         r  bd_0_i/hls_inst/inst/screen_tris_out_n2_z_U/U_top_kernel_fifo_w32_d2_S_ShiftReg/SRL_SIG_reg[1][17]/D
  -------------------------------------------------------------------    -------------------

                         (clock ap_clk rise edge)     0.000     0.000 r  
                                                      0.000     0.000 r  ap_clk (IN)
                         net (fo=39532, unset)        0.019     0.019    bd_0_i/hls_inst/inst/screen_tris_out_n2_z_U/U_top_kernel_fifo_w32_d2_S_ShiftReg/ap_clk
    SLICE_X44Y40         FDRE                                         r  bd_0_i/hls_inst/inst/screen_tris_out_n2_z_U/U_top_kernel_fifo_w32_d2_S_ShiftReg/SRL_SIG_reg[1][17]/C
                         clock pessimism              0.000     0.019    
    SLICE_X44Y40         FDRE (Hold_FFF_SLICEL_C_D)
                                                      0.046     0.065    bd_0_i/hls_inst/inst/screen_tris_out_n2_z_U/U_top_kernel_fifo_w32_d2_S_ShiftReg/SRL_SIG_reg[1][17]
  -------------------------------------------------------------------
                         required time                         -0.065    
                         arrival time                           0.096    
  -------------------------------------------------------------------
                         slack                                  0.031    





Pulse Width Checks
--------------------------------------------------------------------------------------
Clock Name:         ap_clk
Waveform(ns):       { 0.000 5.000 }
Period(ns):         10.000
Sources:            { ap_clk }

Check Type        Corner  Lib Pin             Reference Pin  Required(ns)  Actual(ns)  Slack(ns)  Location       Pin
Min Period        n/a     RAMB36E2/CLKARDCLK  n/a            1.739         10.000      8.261      RAMB36_X0Y4    bd_0_i/hls_inst/inst/depth_buffer_U/top_kernel_depth_buffer_RAM_AUTO_1R1W_memcore_U/ram_reg_bram_0/CLKARDCLK
Min Period        n/a     RAMB36E2/CLKARDCLK  n/a            1.739         10.000      8.261      RAMB36_X0Y5    bd_0_i/hls_inst/inst/depth_buffer_U/top_kernel_depth_buffer_RAM_AUTO_1R1W_memcore_U/ram_reg_bram_1/CLKARDCLK
Min Period        n/a     RAMB36E2/CLKARDCLK  n/a            1.739         10.000      8.261      RAMB36_X0Y6    bd_0_i/hls_inst/inst/depth_buffer_U/top_kernel_depth_buffer_RAM_AUTO_1R1W_memcore_U/ram_reg_bram_2/CLKARDCLK
Min Period        n/a     RAMB36E2/CLKARDCLK  n/a            1.739         10.000      8.261      RAMB36_X0Y7    bd_0_i/hls_inst/inst/depth_buffer_U/top_kernel_depth_buffer_RAM_AUTO_1R1W_memcore_U/ram_reg_bram_3/CLKARDCLK
Min Period        n/a     RAMB36E2/CLKARDCLK  n/a            1.739         10.000      8.261      RAMB36_X1Y6    bd_0_i/hls_inst/inst/depth_buffer_U/top_kernel_depth_buffer_RAM_AUTO_1R1W_memcore_U/ram_reg_bram_4/CLKARDCLK
Min Period        n/a     RAMB36E2/CLKARDCLK  n/a            1.739         10.000      8.261      RAMB36_X1Y7    bd_0_i/hls_inst/inst/depth_buffer_U/top_kernel_depth_buffer_RAM_AUTO_1R1W_memcore_U/ram_reg_bram_5/CLKARDCLK
Min Period        n/a     RAMB36E2/CLKARDCLK  n/a            1.739         10.000      8.261      RAMB36_X0Y8    bd_0_i/hls_inst/inst/depth_buffer_U/top_kernel_depth_buffer_RAM_AUTO_1R1W_memcore_U/ram_reg_bram_6/CLKARDCLK
Min Period        n/a     RAMB18E2/CLKARDCLK  n/a            1.739         10.000      8.261      RAMB18_X0Y18   bd_0_i/hls_inst/inst/depth_buffer_U/top_kernel_depth_buffer_RAM_AUTO_1R1W_memcore_U/ram_reg_bram_7/CLKARDCLK
Min Period        n/a     RAMB36E2/CLKARDCLK  n/a            1.739         10.000      8.261      RAMB36_X4Y10   bd_0_i/hls_inst/inst/gmem0_m_axi_U/load_unit_0/buff_rdata/U_fifo_mem/mem_reg_0/CLKARDCLK
Min Period        n/a     RAMB36E2/CLKBWRCLK  n/a            1.739         10.000      8.261      RAMB36_X4Y10   bd_0_i/hls_inst/inst/gmem0_m_axi_U/load_unit_0/buff_rdata/U_fifo_mem/mem_reg_0/CLKBWRCLK
Low Pulse Width   Slow    SRL16E/CLK          n/a            0.573         5.000       4.427      SLICE_X48Y116  bd_0_i/hls_inst/inst/bus_read/ost_ctrl_gen[0].fifo_burst/U_fifo_srl/mem_reg[14][0]_srl15/CLK
Low Pulse Width   Fast    SRL16E/CLK          n/a            0.573         5.000       4.427      SLICE_X48Y116  bd_0_i/hls_inst/inst/bus_read/ost_ctrl_gen[0].fifo_burst/U_fifo_srl/mem_reg[14][0]_srl15/CLK
Low Pulse Width   Slow    SRL16E/CLK          n/a            0.573         5.000       4.427      SLICE_X34Y100  bd_0_i/hls_inst/inst/ost_ctrl_gen[0].fifo_burst/U_fifo_srl/mem_reg[14][0]_srl15/CLK
Low Pulse Width   Fast    SRL16E/CLK          n/a            0.573         5.000       4.427      SLICE_X34Y100  bd_0_i/hls_inst/inst/ost_ctrl_gen[0].fifo_burst/U_fifo_srl/mem_reg[14][0]_srl15/CLK
Low Pulse Width   Slow    SRL16E/CLK          n/a            0.573         5.000       4.427      SLICE_X29Y108  bd_0_i/hls_inst/inst/gmem0_m_axi_U/load_unit_0/fifo_rreq/U_fifo_srl/mem_reg[5][0]_srl6/CLK
Low Pulse Width   Fast    SRL16E/CLK          n/a            0.573         5.000       4.427      SLICE_X29Y108  bd_0_i/hls_inst/inst/gmem0_m_axi_U/load_unit_0/fifo_rreq/U_fifo_srl/mem_reg[5][0]_srl6/CLK
Low Pulse Width   Slow    SRL16E/CLK          n/a            0.573         5.000       4.427      SLICE_X29Y108  bd_0_i/hls_inst/inst/gmem0_m_axi_U/load_unit_0/fifo_rreq/U_fifo_srl/mem_reg[5][10]_srl6/CLK
Low Pulse Width   Fast    SRL16E/CLK          n/a            0.573         5.000       4.427      SLICE_X29Y108  bd_0_i/hls_inst/inst/gmem0_m_axi_U/load_unit_0/fifo_rreq/U_fifo_srl/mem_reg[5][10]_srl6/CLK
Low Pulse Width   Slow    SRL16E/CLK          n/a            0.573         5.000       4.427      SLICE_X29Y108  bd_0_i/hls_inst/inst/gmem0_m_axi_U/load_unit_0/fifo_rreq/U_fifo_srl/mem_reg[5][11]_srl6/CLK
Low Pulse Width   Fast    SRL16E/CLK          n/a            0.573         5.000       4.427      SLICE_X29Y108  bd_0_i/hls_inst/inst/gmem0_m_axi_U/load_unit_0/fifo_rreq/U_fifo_srl/mem_reg[5][11]_srl6/CLK
High Pulse Width  Slow    SRL16E/CLK          n/a            0.573         5.000       4.427      SLICE_X48Y116  bd_0_i/hls_inst/inst/bus_read/ost_ctrl_gen[0].fifo_burst/U_fifo_srl/mem_reg[14][0]_srl15/CLK
High Pulse Width  Fast    SRL16E/CLK          n/a            0.573         5.000       4.427      SLICE_X48Y116  bd_0_i/hls_inst/inst/bus_read/ost_ctrl_gen[0].fifo_burst/U_fifo_srl/mem_reg[14][0]_srl15/CLK
High Pulse Width  Slow    SRL16E/CLK          n/a            0.573         5.000       4.427      SLICE_X34Y100  bd_0_i/hls_inst/inst/ost_ctrl_gen[0].fifo_burst/U_fifo_srl/mem_reg[14][0]_srl15/CLK
High Pulse Width  Fast    SRL16E/CLK          n/a            0.573         5.000       4.427      SLICE_X34Y100  bd_0_i/hls_inst/inst/ost_ctrl_gen[0].fifo_burst/U_fifo_srl/mem_reg[14][0]_srl15/CLK
High Pulse Width  Slow    SRL16E/CLK          n/a            0.573         5.000       4.427      SLICE_X29Y108  bd_0_i/hls_inst/inst/gmem0_m_axi_U/load_unit_0/fifo_rreq/U_fifo_srl/mem_reg[5][0]_srl6/CLK
High Pulse Width  Fast    SRL16E/CLK          n/a            0.573         5.000       4.427      SLICE_X29Y108  bd_0_i/hls_inst/inst/gmem0_m_axi_U/load_unit_0/fifo_rreq/U_fifo_srl/mem_reg[5][0]_srl6/CLK
High Pulse Width  Slow    SRL16E/CLK          n/a            0.573         5.000       4.427      SLICE_X29Y108  bd_0_i/hls_inst/inst/gmem0_m_axi_U/load_unit_0/fifo_rreq/U_fifo_srl/mem_reg[5][10]_srl6/CLK
High Pulse Width  Fast    SRL16E/CLK          n/a            0.573         5.000       4.427      SLICE_X29Y108  bd_0_i/hls_inst/inst/gmem0_m_axi_U/load_unit_0/fifo_rreq/U_fifo_srl/mem_reg[5][10]_srl6/CLK
High Pulse Width  Slow    SRL16E/CLK          n/a            0.573         5.000       4.427      SLICE_X29Y108  bd_0_i/hls_inst/inst/gmem0_m_axi_U/load_unit_0/fifo_rreq/U_fifo_srl/mem_reg[5][11]_srl6/CLK
High Pulse Width  Fast    SRL16E/CLK          n/a            0.573         5.000       4.427      SLICE_X29Y108  bd_0_i/hls_inst/inst/gmem0_m_axi_U/load_unit_0/fifo_rreq/U_fifo_srl/mem_reg[5][11]_srl6/CLK



--------------------------------------------------------------------------------------
Path Group:  (none)
From Clock:  ap_clk
  To Clock:  

Max Delay           267 Endpoints
Min Delay           267 Endpoints
--------------------------------------------------------------------------------------


Max Delay Paths
--------------------------------------------------------------------------------------
Slack:                    inf
  Source:                 bd_0_i/hls_inst/inst/gmem1_m_axi_U/bus_write/wreq_throttle/local_BUS_WDATA_reg[13]/C
                            (rising edge-triggered cell FDRE clocked by ap_clk  {rise@0.000ns fall@5.000ns period=10.000ns})
  Destination:            m_axi_gmem1_wdata[13]
                            (output port)
  Path Group:             (none)
  Path Type:              Max at Slow Process Corner
  Data Path Delay:        0.099ns  (logic 0.099ns (100.000%)  route 0.000ns (0.000%))
  Logic Levels:           0  
  Clock Uncertainty:      0.025ns  ((TSJ^2 + TIJ^2)^1/2 + DJ) / 2 + PE
    Total System Jitter     (TSJ):    0.050ns
    Total Input Jitter      (TIJ):    0.000ns
    Discrete Jitter          (DJ):    0.000ns
    Phase Error              (PE):    0.000ns

    Location             Delay type                Incr(ns)  Path(ns)    Netlist Resource(s)
  -------------------------------------------------------------------    -------------------
                         (clock ap_clk rise edge)     0.000     0.000 r  
                                                      0.000     0.000 r  ap_clk (IN)
                         net (fo=39532, unset)        0.036     0.036    bd_0_i/hls_inst/inst/gmem1_m_axi_U/bus_write/wreq_throttle/ap_clk
    SLICE_X22Y48         FDRE                                         r  bd_0_i/hls_inst/inst/gmem1_m_axi_U/bus_write/wreq_throttle/local_BUS_WDATA_reg[13]/C
  -------------------------------------------------------------------    -------------------
    SLICE_X22Y48         FDRE (Prop_EFF2_SLICEL_C_Q)
                                                      0.099     0.135 r  bd_0_i/hls_inst/inst/gmem1_m_axi_U/bus_write/wreq_throttle/local_BUS_WDATA_reg[13]/Q
                         net (fo=0)                   0.000     0.135    m_axi_gmem1_wdata[13]
                                                                      r  m_axi_gmem1_wdata[13] (OUT)
  -------------------------------------------------------------------    -------------------

Slack:                    inf
  Source:                 bd_0_i/hls_inst/inst/gmem1_m_axi_U/bus_write/wreq_throttle/local_BUS_WDATA_reg[14]/C
                            (rising edge-triggered cell FDRE clocked by ap_clk  {rise@0.000ns fall@5.000ns period=10.000ns})
  Destination:            m_axi_gmem1_wdata[14]
                            (output port)
  Path Group:             (none)
  Path Type:              Max at Slow Process Corner
  Data Path Delay:        0.099ns  (logic 0.099ns (100.000%)  route 0.000ns (0.000%))
  Logic Levels:           0  
  Clock Uncertainty:      0.025ns  ((TSJ^2 + TIJ^2)^1/2 + DJ) / 2 + PE
    Total System Jitter     (TSJ):    0.050ns
    Total Input Jitter      (TIJ):    0.000ns
    Discrete Jitter          (DJ):    0.000ns
    Phase Error              (PE):    0.000ns

    Location             Delay type                Incr(ns)  Path(ns)    Netlist Resource(s)
  -------------------------------------------------------------------    -------------------
                         (clock ap_clk rise edge)     0.000     0.000 r  
                                                      0.000     0.000 r  ap_clk (IN)
                         net (fo=39532, unset)        0.036     0.036    bd_0_i/hls_inst/inst/gmem1_m_axi_U/bus_write/wreq_throttle/ap_clk
    SLICE_X26Y49         FDRE                                         r  bd_0_i/hls_inst/inst/gmem1_m_axi_U/bus_write/wreq_throttle/local_BUS_WDATA_reg[14]/C
  -------------------------------------------------------------------    -------------------
    SLICE_X26Y49         FDRE (Prop_EFF2_SLICEL_C_Q)
                                                      0.099     0.135 r  bd_0_i/hls_inst/inst/gmem1_m_axi_U/bus_write/wreq_throttle/local_BUS_WDATA_reg[14]/Q
                         net (fo=0)                   0.000     0.135    m_axi_gmem1_wdata[14]
                                                                      r  m_axi_gmem1_wdata[14] (OUT)
  -------------------------------------------------------------------    -------------------

Slack:                    inf
  Source:                 bd_0_i/hls_inst/inst/gmem1_m_axi_U/bus_write/wreq_throttle/local_BUS_WDATA_reg[17]/C
                            (rising edge-triggered cell FDRE clocked by ap_clk  {rise@0.000ns fall@5.000ns period=10.000ns})
  Destination:            m_axi_gmem1_wdata[17]
                            (output port)
  Path Group:             (none)
  Path Type:              Max at Slow Process Corner
  Data Path Delay:        0.099ns  (logic 0.099ns (100.000%)  route 0.000ns (0.000%))
  Logic Levels:           0  
  Clock Uncertainty:      0.025ns  ((TSJ^2 + TIJ^2)^1/2 + DJ) / 2 + PE
    Total System Jitter     (TSJ):    0.050ns
    Total Input Jitter      (TIJ):    0.000ns
    Discrete Jitter          (DJ):    0.000ns
    Phase Error              (PE):    0.000ns

    Location             Delay type                Incr(ns)  Path(ns)    Netlist Resource(s)
  -------------------------------------------------------------------    -------------------
                         (clock ap_clk rise edge)     0.000     0.000 r  
                                                      0.000     0.000 r  ap_clk (IN)
                         net (fo=39532, unset)        0.036     0.036    bd_0_i/hls_inst/inst/gmem1_m_axi_U/bus_write/wreq_throttle/ap_clk
    SLICE_X21Y52         FDRE                                         r  bd_0_i/hls_inst/inst/gmem1_m_axi_U/bus_write/wreq_throttle/local_BUS_WDATA_reg[17]/C
  -------------------------------------------------------------------    -------------------
    SLICE_X21Y52         FDRE (Prop_EFF2_SLICEL_C_Q)
                                                      0.099     0.135 r  bd_0_i/hls_inst/inst/gmem1_m_axi_U/bus_write/wreq_throttle/local_BUS_WDATA_reg[17]/Q
                         net (fo=0)                   0.000     0.135    m_axi_gmem1_wdata[17]
                                                                      r  m_axi_gmem1_wdata[17] (OUT)
  -------------------------------------------------------------------    -------------------

Slack:                    inf
  Source:                 bd_0_i/hls_inst/inst/gmem1_m_axi_U/bus_write/wreq_throttle/local_BUS_WDATA_reg[1]/C
                            (rising edge-triggered cell FDRE clocked by ap_clk  {rise@0.000ns fall@5.000ns period=10.000ns})
  Destination:            m_axi_gmem1_wdata[1]
                            (output port)
  Path Group:             (none)
  Path Type:              Max at Slow Process Corner
  Data Path Delay:        0.099ns  (logic 0.099ns (100.000%)  route 0.000ns (0.000%))
  Logic Levels:           0  
  Clock Uncertainty:      0.025ns  ((TSJ^2 + TIJ^2)^1/2 + DJ) / 2 + PE
    Total System Jitter     (TSJ):    0.050ns
    Total Input Jitter      (TIJ):    0.000ns
    Discrete Jitter          (DJ):    0.000ns
    Phase Error              (PE):    0.000ns

    Location             Delay type                Incr(ns)  Path(ns)    Netlist Resource(s)
  -------------------------------------------------------------------    -------------------
                         (clock ap_clk rise edge)     0.000     0.000 r  
                                                      0.000     0.000 r  ap_clk (IN)
                         net (fo=39532, unset)        0.036     0.036    bd_0_i/hls_inst/inst/gmem1_m_axi_U/bus_write/wreq_throttle/ap_clk
    SLICE_X22Y48         FDRE                                         r  bd_0_i/hls_inst/inst/gmem1_m_axi_U/bus_write/wreq_throttle/local_BUS_WDATA_reg[1]/C
  -------------------------------------------------------------------    -------------------
    SLICE_X22Y48         FDRE (Prop_FFF2_SLICEL_C_Q)
                                                      0.099     0.135 r  bd_0_i/hls_inst/inst/gmem1_m_axi_U/bus_write/wreq_throttle/local_BUS_WDATA_reg[1]/Q
                         net (fo=0)                   0.000     0.135    m_axi_gmem1_wdata[1]
                                                                      r  m_axi_gmem1_wdata[1] (OUT)
  -------------------------------------------------------------------    -------------------

Slack:                    inf
  Source:                 bd_0_i/hls_inst/inst/gmem1_m_axi_U/bus_write/wreq_throttle/local_BUS_WDATA_reg[20]/C
                            (rising edge-triggered cell FDRE clocked by ap_clk  {rise@0.000ns fall@5.000ns period=10.000ns})
  Destination:            m_axi_gmem1_wdata[20]
                            (output port)
  Path Group:             (none)
  Path Type:              Max at Slow Process Corner
  Data Path Delay:        0.099ns  (logic 0.099ns (100.000%)  route 0.000ns (0.000%))
  Logic Levels:           0  
  Clock Uncertainty:      0.025ns  ((TSJ^2 + TIJ^2)^1/2 + DJ) / 2 + PE
    Total System Jitter     (TSJ):    0.050ns
    Total Input Jitter      (TIJ):    0.000ns
    Discrete Jitter          (DJ):    0.000ns
    Phase Error              (PE):    0.000ns

    Location             Delay type                Incr(ns)  Path(ns)    Netlist Resource(s)
  -------------------------------------------------------------------    -------------------
                         (clock ap_clk rise edge)     0.000     0.000 r  
                                                      0.000     0.000 r  ap_clk (IN)
                         net (fo=39532, unset)        0.036     0.036    bd_0_i/hls_inst/inst/gmem1_m_axi_U/bus_write/wreq_throttle/ap_clk
    SLICE_X25Y52         FDRE                                         r  bd_0_i/hls_inst/inst/gmem1_m_axi_U/bus_write/wreq_throttle/local_BUS_WDATA_reg[20]/C
  -------------------------------------------------------------------    -------------------
    SLICE_X25Y52         FDRE (Prop_EFF2_SLICEL_C_Q)
                                                      0.099     0.135 r  bd_0_i/hls_inst/inst/gmem1_m_axi_U/bus_write/wreq_throttle/local_BUS_WDATA_reg[20]/Q
                         net (fo=0)                   0.000     0.135    m_axi_gmem1_wdata[20]
                                                                      r  m_axi_gmem1_wdata[20] (OUT)
  -------------------------------------------------------------------    -------------------

Slack:                    inf
  Source:                 bd_0_i/hls_inst/inst/gmem1_m_axi_U/bus_write/wreq_throttle/local_BUS_WDATA_reg[22]/C
                            (rising edge-triggered cell FDRE clocked by ap_clk  {rise@0.000ns fall@5.000ns period=10.000ns})
  Destination:            m_axi_gmem1_wdata[22]
                            (output port)
  Path Group:             (none)
  Path Type:              Max at Slow Process Corner
  Data Path Delay:        0.099ns  (logic 0.099ns (100.000%)  route 0.000ns (0.000%))
  Logic Levels:           0  
  Clock Uncertainty:      0.025ns  ((TSJ^2 + TIJ^2)^1/2 + DJ) / 2 + PE
    Total System Jitter     (TSJ):    0.050ns
    Total Input Jitter      (TIJ):    0.000ns
    Discrete Jitter          (DJ):    0.000ns
    Phase Error              (PE):    0.000ns

    Location             Delay type                Incr(ns)  Path(ns)    Netlist Resource(s)
  -------------------------------------------------------------------    -------------------
                         (clock ap_clk rise edge)     0.000     0.000 r  
                                                      0.000     0.000 r  ap_clk (IN)
                         net (fo=39532, unset)        0.036     0.036    bd_0_i/hls_inst/inst/gmem1_m_axi_U/bus_write/wreq_throttle/ap_clk
    SLICE_X26Y49         FDRE                                         r  bd_0_i/hls_inst/inst/gmem1_m_axi_U/bus_write/wreq_throttle/local_BUS_WDATA_reg[22]/C
  -------------------------------------------------------------------    -------------------
    SLICE_X26Y49         FDRE (Prop_FFF2_SLICEL_C_Q)
                                                      0.099     0.135 r  bd_0_i/hls_inst/inst/gmem1_m_axi_U/bus_write/wreq_throttle/local_BUS_WDATA_reg[22]/Q
                         net (fo=0)                   0.000     0.135    m_axi_gmem1_wdata[22]
                                                                      r  m_axi_gmem1_wdata[22] (OUT)
  -------------------------------------------------------------------    -------------------

Slack:                    inf
  Source:                 bd_0_i/hls_inst/inst/gmem1_m_axi_U/bus_write/wreq_throttle/local_BUS_WDATA_reg[3]/C
                            (rising edge-triggered cell FDRE clocked by ap_clk  {rise@0.000ns fall@5.000ns period=10.000ns})
  Destination:            m_axi_gmem1_wdata[3]
                            (output port)
  Path Group:             (none)
  Path Type:              Max at Slow Process Corner
  Data Path Delay:        0.099ns  (logic 0.099ns (100.000%)  route 0.000ns (0.000%))
  Logic Levels:           0  
  Clock Uncertainty:      0.025ns  ((TSJ^2 + TIJ^2)^1/2 + DJ) / 2 + PE
    Total System Jitter     (TSJ):    0.050ns
    Total Input Jitter      (TIJ):    0.000ns
    Discrete Jitter          (DJ):    0.000ns
    Phase Error              (PE):    0.000ns

    Location             Delay type                Incr(ns)  Path(ns)    Netlist Resource(s)
  -------------------------------------------------------------------    -------------------
                         (clock ap_clk rise edge)     0.000     0.000 r  
                                                      0.000     0.000 r  ap_clk (IN)
                         net (fo=39532, unset)        0.036     0.036    bd_0_i/hls_inst/inst/gmem1_m_axi_U/bus_write/wreq_throttle/ap_clk
    SLICE_X26Y49         FDRE                                         r  bd_0_i/hls_inst/inst/gmem1_m_axi_U/bus_write/wreq_throttle/local_BUS_WDATA_reg[3]/C
  -------------------------------------------------------------------    -------------------
    SLICE_X26Y49         FDRE (Prop_GFF2_SLICEL_C_Q)
                                                      0.099     0.135 r  bd_0_i/hls_inst/inst/gmem1_m_axi_U/bus_write/wreq_throttle/local_BUS_WDATA_reg[3]/Q
                         net (fo=0)                   0.000     0.135    m_axi_gmem1_wdata[3]
                                                                      r  m_axi_gmem1_wdata[3] (OUT)
  -------------------------------------------------------------------    -------------------

Slack:                    inf
  Source:                 bd_0_i/hls_inst/inst/gmem1_m_axi_U/bus_write/wreq_throttle/local_BUS_WDATA_reg[4]/C
                            (rising edge-triggered cell FDRE clocked by ap_clk  {rise@0.000ns fall@5.000ns period=10.000ns})
  Destination:            m_axi_gmem1_wdata[4]
                            (output port)
  Path Group:             (none)
  Path Type:              Max at Slow Process Corner
  Data Path Delay:        0.099ns  (logic 0.099ns (100.000%)  route 0.000ns (0.000%))
  Logic Levels:           0  
  Clock Uncertainty:      0.025ns  ((TSJ^2 + TIJ^2)^1/2 + DJ) / 2 + PE
    Total System Jitter     (TSJ):    0.050ns
    Total Input Jitter      (TIJ):    0.000ns
    Discrete Jitter          (DJ):    0.000ns
    Phase Error              (PE):    0.000ns

    Location             Delay type                Incr(ns)  Path(ns)    Netlist Resource(s)
  -------------------------------------------------------------------    -------------------
                         (clock ap_clk rise edge)     0.000     0.000 r  
                                                      0.000     0.000 r  ap_clk (IN)
                         net (fo=39532, unset)        0.036     0.036    bd_0_i/hls_inst/inst/gmem1_m_axi_U/bus_write/wreq_throttle/ap_clk
    SLICE_X25Y52         FDRE                                         r  bd_0_i/hls_inst/inst/gmem1_m_axi_U/bus_write/wreq_throttle/local_BUS_WDATA_reg[4]/C
  -------------------------------------------------------------------    -------------------
    SLICE_X25Y52         FDRE (Prop_FFF2_SLICEL_C_Q)
                                                      0.099     0.135 r  bd_0_i/hls_inst/inst/gmem1_m_axi_U/bus_write/wreq_throttle/local_BUS_WDATA_reg[4]/Q
                         net (fo=0)                   0.000     0.135    m_axi_gmem1_wdata[4]
                                                                      r  m_axi_gmem1_wdata[4] (OUT)
  -------------------------------------------------------------------    -------------------

Slack:                    inf
  Source:                 bd_0_i/hls_inst/inst/gmem1_m_axi_U/bus_write/wreq_throttle/local_BUS_WSTRB_reg[1]/C
                            (rising edge-triggered cell FDRE clocked by ap_clk  {rise@0.000ns fall@5.000ns period=10.000ns})
  Destination:            m_axi_gmem1_wstrb[1]
                            (output port)
  Path Group:             (none)
  Path Type:              Max at Slow Process Corner
  Data Path Delay:        0.099ns  (logic 0.099ns (100.000%)  route 0.000ns (0.000%))
  Logic Levels:           0  
  Clock Uncertainty:      0.025ns  ((TSJ^2 + TIJ^2)^1/2 + DJ) / 2 + PE
    Total System Jitter     (TSJ):    0.050ns
    Total Input Jitter      (TIJ):    0.000ns
    Discrete Jitter          (DJ):    0.000ns
    Phase Error              (PE):    0.000ns

    Location             Delay type                Incr(ns)  Path(ns)    Netlist Resource(s)
  -------------------------------------------------------------------    -------------------
                         (clock ap_clk rise edge)     0.000     0.000 r  
                                                      0.000     0.000 r  ap_clk (IN)
                         net (fo=39532, unset)        0.036     0.036    bd_0_i/hls_inst/inst/gmem1_m_axi_U/bus_write/wreq_throttle/ap_clk
    SLICE_X26Y51         FDRE                                         r  bd_0_i/hls_inst/inst/gmem1_m_axi_U/bus_write/wreq_throttle/local_BUS_WSTRB_reg[1]/C
  -------------------------------------------------------------------    -------------------
    SLICE_X26Y51         FDRE (Prop_EFF2_SLICEL_C_Q)
                                                      0.099     0.135 r  bd_0_i/hls_inst/inst/gmem1_m_axi_U/bus_write/wreq_throttle/local_BUS_WSTRB_reg[1]/Q
                         net (fo=0)                   0.000     0.135    m_axi_gmem1_wstrb[1]
                                                                      r  m_axi_gmem1_wstrb[1] (OUT)
  -------------------------------------------------------------------    -------------------

Slack:                    inf
  Source:                 bd_0_i/hls_inst/inst/gmem1_m_axi_U/bus_write/wreq_throttle/local_BUS_WDATA_reg[6]/C
                            (rising edge-triggered cell FDRE clocked by ap_clk  {rise@0.000ns fall@5.000ns period=10.000ns})
  Destination:            m_axi_gmem1_wdata[6]
                            (output port)
  Path Group:             (none)
  Path Type:              Max at Slow Process Corner
  Data Path Delay:        0.099ns  (logic 0.099ns (100.000%)  route 0.000ns (0.000%))
  Logic Levels:           0  
  Clock Uncertainty:      0.025ns  ((TSJ^2 + TIJ^2)^1/2 + DJ) / 2 + PE
    Total System Jitter     (TSJ):    0.050ns
    Total Input Jitter      (TIJ):    0.000ns
    Discrete Jitter          (DJ):    0.000ns
    Phase Error              (PE):    0.000ns

    Location             Delay type                Incr(ns)  Path(ns)    Netlist Resource(s)
  -------------------------------------------------------------------    -------------------
                         (clock ap_clk rise edge)     0.000     0.000 r  
                                                      0.000     0.000 r  ap_clk (IN)
                         net (fo=39532, unset)        0.035     0.035    bd_0_i/hls_inst/inst/gmem1_m_axi_U/bus_write/wreq_throttle/ap_clk
    SLICE_X26Y50         FDRE                                         r  bd_0_i/hls_inst/inst/gmem1_m_axi_U/bus_write/wreq_throttle/local_BUS_WDATA_reg[6]/C
  -------------------------------------------------------------------    -------------------
    SLICE_X26Y50         FDRE (Prop_AFF2_SLICEL_C_Q)
                                                      0.099     0.134 r  bd_0_i/hls_inst/inst/gmem1_m_axi_U/bus_write/wreq_throttle/local_BUS_WDATA_reg[6]/Q
                         net (fo=0)                   0.000     0.134    m_axi_gmem1_wdata[6]
                                                                      r  m_axi_gmem1_wdata[6] (OUT)
  -------------------------------------------------------------------    -------------------





Min Delay Paths
--------------------------------------------------------------------------------------
Slack:                    inf
  Source:                 bd_0_i/hls_inst/inst/gmem1_m_axi_U/bus_write/wreq_throttle/rs_req/data_p1_reg[22]/C
                            (rising edge-triggered cell FDRE clocked by ap_clk  {rise@0.000ns fall@5.000ns period=10.000ns})
  Destination:            m_axi_gmem1_awaddr[22]
                            (output port)
  Path Group:             (none)
  Path Type:              Min at Fast Process Corner
  Data Path Delay:        0.037ns  (logic 0.037ns (100.000%)  route 0.000ns (0.000%))
  Logic Levels:           0  
  Clock Uncertainty:      0.025ns  ((TSJ^2 + TIJ^2)^1/2 + DJ) / 2 + PE
    Total System Jitter     (TSJ):    0.050ns
    Total Input Jitter      (TIJ):    0.000ns
    Discrete Jitter          (DJ):    0.000ns
    Phase Error              (PE):    0.000ns

    Location             Delay type                Incr(ns)  Path(ns)    Netlist Resource(s)
  -------------------------------------------------------------------    -------------------
                         (clock ap_clk rise edge)     0.000     0.000 r  
                                                      0.000     0.000 r  ap_clk (IN)
                         net (fo=39532, unset)        0.013     0.013    bd_0_i/hls_inst/inst/gmem1_m_axi_U/bus_write/wreq_throttle/rs_req/ap_clk
    SLICE_X19Y119        FDRE                                         r  bd_0_i/hls_inst/inst/gmem1_m_axi_U/bus_write/wreq_throttle/rs_req/data_p1_reg[22]/C
  -------------------------------------------------------------------    -------------------
    SLICE_X19Y119        FDRE (Prop_FFF_SLICEM_C_Q)
                                                      0.037     0.050 r  bd_0_i/hls_inst/inst/gmem1_m_axi_U/bus_write/wreq_throttle/rs_req/data_p1_reg[22]/Q
                         net (fo=0)                   0.000     0.050    m_axi_gmem1_awaddr[22]
                                                                      r  m_axi_gmem1_awaddr[22] (OUT)
  -------------------------------------------------------------------    -------------------

Slack:                    inf
  Source:                 bd_0_i/hls_inst/inst/gmem1_m_axi_U/bus_write/wreq_throttle/rs_req/data_p1_reg[43]/C
                            (rising edge-triggered cell FDRE clocked by ap_clk  {rise@0.000ns fall@5.000ns period=10.000ns})
  Destination:            m_axi_gmem1_awaddr[43]
                            (output port)
  Path Group:             (none)
  Path Type:              Min at Fast Process Corner
  Data Path Delay:        0.037ns  (logic 0.037ns (100.000%)  route 0.000ns (0.000%))
  Logic Levels:           0  
  Clock Uncertainty:      0.025ns  ((TSJ^2 + TIJ^2)^1/2 + DJ) / 2 + PE
    Total System Jitter     (TSJ):    0.050ns
    Total Input Jitter      (TIJ):    0.000ns
    Discrete Jitter          (DJ):    0.000ns
    Phase Error              (PE):    0.000ns

    Location             Delay type                Incr(ns)  Path(ns)    Netlist Resource(s)
  -------------------------------------------------------------------    -------------------
                         (clock ap_clk rise edge)     0.000     0.000 r  
                                                      0.000     0.000 r  ap_clk (IN)
                         net (fo=39532, unset)        0.013     0.013    bd_0_i/hls_inst/inst/gmem1_m_axi_U/bus_write/wreq_throttle/rs_req/ap_clk
    SLICE_X19Y124        FDRE                                         r  bd_0_i/hls_inst/inst/gmem1_m_axi_U/bus_write/wreq_throttle/rs_req/data_p1_reg[43]/C
  -------------------------------------------------------------------    -------------------
    SLICE_X19Y124        FDRE (Prop_FFF_SLICEM_C_Q)
                                                      0.037     0.050 r  bd_0_i/hls_inst/inst/gmem1_m_axi_U/bus_write/wreq_throttle/rs_req/data_p1_reg[43]/Q
                         net (fo=0)                   0.000     0.050    m_axi_gmem1_awaddr[43]
                                                                      r  m_axi_gmem1_awaddr[43] (OUT)
  -------------------------------------------------------------------    -------------------

Slack:                    inf
  Source:                 bd_0_i/hls_inst/inst/control_s_axi_U/rdata_reg[9]/C
                            (rising edge-triggered cell FDRE clocked by ap_clk  {rise@0.000ns fall@5.000ns period=10.000ns})
  Destination:            s_axi_control_rdata[9]
                            (output port)
  Path Group:             (none)
  Path Type:              Min at Fast Process Corner
  Data Path Delay:        0.037ns  (logic 0.037ns (100.000%)  route 0.000ns (0.000%))
  Logic Levels:           0  
  Clock Uncertainty:      0.025ns  ((TSJ^2 + TIJ^2)^1/2 + DJ) / 2 + PE
    Total System Jitter     (TSJ):    0.050ns
    Total Input Jitter      (TIJ):    0.000ns
    Discrete Jitter          (DJ):    0.000ns
    Phase Error              (PE):    0.000ns

    Location             Delay type                Incr(ns)  Path(ns)    Netlist Resource(s)
  -------------------------------------------------------------------    -------------------
                         (clock ap_clk rise edge)     0.000     0.000 r  
                                                      0.000     0.000 r  ap_clk (IN)
                         net (fo=39532, unset)        0.013     0.013    bd_0_i/hls_inst/inst/control_s_axi_U/ap_clk
    SLICE_X28Y112        FDRE                                         r  bd_0_i/hls_inst/inst/control_s_axi_U/rdata_reg[9]/C
  -------------------------------------------------------------------    -------------------
    SLICE_X28Y112        FDRE (Prop_FFF_SLICEM_C_Q)
                                                      0.037     0.050 r  bd_0_i/hls_inst/inst/control_s_axi_U/rdata_reg[9]/Q
                         net (fo=0)                   0.000     0.050    s_axi_control_rdata[9]
                                                                      r  s_axi_control_rdata[9] (OUT)
  -------------------------------------------------------------------    -------------------

Slack:                    inf
  Source:                 bd_0_i/hls_inst/inst/gmem1_m_axi_U/bus_write/wreq_throttle/rs_req/data_p1_reg[24]/C
                            (rising edge-triggered cell FDRE clocked by ap_clk  {rise@0.000ns fall@5.000ns period=10.000ns})
  Destination:            m_axi_gmem1_awaddr[24]
                            (output port)
  Path Group:             (none)
  Path Type:              Min at Fast Process Corner
  Data Path Delay:        0.038ns  (logic 0.038ns (100.000%)  route 0.000ns (0.000%))
  Logic Levels:           0  
  Clock Uncertainty:      0.025ns  ((TSJ^2 + TIJ^2)^1/2 + DJ) / 2 + PE
    Total System Jitter     (TSJ):    0.050ns
    Total Input Jitter      (TIJ):    0.000ns
    Discrete Jitter          (DJ):    0.000ns
    Phase Error              (PE):    0.000ns

    Location             Delay type                Incr(ns)  Path(ns)    Netlist Resource(s)
  -------------------------------------------------------------------    -------------------
                         (clock ap_clk rise edge)     0.000     0.000 r  
                                                      0.000     0.000 r  ap_clk (IN)
                         net (fo=39532, unset)        0.013     0.013    bd_0_i/hls_inst/inst/gmem1_m_axi_U/bus_write/wreq_throttle/rs_req/ap_clk
    SLICE_X20Y116        FDRE                                         r  bd_0_i/hls_inst/inst/gmem1_m_axi_U/bus_write/wreq_throttle/rs_req/data_p1_reg[24]/C
  -------------------------------------------------------------------    -------------------
    SLICE_X20Y116        FDRE (Prop_CFF_SLICEM_C_Q)
                                                      0.038     0.051 r  bd_0_i/hls_inst/inst/gmem1_m_axi_U/bus_write/wreq_throttle/rs_req/data_p1_reg[24]/Q
                         net (fo=0)                   0.000     0.051    m_axi_gmem1_awaddr[24]
                                                                      r  m_axi_gmem1_awaddr[24] (OUT)
  -------------------------------------------------------------------    -------------------

Slack:                    inf
  Source:                 bd_0_i/hls_inst/inst/gmem1_m_axi_U/bus_write/wreq_throttle/rs_req/data_p1_reg[27]/C
                            (rising edge-triggered cell FDRE clocked by ap_clk  {rise@0.000ns fall@5.000ns period=10.000ns})
  Destination:            m_axi_gmem1_awaddr[27]
                            (output port)
  Path Group:             (none)
  Path Type:              Min at Fast Process Corner
  Data Path Delay:        0.038ns  (logic 0.038ns (100.000%)  route 0.000ns (0.000%))
  Logic Levels:           0  
  Clock Uncertainty:      0.025ns  ((TSJ^2 + TIJ^2)^1/2 + DJ) / 2 + PE
    Total System Jitter     (TSJ):    0.050ns
    Total Input Jitter      (TIJ):    0.000ns
    Discrete Jitter          (DJ):    0.000ns
    Phase Error              (PE):    0.000ns

    Location             Delay type                Incr(ns)  Path(ns)    Netlist Resource(s)
  -------------------------------------------------------------------    -------------------
                         (clock ap_clk rise edge)     0.000     0.000 r  
                                                      0.000     0.000 r  ap_clk (IN)
                         net (fo=39532, unset)        0.013     0.013    bd_0_i/hls_inst/inst/gmem1_m_axi_U/bus_write/wreq_throttle/rs_req/ap_clk
    SLICE_X19Y119        FDRE                                         r  bd_0_i/hls_inst/inst/gmem1_m_axi_U/bus_write/wreq_throttle/rs_req/data_p1_reg[27]/C
  -------------------------------------------------------------------    -------------------
    SLICE_X19Y119        FDRE (Prop_CFF_SLICEM_C_Q)
                                                      0.038     0.051 r  bd_0_i/hls_inst/inst/gmem1_m_axi_U/bus_write/wreq_throttle/rs_req/data_p1_reg[27]/Q
                         net (fo=0)                   0.000     0.051    m_axi_gmem1_awaddr[27]
                                                                      r  m_axi_gmem1_awaddr[27] (OUT)
  -------------------------------------------------------------------    -------------------

Slack:                    inf
  Source:                 bd_0_i/hls_inst/inst/gmem1_m_axi_U/bus_write/wreq_throttle/rs_req/data_p1_reg[33]/C
                            (rising edge-triggered cell FDRE clocked by ap_clk  {rise@0.000ns fall@5.000ns period=10.000ns})
  Destination:            m_axi_gmem1_awaddr[33]
                            (output port)
  Path Group:             (none)
  Path Type:              Min at Fast Process Corner
  Data Path Delay:        0.038ns  (logic 0.038ns (100.000%)  route 0.000ns (0.000%))
  Logic Levels:           0  
  Clock Uncertainty:      0.025ns  ((TSJ^2 + TIJ^2)^1/2 + DJ) / 2 + PE
    Total System Jitter     (TSJ):    0.050ns
    Total Input Jitter      (TIJ):    0.000ns
    Discrete Jitter          (DJ):    0.000ns
    Phase Error              (PE):    0.000ns

    Location             Delay type                Incr(ns)  Path(ns)    Netlist Resource(s)
  -------------------------------------------------------------------    -------------------
                         (clock ap_clk rise edge)     0.000     0.000 r  
                                                      0.000     0.000 r  ap_clk (IN)
                         net (fo=39532, unset)        0.013     0.013    bd_0_i/hls_inst/inst/gmem1_m_axi_U/bus_write/wreq_throttle/rs_req/ap_clk
    SLICE_X19Y119        FDRE                                         r  bd_0_i/hls_inst/inst/gmem1_m_axi_U/bus_write/wreq_throttle/rs_req/data_p1_reg[33]/C
  -------------------------------------------------------------------    -------------------
    SLICE_X19Y119        FDRE (Prop_BFF_SLICEM_C_Q)
                                                      0.038     0.051 r  bd_0_i/hls_inst/inst/gmem1_m_axi_U/bus_write/wreq_throttle/rs_req/data_p1_reg[33]/Q
                         net (fo=0)                   0.000     0.051    m_axi_gmem1_awaddr[33]
                                                                      r  m_axi_gmem1_awaddr[33] (OUT)
  -------------------------------------------------------------------    -------------------

Slack:                    inf
  Source:                 bd_0_i/hls_inst/inst/gmem1_m_axi_U/bus_write/wreq_throttle/rs_req/data_p1_reg[34]/C
                            (rising edge-triggered cell FDRE clocked by ap_clk  {rise@0.000ns fall@5.000ns period=10.000ns})
  Destination:            m_axi_gmem1_awaddr[34]
                            (output port)
  Path Group:             (none)
  Path Type:              Min at Fast Process Corner
  Data Path Delay:        0.038ns  (logic 0.038ns (100.000%)  route 0.000ns (0.000%))
  Logic Levels:           0  
  Clock Uncertainty:      0.025ns  ((TSJ^2 + TIJ^2)^1/2 + DJ) / 2 + PE
    Total System Jitter     (TSJ):    0.050ns
    Total Input Jitter      (TIJ):    0.000ns
    Discrete Jitter          (DJ):    0.000ns
    Phase Error              (PE):    0.000ns

    Location             Delay type                Incr(ns)  Path(ns)    Netlist Resource(s)
  -------------------------------------------------------------------    -------------------
                         (clock ap_clk rise edge)     0.000     0.000 r  
                                                      0.000     0.000 r  ap_clk (IN)
                         net (fo=39532, unset)        0.013     0.013    bd_0_i/hls_inst/inst/gmem1_m_axi_U/bus_write/wreq_throttle/rs_req/ap_clk
    SLICE_X19Y124        FDRE                                         r  bd_0_i/hls_inst/inst/gmem1_m_axi_U/bus_write/wreq_throttle/rs_req/data_p1_reg[34]/C
  -------------------------------------------------------------------    -------------------
    SLICE_X19Y124        FDRE (Prop_CFF_SLICEM_C_Q)
                                                      0.038     0.051 r  bd_0_i/hls_inst/inst/gmem1_m_axi_U/bus_write/wreq_throttle/rs_req/data_p1_reg[34]/Q
                         net (fo=0)                   0.000     0.051    m_axi_gmem1_awaddr[34]
                                                                      r  m_axi_gmem1_awaddr[34] (OUT)
  -------------------------------------------------------------------    -------------------

Slack:                    inf
  Source:                 bd_0_i/hls_inst/inst/gmem1_m_axi_U/bus_write/wreq_throttle/rs_req/data_p1_reg[37]/C
                            (rising edge-triggered cell FDRE clocked by ap_clk  {rise@0.000ns fall@5.000ns period=10.000ns})
  Destination:            m_axi_gmem1_awaddr[37]
                            (output port)
  Path Group:             (none)
  Path Type:              Min at Fast Process Corner
  Data Path Delay:        0.038ns  (logic 0.038ns (100.000%)  route 0.000ns (0.000%))
  Logic Levels:           0  
  Clock Uncertainty:      0.025ns  ((TSJ^2 + TIJ^2)^1/2 + DJ) / 2 + PE
    Total System Jitter     (TSJ):    0.050ns
    Total Input Jitter      (TIJ):    0.000ns
    Discrete Jitter          (DJ):    0.000ns
    Phase Error              (PE):    0.000ns

    Location             Delay type                Incr(ns)  Path(ns)    Netlist Resource(s)
  -------------------------------------------------------------------    -------------------
                         (clock ap_clk rise edge)     0.000     0.000 r  
                                                      0.000     0.000 r  ap_clk (IN)
                         net (fo=39532, unset)        0.013     0.013    bd_0_i/hls_inst/inst/gmem1_m_axi_U/bus_write/wreq_throttle/rs_req/ap_clk
    SLICE_X19Y119        FDRE                                         r  bd_0_i/hls_inst/inst/gmem1_m_axi_U/bus_write/wreq_throttle/rs_req/data_p1_reg[37]/C
  -------------------------------------------------------------------    -------------------
    SLICE_X19Y119        FDRE (Prop_EFF_SLICEM_C_Q)
                                                      0.038     0.051 r  bd_0_i/hls_inst/inst/gmem1_m_axi_U/bus_write/wreq_throttle/rs_req/data_p1_reg[37]/Q
                         net (fo=0)                   0.000     0.051    m_axi_gmem1_awaddr[37]
                                                                      r  m_axi_gmem1_awaddr[37] (OUT)
  -------------------------------------------------------------------    -------------------

Slack:                    inf
  Source:                 bd_0_i/hls_inst/inst/gmem1_m_axi_U/bus_write/wreq_throttle/rs_req/data_p1_reg[38]/C
                            (rising edge-triggered cell FDRE clocked by ap_clk  {rise@0.000ns fall@5.000ns period=10.000ns})
  Destination:            m_axi_gmem1_awaddr[38]
                            (output port)
  Path Group:             (none)
  Path Type:              Min at Fast Process Corner
  Data Path Delay:        0.038ns  (logic 0.038ns (100.000%)  route 0.000ns (0.000%))
  Logic Levels:           0  
  Clock Uncertainty:      0.025ns  ((TSJ^2 + TIJ^2)^1/2 + DJ) / 2 + PE
    Total System Jitter     (TSJ):    0.050ns
    Total Input Jitter      (TIJ):    0.000ns
    Discrete Jitter          (DJ):    0.000ns
    Phase Error              (PE):    0.000ns

    Location             Delay type                Incr(ns)  Path(ns)    Netlist Resource(s)
  -------------------------------------------------------------------    -------------------
                         (clock ap_clk rise edge)     0.000     0.000 r  
                                                      0.000     0.000 r  ap_clk (IN)
                         net (fo=39532, unset)        0.013     0.013    bd_0_i/hls_inst/inst/gmem1_m_axi_U/bus_write/wreq_throttle/rs_req/ap_clk
    SLICE_X20Y124        FDRE                                         r  bd_0_i/hls_inst/inst/gmem1_m_axi_U/bus_write/wreq_throttle/rs_req/data_p1_reg[38]/C
  -------------------------------------------------------------------    -------------------
    SLICE_X20Y124        FDRE (Prop_CFF_SLICEM_C_Q)
                                                      0.038     0.051 r  bd_0_i/hls_inst/inst/gmem1_m_axi_U/bus_write/wreq_throttle/rs_req/data_p1_reg[38]/Q
                         net (fo=0)                   0.000     0.051    m_axi_gmem1_awaddr[38]
                                                                      r  m_axi_gmem1_awaddr[38] (OUT)
  -------------------------------------------------------------------    -------------------

Slack:                    inf
  Source:                 bd_0_i/hls_inst/inst/gmem1_m_axi_U/bus_write/wreq_throttle/rs_req/data_p1_reg[39]/C
                            (rising edge-triggered cell FDRE clocked by ap_clk  {rise@0.000ns fall@5.000ns period=10.000ns})
  Destination:            m_axi_gmem1_awaddr[39]
                            (output port)
  Path Group:             (none)
  Path Type:              Min at Fast Process Corner
  Data Path Delay:        0.038ns  (logic 0.038ns (100.000%)  route 0.000ns (0.000%))
  Logic Levels:           0  
  Clock Uncertainty:      0.025ns  ((TSJ^2 + TIJ^2)^1/2 + DJ) / 2 + PE
    Total System Jitter     (TSJ):    0.050ns
    Total Input Jitter      (TIJ):    0.000ns
    Discrete Jitter          (DJ):    0.000ns
    Phase Error              (PE):    0.000ns

    Location             Delay type                Incr(ns)  Path(ns)    Netlist Resource(s)
  -------------------------------------------------------------------    -------------------
                         (clock ap_clk rise edge)     0.000     0.000 r  
                                                      0.000     0.000 r  ap_clk (IN)
                         net (fo=39532, unset)        0.013     0.013    bd_0_i/hls_inst/inst/gmem1_m_axi_U/bus_write/wreq_throttle/rs_req/ap_clk
    SLICE_X20Y124        FDRE                                         r  bd_0_i/hls_inst/inst/gmem1_m_axi_U/bus_write/wreq_throttle/rs_req/data_p1_reg[39]/C
  -------------------------------------------------------------------    -------------------
    SLICE_X20Y124        FDRE (Prop_BFF_SLICEM_C_Q)
                                                      0.038     0.051 r  bd_0_i/hls_inst/inst/gmem1_m_axi_U/bus_write/wreq_throttle/rs_req/data_p1_reg[39]/Q
                         net (fo=0)                   0.000     0.051    m_axi_gmem1_awaddr[39]
                                                                      r  m_axi_gmem1_awaddr[39] (OUT)
  -------------------------------------------------------------------    -------------------





--------------------------------------------------------------------------------------
Path Group:  (none)
From Clock:  
  To Clock:  ap_clk

Max Delay          7766 Endpoints
Min Delay          7766 Endpoints
--------------------------------------------------------------------------------------


Max Delay Paths
--------------------------------------------------------------------------------------
Slack:                    inf
  Source:                 bd_0_i/hls_inst/inst/k1_vertex_transform_U0/mul_32s_32s_64_1_1_U4/tmp_product__1/DSP_A_B_DATA_INST/B2_DATA[17]
                            (internal pin)
  Destination:            bd_0_i/hls_inst/inst/k1_vertex_transform_U0/and_ln23_10_reg_4638_reg[0]/D
                            (rising edge-triggered cell FDRE clocked by ap_clk  {rise@0.000ns fall@5.000ns period=10.000ns})
  Path Group:             (none)
  Path Type:              Setup (Max at Slow Process Corner)
  Data Path Delay:        6.078ns  (logic 4.140ns (68.115%)  route 1.938ns (31.885%))
  Logic Levels:           17  (CARRY8=6 DSP_ALU=2 DSP_M_DATA=1 DSP_MULTIPLIER=1 DSP_OUTPUT=2 DSP_PREADD_DATA=1 LUT2=2 LUT4=1 LUT6=1)
  Clock Uncertainty:      0.025ns  ((TSJ^2 + TIJ^2)^1/2 + DJ) / 2 + PE
    Total System Jitter     (TSJ):    0.050ns
    Total Input Jitter      (TIJ):    0.000ns
    Discrete Jitter          (DJ):    0.000ns
    Phase Error              (PE):    0.000ns

    Location             Delay type                Incr(ns)  Path(ns)    Netlist Resource(s)
  -------------------------------------------------------------------    -------------------
    DSP48E2_X1Y30        DSP_A_B_DATA                 0.000     0.000 r  bd_0_i/hls_inst/inst/k1_vertex_transform_U0/mul_32s_32s_64_1_1_U4/tmp_product__1/DSP_A_B_DATA_INST/B2_DATA[17]
                         net (fo=1, routed)           0.000     0.000    bd_0_i/hls_inst/inst/k1_vertex_transform_U0/mul_32s_32s_64_1_1_U4/tmp_product__1/DSP_A_B_DATA.B2_DATA<17>
    DSP48E2_X1Y30        DSP_PREADD_DATA (Prop_DSP_PREADD_DATA_DSP48E2_B2_DATA[17]_B2B1[17])
                                                      0.092     0.092 r  bd_0_i/hls_inst/inst/k1_vertex_transform_U0/mul_32s_32s_64_1_1_U4/tmp_product__1/DSP_PREADD_DATA_INST/B2B1[17]
                         net (fo=1, routed)           0.000     0.092    bd_0_i/hls_inst/inst/k1_vertex_transform_U0/mul_32s_32s_64_1_1_U4/tmp_product__1/DSP_PREADD_DATA.B2B1<17>
    DSP48E2_X1Y30        DSP_MULTIPLIER (Prop_DSP_MULTIPLIER_DSP48E2_B2B1[17]_U[43])
                                                      0.737     0.829 f  bd_0_i/hls_inst/inst/k1_vertex_transform_U0/mul_32s_32s_64_1_1_U4/tmp_product__1/DSP_MULTIPLIER_INST/U[43]
                         net (fo=1, routed)           0.000     0.829    bd_0_i/hls_inst/inst/k1_vertex_transform_U0/mul_32s_32s_64_1_1_U4/tmp_product__1/DSP_MULTIPLIER.U<43>
    DSP48E2_X1Y30        DSP_M_DATA (Prop_DSP_M_DATA_DSP48E2_U[43]_U_DATA[43])
                                                      0.059     0.888 r  bd_0_i/hls_inst/inst/k1_vertex_transform_U0/mul_32s_32s_64_1_1_U4/tmp_product__1/DSP_M_DATA_INST/U_DATA[43]
                         net (fo=1, routed)           0.000     0.888    bd_0_i/hls_inst/inst/k1_vertex_transform_U0/mul_32s_32s_64_1_1_U4/tmp_product__1/DSP_M_DATA.U_DATA<43>
    DSP48E2_X1Y30        DSP_ALU (Prop_DSP_ALU_DSP48E2_U_DATA[43]_ALU_OUT[47])
                                                      0.699     1.587 f  bd_0_i/hls_inst/inst/k1_vertex_transform_U0/mul_32s_32s_64_1_1_U4/tmp_product__1/DSP_ALU_INST/ALU_OUT[47]
                         net (fo=1, routed)           0.000     1.587    bd_0_i/hls_inst/inst/k1_vertex_transform_U0/mul_32s_32s_64_1_1_U4/tmp_product__1/DSP_ALU.ALU_OUT<47>
    DSP48E2_X1Y30        DSP_OUTPUT (Prop_DSP_OUTPUT_DSP48E2_ALU_OUT[47]_PCOUT[47])
                                                      0.159     1.746 r  bd_0_i/hls_inst/inst/k1_vertex_transform_U0/mul_32s_32s_64_1_1_U4/tmp_product__1/DSP_OUTPUT_INST/PCOUT[47]
                         net (fo=1, routed)           0.016     1.762    bd_0_i/hls_inst/inst/k1_vertex_transform_U0/mul_32s_32s_64_1_1_U4/tmp_product__2/PCIN[47]
    DSP48E2_X1Y31        DSP_ALU (Prop_DSP_ALU_DSP48E2_PCIN[47]_ALU_OUT[3])
                                                      0.698     2.460 f  bd_0_i/hls_inst/inst/k1_vertex_transform_U0/mul_32s_32s_64_1_1_U4/tmp_product__2/DSP_ALU_INST/ALU_OUT[3]
                         net (fo=1, routed)           0.000     2.460    bd_0_i/hls_inst/inst/k1_vertex_transform_U0/mul_32s_32s_64_1_1_U4/tmp_product__2/DSP_ALU.ALU_OUT<3>
    DSP48E2_X1Y31        DSP_OUTPUT (Prop_DSP_OUTPUT_DSP48E2_ALU_OUT[3]_P[3])
                                                      0.141     2.601 r  bd_0_i/hls_inst/inst/k1_vertex_transform_U0/mul_32s_32s_64_1_1_U4/tmp_product__2/DSP_OUTPUT_INST/P[3]
                         net (fo=2, routed)           0.357     2.958    bd_0_i/hls_inst/inst/k1_vertex_transform_U0/mul_32s_32s_64_1_1_U4/tmp_product__2_n_102
    SLICE_X20Y79         LUT2 (Prop_E6LUT_SLICEM_I0_O)
                                                      0.148     3.106 r  bd_0_i/hls_inst/inst/k1_vertex_transform_U0/mul_32s_32s_64_1_1_U4/tmp_product_carry_i_4__9/O
                         net (fo=1, routed)           0.015     3.121    bd_0_i/hls_inst/inst/k1_vertex_transform_U0/mul_32s_32s_64_1_1_U4/tmp_product_carry_i_4__9_n_0
    SLICE_X20Y79         CARRY8 (Prop_CARRY8_SLICEM_S[4]_CO[7])
                                                      0.198     3.319 r  bd_0_i/hls_inst/inst/k1_vertex_transform_U0/mul_32s_32s_64_1_1_U4/tmp_product_carry/CO[7]
                         net (fo=1, routed)           0.028     3.347    bd_0_i/hls_inst/inst/k1_vertex_transform_U0/mul_32s_32s_64_1_1_U4/tmp_product_carry_n_0
    SLICE_X20Y80         CARRY8 (Prop_CARRY8_SLICEM_CI_O[3])
                                                      0.118     3.465 r  bd_0_i/hls_inst/inst/k1_vertex_transform_U0/mul_32s_32s_64_1_1_U4/tmp_product_carry__0/O[3]
                         net (fo=9, routed)           0.490     3.955    bd_0_i/hls_inst/inst/k1_vertex_transform_U0/mul_32s_32s_64_1_1_U4/O176[11]
    SLICE_X16Y79         LUT2 (Prop_D6LUT_SLICEM_I1_O)
                                                      0.098     4.053 r  bd_0_i/hls_inst/inst/k1_vertex_transform_U0/mul_32s_32s_64_1_1_U4/add_ln23_7_reg_4617[15]_i_7/O
                         net (fo=1, routed)           0.026     4.079    bd_0_i/hls_inst/inst/k1_vertex_transform_U0/mul_32s_32s_64_1_1_U4/add_ln23_7_reg_4617[15]_i_7_n_0
    SLICE_X16Y79         CARRY8 (Prop_CARRY8_SLICEM_S[3]_CO[7])
                                                      0.206     4.285 r  bd_0_i/hls_inst/inst/k1_vertex_transform_U0/mul_32s_32s_64_1_1_U4/add_ln23_7_reg_4617_reg[15]_i_2/CO[7]
                         net (fo=1, routed)           0.028     4.313    bd_0_i/hls_inst/inst/k1_vertex_transform_U0/mul_32s_32s_64_1_1_U4/add_ln23_7_reg_4617_reg[15]_i_2_n_0
    SLICE_X16Y80         CARRY8 (Prop_CARRY8_SLICEM_CI_O[5])
                                                      0.145     4.458 r  bd_0_i/hls_inst/inst/k1_vertex_transform_U0/mul_32s_32s_64_1_1_U4/add_ln23_7_reg_4617_reg[23]_i_2/O[5]
                         net (fo=1, routed)           0.423     4.881    bd_0_i/hls_inst/inst/k1_vertex_transform_U0/mul_32s_32s_64_1_1_U4/trunc_ln23_3_fu_2880_p4__0[21]
    SLICE_X15Y79         CARRY8 (Prop_CARRY8_SLICEL_S[5]_CO[7])
                                                      0.197     5.078 r  bd_0_i/hls_inst/inst/k1_vertex_transform_U0/mul_32s_32s_64_1_1_U4/add_ln23_7_reg_4617_reg[23]_i_1/CO[7]
                         net (fo=1, routed)           0.028     5.106    bd_0_i/hls_inst/inst/k1_vertex_transform_U0/mul_32s_32s_64_1_1_U4/add_ln23_7_reg_4617_reg[23]_i_1_n_0
    SLICE_X15Y80         CARRY8 (Prop_CARRY8_SLICEL_CI_O[7])
                                                      0.153     5.259 r  bd_0_i/hls_inst/inst/k1_vertex_transform_U0/mul_32s_32s_64_1_1_U4/add_ln23_7_reg_4617_reg[31]_i_1/O[7]
                         net (fo=4, routed)           0.235     5.494    bd_0_i/hls_inst/inst/k1_vertex_transform_U0/mul_32s_32s_64_1_1_U4/O173[31]
    SLICE_X15Y83         LUT6 (Prop_H6LUT_SLICEL_I4_O)
                                                      0.179     5.673 r  bd_0_i/hls_inst/inst/k1_vertex_transform_U0/mul_32s_32s_64_1_1_U4/and_ln23_10_reg_4638[0]_i_5/O
                         net (fo=1, routed)           0.215     5.888    bd_0_i/hls_inst/inst/k1_vertex_transform_U0/mul_32s_32s_64_1_1_U4/and_ln23_10_reg_4638[0]_i_5_n_0
    SLICE_X16Y87         LUT4 (Prop_C6LUT_SLICEM_I3_O)
                                                      0.113     6.001 r  bd_0_i/hls_inst/inst/k1_vertex_transform_U0/mul_32s_32s_64_1_1_U4/and_ln23_10_reg_4638[0]_i_1/O
                         net (fo=1, routed)           0.077     6.078    bd_0_i/hls_inst/inst/k1_vertex_transform_U0/and_ln23_10_fu_3034_p2
    SLICE_X16Y87         FDRE                                         r  bd_0_i/hls_inst/inst/k1_vertex_transform_U0/and_ln23_10_reg_4638_reg[0]/D
  -------------------------------------------------------------------    -------------------

                         (clock ap_clk rise edge)     0.000     0.000 r  
                                                      0.000     0.000 r  ap_clk (IN)
                         net (fo=39532, unset)        0.026     0.026    bd_0_i/hls_inst/inst/k1_vertex_transform_U0/ap_clk
    SLICE_X16Y87         FDRE                                         r  bd_0_i/hls_inst/inst/k1_vertex_transform_U0/and_ln23_10_reg_4638_reg[0]/C

Slack:                    inf
  Source:                 bd_0_i/hls_inst/inst/k1_vertex_transform_U0/mul_32s_32s_64_1_1_U4/tmp_product__1/DSP_A_B_DATA_INST/B2_DATA[17]
                            (internal pin)
  Destination:            bd_0_i/hls_inst/inst/k1_vertex_transform_U0/and_ln24_9_reg_4740_reg[0]/D
                            (rising edge-triggered cell FDRE clocked by ap_clk  {rise@0.000ns fall@5.000ns period=10.000ns})
  Path Group:             (none)
  Path Type:              Setup (Max at Slow Process Corner)
  Data Path Delay:        6.028ns  (logic 4.000ns (66.360%)  route 2.028ns (33.640%))
  Logic Levels:           17  (CARRY8=6 DSP_ALU=2 DSP_M_DATA=1 DSP_MULTIPLIER=1 DSP_OUTPUT=2 DSP_PREADD_DATA=1 LUT2=2 LUT6=2)
  Clock Uncertainty:      0.025ns  ((TSJ^2 + TIJ^2)^1/2 + DJ) / 2 + PE
    Total System Jitter     (TSJ):    0.050ns
    Total Input Jitter      (TIJ):    0.000ns
    Discrete Jitter          (DJ):    0.000ns
    Phase Error              (PE):    0.000ns

    Location             Delay type                Incr(ns)  Path(ns)    Netlist Resource(s)
  -------------------------------------------------------------------    -------------------
    DSP48E2_X1Y30        DSP_A_B_DATA                 0.000     0.000 r  bd_0_i/hls_inst/inst/k1_vertex_transform_U0/mul_32s_32s_64_1_1_U4/tmp_product__1/DSP_A_B_DATA_INST/B2_DATA[17]
                         net (fo=1, routed)           0.000     0.000    bd_0_i/hls_inst/inst/k1_vertex_transform_U0/mul_32s_32s_64_1_1_U4/tmp_product__1/DSP_A_B_DATA.B2_DATA<17>
    DSP48E2_X1Y30        DSP_PREADD_DATA (Prop_DSP_PREADD_DATA_DSP48E2_B2_DATA[17]_B2B1[17])
                                                      0.092     0.092 r  bd_0_i/hls_inst/inst/k1_vertex_transform_U0/mul_32s_32s_64_1_1_U4/tmp_product__1/DSP_PREADD_DATA_INST/B2B1[17]
                         net (fo=1, routed)           0.000     0.092    bd_0_i/hls_inst/inst/k1_vertex_transform_U0/mul_32s_32s_64_1_1_U4/tmp_product__1/DSP_PREADD_DATA.B2B1<17>
    DSP48E2_X1Y30        DSP_MULTIPLIER (Prop_DSP_MULTIPLIER_DSP48E2_B2B1[17]_U[43])
                                                      0.737     0.829 f  bd_0_i/hls_inst/inst/k1_vertex_transform_U0/mul_32s_32s_64_1_1_U4/tmp_product__1/DSP_MULTIPLIER_INST/U[43]
                         net (fo=1, routed)           0.000     0.829    bd_0_i/hls_inst/inst/k1_vertex_transform_U0/mul_32s_32s_64_1_1_U4/tmp_product__1/DSP_MULTIPLIER.U<43>
    DSP48E2_X1Y30        DSP_M_DATA (Prop_DSP_M_DATA_DSP48E2_U[43]_U_DATA[43])
                                                      0.059     0.888 r  bd_0_i/hls_inst/inst/k1_vertex_transform_U0/mul_32s_32s_64_1_1_U4/tmp_product__1/DSP_M_DATA_INST/U_DATA[43]
                         net (fo=1, routed)           0.000     0.888    bd_0_i/hls_inst/inst/k1_vertex_transform_U0/mul_32s_32s_64_1_1_U4/tmp_product__1/DSP_M_DATA.U_DATA<43>
    DSP48E2_X1Y30        DSP_ALU (Prop_DSP_ALU_DSP48E2_U_DATA[43]_ALU_OUT[47])
                                                      0.699     1.587 f  bd_0_i/hls_inst/inst/k1_vertex_transform_U0/mul_32s_32s_64_1_1_U4/tmp_product__1/DSP_ALU_INST/ALU_OUT[47]
                         net (fo=1, routed)           0.000     1.587    bd_0_i/hls_inst/inst/k1_vertex_transform_U0/mul_32s_32s_64_1_1_U4/tmp_product__1/DSP_ALU.ALU_OUT<47>
    DSP48E2_X1Y30        DSP_OUTPUT (Prop_DSP_OUTPUT_DSP48E2_ALU_OUT[47]_PCOUT[47])
                                                      0.159     1.746 r  bd_0_i/hls_inst/inst/k1_vertex_transform_U0/mul_32s_32s_64_1_1_U4/tmp_product__1/DSP_OUTPUT_INST/PCOUT[47]
                         net (fo=1, routed)           0.016     1.762    bd_0_i/hls_inst/inst/k1_vertex_transform_U0/mul_32s_32s_64_1_1_U4/tmp_product__2/PCIN[47]
    DSP48E2_X1Y31        DSP_ALU (Prop_DSP_ALU_DSP48E2_PCIN[47]_ALU_OUT[3])
                                                      0.698     2.460 f  bd_0_i/hls_inst/inst/k1_vertex_transform_U0/mul_32s_32s_64_1_1_U4/tmp_product__2/DSP_ALU_INST/ALU_OUT[3]
                         net (fo=1, routed)           0.000     2.460    bd_0_i/hls_inst/inst/k1_vertex_transform_U0/mul_32s_32s_64_1_1_U4/tmp_product__2/DSP_ALU.ALU_OUT<3>
    DSP48E2_X1Y31        DSP_OUTPUT (Prop_DSP_OUTPUT_DSP48E2_ALU_OUT[3]_P[3])
                                                      0.141     2.601 r  bd_0_i/hls_inst/inst/k1_vertex_transform_U0/mul_32s_32s_64_1_1_U4/tmp_product__2/DSP_OUTPUT_INST/P[3]
                         net (fo=2, routed)           0.357     2.958    bd_0_i/hls_inst/inst/k1_vertex_transform_U0/mul_32s_32s_64_1_1_U4/tmp_product__2_n_102
    SLICE_X20Y79         LUT2 (Prop_E6LUT_SLICEM_I0_O)
                                                      0.148     3.106 r  bd_0_i/hls_inst/inst/k1_vertex_transform_U0/mul_32s_32s_64_1_1_U4/tmp_product_carry_i_4__9/O
                         net (fo=1, routed)           0.015     3.121    bd_0_i/hls_inst/inst/k1_vertex_transform_U0/mul_32s_32s_64_1_1_U4/tmp_product_carry_i_4__9_n_0
    SLICE_X20Y79         CARRY8 (Prop_CARRY8_SLICEM_S[4]_CO[7])
                                                      0.198     3.319 r  bd_0_i/hls_inst/inst/k1_vertex_transform_U0/mul_32s_32s_64_1_1_U4/tmp_product_carry/CO[7]
                         net (fo=1, routed)           0.028     3.347    bd_0_i/hls_inst/inst/k1_vertex_transform_U0/mul_32s_32s_64_1_1_U4/tmp_product_carry_n_0
    SLICE_X20Y80         CARRY8 (Prop_CARRY8_SLICEM_CI_O[0])
                                                      0.086     3.433 r  bd_0_i/hls_inst/inst/k1_vertex_transform_U0/mul_32s_32s_64_1_1_U4/tmp_product_carry__0/O[0]
                         net (fo=9, routed)           0.602     4.036    bd_0_i/hls_inst/inst/k1_vertex_transform_U0/mul_32s_32s_64_1_1_U4/O176[8]
    SLICE_X17Y76         LUT2 (Prop_A6LUT_SLICEL_I1_O)
                                                      0.064     4.100 r  bd_0_i/hls_inst/inst/k1_vertex_transform_U0/mul_32s_32s_64_1_1_U4/add_ln24_7_reg_4725[15]_i_10/O
                         net (fo=1, routed)           0.011     4.111    bd_0_i/hls_inst/inst/k1_vertex_transform_U0/mul_32s_32s_64_1_1_U4/add_ln24_7_reg_4725[15]_i_10_n_0
    SLICE_X17Y76         CARRY8 (Prop_CARRY8_SLICEL_S[0]_CO[7])
                                                      0.238     4.349 r  bd_0_i/hls_inst/inst/k1_vertex_transform_U0/mul_32s_32s_64_1_1_U4/add_ln24_7_reg_4725_reg[15]_i_2/CO[7]
                         net (fo=1, routed)           0.028     4.377    bd_0_i/hls_inst/inst/k1_vertex_transform_U0/mul_32s_32s_64_1_1_U4/add_ln24_7_reg_4725_reg[15]_i_2_n_0
    SLICE_X17Y77         CARRY8 (Prop_CARRY8_SLICEL_CI_O[1])
                                                      0.097     4.474 r  bd_0_i/hls_inst/inst/k1_vertex_transform_U0/mul_32s_32s_64_1_1_U4/add_ln24_7_reg_4725_reg[23]_i_2/O[1]
                         net (fo=1, routed)           0.462     4.936    bd_0_i/hls_inst/inst/k1_vertex_transform_U0/mul_32s_32s_64_1_1_U4/trunc_ln24_3_fu_3643_p4__0[17]
    SLICE_X18Y76         CARRY8 (Prop_CARRY8_SLICEL_S[1]_CO[7])
                                                      0.233     5.169 r  bd_0_i/hls_inst/inst/k1_vertex_transform_U0/mul_32s_32s_64_1_1_U4/add_ln24_7_reg_4725_reg[23]_i_1/CO[7]
                         net (fo=1, routed)           0.028     5.197    bd_0_i/hls_inst/inst/k1_vertex_transform_U0/mul_32s_32s_64_1_1_U4/add_ln24_7_reg_4725_reg[23]_i_1_n_0
    SLICE_X18Y77         CARRY8 (Prop_CARRY8_SLICEL_CI_O[7])
                                                      0.153     5.350 r  bd_0_i/hls_inst/inst/k1_vertex_transform_U0/mul_32s_32s_64_1_1_U4/add_ln24_7_reg_4725_reg[31]_i_1/O[7]
                         net (fo=4, routed)           0.218     5.568    bd_0_i/hls_inst/inst/k1_vertex_transform_U0/mul_32s_32s_64_1_1_U4/O175[31]
    SLICE_X19Y77         LUT6 (Prop_D6LUT_SLICEM_I2_O)
                                                      0.098     5.666 r  bd_0_i/hls_inst/inst/k1_vertex_transform_U0/mul_32s_32s_64_1_1_U4/and_ln24_9_reg_4740[0]_i_5/O
                         net (fo=1, routed)           0.192     5.858    bd_0_i/hls_inst/inst/k1_vertex_transform_U0/mul_32s_32s_64_1_1_U4/and_ln24_9_reg_4740[0]_i_5_n_0
    SLICE_X19Y76         LUT6 (Prop_B6LUT_SLICEM_I4_O)
                                                      0.100     5.958 r  bd_0_i/hls_inst/inst/k1_vertex_transform_U0/mul_32s_32s_64_1_1_U4/and_ln24_9_reg_4740[0]_i_1/O
                         net (fo=1, routed)           0.070     6.028    bd_0_i/hls_inst/inst/k1_vertex_transform_U0/and_ln24_9_fu_3791_p2
    SLICE_X19Y76         FDRE                                         r  bd_0_i/hls_inst/inst/k1_vertex_transform_U0/and_ln24_9_reg_4740_reg[0]/D
  -------------------------------------------------------------------    -------------------

                         (clock ap_clk rise edge)     0.000     0.000 r  
                                                      0.000     0.000 r  ap_clk (IN)
                         net (fo=39532, unset)        0.026     0.026    bd_0_i/hls_inst/inst/k1_vertex_transform_U0/ap_clk
    SLICE_X19Y76         FDRE                                         r  bd_0_i/hls_inst/inst/k1_vertex_transform_U0/and_ln24_9_reg_4740_reg[0]/C

Slack:                    inf
  Source:                 bd_0_i/hls_inst/inst/k1_vertex_transform_U0/mul_32s_32s_64_1_1_U4/tmp_product__1/DSP_A_B_DATA_INST/B2_DATA[17]
                            (internal pin)
  Destination:            bd_0_i/hls_inst/inst/k1_vertex_transform_U0/and_ln21_9_reg_4411_reg[0]/D
                            (rising edge-triggered cell FDRE clocked by ap_clk  {rise@0.000ns fall@5.000ns period=10.000ns})
  Path Group:             (none)
  Path Type:              Setup (Max at Slow Process Corner)
  Data Path Delay:        5.990ns  (logic 4.147ns (69.231%)  route 1.843ns (30.769%))
  Logic Levels:           17  (CARRY8=6 DSP_ALU=2 DSP_M_DATA=1 DSP_MULTIPLIER=1 DSP_OUTPUT=2 DSP_PREADD_DATA=1 LUT2=2 LUT6=2)
  Clock Uncertainty:      0.025ns  ((TSJ^2 + TIJ^2)^1/2 + DJ) / 2 + PE
    Total System Jitter     (TSJ):    0.050ns
    Total Input Jitter      (TIJ):    0.000ns
    Discrete Jitter          (DJ):    0.000ns
    Phase Error              (PE):    0.000ns

    Location             Delay type                Incr(ns)  Path(ns)    Netlist Resource(s)
  -------------------------------------------------------------------    -------------------
    DSP48E2_X1Y30        DSP_A_B_DATA                 0.000     0.000 r  bd_0_i/hls_inst/inst/k1_vertex_transform_U0/mul_32s_32s_64_1_1_U4/tmp_product__1/DSP_A_B_DATA_INST/B2_DATA[17]
                         net (fo=1, routed)           0.000     0.000    bd_0_i/hls_inst/inst/k1_vertex_transform_U0/mul_32s_32s_64_1_1_U4/tmp_product__1/DSP_A_B_DATA.B2_DATA<17>
    DSP48E2_X1Y30        DSP_PREADD_DATA (Prop_DSP_PREADD_DATA_DSP48E2_B2_DATA[17]_B2B1[17])
                                                      0.092     0.092 r  bd_0_i/hls_inst/inst/k1_vertex_transform_U0/mul_32s_32s_64_1_1_U4/tmp_product__1/DSP_PREADD_DATA_INST/B2B1[17]
                         net (fo=1, routed)           0.000     0.092    bd_0_i/hls_inst/inst/k1_vertex_transform_U0/mul_32s_32s_64_1_1_U4/tmp_product__1/DSP_PREADD_DATA.B2B1<17>
    DSP48E2_X1Y30        DSP_MULTIPLIER (Prop_DSP_MULTIPLIER_DSP48E2_B2B1[17]_U[43])
                                                      0.737     0.829 f  bd_0_i/hls_inst/inst/k1_vertex_transform_U0/mul_32s_32s_64_1_1_U4/tmp_product__1/DSP_MULTIPLIER_INST/U[43]
                         net (fo=1, routed)           0.000     0.829    bd_0_i/hls_inst/inst/k1_vertex_transform_U0/mul_32s_32s_64_1_1_U4/tmp_product__1/DSP_MULTIPLIER.U<43>
    DSP48E2_X1Y30        DSP_M_DATA (Prop_DSP_M_DATA_DSP48E2_U[43]_U_DATA[43])
                                                      0.059     0.888 r  bd_0_i/hls_inst/inst/k1_vertex_transform_U0/mul_32s_32s_64_1_1_U4/tmp_product__1/DSP_M_DATA_INST/U_DATA[43]
                         net (fo=1, routed)           0.000     0.888    bd_0_i/hls_inst/inst/k1_vertex_transform_U0/mul_32s_32s_64_1_1_U4/tmp_product__1/DSP_M_DATA.U_DATA<43>
    DSP48E2_X1Y30        DSP_ALU (Prop_DSP_ALU_DSP48E2_U_DATA[43]_ALU_OUT[47])
                                                      0.699     1.587 f  bd_0_i/hls_inst/inst/k1_vertex_transform_U0/mul_32s_32s_64_1_1_U4/tmp_product__1/DSP_ALU_INST/ALU_OUT[47]
                         net (fo=1, routed)           0.000     1.587    bd_0_i/hls_inst/inst/k1_vertex_transform_U0/mul_32s_32s_64_1_1_U4/tmp_product__1/DSP_ALU.ALU_OUT<47>
    DSP48E2_X1Y30        DSP_OUTPUT (Prop_DSP_OUTPUT_DSP48E2_ALU_OUT[47]_PCOUT[47])
                                                      0.159     1.746 r  bd_0_i/hls_inst/inst/k1_vertex_transform_U0/mul_32s_32s_64_1_1_U4/tmp_product__1/DSP_OUTPUT_INST/PCOUT[47]
                         net (fo=1, routed)           0.016     1.762    bd_0_i/hls_inst/inst/k1_vertex_transform_U0/mul_32s_32s_64_1_1_U4/tmp_product__2/PCIN[47]
    DSP48E2_X1Y31        DSP_ALU (Prop_DSP_ALU_DSP48E2_PCIN[47]_ALU_OUT[3])
                                                      0.698     2.460 f  bd_0_i/hls_inst/inst/k1_vertex_transform_U0/mul_32s_32s_64_1_1_U4/tmp_product__2/DSP_ALU_INST/ALU_OUT[3]
                         net (fo=1, routed)           0.000     2.460    bd_0_i/hls_inst/inst/k1_vertex_transform_U0/mul_32s_32s_64_1_1_U4/tmp_product__2/DSP_ALU.ALU_OUT<3>
    DSP48E2_X1Y31        DSP_OUTPUT (Prop_DSP_OUTPUT_DSP48E2_ALU_OUT[3]_P[3])
                                                      0.141     2.601 r  bd_0_i/hls_inst/inst/k1_vertex_transform_U0/mul_32s_32s_64_1_1_U4/tmp_product__2/DSP_OUTPUT_INST/P[3]
                         net (fo=2, routed)           0.357     2.958    bd_0_i/hls_inst/inst/k1_vertex_transform_U0/mul_32s_32s_64_1_1_U4/tmp_product__2_n_102
    SLICE_X20Y79         LUT2 (Prop_E6LUT_SLICEM_I0_O)
                                                      0.148     3.106 r  bd_0_i/hls_inst/inst/k1_vertex_transform_U0/mul_32s_32s_64_1_1_U4/tmp_product_carry_i_4__9/O
                         net (fo=1, routed)           0.015     3.121    bd_0_i/hls_inst/inst/k1_vertex_transform_U0/mul_32s_32s_64_1_1_U4/tmp_product_carry_i_4__9_n_0
    SLICE_X20Y79         CARRY8 (Prop_CARRY8_SLICEM_S[4]_CO[7])
                                                      0.198     3.319 r  bd_0_i/hls_inst/inst/k1_vertex_transform_U0/mul_32s_32s_64_1_1_U4/tmp_product_carry/CO[7]
                         net (fo=1, routed)           0.028     3.347    bd_0_i/hls_inst/inst/k1_vertex_transform_U0/mul_32s_32s_64_1_1_U4/tmp_product_carry_n_0
    SLICE_X20Y80         CARRY8 (Prop_CARRY8_SLICEM_CI_O[1])
                                                      0.111     3.458 r  bd_0_i/hls_inst/inst/k1_vertex_transform_U0/mul_32s_32s_64_1_1_U4/tmp_product_carry__0/O[1]
                         net (fo=9, routed)           0.261     3.719    bd_0_i/hls_inst/inst/k1_vertex_transform_U0/mul_32s_32s_64_1_1_U4/O176[9]
    SLICE_X21Y80         LUT2 (Prop_B6LUT_SLICEL_I1_O)
                                                      0.100     3.819 r  bd_0_i/hls_inst/inst/k1_vertex_transform_U0/mul_32s_32s_64_1_1_U4/add_ln21_7_reg_4396[15]_i_9/O
                         net (fo=1, routed)           0.010     3.829    bd_0_i/hls_inst/inst/k1_vertex_transform_U0/mul_32s_32s_64_1_1_U4/add_ln21_7_reg_4396[15]_i_9_n_0
    SLICE_X21Y80         CARRY8 (Prop_CARRY8_SLICEL_S[1]_CO[7])
                                                      0.233     4.062 r  bd_0_i/hls_inst/inst/k1_vertex_transform_U0/mul_32s_32s_64_1_1_U4/add_ln21_7_reg_4396_reg[15]_i_2/CO[7]
                         net (fo=1, routed)           0.028     4.090    bd_0_i/hls_inst/inst/k1_vertex_transform_U0/mul_32s_32s_64_1_1_U4/add_ln21_7_reg_4396_reg[15]_i_2_n_0
    SLICE_X21Y81         CARRY8 (Prop_CARRY8_SLICEL_CI_O[5])
                                                      0.145     4.235 r  bd_0_i/hls_inst/inst/k1_vertex_transform_U0/mul_32s_32s_64_1_1_U4/add_ln21_7_reg_4396_reg[23]_i_2/O[5]
                         net (fo=1, routed)           0.546     4.781    bd_0_i/hls_inst/inst/k1_vertex_transform_U0/mul_32s_32s_64_1_1_U4/trunc_ln21_3_fu_1350_p4__0[21]
    SLICE_X17Y84         CARRY8 (Prop_CARRY8_SLICEL_S[5]_CO[7])
                                                      0.197     4.978 r  bd_0_i/hls_inst/inst/k1_vertex_transform_U0/mul_32s_32s_64_1_1_U4/add_ln21_7_reg_4396_reg[23]_i_1/CO[7]
                         net (fo=1, routed)           0.028     5.006    bd_0_i/hls_inst/inst/k1_vertex_transform_U0/mul_32s_32s_64_1_1_U4/add_ln21_7_reg_4396_reg[23]_i_1_n_0
    SLICE_X17Y85         CARRY8 (Prop_CARRY8_SLICEL_CI_O[7])
                                                      0.153     5.159 r  bd_0_i/hls_inst/inst/k1_vertex_transform_U0/mul_32s_32s_64_1_1_U4/add_ln21_7_reg_4396_reg[31]_i_1/O[7]
                         net (fo=4, routed)           0.368     5.527    bd_0_i/hls_inst/inst/k1_vertex_transform_U0/mul_32s_32s_64_1_1_U4/D[31]
    SLICE_X19Y86         LUT6 (Prop_F6LUT_SLICEM_I2_O)
                                                      0.098     5.625 r  bd_0_i/hls_inst/inst/k1_vertex_transform_U0/mul_32s_32s_64_1_1_U4/and_ln21_9_reg_4411[0]_i_5/O
                         net (fo=1, routed)           0.123     5.748    bd_0_i/hls_inst/inst/k1_vertex_transform_U0/mul_32s_32s_64_1_1_U4/and_ln21_9_reg_4411[0]_i_5_n_0
    SLICE_X19Y87         LUT6 (Prop_A6LUT_SLICEM_I4_O)
                                                      0.179     5.927 r  bd_0_i/hls_inst/inst/k1_vertex_transform_U0/mul_32s_32s_64_1_1_U4/and_ln21_9_reg_4411[0]_i_1/O
                         net (fo=1, routed)           0.063     5.990    bd_0_i/hls_inst/inst/k1_vertex_transform_U0/and_ln21_9_fu_1498_p2
    SLICE_X19Y87         FDRE                                         r  bd_0_i/hls_inst/inst/k1_vertex_transform_U0/and_ln21_9_reg_4411_reg[0]/D
  -------------------------------------------------------------------    -------------------

                         (clock ap_clk rise edge)     0.000     0.000 r  
                                                      0.000     0.000 r  ap_clk (IN)
                         net (fo=39532, unset)        0.026     0.026    bd_0_i/hls_inst/inst/k1_vertex_transform_U0/ap_clk
    SLICE_X19Y87         FDRE                                         r  bd_0_i/hls_inst/inst/k1_vertex_transform_U0/and_ln21_9_reg_4411_reg[0]/C

Slack:                    inf
  Source:                 bd_0_i/hls_inst/inst/k1_vertex_transform_U0/mul_32s_32s_64_1_1_U5/tmp_product__1/DSP_A_B_DATA_INST/B2_DATA[17]
                            (internal pin)
  Destination:            bd_0_i/hls_inst/inst/k1_vertex_transform_U0/and_ln23_15_reg_4663_reg[0]/D
                            (rising edge-triggered cell FDRE clocked by ap_clk  {rise@0.000ns fall@5.000ns period=10.000ns})
  Path Group:             (none)
  Path Type:              Setup (Max at Slow Process Corner)
  Data Path Delay:        5.987ns  (logic 3.926ns (65.579%)  route 2.061ns (34.421%))
  Logic Levels:           17  (CARRY8=6 DSP_ALU=2 DSP_M_DATA=1 DSP_MULTIPLIER=1 DSP_OUTPUT=2 DSP_PREADD_DATA=1 LUT2=2 LUT4=1 LUT6=1)
  Clock Uncertainty:      0.025ns  ((TSJ^2 + TIJ^2)^1/2 + DJ) / 2 + PE
    Total System Jitter     (TSJ):    0.050ns
    Total Input Jitter      (TIJ):    0.000ns
    Discrete Jitter          (DJ):    0.000ns
    Phase Error              (PE):    0.000ns

    Location             Delay type                Incr(ns)  Path(ns)    Netlist Resource(s)
  -------------------------------------------------------------------    -------------------
    DSP48E2_X3Y36        DSP_A_B_DATA                 0.000     0.000 r  bd_0_i/hls_inst/inst/k1_vertex_transform_U0/mul_32s_32s_64_1_1_U5/tmp_product__1/DSP_A_B_DATA_INST/B2_DATA[17]
                         net (fo=1, routed)           0.000     0.000    bd_0_i/hls_inst/inst/k1_vertex_transform_U0/mul_32s_32s_64_1_1_U5/tmp_product__1/DSP_A_B_DATA.B2_DATA<17>
    DSP48E2_X3Y36        DSP_PREADD_DATA (Prop_DSP_PREADD_DATA_DSP48E2_B2_DATA[17]_B2B1[17])
                                                      0.092     0.092 r  bd_0_i/hls_inst/inst/k1_vertex_transform_U0/mul_32s_32s_64_1_1_U5/tmp_product__1/DSP_PREADD_DATA_INST/B2B1[17]
                         net (fo=1, routed)           0.000     0.092    bd_0_i/hls_inst/inst/k1_vertex_transform_U0/mul_32s_32s_64_1_1_U5/tmp_product__1/DSP_PREADD_DATA.B2B1<17>
    DSP48E2_X3Y36        DSP_MULTIPLIER (Prop_DSP_MULTIPLIER_DSP48E2_B2B1[17]_U[43])
                                                      0.737     0.829 f  bd_0_i/hls_inst/inst/k1_vertex_transform_U0/mul_32s_32s_64_1_1_U5/tmp_product__1/DSP_MULTIPLIER_INST/U[43]
                         net (fo=1, routed)           0.000     0.829    bd_0_i/hls_inst/inst/k1_vertex_transform_U0/mul_32s_32s_64_1_1_U5/tmp_product__1/DSP_MULTIPLIER.U<43>
    DSP48E2_X3Y36        DSP_M_DATA (Prop_DSP_M_DATA_DSP48E2_U[43]_U_DATA[43])
                                                      0.059     0.888 r  bd_0_i/hls_inst/inst/k1_vertex_transform_U0/mul_32s_32s_64_1_1_U5/tmp_product__1/DSP_M_DATA_INST/U_DATA[43]
                         net (fo=1, routed)           0.000     0.888    bd_0_i/hls_inst/inst/k1_vertex_transform_U0/mul_32s_32s_64_1_1_U5/tmp_product__1/DSP_M_DATA.U_DATA<43>
    DSP48E2_X3Y36        DSP_ALU (Prop_DSP_ALU_DSP48E2_U_DATA[43]_ALU_OUT[47])
                                                      0.699     1.587 f  bd_0_i/hls_inst/inst/k1_vertex_transform_U0/mul_32s_32s_64_1_1_U5/tmp_product__1/DSP_ALU_INST/ALU_OUT[47]
                         net (fo=1, routed)           0.000     1.587    bd_0_i/hls_inst/inst/k1_vertex_transform_U0/mul_32s_32s_64_1_1_U5/tmp_product__1/DSP_ALU.ALU_OUT<47>
    DSP48E2_X3Y36        DSP_OUTPUT (Prop_DSP_OUTPUT_DSP48E2_ALU_OUT[47]_PCOUT[47])
                                                      0.159     1.746 r  bd_0_i/hls_inst/inst/k1_vertex_transform_U0/mul_32s_32s_64_1_1_U5/tmp_product__1/DSP_OUTPUT_INST/PCOUT[47]
                         net (fo=1, routed)           0.016     1.762    bd_0_i/hls_inst/inst/k1_vertex_transform_U0/mul_32s_32s_64_1_1_U5/tmp_product__2/PCIN[47]
    DSP48E2_X3Y37        DSP_ALU (Prop_DSP_ALU_DSP48E2_PCIN[47]_ALU_OUT[0])
                                                      0.698     2.460 f  bd_0_i/hls_inst/inst/k1_vertex_transform_U0/mul_32s_32s_64_1_1_U5/tmp_product__2/DSP_ALU_INST/ALU_OUT[0]
                         net (fo=1, routed)           0.000     2.460    bd_0_i/hls_inst/inst/k1_vertex_transform_U0/mul_32s_32s_64_1_1_U5/tmp_product__2/DSP_ALU.ALU_OUT<0>
    DSP48E2_X3Y37        DSP_OUTPUT (Prop_DSP_OUTPUT_DSP48E2_ALU_OUT[0]_P[0])
                                                      0.141     2.601 r  bd_0_i/hls_inst/inst/k1_vertex_transform_U0/mul_32s_32s_64_1_1_U5/tmp_product__2/DSP_OUTPUT_INST/P[0]
                         net (fo=2, routed)           0.258     2.859    bd_0_i/hls_inst/inst/k1_vertex_transform_U0/mul_32s_32s_64_1_1_U5/tmp_product__2_n_105
    SLICE_X41Y92         LUT2 (Prop_B6LUT_SLICEL_I0_O)
                                                      0.115     2.974 r  bd_0_i/hls_inst/inst/k1_vertex_transform_U0/mul_32s_32s_64_1_1_U5/tmp_product_carry_i_7__10/O
                         net (fo=1, routed)           0.010     2.984    bd_0_i/hls_inst/inst/k1_vertex_transform_U0/mul_32s_32s_64_1_1_U5/tmp_product_carry_i_7__10_n_0
    SLICE_X41Y92         CARRY8 (Prop_CARRY8_SLICEL_S[1]_CO[7])
                                                      0.233     3.217 r  bd_0_i/hls_inst/inst/k1_vertex_transform_U0/mul_32s_32s_64_1_1_U5/tmp_product_carry/CO[7]
                         net (fo=1, routed)           0.028     3.245    bd_0_i/hls_inst/inst/k1_vertex_transform_U0/mul_32s_32s_64_1_1_U5/tmp_product_carry_n_0
    SLICE_X41Y93         CARRY8 (Prop_CARRY8_SLICEL_CI_O[6])
                                                      0.143     3.388 r  bd_0_i/hls_inst/inst/k1_vertex_transform_U0/mul_32s_32s_64_1_1_U5/tmp_product_carry__0/O[6]
                         net (fo=9, routed)           0.422     3.810    bd_0_i/hls_inst/inst/k1_vertex_transform_U0/mul_32s_32s_64_1_1_U5/O184[14]
    SLICE_X43Y97         LUT2 (Prop_G6LUT_SLICEM_I1_O)
                                                      0.116     3.926 r  bd_0_i/hls_inst/inst/k1_vertex_transform_U0/mul_32s_32s_64_1_1_U5/add_ln23_11_reg_4648[15]_i_4/O
                         net (fo=1, routed)           0.017     3.943    bd_0_i/hls_inst/inst/k1_vertex_transform_U0/mul_32s_32s_64_1_1_U5/add_ln23_11_reg_4648[15]_i_4_n_0
    SLICE_X43Y97         CARRY8 (Prop_CARRY8_SLICEM_S[6]_CO[7])
                                                      0.150     4.093 r  bd_0_i/hls_inst/inst/k1_vertex_transform_U0/mul_32s_32s_64_1_1_U5/add_ln23_11_reg_4648_reg[15]_i_2/CO[7]
                         net (fo=1, routed)           0.028     4.121    bd_0_i/hls_inst/inst/k1_vertex_transform_U0/mul_32s_32s_64_1_1_U5/add_ln23_11_reg_4648_reg[15]_i_2_n_0
    SLICE_X43Y98         CARRY8 (Prop_CARRY8_SLICEM_CI_O[6])
                                                      0.129     4.250 r  bd_0_i/hls_inst/inst/k1_vertex_transform_U0/mul_32s_32s_64_1_1_U5/add_ln23_11_reg_4648_reg[23]_i_2/O[6]
                         net (fo=1, routed)           0.590     4.840    bd_0_i/hls_inst/inst/k1_vertex_transform_U0/mul_32s_32s_64_1_1_U5/trunc_ln23_5_fu_3061_p4__0[22]
    SLICE_X45Y104        CARRY8 (Prop_CARRY8_SLICEM_S[6]_CO[7])
                                                      0.150     4.990 r  bd_0_i/hls_inst/inst/k1_vertex_transform_U0/mul_32s_32s_64_1_1_U5/add_ln23_11_reg_4648_reg[23]_i_1/CO[7]
                         net (fo=1, routed)           0.028     5.018    bd_0_i/hls_inst/inst/k1_vertex_transform_U0/mul_32s_32s_64_1_1_U5/add_ln23_11_reg_4648_reg[23]_i_1_n_0
    SLICE_X45Y105        CARRY8 (Prop_CARRY8_SLICEM_CI_O[7])
                                                      0.153     5.171 r  bd_0_i/hls_inst/inst/k1_vertex_transform_U0/mul_32s_32s_64_1_1_U5/add_ln23_11_reg_4648_reg[31]_i_1/O[7]
                         net (fo=4, routed)           0.455     5.626    bd_0_i/hls_inst/inst/k1_vertex_transform_U0/mul_32s_32s_64_1_1_U5/O181[31]
    SLICE_X39Y101        LUT4 (Prop_B5LUT_SLICEM_I1_O)
                                                      0.089     5.715 r  bd_0_i/hls_inst/inst/k1_vertex_transform_U0/mul_32s_32s_64_1_1_U5/and_ln23_15_reg_4663[0]_i_6/O
                         net (fo=1, routed)           0.151     5.866    bd_0_i/hls_inst/inst/k1_vertex_transform_U0/mul_32s_32s_64_1_1_U5/and_ln23_15_reg_4663[0]_i_6_n_0
    SLICE_X38Y101        LUT6 (Prop_D6LUT_SLICEL_I5_O)
                                                      0.063     5.929 r  bd_0_i/hls_inst/inst/k1_vertex_transform_U0/mul_32s_32s_64_1_1_U5/and_ln23_15_reg_4663[0]_i_1/O
                         net (fo=1, routed)           0.058     5.987    bd_0_i/hls_inst/inst/k1_vertex_transform_U0/and_ln23_15_fu_3209_p2
    SLICE_X38Y101        FDRE                                         r  bd_0_i/hls_inst/inst/k1_vertex_transform_U0/and_ln23_15_reg_4663_reg[0]/D
  -------------------------------------------------------------------    -------------------

                         (clock ap_clk rise edge)     0.000     0.000 r  
                                                      0.000     0.000 r  ap_clk (IN)
                         net (fo=39532, unset)        0.024     0.024    bd_0_i/hls_inst/inst/k1_vertex_transform_U0/ap_clk
    SLICE_X38Y101        FDRE                                         r  bd_0_i/hls_inst/inst/k1_vertex_transform_U0/and_ln23_15_reg_4663_reg[0]/C

Slack:                    inf
  Source:                 bd_0_i/hls_inst/inst/k1_vertex_transform_U0/mul_32s_32s_64_1_1_U5/tmp_product__1/DSP_A_B_DATA_INST/B2_DATA[17]
                            (internal pin)
  Destination:            bd_0_i/hls_inst/inst/k1_vertex_transform_U0/and_ln23_12_reg_4653_reg[0]/D
                            (rising edge-triggered cell FDRE clocked by ap_clk  {rise@0.000ns fall@5.000ns period=10.000ns})
  Path Group:             (none)
  Path Type:              Setup (Max at Slow Process Corner)
  Data Path Delay:        5.973ns  (logic 3.837ns (64.243%)  route 2.136ns (35.757%))
  Logic Levels:           16  (CARRY8=6 DSP_ALU=2 DSP_M_DATA=1 DSP_MULTIPLIER=1 DSP_OUTPUT=2 DSP_PREADD_DATA=1 LUT2=3)
  Clock Uncertainty:      0.025ns  ((TSJ^2 + TIJ^2)^1/2 + DJ) / 2 + PE
    Total System Jitter     (TSJ):    0.050ns
    Total Input Jitter      (TIJ):    0.000ns
    Discrete Jitter          (DJ):    0.000ns
    Phase Error              (PE):    0.000ns

    Location             Delay type                Incr(ns)  Path(ns)    Netlist Resource(s)
  -------------------------------------------------------------------    -------------------
    DSP48E2_X3Y36        DSP_A_B_DATA                 0.000     0.000 r  bd_0_i/hls_inst/inst/k1_vertex_transform_U0/mul_32s_32s_64_1_1_U5/tmp_product__1/DSP_A_B_DATA_INST/B2_DATA[17]
                         net (fo=1, routed)           0.000     0.000    bd_0_i/hls_inst/inst/k1_vertex_transform_U0/mul_32s_32s_64_1_1_U5/tmp_product__1/DSP_A_B_DATA.B2_DATA<17>
    DSP48E2_X3Y36        DSP_PREADD_DATA (Prop_DSP_PREADD_DATA_DSP48E2_B2_DATA[17]_B2B1[17])
                                                      0.092     0.092 r  bd_0_i/hls_inst/inst/k1_vertex_transform_U0/mul_32s_32s_64_1_1_U5/tmp_product__1/DSP_PREADD_DATA_INST/B2B1[17]
                         net (fo=1, routed)           0.000     0.092    bd_0_i/hls_inst/inst/k1_vertex_transform_U0/mul_32s_32s_64_1_1_U5/tmp_product__1/DSP_PREADD_DATA.B2B1<17>
    DSP48E2_X3Y36        DSP_MULTIPLIER (Prop_DSP_MULTIPLIER_DSP48E2_B2B1[17]_U[43])
                                                      0.737     0.829 f  bd_0_i/hls_inst/inst/k1_vertex_transform_U0/mul_32s_32s_64_1_1_U5/tmp_product__1/DSP_MULTIPLIER_INST/U[43]
                         net (fo=1, routed)           0.000     0.829    bd_0_i/hls_inst/inst/k1_vertex_transform_U0/mul_32s_32s_64_1_1_U5/tmp_product__1/DSP_MULTIPLIER.U<43>
    DSP48E2_X3Y36        DSP_M_DATA (Prop_DSP_M_DATA_DSP48E2_U[43]_U_DATA[43])
                                                      0.059     0.888 r  bd_0_i/hls_inst/inst/k1_vertex_transform_U0/mul_32s_32s_64_1_1_U5/tmp_product__1/DSP_M_DATA_INST/U_DATA[43]
                         net (fo=1, routed)           0.000     0.888    bd_0_i/hls_inst/inst/k1_vertex_transform_U0/mul_32s_32s_64_1_1_U5/tmp_product__1/DSP_M_DATA.U_DATA<43>
    DSP48E2_X3Y36        DSP_ALU (Prop_DSP_ALU_DSP48E2_U_DATA[43]_ALU_OUT[47])
                                                      0.699     1.587 f  bd_0_i/hls_inst/inst/k1_vertex_transform_U0/mul_32s_32s_64_1_1_U5/tmp_product__1/DSP_ALU_INST/ALU_OUT[47]
                         net (fo=1, routed)           0.000     1.587    bd_0_i/hls_inst/inst/k1_vertex_transform_U0/mul_32s_32s_64_1_1_U5/tmp_product__1/DSP_ALU.ALU_OUT<47>
    DSP48E2_X3Y36        DSP_OUTPUT (Prop_DSP_OUTPUT_DSP48E2_ALU_OUT[47]_PCOUT[47])
                                                      0.159     1.746 r  bd_0_i/hls_inst/inst/k1_vertex_transform_U0/mul_32s_32s_64_1_1_U5/tmp_product__1/DSP_OUTPUT_INST/PCOUT[47]
                         net (fo=1, routed)           0.016     1.762    bd_0_i/hls_inst/inst/k1_vertex_transform_U0/mul_32s_32s_64_1_1_U5/tmp_product__2/PCIN[47]
    DSP48E2_X3Y37        DSP_ALU (Prop_DSP_ALU_DSP48E2_PCIN[47]_ALU_OUT[0])
                                                      0.698     2.460 f  bd_0_i/hls_inst/inst/k1_vertex_transform_U0/mul_32s_32s_64_1_1_U5/tmp_product__2/DSP_ALU_INST/ALU_OUT[0]
                         net (fo=1, routed)           0.000     2.460    bd_0_i/hls_inst/inst/k1_vertex_transform_U0/mul_32s_32s_64_1_1_U5/tmp_product__2/DSP_ALU.ALU_OUT<0>
    DSP48E2_X3Y37        DSP_OUTPUT (Prop_DSP_OUTPUT_DSP48E2_ALU_OUT[0]_P[0])
                                                      0.141     2.601 r  bd_0_i/hls_inst/inst/k1_vertex_transform_U0/mul_32s_32s_64_1_1_U5/tmp_product__2/DSP_OUTPUT_INST/P[0]
                         net (fo=2, routed)           0.258     2.859    bd_0_i/hls_inst/inst/k1_vertex_transform_U0/mul_32s_32s_64_1_1_U5/tmp_product__2_n_105
    SLICE_X41Y92         LUT2 (Prop_B6LUT_SLICEL_I0_O)
                                                      0.115     2.974 r  bd_0_i/hls_inst/inst/k1_vertex_transform_U0/mul_32s_32s_64_1_1_U5/tmp_product_carry_i_7__10/O
                         net (fo=1, routed)           0.010     2.984    bd_0_i/hls_inst/inst/k1_vertex_transform_U0/mul_32s_32s_64_1_1_U5/tmp_product_carry_i_7__10_n_0
    SLICE_X41Y92         CARRY8 (Prop_CARRY8_SLICEL_S[1]_CO[7])
                                                      0.233     3.217 r  bd_0_i/hls_inst/inst/k1_vertex_transform_U0/mul_32s_32s_64_1_1_U5/tmp_product_carry/CO[7]
                         net (fo=1, routed)           0.028     3.245    bd_0_i/hls_inst/inst/k1_vertex_transform_U0/mul_32s_32s_64_1_1_U5/tmp_product_carry_n_0
    SLICE_X41Y93         CARRY8 (Prop_CARRY8_SLICEL_CI_O[6])
                                                      0.143     3.388 r  bd_0_i/hls_inst/inst/k1_vertex_transform_U0/mul_32s_32s_64_1_1_U5/tmp_product_carry__0/O[6]
                         net (fo=9, routed)           0.422     3.810    bd_0_i/hls_inst/inst/k1_vertex_transform_U0/mul_32s_32s_64_1_1_U5/O184[14]
    SLICE_X43Y97         LUT2 (Prop_G6LUT_SLICEM_I1_O)
                                                      0.116     3.926 r  bd_0_i/hls_inst/inst/k1_vertex_transform_U0/mul_32s_32s_64_1_1_U5/add_ln23_11_reg_4648[15]_i_4/O
                         net (fo=1, routed)           0.017     3.943    bd_0_i/hls_inst/inst/k1_vertex_transform_U0/mul_32s_32s_64_1_1_U5/add_ln23_11_reg_4648[15]_i_4_n_0
    SLICE_X43Y97         CARRY8 (Prop_CARRY8_SLICEM_S[6]_CO[7])
                                                      0.150     4.093 r  bd_0_i/hls_inst/inst/k1_vertex_transform_U0/mul_32s_32s_64_1_1_U5/add_ln23_11_reg_4648_reg[15]_i_2/CO[7]
                         net (fo=1, routed)           0.028     4.121    bd_0_i/hls_inst/inst/k1_vertex_transform_U0/mul_32s_32s_64_1_1_U5/add_ln23_11_reg_4648_reg[15]_i_2_n_0
    SLICE_X43Y98         CARRY8 (Prop_CARRY8_SLICEM_CI_O[6])
                                                      0.129     4.250 r  bd_0_i/hls_inst/inst/k1_vertex_transform_U0/mul_32s_32s_64_1_1_U5/add_ln23_11_reg_4648_reg[23]_i_2/O[6]
                         net (fo=1, routed)           0.590     4.840    bd_0_i/hls_inst/inst/k1_vertex_transform_U0/mul_32s_32s_64_1_1_U5/trunc_ln23_5_fu_3061_p4__0[22]
    SLICE_X45Y104        CARRY8 (Prop_CARRY8_SLICEM_S[6]_CO[7])
                                                      0.150     4.990 r  bd_0_i/hls_inst/inst/k1_vertex_transform_U0/mul_32s_32s_64_1_1_U5/add_ln23_11_reg_4648_reg[23]_i_1/CO[7]
                         net (fo=1, routed)           0.028     5.018    bd_0_i/hls_inst/inst/k1_vertex_transform_U0/mul_32s_32s_64_1_1_U5/add_ln23_11_reg_4648_reg[23]_i_1_n_0
    SLICE_X45Y105        CARRY8 (Prop_CARRY8_SLICEM_CI_O[7])
                                                      0.153     5.171 f  bd_0_i/hls_inst/inst/k1_vertex_transform_U0/mul_32s_32s_64_1_1_U5/add_ln23_11_reg_4648_reg[31]_i_1/O[7]
                         net (fo=4, routed)           0.455     5.626    bd_0_i/hls_inst/inst/k1_vertex_transform_U0/mul_32s_32s_64_1_1_U5/O181[31]
    SLICE_X39Y101        LUT2 (Prop_B6LUT_SLICEM_I1_O)
                                                      0.063     5.689 r  bd_0_i/hls_inst/inst/k1_vertex_transform_U0/mul_32s_32s_64_1_1_U5/and_ln23_12_reg_4653[0]_i_1/O
                         net (fo=1, routed)           0.284     5.973    bd_0_i/hls_inst/inst/k1_vertex_transform_U0/p_0_in77_out
    SLICE_X38Y101        FDRE                                         r  bd_0_i/hls_inst/inst/k1_vertex_transform_U0/and_ln23_12_reg_4653_reg[0]/D
  -------------------------------------------------------------------    -------------------

                         (clock ap_clk rise edge)     0.000     0.000 r  
                                                      0.000     0.000 r  ap_clk (IN)
                         net (fo=39532, unset)        0.025     0.025    bd_0_i/hls_inst/inst/k1_vertex_transform_U0/ap_clk
    SLICE_X38Y101        FDRE                                         r  bd_0_i/hls_inst/inst/k1_vertex_transform_U0/and_ln23_12_reg_4653_reg[0]/C

Slack:                    inf
  Source:                 bd_0_i/hls_inst/inst/k1_vertex_transform_U0/mul_32s_32s_64_1_1_U5/tmp_product__1/DSP_A_B_DATA_INST/B2_DATA[17]
                            (internal pin)
  Destination:            bd_0_i/hls_inst/inst/k1_vertex_transform_U0/and_ln21_12_reg_4437_reg[0]/D
                            (rising edge-triggered cell FDRE clocked by ap_clk  {rise@0.000ns fall@5.000ns period=10.000ns})
  Path Group:             (none)
  Path Type:              Setup (Max at Slow Process Corner)
  Data Path Delay:        5.950ns  (logic 4.064ns (68.297%)  route 1.886ns (31.703%))
  Logic Levels:           16  (CARRY8=6 DSP_ALU=2 DSP_M_DATA=1 DSP_MULTIPLIER=1 DSP_OUTPUT=2 DSP_PREADD_DATA=1 LUT2=3)
  Clock Uncertainty:      0.025ns  ((TSJ^2 + TIJ^2)^1/2 + DJ) / 2 + PE
    Total System Jitter     (TSJ):    0.050ns
    Total Input Jitter      (TIJ):    0.000ns
    Discrete Jitter          (DJ):    0.000ns
    Phase Error              (PE):    0.000ns

    Location             Delay type                Incr(ns)  Path(ns)    Netlist Resource(s)
  -------------------------------------------------------------------    -------------------
    DSP48E2_X3Y36        DSP_A_B_DATA                 0.000     0.000 r  bd_0_i/hls_inst/inst/k1_vertex_transform_U0/mul_32s_32s_64_1_1_U5/tmp_product__1/DSP_A_B_DATA_INST/B2_DATA[17]
                         net (fo=1, routed)           0.000     0.000    bd_0_i/hls_inst/inst/k1_vertex_transform_U0/mul_32s_32s_64_1_1_U5/tmp_product__1/DSP_A_B_DATA.B2_DATA<17>
    DSP48E2_X3Y36        DSP_PREADD_DATA (Prop_DSP_PREADD_DATA_DSP48E2_B2_DATA[17]_B2B1[17])
                                                      0.092     0.092 r  bd_0_i/hls_inst/inst/k1_vertex_transform_U0/mul_32s_32s_64_1_1_U5/tmp_product__1/DSP_PREADD_DATA_INST/B2B1[17]
                         net (fo=1, routed)           0.000     0.092    bd_0_i/hls_inst/inst/k1_vertex_transform_U0/mul_32s_32s_64_1_1_U5/tmp_product__1/DSP_PREADD_DATA.B2B1<17>
    DSP48E2_X3Y36        DSP_MULTIPLIER (Prop_DSP_MULTIPLIER_DSP48E2_B2B1[17]_U[43])
                                                      0.737     0.829 f  bd_0_i/hls_inst/inst/k1_vertex_transform_U0/mul_32s_32s_64_1_1_U5/tmp_product__1/DSP_MULTIPLIER_INST/U[43]
                         net (fo=1, routed)           0.000     0.829    bd_0_i/hls_inst/inst/k1_vertex_transform_U0/mul_32s_32s_64_1_1_U5/tmp_product__1/DSP_MULTIPLIER.U<43>
    DSP48E2_X3Y36        DSP_M_DATA (Prop_DSP_M_DATA_DSP48E2_U[43]_U_DATA[43])
                                                      0.059     0.888 r  bd_0_i/hls_inst/inst/k1_vertex_transform_U0/mul_32s_32s_64_1_1_U5/tmp_product__1/DSP_M_DATA_INST/U_DATA[43]
                         net (fo=1, routed)           0.000     0.888    bd_0_i/hls_inst/inst/k1_vertex_transform_U0/mul_32s_32s_64_1_1_U5/tmp_product__1/DSP_M_DATA.U_DATA<43>
    DSP48E2_X3Y36        DSP_ALU (Prop_DSP_ALU_DSP48E2_U_DATA[43]_ALU_OUT[47])
                                                      0.699     1.587 f  bd_0_i/hls_inst/inst/k1_vertex_transform_U0/mul_32s_32s_64_1_1_U5/tmp_product__1/DSP_ALU_INST/ALU_OUT[47]
                         net (fo=1, routed)           0.000     1.587    bd_0_i/hls_inst/inst/k1_vertex_transform_U0/mul_32s_32s_64_1_1_U5/tmp_product__1/DSP_ALU.ALU_OUT<47>
    DSP48E2_X3Y36        DSP_OUTPUT (Prop_DSP_OUTPUT_DSP48E2_ALU_OUT[47]_PCOUT[47])
                                                      0.159     1.746 r  bd_0_i/hls_inst/inst/k1_vertex_transform_U0/mul_32s_32s_64_1_1_U5/tmp_product__1/DSP_OUTPUT_INST/PCOUT[47]
                         net (fo=1, routed)           0.016     1.762    bd_0_i/hls_inst/inst/k1_vertex_transform_U0/mul_32s_32s_64_1_1_U5/tmp_product__2/PCIN[47]
    DSP48E2_X3Y37        DSP_ALU (Prop_DSP_ALU_DSP48E2_PCIN[47]_ALU_OUT[0])
                                                      0.698     2.460 f  bd_0_i/hls_inst/inst/k1_vertex_transform_U0/mul_32s_32s_64_1_1_U5/tmp_product__2/DSP_ALU_INST/ALU_OUT[0]
                         net (fo=1, routed)           0.000     2.460    bd_0_i/hls_inst/inst/k1_vertex_transform_U0/mul_32s_32s_64_1_1_U5/tmp_product__2/DSP_ALU.ALU_OUT<0>
    DSP48E2_X3Y37        DSP_OUTPUT (Prop_DSP_OUTPUT_DSP48E2_ALU_OUT[0]_P[0])
                                                      0.141     2.601 r  bd_0_i/hls_inst/inst/k1_vertex_transform_U0/mul_32s_32s_64_1_1_U5/tmp_product__2/DSP_OUTPUT_INST/P[0]
                         net (fo=2, routed)           0.258     2.859    bd_0_i/hls_inst/inst/k1_vertex_transform_U0/mul_32s_32s_64_1_1_U5/tmp_product__2_n_105
    SLICE_X41Y92         LUT2 (Prop_B6LUT_SLICEL_I0_O)
                                                      0.115     2.974 r  bd_0_i/hls_inst/inst/k1_vertex_transform_U0/mul_32s_32s_64_1_1_U5/tmp_product_carry_i_7__10/O
                         net (fo=1, routed)           0.010     2.984    bd_0_i/hls_inst/inst/k1_vertex_transform_U0/mul_32s_32s_64_1_1_U5/tmp_product_carry_i_7__10_n_0
    SLICE_X41Y92         CARRY8 (Prop_CARRY8_SLICEL_S[1]_CO[7])
                                                      0.233     3.217 r  bd_0_i/hls_inst/inst/k1_vertex_transform_U0/mul_32s_32s_64_1_1_U5/tmp_product_carry/CO[7]
                         net (fo=1, routed)           0.028     3.245    bd_0_i/hls_inst/inst/k1_vertex_transform_U0/mul_32s_32s_64_1_1_U5/tmp_product_carry_n_0
    SLICE_X41Y93         CARRY8 (Prop_CARRY8_SLICEL_CI_O[5])
                                                      0.159     3.404 r  bd_0_i/hls_inst/inst/k1_vertex_transform_U0/mul_32s_32s_64_1_1_U5/tmp_product_carry__0/O[5]
                         net (fo=9, routed)           0.370     3.774    bd_0_i/hls_inst/inst/k1_vertex_transform_U0/mul_32s_32s_64_1_1_U5/O184[13]
    SLICE_X46Y91         LUT2 (Prop_F6LUT_SLICEL_I1_O)
                                                      0.177     3.951 r  bd_0_i/hls_inst/inst/k1_vertex_transform_U0/mul_32s_32s_64_1_1_U5/add_ln21_11_reg_4432[15]_i_5/O
                         net (fo=1, routed)           0.012     3.963    bd_0_i/hls_inst/inst/k1_vertex_transform_U0/mul_32s_32s_64_1_1_U5/add_ln21_11_reg_4432[15]_i_5_n_0
    SLICE_X46Y91         CARRY8 (Prop_CARRY8_SLICEL_S[5]_CO[7])
                                                      0.197     4.160 r  bd_0_i/hls_inst/inst/k1_vertex_transform_U0/mul_32s_32s_64_1_1_U5/add_ln21_11_reg_4432_reg[15]_i_2/CO[7]
                         net (fo=1, routed)           0.028     4.188    bd_0_i/hls_inst/inst/k1_vertex_transform_U0/mul_32s_32s_64_1_1_U5/add_ln21_11_reg_4432_reg[15]_i_2_n_0
    SLICE_X46Y92         CARRY8 (Prop_CARRY8_SLICEL_CI_O[5])
                                                      0.145     4.333 r  bd_0_i/hls_inst/inst/k1_vertex_transform_U0/mul_32s_32s_64_1_1_U5/add_ln21_11_reg_4432_reg[23]_i_2/O[5]
                         net (fo=1, routed)           0.488     4.821    bd_0_i/hls_inst/inst/k1_vertex_transform_U0/mul_32s_32s_64_1_1_U5/trunc_ln21_5_fu_1535_p4__0[21]
    SLICE_X40Y92         CARRY8 (Prop_CARRY8_SLICEM_S[5]_CO[7])
                                                      0.202     5.023 r  bd_0_i/hls_inst/inst/k1_vertex_transform_U0/mul_32s_32s_64_1_1_U5/add_ln21_11_reg_4432_reg[23]_i_1/CO[7]
                         net (fo=1, routed)           0.028     5.051    bd_0_i/hls_inst/inst/k1_vertex_transform_U0/mul_32s_32s_64_1_1_U5/add_ln21_11_reg_4432_reg[23]_i_1_n_0
    SLICE_X40Y93         CARRY8 (Prop_CARRY8_SLICEM_CI_O[7])
                                                      0.153     5.204 f  bd_0_i/hls_inst/inst/k1_vertex_transform_U0/mul_32s_32s_64_1_1_U5/add_ln21_11_reg_4432_reg[31]_i_1/O[7]
                         net (fo=4, routed)           0.282     5.485    bd_0_i/hls_inst/inst/k1_vertex_transform_U0/mul_32s_32s_64_1_1_U5/D[31]
    SLICE_X43Y92         LUT2 (Prop_D6LUT_SLICEM_I1_O)
                                                      0.098     5.583 r  bd_0_i/hls_inst/inst/k1_vertex_transform_U0/mul_32s_32s_64_1_1_U5/and_ln21_12_reg_4437[0]_i_1/O
                         net (fo=1, routed)           0.367     5.950    bd_0_i/hls_inst/inst/k1_vertex_transform_U0/p_0_in83_out
    SLICE_X41Y90         FDRE                                         r  bd_0_i/hls_inst/inst/k1_vertex_transform_U0/and_ln21_12_reg_4437_reg[0]/D
  -------------------------------------------------------------------    -------------------

                         (clock ap_clk rise edge)     0.000     0.000 r  
                                                      0.000     0.000 r  ap_clk (IN)
                         net (fo=39532, unset)        0.024     0.024    bd_0_i/hls_inst/inst/k1_vertex_transform_U0/ap_clk
    SLICE_X41Y90         FDRE                                         r  bd_0_i/hls_inst/inst/k1_vertex_transform_U0/and_ln21_12_reg_4437_reg[0]/C

Slack:                    inf
  Source:                 bd_0_i/hls_inst/inst/k1_vertex_transform_U0/mul_32s_32s_64_1_1_U5/tmp_product__1/DSP_A_B_DATA_INST/B2_DATA[17]
                            (internal pin)
  Destination:            bd_0_i/hls_inst/inst/k1_vertex_transform_U0/and_ln22_15_reg_4555_reg[0]/D
                            (rising edge-triggered cell FDRE clocked by ap_clk  {rise@0.000ns fall@5.000ns period=10.000ns})
  Path Group:             (none)
  Path Type:              Setup (Max at Slow Process Corner)
  Data Path Delay:        5.934ns  (logic 4.122ns (69.465%)  route 1.812ns (30.535%))
  Logic Levels:           17  (CARRY8=6 DSP_ALU=2 DSP_M_DATA=1 DSP_MULTIPLIER=1 DSP_OUTPUT=2 DSP_PREADD_DATA=1 LUT2=2 LUT4=1 LUT6=1)
  Clock Uncertainty:      0.025ns  ((TSJ^2 + TIJ^2)^1/2 + DJ) / 2 + PE
    Total System Jitter     (TSJ):    0.050ns
    Total Input Jitter      (TIJ):    0.000ns
    Discrete Jitter          (DJ):    0.000ns
    Phase Error              (PE):    0.000ns

    Location             Delay type                Incr(ns)  Path(ns)    Netlist Resource(s)
  -------------------------------------------------------------------    -------------------
    DSP48E2_X3Y36        DSP_A_B_DATA                 0.000     0.000 r  bd_0_i/hls_inst/inst/k1_vertex_transform_U0/mul_32s_32s_64_1_1_U5/tmp_product__1/DSP_A_B_DATA_INST/B2_DATA[17]
                         net (fo=1, routed)           0.000     0.000    bd_0_i/hls_inst/inst/k1_vertex_transform_U0/mul_32s_32s_64_1_1_U5/tmp_product__1/DSP_A_B_DATA.B2_DATA<17>
    DSP48E2_X3Y36        DSP_PREADD_DATA (Prop_DSP_PREADD_DATA_DSP48E2_B2_DATA[17]_B2B1[17])
                                                      0.092     0.092 r  bd_0_i/hls_inst/inst/k1_vertex_transform_U0/mul_32s_32s_64_1_1_U5/tmp_product__1/DSP_PREADD_DATA_INST/B2B1[17]
                         net (fo=1, routed)           0.000     0.092    bd_0_i/hls_inst/inst/k1_vertex_transform_U0/mul_32s_32s_64_1_1_U5/tmp_product__1/DSP_PREADD_DATA.B2B1<17>
    DSP48E2_X3Y36        DSP_MULTIPLIER (Prop_DSP_MULTIPLIER_DSP48E2_B2B1[17]_U[43])
                                                      0.737     0.829 f  bd_0_i/hls_inst/inst/k1_vertex_transform_U0/mul_32s_32s_64_1_1_U5/tmp_product__1/DSP_MULTIPLIER_INST/U[43]
                         net (fo=1, routed)           0.000     0.829    bd_0_i/hls_inst/inst/k1_vertex_transform_U0/mul_32s_32s_64_1_1_U5/tmp_product__1/DSP_MULTIPLIER.U<43>
    DSP48E2_X3Y36        DSP_M_DATA (Prop_DSP_M_DATA_DSP48E2_U[43]_U_DATA[43])
                                                      0.059     0.888 r  bd_0_i/hls_inst/inst/k1_vertex_transform_U0/mul_32s_32s_64_1_1_U5/tmp_product__1/DSP_M_DATA_INST/U_DATA[43]
                         net (fo=1, routed)           0.000     0.888    bd_0_i/hls_inst/inst/k1_vertex_transform_U0/mul_32s_32s_64_1_1_U5/tmp_product__1/DSP_M_DATA.U_DATA<43>
    DSP48E2_X3Y36        DSP_ALU (Prop_DSP_ALU_DSP48E2_U_DATA[43]_ALU_OUT[47])
                                                      0.699     1.587 f  bd_0_i/hls_inst/inst/k1_vertex_transform_U0/mul_32s_32s_64_1_1_U5/tmp_product__1/DSP_ALU_INST/ALU_OUT[47]
                         net (fo=1, routed)           0.000     1.587    bd_0_i/hls_inst/inst/k1_vertex_transform_U0/mul_32s_32s_64_1_1_U5/tmp_product__1/DSP_ALU.ALU_OUT<47>
    DSP48E2_X3Y36        DSP_OUTPUT (Prop_DSP_OUTPUT_DSP48E2_ALU_OUT[47]_PCOUT[47])
                                                      0.159     1.746 r  bd_0_i/hls_inst/inst/k1_vertex_transform_U0/mul_32s_32s_64_1_1_U5/tmp_product__1/DSP_OUTPUT_INST/PCOUT[47]
                         net (fo=1, routed)           0.016     1.762    bd_0_i/hls_inst/inst/k1_vertex_transform_U0/mul_32s_32s_64_1_1_U5/tmp_product__2/PCIN[47]
    DSP48E2_X3Y37        DSP_ALU (Prop_DSP_ALU_DSP48E2_PCIN[47]_ALU_OUT[0])
                                                      0.698     2.460 f  bd_0_i/hls_inst/inst/k1_vertex_transform_U0/mul_32s_32s_64_1_1_U5/tmp_product__2/DSP_ALU_INST/ALU_OUT[0]
                         net (fo=1, routed)           0.000     2.460    bd_0_i/hls_inst/inst/k1_vertex_transform_U0/mul_32s_32s_64_1_1_U5/tmp_product__2/DSP_ALU.ALU_OUT<0>
    DSP48E2_X3Y37        DSP_OUTPUT (Prop_DSP_OUTPUT_DSP48E2_ALU_OUT[0]_P[0])
                                                      0.141     2.601 r  bd_0_i/hls_inst/inst/k1_vertex_transform_U0/mul_32s_32s_64_1_1_U5/tmp_product__2/DSP_OUTPUT_INST/P[0]
                         net (fo=2, routed)           0.258     2.859    bd_0_i/hls_inst/inst/k1_vertex_transform_U0/mul_32s_32s_64_1_1_U5/tmp_product__2_n_105
    SLICE_X41Y92         LUT2 (Prop_B6LUT_SLICEL_I0_O)
                                                      0.115     2.974 r  bd_0_i/hls_inst/inst/k1_vertex_transform_U0/mul_32s_32s_64_1_1_U5/tmp_product_carry_i_7__10/O
                         net (fo=1, routed)           0.010     2.984    bd_0_i/hls_inst/inst/k1_vertex_transform_U0/mul_32s_32s_64_1_1_U5/tmp_product_carry_i_7__10_n_0
    SLICE_X41Y92         CARRY8 (Prop_CARRY8_SLICEL_S[1]_CO[7])
                                                      0.233     3.217 r  bd_0_i/hls_inst/inst/k1_vertex_transform_U0/mul_32s_32s_64_1_1_U5/tmp_product_carry/CO[7]
                         net (fo=1, routed)           0.028     3.245    bd_0_i/hls_inst/inst/k1_vertex_transform_U0/mul_32s_32s_64_1_1_U5/tmp_product_carry_n_0
    SLICE_X41Y93         CARRY8 (Prop_CARRY8_SLICEL_CI_O[0])
                                                      0.086     3.331 r  bd_0_i/hls_inst/inst/k1_vertex_transform_U0/mul_32s_32s_64_1_1_U5/tmp_product_carry__0/O[0]
                         net (fo=9, routed)           0.240     3.570    bd_0_i/hls_inst/inst/k1_vertex_transform_U0/mul_32s_32s_64_1_1_U5/O184[8]
    SLICE_X42Y93         LUT2 (Prop_A6LUT_SLICEM_I1_O)
                                                      0.179     3.749 r  bd_0_i/hls_inst/inst/k1_vertex_transform_U0/mul_32s_32s_64_1_1_U5/add_ln22_11_reg_4540[15]_i_10/O
                         net (fo=1, routed)           0.014     3.763    bd_0_i/hls_inst/inst/k1_vertex_transform_U0/mul_32s_32s_64_1_1_U5/add_ln22_11_reg_4540[15]_i_10_n_0
    SLICE_X42Y93         CARRY8 (Prop_CARRY8_SLICEM_S[0]_CO[7])
                                                      0.241     4.004 r  bd_0_i/hls_inst/inst/k1_vertex_transform_U0/mul_32s_32s_64_1_1_U5/add_ln22_11_reg_4540_reg[15]_i_2/CO[7]
                         net (fo=1, routed)           0.028     4.032    bd_0_i/hls_inst/inst/k1_vertex_transform_U0/mul_32s_32s_64_1_1_U5/add_ln22_11_reg_4540_reg[15]_i_2_n_0
    SLICE_X42Y94         CARRY8 (Prop_CARRY8_SLICEM_CI_O[5])
                                                      0.145     4.177 r  bd_0_i/hls_inst/inst/k1_vertex_transform_U0/mul_32s_32s_64_1_1_U5/add_ln22_11_reg_4540_reg[23]_i_2/O[5]
                         net (fo=1, routed)           0.424     4.601    bd_0_i/hls_inst/inst/k1_vertex_transform_U0/mul_32s_32s_64_1_1_U5/trunc_ln22_5_fu_2298_p4__0[21]
    SLICE_X40Y96         CARRY8 (Prop_CARRY8_SLICEM_S[5]_CO[7])
                                                      0.202     4.803 r  bd_0_i/hls_inst/inst/k1_vertex_transform_U0/mul_32s_32s_64_1_1_U5/add_ln22_11_reg_4540_reg[23]_i_1/CO[7]
                         net (fo=1, routed)           0.028     4.831    bd_0_i/hls_inst/inst/k1_vertex_transform_U0/mul_32s_32s_64_1_1_U5/add_ln22_11_reg_4540_reg[23]_i_1_n_0
    SLICE_X40Y97         CARRY8 (Prop_CARRY8_SLICEM_CI_O[7])
                                                      0.153     4.984 r  bd_0_i/hls_inst/inst/k1_vertex_transform_U0/mul_32s_32s_64_1_1_U5/add_ln22_11_reg_4540_reg[31]_i_1/O[7]
                         net (fo=4, routed)           0.498     5.482    bd_0_i/hls_inst/inst/k1_vertex_transform_U0/mul_32s_32s_64_1_1_U5/O179[31]
    SLICE_X37Y95         LUT4 (Prop_D5LUT_SLICEM_I1_O)
                                                      0.120     5.602 r  bd_0_i/hls_inst/inst/k1_vertex_transform_U0/mul_32s_32s_64_1_1_U5/and_ln22_15_reg_4555[0]_i_6/O
                         net (fo=1, routed)           0.212     5.814    bd_0_i/hls_inst/inst/k1_vertex_transform_U0/mul_32s_32s_64_1_1_U5/and_ln22_15_reg_4555[0]_i_6_n_0
    SLICE_X36Y95         LUT6 (Prop_G6LUT_SLICEL_I5_O)
                                                      0.063     5.877 r  bd_0_i/hls_inst/inst/k1_vertex_transform_U0/mul_32s_32s_64_1_1_U5/and_ln22_15_reg_4555[0]_i_1/O
                         net (fo=1, routed)           0.057     5.934    bd_0_i/hls_inst/inst/k1_vertex_transform_U0/and_ln22_15_fu_2446_p2
    SLICE_X36Y95         FDRE                                         r  bd_0_i/hls_inst/inst/k1_vertex_transform_U0/and_ln22_15_reg_4555_reg[0]/D
  -------------------------------------------------------------------    -------------------

                         (clock ap_clk rise edge)     0.000     0.000 r  
                                                      0.000     0.000 r  ap_clk (IN)
                         net (fo=39532, unset)        0.025     0.025    bd_0_i/hls_inst/inst/k1_vertex_transform_U0/ap_clk
    SLICE_X36Y95         FDRE                                         r  bd_0_i/hls_inst/inst/k1_vertex_transform_U0/and_ln22_15_reg_4555_reg[0]/C

Slack:                    inf
  Source:                 bd_0_i/hls_inst/inst/k1_vertex_transform_U0/mul_32s_32s_64_1_1_U4/tmp_product__1/DSP_A_B_DATA_INST/B2_DATA[17]
                            (internal pin)
  Destination:            bd_0_i/hls_inst/inst/k1_vertex_transform_U0/and_ln22_9_reg_4524_reg[0]/D
                            (rising edge-triggered cell FDRE clocked by ap_clk  {rise@0.000ns fall@5.000ns period=10.000ns})
  Path Group:             (none)
  Path Type:              Setup (Max at Slow Process Corner)
  Data Path Delay:        5.929ns  (logic 4.159ns (70.146%)  route 1.770ns (29.854%))
  Logic Levels:           17  (CARRY8=6 DSP_ALU=2 DSP_M_DATA=1 DSP_MULTIPLIER=1 DSP_OUTPUT=2 DSP_PREADD_DATA=1 LUT2=2 LUT6=2)
  Clock Uncertainty:      0.025ns  ((TSJ^2 + TIJ^2)^1/2 + DJ) / 2 + PE
    Total System Jitter     (TSJ):    0.050ns
    Total Input Jitter      (TIJ):    0.000ns
    Discrete Jitter          (DJ):    0.000ns
    Phase Error              (PE):    0.000ns

    Location             Delay type                Incr(ns)  Path(ns)    Netlist Resource(s)
  -------------------------------------------------------------------    -------------------
    DSP48E2_X1Y30        DSP_A_B_DATA                 0.000     0.000 r  bd_0_i/hls_inst/inst/k1_vertex_transform_U0/mul_32s_32s_64_1_1_U4/tmp_product__1/DSP_A_B_DATA_INST/B2_DATA[17]
                         net (fo=1, routed)           0.000     0.000    bd_0_i/hls_inst/inst/k1_vertex_transform_U0/mul_32s_32s_64_1_1_U4/tmp_product__1/DSP_A_B_DATA.B2_DATA<17>
    DSP48E2_X1Y30        DSP_PREADD_DATA (Prop_DSP_PREADD_DATA_DSP48E2_B2_DATA[17]_B2B1[17])
                                                      0.092     0.092 r  bd_0_i/hls_inst/inst/k1_vertex_transform_U0/mul_32s_32s_64_1_1_U4/tmp_product__1/DSP_PREADD_DATA_INST/B2B1[17]
                         net (fo=1, routed)           0.000     0.092    bd_0_i/hls_inst/inst/k1_vertex_transform_U0/mul_32s_32s_64_1_1_U4/tmp_product__1/DSP_PREADD_DATA.B2B1<17>
    DSP48E2_X1Y30        DSP_MULTIPLIER (Prop_DSP_MULTIPLIER_DSP48E2_B2B1[17]_U[43])
                                                      0.737     0.829 f  bd_0_i/hls_inst/inst/k1_vertex_transform_U0/mul_32s_32s_64_1_1_U4/tmp_product__1/DSP_MULTIPLIER_INST/U[43]
                         net (fo=1, routed)           0.000     0.829    bd_0_i/hls_inst/inst/k1_vertex_transform_U0/mul_32s_32s_64_1_1_U4/tmp_product__1/DSP_MULTIPLIER.U<43>
    DSP48E2_X1Y30        DSP_M_DATA (Prop_DSP_M_DATA_DSP48E2_U[43]_U_DATA[43])
                                                      0.059     0.888 r  bd_0_i/hls_inst/inst/k1_vertex_transform_U0/mul_32s_32s_64_1_1_U4/tmp_product__1/DSP_M_DATA_INST/U_DATA[43]
                         net (fo=1, routed)           0.000     0.888    bd_0_i/hls_inst/inst/k1_vertex_transform_U0/mul_32s_32s_64_1_1_U4/tmp_product__1/DSP_M_DATA.U_DATA<43>
    DSP48E2_X1Y30        DSP_ALU (Prop_DSP_ALU_DSP48E2_U_DATA[43]_ALU_OUT[47])
                                                      0.699     1.587 f  bd_0_i/hls_inst/inst/k1_vertex_transform_U0/mul_32s_32s_64_1_1_U4/tmp_product__1/DSP_ALU_INST/ALU_OUT[47]
                         net (fo=1, routed)           0.000     1.587    bd_0_i/hls_inst/inst/k1_vertex_transform_U0/mul_32s_32s_64_1_1_U4/tmp_product__1/DSP_ALU.ALU_OUT<47>
    DSP48E2_X1Y30        DSP_OUTPUT (Prop_DSP_OUTPUT_DSP48E2_ALU_OUT[47]_PCOUT[47])
                                                      0.159     1.746 r  bd_0_i/hls_inst/inst/k1_vertex_transform_U0/mul_32s_32s_64_1_1_U4/tmp_product__1/DSP_OUTPUT_INST/PCOUT[47]
                         net (fo=1, routed)           0.016     1.762    bd_0_i/hls_inst/inst/k1_vertex_transform_U0/mul_32s_32s_64_1_1_U4/tmp_product__2/PCIN[47]
    DSP48E2_X1Y31        DSP_ALU (Prop_DSP_ALU_DSP48E2_PCIN[47]_ALU_OUT[3])
                                                      0.698     2.460 f  bd_0_i/hls_inst/inst/k1_vertex_transform_U0/mul_32s_32s_64_1_1_U4/tmp_product__2/DSP_ALU_INST/ALU_OUT[3]
                         net (fo=1, routed)           0.000     2.460    bd_0_i/hls_inst/inst/k1_vertex_transform_U0/mul_32s_32s_64_1_1_U4/tmp_product__2/DSP_ALU.ALU_OUT<3>
    DSP48E2_X1Y31        DSP_OUTPUT (Prop_DSP_OUTPUT_DSP48E2_ALU_OUT[3]_P[3])
                                                      0.141     2.601 r  bd_0_i/hls_inst/inst/k1_vertex_transform_U0/mul_32s_32s_64_1_1_U4/tmp_product__2/DSP_OUTPUT_INST/P[3]
                         net (fo=2, routed)           0.357     2.958    bd_0_i/hls_inst/inst/k1_vertex_transform_U0/mul_32s_32s_64_1_1_U4/tmp_product__2_n_102
    SLICE_X20Y79         LUT2 (Prop_E6LUT_SLICEM_I0_O)
                                                      0.148     3.106 r  bd_0_i/hls_inst/inst/k1_vertex_transform_U0/mul_32s_32s_64_1_1_U4/tmp_product_carry_i_4__9/O
                         net (fo=1, routed)           0.015     3.121    bd_0_i/hls_inst/inst/k1_vertex_transform_U0/mul_32s_32s_64_1_1_U4/tmp_product_carry_i_4__9_n_0
    SLICE_X20Y79         CARRY8 (Prop_CARRY8_SLICEM_S[4]_CO[7])
                                                      0.198     3.319 r  bd_0_i/hls_inst/inst/k1_vertex_transform_U0/mul_32s_32s_64_1_1_U4/tmp_product_carry/CO[7]
                         net (fo=1, routed)           0.028     3.347    bd_0_i/hls_inst/inst/k1_vertex_transform_U0/mul_32s_32s_64_1_1_U4/tmp_product_carry_n_0
    SLICE_X20Y80         CARRY8 (Prop_CARRY8_SLICEM_CI_O[3])
                                                      0.118     3.465 r  bd_0_i/hls_inst/inst/k1_vertex_transform_U0/mul_32s_32s_64_1_1_U4/tmp_product_carry__0/O[3]
                         net (fo=9, routed)           0.308     3.774    bd_0_i/hls_inst/inst/k1_vertex_transform_U0/mul_32s_32s_64_1_1_U4/O176[11]
    SLICE_X19Y81         LUT2 (Prop_D6LUT_SLICEM_I1_O)
                                                      0.114     3.888 r  bd_0_i/hls_inst/inst/k1_vertex_transform_U0/mul_32s_32s_64_1_1_U4/add_ln22_7_reg_4509[15]_i_7/O
                         net (fo=1, routed)           0.026     3.914    bd_0_i/hls_inst/inst/k1_vertex_transform_U0/mul_32s_32s_64_1_1_U4/add_ln22_7_reg_4509[15]_i_7_n_0
    SLICE_X19Y81         CARRY8 (Prop_CARRY8_SLICEM_S[3]_CO[7])
                                                      0.206     4.120 r  bd_0_i/hls_inst/inst/k1_vertex_transform_U0/mul_32s_32s_64_1_1_U4/add_ln22_7_reg_4509_reg[15]_i_2/CO[7]
                         net (fo=1, routed)           0.028     4.148    bd_0_i/hls_inst/inst/k1_vertex_transform_U0/mul_32s_32s_64_1_1_U4/add_ln22_7_reg_4509_reg[15]_i_2_n_0
    SLICE_X19Y82         CARRY8 (Prop_CARRY8_SLICEM_CI_O[5])
                                                      0.145     4.293 r  bd_0_i/hls_inst/inst/k1_vertex_transform_U0/mul_32s_32s_64_1_1_U4/add_ln22_7_reg_4509_reg[23]_i_2/O[5]
                         net (fo=1, routed)           0.428     4.721    bd_0_i/hls_inst/inst/k1_vertex_transform_U0/mul_32s_32s_64_1_1_U4/trunc_ln22_3_fu_2117_p4__0[21]
    SLICE_X18Y82         CARRY8 (Prop_CARRY8_SLICEL_S[5]_CO[7])
                                                      0.197     4.918 r  bd_0_i/hls_inst/inst/k1_vertex_transform_U0/mul_32s_32s_64_1_1_U4/add_ln22_7_reg_4509_reg[23]_i_1/CO[7]
                         net (fo=1, routed)           0.028     4.946    bd_0_i/hls_inst/inst/k1_vertex_transform_U0/mul_32s_32s_64_1_1_U4/add_ln22_7_reg_4509_reg[23]_i_1_n_0
    SLICE_X18Y83         CARRY8 (Prop_CARRY8_SLICEL_CI_O[7])
                                                      0.153     5.099 r  bd_0_i/hls_inst/inst/k1_vertex_transform_U0/mul_32s_32s_64_1_1_U4/add_ln22_7_reg_4509_reg[31]_i_1/O[7]
                         net (fo=4, routed)           0.365     5.464    bd_0_i/hls_inst/inst/k1_vertex_transform_U0/mul_32s_32s_64_1_1_U4/O171[31]
    SLICE_X16Y86         LUT6 (Prop_F6LUT_SLICEM_I2_O)
                                                      0.148     5.612 r  bd_0_i/hls_inst/inst/k1_vertex_transform_U0/mul_32s_32s_64_1_1_U4/and_ln22_9_reg_4524[0]_i_5/O
                         net (fo=1, routed)           0.112     5.724    bd_0_i/hls_inst/inst/k1_vertex_transform_U0/mul_32s_32s_64_1_1_U4/and_ln22_9_reg_4524[0]_i_5_n_0
    SLICE_X15Y86         LUT6 (Prop_D6LUT_SLICEL_I4_O)
                                                      0.147     5.871 r  bd_0_i/hls_inst/inst/k1_vertex_transform_U0/mul_32s_32s_64_1_1_U4/and_ln22_9_reg_4524[0]_i_1/O
                         net (fo=1, routed)           0.058     5.929    bd_0_i/hls_inst/inst/k1_vertex_transform_U0/and_ln22_9_fu_2265_p2
    SLICE_X15Y86         FDRE                                         r  bd_0_i/hls_inst/inst/k1_vertex_transform_U0/and_ln22_9_reg_4524_reg[0]/D
  -------------------------------------------------------------------    -------------------

                         (clock ap_clk rise edge)     0.000     0.000 r  
                                                      0.000     0.000 r  ap_clk (IN)
                         net (fo=39532, unset)        0.024     0.024    bd_0_i/hls_inst/inst/k1_vertex_transform_U0/ap_clk
    SLICE_X15Y86         FDRE                                         r  bd_0_i/hls_inst/inst/k1_vertex_transform_U0/and_ln22_9_reg_4524_reg[0]/C

Slack:                    inf
  Source:                 bd_0_i/hls_inst/inst/k1_vertex_transform_U0/mul_32s_32s_64_1_1_U4/tmp_product__1/DSP_A_B_DATA_INST/B2_DATA[17]
                            (internal pin)
  Destination:            bd_0_i/hls_inst/inst/k1_vertex_transform_U0/and_ln21_10_reg_4417_reg[0]/D
                            (rising edge-triggered cell FDRE clocked by ap_clk  {rise@0.000ns fall@5.000ns period=10.000ns})
  Path Group:             (none)
  Path Type:              Setup (Max at Slow Process Corner)
  Data Path Delay:        5.923ns  (logic 4.009ns (67.685%)  route 1.914ns (32.315%))
  Logic Levels:           17  (CARRY8=6 DSP_ALU=2 DSP_M_DATA=1 DSP_MULTIPLIER=1 DSP_OUTPUT=2 DSP_PREADD_DATA=1 LUT2=2 LUT4=1 LUT6=1)
  Clock Uncertainty:      0.025ns  ((TSJ^2 + TIJ^2)^1/2 + DJ) / 2 + PE
    Total System Jitter     (TSJ):    0.050ns
    Total Input Jitter      (TIJ):    0.000ns
    Discrete Jitter          (DJ):    0.000ns
    Phase Error              (PE):    0.000ns

    Location             Delay type                Incr(ns)  Path(ns)    Netlist Resource(s)
  -------------------------------------------------------------------    -------------------
    DSP48E2_X1Y30        DSP_A_B_DATA                 0.000     0.000 r  bd_0_i/hls_inst/inst/k1_vertex_transform_U0/mul_32s_32s_64_1_1_U4/tmp_product__1/DSP_A_B_DATA_INST/B2_DATA[17]
                         net (fo=1, routed)           0.000     0.000    bd_0_i/hls_inst/inst/k1_vertex_transform_U0/mul_32s_32s_64_1_1_U4/tmp_product__1/DSP_A_B_DATA.B2_DATA<17>
    DSP48E2_X1Y30        DSP_PREADD_DATA (Prop_DSP_PREADD_DATA_DSP48E2_B2_DATA[17]_B2B1[17])
                                                      0.092     0.092 r  bd_0_i/hls_inst/inst/k1_vertex_transform_U0/mul_32s_32s_64_1_1_U4/tmp_product__1/DSP_PREADD_DATA_INST/B2B1[17]
                         net (fo=1, routed)           0.000     0.092    bd_0_i/hls_inst/inst/k1_vertex_transform_U0/mul_32s_32s_64_1_1_U4/tmp_product__1/DSP_PREADD_DATA.B2B1<17>
    DSP48E2_X1Y30        DSP_MULTIPLIER (Prop_DSP_MULTIPLIER_DSP48E2_B2B1[17]_U[43])
                                                      0.737     0.829 f  bd_0_i/hls_inst/inst/k1_vertex_transform_U0/mul_32s_32s_64_1_1_U4/tmp_product__1/DSP_MULTIPLIER_INST/U[43]
                         net (fo=1, routed)           0.000     0.829    bd_0_i/hls_inst/inst/k1_vertex_transform_U0/mul_32s_32s_64_1_1_U4/tmp_product__1/DSP_MULTIPLIER.U<43>
    DSP48E2_X1Y30        DSP_M_DATA (Prop_DSP_M_DATA_DSP48E2_U[43]_U_DATA[43])
                                                      0.059     0.888 r  bd_0_i/hls_inst/inst/k1_vertex_transform_U0/mul_32s_32s_64_1_1_U4/tmp_product__1/DSP_M_DATA_INST/U_DATA[43]
                         net (fo=1, routed)           0.000     0.888    bd_0_i/hls_inst/inst/k1_vertex_transform_U0/mul_32s_32s_64_1_1_U4/tmp_product__1/DSP_M_DATA.U_DATA<43>
    DSP48E2_X1Y30        DSP_ALU (Prop_DSP_ALU_DSP48E2_U_DATA[43]_ALU_OUT[47])
                                                      0.699     1.587 f  bd_0_i/hls_inst/inst/k1_vertex_transform_U0/mul_32s_32s_64_1_1_U4/tmp_product__1/DSP_ALU_INST/ALU_OUT[47]
                         net (fo=1, routed)           0.000     1.587    bd_0_i/hls_inst/inst/k1_vertex_transform_U0/mul_32s_32s_64_1_1_U4/tmp_product__1/DSP_ALU.ALU_OUT<47>
    DSP48E2_X1Y30        DSP_OUTPUT (Prop_DSP_OUTPUT_DSP48E2_ALU_OUT[47]_PCOUT[47])
                                                      0.159     1.746 r  bd_0_i/hls_inst/inst/k1_vertex_transform_U0/mul_32s_32s_64_1_1_U4/tmp_product__1/DSP_OUTPUT_INST/PCOUT[47]
                         net (fo=1, routed)           0.016     1.762    bd_0_i/hls_inst/inst/k1_vertex_transform_U0/mul_32s_32s_64_1_1_U4/tmp_product__2/PCIN[47]
    DSP48E2_X1Y31        DSP_ALU (Prop_DSP_ALU_DSP48E2_PCIN[47]_ALU_OUT[3])
                                                      0.698     2.460 f  bd_0_i/hls_inst/inst/k1_vertex_transform_U0/mul_32s_32s_64_1_1_U4/tmp_product__2/DSP_ALU_INST/ALU_OUT[3]
                         net (fo=1, routed)           0.000     2.460    bd_0_i/hls_inst/inst/k1_vertex_transform_U0/mul_32s_32s_64_1_1_U4/tmp_product__2/DSP_ALU.ALU_OUT<3>
    DSP48E2_X1Y31        DSP_OUTPUT (Prop_DSP_OUTPUT_DSP48E2_ALU_OUT[3]_P[3])
                                                      0.141     2.601 r  bd_0_i/hls_inst/inst/k1_vertex_transform_U0/mul_32s_32s_64_1_1_U4/tmp_product__2/DSP_OUTPUT_INST/P[3]
                         net (fo=2, routed)           0.357     2.958    bd_0_i/hls_inst/inst/k1_vertex_transform_U0/mul_32s_32s_64_1_1_U4/tmp_product__2_n_102
    SLICE_X20Y79         LUT2 (Prop_E6LUT_SLICEM_I0_O)
                                                      0.148     3.106 r  bd_0_i/hls_inst/inst/k1_vertex_transform_U0/mul_32s_32s_64_1_1_U4/tmp_product_carry_i_4__9/O
                         net (fo=1, routed)           0.015     3.121    bd_0_i/hls_inst/inst/k1_vertex_transform_U0/mul_32s_32s_64_1_1_U4/tmp_product_carry_i_4__9_n_0
    SLICE_X20Y79         CARRY8 (Prop_CARRY8_SLICEM_S[4]_CO[7])
                                                      0.198     3.319 r  bd_0_i/hls_inst/inst/k1_vertex_transform_U0/mul_32s_32s_64_1_1_U4/tmp_product_carry/CO[7]
                         net (fo=1, routed)           0.028     3.347    bd_0_i/hls_inst/inst/k1_vertex_transform_U0/mul_32s_32s_64_1_1_U4/tmp_product_carry_n_0
    SLICE_X20Y80         CARRY8 (Prop_CARRY8_SLICEM_CI_O[1])
                                                      0.111     3.458 r  bd_0_i/hls_inst/inst/k1_vertex_transform_U0/mul_32s_32s_64_1_1_U4/tmp_product_carry__0/O[1]
                         net (fo=9, routed)           0.261     3.719    bd_0_i/hls_inst/inst/k1_vertex_transform_U0/mul_32s_32s_64_1_1_U4/O176[9]
    SLICE_X21Y80         LUT2 (Prop_B6LUT_SLICEL_I1_O)
                                                      0.100     3.819 r  bd_0_i/hls_inst/inst/k1_vertex_transform_U0/mul_32s_32s_64_1_1_U4/add_ln21_7_reg_4396[15]_i_9/O
                         net (fo=1, routed)           0.010     3.829    bd_0_i/hls_inst/inst/k1_vertex_transform_U0/mul_32s_32s_64_1_1_U4/add_ln21_7_reg_4396[15]_i_9_n_0
    SLICE_X21Y80         CARRY8 (Prop_CARRY8_SLICEL_S[1]_CO[7])
                                                      0.233     4.062 r  bd_0_i/hls_inst/inst/k1_vertex_transform_U0/mul_32s_32s_64_1_1_U4/add_ln21_7_reg_4396_reg[15]_i_2/CO[7]
                         net (fo=1, routed)           0.028     4.090    bd_0_i/hls_inst/inst/k1_vertex_transform_U0/mul_32s_32s_64_1_1_U4/add_ln21_7_reg_4396_reg[15]_i_2_n_0
    SLICE_X21Y81         CARRY8 (Prop_CARRY8_SLICEL_CI_O[5])
                                                      0.145     4.235 r  bd_0_i/hls_inst/inst/k1_vertex_transform_U0/mul_32s_32s_64_1_1_U4/add_ln21_7_reg_4396_reg[23]_i_2/O[5]
                         net (fo=1, routed)           0.546     4.781    bd_0_i/hls_inst/inst/k1_vertex_transform_U0/mul_32s_32s_64_1_1_U4/trunc_ln21_3_fu_1350_p4__0[21]
    SLICE_X17Y84         CARRY8 (Prop_CARRY8_SLICEL_S[5]_CO[7])
                                                      0.197     4.978 r  bd_0_i/hls_inst/inst/k1_vertex_transform_U0/mul_32s_32s_64_1_1_U4/add_ln21_7_reg_4396_reg[23]_i_1/CO[7]
                         net (fo=1, routed)           0.028     5.006    bd_0_i/hls_inst/inst/k1_vertex_transform_U0/mul_32s_32s_64_1_1_U4/add_ln21_7_reg_4396_reg[23]_i_1_n_0
    SLICE_X17Y85         CARRY8 (Prop_CARRY8_SLICEL_CI_O[7])
                                                      0.153     5.159 r  bd_0_i/hls_inst/inst/k1_vertex_transform_U0/mul_32s_32s_64_1_1_U4/add_ln21_7_reg_4396_reg[31]_i_1/O[7]
                         net (fo=4, routed)           0.375     5.534    bd_0_i/hls_inst/inst/k1_vertex_transform_U0/mul_32s_32s_64_1_1_U4/D[31]
    SLICE_X19Y86         LUT6 (Prop_H6LUT_SLICEM_I4_O)
                                                      0.041     5.575 r  bd_0_i/hls_inst/inst/k1_vertex_transform_U0/mul_32s_32s_64_1_1_U4/and_ln21_10_reg_4417[0]_i_5/O
                         net (fo=1, routed)           0.168     5.743    bd_0_i/hls_inst/inst/k1_vertex_transform_U0/mul_32s_32s_64_1_1_U4/and_ln21_10_reg_4417[0]_i_5_n_0
    SLICE_X19Y89         LUT4 (Prop_D6LUT_SLICEM_I3_O)
                                                      0.098     5.841 r  bd_0_i/hls_inst/inst/k1_vertex_transform_U0/mul_32s_32s_64_1_1_U4/and_ln21_10_reg_4417[0]_i_1/O
                         net (fo=1, routed)           0.082     5.923    bd_0_i/hls_inst/inst/k1_vertex_transform_U0/and_ln21_10_fu_1504_p2
    SLICE_X19Y89         FDRE                                         r  bd_0_i/hls_inst/inst/k1_vertex_transform_U0/and_ln21_10_reg_4417_reg[0]/D
  -------------------------------------------------------------------    -------------------

                         (clock ap_clk rise edge)     0.000     0.000 r  
                                                      0.000     0.000 r  ap_clk (IN)
                         net (fo=39532, unset)        0.026     0.026    bd_0_i/hls_inst/inst/k1_vertex_transform_U0/ap_clk
    SLICE_X19Y89         FDRE                                         r  bd_0_i/hls_inst/inst/k1_vertex_transform_U0/and_ln21_10_reg_4417_reg[0]/C

Slack:                    inf
  Source:                 bd_0_i/hls_inst/inst/k1_vertex_transform_U0/mul_32s_32s_64_1_1_U4/tmp_product__1/DSP_A_B_DATA_INST/B2_DATA[17]
                            (internal pin)
  Destination:            bd_0_i/hls_inst/inst/k1_vertex_transform_U0/and_ln23_9_reg_4632_reg[0]/D
                            (rising edge-triggered cell FDRE clocked by ap_clk  {rise@0.000ns fall@5.000ns period=10.000ns})
  Path Group:             (none)
  Path Type:              Setup (Max at Slow Process Corner)
  Data Path Delay:        5.910ns  (logic 3.950ns (66.836%)  route 1.960ns (33.164%))
  Logic Levels:           17  (CARRY8=6 DSP_ALU=2 DSP_M_DATA=1 DSP_MULTIPLIER=1 DSP_OUTPUT=2 DSP_PREADD_DATA=1 LUT2=2 LUT6=2)
  Clock Uncertainty:      0.025ns  ((TSJ^2 + TIJ^2)^1/2 + DJ) / 2 + PE
    Total System Jitter     (TSJ):    0.050ns
    Total Input Jitter      (TIJ):    0.000ns
    Discrete Jitter          (DJ):    0.000ns
    Phase Error              (PE):    0.000ns

    Location             Delay type                Incr(ns)  Path(ns)    Netlist Resource(s)
  -------------------------------------------------------------------    -------------------
    DSP48E2_X1Y30        DSP_A_B_DATA                 0.000     0.000 r  bd_0_i/hls_inst/inst/k1_vertex_transform_U0/mul_32s_32s_64_1_1_U4/tmp_product__1/DSP_A_B_DATA_INST/B2_DATA[17]
                         net (fo=1, routed)           0.000     0.000    bd_0_i/hls_inst/inst/k1_vertex_transform_U0/mul_32s_32s_64_1_1_U4/tmp_product__1/DSP_A_B_DATA.B2_DATA<17>
    DSP48E2_X1Y30        DSP_PREADD_DATA (Prop_DSP_PREADD_DATA_DSP48E2_B2_DATA[17]_B2B1[17])
                                                      0.092     0.092 r  bd_0_i/hls_inst/inst/k1_vertex_transform_U0/mul_32s_32s_64_1_1_U4/tmp_product__1/DSP_PREADD_DATA_INST/B2B1[17]
                         net (fo=1, routed)           0.000     0.092    bd_0_i/hls_inst/inst/k1_vertex_transform_U0/mul_32s_32s_64_1_1_U4/tmp_product__1/DSP_PREADD_DATA.B2B1<17>
    DSP48E2_X1Y30        DSP_MULTIPLIER (Prop_DSP_MULTIPLIER_DSP48E2_B2B1[17]_U[43])
                                                      0.737     0.829 f  bd_0_i/hls_inst/inst/k1_vertex_transform_U0/mul_32s_32s_64_1_1_U4/tmp_product__1/DSP_MULTIPLIER_INST/U[43]
                         net (fo=1, routed)           0.000     0.829    bd_0_i/hls_inst/inst/k1_vertex_transform_U0/mul_32s_32s_64_1_1_U4/tmp_product__1/DSP_MULTIPLIER.U<43>
    DSP48E2_X1Y30        DSP_M_DATA (Prop_DSP_M_DATA_DSP48E2_U[43]_U_DATA[43])
                                                      0.059     0.888 r  bd_0_i/hls_inst/inst/k1_vertex_transform_U0/mul_32s_32s_64_1_1_U4/tmp_product__1/DSP_M_DATA_INST/U_DATA[43]
                         net (fo=1, routed)           0.000     0.888    bd_0_i/hls_inst/inst/k1_vertex_transform_U0/mul_32s_32s_64_1_1_U4/tmp_product__1/DSP_M_DATA.U_DATA<43>
    DSP48E2_X1Y30        DSP_ALU (Prop_DSP_ALU_DSP48E2_U_DATA[43]_ALU_OUT[47])
                                                      0.699     1.587 f  bd_0_i/hls_inst/inst/k1_vertex_transform_U0/mul_32s_32s_64_1_1_U4/tmp_product__1/DSP_ALU_INST/ALU_OUT[47]
                         net (fo=1, routed)           0.000     1.587    bd_0_i/hls_inst/inst/k1_vertex_transform_U0/mul_32s_32s_64_1_1_U4/tmp_product__1/DSP_ALU.ALU_OUT<47>
    DSP48E2_X1Y30        DSP_OUTPUT (Prop_DSP_OUTPUT_DSP48E2_ALU_OUT[47]_PCOUT[47])
                                                      0.159     1.746 r  bd_0_i/hls_inst/inst/k1_vertex_transform_U0/mul_32s_32s_64_1_1_U4/tmp_product__1/DSP_OUTPUT_INST/PCOUT[47]
                         net (fo=1, routed)           0.016     1.762    bd_0_i/hls_inst/inst/k1_vertex_transform_U0/mul_32s_32s_64_1_1_U4/tmp_product__2/PCIN[47]
    DSP48E2_X1Y31        DSP_ALU (Prop_DSP_ALU_DSP48E2_PCIN[47]_ALU_OUT[3])
                                                      0.698     2.460 f  bd_0_i/hls_inst/inst/k1_vertex_transform_U0/mul_32s_32s_64_1_1_U4/tmp_product__2/DSP_ALU_INST/ALU_OUT[3]
                         net (fo=1, routed)           0.000     2.460    bd_0_i/hls_inst/inst/k1_vertex_transform_U0/mul_32s_32s_64_1_1_U4/tmp_product__2/DSP_ALU.ALU_OUT<3>
    DSP48E2_X1Y31        DSP_OUTPUT (Prop_DSP_OUTPUT_DSP48E2_ALU_OUT[3]_P[3])
                                                      0.141     2.601 r  bd_0_i/hls_inst/inst/k1_vertex_transform_U0/mul_32s_32s_64_1_1_U4/tmp_product__2/DSP_OUTPUT_INST/P[3]
                         net (fo=2, routed)           0.357     2.958    bd_0_i/hls_inst/inst/k1_vertex_transform_U0/mul_32s_32s_64_1_1_U4/tmp_product__2_n_102
    SLICE_X20Y79         LUT2 (Prop_E6LUT_SLICEM_I0_O)
                                                      0.148     3.106 r  bd_0_i/hls_inst/inst/k1_vertex_transform_U0/mul_32s_32s_64_1_1_U4/tmp_product_carry_i_4__9/O
                         net (fo=1, routed)           0.015     3.121    bd_0_i/hls_inst/inst/k1_vertex_transform_U0/mul_32s_32s_64_1_1_U4/tmp_product_carry_i_4__9_n_0
    SLICE_X20Y79         CARRY8 (Prop_CARRY8_SLICEM_S[4]_CO[7])
                                                      0.198     3.319 r  bd_0_i/hls_inst/inst/k1_vertex_transform_U0/mul_32s_32s_64_1_1_U4/tmp_product_carry/CO[7]
                         net (fo=1, routed)           0.028     3.347    bd_0_i/hls_inst/inst/k1_vertex_transform_U0/mul_32s_32s_64_1_1_U4/tmp_product_carry_n_0
    SLICE_X20Y80         CARRY8 (Prop_CARRY8_SLICEM_CI_O[3])
                                                      0.118     3.465 r  bd_0_i/hls_inst/inst/k1_vertex_transform_U0/mul_32s_32s_64_1_1_U4/tmp_product_carry__0/O[3]
                         net (fo=9, routed)           0.490     3.955    bd_0_i/hls_inst/inst/k1_vertex_transform_U0/mul_32s_32s_64_1_1_U4/O176[11]
    SLICE_X16Y79         LUT2 (Prop_D6LUT_SLICEM_I1_O)
                                                      0.098     4.053 r  bd_0_i/hls_inst/inst/k1_vertex_transform_U0/mul_32s_32s_64_1_1_U4/add_ln23_7_reg_4617[15]_i_7/O
                         net (fo=1, routed)           0.026     4.079    bd_0_i/hls_inst/inst/k1_vertex_transform_U0/mul_32s_32s_64_1_1_U4/add_ln23_7_reg_4617[15]_i_7_n_0
    SLICE_X16Y79         CARRY8 (Prop_CARRY8_SLICEM_S[3]_CO[7])
                                                      0.206     4.285 r  bd_0_i/hls_inst/inst/k1_vertex_transform_U0/mul_32s_32s_64_1_1_U4/add_ln23_7_reg_4617_reg[15]_i_2/CO[7]
                         net (fo=1, routed)           0.028     4.313    bd_0_i/hls_inst/inst/k1_vertex_transform_U0/mul_32s_32s_64_1_1_U4/add_ln23_7_reg_4617_reg[15]_i_2_n_0
    SLICE_X16Y80         CARRY8 (Prop_CARRY8_SLICEM_CI_O[5])
                                                      0.145     4.458 r  bd_0_i/hls_inst/inst/k1_vertex_transform_U0/mul_32s_32s_64_1_1_U4/add_ln23_7_reg_4617_reg[23]_i_2/O[5]
                         net (fo=1, routed)           0.423     4.881    bd_0_i/hls_inst/inst/k1_vertex_transform_U0/mul_32s_32s_64_1_1_U4/trunc_ln23_3_fu_2880_p4__0[21]
    SLICE_X15Y79         CARRY8 (Prop_CARRY8_SLICEL_S[5]_CO[7])
                                                      0.197     5.078 r  bd_0_i/hls_inst/inst/k1_vertex_transform_U0/mul_32s_32s_64_1_1_U4/add_ln23_7_reg_4617_reg[23]_i_1/CO[7]
                         net (fo=1, routed)           0.028     5.106    bd_0_i/hls_inst/inst/k1_vertex_transform_U0/mul_32s_32s_64_1_1_U4/add_ln23_7_reg_4617_reg[23]_i_1_n_0
    SLICE_X15Y80         CARRY8 (Prop_CARRY8_SLICEL_CI_O[7])
                                                      0.153     5.259 r  bd_0_i/hls_inst/inst/k1_vertex_transform_U0/mul_32s_32s_64_1_1_U4/add_ln23_7_reg_4617_reg[31]_i_1/O[7]
                         net (fo=4, routed)           0.343     5.602    bd_0_i/hls_inst/inst/k1_vertex_transform_U0/mul_32s_32s_64_1_1_U4/O173[31]
    SLICE_X15Y84         LUT6 (Prop_F6LUT_SLICEL_I2_O)
                                                      0.039     5.641 r  bd_0_i/hls_inst/inst/k1_vertex_transform_U0/mul_32s_32s_64_1_1_U4/and_ln23_9_reg_4632[0]_i_5/O
                         net (fo=1, routed)           0.148     5.789    bd_0_i/hls_inst/inst/k1_vertex_transform_U0/mul_32s_32s_64_1_1_U4/and_ln23_9_reg_4632[0]_i_5_n_0
    SLICE_X15Y85         LUT6 (Prop_D6LUT_SLICEL_I4_O)
                                                      0.063     5.852 r  bd_0_i/hls_inst/inst/k1_vertex_transform_U0/mul_32s_32s_64_1_1_U4/and_ln23_9_reg_4632[0]_i_1/O
                         net (fo=1, routed)           0.058     5.910    bd_0_i/hls_inst/inst/k1_vertex_transform_U0/and_ln23_9_fu_3028_p2
    SLICE_X15Y85         FDRE                                         r  bd_0_i/hls_inst/inst/k1_vertex_transform_U0/and_ln23_9_reg_4632_reg[0]/D
  -------------------------------------------------------------------    -------------------

                         (clock ap_clk rise edge)     0.000     0.000 r  
                                                      0.000     0.000 r  ap_clk (IN)
                         net (fo=39532, unset)        0.024     0.024    bd_0_i/hls_inst/inst/k1_vertex_transform_U0/ap_clk
    SLICE_X15Y85         FDRE                                         r  bd_0_i/hls_inst/inst/k1_vertex_transform_U0/and_ln23_9_reg_4632_reg[0]/C





Min Delay Paths
--------------------------------------------------------------------------------------
Slack:                    inf
  Source:                 s_axi_control_wdata[0]
                            (input port)
  Destination:            bd_0_i/hls_inst/inst/control_s_axi_U/int_ier_reg[0]/D
                            (rising edge-triggered cell FDRE clocked by ap_clk  {rise@0.000ns fall@5.000ns period=10.000ns})
  Path Group:             (none)
  Path Type:              Hold (Min at Fast Process Corner)
  Data Path Delay:        0.007ns  (logic 0.000ns (0.000%)  route 0.007ns (100.000%))
  Logic Levels:           0  
  Clock Path Skew:        0.019ns (DCD - SCD - CPR)
    Destination Clock Delay (DCD):    0.019ns
    Source Clock Delay      (SCD):    0.000ns
    Clock Pessimism Removal (CPR):    -0.000ns

    Location             Delay type                Incr(ns)  Path(ns)    Netlist Resource(s)
  -------------------------------------------------------------------    -------------------
                                                      0.000     0.000 r  s_axi_control_wdata[0] (IN)
                         net (fo=9, unset)            0.007     0.007    bd_0_i/hls_inst/inst/control_s_axi_U/s_axi_control_WDATA[0]
    SLICE_X26Y111        FDRE                                         r  bd_0_i/hls_inst/inst/control_s_axi_U/int_ier_reg[0]/D
  -------------------------------------------------------------------    -------------------

                         (clock ap_clk rise edge)     0.000     0.000 r  
                                                      0.000     0.000 r  ap_clk (IN)
                         net (fo=39532, unset)        0.019     0.019    bd_0_i/hls_inst/inst/control_s_axi_U/ap_clk
    SLICE_X26Y111        FDRE                                         r  bd_0_i/hls_inst/inst/control_s_axi_U/int_ier_reg[0]/C

Slack:                    inf
  Source:                 s_axi_control_wdata[1]
                            (input port)
  Destination:            bd_0_i/hls_inst/inst/control_s_axi_U/int_ier_reg[1]/D
                            (rising edge-triggered cell FDRE clocked by ap_clk  {rise@0.000ns fall@5.000ns period=10.000ns})
  Path Group:             (none)
  Path Type:              Hold (Min at Fast Process Corner)
  Data Path Delay:        0.007ns  (logic 0.000ns (0.000%)  route 0.007ns (100.000%))
  Logic Levels:           0  
  Clock Path Skew:        0.019ns (DCD - SCD - CPR)
    Destination Clock Delay (DCD):    0.019ns
    Source Clock Delay      (SCD):    0.000ns
    Clock Pessimism Removal (CPR):    -0.000ns

    Location             Delay type                Incr(ns)  Path(ns)    Netlist Resource(s)
  -------------------------------------------------------------------    -------------------
                                                      0.000     0.000 r  s_axi_control_wdata[1] (IN)
                         net (fo=7, unset)            0.007     0.007    bd_0_i/hls_inst/inst/control_s_axi_U/s_axi_control_WDATA[1]
    SLICE_X26Y111        FDRE                                         r  bd_0_i/hls_inst/inst/control_s_axi_U/int_ier_reg[1]/D
  -------------------------------------------------------------------    -------------------

                         (clock ap_clk rise edge)     0.000     0.000 r  
                                                      0.000     0.000 r  ap_clk (IN)
                         net (fo=39532, unset)        0.019     0.019    bd_0_i/hls_inst/inst/control_s_axi_U/ap_clk
    SLICE_X26Y111        FDRE                                         r  bd_0_i/hls_inst/inst/control_s_axi_U/int_ier_reg[1]/C

Slack:                    inf
  Source:                 m_axi_gmem0_rdata[0]
                            (input port)
  Destination:            bd_0_i/hls_inst/inst/gmem0_m_axi_U/bus_read/rs_rdata/data_p2_reg[0]/D
                            (rising edge-triggered cell FDRE clocked by ap_clk  {rise@0.000ns fall@5.000ns period=10.000ns})
  Path Group:             (none)
  Path Type:              Hold (Min at Fast Process Corner)
  Data Path Delay:        0.007ns  (logic 0.000ns (0.000%)  route 0.007ns (100.000%))
  Logic Levels:           0  
  Clock Path Skew:        0.019ns (DCD - SCD - CPR)
    Destination Clock Delay (DCD):    0.019ns
    Source Clock Delay      (SCD):    0.000ns
    Clock Pessimism Removal (CPR):    -0.000ns

    Location             Delay type                Incr(ns)  Path(ns)    Netlist Resource(s)
  -------------------------------------------------------------------    -------------------
                                                      0.000     0.000 r  m_axi_gmem0_rdata[0] (IN)
                         net (fo=1, unset)            0.007     0.007    bd_0_i/hls_inst/inst/gmem0_m_axi_U/bus_read/rs_rdata/data_p2_reg[1024]_0[0]
    SLICE_X36Y38         FDRE                                         r  bd_0_i/hls_inst/inst/gmem0_m_axi_U/bus_read/rs_rdata/data_p2_reg[0]/D
  -------------------------------------------------------------------    -------------------

                         (clock ap_clk rise edge)     0.000     0.000 r  
                                                      0.000     0.000 r  ap_clk (IN)
                         net (fo=39532, unset)        0.019     0.019    bd_0_i/hls_inst/inst/gmem0_m_axi_U/bus_read/rs_rdata/ap_clk
    SLICE_X36Y38         FDRE                                         r  bd_0_i/hls_inst/inst/gmem0_m_axi_U/bus_read/rs_rdata/data_p2_reg[0]/C

Slack:                    inf
  Source:                 m_axi_gmem0_rdata[1000]
                            (input port)
  Destination:            bd_0_i/hls_inst/inst/gmem0_m_axi_U/bus_read/rs_rdata/data_p2_reg[1000]/D
                            (rising edge-triggered cell FDRE clocked by ap_clk  {rise@0.000ns fall@5.000ns period=10.000ns})
  Path Group:             (none)
  Path Type:              Hold (Min at Fast Process Corner)
  Data Path Delay:        0.007ns  (logic 0.000ns (0.000%)  route 0.007ns (100.000%))
  Logic Levels:           0  
  Clock Path Skew:        0.018ns (DCD - SCD - CPR)
    Destination Clock Delay (DCD):    0.018ns
    Source Clock Delay      (SCD):    0.000ns
    Clock Pessimism Removal (CPR):    -0.000ns

    Location             Delay type                Incr(ns)  Path(ns)    Netlist Resource(s)
  -------------------------------------------------------------------    -------------------
                                                      0.000     0.000 r  m_axi_gmem0_rdata[1000] (IN)
                         net (fo=1, unset)            0.007     0.007    bd_0_i/hls_inst/inst/gmem0_m_axi_U/bus_read/rs_rdata/data_p2_reg[1024]_0[1000]
    SLICE_X32Y39         FDRE                                         r  bd_0_i/hls_inst/inst/gmem0_m_axi_U/bus_read/rs_rdata/data_p2_reg[1000]/D
  -------------------------------------------------------------------    -------------------

                         (clock ap_clk rise edge)     0.000     0.000 r  
                                                      0.000     0.000 r  ap_clk (IN)
                         net (fo=39532, unset)        0.018     0.018    bd_0_i/hls_inst/inst/gmem0_m_axi_U/bus_read/rs_rdata/ap_clk
    SLICE_X32Y39         FDRE                                         r  bd_0_i/hls_inst/inst/gmem0_m_axi_U/bus_read/rs_rdata/data_p2_reg[1000]/C

Slack:                    inf
  Source:                 m_axi_gmem0_rdata[1001]
                            (input port)
  Destination:            bd_0_i/hls_inst/inst/gmem0_m_axi_U/bus_read/rs_rdata/data_p2_reg[1001]/D
                            (rising edge-triggered cell FDRE clocked by ap_clk  {rise@0.000ns fall@5.000ns period=10.000ns})
  Path Group:             (none)
  Path Type:              Hold (Min at Fast Process Corner)
  Data Path Delay:        0.007ns  (logic 0.000ns (0.000%)  route 0.007ns (100.000%))
  Logic Levels:           0  
  Clock Path Skew:        0.018ns (DCD - SCD - CPR)
    Destination Clock Delay (DCD):    0.018ns
    Source Clock Delay      (SCD):    0.000ns
    Clock Pessimism Removal (CPR):    -0.000ns

    Location             Delay type                Incr(ns)  Path(ns)    Netlist Resource(s)
  -------------------------------------------------------------------    -------------------
                                                      0.000     0.000 r  m_axi_gmem0_rdata[1001] (IN)
                         net (fo=1, unset)            0.007     0.007    bd_0_i/hls_inst/inst/gmem0_m_axi_U/bus_read/rs_rdata/data_p2_reg[1024]_0[1001]
    SLICE_X32Y38         FDRE                                         r  bd_0_i/hls_inst/inst/gmem0_m_axi_U/bus_read/rs_rdata/data_p2_reg[1001]/D
  -------------------------------------------------------------------    -------------------

                         (clock ap_clk rise edge)     0.000     0.000 r  
                                                      0.000     0.000 r  ap_clk (IN)
                         net (fo=39532, unset)        0.018     0.018    bd_0_i/hls_inst/inst/gmem0_m_axi_U/bus_read/rs_rdata/ap_clk
    SLICE_X32Y38         FDRE                                         r  bd_0_i/hls_inst/inst/gmem0_m_axi_U/bus_read/rs_rdata/data_p2_reg[1001]/C

Slack:                    inf
  Source:                 m_axi_gmem0_rdata[1002]
                            (input port)
  Destination:            bd_0_i/hls_inst/inst/gmem0_m_axi_U/bus_read/rs_rdata/data_p2_reg[1002]/D
                            (rising edge-triggered cell FDRE clocked by ap_clk  {rise@0.000ns fall@5.000ns period=10.000ns})
  Path Group:             (none)
  Path Type:              Hold (Min at Fast Process Corner)
  Data Path Delay:        0.007ns  (logic 0.000ns (0.000%)  route 0.007ns (100.000%))
  Logic Levels:           0  
  Clock Path Skew:        0.019ns (DCD - SCD - CPR)
    Destination Clock Delay (DCD):    0.019ns
    Source Clock Delay      (SCD):    0.000ns
    Clock Pessimism Removal (CPR):    -0.000ns

    Location             Delay type                Incr(ns)  Path(ns)    Netlist Resource(s)
  -------------------------------------------------------------------    -------------------
                                                      0.000     0.000 r  m_axi_gmem0_rdata[1002] (IN)
                         net (fo=1, unset)            0.007     0.007    bd_0_i/hls_inst/inst/gmem0_m_axi_U/bus_read/rs_rdata/data_p2_reg[1024]_0[1002]
    SLICE_X32Y38         FDRE                                         r  bd_0_i/hls_inst/inst/gmem0_m_axi_U/bus_read/rs_rdata/data_p2_reg[1002]/D
  -------------------------------------------------------------------    -------------------

                         (clock ap_clk rise edge)     0.000     0.000 r  
                                                      0.000     0.000 r  ap_clk (IN)
                         net (fo=39532, unset)        0.019     0.019    bd_0_i/hls_inst/inst/gmem0_m_axi_U/bus_read/rs_rdata/ap_clk
    SLICE_X32Y38         FDRE                                         r  bd_0_i/hls_inst/inst/gmem0_m_axi_U/bus_read/rs_rdata/data_p2_reg[1002]/C

Slack:                    inf
  Source:                 m_axi_gmem0_rdata[1003]
                            (input port)
  Destination:            bd_0_i/hls_inst/inst/gmem0_m_axi_U/bus_read/rs_rdata/data_p2_reg[1003]/D
                            (rising edge-triggered cell FDRE clocked by ap_clk  {rise@0.000ns fall@5.000ns period=10.000ns})
  Path Group:             (none)
  Path Type:              Hold (Min at Fast Process Corner)
  Data Path Delay:        0.007ns  (logic 0.000ns (0.000%)  route 0.007ns (100.000%))
  Logic Levels:           0  
  Clock Path Skew:        0.019ns (DCD - SCD - CPR)
    Destination Clock Delay (DCD):    0.019ns
    Source Clock Delay      (SCD):    0.000ns
    Clock Pessimism Removal (CPR):    -0.000ns

    Location             Delay type                Incr(ns)  Path(ns)    Netlist Resource(s)
  -------------------------------------------------------------------    -------------------
                                                      0.000     0.000 r  m_axi_gmem0_rdata[1003] (IN)
                         net (fo=1, unset)            0.007     0.007    bd_0_i/hls_inst/inst/gmem0_m_axi_U/bus_read/rs_rdata/data_p2_reg[1024]_0[1003]
    SLICE_X32Y36         FDRE                                         r  bd_0_i/hls_inst/inst/gmem0_m_axi_U/bus_read/rs_rdata/data_p2_reg[1003]/D
  -------------------------------------------------------------------    -------------------

                         (clock ap_clk rise edge)     0.000     0.000 r  
                                                      0.000     0.000 r  ap_clk (IN)
                         net (fo=39532, unset)        0.019     0.019    bd_0_i/hls_inst/inst/gmem0_m_axi_U/bus_read/rs_rdata/ap_clk
    SLICE_X32Y36         FDRE                                         r  bd_0_i/hls_inst/inst/gmem0_m_axi_U/bus_read/rs_rdata/data_p2_reg[1003]/C

Slack:                    inf
  Source:                 m_axi_gmem0_rdata[1005]
                            (input port)
  Destination:            bd_0_i/hls_inst/inst/gmem0_m_axi_U/bus_read/rs_rdata/data_p2_reg[1005]/D
                            (rising edge-triggered cell FDRE clocked by ap_clk  {rise@0.000ns fall@5.000ns period=10.000ns})
  Path Group:             (none)
  Path Type:              Hold (Min at Fast Process Corner)
  Data Path Delay:        0.007ns  (logic 0.000ns (0.000%)  route 0.007ns (100.000%))
  Logic Levels:           0  
  Clock Path Skew:        0.018ns (DCD - SCD - CPR)
    Destination Clock Delay (DCD):    0.018ns
    Source Clock Delay      (SCD):    0.000ns
    Clock Pessimism Removal (CPR):    -0.000ns

    Location             Delay type                Incr(ns)  Path(ns)    Netlist Resource(s)
  -------------------------------------------------------------------    -------------------
                                                      0.000     0.000 r  m_axi_gmem0_rdata[1005] (IN)
                         net (fo=1, unset)            0.007     0.007    bd_0_i/hls_inst/inst/gmem0_m_axi_U/bus_read/rs_rdata/data_p2_reg[1024]_0[1005]
    SLICE_X32Y39         FDRE                                         r  bd_0_i/hls_inst/inst/gmem0_m_axi_U/bus_read/rs_rdata/data_p2_reg[1005]/D
  -------------------------------------------------------------------    -------------------

                         (clock ap_clk rise edge)     0.000     0.000 r  
                                                      0.000     0.000 r  ap_clk (IN)
                         net (fo=39532, unset)        0.018     0.018    bd_0_i/hls_inst/inst/gmem0_m_axi_U/bus_read/rs_rdata/ap_clk
    SLICE_X32Y39         FDRE                                         r  bd_0_i/hls_inst/inst/gmem0_m_axi_U/bus_read/rs_rdata/data_p2_reg[1005]/C

Slack:                    inf
  Source:                 m_axi_gmem0_rdata[1006]
                            (input port)
  Destination:            bd_0_i/hls_inst/inst/gmem0_m_axi_U/bus_read/rs_rdata/data_p2_reg[1006]/D
                            (rising edge-triggered cell FDRE clocked by ap_clk  {rise@0.000ns fall@5.000ns period=10.000ns})
  Path Group:             (none)
  Path Type:              Hold (Min at Fast Process Corner)
  Data Path Delay:        0.007ns  (logic 0.000ns (0.000%)  route 0.007ns (100.000%))
  Logic Levels:           0  
  Clock Path Skew:        0.019ns (DCD - SCD - CPR)
    Destination Clock Delay (DCD):    0.019ns
    Source Clock Delay      (SCD):    0.000ns
    Clock Pessimism Removal (CPR):    -0.000ns

    Location             Delay type                Incr(ns)  Path(ns)    Netlist Resource(s)
  -------------------------------------------------------------------    -------------------
                                                      0.000     0.000 r  m_axi_gmem0_rdata[1006] (IN)
                         net (fo=1, unset)            0.007     0.007    bd_0_i/hls_inst/inst/gmem0_m_axi_U/bus_read/rs_rdata/data_p2_reg[1024]_0[1006]
    SLICE_X33Y44         FDRE                                         r  bd_0_i/hls_inst/inst/gmem0_m_axi_U/bus_read/rs_rdata/data_p2_reg[1006]/D
  -------------------------------------------------------------------    -------------------

                         (clock ap_clk rise edge)     0.000     0.000 r  
                                                      0.000     0.000 r  ap_clk (IN)
                         net (fo=39532, unset)        0.019     0.019    bd_0_i/hls_inst/inst/gmem0_m_axi_U/bus_read/rs_rdata/ap_clk
    SLICE_X33Y44         FDRE                                         r  bd_0_i/hls_inst/inst/gmem0_m_axi_U/bus_read/rs_rdata/data_p2_reg[1006]/C

Slack:                    inf
  Source:                 m_axi_gmem0_rdata[1007]
                            (input port)
  Destination:            bd_0_i/hls_inst/inst/gmem0_m_axi_U/bus_read/rs_rdata/data_p2_reg[1007]/D
                            (rising edge-triggered cell FDRE clocked by ap_clk  {rise@0.000ns fall@5.000ns period=10.000ns})
  Path Group:             (none)
  Path Type:              Hold (Min at Fast Process Corner)
  Data Path Delay:        0.007ns  (logic 0.000ns (0.000%)  route 0.007ns (100.000%))
  Logic Levels:           0  
  Clock Path Skew:        0.019ns (DCD - SCD - CPR)
    Destination Clock Delay (DCD):    0.019ns
    Source Clock Delay      (SCD):    0.000ns
    Clock Pessimism Removal (CPR):    -0.000ns

    Location             Delay type                Incr(ns)  Path(ns)    Netlist Resource(s)
  -------------------------------------------------------------------    -------------------
                                                      0.000     0.000 r  m_axi_gmem0_rdata[1007] (IN)
                         net (fo=1, unset)            0.007     0.007    bd_0_i/hls_inst/inst/gmem0_m_axi_U/bus_read/rs_rdata/data_p2_reg[1024]_0[1007]
    SLICE_X31Y36         FDRE                                         r  bd_0_i/hls_inst/inst/gmem0_m_axi_U/bus_read/rs_rdata/data_p2_reg[1007]/D
  -------------------------------------------------------------------    -------------------

                         (clock ap_clk rise edge)     0.000     0.000 r  
                                                      0.000     0.000 r  ap_clk (IN)
                         net (fo=39532, unset)        0.019     0.019    bd_0_i/hls_inst/inst/gmem0_m_axi_U/bus_read/rs_rdata/ap_clk
    SLICE_X31Y36         FDRE                                         r  bd_0_i/hls_inst/inst/gmem0_m_axi_U/bus_read/rs_rdata/data_p2_reg[1007]/C





