Copyright 1986-2022 Xilinx, Inc. All Rights Reserved. Copyright 2022-2025 Advanced Micro Devices, Inc. All Rights Reserved.
---------------------------------------------------------------------------------------------------------------------------------------------
| Tool Version : Vivado v.2025.1.1 (lin64) Build 6233196 Thu Sep 11 21:27:11 MDT 2025
| Date         : Mon Mar 30 22:57:46 2026
| Host         : ece-linlabsrv01 running 64-bit Red Hat Enterprise Linux release 8.10 (Ootpa)
| Command      : report_drc -file bd_0_wrapper_drc_routed.rpt -pb bd_0_wrapper_drc_routed.pb -rpx bd_0_wrapper_drc_routed.rpx
| Design       : bd_0_wrapper
| Device       : xczu3eg-sbva484-1-e
| Speed File   : -1
| Design State : Fully Routed
---------------------------------------------------------------------------------------------------------------------------------------------

Report DRC

Table of Contents
-----------------
1. REPORT SUMMARY
2. REPORT DETAILS

1. REPORT SUMMARY
-----------------
            Netlist: netlist
          Floorplan: checkpoint_bd_0_wrapper
      Design limits: <entire design considered>
           Ruledeck: default
             Max checks: <unlimited>
             Checks found: 329
+-----------+----------+------------------------+--------+
| Rule      | Severity | Description            | Checks |
+-----------+----------+------------------------+--------+
| DPIP-2    | Warning  | Input pipelining       | 136    |
| DPOP-3    | Warning  | PREG Output pipelining | 96     |
| DPOP-4    | Warning  | MREG Output pipelining | 96     |
| RTSTAT-10 | Warning  | No routable loads      | 1      |
+-----------+----------+------------------------+--------+

2. REPORT DETAILS
-----------------
DPIP-2#1 Warning
Input pipelining  
DSP bd_0_i/hls_inst/inst/grp_k1_vertex_transform_fu_180/mul_32s_32s_64_1_1_U1/tmp_product input bd_0_i/hls_inst/inst/grp_k1_vertex_transform_fu_180/mul_32s_32s_64_1_1_U1/tmp_product/A[29:0] is not pipelined. Pipelining DSP48 input will improve performance.
Related violations: <none>

DPIP-2#2 Warning
Input pipelining  
DSP bd_0_i/hls_inst/inst/grp_k1_vertex_transform_fu_180/mul_32s_32s_64_1_1_U1/tmp_product input bd_0_i/hls_inst/inst/grp_k1_vertex_transform_fu_180/mul_32s_32s_64_1_1_U1/tmp_product/B[17:0] is not pipelined. Pipelining DSP48 input will improve performance.
Related violations: <none>

DPIP-2#3 Warning
Input pipelining  
DSP bd_0_i/hls_inst/inst/grp_k1_vertex_transform_fu_180/mul_32s_32s_64_1_1_U1/tmp_product__0 input bd_0_i/hls_inst/inst/grp_k1_vertex_transform_fu_180/mul_32s_32s_64_1_1_U1/tmp_product__0/A[29:0] is not pipelined. Pipelining DSP48 input will improve performance.
Related violations: <none>

DPIP-2#4 Warning
Input pipelining  
DSP bd_0_i/hls_inst/inst/grp_k1_vertex_transform_fu_180/mul_32s_32s_64_1_1_U1/tmp_product__0 input bd_0_i/hls_inst/inst/grp_k1_vertex_transform_fu_180/mul_32s_32s_64_1_1_U1/tmp_product__0/B[17:0] is not pipelined. Pipelining DSP48 input will improve performance.
Related violations: <none>

DPIP-2#5 Warning
Input pipelining  
DSP bd_0_i/hls_inst/inst/grp_k1_vertex_transform_fu_180/mul_32s_32s_64_1_1_U1/tmp_product__1 input bd_0_i/hls_inst/inst/grp_k1_vertex_transform_fu_180/mul_32s_32s_64_1_1_U1/tmp_product__1/A[29:0] is not pipelined. Pipelining DSP48 input will improve performance.
Related violations: <none>

DPIP-2#6 Warning
Input pipelining  
DSP bd_0_i/hls_inst/inst/grp_k1_vertex_transform_fu_180/mul_32s_32s_64_1_1_U1/tmp_product__1 input bd_0_i/hls_inst/inst/grp_k1_vertex_transform_fu_180/mul_32s_32s_64_1_1_U1/tmp_product__1/B[17:0] is not pipelined. Pipelining DSP48 input will improve performance.
Related violations: <none>

DPIP-2#7 Warning
Input pipelining  
DSP bd_0_i/hls_inst/inst/grp_k1_vertex_transform_fu_180/mul_32s_32s_64_1_1_U1/tmp_product__2 input bd_0_i/hls_inst/inst/grp_k1_vertex_transform_fu_180/mul_32s_32s_64_1_1_U1/tmp_product__2/B[17:0] is not pipelined. Pipelining DSP48 input will improve performance.
Related violations: <none>

DPIP-2#8 Warning
Input pipelining  
DSP bd_0_i/hls_inst/inst/grp_k1_vertex_transform_fu_180/mul_32s_32s_64_1_1_U2/tmp_product input bd_0_i/hls_inst/inst/grp_k1_vertex_transform_fu_180/mul_32s_32s_64_1_1_U2/tmp_product/A[29:0] is not pipelined. Pipelining DSP48 input will improve performance.
Related violations: <none>

DPIP-2#9 Warning
Input pipelining  
DSP bd_0_i/hls_inst/inst/grp_k1_vertex_transform_fu_180/mul_32s_32s_64_1_1_U2/tmp_product input bd_0_i/hls_inst/inst/grp_k1_vertex_transform_fu_180/mul_32s_32s_64_1_1_U2/tmp_product/B[17:0] is not pipelined. Pipelining DSP48 input will improve performance.
Related violations: <none>

DPIP-2#10 Warning
Input pipelining  
DSP bd_0_i/hls_inst/inst/grp_k1_vertex_transform_fu_180/mul_32s_32s_64_1_1_U2/tmp_product__0 input bd_0_i/hls_inst/inst/grp_k1_vertex_transform_fu_180/mul_32s_32s_64_1_1_U2/tmp_product__0/A[29:0] is not pipelined. Pipelining DSP48 input will improve performance.
Related violations: <none>

DPIP-2#11 Warning
Input pipelining  
DSP bd_0_i/hls_inst/inst/grp_k1_vertex_transform_fu_180/mul_32s_32s_64_1_1_U2/tmp_product__0 input bd_0_i/hls_inst/inst/grp_k1_vertex_transform_fu_180/mul_32s_32s_64_1_1_U2/tmp_product__0/B[17:0] is not pipelined. Pipelining DSP48 input will improve performance.
Related violations: <none>

DPIP-2#12 Warning
Input pipelining  
DSP bd_0_i/hls_inst/inst/grp_k1_vertex_transform_fu_180/mul_32s_32s_64_1_1_U2/tmp_product__1 input bd_0_i/hls_inst/inst/grp_k1_vertex_transform_fu_180/mul_32s_32s_64_1_1_U2/tmp_product__1/A[29:0] is not pipelined. Pipelining DSP48 input will improve performance.
Related violations: <none>

DPIP-2#13 Warning
Input pipelining  
DSP bd_0_i/hls_inst/inst/grp_k1_vertex_transform_fu_180/mul_32s_32s_64_1_1_U2/tmp_product__1 input bd_0_i/hls_inst/inst/grp_k1_vertex_transform_fu_180/mul_32s_32s_64_1_1_U2/tmp_product__1/B[17:0] is not pipelined. Pipelining DSP48 input will improve performance.
Related violations: <none>

DPIP-2#14 Warning
Input pipelining  
DSP bd_0_i/hls_inst/inst/grp_k1_vertex_transform_fu_180/mul_32s_32s_64_1_1_U2/tmp_product__2 input bd_0_i/hls_inst/inst/grp_k1_vertex_transform_fu_180/mul_32s_32s_64_1_1_U2/tmp_product__2/B[17:0] is not pipelined. Pipelining DSP48 input will improve performance.
Related violations: <none>

DPIP-2#15 Warning
Input pipelining  
DSP bd_0_i/hls_inst/inst/grp_k1_vertex_transform_fu_180/mul_32s_32s_64_1_1_U3/tmp_product input bd_0_i/hls_inst/inst/grp_k1_vertex_transform_fu_180/mul_32s_32s_64_1_1_U3/tmp_product/A[29:0] is not pipelined. Pipelining DSP48 input will improve performance.
Related violations: <none>

DPIP-2#16 Warning
Input pipelining  
DSP bd_0_i/hls_inst/inst/grp_k1_vertex_transform_fu_180/mul_32s_32s_64_1_1_U3/tmp_product input bd_0_i/hls_inst/inst/grp_k1_vertex_transform_fu_180/mul_32s_32s_64_1_1_U3/tmp_product/B[17:0] is not pipelined. Pipelining DSP48 input will improve performance.
Related violations: <none>

DPIP-2#17 Warning
Input pipelining  
DSP bd_0_i/hls_inst/inst/grp_k1_vertex_transform_fu_180/mul_32s_32s_64_1_1_U3/tmp_product__0 input bd_0_i/hls_inst/inst/grp_k1_vertex_transform_fu_180/mul_32s_32s_64_1_1_U3/tmp_product__0/A[29:0] is not pipelined. Pipelining DSP48 input will improve performance.
Related violations: <none>

DPIP-2#18 Warning
Input pipelining  
DSP bd_0_i/hls_inst/inst/grp_k1_vertex_transform_fu_180/mul_32s_32s_64_1_1_U3/tmp_product__0 input bd_0_i/hls_inst/inst/grp_k1_vertex_transform_fu_180/mul_32s_32s_64_1_1_U3/tmp_product__0/B[17:0] is not pipelined. Pipelining DSP48 input will improve performance.
Related violations: <none>

DPIP-2#19 Warning
Input pipelining  
DSP bd_0_i/hls_inst/inst/grp_k1_vertex_transform_fu_180/mul_32s_32s_64_1_1_U3/tmp_product__1 input bd_0_i/hls_inst/inst/grp_k1_vertex_transform_fu_180/mul_32s_32s_64_1_1_U3/tmp_product__1/A[29:0] is not pipelined. Pipelining DSP48 input will improve performance.
Related violations: <none>

DPIP-2#20 Warning
Input pipelining  
DSP bd_0_i/hls_inst/inst/grp_k1_vertex_transform_fu_180/mul_32s_32s_64_1_1_U3/tmp_product__1 input bd_0_i/hls_inst/inst/grp_k1_vertex_transform_fu_180/mul_32s_32s_64_1_1_U3/tmp_product__1/B[17:0] is not pipelined. Pipelining DSP48 input will improve performance.
Related violations: <none>

DPIP-2#21 Warning
Input pipelining  
DSP bd_0_i/hls_inst/inst/grp_k1_vertex_transform_fu_180/mul_32s_32s_64_1_1_U3/tmp_product__2 input bd_0_i/hls_inst/inst/grp_k1_vertex_transform_fu_180/mul_32s_32s_64_1_1_U3/tmp_product__2/B[17:0] is not pipelined. Pipelining DSP48 input will improve performance.
Related violations: <none>

DPIP-2#22 Warning
Input pipelining  
DSP bd_0_i/hls_inst/inst/grp_k1_vertex_transform_fu_180/mul_32s_32s_64_1_1_U4/tmp_product input bd_0_i/hls_inst/inst/grp_k1_vertex_transform_fu_180/mul_32s_32s_64_1_1_U4/tmp_product/A[29:0] is not pipelined. Pipelining DSP48 input will improve performance.
Related violations: <none>

DPIP-2#23 Warning
Input pipelining  
DSP bd_0_i/hls_inst/inst/grp_k1_vertex_transform_fu_180/mul_32s_32s_64_1_1_U4/tmp_product input bd_0_i/hls_inst/inst/grp_k1_vertex_transform_fu_180/mul_32s_32s_64_1_1_U4/tmp_product/B[17:0] is not pipelined. Pipelining DSP48 input will improve performance.
Related violations: <none>

DPIP-2#24 Warning
Input pipelining  
DSP bd_0_i/hls_inst/inst/grp_k1_vertex_transform_fu_180/mul_32s_32s_64_1_1_U4/tmp_product__0 input bd_0_i/hls_inst/inst/grp_k1_vertex_transform_fu_180/mul_32s_32s_64_1_1_U4/tmp_product__0/A[29:0] is not pipelined. Pipelining DSP48 input will improve performance.
Related violations: <none>

DPIP-2#25 Warning
Input pipelining  
DSP bd_0_i/hls_inst/inst/grp_k1_vertex_transform_fu_180/mul_32s_32s_64_1_1_U4/tmp_product__0 input bd_0_i/hls_inst/inst/grp_k1_vertex_transform_fu_180/mul_32s_32s_64_1_1_U4/tmp_product__0/B[17:0] is not pipelined. Pipelining DSP48 input will improve performance.
Related violations: <none>

DPIP-2#26 Warning
Input pipelining  
DSP bd_0_i/hls_inst/inst/grp_k1_vertex_transform_fu_180/mul_32s_32s_64_1_1_U4/tmp_product__1 input bd_0_i/hls_inst/inst/grp_k1_vertex_transform_fu_180/mul_32s_32s_64_1_1_U4/tmp_product__1/A[29:0] is not pipelined. Pipelining DSP48 input will improve performance.
Related violations: <none>

DPIP-2#27 Warning
Input pipelining  
DSP bd_0_i/hls_inst/inst/grp_k1_vertex_transform_fu_180/mul_32s_32s_64_1_1_U4/tmp_product__1 input bd_0_i/hls_inst/inst/grp_k1_vertex_transform_fu_180/mul_32s_32s_64_1_1_U4/tmp_product__1/B[17:0] is not pipelined. Pipelining DSP48 input will improve performance.
Related violations: <none>

DPIP-2#28 Warning
Input pipelining  
DSP bd_0_i/hls_inst/inst/grp_k1_vertex_transform_fu_180/mul_32s_32s_64_1_1_U4/tmp_product__2 input bd_0_i/hls_inst/inst/grp_k1_vertex_transform_fu_180/mul_32s_32s_64_1_1_U4/tmp_product__2/B[17:0] is not pipelined. Pipelining DSP48 input will improve performance.
Related violations: <none>

DPIP-2#29 Warning
Input pipelining  
DSP bd_0_i/hls_inst/inst/grp_k1_vertex_transform_fu_180/mul_32s_32s_64_1_1_U5/tmp_product input bd_0_i/hls_inst/inst/grp_k1_vertex_transform_fu_180/mul_32s_32s_64_1_1_U5/tmp_product/A[29:0] is not pipelined. Pipelining DSP48 input will improve performance.
Related violations: <none>

DPIP-2#30 Warning
Input pipelining  
DSP bd_0_i/hls_inst/inst/grp_k1_vertex_transform_fu_180/mul_32s_32s_64_1_1_U5/tmp_product input bd_0_i/hls_inst/inst/grp_k1_vertex_transform_fu_180/mul_32s_32s_64_1_1_U5/tmp_product/B[17:0] is not pipelined. Pipelining DSP48 input will improve performance.
Related violations: <none>

DPIP-2#31 Warning
Input pipelining  
DSP bd_0_i/hls_inst/inst/grp_k1_vertex_transform_fu_180/mul_32s_32s_64_1_1_U5/tmp_product__0 input bd_0_i/hls_inst/inst/grp_k1_vertex_transform_fu_180/mul_32s_32s_64_1_1_U5/tmp_product__0/A[29:0] is not pipelined. Pipelining DSP48 input will improve performance.
Related violations: <none>

DPIP-2#32 Warning
Input pipelining  
DSP bd_0_i/hls_inst/inst/grp_k1_vertex_transform_fu_180/mul_32s_32s_64_1_1_U5/tmp_product__0 input bd_0_i/hls_inst/inst/grp_k1_vertex_transform_fu_180/mul_32s_32s_64_1_1_U5/tmp_product__0/B[17:0] is not pipelined. Pipelining DSP48 input will improve performance.
Related violations: <none>

DPIP-2#33 Warning
Input pipelining  
DSP bd_0_i/hls_inst/inst/grp_k1_vertex_transform_fu_180/mul_32s_32s_64_1_1_U5/tmp_product__1 input bd_0_i/hls_inst/inst/grp_k1_vertex_transform_fu_180/mul_32s_32s_64_1_1_U5/tmp_product__1/A[29:0] is not pipelined. Pipelining DSP48 input will improve performance.
Related violations: <none>

DPIP-2#34 Warning
Input pipelining  
DSP bd_0_i/hls_inst/inst/grp_k1_vertex_transform_fu_180/mul_32s_32s_64_1_1_U5/tmp_product__1 input bd_0_i/hls_inst/inst/grp_k1_vertex_transform_fu_180/mul_32s_32s_64_1_1_U5/tmp_product__1/B[17:0] is not pipelined. Pipelining DSP48 input will improve performance.
Related violations: <none>

DPIP-2#35 Warning
Input pipelining  
DSP bd_0_i/hls_inst/inst/grp_k1_vertex_transform_fu_180/mul_32s_32s_64_1_1_U5/tmp_product__2 input bd_0_i/hls_inst/inst/grp_k1_vertex_transform_fu_180/mul_32s_32s_64_1_1_U5/tmp_product__2/B[17:0] is not pipelined. Pipelining DSP48 input will improve performance.
Related violations: <none>

DPIP-2#36 Warning
Input pipelining  
DSP bd_0_i/hls_inst/inst/grp_k1_vertex_transform_fu_180/mul_32s_32s_64_1_1_U6/tmp_product input bd_0_i/hls_inst/inst/grp_k1_vertex_transform_fu_180/mul_32s_32s_64_1_1_U6/tmp_product/A[29:0] is not pipelined. Pipelining DSP48 input will improve performance.
Related violations: <none>

DPIP-2#37 Warning
Input pipelining  
DSP bd_0_i/hls_inst/inst/grp_k1_vertex_transform_fu_180/mul_32s_32s_64_1_1_U6/tmp_product input bd_0_i/hls_inst/inst/grp_k1_vertex_transform_fu_180/mul_32s_32s_64_1_1_U6/tmp_product/B[17:0] is not pipelined. Pipelining DSP48 input will improve performance.
Related violations: <none>

DPIP-2#38 Warning
Input pipelining  
DSP bd_0_i/hls_inst/inst/grp_k1_vertex_transform_fu_180/mul_32s_32s_64_1_1_U6/tmp_product__0 input bd_0_i/hls_inst/inst/grp_k1_vertex_transform_fu_180/mul_32s_32s_64_1_1_U6/tmp_product__0/A[29:0] is not pipelined. Pipelining DSP48 input will improve performance.
Related violations: <none>

DPIP-2#39 Warning
Input pipelining  
DSP bd_0_i/hls_inst/inst/grp_k1_vertex_transform_fu_180/mul_32s_32s_64_1_1_U6/tmp_product__0 input bd_0_i/hls_inst/inst/grp_k1_vertex_transform_fu_180/mul_32s_32s_64_1_1_U6/tmp_product__0/B[17:0] is not pipelined. Pipelining DSP48 input will improve performance.
Related violations: <none>

DPIP-2#40 Warning
Input pipelining  
DSP bd_0_i/hls_inst/inst/grp_k1_vertex_transform_fu_180/mul_32s_32s_64_1_1_U6/tmp_product__1 input bd_0_i/hls_inst/inst/grp_k1_vertex_transform_fu_180/mul_32s_32s_64_1_1_U6/tmp_product__1/A[29:0] is not pipelined. Pipelining DSP48 input will improve performance.
Related violations: <none>

DPIP-2#41 Warning
Input pipelining  
DSP bd_0_i/hls_inst/inst/grp_k1_vertex_transform_fu_180/mul_32s_32s_64_1_1_U6/tmp_product__1 input bd_0_i/hls_inst/inst/grp_k1_vertex_transform_fu_180/mul_32s_32s_64_1_1_U6/tmp_product__1/B[17:0] is not pipelined. Pipelining DSP48 input will improve performance.
Related violations: <none>

DPIP-2#42 Warning
Input pipelining  
DSP bd_0_i/hls_inst/inst/grp_k1_vertex_transform_fu_180/mul_32s_32s_64_1_1_U6/tmp_product__2 input bd_0_i/hls_inst/inst/grp_k1_vertex_transform_fu_180/mul_32s_32s_64_1_1_U6/tmp_product__2/B[17:0] is not pipelined. Pipelining DSP48 input will improve performance.
Related violations: <none>

DPIP-2#43 Warning
Input pipelining  
DSP bd_0_i/hls_inst/inst/grp_k1_vertex_transform_fu_180/mul_32s_32s_64_1_1_U7/tmp_product input bd_0_i/hls_inst/inst/grp_k1_vertex_transform_fu_180/mul_32s_32s_64_1_1_U7/tmp_product/A[29:0] is not pipelined. Pipelining DSP48 input will improve performance.
Related violations: <none>

DPIP-2#44 Warning
Input pipelining  
DSP bd_0_i/hls_inst/inst/grp_k1_vertex_transform_fu_180/mul_32s_32s_64_1_1_U7/tmp_product input bd_0_i/hls_inst/inst/grp_k1_vertex_transform_fu_180/mul_32s_32s_64_1_1_U7/tmp_product/B[17:0] is not pipelined. Pipelining DSP48 input will improve performance.
Related violations: <none>

DPIP-2#45 Warning
Input pipelining  
DSP bd_0_i/hls_inst/inst/grp_k1_vertex_transform_fu_180/mul_32s_32s_64_1_1_U7/tmp_product__0 input bd_0_i/hls_inst/inst/grp_k1_vertex_transform_fu_180/mul_32s_32s_64_1_1_U7/tmp_product__0/A[29:0] is not pipelined. Pipelining DSP48 input will improve performance.
Related violations: <none>

DPIP-2#46 Warning
Input pipelining  
DSP bd_0_i/hls_inst/inst/grp_k1_vertex_transform_fu_180/mul_32s_32s_64_1_1_U7/tmp_product__0 input bd_0_i/hls_inst/inst/grp_k1_vertex_transform_fu_180/mul_32s_32s_64_1_1_U7/tmp_product__0/B[17:0] is not pipelined. Pipelining DSP48 input will improve performance.
Related violations: <none>

DPIP-2#47 Warning
Input pipelining  
DSP bd_0_i/hls_inst/inst/grp_k1_vertex_transform_fu_180/mul_32s_32s_64_1_1_U7/tmp_product__1 input bd_0_i/hls_inst/inst/grp_k1_vertex_transform_fu_180/mul_32s_32s_64_1_1_U7/tmp_product__1/A[29:0] is not pipelined. Pipelining DSP48 input will improve performance.
Related violations: <none>

DPIP-2#48 Warning
Input pipelining  
DSP bd_0_i/hls_inst/inst/grp_k1_vertex_transform_fu_180/mul_32s_32s_64_1_1_U7/tmp_product__1 input bd_0_i/hls_inst/inst/grp_k1_vertex_transform_fu_180/mul_32s_32s_64_1_1_U7/tmp_product__1/B[17:0] is not pipelined. Pipelining DSP48 input will improve performance.
Related violations: <none>

DPIP-2#49 Warning
Input pipelining  
DSP bd_0_i/hls_inst/inst/grp_k1_vertex_transform_fu_180/mul_32s_32s_64_1_1_U7/tmp_product__2 input bd_0_i/hls_inst/inst/grp_k1_vertex_transform_fu_180/mul_32s_32s_64_1_1_U7/tmp_product__2/B[17:0] is not pipelined. Pipelining DSP48 input will improve performance.
Related violations: <none>

DPIP-2#50 Warning
Input pipelining  
DSP bd_0_i/hls_inst/inst/grp_k1_vertex_transform_fu_180/mul_32s_32s_64_1_1_U8/tmp_product input bd_0_i/hls_inst/inst/grp_k1_vertex_transform_fu_180/mul_32s_32s_64_1_1_U8/tmp_product/A[29:0] is not pipelined. Pipelining DSP48 input will improve performance.
Related violations: <none>

DPIP-2#51 Warning
Input pipelining  
DSP bd_0_i/hls_inst/inst/grp_k1_vertex_transform_fu_180/mul_32s_32s_64_1_1_U8/tmp_product input bd_0_i/hls_inst/inst/grp_k1_vertex_transform_fu_180/mul_32s_32s_64_1_1_U8/tmp_product/B[17:0] is not pipelined. Pipelining DSP48 input will improve performance.
Related violations: <none>

DPIP-2#52 Warning
Input pipelining  
DSP bd_0_i/hls_inst/inst/grp_k1_vertex_transform_fu_180/mul_32s_32s_64_1_1_U8/tmp_product__0 input bd_0_i/hls_inst/inst/grp_k1_vertex_transform_fu_180/mul_32s_32s_64_1_1_U8/tmp_product__0/A[29:0] is not pipelined. Pipelining DSP48 input will improve performance.
Related violations: <none>

DPIP-2#53 Warning
Input pipelining  
DSP bd_0_i/hls_inst/inst/grp_k1_vertex_transform_fu_180/mul_32s_32s_64_1_1_U8/tmp_product__0 input bd_0_i/hls_inst/inst/grp_k1_vertex_transform_fu_180/mul_32s_32s_64_1_1_U8/tmp_product__0/B[17:0] is not pipelined. Pipelining DSP48 input will improve performance.
Related violations: <none>

DPIP-2#54 Warning
Input pipelining  
DSP bd_0_i/hls_inst/inst/grp_k1_vertex_transform_fu_180/mul_32s_32s_64_1_1_U8/tmp_product__1 input bd_0_i/hls_inst/inst/grp_k1_vertex_transform_fu_180/mul_32s_32s_64_1_1_U8/tmp_product__1/A[29:0] is not pipelined. Pipelining DSP48 input will improve performance.
Related violations: <none>

DPIP-2#55 Warning
Input pipelining  
DSP bd_0_i/hls_inst/inst/grp_k1_vertex_transform_fu_180/mul_32s_32s_64_1_1_U8/tmp_product__1 input bd_0_i/hls_inst/inst/grp_k1_vertex_transform_fu_180/mul_32s_32s_64_1_1_U8/tmp_product__1/B[17:0] is not pipelined. Pipelining DSP48 input will improve performance.
Related violations: <none>

DPIP-2#56 Warning
Input pipelining  
DSP bd_0_i/hls_inst/inst/grp_k1_vertex_transform_fu_180/mul_32s_32s_64_1_1_U8/tmp_product__2 input bd_0_i/hls_inst/inst/grp_k1_vertex_transform_fu_180/mul_32s_32s_64_1_1_U8/tmp_product__2/B[17:0] is not pipelined. Pipelining DSP48 input will improve performance.
Related violations: <none>

DPIP-2#57 Warning
Input pipelining  
DSP bd_0_i/hls_inst/inst/grp_k1_vertex_transform_fu_180/mul_32s_32s_64_1_1_U9/tmp_product input bd_0_i/hls_inst/inst/grp_k1_vertex_transform_fu_180/mul_32s_32s_64_1_1_U9/tmp_product/A[29:0] is not pipelined. Pipelining DSP48 input will improve performance.
Related violations: <none>

DPIP-2#58 Warning
Input pipelining  
DSP bd_0_i/hls_inst/inst/grp_k1_vertex_transform_fu_180/mul_32s_32s_64_1_1_U9/tmp_product input bd_0_i/hls_inst/inst/grp_k1_vertex_transform_fu_180/mul_32s_32s_64_1_1_U9/tmp_product/B[17:0] is not pipelined. Pipelining DSP48 input will improve performance.
Related violations: <none>

DPIP-2#59 Warning
Input pipelining  
DSP bd_0_i/hls_inst/inst/grp_k1_vertex_transform_fu_180/mul_32s_32s_64_1_1_U9/tmp_product__0 input bd_0_i/hls_inst/inst/grp_k1_vertex_transform_fu_180/mul_32s_32s_64_1_1_U9/tmp_product__0/A[29:0] is not pipelined. Pipelining DSP48 input will improve performance.
Related violations: <none>

DPIP-2#60 Warning
Input pipelining  
DSP bd_0_i/hls_inst/inst/grp_k1_vertex_transform_fu_180/mul_32s_32s_64_1_1_U9/tmp_product__0 input bd_0_i/hls_inst/inst/grp_k1_vertex_transform_fu_180/mul_32s_32s_64_1_1_U9/tmp_product__0/B[17:0] is not pipelined. Pipelining DSP48 input will improve performance.
Related violations: <none>

DPIP-2#61 Warning
Input pipelining  
DSP bd_0_i/hls_inst/inst/grp_k1_vertex_transform_fu_180/mul_32s_32s_64_1_1_U9/tmp_product__1 input bd_0_i/hls_inst/inst/grp_k1_vertex_transform_fu_180/mul_32s_32s_64_1_1_U9/tmp_product__1/A[29:0] is not pipelined. Pipelining DSP48 input will improve performance.
Related violations: <none>

DPIP-2#62 Warning
Input pipelining  
DSP bd_0_i/hls_inst/inst/grp_k1_vertex_transform_fu_180/mul_32s_32s_64_1_1_U9/tmp_product__1 input bd_0_i/hls_inst/inst/grp_k1_vertex_transform_fu_180/mul_32s_32s_64_1_1_U9/tmp_product__1/B[17:0] is not pipelined. Pipelining DSP48 input will improve performance.
Related violations: <none>

DPIP-2#63 Warning
Input pipelining  
DSP bd_0_i/hls_inst/inst/grp_k1_vertex_transform_fu_180/mul_32s_32s_64_1_1_U9/tmp_product__2 input bd_0_i/hls_inst/inst/grp_k1_vertex_transform_fu_180/mul_32s_32s_64_1_1_U9/tmp_product__2/B[17:0] is not pipelined. Pipelining DSP48 input will improve performance.
Related violations: <none>

DPIP-2#64 Warning
Input pipelining  
DSP bd_0_i/hls_inst/inst/grp_k2_perspective_divide_fu_236/mul_32s_32s_64_1_1_U40/tmp_product input bd_0_i/hls_inst/inst/grp_k2_perspective_divide_fu_236/mul_32s_32s_64_1_1_U40/tmp_product/A[29:0] is not pipelined. Pipelining DSP48 input will improve performance.
Related violations: <none>

DPIP-2#65 Warning
Input pipelining  
DSP bd_0_i/hls_inst/inst/grp_k2_perspective_divide_fu_236/mul_32s_32s_64_1_1_U40/tmp_product input bd_0_i/hls_inst/inst/grp_k2_perspective_divide_fu_236/mul_32s_32s_64_1_1_U40/tmp_product/B[17:0] is not pipelined. Pipelining DSP48 input will improve performance.
Related violations: <none>

DPIP-2#66 Warning
Input pipelining  
DSP bd_0_i/hls_inst/inst/grp_k2_perspective_divide_fu_236/mul_32s_32s_64_1_1_U40/tmp_product__0 input bd_0_i/hls_inst/inst/grp_k2_perspective_divide_fu_236/mul_32s_32s_64_1_1_U40/tmp_product__0/A[29:0] is not pipelined. Pipelining DSP48 input will improve performance.
Related violations: <none>

DPIP-2#67 Warning
Input pipelining  
DSP bd_0_i/hls_inst/inst/grp_k2_perspective_divide_fu_236/mul_32s_32s_64_1_1_U40/tmp_product__0 input bd_0_i/hls_inst/inst/grp_k2_perspective_divide_fu_236/mul_32s_32s_64_1_1_U40/tmp_product__0/B[17:0] is not pipelined. Pipelining DSP48 input will improve performance.
Related violations: <none>

DPIP-2#68 Warning
Input pipelining  
DSP bd_0_i/hls_inst/inst/grp_k2_perspective_divide_fu_236/mul_32s_32s_64_1_1_U40/tmp_product__1 input bd_0_i/hls_inst/inst/grp_k2_perspective_divide_fu_236/mul_32s_32s_64_1_1_U40/tmp_product__1/A[29:0] is not pipelined. Pipelining DSP48 input will improve performance.
Related violations: <none>

DPIP-2#69 Warning
Input pipelining  
DSP bd_0_i/hls_inst/inst/grp_k2_perspective_divide_fu_236/mul_32s_32s_64_1_1_U40/tmp_product__1 input bd_0_i/hls_inst/inst/grp_k2_perspective_divide_fu_236/mul_32s_32s_64_1_1_U40/tmp_product__1/B[17:0] is not pipelined. Pipelining DSP48 input will improve performance.
Related violations: <none>

DPIP-2#70 Warning
Input pipelining  
DSP bd_0_i/hls_inst/inst/grp_k2_perspective_divide_fu_236/mul_32s_32s_64_1_1_U40/tmp_product__2 input bd_0_i/hls_inst/inst/grp_k2_perspective_divide_fu_236/mul_32s_32s_64_1_1_U40/tmp_product__2/A[29:0] is not pipelined. Pipelining DSP48 input will improve performance.
Related violations: <none>

DPIP-2#71 Warning
Input pipelining  
DSP bd_0_i/hls_inst/inst/grp_k2_perspective_divide_fu_236/mul_32s_32s_64_1_1_U40/tmp_product__2 input bd_0_i/hls_inst/inst/grp_k2_perspective_divide_fu_236/mul_32s_32s_64_1_1_U40/tmp_product__2/B[17:0] is not pipelined. Pipelining DSP48 input will improve performance.
Related violations: <none>

DPIP-2#72 Warning
Input pipelining  
DSP bd_0_i/hls_inst/inst/grp_k2_perspective_divide_fu_236/mul_32s_32s_64_1_1_U41/tmp_product input bd_0_i/hls_inst/inst/grp_k2_perspective_divide_fu_236/mul_32s_32s_64_1_1_U41/tmp_product/A[29:0] is not pipelined. Pipelining DSP48 input will improve performance.
Related violations: <none>

DPIP-2#73 Warning
Input pipelining  
DSP bd_0_i/hls_inst/inst/grp_k2_perspective_divide_fu_236/mul_32s_32s_64_1_1_U41/tmp_product input bd_0_i/hls_inst/inst/grp_k2_perspective_divide_fu_236/mul_32s_32s_64_1_1_U41/tmp_product/B[17:0] is not pipelined. Pipelining DSP48 input will improve performance.
Related violations: <none>

DPIP-2#74 Warning
Input pipelining  
DSP bd_0_i/hls_inst/inst/grp_k2_perspective_divide_fu_236/mul_32s_32s_64_1_1_U41/tmp_product__0 input bd_0_i/hls_inst/inst/grp_k2_perspective_divide_fu_236/mul_32s_32s_64_1_1_U41/tmp_product__0/A[29:0] is not pipelined. Pipelining DSP48 input will improve performance.
Related violations: <none>

DPIP-2#75 Warning
Input pipelining  
DSP bd_0_i/hls_inst/inst/grp_k2_perspective_divide_fu_236/mul_32s_32s_64_1_1_U41/tmp_product__0 input bd_0_i/hls_inst/inst/grp_k2_perspective_divide_fu_236/mul_32s_32s_64_1_1_U41/tmp_product__0/B[17:0] is not pipelined. Pipelining DSP48 input will improve performance.
Related violations: <none>

DPIP-2#76 Warning
Input pipelining  
DSP bd_0_i/hls_inst/inst/grp_k2_perspective_divide_fu_236/mul_32s_32s_64_1_1_U41/tmp_product__1 input bd_0_i/hls_inst/inst/grp_k2_perspective_divide_fu_236/mul_32s_32s_64_1_1_U41/tmp_product__1/A[29:0] is not pipelined. Pipelining DSP48 input will improve performance.
Related violations: <none>

DPIP-2#77 Warning
Input pipelining  
DSP bd_0_i/hls_inst/inst/grp_k2_perspective_divide_fu_236/mul_32s_32s_64_1_1_U41/tmp_product__1 input bd_0_i/hls_inst/inst/grp_k2_perspective_divide_fu_236/mul_32s_32s_64_1_1_U41/tmp_product__1/B[17:0] is not pipelined. Pipelining DSP48 input will improve performance.
Related violations: <none>

DPIP-2#78 Warning
Input pipelining  
DSP bd_0_i/hls_inst/inst/grp_k2_perspective_divide_fu_236/mul_32s_32s_64_1_1_U41/tmp_product__2 input bd_0_i/hls_inst/inst/grp_k2_perspective_divide_fu_236/mul_32s_32s_64_1_1_U41/tmp_product__2/A[29:0] is not pipelined. Pipelining DSP48 input will improve performance.
Related violations: <none>

DPIP-2#79 Warning
Input pipelining  
DSP bd_0_i/hls_inst/inst/grp_k2_perspective_divide_fu_236/mul_32s_32s_64_1_1_U41/tmp_product__2 input bd_0_i/hls_inst/inst/grp_k2_perspective_divide_fu_236/mul_32s_32s_64_1_1_U41/tmp_product__2/B[17:0] is not pipelined. Pipelining DSP48 input will improve performance.
Related violations: <none>

DPIP-2#80 Warning
Input pipelining  
DSP bd_0_i/hls_inst/inst/grp_k2_perspective_divide_fu_236/mul_32s_32s_64_1_1_U42/tmp_product input bd_0_i/hls_inst/inst/grp_k2_perspective_divide_fu_236/mul_32s_32s_64_1_1_U42/tmp_product/A[29:0] is not pipelined. Pipelining DSP48 input will improve performance.
Related violations: <none>

DPIP-2#81 Warning
Input pipelining  
DSP bd_0_i/hls_inst/inst/grp_k2_perspective_divide_fu_236/mul_32s_32s_64_1_1_U42/tmp_product input bd_0_i/hls_inst/inst/grp_k2_perspective_divide_fu_236/mul_32s_32s_64_1_1_U42/tmp_product/B[17:0] is not pipelined. Pipelining DSP48 input will improve performance.
Related violations: <none>

DPIP-2#82 Warning
Input pipelining  
DSP bd_0_i/hls_inst/inst/grp_k2_perspective_divide_fu_236/mul_32s_32s_64_1_1_U42/tmp_product__0 input bd_0_i/hls_inst/inst/grp_k2_perspective_divide_fu_236/mul_32s_32s_64_1_1_U42/tmp_product__0/A[29:0] is not pipelined. Pipelining DSP48 input will improve performance.
Related violations: <none>

DPIP-2#83 Warning
Input pipelining  
DSP bd_0_i/hls_inst/inst/grp_k2_perspective_divide_fu_236/mul_32s_32s_64_1_1_U42/tmp_product__0 input bd_0_i/hls_inst/inst/grp_k2_perspective_divide_fu_236/mul_32s_32s_64_1_1_U42/tmp_product__0/B[17:0] is not pipelined. Pipelining DSP48 input will improve performance.
Related violations: <none>

DPIP-2#84 Warning
Input pipelining  
DSP bd_0_i/hls_inst/inst/grp_k2_perspective_divide_fu_236/mul_32s_32s_64_1_1_U42/tmp_product__1 input bd_0_i/hls_inst/inst/grp_k2_perspective_divide_fu_236/mul_32s_32s_64_1_1_U42/tmp_product__1/A[29:0] is not pipelined. Pipelining DSP48 input will improve performance.
Related violations: <none>

DPIP-2#85 Warning
Input pipelining  
DSP bd_0_i/hls_inst/inst/grp_k2_perspective_divide_fu_236/mul_32s_32s_64_1_1_U42/tmp_product__1 input bd_0_i/hls_inst/inst/grp_k2_perspective_divide_fu_236/mul_32s_32s_64_1_1_U42/tmp_product__1/B[17:0] is not pipelined. Pipelining DSP48 input will improve performance.
Related violations: <none>

DPIP-2#86 Warning
Input pipelining  
DSP bd_0_i/hls_inst/inst/grp_k2_perspective_divide_fu_236/mul_32s_32s_64_1_1_U42/tmp_product__2 input bd_0_i/hls_inst/inst/grp_k2_perspective_divide_fu_236/mul_32s_32s_64_1_1_U42/tmp_product__2/A[29:0] is not pipelined. Pipelining DSP48 input will improve performance.
Related violations: <none>

DPIP-2#87 Warning
Input pipelining  
DSP bd_0_i/hls_inst/inst/grp_k2_perspective_divide_fu_236/mul_32s_32s_64_1_1_U42/tmp_product__2 input bd_0_i/hls_inst/inst/grp_k2_perspective_divide_fu_236/mul_32s_32s_64_1_1_U42/tmp_product__2/B[17:0] is not pipelined. Pipelining DSP48 input will improve performance.
Related violations: <none>

DPIP-2#88 Warning
Input pipelining  
DSP bd_0_i/hls_inst/inst/grp_k4_rasterize_fu_348/mul_32ns_32s_63_1_1_U99/tmp_product input bd_0_i/hls_inst/inst/grp_k4_rasterize_fu_348/mul_32ns_32s_63_1_1_U99/tmp_product/A[29:0] is not pipelined. Pipelining DSP48 input will improve performance.
Related violations: <none>

DPIP-2#89 Warning
Input pipelining  
DSP bd_0_i/hls_inst/inst/grp_k4_rasterize_fu_348/mul_32ns_32s_63_1_1_U99/tmp_product input bd_0_i/hls_inst/inst/grp_k4_rasterize_fu_348/mul_32ns_32s_63_1_1_U99/tmp_product/B[17:0] is not pipelined. Pipelining DSP48 input will improve performance.
Related violations: <none>

DPIP-2#90 Warning
Input pipelining  
DSP bd_0_i/hls_inst/inst/grp_k4_rasterize_fu_348/mul_32ns_32s_63_1_1_U99/tmp_product__0 input bd_0_i/hls_inst/inst/grp_k4_rasterize_fu_348/mul_32ns_32s_63_1_1_U99/tmp_product__0/A[29:0] is not pipelined. Pipelining DSP48 input will improve performance.
Related violations: <none>

DPIP-2#91 Warning
Input pipelining  
DSP bd_0_i/hls_inst/inst/grp_k4_rasterize_fu_348/mul_32ns_32s_63_1_1_U99/tmp_product__0 input bd_0_i/hls_inst/inst/grp_k4_rasterize_fu_348/mul_32ns_32s_63_1_1_U99/tmp_product__0/B[17:0] is not pipelined. Pipelining DSP48 input will improve performance.
Related violations: <none>

DPIP-2#92 Warning
Input pipelining  
DSP bd_0_i/hls_inst/inst/grp_k4_rasterize_fu_348/mul_32ns_32s_63_1_1_U99/tmp_product__1 input bd_0_i/hls_inst/inst/grp_k4_rasterize_fu_348/mul_32ns_32s_63_1_1_U99/tmp_product__1/A[29:0] is not pipelined. Pipelining DSP48 input will improve performance.
Related violations: <none>

DPIP-2#93 Warning
Input pipelining  
DSP bd_0_i/hls_inst/inst/grp_k4_rasterize_fu_348/mul_32ns_32s_63_1_1_U99/tmp_product__1 input bd_0_i/hls_inst/inst/grp_k4_rasterize_fu_348/mul_32ns_32s_63_1_1_U99/tmp_product__1/B[17:0] is not pipelined. Pipelining DSP48 input will improve performance.
Related violations: <none>

DPIP-2#94 Warning
Input pipelining  
DSP bd_0_i/hls_inst/inst/grp_k4_rasterize_fu_348/mul_32ns_32s_63_1_1_U99/tmp_product__2 input bd_0_i/hls_inst/inst/grp_k4_rasterize_fu_348/mul_32ns_32s_63_1_1_U99/tmp_product__2/B[17:0] is not pipelined. Pipelining DSP48 input will improve performance.
Related violations: <none>

DPIP-2#95 Warning
Input pipelining  
DSP bd_0_i/hls_inst/inst/grp_k4_rasterize_fu_348/mul_32s_32s_64_1_1_U102/tmp_product input bd_0_i/hls_inst/inst/grp_k4_rasterize_fu_348/mul_32s_32s_64_1_1_U102/tmp_product/A[29:0] is not pipelined. Pipelining DSP48 input will improve performance.
Related violations: <none>

DPIP-2#96 Warning
Input pipelining  
DSP bd_0_i/hls_inst/inst/grp_k4_rasterize_fu_348/mul_32s_32s_64_1_1_U102/tmp_product input bd_0_i/hls_inst/inst/grp_k4_rasterize_fu_348/mul_32s_32s_64_1_1_U102/tmp_product/B[17:0] is not pipelined. Pipelining DSP48 input will improve performance.
Related violations: <none>

DPIP-2#97 Warning
Input pipelining  
DSP bd_0_i/hls_inst/inst/grp_k4_rasterize_fu_348/mul_32s_32s_64_1_1_U102/tmp_product__0 input bd_0_i/hls_inst/inst/grp_k4_rasterize_fu_348/mul_32s_32s_64_1_1_U102/tmp_product__0/A[29:0] is not pipelined. Pipelining DSP48 input will improve performance.
Related violations: <none>

DPIP-2#98 Warning
Input pipelining  
DSP bd_0_i/hls_inst/inst/grp_k4_rasterize_fu_348/mul_32s_32s_64_1_1_U102/tmp_product__0 input bd_0_i/hls_inst/inst/grp_k4_rasterize_fu_348/mul_32s_32s_64_1_1_U102/tmp_product__0/B[17:0] is not pipelined. Pipelining DSP48 input will improve performance.
Related violations: <none>

DPIP-2#99 Warning
Input pipelining  
DSP bd_0_i/hls_inst/inst/grp_k4_rasterize_fu_348/mul_32s_32s_64_1_1_U102/tmp_product__1 input bd_0_i/hls_inst/inst/grp_k4_rasterize_fu_348/mul_32s_32s_64_1_1_U102/tmp_product__1/A[29:0] is not pipelined. Pipelining DSP48 input will improve performance.
Related violations: <none>

DPIP-2#100 Warning
Input pipelining  
DSP bd_0_i/hls_inst/inst/grp_k4_rasterize_fu_348/mul_32s_32s_64_1_1_U102/tmp_product__1 input bd_0_i/hls_inst/inst/grp_k4_rasterize_fu_348/mul_32s_32s_64_1_1_U102/tmp_product__1/B[17:0] is not pipelined. Pipelining DSP48 input will improve performance.
Related violations: <none>

DPIP-2#101 Warning
Input pipelining  
DSP bd_0_i/hls_inst/inst/grp_k4_rasterize_fu_348/mul_32s_32s_64_1_1_U102/tmp_product__2 input bd_0_i/hls_inst/inst/grp_k4_rasterize_fu_348/mul_32s_32s_64_1_1_U102/tmp_product__2/B[17:0] is not pipelined. Pipelining DSP48 input will improve performance.
Related violations: <none>

DPIP-2#102 Warning
Input pipelining  
DSP bd_0_i/hls_inst/inst/grp_k4_rasterize_fu_348/mul_32s_32s_64_1_1_U103/tmp_product input bd_0_i/hls_inst/inst/grp_k4_rasterize_fu_348/mul_32s_32s_64_1_1_U103/tmp_product/A[29:0] is not pipelined. Pipelining DSP48 input will improve performance.
Related violations: <none>

DPIP-2#103 Warning
Input pipelining  
DSP bd_0_i/hls_inst/inst/grp_k4_rasterize_fu_348/mul_32s_32s_64_1_1_U103/tmp_product input bd_0_i/hls_inst/inst/grp_k4_rasterize_fu_348/mul_32s_32s_64_1_1_U103/tmp_product/B[17:0] is not pipelined. Pipelining DSP48 input will improve performance.
Related violations: <none>

DPIP-2#104 Warning
Input pipelining  
DSP bd_0_i/hls_inst/inst/grp_k4_rasterize_fu_348/mul_32s_32s_64_1_1_U103/tmp_product__0 input bd_0_i/hls_inst/inst/grp_k4_rasterize_fu_348/mul_32s_32s_64_1_1_U103/tmp_product__0/A[29:0] is not pipelined. Pipelining DSP48 input will improve performance.
Related violations: <none>

DPIP-2#105 Warning
Input pipelining  
DSP bd_0_i/hls_inst/inst/grp_k4_rasterize_fu_348/mul_32s_32s_64_1_1_U103/tmp_product__0 input bd_0_i/hls_inst/inst/grp_k4_rasterize_fu_348/mul_32s_32s_64_1_1_U103/tmp_product__0/B[17:0] is not pipelined. Pipelining DSP48 input will improve performance.
Related violations: <none>

DPIP-2#106 Warning
Input pipelining  
DSP bd_0_i/hls_inst/inst/grp_k4_rasterize_fu_348/mul_32s_32s_64_1_1_U103/tmp_product__1 input bd_0_i/hls_inst/inst/grp_k4_rasterize_fu_348/mul_32s_32s_64_1_1_U103/tmp_product__1/A[29:0] is not pipelined. Pipelining DSP48 input will improve performance.
Related violations: <none>

DPIP-2#107 Warning
Input pipelining  
DSP bd_0_i/hls_inst/inst/grp_k4_rasterize_fu_348/mul_32s_32s_64_1_1_U103/tmp_product__1 input bd_0_i/hls_inst/inst/grp_k4_rasterize_fu_348/mul_32s_32s_64_1_1_U103/tmp_product__1/B[17:0] is not pipelined. Pipelining DSP48 input will improve performance.
Related violations: <none>

DPIP-2#108 Warning
Input pipelining  
DSP bd_0_i/hls_inst/inst/grp_k4_rasterize_fu_348/mul_32s_32s_64_1_1_U103/tmp_product__2 input bd_0_i/hls_inst/inst/grp_k4_rasterize_fu_348/mul_32s_32s_64_1_1_U103/tmp_product__2/B[17:0] is not pipelined. Pipelining DSP48 input will improve performance.
Related violations: <none>

DPIP-2#109 Warning
Input pipelining  
DSP bd_0_i/hls_inst/inst/grp_k4_rasterize_fu_348/mul_32s_32s_64_1_1_U104/tmp_product input bd_0_i/hls_inst/inst/grp_k4_rasterize_fu_348/mul_32s_32s_64_1_1_U104/tmp_product/A[29:0] is not pipelined. Pipelining DSP48 input will improve performance.
Related violations: <none>

DPIP-2#110 Warning
Input pipelining  
DSP bd_0_i/hls_inst/inst/grp_k4_rasterize_fu_348/mul_32s_32s_64_1_1_U104/tmp_product input bd_0_i/hls_inst/inst/grp_k4_rasterize_fu_348/mul_32s_32s_64_1_1_U104/tmp_product/B[17:0] is not pipelined. Pipelining DSP48 input will improve performance.
Related violations: <none>

DPIP-2#111 Warning
Input pipelining  
DSP bd_0_i/hls_inst/inst/grp_k4_rasterize_fu_348/mul_32s_32s_64_1_1_U104/tmp_product__0 input bd_0_i/hls_inst/inst/grp_k4_rasterize_fu_348/mul_32s_32s_64_1_1_U104/tmp_product__0/A[29:0] is not pipelined. Pipelining DSP48 input will improve performance.
Related violations: <none>

DPIP-2#112 Warning
Input pipelining  
DSP bd_0_i/hls_inst/inst/grp_k4_rasterize_fu_348/mul_32s_32s_64_1_1_U104/tmp_product__0 input bd_0_i/hls_inst/inst/grp_k4_rasterize_fu_348/mul_32s_32s_64_1_1_U104/tmp_product__0/B[17:0] is not pipelined. Pipelining DSP48 input will improve performance.
Related violations: <none>

DPIP-2#113 Warning
Input pipelining  
DSP bd_0_i/hls_inst/inst/grp_k4_rasterize_fu_348/mul_32s_32s_64_1_1_U104/tmp_product__1 input bd_0_i/hls_inst/inst/grp_k4_rasterize_fu_348/mul_32s_32s_64_1_1_U104/tmp_product__1/A[29:0] is not pipelined. Pipelining DSP48 input will improve performance.
Related violations: <none>

DPIP-2#114 Warning
Input pipelining  
DSP bd_0_i/hls_inst/inst/grp_k4_rasterize_fu_348/mul_32s_32s_64_1_1_U104/tmp_product__1 input bd_0_i/hls_inst/inst/grp_k4_rasterize_fu_348/mul_32s_32s_64_1_1_U104/tmp_product__1/B[17:0] is not pipelined. Pipelining DSP48 input will improve performance.
Related violations: <none>

DPIP-2#115 Warning
Input pipelining  
DSP bd_0_i/hls_inst/inst/grp_k4_rasterize_fu_348/mul_32s_32s_64_1_1_U104/tmp_product__2 input bd_0_i/hls_inst/inst/grp_k4_rasterize_fu_348/mul_32s_32s_64_1_1_U104/tmp_product__2/B[17:0] is not pipelined. Pipelining DSP48 input will improve performance.
Related violations: <none>

DPIP-2#116 Warning
Input pipelining  
DSP bd_0_i/hls_inst/inst/grp_k4_rasterize_fu_348/mul_32s_32s_64_1_1_U105/tmp_product input bd_0_i/hls_inst/inst/grp_k4_rasterize_fu_348/mul_32s_32s_64_1_1_U105/tmp_product/A[29:0] is not pipelined. Pipelining DSP48 input will improve performance.
Related violations: <none>

DPIP-2#117 Warning
Input pipelining  
DSP bd_0_i/hls_inst/inst/grp_k4_rasterize_fu_348/mul_32s_32s_64_1_1_U105/tmp_product input bd_0_i/hls_inst/inst/grp_k4_rasterize_fu_348/mul_32s_32s_64_1_1_U105/tmp_product/B[17:0] is not pipelined. Pipelining DSP48 input will improve performance.
Related violations: <none>

DPIP-2#118 Warning
Input pipelining  
DSP bd_0_i/hls_inst/inst/grp_k4_rasterize_fu_348/mul_32s_32s_64_1_1_U105/tmp_product__0 input bd_0_i/hls_inst/inst/grp_k4_rasterize_fu_348/mul_32s_32s_64_1_1_U105/tmp_product__0/A[29:0] is not pipelined. Pipelining DSP48 input will improve performance.
Related violations: <none>

DPIP-2#119 Warning
Input pipelining  
DSP bd_0_i/hls_inst/inst/grp_k4_rasterize_fu_348/mul_32s_32s_64_1_1_U105/tmp_product__0 input bd_0_i/hls_inst/inst/grp_k4_rasterize_fu_348/mul_32s_32s_64_1_1_U105/tmp_product__0/B[17:0] is not pipelined. Pipelining DSP48 input will improve performance.
Related violations: <none>

DPIP-2#120 Warning
Input pipelining  
DSP bd_0_i/hls_inst/inst/grp_k4_rasterize_fu_348/mul_32s_32s_64_1_1_U105/tmp_product__1 input bd_0_i/hls_inst/inst/grp_k4_rasterize_fu_348/mul_32s_32s_64_1_1_U105/tmp_product__1/A[29:0] is not pipelined. Pipelining DSP48 input will improve performance.
Related violations: <none>

DPIP-2#121 Warning
Input pipelining  
DSP bd_0_i/hls_inst/inst/grp_k4_rasterize_fu_348/mul_32s_32s_64_1_1_U105/tmp_product__1 input bd_0_i/hls_inst/inst/grp_k4_rasterize_fu_348/mul_32s_32s_64_1_1_U105/tmp_product__1/B[17:0] is not pipelined. Pipelining DSP48 input will improve performance.
Related violations: <none>

DPIP-2#122 Warning
Input pipelining  
DSP bd_0_i/hls_inst/inst/grp_k4_rasterize_fu_348/mul_32s_32s_64_1_1_U105/tmp_product__2 input bd_0_i/hls_inst/inst/grp_k4_rasterize_fu_348/mul_32s_32s_64_1_1_U105/tmp_product__2/B[17:0] is not pipelined. Pipelining DSP48 input will improve performance.
Related violations: <none>

DPIP-2#123 Warning
Input pipelining  
DSP bd_0_i/hls_inst/inst/grp_k4_rasterize_fu_348/mul_32s_32s_64_1_1_U106/tmp_product input bd_0_i/hls_inst/inst/grp_k4_rasterize_fu_348/mul_32s_32s_64_1_1_U106/tmp_product/A[29:0] is not pipelined. Pipelining DSP48 input will improve performance.
Related violations: <none>

DPIP-2#124 Warning
Input pipelining  
DSP bd_0_i/hls_inst/inst/grp_k4_rasterize_fu_348/mul_32s_32s_64_1_1_U106/tmp_product input bd_0_i/hls_inst/inst/grp_k4_rasterize_fu_348/mul_32s_32s_64_1_1_U106/tmp_product/B[17:0] is not pipelined. Pipelining DSP48 input will improve performance.
Related violations: <none>

DPIP-2#125 Warning
Input pipelining  
DSP bd_0_i/hls_inst/inst/grp_k4_rasterize_fu_348/mul_32s_32s_64_1_1_U106/tmp_product__0 input bd_0_i/hls_inst/inst/grp_k4_rasterize_fu_348/mul_32s_32s_64_1_1_U106/tmp_product__0/A[29:0] is not pipelined. Pipelining DSP48 input will improve performance.
Related violations: <none>

DPIP-2#126 Warning
Input pipelining  
DSP bd_0_i/hls_inst/inst/grp_k4_rasterize_fu_348/mul_32s_32s_64_1_1_U106/tmp_product__0 input bd_0_i/hls_inst/inst/grp_k4_rasterize_fu_348/mul_32s_32s_64_1_1_U106/tmp_product__0/B[17:0] is not pipelined. Pipelining DSP48 input will improve performance.
Related violations: <none>

DPIP-2#127 Warning
Input pipelining  
DSP bd_0_i/hls_inst/inst/grp_k4_rasterize_fu_348/mul_32s_32s_64_1_1_U106/tmp_product__1 input bd_0_i/hls_inst/inst/grp_k4_rasterize_fu_348/mul_32s_32s_64_1_1_U106/tmp_product__1/A[29:0] is not pipelined. Pipelining DSP48 input will improve performance.
Related violations: <none>

DPIP-2#128 Warning
Input pipelining  
DSP bd_0_i/hls_inst/inst/grp_k4_rasterize_fu_348/mul_32s_32s_64_1_1_U106/tmp_product__1 input bd_0_i/hls_inst/inst/grp_k4_rasterize_fu_348/mul_32s_32s_64_1_1_U106/tmp_product__1/B[17:0] is not pipelined. Pipelining DSP48 input will improve performance.
Related violations: <none>

DPIP-2#129 Warning
Input pipelining  
DSP bd_0_i/hls_inst/inst/grp_k4_rasterize_fu_348/mul_32s_32s_64_1_1_U106/tmp_product__2 input bd_0_i/hls_inst/inst/grp_k4_rasterize_fu_348/mul_32s_32s_64_1_1_U106/tmp_product__2/B[17:0] is not pipelined. Pipelining DSP48 input will improve performance.
Related violations: <none>

DPIP-2#130 Warning
Input pipelining  
DSP bd_0_i/hls_inst/inst/grp_k4_rasterize_fu_348/mul_32s_32s_64_1_1_U107/tmp_product input bd_0_i/hls_inst/inst/grp_k4_rasterize_fu_348/mul_32s_32s_64_1_1_U107/tmp_product/A[29:0] is not pipelined. Pipelining DSP48 input will improve performance.
Related violations: <none>

DPIP-2#131 Warning
Input pipelining  
DSP bd_0_i/hls_inst/inst/grp_k4_rasterize_fu_348/mul_32s_32s_64_1_1_U107/tmp_product input bd_0_i/hls_inst/inst/grp_k4_rasterize_fu_348/mul_32s_32s_64_1_1_U107/tmp_product/B[17:0] is not pipelined. Pipelining DSP48 input will improve performance.
Related violations: <none>

DPIP-2#132 Warning
Input pipelining  
DSP bd_0_i/hls_inst/inst/grp_k4_rasterize_fu_348/mul_32s_32s_64_1_1_U107/tmp_product__0 input bd_0_i/hls_inst/inst/grp_k4_rasterize_fu_348/mul_32s_32s_64_1_1_U107/tmp_product__0/A[29:0] is not pipelined. Pipelining DSP48 input will improve performance.
Related violations: <none>

DPIP-2#133 Warning
Input pipelining  
DSP bd_0_i/hls_inst/inst/grp_k4_rasterize_fu_348/mul_32s_32s_64_1_1_U107/tmp_product__0 input bd_0_i/hls_inst/inst/grp_k4_rasterize_fu_348/mul_32s_32s_64_1_1_U107/tmp_product__0/B[17:0] is not pipelined. Pipelining DSP48 input will improve performance.
Related violations: <none>

DPIP-2#134 Warning
Input pipelining  
DSP bd_0_i/hls_inst/inst/grp_k4_rasterize_fu_348/mul_32s_32s_64_1_1_U107/tmp_product__1 input bd_0_i/hls_inst/inst/grp_k4_rasterize_fu_348/mul_32s_32s_64_1_1_U107/tmp_product__1/A[29:0] is not pipelined. Pipelining DSP48 input will improve performance.
Related violations: <none>

DPIP-2#135 Warning
Input pipelining  
DSP bd_0_i/hls_inst/inst/grp_k4_rasterize_fu_348/mul_32s_32s_64_1_1_U107/tmp_product__1 input bd_0_i/hls_inst/inst/grp_k4_rasterize_fu_348/mul_32s_32s_64_1_1_U107/tmp_product__1/B[17:0] is not pipelined. Pipelining DSP48 input will improve performance.
Related violations: <none>

DPIP-2#136 Warning
Input pipelining  
DSP bd_0_i/hls_inst/inst/grp_k4_rasterize_fu_348/mul_32s_32s_64_1_1_U107/tmp_product__2 input bd_0_i/hls_inst/inst/grp_k4_rasterize_fu_348/mul_32s_32s_64_1_1_U107/tmp_product__2/B[17:0] is not pipelined. Pipelining DSP48 input will improve performance.
Related violations: <none>

DPOP-3#1 Warning
PREG Output pipelining  
DSP bd_0_i/hls_inst/inst/grp_k1_vertex_transform_fu_180/mul_32s_32s_64_1_1_U1/tmp_product output bd_0_i/hls_inst/inst/grp_k1_vertex_transform_fu_180/mul_32s_32s_64_1_1_U1/tmp_product/P[47:0] is not pipelined (PREG=0). Pipelining the DSP48 output will improve performance and often saves power so it is suggested whenever possible to fully pipeline this function.  If this DSP48 function was inferred, it is suggested to describe an additional register stage after this function.  If the DSP48 was instantiated in the design, it is suggested to set the PREG attribute to 1.
Related violations: <none>

DPOP-3#2 Warning
PREG Output pipelining  
DSP bd_0_i/hls_inst/inst/grp_k1_vertex_transform_fu_180/mul_32s_32s_64_1_1_U1/tmp_product__0 output bd_0_i/hls_inst/inst/grp_k1_vertex_transform_fu_180/mul_32s_32s_64_1_1_U1/tmp_product__0/P[47:0] is not pipelined (PREG=0). Pipelining the DSP48 output will improve performance and often saves power so it is suggested whenever possible to fully pipeline this function.  If this DSP48 function was inferred, it is suggested to describe an additional register stage after this function.  If the DSP48 was instantiated in the design, it is suggested to set the PREG attribute to 1.
Related violations: <none>

DPOP-3#3 Warning
PREG Output pipelining  
DSP bd_0_i/hls_inst/inst/grp_k1_vertex_transform_fu_180/mul_32s_32s_64_1_1_U1/tmp_product__1 output bd_0_i/hls_inst/inst/grp_k1_vertex_transform_fu_180/mul_32s_32s_64_1_1_U1/tmp_product__1/P[47:0] is not pipelined (PREG=0). Pipelining the DSP48 output will improve performance and often saves power so it is suggested whenever possible to fully pipeline this function.  If this DSP48 function was inferred, it is suggested to describe an additional register stage after this function.  If the DSP48 was instantiated in the design, it is suggested to set the PREG attribute to 1.
Related violations: <none>

DPOP-3#4 Warning
PREG Output pipelining  
DSP bd_0_i/hls_inst/inst/grp_k1_vertex_transform_fu_180/mul_32s_32s_64_1_1_U1/tmp_product__2 output bd_0_i/hls_inst/inst/grp_k1_vertex_transform_fu_180/mul_32s_32s_64_1_1_U1/tmp_product__2/P[47:0] is not pipelined (PREG=0). Pipelining the DSP48 output will improve performance and often saves power so it is suggested whenever possible to fully pipeline this function.  If this DSP48 function was inferred, it is suggested to describe an additional register stage after this function.  If the DSP48 was instantiated in the design, it is suggested to set the PREG attribute to 1.
Related violations: <none>

DPOP-3#5 Warning
PREG Output pipelining  
DSP bd_0_i/hls_inst/inst/grp_k1_vertex_transform_fu_180/mul_32s_32s_64_1_1_U10/tmp_product output bd_0_i/hls_inst/inst/grp_k1_vertex_transform_fu_180/mul_32s_32s_64_1_1_U10/tmp_product/P[47:0] is not pipelined (PREG=0). Pipelining the DSP48 output will improve performance and often saves power so it is suggested whenever possible to fully pipeline this function.  If this DSP48 function was inferred, it is suggested to describe an additional register stage after this function.  If the DSP48 was instantiated in the design, it is suggested to set the PREG attribute to 1.
Related violations: <none>

DPOP-3#6 Warning
PREG Output pipelining  
DSP bd_0_i/hls_inst/inst/grp_k1_vertex_transform_fu_180/mul_32s_32s_64_1_1_U10/tmp_product__0 output bd_0_i/hls_inst/inst/grp_k1_vertex_transform_fu_180/mul_32s_32s_64_1_1_U10/tmp_product__0/P[47:0] is not pipelined (PREG=0). Pipelining the DSP48 output will improve performance and often saves power so it is suggested whenever possible to fully pipeline this function.  If this DSP48 function was inferred, it is suggested to describe an additional register stage after this function.  If the DSP48 was instantiated in the design, it is suggested to set the PREG attribute to 1.
Related violations: <none>

DPOP-3#7 Warning
PREG Output pipelining  
DSP bd_0_i/hls_inst/inst/grp_k1_vertex_transform_fu_180/mul_32s_32s_64_1_1_U10/tmp_product__1 output bd_0_i/hls_inst/inst/grp_k1_vertex_transform_fu_180/mul_32s_32s_64_1_1_U10/tmp_product__1/P[47:0] is not pipelined (PREG=0). Pipelining the DSP48 output will improve performance and often saves power so it is suggested whenever possible to fully pipeline this function.  If this DSP48 function was inferred, it is suggested to describe an additional register stage after this function.  If the DSP48 was instantiated in the design, it is suggested to set the PREG attribute to 1.
Related violations: <none>

DPOP-3#8 Warning
PREG Output pipelining  
DSP bd_0_i/hls_inst/inst/grp_k1_vertex_transform_fu_180/mul_32s_32s_64_1_1_U10/tmp_product__2 output bd_0_i/hls_inst/inst/grp_k1_vertex_transform_fu_180/mul_32s_32s_64_1_1_U10/tmp_product__2/P[47:0] is not pipelined (PREG=0). Pipelining the DSP48 output will improve performance and often saves power so it is suggested whenever possible to fully pipeline this function.  If this DSP48 function was inferred, it is suggested to describe an additional register stage after this function.  If the DSP48 was instantiated in the design, it is suggested to set the PREG attribute to 1.
Related violations: <none>

DPOP-3#9 Warning
PREG Output pipelining  
DSP bd_0_i/hls_inst/inst/grp_k1_vertex_transform_fu_180/mul_32s_32s_64_1_1_U11/tmp_product output bd_0_i/hls_inst/inst/grp_k1_vertex_transform_fu_180/mul_32s_32s_64_1_1_U11/tmp_product/P[47:0] is not pipelined (PREG=0). Pipelining the DSP48 output will improve performance and often saves power so it is suggested whenever possible to fully pipeline this function.  If this DSP48 function was inferred, it is suggested to describe an additional register stage after this function.  If the DSP48 was instantiated in the design, it is suggested to set the PREG attribute to 1.
Related violations: <none>

DPOP-3#10 Warning
PREG Output pipelining  
DSP bd_0_i/hls_inst/inst/grp_k1_vertex_transform_fu_180/mul_32s_32s_64_1_1_U11/tmp_product__0 output bd_0_i/hls_inst/inst/grp_k1_vertex_transform_fu_180/mul_32s_32s_64_1_1_U11/tmp_product__0/P[47:0] is not pipelined (PREG=0). Pipelining the DSP48 output will improve performance and often saves power so it is suggested whenever possible to fully pipeline this function.  If this DSP48 function was inferred, it is suggested to describe an additional register stage after this function.  If the DSP48 was instantiated in the design, it is suggested to set the PREG attribute to 1.
Related violations: <none>

DPOP-3#11 Warning
PREG Output pipelining  
DSP bd_0_i/hls_inst/inst/grp_k1_vertex_transform_fu_180/mul_32s_32s_64_1_1_U11/tmp_product__1 output bd_0_i/hls_inst/inst/grp_k1_vertex_transform_fu_180/mul_32s_32s_64_1_1_U11/tmp_product__1/P[47:0] is not pipelined (PREG=0). Pipelining the DSP48 output will improve performance and often saves power so it is suggested whenever possible to fully pipeline this function.  If this DSP48 function was inferred, it is suggested to describe an additional register stage after this function.  If the DSP48 was instantiated in the design, it is suggested to set the PREG attribute to 1.
Related violations: <none>

DPOP-3#12 Warning
PREG Output pipelining  
DSP bd_0_i/hls_inst/inst/grp_k1_vertex_transform_fu_180/mul_32s_32s_64_1_1_U11/tmp_product__2 output bd_0_i/hls_inst/inst/grp_k1_vertex_transform_fu_180/mul_32s_32s_64_1_1_U11/tmp_product__2/P[47:0] is not pipelined (PREG=0). Pipelining the DSP48 output will improve performance and often saves power so it is suggested whenever possible to fully pipeline this function.  If this DSP48 function was inferred, it is suggested to describe an additional register stage after this function.  If the DSP48 was instantiated in the design, it is suggested to set the PREG attribute to 1.
Related violations: <none>

DPOP-3#13 Warning
PREG Output pipelining  
DSP bd_0_i/hls_inst/inst/grp_k1_vertex_transform_fu_180/mul_32s_32s_64_1_1_U12/tmp_product output bd_0_i/hls_inst/inst/grp_k1_vertex_transform_fu_180/mul_32s_32s_64_1_1_U12/tmp_product/P[47:0] is not pipelined (PREG=0). Pipelining the DSP48 output will improve performance and often saves power so it is suggested whenever possible to fully pipeline this function.  If this DSP48 function was inferred, it is suggested to describe an additional register stage after this function.  If the DSP48 was instantiated in the design, it is suggested to set the PREG attribute to 1.
Related violations: <none>

DPOP-3#14 Warning
PREG Output pipelining  
DSP bd_0_i/hls_inst/inst/grp_k1_vertex_transform_fu_180/mul_32s_32s_64_1_1_U12/tmp_product__0 output bd_0_i/hls_inst/inst/grp_k1_vertex_transform_fu_180/mul_32s_32s_64_1_1_U12/tmp_product__0/P[47:0] is not pipelined (PREG=0). Pipelining the DSP48 output will improve performance and often saves power so it is suggested whenever possible to fully pipeline this function.  If this DSP48 function was inferred, it is suggested to describe an additional register stage after this function.  If the DSP48 was instantiated in the design, it is suggested to set the PREG attribute to 1.
Related violations: <none>

DPOP-3#15 Warning
PREG Output pipelining  
DSP bd_0_i/hls_inst/inst/grp_k1_vertex_transform_fu_180/mul_32s_32s_64_1_1_U12/tmp_product__1 output bd_0_i/hls_inst/inst/grp_k1_vertex_transform_fu_180/mul_32s_32s_64_1_1_U12/tmp_product__1/P[47:0] is not pipelined (PREG=0). Pipelining the DSP48 output will improve performance and often saves power so it is suggested whenever possible to fully pipeline this function.  If this DSP48 function was inferred, it is suggested to describe an additional register stage after this function.  If the DSP48 was instantiated in the design, it is suggested to set the PREG attribute to 1.
Related violations: <none>

DPOP-3#16 Warning
PREG Output pipelining  
DSP bd_0_i/hls_inst/inst/grp_k1_vertex_transform_fu_180/mul_32s_32s_64_1_1_U12/tmp_product__2 output bd_0_i/hls_inst/inst/grp_k1_vertex_transform_fu_180/mul_32s_32s_64_1_1_U12/tmp_product__2/P[47:0] is not pipelined (PREG=0). Pipelining the DSP48 output will improve performance and often saves power so it is suggested whenever possible to fully pipeline this function.  If this DSP48 function was inferred, it is suggested to describe an additional register stage after this function.  If the DSP48 was instantiated in the design, it is suggested to set the PREG attribute to 1.
Related violations: <none>

DPOP-3#17 Warning
PREG Output pipelining  
DSP bd_0_i/hls_inst/inst/grp_k1_vertex_transform_fu_180/mul_32s_32s_64_1_1_U2/tmp_product output bd_0_i/hls_inst/inst/grp_k1_vertex_transform_fu_180/mul_32s_32s_64_1_1_U2/tmp_product/P[47:0] is not pipelined (PREG=0). Pipelining the DSP48 output will improve performance and often saves power so it is suggested whenever possible to fully pipeline this function.  If this DSP48 function was inferred, it is suggested to describe an additional register stage after this function.  If the DSP48 was instantiated in the design, it is suggested to set the PREG attribute to 1.
Related violations: <none>

DPOP-3#18 Warning
PREG Output pipelining  
DSP bd_0_i/hls_inst/inst/grp_k1_vertex_transform_fu_180/mul_32s_32s_64_1_1_U2/tmp_product__0 output bd_0_i/hls_inst/inst/grp_k1_vertex_transform_fu_180/mul_32s_32s_64_1_1_U2/tmp_product__0/P[47:0] is not pipelined (PREG=0). Pipelining the DSP48 output will improve performance and often saves power so it is suggested whenever possible to fully pipeline this function.  If this DSP48 function was inferred, it is suggested to describe an additional register stage after this function.  If the DSP48 was instantiated in the design, it is suggested to set the PREG attribute to 1.
Related violations: <none>

DPOP-3#19 Warning
PREG Output pipelining  
DSP bd_0_i/hls_inst/inst/grp_k1_vertex_transform_fu_180/mul_32s_32s_64_1_1_U2/tmp_product__1 output bd_0_i/hls_inst/inst/grp_k1_vertex_transform_fu_180/mul_32s_32s_64_1_1_U2/tmp_product__1/P[47:0] is not pipelined (PREG=0). Pipelining the DSP48 output will improve performance and often saves power so it is suggested whenever possible to fully pipeline this function.  If this DSP48 function was inferred, it is suggested to describe an additional register stage after this function.  If the DSP48 was instantiated in the design, it is suggested to set the PREG attribute to 1.
Related violations: <none>

DPOP-3#20 Warning
PREG Output pipelining  
DSP bd_0_i/hls_inst/inst/grp_k1_vertex_transform_fu_180/mul_32s_32s_64_1_1_U2/tmp_product__2 output bd_0_i/hls_inst/inst/grp_k1_vertex_transform_fu_180/mul_32s_32s_64_1_1_U2/tmp_product__2/P[47:0] is not pipelined (PREG=0). Pipelining the DSP48 output will improve performance and often saves power so it is suggested whenever possible to fully pipeline this function.  If this DSP48 function was inferred, it is suggested to describe an additional register stage after this function.  If the DSP48 was instantiated in the design, it is suggested to set the PREG attribute to 1.
Related violations: <none>

DPOP-3#21 Warning
PREG Output pipelining  
DSP bd_0_i/hls_inst/inst/grp_k1_vertex_transform_fu_180/mul_32s_32s_64_1_1_U3/tmp_product output bd_0_i/hls_inst/inst/grp_k1_vertex_transform_fu_180/mul_32s_32s_64_1_1_U3/tmp_product/P[47:0] is not pipelined (PREG=0). Pipelining the DSP48 output will improve performance and often saves power so it is suggested whenever possible to fully pipeline this function.  If this DSP48 function was inferred, it is suggested to describe an additional register stage after this function.  If the DSP48 was instantiated in the design, it is suggested to set the PREG attribute to 1.
Related violations: <none>

DPOP-3#22 Warning
PREG Output pipelining  
DSP bd_0_i/hls_inst/inst/grp_k1_vertex_transform_fu_180/mul_32s_32s_64_1_1_U3/tmp_product__0 output bd_0_i/hls_inst/inst/grp_k1_vertex_transform_fu_180/mul_32s_32s_64_1_1_U3/tmp_product__0/P[47:0] is not pipelined (PREG=0). Pipelining the DSP48 output will improve performance and often saves power so it is suggested whenever possible to fully pipeline this function.  If this DSP48 function was inferred, it is suggested to describe an additional register stage after this function.  If the DSP48 was instantiated in the design, it is suggested to set the PREG attribute to 1.
Related violations: <none>

DPOP-3#23 Warning
PREG Output pipelining  
DSP bd_0_i/hls_inst/inst/grp_k1_vertex_transform_fu_180/mul_32s_32s_64_1_1_U3/tmp_product__1 output bd_0_i/hls_inst/inst/grp_k1_vertex_transform_fu_180/mul_32s_32s_64_1_1_U3/tmp_product__1/P[47:0] is not pipelined (PREG=0). Pipelining the DSP48 output will improve performance and often saves power so it is suggested whenever possible to fully pipeline this function.  If this DSP48 function was inferred, it is suggested to describe an additional register stage after this function.  If the DSP48 was instantiated in the design, it is suggested to set the PREG attribute to 1.
Related violations: <none>

DPOP-3#24 Warning
PREG Output pipelining  
DSP bd_0_i/hls_inst/inst/grp_k1_vertex_transform_fu_180/mul_32s_32s_64_1_1_U3/tmp_product__2 output bd_0_i/hls_inst/inst/grp_k1_vertex_transform_fu_180/mul_32s_32s_64_1_1_U3/tmp_product__2/P[47:0] is not pipelined (PREG=0). Pipelining the DSP48 output will improve performance and often saves power so it is suggested whenever possible to fully pipeline this function.  If this DSP48 function was inferred, it is suggested to describe an additional register stage after this function.  If the DSP48 was instantiated in the design, it is suggested to set the PREG attribute to 1.
Related violations: <none>

DPOP-3#25 Warning
PREG Output pipelining  
DSP bd_0_i/hls_inst/inst/grp_k1_vertex_transform_fu_180/mul_32s_32s_64_1_1_U4/tmp_product output bd_0_i/hls_inst/inst/grp_k1_vertex_transform_fu_180/mul_32s_32s_64_1_1_U4/tmp_product/P[47:0] is not pipelined (PREG=0). Pipelining the DSP48 output will improve performance and often saves power so it is suggested whenever possible to fully pipeline this function.  If this DSP48 function was inferred, it is suggested to describe an additional register stage after this function.  If the DSP48 was instantiated in the design, it is suggested to set the PREG attribute to 1.
Related violations: <none>

DPOP-3#26 Warning
PREG Output pipelining  
DSP bd_0_i/hls_inst/inst/grp_k1_vertex_transform_fu_180/mul_32s_32s_64_1_1_U4/tmp_product__0 output bd_0_i/hls_inst/inst/grp_k1_vertex_transform_fu_180/mul_32s_32s_64_1_1_U4/tmp_product__0/P[47:0] is not pipelined (PREG=0). Pipelining the DSP48 output will improve performance and often saves power so it is suggested whenever possible to fully pipeline this function.  If this DSP48 function was inferred, it is suggested to describe an additional register stage after this function.  If the DSP48 was instantiated in the design, it is suggested to set the PREG attribute to 1.
Related violations: <none>

DPOP-3#27 Warning
PREG Output pipelining  
DSP bd_0_i/hls_inst/inst/grp_k1_vertex_transform_fu_180/mul_32s_32s_64_1_1_U4/tmp_product__1 output bd_0_i/hls_inst/inst/grp_k1_vertex_transform_fu_180/mul_32s_32s_64_1_1_U4/tmp_product__1/P[47:0] is not pipelined (PREG=0). Pipelining the DSP48 output will improve performance and often saves power so it is suggested whenever possible to fully pipeline this function.  If this DSP48 function was inferred, it is suggested to describe an additional register stage after this function.  If the DSP48 was instantiated in the design, it is suggested to set the PREG attribute to 1.
Related violations: <none>

DPOP-3#28 Warning
PREG Output pipelining  
DSP bd_0_i/hls_inst/inst/grp_k1_vertex_transform_fu_180/mul_32s_32s_64_1_1_U4/tmp_product__2 output bd_0_i/hls_inst/inst/grp_k1_vertex_transform_fu_180/mul_32s_32s_64_1_1_U4/tmp_product__2/P[47:0] is not pipelined (PREG=0). Pipelining the DSP48 output will improve performance and often saves power so it is suggested whenever possible to fully pipeline this function.  If this DSP48 function was inferred, it is suggested to describe an additional register stage after this function.  If the DSP48 was instantiated in the design, it is suggested to set the PREG attribute to 1.
Related violations: <none>

DPOP-3#29 Warning
PREG Output pipelining  
DSP bd_0_i/hls_inst/inst/grp_k1_vertex_transform_fu_180/mul_32s_32s_64_1_1_U5/tmp_product output bd_0_i/hls_inst/inst/grp_k1_vertex_transform_fu_180/mul_32s_32s_64_1_1_U5/tmp_product/P[47:0] is not pipelined (PREG=0). Pipelining the DSP48 output will improve performance and often saves power so it is suggested whenever possible to fully pipeline this function.  If this DSP48 function was inferred, it is suggested to describe an additional register stage after this function.  If the DSP48 was instantiated in the design, it is suggested to set the PREG attribute to 1.
Related violations: <none>

DPOP-3#30 Warning
PREG Output pipelining  
DSP bd_0_i/hls_inst/inst/grp_k1_vertex_transform_fu_180/mul_32s_32s_64_1_1_U5/tmp_product__0 output bd_0_i/hls_inst/inst/grp_k1_vertex_transform_fu_180/mul_32s_32s_64_1_1_U5/tmp_product__0/P[47:0] is not pipelined (PREG=0). Pipelining the DSP48 output will improve performance and often saves power so it is suggested whenever possible to fully pipeline this function.  If this DSP48 function was inferred, it is suggested to describe an additional register stage after this function.  If the DSP48 was instantiated in the design, it is suggested to set the PREG attribute to 1.
Related violations: <none>

DPOP-3#31 Warning
PREG Output pipelining  
DSP bd_0_i/hls_inst/inst/grp_k1_vertex_transform_fu_180/mul_32s_32s_64_1_1_U5/tmp_product__1 output bd_0_i/hls_inst/inst/grp_k1_vertex_transform_fu_180/mul_32s_32s_64_1_1_U5/tmp_product__1/P[47:0] is not pipelined (PREG=0). Pipelining the DSP48 output will improve performance and often saves power so it is suggested whenever possible to fully pipeline this function.  If this DSP48 function was inferred, it is suggested to describe an additional register stage after this function.  If the DSP48 was instantiated in the design, it is suggested to set the PREG attribute to 1.
Related violations: <none>

DPOP-3#32 Warning
PREG Output pipelining  
DSP bd_0_i/hls_inst/inst/grp_k1_vertex_transform_fu_180/mul_32s_32s_64_1_1_U5/tmp_product__2 output bd_0_i/hls_inst/inst/grp_k1_vertex_transform_fu_180/mul_32s_32s_64_1_1_U5/tmp_product__2/P[47:0] is not pipelined (PREG=0). Pipelining the DSP48 output will improve performance and often saves power so it is suggested whenever possible to fully pipeline this function.  If this DSP48 function was inferred, it is suggested to describe an additional register stage after this function.  If the DSP48 was instantiated in the design, it is suggested to set the PREG attribute to 1.
Related violations: <none>

DPOP-3#33 Warning
PREG Output pipelining  
DSP bd_0_i/hls_inst/inst/grp_k1_vertex_transform_fu_180/mul_32s_32s_64_1_1_U6/tmp_product output bd_0_i/hls_inst/inst/grp_k1_vertex_transform_fu_180/mul_32s_32s_64_1_1_U6/tmp_product/P[47:0] is not pipelined (PREG=0). Pipelining the DSP48 output will improve performance and often saves power so it is suggested whenever possible to fully pipeline this function.  If this DSP48 function was inferred, it is suggested to describe an additional register stage after this function.  If the DSP48 was instantiated in the design, it is suggested to set the PREG attribute to 1.
Related violations: <none>

DPOP-3#34 Warning
PREG Output pipelining  
DSP bd_0_i/hls_inst/inst/grp_k1_vertex_transform_fu_180/mul_32s_32s_64_1_1_U6/tmp_product__0 output bd_0_i/hls_inst/inst/grp_k1_vertex_transform_fu_180/mul_32s_32s_64_1_1_U6/tmp_product__0/P[47:0] is not pipelined (PREG=0). Pipelining the DSP48 output will improve performance and often saves power so it is suggested whenever possible to fully pipeline this function.  If this DSP48 function was inferred, it is suggested to describe an additional register stage after this function.  If the DSP48 was instantiated in the design, it is suggested to set the PREG attribute to 1.
Related violations: <none>

DPOP-3#35 Warning
PREG Output pipelining  
DSP bd_0_i/hls_inst/inst/grp_k1_vertex_transform_fu_180/mul_32s_32s_64_1_1_U6/tmp_product__1 output bd_0_i/hls_inst/inst/grp_k1_vertex_transform_fu_180/mul_32s_32s_64_1_1_U6/tmp_product__1/P[47:0] is not pipelined (PREG=0). Pipelining the DSP48 output will improve performance and often saves power so it is suggested whenever possible to fully pipeline this function.  If this DSP48 function was inferred, it is suggested to describe an additional register stage after this function.  If the DSP48 was instantiated in the design, it is suggested to set the PREG attribute to 1.
Related violations: <none>

DPOP-3#36 Warning
PREG Output pipelining  
DSP bd_0_i/hls_inst/inst/grp_k1_vertex_transform_fu_180/mul_32s_32s_64_1_1_U6/tmp_product__2 output bd_0_i/hls_inst/inst/grp_k1_vertex_transform_fu_180/mul_32s_32s_64_1_1_U6/tmp_product__2/P[47:0] is not pipelined (PREG=0). Pipelining the DSP48 output will improve performance and often saves power so it is suggested whenever possible to fully pipeline this function.  If this DSP48 function was inferred, it is suggested to describe an additional register stage after this function.  If the DSP48 was instantiated in the design, it is suggested to set the PREG attribute to 1.
Related violations: <none>

DPOP-3#37 Warning
PREG Output pipelining  
DSP bd_0_i/hls_inst/inst/grp_k1_vertex_transform_fu_180/mul_32s_32s_64_1_1_U7/tmp_product output bd_0_i/hls_inst/inst/grp_k1_vertex_transform_fu_180/mul_32s_32s_64_1_1_U7/tmp_product/P[47:0] is not pipelined (PREG=0). Pipelining the DSP48 output will improve performance and often saves power so it is suggested whenever possible to fully pipeline this function.  If this DSP48 function was inferred, it is suggested to describe an additional register stage after this function.  If the DSP48 was instantiated in the design, it is suggested to set the PREG attribute to 1.
Related violations: <none>

DPOP-3#38 Warning
PREG Output pipelining  
DSP bd_0_i/hls_inst/inst/grp_k1_vertex_transform_fu_180/mul_32s_32s_64_1_1_U7/tmp_product__0 output bd_0_i/hls_inst/inst/grp_k1_vertex_transform_fu_180/mul_32s_32s_64_1_1_U7/tmp_product__0/P[47:0] is not pipelined (PREG=0). Pipelining the DSP48 output will improve performance and often saves power so it is suggested whenever possible to fully pipeline this function.  If this DSP48 function was inferred, it is suggested to describe an additional register stage after this function.  If the DSP48 was instantiated in the design, it is suggested to set the PREG attribute to 1.
Related violations: <none>

DPOP-3#39 Warning
PREG Output pipelining  
DSP bd_0_i/hls_inst/inst/grp_k1_vertex_transform_fu_180/mul_32s_32s_64_1_1_U7/tmp_product__1 output bd_0_i/hls_inst/inst/grp_k1_vertex_transform_fu_180/mul_32s_32s_64_1_1_U7/tmp_product__1/P[47:0] is not pipelined (PREG=0). Pipelining the DSP48 output will improve performance and often saves power so it is suggested whenever possible to fully pipeline this function.  If this DSP48 function was inferred, it is suggested to describe an additional register stage after this function.  If the DSP48 was instantiated in the design, it is suggested to set the PREG attribute to 1.
Related violations: <none>

DPOP-3#40 Warning
PREG Output pipelining  
DSP bd_0_i/hls_inst/inst/grp_k1_vertex_transform_fu_180/mul_32s_32s_64_1_1_U7/tmp_product__2 output bd_0_i/hls_inst/inst/grp_k1_vertex_transform_fu_180/mul_32s_32s_64_1_1_U7/tmp_product__2/P[47:0] is not pipelined (PREG=0). Pipelining the DSP48 output will improve performance and often saves power so it is suggested whenever possible to fully pipeline this function.  If this DSP48 function was inferred, it is suggested to describe an additional register stage after this function.  If the DSP48 was instantiated in the design, it is suggested to set the PREG attribute to 1.
Related violations: <none>

DPOP-3#41 Warning
PREG Output pipelining  
DSP bd_0_i/hls_inst/inst/grp_k1_vertex_transform_fu_180/mul_32s_32s_64_1_1_U8/tmp_product output bd_0_i/hls_inst/inst/grp_k1_vertex_transform_fu_180/mul_32s_32s_64_1_1_U8/tmp_product/P[47:0] is not pipelined (PREG=0). Pipelining the DSP48 output will improve performance and often saves power so it is suggested whenever possible to fully pipeline this function.  If this DSP48 function was inferred, it is suggested to describe an additional register stage after this function.  If the DSP48 was instantiated in the design, it is suggested to set the PREG attribute to 1.
Related violations: <none>

DPOP-3#42 Warning
PREG Output pipelining  
DSP bd_0_i/hls_inst/inst/grp_k1_vertex_transform_fu_180/mul_32s_32s_64_1_1_U8/tmp_product__0 output bd_0_i/hls_inst/inst/grp_k1_vertex_transform_fu_180/mul_32s_32s_64_1_1_U8/tmp_product__0/P[47:0] is not pipelined (PREG=0). Pipelining the DSP48 output will improve performance and often saves power so it is suggested whenever possible to fully pipeline this function.  If this DSP48 function was inferred, it is suggested to describe an additional register stage after this function.  If the DSP48 was instantiated in the design, it is suggested to set the PREG attribute to 1.
Related violations: <none>

DPOP-3#43 Warning
PREG Output pipelining  
DSP bd_0_i/hls_inst/inst/grp_k1_vertex_transform_fu_180/mul_32s_32s_64_1_1_U8/tmp_product__1 output bd_0_i/hls_inst/inst/grp_k1_vertex_transform_fu_180/mul_32s_32s_64_1_1_U8/tmp_product__1/P[47:0] is not pipelined (PREG=0). Pipelining the DSP48 output will improve performance and often saves power so it is suggested whenever possible to fully pipeline this function.  If this DSP48 function was inferred, it is suggested to describe an additional register stage after this function.  If the DSP48 was instantiated in the design, it is suggested to set the PREG attribute to 1.
Related violations: <none>

DPOP-3#44 Warning
PREG Output pipelining  
DSP bd_0_i/hls_inst/inst/grp_k1_vertex_transform_fu_180/mul_32s_32s_64_1_1_U8/tmp_product__2 output bd_0_i/hls_inst/inst/grp_k1_vertex_transform_fu_180/mul_32s_32s_64_1_1_U8/tmp_product__2/P[47:0] is not pipelined (PREG=0). Pipelining the DSP48 output will improve performance and often saves power so it is suggested whenever possible to fully pipeline this function.  If this DSP48 function was inferred, it is suggested to describe an additional register stage after this function.  If the DSP48 was instantiated in the design, it is suggested to set the PREG attribute to 1.
Related violations: <none>

DPOP-3#45 Warning
PREG Output pipelining  
DSP bd_0_i/hls_inst/inst/grp_k1_vertex_transform_fu_180/mul_32s_32s_64_1_1_U9/tmp_product output bd_0_i/hls_inst/inst/grp_k1_vertex_transform_fu_180/mul_32s_32s_64_1_1_U9/tmp_product/P[47:0] is not pipelined (PREG=0). Pipelining the DSP48 output will improve performance and often saves power so it is suggested whenever possible to fully pipeline this function.  If this DSP48 function was inferred, it is suggested to describe an additional register stage after this function.  If the DSP48 was instantiated in the design, it is suggested to set the PREG attribute to 1.
Related violations: <none>

DPOP-3#46 Warning
PREG Output pipelining  
DSP bd_0_i/hls_inst/inst/grp_k1_vertex_transform_fu_180/mul_32s_32s_64_1_1_U9/tmp_product__0 output bd_0_i/hls_inst/inst/grp_k1_vertex_transform_fu_180/mul_32s_32s_64_1_1_U9/tmp_product__0/P[47:0] is not pipelined (PREG=0). Pipelining the DSP48 output will improve performance and often saves power so it is suggested whenever possible to fully pipeline this function.  If this DSP48 function was inferred, it is suggested to describe an additional register stage after this function.  If the DSP48 was instantiated in the design, it is suggested to set the PREG attribute to 1.
Related violations: <none>

DPOP-3#47 Warning
PREG Output pipelining  
DSP bd_0_i/hls_inst/inst/grp_k1_vertex_transform_fu_180/mul_32s_32s_64_1_1_U9/tmp_product__1 output bd_0_i/hls_inst/inst/grp_k1_vertex_transform_fu_180/mul_32s_32s_64_1_1_U9/tmp_product__1/P[47:0] is not pipelined (PREG=0). Pipelining the DSP48 output will improve performance and often saves power so it is suggested whenever possible to fully pipeline this function.  If this DSP48 function was inferred, it is suggested to describe an additional register stage after this function.  If the DSP48 was instantiated in the design, it is suggested to set the PREG attribute to 1.
Related violations: <none>

DPOP-3#48 Warning
PREG Output pipelining  
DSP bd_0_i/hls_inst/inst/grp_k1_vertex_transform_fu_180/mul_32s_32s_64_1_1_U9/tmp_product__2 output bd_0_i/hls_inst/inst/grp_k1_vertex_transform_fu_180/mul_32s_32s_64_1_1_U9/tmp_product__2/P[47:0] is not pipelined (PREG=0). Pipelining the DSP48 output will improve performance and often saves power so it is suggested whenever possible to fully pipeline this function.  If this DSP48 function was inferred, it is suggested to describe an additional register stage after this function.  If the DSP48 was instantiated in the design, it is suggested to set the PREG attribute to 1.
Related violations: <none>

DPOP-3#49 Warning
PREG Output pipelining  
DSP bd_0_i/hls_inst/inst/grp_k2_perspective_divide_fu_236/mul_32s_32s_64_1_1_U40/tmp_product output bd_0_i/hls_inst/inst/grp_k2_perspective_divide_fu_236/mul_32s_32s_64_1_1_U40/tmp_product/P[47:0] is not pipelined (PREG=0). Pipelining the DSP48 output will improve performance and often saves power so it is suggested whenever possible to fully pipeline this function.  If this DSP48 function was inferred, it is suggested to describe an additional register stage after this function.  If the DSP48 was instantiated in the design, it is suggested to set the PREG attribute to 1.
Related violations: <none>

DPOP-3#50 Warning
PREG Output pipelining  
DSP bd_0_i/hls_inst/inst/grp_k2_perspective_divide_fu_236/mul_32s_32s_64_1_1_U40/tmp_product__0 output bd_0_i/hls_inst/inst/grp_k2_perspective_divide_fu_236/mul_32s_32s_64_1_1_U40/tmp_product__0/P[47:0] is not pipelined (PREG=0). Pipelining the DSP48 output will improve performance and often saves power so it is suggested whenever possible to fully pipeline this function.  If this DSP48 function was inferred, it is suggested to describe an additional register stage after this function.  If the DSP48 was instantiated in the design, it is suggested to set the PREG attribute to 1.
Related violations: <none>

DPOP-3#51 Warning
PREG Output pipelining  
DSP bd_0_i/hls_inst/inst/grp_k2_perspective_divide_fu_236/mul_32s_32s_64_1_1_U40/tmp_product__1 output bd_0_i/hls_inst/inst/grp_k2_perspective_divide_fu_236/mul_32s_32s_64_1_1_U40/tmp_product__1/P[47:0] is not pipelined (PREG=0). Pipelining the DSP48 output will improve performance and often saves power so it is suggested whenever possible to fully pipeline this function.  If this DSP48 function was inferred, it is suggested to describe an additional register stage after this function.  If the DSP48 was instantiated in the design, it is suggested to set the PREG attribute to 1.
Related violations: <none>

DPOP-3#52 Warning
PREG Output pipelining  
DSP bd_0_i/hls_inst/inst/grp_k2_perspective_divide_fu_236/mul_32s_32s_64_1_1_U40/tmp_product__2 output bd_0_i/hls_inst/inst/grp_k2_perspective_divide_fu_236/mul_32s_32s_64_1_1_U40/tmp_product__2/P[47:0] is not pipelined (PREG=0). Pipelining the DSP48 output will improve performance and often saves power so it is suggested whenever possible to fully pipeline this function.  If this DSP48 function was inferred, it is suggested to describe an additional register stage after this function.  If the DSP48 was instantiated in the design, it is suggested to set the PREG attribute to 1.
Related violations: <none>

DPOP-3#53 Warning
PREG Output pipelining  
DSP bd_0_i/hls_inst/inst/grp_k2_perspective_divide_fu_236/mul_32s_32s_64_1_1_U41/tmp_product output bd_0_i/hls_inst/inst/grp_k2_perspective_divide_fu_236/mul_32s_32s_64_1_1_U41/tmp_product/P[47:0] is not pipelined (PREG=0). Pipelining the DSP48 output will improve performance and often saves power so it is suggested whenever possible to fully pipeline this function.  If this DSP48 function was inferred, it is suggested to describe an additional register stage after this function.  If the DSP48 was instantiated in the design, it is suggested to set the PREG attribute to 1.
Related violations: <none>

DPOP-3#54 Warning
PREG Output pipelining  
DSP bd_0_i/hls_inst/inst/grp_k2_perspective_divide_fu_236/mul_32s_32s_64_1_1_U41/tmp_product__0 output bd_0_i/hls_inst/inst/grp_k2_perspective_divide_fu_236/mul_32s_32s_64_1_1_U41/tmp_product__0/P[47:0] is not pipelined (PREG=0). Pipelining the DSP48 output will improve performance and often saves power so it is suggested whenever possible to fully pipeline this function.  If this DSP48 function was inferred, it is suggested to describe an additional register stage after this function.  If the DSP48 was instantiated in the design, it is suggested to set the PREG attribute to 1.
Related violations: <none>

DPOP-3#55 Warning
PREG Output pipelining  
DSP bd_0_i/hls_inst/inst/grp_k2_perspective_divide_fu_236/mul_32s_32s_64_1_1_U41/tmp_product__1 output bd_0_i/hls_inst/inst/grp_k2_perspective_divide_fu_236/mul_32s_32s_64_1_1_U41/tmp_product__1/P[47:0] is not pipelined (PREG=0). Pipelining the DSP48 output will improve performance and often saves power so it is suggested whenever possible to fully pipeline this function.  If this DSP48 function was inferred, it is suggested to describe an additional register stage after this function.  If the DSP48 was instantiated in the design, it is suggested to set the PREG attribute to 1.
Related violations: <none>

DPOP-3#56 Warning
PREG Output pipelining  
DSP bd_0_i/hls_inst/inst/grp_k2_perspective_divide_fu_236/mul_32s_32s_64_1_1_U41/tmp_product__2 output bd_0_i/hls_inst/inst/grp_k2_perspective_divide_fu_236/mul_32s_32s_64_1_1_U41/tmp_product__2/P[47:0] is not pipelined (PREG=0). Pipelining the DSP48 output will improve performance and often saves power so it is suggested whenever possible to fully pipeline this function.  If this DSP48 function was inferred, it is suggested to describe an additional register stage after this function.  If the DSP48 was instantiated in the design, it is suggested to set the PREG attribute to 1.
Related violations: <none>

DPOP-3#57 Warning
PREG Output pipelining  
DSP bd_0_i/hls_inst/inst/grp_k2_perspective_divide_fu_236/mul_32s_32s_64_1_1_U42/tmp_product output bd_0_i/hls_inst/inst/grp_k2_perspective_divide_fu_236/mul_32s_32s_64_1_1_U42/tmp_product/P[47:0] is not pipelined (PREG=0). Pipelining the DSP48 output will improve performance and often saves power so it is suggested whenever possible to fully pipeline this function.  If this DSP48 function was inferred, it is suggested to describe an additional register stage after this function.  If the DSP48 was instantiated in the design, it is suggested to set the PREG attribute to 1.
Related violations: <none>

DPOP-3#58 Warning
PREG Output pipelining  
DSP bd_0_i/hls_inst/inst/grp_k2_perspective_divide_fu_236/mul_32s_32s_64_1_1_U42/tmp_product__0 output bd_0_i/hls_inst/inst/grp_k2_perspective_divide_fu_236/mul_32s_32s_64_1_1_U42/tmp_product__0/P[47:0] is not pipelined (PREG=0). Pipelining the DSP48 output will improve performance and often saves power so it is suggested whenever possible to fully pipeline this function.  If this DSP48 function was inferred, it is suggested to describe an additional register stage after this function.  If the DSP48 was instantiated in the design, it is suggested to set the PREG attribute to 1.
Related violations: <none>

DPOP-3#59 Warning
PREG Output pipelining  
DSP bd_0_i/hls_inst/inst/grp_k2_perspective_divide_fu_236/mul_32s_32s_64_1_1_U42/tmp_product__1 output bd_0_i/hls_inst/inst/grp_k2_perspective_divide_fu_236/mul_32s_32s_64_1_1_U42/tmp_product__1/P[47:0] is not pipelined (PREG=0). Pipelining the DSP48 output will improve performance and often saves power so it is suggested whenever possible to fully pipeline this function.  If this DSP48 function was inferred, it is suggested to describe an additional register stage after this function.  If the DSP48 was instantiated in the design, it is suggested to set the PREG attribute to 1.
Related violations: <none>

DPOP-3#60 Warning
PREG Output pipelining  
DSP bd_0_i/hls_inst/inst/grp_k2_perspective_divide_fu_236/mul_32s_32s_64_1_1_U42/tmp_product__2 output bd_0_i/hls_inst/inst/grp_k2_perspective_divide_fu_236/mul_32s_32s_64_1_1_U42/tmp_product__2/P[47:0] is not pipelined (PREG=0). Pipelining the DSP48 output will improve performance and often saves power so it is suggested whenever possible to fully pipeline this function.  If this DSP48 function was inferred, it is suggested to describe an additional register stage after this function.  If the DSP48 was instantiated in the design, it is suggested to set the PREG attribute to 1.
Related violations: <none>

DPOP-3#61 Warning
PREG Output pipelining  
DSP bd_0_i/hls_inst/inst/grp_k4_rasterize_fu_348/mul_32ns_32s_63_1_1_U100/tmp_product output bd_0_i/hls_inst/inst/grp_k4_rasterize_fu_348/mul_32ns_32s_63_1_1_U100/tmp_product/P[47:0] is not pipelined (PREG=0). Pipelining the DSP48 output will improve performance and often saves power so it is suggested whenever possible to fully pipeline this function.  If this DSP48 function was inferred, it is suggested to describe an additional register stage after this function.  If the DSP48 was instantiated in the design, it is suggested to set the PREG attribute to 1.
Related violations: <none>

DPOP-3#62 Warning
PREG Output pipelining  
DSP bd_0_i/hls_inst/inst/grp_k4_rasterize_fu_348/mul_32ns_32s_63_1_1_U100/tmp_product__0 output bd_0_i/hls_inst/inst/grp_k4_rasterize_fu_348/mul_32ns_32s_63_1_1_U100/tmp_product__0/P[47:0] is not pipelined (PREG=0). Pipelining the DSP48 output will improve performance and often saves power so it is suggested whenever possible to fully pipeline this function.  If this DSP48 function was inferred, it is suggested to describe an additional register stage after this function.  If the DSP48 was instantiated in the design, it is suggested to set the PREG attribute to 1.
Related violations: <none>

DPOP-3#63 Warning
PREG Output pipelining  
DSP bd_0_i/hls_inst/inst/grp_k4_rasterize_fu_348/mul_32ns_32s_63_1_1_U100/tmp_product__1 output bd_0_i/hls_inst/inst/grp_k4_rasterize_fu_348/mul_32ns_32s_63_1_1_U100/tmp_product__1/P[47:0] is not pipelined (PREG=0). Pipelining the DSP48 output will improve performance and often saves power so it is suggested whenever possible to fully pipeline this function.  If this DSP48 function was inferred, it is suggested to describe an additional register stage after this function.  If the DSP48 was instantiated in the design, it is suggested to set the PREG attribute to 1.
Related violations: <none>

DPOP-3#64 Warning
PREG Output pipelining  
DSP bd_0_i/hls_inst/inst/grp_k4_rasterize_fu_348/mul_32ns_32s_63_1_1_U100/tmp_product__2 output bd_0_i/hls_inst/inst/grp_k4_rasterize_fu_348/mul_32ns_32s_63_1_1_U100/tmp_product__2/P[47:0] is not pipelined (PREG=0). Pipelining the DSP48 output will improve performance and often saves power so it is suggested whenever possible to fully pipeline this function.  If this DSP48 function was inferred, it is suggested to describe an additional register stage after this function.  If the DSP48 was instantiated in the design, it is suggested to set the PREG attribute to 1.
Related violations: <none>

DPOP-3#65 Warning
PREG Output pipelining  
DSP bd_0_i/hls_inst/inst/grp_k4_rasterize_fu_348/mul_32ns_32s_63_1_1_U101/tmp_product output bd_0_i/hls_inst/inst/grp_k4_rasterize_fu_348/mul_32ns_32s_63_1_1_U101/tmp_product/P[47:0] is not pipelined (PREG=0). Pipelining the DSP48 output will improve performance and often saves power so it is suggested whenever possible to fully pipeline this function.  If this DSP48 function was inferred, it is suggested to describe an additional register stage after this function.  If the DSP48 was instantiated in the design, it is suggested to set the PREG attribute to 1.
Related violations: <none>

DPOP-3#66 Warning
PREG Output pipelining  
DSP bd_0_i/hls_inst/inst/grp_k4_rasterize_fu_348/mul_32ns_32s_63_1_1_U101/tmp_product__0 output bd_0_i/hls_inst/inst/grp_k4_rasterize_fu_348/mul_32ns_32s_63_1_1_U101/tmp_product__0/P[47:0] is not pipelined (PREG=0). Pipelining the DSP48 output will improve performance and often saves power so it is suggested whenever possible to fully pipeline this function.  If this DSP48 function was inferred, it is suggested to describe an additional register stage after this function.  If the DSP48 was instantiated in the design, it is suggested to set the PREG attribute to 1.
Related violations: <none>

DPOP-3#67 Warning
PREG Output pipelining  
DSP bd_0_i/hls_inst/inst/grp_k4_rasterize_fu_348/mul_32ns_32s_63_1_1_U101/tmp_product__1 output bd_0_i/hls_inst/inst/grp_k4_rasterize_fu_348/mul_32ns_32s_63_1_1_U101/tmp_product__1/P[47:0] is not pipelined (PREG=0). Pipelining the DSP48 output will improve performance and often saves power so it is suggested whenever possible to fully pipeline this function.  If this DSP48 function was inferred, it is suggested to describe an additional register stage after this function.  If the DSP48 was instantiated in the design, it is suggested to set the PREG attribute to 1.
Related violations: <none>

DPOP-3#68 Warning
PREG Output pipelining  
DSP bd_0_i/hls_inst/inst/grp_k4_rasterize_fu_348/mul_32ns_32s_63_1_1_U101/tmp_product__2 output bd_0_i/hls_inst/inst/grp_k4_rasterize_fu_348/mul_32ns_32s_63_1_1_U101/tmp_product__2/P[47:0] is not pipelined (PREG=0). Pipelining the DSP48 output will improve performance and often saves power so it is suggested whenever possible to fully pipeline this function.  If this DSP48 function was inferred, it is suggested to describe an additional register stage after this function.  If the DSP48 was instantiated in the design, it is suggested to set the PREG attribute to 1.
Related violations: <none>

DPOP-3#69 Warning
PREG Output pipelining  
DSP bd_0_i/hls_inst/inst/grp_k4_rasterize_fu_348/mul_32ns_32s_63_1_1_U99/tmp_product output bd_0_i/hls_inst/inst/grp_k4_rasterize_fu_348/mul_32ns_32s_63_1_1_U99/tmp_product/P[47:0] is not pipelined (PREG=0). Pipelining the DSP48 output will improve performance and often saves power so it is suggested whenever possible to fully pipeline this function.  If this DSP48 function was inferred, it is suggested to describe an additional register stage after this function.  If the DSP48 was instantiated in the design, it is suggested to set the PREG attribute to 1.
Related violations: <none>

DPOP-3#70 Warning
PREG Output pipelining  
DSP bd_0_i/hls_inst/inst/grp_k4_rasterize_fu_348/mul_32ns_32s_63_1_1_U99/tmp_product__0 output bd_0_i/hls_inst/inst/grp_k4_rasterize_fu_348/mul_32ns_32s_63_1_1_U99/tmp_product__0/P[47:0] is not pipelined (PREG=0). Pipelining the DSP48 output will improve performance and often saves power so it is suggested whenever possible to fully pipeline this function.  If this DSP48 function was inferred, it is suggested to describe an additional register stage after this function.  If the DSP48 was instantiated in the design, it is suggested to set the PREG attribute to 1.
Related violations: <none>

DPOP-3#71 Warning
PREG Output pipelining  
DSP bd_0_i/hls_inst/inst/grp_k4_rasterize_fu_348/mul_32ns_32s_63_1_1_U99/tmp_product__1 output bd_0_i/hls_inst/inst/grp_k4_rasterize_fu_348/mul_32ns_32s_63_1_1_U99/tmp_product__1/P[47:0] is not pipelined (PREG=0). Pipelining the DSP48 output will improve performance and often saves power so it is suggested whenever possible to fully pipeline this function.  If this DSP48 function was inferred, it is suggested to describe an additional register stage after this function.  If the DSP48 was instantiated in the design, it is suggested to set the PREG attribute to 1.
Related violations: <none>

DPOP-3#72 Warning
PREG Output pipelining  
DSP bd_0_i/hls_inst/inst/grp_k4_rasterize_fu_348/mul_32ns_32s_63_1_1_U99/tmp_product__2 output bd_0_i/hls_inst/inst/grp_k4_rasterize_fu_348/mul_32ns_32s_63_1_1_U99/tmp_product__2/P[47:0] is not pipelined (PREG=0). Pipelining the DSP48 output will improve performance and often saves power so it is suggested whenever possible to fully pipeline this function.  If this DSP48 function was inferred, it is suggested to describe an additional register stage after this function.  If the DSP48 was instantiated in the design, it is suggested to set the PREG attribute to 1.
Related violations: <none>

DPOP-3#73 Warning
PREG Output pipelining  
DSP bd_0_i/hls_inst/inst/grp_k4_rasterize_fu_348/mul_32s_32s_64_1_1_U102/tmp_product output bd_0_i/hls_inst/inst/grp_k4_rasterize_fu_348/mul_32s_32s_64_1_1_U102/tmp_product/P[47:0] is not pipelined (PREG=0). Pipelining the DSP48 output will improve performance and often saves power so it is suggested whenever possible to fully pipeline this function.  If this DSP48 function was inferred, it is suggested to describe an additional register stage after this function.  If the DSP48 was instantiated in the design, it is suggested to set the PREG attribute to 1.
Related violations: <none>

DPOP-3#74 Warning
PREG Output pipelining  
DSP bd_0_i/hls_inst/inst/grp_k4_rasterize_fu_348/mul_32s_32s_64_1_1_U102/tmp_product__0 output bd_0_i/hls_inst/inst/grp_k4_rasterize_fu_348/mul_32s_32s_64_1_1_U102/tmp_product__0/P[47:0] is not pipelined (PREG=0). Pipelining the DSP48 output will improve performance and often saves power so it is suggested whenever possible to fully pipeline this function.  If this DSP48 function was inferred, it is suggested to describe an additional register stage after this function.  If the DSP48 was instantiated in the design, it is suggested to set the PREG attribute to 1.
Related violations: <none>

DPOP-3#75 Warning
PREG Output pipelining  
DSP bd_0_i/hls_inst/inst/grp_k4_rasterize_fu_348/mul_32s_32s_64_1_1_U102/tmp_product__1 output bd_0_i/hls_inst/inst/grp_k4_rasterize_fu_348/mul_32s_32s_64_1_1_U102/tmp_product__1/P[47:0] is not pipelined (PREG=0). Pipelining the DSP48 output will improve performance and often saves power so it is suggested whenever possible to fully pipeline this function.  If this DSP48 function was inferred, it is suggested to describe an additional register stage after this function.  If the DSP48 was instantiated in the design, it is suggested to set the PREG attribute to 1.
Related violations: <none>

DPOP-3#76 Warning
PREG Output pipelining  
DSP bd_0_i/hls_inst/inst/grp_k4_rasterize_fu_348/mul_32s_32s_64_1_1_U102/tmp_product__2 output bd_0_i/hls_inst/inst/grp_k4_rasterize_fu_348/mul_32s_32s_64_1_1_U102/tmp_product__2/P[47:0] is not pipelined (PREG=0). Pipelining the DSP48 output will improve performance and often saves power so it is suggested whenever possible to fully pipeline this function.  If this DSP48 function was inferred, it is suggested to describe an additional register stage after this function.  If the DSP48 was instantiated in the design, it is suggested to set the PREG attribute to 1.
Related violations: <none>

DPOP-3#77 Warning
PREG Output pipelining  
DSP bd_0_i/hls_inst/inst/grp_k4_rasterize_fu_348/mul_32s_32s_64_1_1_U103/tmp_product output bd_0_i/hls_inst/inst/grp_k4_rasterize_fu_348/mul_32s_32s_64_1_1_U103/tmp_product/P[47:0] is not pipelined (PREG=0). Pipelining the DSP48 output will improve performance and often saves power so it is suggested whenever possible to fully pipeline this function.  If this DSP48 function was inferred, it is suggested to describe an additional register stage after this function.  If the DSP48 was instantiated in the design, it is suggested to set the PREG attribute to 1.
Related violations: <none>

DPOP-3#78 Warning
PREG Output pipelining  
DSP bd_0_i/hls_inst/inst/grp_k4_rasterize_fu_348/mul_32s_32s_64_1_1_U103/tmp_product__0 output bd_0_i/hls_inst/inst/grp_k4_rasterize_fu_348/mul_32s_32s_64_1_1_U103/tmp_product__0/P[47:0] is not pipelined (PREG=0). Pipelining the DSP48 output will improve performance and often saves power so it is suggested whenever possible to fully pipeline this function.  If this DSP48 function was inferred, it is suggested to describe an additional register stage after this function.  If the DSP48 was instantiated in the design, it is suggested to set the PREG attribute to 1.
Related violations: <none>

DPOP-3#79 Warning
PREG Output pipelining  
DSP bd_0_i/hls_inst/inst/grp_k4_rasterize_fu_348/mul_32s_32s_64_1_1_U103/tmp_product__1 output bd_0_i/hls_inst/inst/grp_k4_rasterize_fu_348/mul_32s_32s_64_1_1_U103/tmp_product__1/P[47:0] is not pipelined (PREG=0). Pipelining the DSP48 output will improve performance and often saves power so it is suggested whenever possible to fully pipeline this function.  If this DSP48 function was inferred, it is suggested to describe an additional register stage after this function.  If the DSP48 was instantiated in the design, it is suggested to set the PREG attribute to 1.
Related violations: <none>

DPOP-3#80 Warning
PREG Output pipelining  
DSP bd_0_i/hls_inst/inst/grp_k4_rasterize_fu_348/mul_32s_32s_64_1_1_U103/tmp_product__2 output bd_0_i/hls_inst/inst/grp_k4_rasterize_fu_348/mul_32s_32s_64_1_1_U103/tmp_product__2/P[47:0] is not pipelined (PREG=0). Pipelining the DSP48 output will improve performance and often saves power so it is suggested whenever possible to fully pipeline this function.  If this DSP48 function was inferred, it is suggested to describe an additional register stage after this function.  If the DSP48 was instantiated in the design, it is suggested to set the PREG attribute to 1.
Related violations: <none>

DPOP-3#81 Warning
PREG Output pipelining  
DSP bd_0_i/hls_inst/inst/grp_k4_rasterize_fu_348/mul_32s_32s_64_1_1_U104/tmp_product output bd_0_i/hls_inst/inst/grp_k4_rasterize_fu_348/mul_32s_32s_64_1_1_U104/tmp_product/P[47:0] is not pipelined (PREG=0). Pipelining the DSP48 output will improve performance and often saves power so it is suggested whenever possible to fully pipeline this function.  If this DSP48 function was inferred, it is suggested to describe an additional register stage after this function.  If the DSP48 was instantiated in the design, it is suggested to set the PREG attribute to 1.
Related violations: <none>

DPOP-3#82 Warning
PREG Output pipelining  
DSP bd_0_i/hls_inst/inst/grp_k4_rasterize_fu_348/mul_32s_32s_64_1_1_U104/tmp_product__0 output bd_0_i/hls_inst/inst/grp_k4_rasterize_fu_348/mul_32s_32s_64_1_1_U104/tmp_product__0/P[47:0] is not pipelined (PREG=0). Pipelining the DSP48 output will improve performance and often saves power so it is suggested whenever possible to fully pipeline this function.  If this DSP48 function was inferred, it is suggested to describe an additional register stage after this function.  If the DSP48 was instantiated in the design, it is suggested to set the PREG attribute to 1.
Related violations: <none>

DPOP-3#83 Warning
PREG Output pipelining  
DSP bd_0_i/hls_inst/inst/grp_k4_rasterize_fu_348/mul_32s_32s_64_1_1_U104/tmp_product__1 output bd_0_i/hls_inst/inst/grp_k4_rasterize_fu_348/mul_32s_32s_64_1_1_U104/tmp_product__1/P[47:0] is not pipelined (PREG=0). Pipelining the DSP48 output will improve performance and often saves power so it is suggested whenever possible to fully pipeline this function.  If this DSP48 function was inferred, it is suggested to describe an additional register stage after this function.  If the DSP48 was instantiated in the design, it is suggested to set the PREG attribute to 1.
Related violations: <none>

DPOP-3#84 Warning
PREG Output pipelining  
DSP bd_0_i/hls_inst/inst/grp_k4_rasterize_fu_348/mul_32s_32s_64_1_1_U104/tmp_product__2 output bd_0_i/hls_inst/inst/grp_k4_rasterize_fu_348/mul_32s_32s_64_1_1_U104/tmp_product__2/P[47:0] is not pipelined (PREG=0). Pipelining the DSP48 output will improve performance and often saves power so it is suggested whenever possible to fully pipeline this function.  If this DSP48 function was inferred, it is suggested to describe an additional register stage after this function.  If the DSP48 was instantiated in the design, it is suggested to set the PREG attribute to 1.
Related violations: <none>

DPOP-3#85 Warning
PREG Output pipelining  
DSP bd_0_i/hls_inst/inst/grp_k4_rasterize_fu_348/mul_32s_32s_64_1_1_U105/tmp_product output bd_0_i/hls_inst/inst/grp_k4_rasterize_fu_348/mul_32s_32s_64_1_1_U105/tmp_product/P[47:0] is not pipelined (PREG=0). Pipelining the DSP48 output will improve performance and often saves power so it is suggested whenever possible to fully pipeline this function.  If this DSP48 function was inferred, it is suggested to describe an additional register stage after this function.  If the DSP48 was instantiated in the design, it is suggested to set the PREG attribute to 1.
Related violations: <none>

DPOP-3#86 Warning
PREG Output pipelining  
DSP bd_0_i/hls_inst/inst/grp_k4_rasterize_fu_348/mul_32s_32s_64_1_1_U105/tmp_product__0 output bd_0_i/hls_inst/inst/grp_k4_rasterize_fu_348/mul_32s_32s_64_1_1_U105/tmp_product__0/P[47:0] is not pipelined (PREG=0). Pipelining the DSP48 output will improve performance and often saves power so it is suggested whenever possible to fully pipeline this function.  If this DSP48 function was inferred, it is suggested to describe an additional register stage after this function.  If the DSP48 was instantiated in the design, it is suggested to set the PREG attribute to 1.
Related violations: <none>

DPOP-3#87 Warning
PREG Output pipelining  
DSP bd_0_i/hls_inst/inst/grp_k4_rasterize_fu_348/mul_32s_32s_64_1_1_U105/tmp_product__1 output bd_0_i/hls_inst/inst/grp_k4_rasterize_fu_348/mul_32s_32s_64_1_1_U105/tmp_product__1/P[47:0] is not pipelined (PREG=0). Pipelining the DSP48 output will improve performance and often saves power so it is suggested whenever possible to fully pipeline this function.  If this DSP48 function was inferred, it is suggested to describe an additional register stage after this function.  If the DSP48 was instantiated in the design, it is suggested to set the PREG attribute to 1.
Related violations: <none>

DPOP-3#88 Warning
PREG Output pipelining  
DSP bd_0_i/hls_inst/inst/grp_k4_rasterize_fu_348/mul_32s_32s_64_1_1_U105/tmp_product__2 output bd_0_i/hls_inst/inst/grp_k4_rasterize_fu_348/mul_32s_32s_64_1_1_U105/tmp_product__2/P[47:0] is not pipelined (PREG=0). Pipelining the DSP48 output will improve performance and often saves power so it is suggested whenever possible to fully pipeline this function.  If this DSP48 function was inferred, it is suggested to describe an additional register stage after this function.  If the DSP48 was instantiated in the design, it is suggested to set the PREG attribute to 1.
Related violations: <none>

DPOP-3#89 Warning
PREG Output pipelining  
DSP bd_0_i/hls_inst/inst/grp_k4_rasterize_fu_348/mul_32s_32s_64_1_1_U106/tmp_product output bd_0_i/hls_inst/inst/grp_k4_rasterize_fu_348/mul_32s_32s_64_1_1_U106/tmp_product/P[47:0] is not pipelined (PREG=0). Pipelining the DSP48 output will improve performance and often saves power so it is suggested whenever possible to fully pipeline this function.  If this DSP48 function was inferred, it is suggested to describe an additional register stage after this function.  If the DSP48 was instantiated in the design, it is suggested to set the PREG attribute to 1.
Related violations: <none>

DPOP-3#90 Warning
PREG Output pipelining  
DSP bd_0_i/hls_inst/inst/grp_k4_rasterize_fu_348/mul_32s_32s_64_1_1_U106/tmp_product__0 output bd_0_i/hls_inst/inst/grp_k4_rasterize_fu_348/mul_32s_32s_64_1_1_U106/tmp_product__0/P[47:0] is not pipelined (PREG=0). Pipelining the DSP48 output will improve performance and often saves power so it is suggested whenever possible to fully pipeline this function.  If this DSP48 function was inferred, it is suggested to describe an additional register stage after this function.  If the DSP48 was instantiated in the design, it is suggested to set the PREG attribute to 1.
Related violations: <none>

DPOP-3#91 Warning
PREG Output pipelining  
DSP bd_0_i/hls_inst/inst/grp_k4_rasterize_fu_348/mul_32s_32s_64_1_1_U106/tmp_product__1 output bd_0_i/hls_inst/inst/grp_k4_rasterize_fu_348/mul_32s_32s_64_1_1_U106/tmp_product__1/P[47:0] is not pipelined (PREG=0). Pipelining the DSP48 output will improve performance and often saves power so it is suggested whenever possible to fully pipeline this function.  If this DSP48 function was inferred, it is suggested to describe an additional register stage after this function.  If the DSP48 was instantiated in the design, it is suggested to set the PREG attribute to 1.
Related violations: <none>

DPOP-3#92 Warning
PREG Output pipelining  
DSP bd_0_i/hls_inst/inst/grp_k4_rasterize_fu_348/mul_32s_32s_64_1_1_U106/tmp_product__2 output bd_0_i/hls_inst/inst/grp_k4_rasterize_fu_348/mul_32s_32s_64_1_1_U106/tmp_product__2/P[47:0] is not pipelined (PREG=0). Pipelining the DSP48 output will improve performance and often saves power so it is suggested whenever possible to fully pipeline this function.  If this DSP48 function was inferred, it is suggested to describe an additional register stage after this function.  If the DSP48 was instantiated in the design, it is suggested to set the PREG attribute to 1.
Related violations: <none>

DPOP-3#93 Warning
PREG Output pipelining  
DSP bd_0_i/hls_inst/inst/grp_k4_rasterize_fu_348/mul_32s_32s_64_1_1_U107/tmp_product output bd_0_i/hls_inst/inst/grp_k4_rasterize_fu_348/mul_32s_32s_64_1_1_U107/tmp_product/P[47:0] is not pipelined (PREG=0). Pipelining the DSP48 output will improve performance and often saves power so it is suggested whenever possible to fully pipeline this function.  If this DSP48 function was inferred, it is suggested to describe an additional register stage after this function.  If the DSP48 was instantiated in the design, it is suggested to set the PREG attribute to 1.
Related violations: <none>

DPOP-3#94 Warning
PREG Output pipelining  
DSP bd_0_i/hls_inst/inst/grp_k4_rasterize_fu_348/mul_32s_32s_64_1_1_U107/tmp_product__0 output bd_0_i/hls_inst/inst/grp_k4_rasterize_fu_348/mul_32s_32s_64_1_1_U107/tmp_product__0/P[47:0] is not pipelined (PREG=0). Pipelining the DSP48 output will improve performance and often saves power so it is suggested whenever possible to fully pipeline this function.  If this DSP48 function was inferred, it is suggested to describe an additional register stage after this function.  If the DSP48 was instantiated in the design, it is suggested to set the PREG attribute to 1.
Related violations: <none>

DPOP-3#95 Warning
PREG Output pipelining  
DSP bd_0_i/hls_inst/inst/grp_k4_rasterize_fu_348/mul_32s_32s_64_1_1_U107/tmp_product__1 output bd_0_i/hls_inst/inst/grp_k4_rasterize_fu_348/mul_32s_32s_64_1_1_U107/tmp_product__1/P[47:0] is not pipelined (PREG=0). Pipelining the DSP48 output will improve performance and often saves power so it is suggested whenever possible to fully pipeline this function.  If this DSP48 function was inferred, it is suggested to describe an additional register stage after this function.  If the DSP48 was instantiated in the design, it is suggested to set the PREG attribute to 1.
Related violations: <none>

DPOP-3#96 Warning
PREG Output pipelining  
DSP bd_0_i/hls_inst/inst/grp_k4_rasterize_fu_348/mul_32s_32s_64_1_1_U107/tmp_product__2 output bd_0_i/hls_inst/inst/grp_k4_rasterize_fu_348/mul_32s_32s_64_1_1_U107/tmp_product__2/P[47:0] is not pipelined (PREG=0). Pipelining the DSP48 output will improve performance and often saves power so it is suggested whenever possible to fully pipeline this function.  If this DSP48 function was inferred, it is suggested to describe an additional register stage after this function.  If the DSP48 was instantiated in the design, it is suggested to set the PREG attribute to 1.
Related violations: <none>

DPOP-4#1 Warning
MREG Output pipelining  
DSP bd_0_i/hls_inst/inst/grp_k1_vertex_transform_fu_180/mul_32s_32s_64_1_1_U1/tmp_product multiplier stage bd_0_i/hls_inst/inst/grp_k1_vertex_transform_fu_180/mul_32s_32s_64_1_1_U1/tmp_product/P[47:0] is not pipelined (MREG=0). Pipelining the multiplier function will improve performance and will save significant power so it is suggested whenever possible to fully pipeline this function.  If this multiplier was inferred, it is suggested to describe an additional register stage after this function.  If there is no registered adder/accumulator following the multiply function, two pipeline stages are suggested to allow both the MREG and PREG registers to be used.  If the DSP48 was instantiated in the design, it is suggested to set both the MREG and PREG attributes to 1 when performing multiply functions.
Related violations: <none>

DPOP-4#2 Warning
MREG Output pipelining  
DSP bd_0_i/hls_inst/inst/grp_k1_vertex_transform_fu_180/mul_32s_32s_64_1_1_U1/tmp_product__0 multiplier stage bd_0_i/hls_inst/inst/grp_k1_vertex_transform_fu_180/mul_32s_32s_64_1_1_U1/tmp_product__0/P[47:0] is not pipelined (MREG=0). Pipelining the multiplier function will improve performance and will save significant power so it is suggested whenever possible to fully pipeline this function.  If this multiplier was inferred, it is suggested to describe an additional register stage after this function.  If there is no registered adder/accumulator following the multiply function, two pipeline stages are suggested to allow both the MREG and PREG registers to be used.  If the DSP48 was instantiated in the design, it is suggested to set both the MREG and PREG attributes to 1 when performing multiply functions.
Related violations: <none>

DPOP-4#3 Warning
MREG Output pipelining  
DSP bd_0_i/hls_inst/inst/grp_k1_vertex_transform_fu_180/mul_32s_32s_64_1_1_U1/tmp_product__1 multiplier stage bd_0_i/hls_inst/inst/grp_k1_vertex_transform_fu_180/mul_32s_32s_64_1_1_U1/tmp_product__1/P[47:0] is not pipelined (MREG=0). Pipelining the multiplier function will improve performance and will save significant power so it is suggested whenever possible to fully pipeline this function.  If this multiplier was inferred, it is suggested to describe an additional register stage after this function.  If there is no registered adder/accumulator following the multiply function, two pipeline stages are suggested to allow both the MREG and PREG registers to be used.  If the DSP48 was instantiated in the design, it is suggested to set both the MREG and PREG attributes to 1 when performing multiply functions.
Related violations: <none>

DPOP-4#4 Warning
MREG Output pipelining  
DSP bd_0_i/hls_inst/inst/grp_k1_vertex_transform_fu_180/mul_32s_32s_64_1_1_U1/tmp_product__2 multiplier stage bd_0_i/hls_inst/inst/grp_k1_vertex_transform_fu_180/mul_32s_32s_64_1_1_U1/tmp_product__2/P[47:0] is not pipelined (MREG=0). Pipelining the multiplier function will improve performance and will save significant power so it is suggested whenever possible to fully pipeline this function.  If this multiplier was inferred, it is suggested to describe an additional register stage after this function.  If there is no registered adder/accumulator following the multiply function, two pipeline stages are suggested to allow both the MREG and PREG registers to be used.  If the DSP48 was instantiated in the design, it is suggested to set both the MREG and PREG attributes to 1 when performing multiply functions.
Related violations: <none>

DPOP-4#5 Warning
MREG Output pipelining  
DSP bd_0_i/hls_inst/inst/grp_k1_vertex_transform_fu_180/mul_32s_32s_64_1_1_U10/tmp_product multiplier stage bd_0_i/hls_inst/inst/grp_k1_vertex_transform_fu_180/mul_32s_32s_64_1_1_U10/tmp_product/P[47:0] is not pipelined (MREG=0). Pipelining the multiplier function will improve performance and will save significant power so it is suggested whenever possible to fully pipeline this function.  If this multiplier was inferred, it is suggested to describe an additional register stage after this function.  If there is no registered adder/accumulator following the multiply function, two pipeline stages are suggested to allow both the MREG and PREG registers to be used.  If the DSP48 was instantiated in the design, it is suggested to set both the MREG and PREG attributes to 1 when performing multiply functions.
Related violations: <none>

DPOP-4#6 Warning
MREG Output pipelining  
DSP bd_0_i/hls_inst/inst/grp_k1_vertex_transform_fu_180/mul_32s_32s_64_1_1_U10/tmp_product__0 multiplier stage bd_0_i/hls_inst/inst/grp_k1_vertex_transform_fu_180/mul_32s_32s_64_1_1_U10/tmp_product__0/P[47:0] is not pipelined (MREG=0). Pipelining the multiplier function will improve performance and will save significant power so it is suggested whenever possible to fully pipeline this function.  If this multiplier was inferred, it is suggested to describe an additional register stage after this function.  If there is no registered adder/accumulator following the multiply function, two pipeline stages are suggested to allow both the MREG and PREG registers to be used.  If the DSP48 was instantiated in the design, it is suggested to set both the MREG and PREG attributes to 1 when performing multiply functions.
Related violations: <none>

DPOP-4#7 Warning
MREG Output pipelining  
DSP bd_0_i/hls_inst/inst/grp_k1_vertex_transform_fu_180/mul_32s_32s_64_1_1_U10/tmp_product__1 multiplier stage bd_0_i/hls_inst/inst/grp_k1_vertex_transform_fu_180/mul_32s_32s_64_1_1_U10/tmp_product__1/P[47:0] is not pipelined (MREG=0). Pipelining the multiplier function will improve performance and will save significant power so it is suggested whenever possible to fully pipeline this function.  If this multiplier was inferred, it is suggested to describe an additional register stage after this function.  If there is no registered adder/accumulator following the multiply function, two pipeline stages are suggested to allow both the MREG and PREG registers to be used.  If the DSP48 was instantiated in the design, it is suggested to set both the MREG and PREG attributes to 1 when performing multiply functions.
Related violations: <none>

DPOP-4#8 Warning
MREG Output pipelining  
DSP bd_0_i/hls_inst/inst/grp_k1_vertex_transform_fu_180/mul_32s_32s_64_1_1_U10/tmp_product__2 multiplier stage bd_0_i/hls_inst/inst/grp_k1_vertex_transform_fu_180/mul_32s_32s_64_1_1_U10/tmp_product__2/P[47:0] is not pipelined (MREG=0). Pipelining the multiplier function will improve performance and will save significant power so it is suggested whenever possible to fully pipeline this function.  If this multiplier was inferred, it is suggested to describe an additional register stage after this function.  If there is no registered adder/accumulator following the multiply function, two pipeline stages are suggested to allow both the MREG and PREG registers to be used.  If the DSP48 was instantiated in the design, it is suggested to set both the MREG and PREG attributes to 1 when performing multiply functions.
Related violations: <none>

DPOP-4#9 Warning
MREG Output pipelining  
DSP bd_0_i/hls_inst/inst/grp_k1_vertex_transform_fu_180/mul_32s_32s_64_1_1_U11/tmp_product multiplier stage bd_0_i/hls_inst/inst/grp_k1_vertex_transform_fu_180/mul_32s_32s_64_1_1_U11/tmp_product/P[47:0] is not pipelined (MREG=0). Pipelining the multiplier function will improve performance and will save significant power so it is suggested whenever possible to fully pipeline this function.  If this multiplier was inferred, it is suggested to describe an additional register stage after this function.  If there is no registered adder/accumulator following the multiply function, two pipeline stages are suggested to allow both the MREG and PREG registers to be used.  If the DSP48 was instantiated in the design, it is suggested to set both the MREG and PREG attributes to 1 when performing multiply functions.
Related violations: <none>

DPOP-4#10 Warning
MREG Output pipelining  
DSP bd_0_i/hls_inst/inst/grp_k1_vertex_transform_fu_180/mul_32s_32s_64_1_1_U11/tmp_product__0 multiplier stage bd_0_i/hls_inst/inst/grp_k1_vertex_transform_fu_180/mul_32s_32s_64_1_1_U11/tmp_product__0/P[47:0] is not pipelined (MREG=0). Pipelining the multiplier function will improve performance and will save significant power so it is suggested whenever possible to fully pipeline this function.  If this multiplier was inferred, it is suggested to describe an additional register stage after this function.  If there is no registered adder/accumulator following the multiply function, two pipeline stages are suggested to allow both the MREG and PREG registers to be used.  If the DSP48 was instantiated in the design, it is suggested to set both the MREG and PREG attributes to 1 when performing multiply functions.
Related violations: <none>

DPOP-4#11 Warning
MREG Output pipelining  
DSP bd_0_i/hls_inst/inst/grp_k1_vertex_transform_fu_180/mul_32s_32s_64_1_1_U11/tmp_product__1 multiplier stage bd_0_i/hls_inst/inst/grp_k1_vertex_transform_fu_180/mul_32s_32s_64_1_1_U11/tmp_product__1/P[47:0] is not pipelined (MREG=0). Pipelining the multiplier function will improve performance and will save significant power so it is suggested whenever possible to fully pipeline this function.  If this multiplier was inferred, it is suggested to describe an additional register stage after this function.  If there is no registered adder/accumulator following the multiply function, two pipeline stages are suggested to allow both the MREG and PREG registers to be used.  If the DSP48 was instantiated in the design, it is suggested to set both the MREG and PREG attributes to 1 when performing multiply functions.
Related violations: <none>

DPOP-4#12 Warning
MREG Output pipelining  
DSP bd_0_i/hls_inst/inst/grp_k1_vertex_transform_fu_180/mul_32s_32s_64_1_1_U11/tmp_product__2 multiplier stage bd_0_i/hls_inst/inst/grp_k1_vertex_transform_fu_180/mul_32s_32s_64_1_1_U11/tmp_product__2/P[47:0] is not pipelined (MREG=0). Pipelining the multiplier function will improve performance and will save significant power so it is suggested whenever possible to fully pipeline this function.  If this multiplier was inferred, it is suggested to describe an additional register stage after this function.  If there is no registered adder/accumulator following the multiply function, two pipeline stages are suggested to allow both the MREG and PREG registers to be used.  If the DSP48 was instantiated in the design, it is suggested to set both the MREG and PREG attributes to 1 when performing multiply functions.
Related violations: <none>

DPOP-4#13 Warning
MREG Output pipelining  
DSP bd_0_i/hls_inst/inst/grp_k1_vertex_transform_fu_180/mul_32s_32s_64_1_1_U12/tmp_product multiplier stage bd_0_i/hls_inst/inst/grp_k1_vertex_transform_fu_180/mul_32s_32s_64_1_1_U12/tmp_product/P[47:0] is not pipelined (MREG=0). Pipelining the multiplier function will improve performance and will save significant power so it is suggested whenever possible to fully pipeline this function.  If this multiplier was inferred, it is suggested to describe an additional register stage after this function.  If there is no registered adder/accumulator following the multiply function, two pipeline stages are suggested to allow both the MREG and PREG registers to be used.  If the DSP48 was instantiated in the design, it is suggested to set both the MREG and PREG attributes to 1 when performing multiply functions.
Related violations: <none>

DPOP-4#14 Warning
MREG Output pipelining  
DSP bd_0_i/hls_inst/inst/grp_k1_vertex_transform_fu_180/mul_32s_32s_64_1_1_U12/tmp_product__0 multiplier stage bd_0_i/hls_inst/inst/grp_k1_vertex_transform_fu_180/mul_32s_32s_64_1_1_U12/tmp_product__0/P[47:0] is not pipelined (MREG=0). Pipelining the multiplier function will improve performance and will save significant power so it is suggested whenever possible to fully pipeline this function.  If this multiplier was inferred, it is suggested to describe an additional register stage after this function.  If there is no registered adder/accumulator following the multiply function, two pipeline stages are suggested to allow both the MREG and PREG registers to be used.  If the DSP48 was instantiated in the design, it is suggested to set both the MREG and PREG attributes to 1 when performing multiply functions.
Related violations: <none>

DPOP-4#15 Warning
MREG Output pipelining  
DSP bd_0_i/hls_inst/inst/grp_k1_vertex_transform_fu_180/mul_32s_32s_64_1_1_U12/tmp_product__1 multiplier stage bd_0_i/hls_inst/inst/grp_k1_vertex_transform_fu_180/mul_32s_32s_64_1_1_U12/tmp_product__1/P[47:0] is not pipelined (MREG=0). Pipelining the multiplier function will improve performance and will save significant power so it is suggested whenever possible to fully pipeline this function.  If this multiplier was inferred, it is suggested to describe an additional register stage after this function.  If there is no registered adder/accumulator following the multiply function, two pipeline stages are suggested to allow both the MREG and PREG registers to be used.  If the DSP48 was instantiated in the design, it is suggested to set both the MREG and PREG attributes to 1 when performing multiply functions.
Related violations: <none>

DPOP-4#16 Warning
MREG Output pipelining  
DSP bd_0_i/hls_inst/inst/grp_k1_vertex_transform_fu_180/mul_32s_32s_64_1_1_U12/tmp_product__2 multiplier stage bd_0_i/hls_inst/inst/grp_k1_vertex_transform_fu_180/mul_32s_32s_64_1_1_U12/tmp_product__2/P[47:0] is not pipelined (MREG=0). Pipelining the multiplier function will improve performance and will save significant power so it is suggested whenever possible to fully pipeline this function.  If this multiplier was inferred, it is suggested to describe an additional register stage after this function.  If there is no registered adder/accumulator following the multiply function, two pipeline stages are suggested to allow both the MREG and PREG registers to be used.  If the DSP48 was instantiated in the design, it is suggested to set both the MREG and PREG attributes to 1 when performing multiply functions.
Related violations: <none>

DPOP-4#17 Warning
MREG Output pipelining  
DSP bd_0_i/hls_inst/inst/grp_k1_vertex_transform_fu_180/mul_32s_32s_64_1_1_U2/tmp_product multiplier stage bd_0_i/hls_inst/inst/grp_k1_vertex_transform_fu_180/mul_32s_32s_64_1_1_U2/tmp_product/P[47:0] is not pipelined (MREG=0). Pipelining the multiplier function will improve performance and will save significant power so it is suggested whenever possible to fully pipeline this function.  If this multiplier was inferred, it is suggested to describe an additional register stage after this function.  If there is no registered adder/accumulator following the multiply function, two pipeline stages are suggested to allow both the MREG and PREG registers to be used.  If the DSP48 was instantiated in the design, it is suggested to set both the MREG and PREG attributes to 1 when performing multiply functions.
Related violations: <none>

DPOP-4#18 Warning
MREG Output pipelining  
DSP bd_0_i/hls_inst/inst/grp_k1_vertex_transform_fu_180/mul_32s_32s_64_1_1_U2/tmp_product__0 multiplier stage bd_0_i/hls_inst/inst/grp_k1_vertex_transform_fu_180/mul_32s_32s_64_1_1_U2/tmp_product__0/P[47:0] is not pipelined (MREG=0). Pipelining the multiplier function will improve performance and will save significant power so it is suggested whenever possible to fully pipeline this function.  If this multiplier was inferred, it is suggested to describe an additional register stage after this function.  If there is no registered adder/accumulator following the multiply function, two pipeline stages are suggested to allow both the MREG and PREG registers to be used.  If the DSP48 was instantiated in the design, it is suggested to set both the MREG and PREG attributes to 1 when performing multiply functions.
Related violations: <none>

DPOP-4#19 Warning
MREG Output pipelining  
DSP bd_0_i/hls_inst/inst/grp_k1_vertex_transform_fu_180/mul_32s_32s_64_1_1_U2/tmp_product__1 multiplier stage bd_0_i/hls_inst/inst/grp_k1_vertex_transform_fu_180/mul_32s_32s_64_1_1_U2/tmp_product__1/P[47:0] is not pipelined (MREG=0). Pipelining the multiplier function will improve performance and will save significant power so it is suggested whenever possible to fully pipeline this function.  If this multiplier was inferred, it is suggested to describe an additional register stage after this function.  If there is no registered adder/accumulator following the multiply function, two pipeline stages are suggested to allow both the MREG and PREG registers to be used.  If the DSP48 was instantiated in the design, it is suggested to set both the MREG and PREG attributes to 1 when performing multiply functions.
Related violations: <none>

DPOP-4#20 Warning
MREG Output pipelining  
DSP bd_0_i/hls_inst/inst/grp_k1_vertex_transform_fu_180/mul_32s_32s_64_1_1_U2/tmp_product__2 multiplier stage bd_0_i/hls_inst/inst/grp_k1_vertex_transform_fu_180/mul_32s_32s_64_1_1_U2/tmp_product__2/P[47:0] is not pipelined (MREG=0). Pipelining the multiplier function will improve performance and will save significant power so it is suggested whenever possible to fully pipeline this function.  If this multiplier was inferred, it is suggested to describe an additional register stage after this function.  If there is no registered adder/accumulator following the multiply function, two pipeline stages are suggested to allow both the MREG and PREG registers to be used.  If the DSP48 was instantiated in the design, it is suggested to set both the MREG and PREG attributes to 1 when performing multiply functions.
Related violations: <none>

DPOP-4#21 Warning
MREG Output pipelining  
DSP bd_0_i/hls_inst/inst/grp_k1_vertex_transform_fu_180/mul_32s_32s_64_1_1_U3/tmp_product multiplier stage bd_0_i/hls_inst/inst/grp_k1_vertex_transform_fu_180/mul_32s_32s_64_1_1_U3/tmp_product/P[47:0] is not pipelined (MREG=0). Pipelining the multiplier function will improve performance and will save significant power so it is suggested whenever possible to fully pipeline this function.  If this multiplier was inferred, it is suggested to describe an additional register stage after this function.  If there is no registered adder/accumulator following the multiply function, two pipeline stages are suggested to allow both the MREG and PREG registers to be used.  If the DSP48 was instantiated in the design, it is suggested to set both the MREG and PREG attributes to 1 when performing multiply functions.
Related violations: <none>

DPOP-4#22 Warning
MREG Output pipelining  
DSP bd_0_i/hls_inst/inst/grp_k1_vertex_transform_fu_180/mul_32s_32s_64_1_1_U3/tmp_product__0 multiplier stage bd_0_i/hls_inst/inst/grp_k1_vertex_transform_fu_180/mul_32s_32s_64_1_1_U3/tmp_product__0/P[47:0] is not pipelined (MREG=0). Pipelining the multiplier function will improve performance and will save significant power so it is suggested whenever possible to fully pipeline this function.  If this multiplier was inferred, it is suggested to describe an additional register stage after this function.  If there is no registered adder/accumulator following the multiply function, two pipeline stages are suggested to allow both the MREG and PREG registers to be used.  If the DSP48 was instantiated in the design, it is suggested to set both the MREG and PREG attributes to 1 when performing multiply functions.
Related violations: <none>

DPOP-4#23 Warning
MREG Output pipelining  
DSP bd_0_i/hls_inst/inst/grp_k1_vertex_transform_fu_180/mul_32s_32s_64_1_1_U3/tmp_product__1 multiplier stage bd_0_i/hls_inst/inst/grp_k1_vertex_transform_fu_180/mul_32s_32s_64_1_1_U3/tmp_product__1/P[47:0] is not pipelined (MREG=0). Pipelining the multiplier function will improve performance and will save significant power so it is suggested whenever possible to fully pipeline this function.  If this multiplier was inferred, it is suggested to describe an additional register stage after this function.  If there is no registered adder/accumulator following the multiply function, two pipeline stages are suggested to allow both the MREG and PREG registers to be used.  If the DSP48 was instantiated in the design, it is suggested to set both the MREG and PREG attributes to 1 when performing multiply functions.
Related violations: <none>

DPOP-4#24 Warning
MREG Output pipelining  
DSP bd_0_i/hls_inst/inst/grp_k1_vertex_transform_fu_180/mul_32s_32s_64_1_1_U3/tmp_product__2 multiplier stage bd_0_i/hls_inst/inst/grp_k1_vertex_transform_fu_180/mul_32s_32s_64_1_1_U3/tmp_product__2/P[47:0] is not pipelined (MREG=0). Pipelining the multiplier function will improve performance and will save significant power so it is suggested whenever possible to fully pipeline this function.  If this multiplier was inferred, it is suggested to describe an additional register stage after this function.  If there is no registered adder/accumulator following the multiply function, two pipeline stages are suggested to allow both the MREG and PREG registers to be used.  If the DSP48 was instantiated in the design, it is suggested to set both the MREG and PREG attributes to 1 when performing multiply functions.
Related violations: <none>

DPOP-4#25 Warning
MREG Output pipelining  
DSP bd_0_i/hls_inst/inst/grp_k1_vertex_transform_fu_180/mul_32s_32s_64_1_1_U4/tmp_product multiplier stage bd_0_i/hls_inst/inst/grp_k1_vertex_transform_fu_180/mul_32s_32s_64_1_1_U4/tmp_product/P[47:0] is not pipelined (MREG=0). Pipelining the multiplier function will improve performance and will save significant power so it is suggested whenever possible to fully pipeline this function.  If this multiplier was inferred, it is suggested to describe an additional register stage after this function.  If there is no registered adder/accumulator following the multiply function, two pipeline stages are suggested to allow both the MREG and PREG registers to be used.  If the DSP48 was instantiated in the design, it is suggested to set both the MREG and PREG attributes to 1 when performing multiply functions.
Related violations: <none>

DPOP-4#26 Warning
MREG Output pipelining  
DSP bd_0_i/hls_inst/inst/grp_k1_vertex_transform_fu_180/mul_32s_32s_64_1_1_U4/tmp_product__0 multiplier stage bd_0_i/hls_inst/inst/grp_k1_vertex_transform_fu_180/mul_32s_32s_64_1_1_U4/tmp_product__0/P[47:0] is not pipelined (MREG=0). Pipelining the multiplier function will improve performance and will save significant power so it is suggested whenever possible to fully pipeline this function.  If this multiplier was inferred, it is suggested to describe an additional register stage after this function.  If there is no registered adder/accumulator following the multiply function, two pipeline stages are suggested to allow both the MREG and PREG registers to be used.  If the DSP48 was instantiated in the design, it is suggested to set both the MREG and PREG attributes to 1 when performing multiply functions.
Related violations: <none>

DPOP-4#27 Warning
MREG Output pipelining  
DSP bd_0_i/hls_inst/inst/grp_k1_vertex_transform_fu_180/mul_32s_32s_64_1_1_U4/tmp_product__1 multiplier stage bd_0_i/hls_inst/inst/grp_k1_vertex_transform_fu_180/mul_32s_32s_64_1_1_U4/tmp_product__1/P[47:0] is not pipelined (MREG=0). Pipelining the multiplier function will improve performance and will save significant power so it is suggested whenever possible to fully pipeline this function.  If this multiplier was inferred, it is suggested to describe an additional register stage after this function.  If there is no registered adder/accumulator following the multiply function, two pipeline stages are suggested to allow both the MREG and PREG registers to be used.  If the DSP48 was instantiated in the design, it is suggested to set both the MREG and PREG attributes to 1 when performing multiply functions.
Related violations: <none>

DPOP-4#28 Warning
MREG Output pipelining  
DSP bd_0_i/hls_inst/inst/grp_k1_vertex_transform_fu_180/mul_32s_32s_64_1_1_U4/tmp_product__2 multiplier stage bd_0_i/hls_inst/inst/grp_k1_vertex_transform_fu_180/mul_32s_32s_64_1_1_U4/tmp_product__2/P[47:0] is not pipelined (MREG=0). Pipelining the multiplier function will improve performance and will save significant power so it is suggested whenever possible to fully pipeline this function.  If this multiplier was inferred, it is suggested to describe an additional register stage after this function.  If there is no registered adder/accumulator following the multiply function, two pipeline stages are suggested to allow both the MREG and PREG registers to be used.  If the DSP48 was instantiated in the design, it is suggested to set both the MREG and PREG attributes to 1 when performing multiply functions.
Related violations: <none>

DPOP-4#29 Warning
MREG Output pipelining  
DSP bd_0_i/hls_inst/inst/grp_k1_vertex_transform_fu_180/mul_32s_32s_64_1_1_U5/tmp_product multiplier stage bd_0_i/hls_inst/inst/grp_k1_vertex_transform_fu_180/mul_32s_32s_64_1_1_U5/tmp_product/P[47:0] is not pipelined (MREG=0). Pipelining the multiplier function will improve performance and will save significant power so it is suggested whenever possible to fully pipeline this function.  If this multiplier was inferred, it is suggested to describe an additional register stage after this function.  If there is no registered adder/accumulator following the multiply function, two pipeline stages are suggested to allow both the MREG and PREG registers to be used.  If the DSP48 was instantiated in the design, it is suggested to set both the MREG and PREG attributes to 1 when performing multiply functions.
Related violations: <none>

DPOP-4#30 Warning
MREG Output pipelining  
DSP bd_0_i/hls_inst/inst/grp_k1_vertex_transform_fu_180/mul_32s_32s_64_1_1_U5/tmp_product__0 multiplier stage bd_0_i/hls_inst/inst/grp_k1_vertex_transform_fu_180/mul_32s_32s_64_1_1_U5/tmp_product__0/P[47:0] is not pipelined (MREG=0). Pipelining the multiplier function will improve performance and will save significant power so it is suggested whenever possible to fully pipeline this function.  If this multiplier was inferred, it is suggested to describe an additional register stage after this function.  If there is no registered adder/accumulator following the multiply function, two pipeline stages are suggested to allow both the MREG and PREG registers to be used.  If the DSP48 was instantiated in the design, it is suggested to set both the MREG and PREG attributes to 1 when performing multiply functions.
Related violations: <none>

DPOP-4#31 Warning
MREG Output pipelining  
DSP bd_0_i/hls_inst/inst/grp_k1_vertex_transform_fu_180/mul_32s_32s_64_1_1_U5/tmp_product__1 multiplier stage bd_0_i/hls_inst/inst/grp_k1_vertex_transform_fu_180/mul_32s_32s_64_1_1_U5/tmp_product__1/P[47:0] is not pipelined (MREG=0). Pipelining the multiplier function will improve performance and will save significant power so it is suggested whenever possible to fully pipeline this function.  If this multiplier was inferred, it is suggested to describe an additional register stage after this function.  If there is no registered adder/accumulator following the multiply function, two pipeline stages are suggested to allow both the MREG and PREG registers to be used.  If the DSP48 was instantiated in the design, it is suggested to set both the MREG and PREG attributes to 1 when performing multiply functions.
Related violations: <none>

DPOP-4#32 Warning
MREG Output pipelining  
DSP bd_0_i/hls_inst/inst/grp_k1_vertex_transform_fu_180/mul_32s_32s_64_1_1_U5/tmp_product__2 multiplier stage bd_0_i/hls_inst/inst/grp_k1_vertex_transform_fu_180/mul_32s_32s_64_1_1_U5/tmp_product__2/P[47:0] is not pipelined (MREG=0). Pipelining the multiplier function will improve performance and will save significant power so it is suggested whenever possible to fully pipeline this function.  If this multiplier was inferred, it is suggested to describe an additional register stage after this function.  If there is no registered adder/accumulator following the multiply function, two pipeline stages are suggested to allow both the MREG and PREG registers to be used.  If the DSP48 was instantiated in the design, it is suggested to set both the MREG and PREG attributes to 1 when performing multiply functions.
Related violations: <none>

DPOP-4#33 Warning
MREG Output pipelining  
DSP bd_0_i/hls_inst/inst/grp_k1_vertex_transform_fu_180/mul_32s_32s_64_1_1_U6/tmp_product multiplier stage bd_0_i/hls_inst/inst/grp_k1_vertex_transform_fu_180/mul_32s_32s_64_1_1_U6/tmp_product/P[47:0] is not pipelined (MREG=0). Pipelining the multiplier function will improve performance and will save significant power so it is suggested whenever possible to fully pipeline this function.  If this multiplier was inferred, it is suggested to describe an additional register stage after this function.  If there is no registered adder/accumulator following the multiply function, two pipeline stages are suggested to allow both the MREG and PREG registers to be used.  If the DSP48 was instantiated in the design, it is suggested to set both the MREG and PREG attributes to 1 when performing multiply functions.
Related violations: <none>

DPOP-4#34 Warning
MREG Output pipelining  
DSP bd_0_i/hls_inst/inst/grp_k1_vertex_transform_fu_180/mul_32s_32s_64_1_1_U6/tmp_product__0 multiplier stage bd_0_i/hls_inst/inst/grp_k1_vertex_transform_fu_180/mul_32s_32s_64_1_1_U6/tmp_product__0/P[47:0] is not pipelined (MREG=0). Pipelining the multiplier function will improve performance and will save significant power so it is suggested whenever possible to fully pipeline this function.  If this multiplier was inferred, it is suggested to describe an additional register stage after this function.  If there is no registered adder/accumulator following the multiply function, two pipeline stages are suggested to allow both the MREG and PREG registers to be used.  If the DSP48 was instantiated in the design, it is suggested to set both the MREG and PREG attributes to 1 when performing multiply functions.
Related violations: <none>

DPOP-4#35 Warning
MREG Output pipelining  
DSP bd_0_i/hls_inst/inst/grp_k1_vertex_transform_fu_180/mul_32s_32s_64_1_1_U6/tmp_product__1 multiplier stage bd_0_i/hls_inst/inst/grp_k1_vertex_transform_fu_180/mul_32s_32s_64_1_1_U6/tmp_product__1/P[47:0] is not pipelined (MREG=0). Pipelining the multiplier function will improve performance and will save significant power so it is suggested whenever possible to fully pipeline this function.  If this multiplier was inferred, it is suggested to describe an additional register stage after this function.  If there is no registered adder/accumulator following the multiply function, two pipeline stages are suggested to allow both the MREG and PREG registers to be used.  If the DSP48 was instantiated in the design, it is suggested to set both the MREG and PREG attributes to 1 when performing multiply functions.
Related violations: <none>

DPOP-4#36 Warning
MREG Output pipelining  
DSP bd_0_i/hls_inst/inst/grp_k1_vertex_transform_fu_180/mul_32s_32s_64_1_1_U6/tmp_product__2 multiplier stage bd_0_i/hls_inst/inst/grp_k1_vertex_transform_fu_180/mul_32s_32s_64_1_1_U6/tmp_product__2/P[47:0] is not pipelined (MREG=0). Pipelining the multiplier function will improve performance and will save significant power so it is suggested whenever possible to fully pipeline this function.  If this multiplier was inferred, it is suggested to describe an additional register stage after this function.  If there is no registered adder/accumulator following the multiply function, two pipeline stages are suggested to allow both the MREG and PREG registers to be used.  If the DSP48 was instantiated in the design, it is suggested to set both the MREG and PREG attributes to 1 when performing multiply functions.
Related violations: <none>

DPOP-4#37 Warning
MREG Output pipelining  
DSP bd_0_i/hls_inst/inst/grp_k1_vertex_transform_fu_180/mul_32s_32s_64_1_1_U7/tmp_product multiplier stage bd_0_i/hls_inst/inst/grp_k1_vertex_transform_fu_180/mul_32s_32s_64_1_1_U7/tmp_product/P[47:0] is not pipelined (MREG=0). Pipelining the multiplier function will improve performance and will save significant power so it is suggested whenever possible to fully pipeline this function.  If this multiplier was inferred, it is suggested to describe an additional register stage after this function.  If there is no registered adder/accumulator following the multiply function, two pipeline stages are suggested to allow both the MREG and PREG registers to be used.  If the DSP48 was instantiated in the design, it is suggested to set both the MREG and PREG attributes to 1 when performing multiply functions.
Related violations: <none>

DPOP-4#38 Warning
MREG Output pipelining  
DSP bd_0_i/hls_inst/inst/grp_k1_vertex_transform_fu_180/mul_32s_32s_64_1_1_U7/tmp_product__0 multiplier stage bd_0_i/hls_inst/inst/grp_k1_vertex_transform_fu_180/mul_32s_32s_64_1_1_U7/tmp_product__0/P[47:0] is not pipelined (MREG=0). Pipelining the multiplier function will improve performance and will save significant power so it is suggested whenever possible to fully pipeline this function.  If this multiplier was inferred, it is suggested to describe an additional register stage after this function.  If there is no registered adder/accumulator following the multiply function, two pipeline stages are suggested to allow both the MREG and PREG registers to be used.  If the DSP48 was instantiated in the design, it is suggested to set both the MREG and PREG attributes to 1 when performing multiply functions.
Related violations: <none>

DPOP-4#39 Warning
MREG Output pipelining  
DSP bd_0_i/hls_inst/inst/grp_k1_vertex_transform_fu_180/mul_32s_32s_64_1_1_U7/tmp_product__1 multiplier stage bd_0_i/hls_inst/inst/grp_k1_vertex_transform_fu_180/mul_32s_32s_64_1_1_U7/tmp_product__1/P[47:0] is not pipelined (MREG=0). Pipelining the multiplier function will improve performance and will save significant power so it is suggested whenever possible to fully pipeline this function.  If this multiplier was inferred, it is suggested to describe an additional register stage after this function.  If there is no registered adder/accumulator following the multiply function, two pipeline stages are suggested to allow both the MREG and PREG registers to be used.  If the DSP48 was instantiated in the design, it is suggested to set both the MREG and PREG attributes to 1 when performing multiply functions.
Related violations: <none>

DPOP-4#40 Warning
MREG Output pipelining  
DSP bd_0_i/hls_inst/inst/grp_k1_vertex_transform_fu_180/mul_32s_32s_64_1_1_U7/tmp_product__2 multiplier stage bd_0_i/hls_inst/inst/grp_k1_vertex_transform_fu_180/mul_32s_32s_64_1_1_U7/tmp_product__2/P[47:0] is not pipelined (MREG=0). Pipelining the multiplier function will improve performance and will save significant power so it is suggested whenever possible to fully pipeline this function.  If this multiplier was inferred, it is suggested to describe an additional register stage after this function.  If there is no registered adder/accumulator following the multiply function, two pipeline stages are suggested to allow both the MREG and PREG registers to be used.  If the DSP48 was instantiated in the design, it is suggested to set both the MREG and PREG attributes to 1 when performing multiply functions.
Related violations: <none>

DPOP-4#41 Warning
MREG Output pipelining  
DSP bd_0_i/hls_inst/inst/grp_k1_vertex_transform_fu_180/mul_32s_32s_64_1_1_U8/tmp_product multiplier stage bd_0_i/hls_inst/inst/grp_k1_vertex_transform_fu_180/mul_32s_32s_64_1_1_U8/tmp_product/P[47:0] is not pipelined (MREG=0). Pipelining the multiplier function will improve performance and will save significant power so it is suggested whenever possible to fully pipeline this function.  If this multiplier was inferred, it is suggested to describe an additional register stage after this function.  If there is no registered adder/accumulator following the multiply function, two pipeline stages are suggested to allow both the MREG and PREG registers to be used.  If the DSP48 was instantiated in the design, it is suggested to set both the MREG and PREG attributes to 1 when performing multiply functions.
Related violations: <none>

DPOP-4#42 Warning
MREG Output pipelining  
DSP bd_0_i/hls_inst/inst/grp_k1_vertex_transform_fu_180/mul_32s_32s_64_1_1_U8/tmp_product__0 multiplier stage bd_0_i/hls_inst/inst/grp_k1_vertex_transform_fu_180/mul_32s_32s_64_1_1_U8/tmp_product__0/P[47:0] is not pipelined (MREG=0). Pipelining the multiplier function will improve performance and will save significant power so it is suggested whenever possible to fully pipeline this function.  If this multiplier was inferred, it is suggested to describe an additional register stage after this function.  If there is no registered adder/accumulator following the multiply function, two pipeline stages are suggested to allow both the MREG and PREG registers to be used.  If the DSP48 was instantiated in the design, it is suggested to set both the MREG and PREG attributes to 1 when performing multiply functions.
Related violations: <none>

DPOP-4#43 Warning
MREG Output pipelining  
DSP bd_0_i/hls_inst/inst/grp_k1_vertex_transform_fu_180/mul_32s_32s_64_1_1_U8/tmp_product__1 multiplier stage bd_0_i/hls_inst/inst/grp_k1_vertex_transform_fu_180/mul_32s_32s_64_1_1_U8/tmp_product__1/P[47:0] is not pipelined (MREG=0). Pipelining the multiplier function will improve performance and will save significant power so it is suggested whenever possible to fully pipeline this function.  If this multiplier was inferred, it is suggested to describe an additional register stage after this function.  If there is no registered adder/accumulator following the multiply function, two pipeline stages are suggested to allow both the MREG and PREG registers to be used.  If the DSP48 was instantiated in the design, it is suggested to set both the MREG and PREG attributes to 1 when performing multiply functions.
Related violations: <none>

DPOP-4#44 Warning
MREG Output pipelining  
DSP bd_0_i/hls_inst/inst/grp_k1_vertex_transform_fu_180/mul_32s_32s_64_1_1_U8/tmp_product__2 multiplier stage bd_0_i/hls_inst/inst/grp_k1_vertex_transform_fu_180/mul_32s_32s_64_1_1_U8/tmp_product__2/P[47:0] is not pipelined (MREG=0). Pipelining the multiplier function will improve performance and will save significant power so it is suggested whenever possible to fully pipeline this function.  If this multiplier was inferred, it is suggested to describe an additional register stage after this function.  If there is no registered adder/accumulator following the multiply function, two pipeline stages are suggested to allow both the MREG and PREG registers to be used.  If the DSP48 was instantiated in the design, it is suggested to set both the MREG and PREG attributes to 1 when performing multiply functions.
Related violations: <none>

DPOP-4#45 Warning
MREG Output pipelining  
DSP bd_0_i/hls_inst/inst/grp_k1_vertex_transform_fu_180/mul_32s_32s_64_1_1_U9/tmp_product multiplier stage bd_0_i/hls_inst/inst/grp_k1_vertex_transform_fu_180/mul_32s_32s_64_1_1_U9/tmp_product/P[47:0] is not pipelined (MREG=0). Pipelining the multiplier function will improve performance and will save significant power so it is suggested whenever possible to fully pipeline this function.  If this multiplier was inferred, it is suggested to describe an additional register stage after this function.  If there is no registered adder/accumulator following the multiply function, two pipeline stages are suggested to allow both the MREG and PREG registers to be used.  If the DSP48 was instantiated in the design, it is suggested to set both the MREG and PREG attributes to 1 when performing multiply functions.
Related violations: <none>

DPOP-4#46 Warning
MREG Output pipelining  
DSP bd_0_i/hls_inst/inst/grp_k1_vertex_transform_fu_180/mul_32s_32s_64_1_1_U9/tmp_product__0 multiplier stage bd_0_i/hls_inst/inst/grp_k1_vertex_transform_fu_180/mul_32s_32s_64_1_1_U9/tmp_product__0/P[47:0] is not pipelined (MREG=0). Pipelining the multiplier function will improve performance and will save significant power so it is suggested whenever possible to fully pipeline this function.  If this multiplier was inferred, it is suggested to describe an additional register stage after this function.  If there is no registered adder/accumulator following the multiply function, two pipeline stages are suggested to allow both the MREG and PREG registers to be used.  If the DSP48 was instantiated in the design, it is suggested to set both the MREG and PREG attributes to 1 when performing multiply functions.
Related violations: <none>

DPOP-4#47 Warning
MREG Output pipelining  
DSP bd_0_i/hls_inst/inst/grp_k1_vertex_transform_fu_180/mul_32s_32s_64_1_1_U9/tmp_product__1 multiplier stage bd_0_i/hls_inst/inst/grp_k1_vertex_transform_fu_180/mul_32s_32s_64_1_1_U9/tmp_product__1/P[47:0] is not pipelined (MREG=0). Pipelining the multiplier function will improve performance and will save significant power so it is suggested whenever possible to fully pipeline this function.  If this multiplier was inferred, it is suggested to describe an additional register stage after this function.  If there is no registered adder/accumulator following the multiply function, two pipeline stages are suggested to allow both the MREG and PREG registers to be used.  If the DSP48 was instantiated in the design, it is suggested to set both the MREG and PREG attributes to 1 when performing multiply functions.
Related violations: <none>

DPOP-4#48 Warning
MREG Output pipelining  
DSP bd_0_i/hls_inst/inst/grp_k1_vertex_transform_fu_180/mul_32s_32s_64_1_1_U9/tmp_product__2 multiplier stage bd_0_i/hls_inst/inst/grp_k1_vertex_transform_fu_180/mul_32s_32s_64_1_1_U9/tmp_product__2/P[47:0] is not pipelined (MREG=0). Pipelining the multiplier function will improve performance and will save significant power so it is suggested whenever possible to fully pipeline this function.  If this multiplier was inferred, it is suggested to describe an additional register stage after this function.  If there is no registered adder/accumulator following the multiply function, two pipeline stages are suggested to allow both the MREG and PREG registers to be used.  If the DSP48 was instantiated in the design, it is suggested to set both the MREG and PREG attributes to 1 when performing multiply functions.
Related violations: <none>

DPOP-4#49 Warning
MREG Output pipelining  
DSP bd_0_i/hls_inst/inst/grp_k2_perspective_divide_fu_236/mul_32s_32s_64_1_1_U40/tmp_product multiplier stage bd_0_i/hls_inst/inst/grp_k2_perspective_divide_fu_236/mul_32s_32s_64_1_1_U40/tmp_product/P[47:0] is not pipelined (MREG=0). Pipelining the multiplier function will improve performance and will save significant power so it is suggested whenever possible to fully pipeline this function.  If this multiplier was inferred, it is suggested to describe an additional register stage after this function.  If there is no registered adder/accumulator following the multiply function, two pipeline stages are suggested to allow both the MREG and PREG registers to be used.  If the DSP48 was instantiated in the design, it is suggested to set both the MREG and PREG attributes to 1 when performing multiply functions.
Related violations: <none>

DPOP-4#50 Warning
MREG Output pipelining  
DSP bd_0_i/hls_inst/inst/grp_k2_perspective_divide_fu_236/mul_32s_32s_64_1_1_U40/tmp_product__0 multiplier stage bd_0_i/hls_inst/inst/grp_k2_perspective_divide_fu_236/mul_32s_32s_64_1_1_U40/tmp_product__0/P[47:0] is not pipelined (MREG=0). Pipelining the multiplier function will improve performance and will save significant power so it is suggested whenever possible to fully pipeline this function.  If this multiplier was inferred, it is suggested to describe an additional register stage after this function.  If there is no registered adder/accumulator following the multiply function, two pipeline stages are suggested to allow both the MREG and PREG registers to be used.  If the DSP48 was instantiated in the design, it is suggested to set both the MREG and PREG attributes to 1 when performing multiply functions.
Related violations: <none>

DPOP-4#51 Warning
MREG Output pipelining  
DSP bd_0_i/hls_inst/inst/grp_k2_perspective_divide_fu_236/mul_32s_32s_64_1_1_U40/tmp_product__1 multiplier stage bd_0_i/hls_inst/inst/grp_k2_perspective_divide_fu_236/mul_32s_32s_64_1_1_U40/tmp_product__1/P[47:0] is not pipelined (MREG=0). Pipelining the multiplier function will improve performance and will save significant power so it is suggested whenever possible to fully pipeline this function.  If this multiplier was inferred, it is suggested to describe an additional register stage after this function.  If there is no registered adder/accumulator following the multiply function, two pipeline stages are suggested to allow both the MREG and PREG registers to be used.  If the DSP48 was instantiated in the design, it is suggested to set both the MREG and PREG attributes to 1 when performing multiply functions.
Related violations: <none>

DPOP-4#52 Warning
MREG Output pipelining  
DSP bd_0_i/hls_inst/inst/grp_k2_perspective_divide_fu_236/mul_32s_32s_64_1_1_U40/tmp_product__2 multiplier stage bd_0_i/hls_inst/inst/grp_k2_perspective_divide_fu_236/mul_32s_32s_64_1_1_U40/tmp_product__2/P[47:0] is not pipelined (MREG=0). Pipelining the multiplier function will improve performance and will save significant power so it is suggested whenever possible to fully pipeline this function.  If this multiplier was inferred, it is suggested to describe an additional register stage after this function.  If there is no registered adder/accumulator following the multiply function, two pipeline stages are suggested to allow both the MREG and PREG registers to be used.  If the DSP48 was instantiated in the design, it is suggested to set both the MREG and PREG attributes to 1 when performing multiply functions.
Related violations: <none>

DPOP-4#53 Warning
MREG Output pipelining  
DSP bd_0_i/hls_inst/inst/grp_k2_perspective_divide_fu_236/mul_32s_32s_64_1_1_U41/tmp_product multiplier stage bd_0_i/hls_inst/inst/grp_k2_perspective_divide_fu_236/mul_32s_32s_64_1_1_U41/tmp_product/P[47:0] is not pipelined (MREG=0). Pipelining the multiplier function will improve performance and will save significant power so it is suggested whenever possible to fully pipeline this function.  If this multiplier was inferred, it is suggested to describe an additional register stage after this function.  If there is no registered adder/accumulator following the multiply function, two pipeline stages are suggested to allow both the MREG and PREG registers to be used.  If the DSP48 was instantiated in the design, it is suggested to set both the MREG and PREG attributes to 1 when performing multiply functions.
Related violations: <none>

DPOP-4#54 Warning
MREG Output pipelining  
DSP bd_0_i/hls_inst/inst/grp_k2_perspective_divide_fu_236/mul_32s_32s_64_1_1_U41/tmp_product__0 multiplier stage bd_0_i/hls_inst/inst/grp_k2_perspective_divide_fu_236/mul_32s_32s_64_1_1_U41/tmp_product__0/P[47:0] is not pipelined (MREG=0). Pipelining the multiplier function will improve performance and will save significant power so it is suggested whenever possible to fully pipeline this function.  If this multiplier was inferred, it is suggested to describe an additional register stage after this function.  If there is no registered adder/accumulator following the multiply function, two pipeline stages are suggested to allow both the MREG and PREG registers to be used.  If the DSP48 was instantiated in the design, it is suggested to set both the MREG and PREG attributes to 1 when performing multiply functions.
Related violations: <none>

DPOP-4#55 Warning
MREG Output pipelining  
DSP bd_0_i/hls_inst/inst/grp_k2_perspective_divide_fu_236/mul_32s_32s_64_1_1_U41/tmp_product__1 multiplier stage bd_0_i/hls_inst/inst/grp_k2_perspective_divide_fu_236/mul_32s_32s_64_1_1_U41/tmp_product__1/P[47:0] is not pipelined (MREG=0). Pipelining the multiplier function will improve performance and will save significant power so it is suggested whenever possible to fully pipeline this function.  If this multiplier was inferred, it is suggested to describe an additional register stage after this function.  If there is no registered adder/accumulator following the multiply function, two pipeline stages are suggested to allow both the MREG and PREG registers to be used.  If the DSP48 was instantiated in the design, it is suggested to set both the MREG and PREG attributes to 1 when performing multiply functions.
Related violations: <none>

DPOP-4#56 Warning
MREG Output pipelining  
DSP bd_0_i/hls_inst/inst/grp_k2_perspective_divide_fu_236/mul_32s_32s_64_1_1_U41/tmp_product__2 multiplier stage bd_0_i/hls_inst/inst/grp_k2_perspective_divide_fu_236/mul_32s_32s_64_1_1_U41/tmp_product__2/P[47:0] is not pipelined (MREG=0). Pipelining the multiplier function will improve performance and will save significant power so it is suggested whenever possible to fully pipeline this function.  If this multiplier was inferred, it is suggested to describe an additional register stage after this function.  If there is no registered adder/accumulator following the multiply function, two pipeline stages are suggested to allow both the MREG and PREG registers to be used.  If the DSP48 was instantiated in the design, it is suggested to set both the MREG and PREG attributes to 1 when performing multiply functions.
Related violations: <none>

DPOP-4#57 Warning
MREG Output pipelining  
DSP bd_0_i/hls_inst/inst/grp_k2_perspective_divide_fu_236/mul_32s_32s_64_1_1_U42/tmp_product multiplier stage bd_0_i/hls_inst/inst/grp_k2_perspective_divide_fu_236/mul_32s_32s_64_1_1_U42/tmp_product/P[47:0] is not pipelined (MREG=0). Pipelining the multiplier function will improve performance and will save significant power so it is suggested whenever possible to fully pipeline this function.  If this multiplier was inferred, it is suggested to describe an additional register stage after this function.  If there is no registered adder/accumulator following the multiply function, two pipeline stages are suggested to allow both the MREG and PREG registers to be used.  If the DSP48 was instantiated in the design, it is suggested to set both the MREG and PREG attributes to 1 when performing multiply functions.
Related violations: <none>

DPOP-4#58 Warning
MREG Output pipelining  
DSP bd_0_i/hls_inst/inst/grp_k2_perspective_divide_fu_236/mul_32s_32s_64_1_1_U42/tmp_product__0 multiplier stage bd_0_i/hls_inst/inst/grp_k2_perspective_divide_fu_236/mul_32s_32s_64_1_1_U42/tmp_product__0/P[47:0] is not pipelined (MREG=0). Pipelining the multiplier function will improve performance and will save significant power so it is suggested whenever possible to fully pipeline this function.  If this multiplier was inferred, it is suggested to describe an additional register stage after this function.  If there is no registered adder/accumulator following the multiply function, two pipeline stages are suggested to allow both the MREG and PREG registers to be used.  If the DSP48 was instantiated in the design, it is suggested to set both the MREG and PREG attributes to 1 when performing multiply functions.
Related violations: <none>

DPOP-4#59 Warning
MREG Output pipelining  
DSP bd_0_i/hls_inst/inst/grp_k2_perspective_divide_fu_236/mul_32s_32s_64_1_1_U42/tmp_product__1 multiplier stage bd_0_i/hls_inst/inst/grp_k2_perspective_divide_fu_236/mul_32s_32s_64_1_1_U42/tmp_product__1/P[47:0] is not pipelined (MREG=0). Pipelining the multiplier function will improve performance and will save significant power so it is suggested whenever possible to fully pipeline this function.  If this multiplier was inferred, it is suggested to describe an additional register stage after this function.  If there is no registered adder/accumulator following the multiply function, two pipeline stages are suggested to allow both the MREG and PREG registers to be used.  If the DSP48 was instantiated in the design, it is suggested to set both the MREG and PREG attributes to 1 when performing multiply functions.
Related violations: <none>

DPOP-4#60 Warning
MREG Output pipelining  
DSP bd_0_i/hls_inst/inst/grp_k2_perspective_divide_fu_236/mul_32s_32s_64_1_1_U42/tmp_product__2 multiplier stage bd_0_i/hls_inst/inst/grp_k2_perspective_divide_fu_236/mul_32s_32s_64_1_1_U42/tmp_product__2/P[47:0] is not pipelined (MREG=0). Pipelining the multiplier function will improve performance and will save significant power so it is suggested whenever possible to fully pipeline this function.  If this multiplier was inferred, it is suggested to describe an additional register stage after this function.  If there is no registered adder/accumulator following the multiply function, two pipeline stages are suggested to allow both the MREG and PREG registers to be used.  If the DSP48 was instantiated in the design, it is suggested to set both the MREG and PREG attributes to 1 when performing multiply functions.
Related violations: <none>

DPOP-4#61 Warning
MREG Output pipelining  
DSP bd_0_i/hls_inst/inst/grp_k4_rasterize_fu_348/mul_32ns_32s_63_1_1_U100/tmp_product multiplier stage bd_0_i/hls_inst/inst/grp_k4_rasterize_fu_348/mul_32ns_32s_63_1_1_U100/tmp_product/P[47:0] is not pipelined (MREG=0). Pipelining the multiplier function will improve performance and will save significant power so it is suggested whenever possible to fully pipeline this function.  If this multiplier was inferred, it is suggested to describe an additional register stage after this function.  If there is no registered adder/accumulator following the multiply function, two pipeline stages are suggested to allow both the MREG and PREG registers to be used.  If the DSP48 was instantiated in the design, it is suggested to set both the MREG and PREG attributes to 1 when performing multiply functions.
Related violations: <none>

DPOP-4#62 Warning
MREG Output pipelining  
DSP bd_0_i/hls_inst/inst/grp_k4_rasterize_fu_348/mul_32ns_32s_63_1_1_U100/tmp_product__0 multiplier stage bd_0_i/hls_inst/inst/grp_k4_rasterize_fu_348/mul_32ns_32s_63_1_1_U100/tmp_product__0/P[47:0] is not pipelined (MREG=0). Pipelining the multiplier function will improve performance and will save significant power so it is suggested whenever possible to fully pipeline this function.  If this multiplier was inferred, it is suggested to describe an additional register stage after this function.  If there is no registered adder/accumulator following the multiply function, two pipeline stages are suggested to allow both the MREG and PREG registers to be used.  If the DSP48 was instantiated in the design, it is suggested to set both the MREG and PREG attributes to 1 when performing multiply functions.
Related violations: <none>

DPOP-4#63 Warning
MREG Output pipelining  
DSP bd_0_i/hls_inst/inst/grp_k4_rasterize_fu_348/mul_32ns_32s_63_1_1_U100/tmp_product__1 multiplier stage bd_0_i/hls_inst/inst/grp_k4_rasterize_fu_348/mul_32ns_32s_63_1_1_U100/tmp_product__1/P[47:0] is not pipelined (MREG=0). Pipelining the multiplier function will improve performance and will save significant power so it is suggested whenever possible to fully pipeline this function.  If this multiplier was inferred, it is suggested to describe an additional register stage after this function.  If there is no registered adder/accumulator following the multiply function, two pipeline stages are suggested to allow both the MREG and PREG registers to be used.  If the DSP48 was instantiated in the design, it is suggested to set both the MREG and PREG attributes to 1 when performing multiply functions.
Related violations: <none>

DPOP-4#64 Warning
MREG Output pipelining  
DSP bd_0_i/hls_inst/inst/grp_k4_rasterize_fu_348/mul_32ns_32s_63_1_1_U100/tmp_product__2 multiplier stage bd_0_i/hls_inst/inst/grp_k4_rasterize_fu_348/mul_32ns_32s_63_1_1_U100/tmp_product__2/P[47:0] is not pipelined (MREG=0). Pipelining the multiplier function will improve performance and will save significant power so it is suggested whenever possible to fully pipeline this function.  If this multiplier was inferred, it is suggested to describe an additional register stage after this function.  If there is no registered adder/accumulator following the multiply function, two pipeline stages are suggested to allow both the MREG and PREG registers to be used.  If the DSP48 was instantiated in the design, it is suggested to set both the MREG and PREG attributes to 1 when performing multiply functions.
Related violations: <none>

DPOP-4#65 Warning
MREG Output pipelining  
DSP bd_0_i/hls_inst/inst/grp_k4_rasterize_fu_348/mul_32ns_32s_63_1_1_U101/tmp_product multiplier stage bd_0_i/hls_inst/inst/grp_k4_rasterize_fu_348/mul_32ns_32s_63_1_1_U101/tmp_product/P[47:0] is not pipelined (MREG=0). Pipelining the multiplier function will improve performance and will save significant power so it is suggested whenever possible to fully pipeline this function.  If this multiplier was inferred, it is suggested to describe an additional register stage after this function.  If there is no registered adder/accumulator following the multiply function, two pipeline stages are suggested to allow both the MREG and PREG registers to be used.  If the DSP48 was instantiated in the design, it is suggested to set both the MREG and PREG attributes to 1 when performing multiply functions.
Related violations: <none>

DPOP-4#66 Warning
MREG Output pipelining  
DSP bd_0_i/hls_inst/inst/grp_k4_rasterize_fu_348/mul_32ns_32s_63_1_1_U101/tmp_product__0 multiplier stage bd_0_i/hls_inst/inst/grp_k4_rasterize_fu_348/mul_32ns_32s_63_1_1_U101/tmp_product__0/P[47:0] is not pipelined (MREG=0). Pipelining the multiplier function will improve performance and will save significant power so it is suggested whenever possible to fully pipeline this function.  If this multiplier was inferred, it is suggested to describe an additional register stage after this function.  If there is no registered adder/accumulator following the multiply function, two pipeline stages are suggested to allow both the MREG and PREG registers to be used.  If the DSP48 was instantiated in the design, it is suggested to set both the MREG and PREG attributes to 1 when performing multiply functions.
Related violations: <none>

DPOP-4#67 Warning
MREG Output pipelining  
DSP bd_0_i/hls_inst/inst/grp_k4_rasterize_fu_348/mul_32ns_32s_63_1_1_U101/tmp_product__1 multiplier stage bd_0_i/hls_inst/inst/grp_k4_rasterize_fu_348/mul_32ns_32s_63_1_1_U101/tmp_product__1/P[47:0] is not pipelined (MREG=0). Pipelining the multiplier function will improve performance and will save significant power so it is suggested whenever possible to fully pipeline this function.  If this multiplier was inferred, it is suggested to describe an additional register stage after this function.  If there is no registered adder/accumulator following the multiply function, two pipeline stages are suggested to allow both the MREG and PREG registers to be used.  If the DSP48 was instantiated in the design, it is suggested to set both the MREG and PREG attributes to 1 when performing multiply functions.
Related violations: <none>

DPOP-4#68 Warning
MREG Output pipelining  
DSP bd_0_i/hls_inst/inst/grp_k4_rasterize_fu_348/mul_32ns_32s_63_1_1_U101/tmp_product__2 multiplier stage bd_0_i/hls_inst/inst/grp_k4_rasterize_fu_348/mul_32ns_32s_63_1_1_U101/tmp_product__2/P[47:0] is not pipelined (MREG=0). Pipelining the multiplier function will improve performance and will save significant power so it is suggested whenever possible to fully pipeline this function.  If this multiplier was inferred, it is suggested to describe an additional register stage after this function.  If there is no registered adder/accumulator following the multiply function, two pipeline stages are suggested to allow both the MREG and PREG registers to be used.  If the DSP48 was instantiated in the design, it is suggested to set both the MREG and PREG attributes to 1 when performing multiply functions.
Related violations: <none>

DPOP-4#69 Warning
MREG Output pipelining  
DSP bd_0_i/hls_inst/inst/grp_k4_rasterize_fu_348/mul_32ns_32s_63_1_1_U99/tmp_product multiplier stage bd_0_i/hls_inst/inst/grp_k4_rasterize_fu_348/mul_32ns_32s_63_1_1_U99/tmp_product/P[47:0] is not pipelined (MREG=0). Pipelining the multiplier function will improve performance and will save significant power so it is suggested whenever possible to fully pipeline this function.  If this multiplier was inferred, it is suggested to describe an additional register stage after this function.  If there is no registered adder/accumulator following the multiply function, two pipeline stages are suggested to allow both the MREG and PREG registers to be used.  If the DSP48 was instantiated in the design, it is suggested to set both the MREG and PREG attributes to 1 when performing multiply functions.
Related violations: <none>

DPOP-4#70 Warning
MREG Output pipelining  
DSP bd_0_i/hls_inst/inst/grp_k4_rasterize_fu_348/mul_32ns_32s_63_1_1_U99/tmp_product__0 multiplier stage bd_0_i/hls_inst/inst/grp_k4_rasterize_fu_348/mul_32ns_32s_63_1_1_U99/tmp_product__0/P[47:0] is not pipelined (MREG=0). Pipelining the multiplier function will improve performance and will save significant power so it is suggested whenever possible to fully pipeline this function.  If this multiplier was inferred, it is suggested to describe an additional register stage after this function.  If there is no registered adder/accumulator following the multiply function, two pipeline stages are suggested to allow both the MREG and PREG registers to be used.  If the DSP48 was instantiated in the design, it is suggested to set both the MREG and PREG attributes to 1 when performing multiply functions.
Related violations: <none>

DPOP-4#71 Warning
MREG Output pipelining  
DSP bd_0_i/hls_inst/inst/grp_k4_rasterize_fu_348/mul_32ns_32s_63_1_1_U99/tmp_product__1 multiplier stage bd_0_i/hls_inst/inst/grp_k4_rasterize_fu_348/mul_32ns_32s_63_1_1_U99/tmp_product__1/P[47:0] is not pipelined (MREG=0). Pipelining the multiplier function will improve performance and will save significant power so it is suggested whenever possible to fully pipeline this function.  If this multiplier was inferred, it is suggested to describe an additional register stage after this function.  If there is no registered adder/accumulator following the multiply function, two pipeline stages are suggested to allow both the MREG and PREG registers to be used.  If the DSP48 was instantiated in the design, it is suggested to set both the MREG and PREG attributes to 1 when performing multiply functions.
Related violations: <none>

DPOP-4#72 Warning
MREG Output pipelining  
DSP bd_0_i/hls_inst/inst/grp_k4_rasterize_fu_348/mul_32ns_32s_63_1_1_U99/tmp_product__2 multiplier stage bd_0_i/hls_inst/inst/grp_k4_rasterize_fu_348/mul_32ns_32s_63_1_1_U99/tmp_product__2/P[47:0] is not pipelined (MREG=0). Pipelining the multiplier function will improve performance and will save significant power so it is suggested whenever possible to fully pipeline this function.  If this multiplier was inferred, it is suggested to describe an additional register stage after this function.  If there is no registered adder/accumulator following the multiply function, two pipeline stages are suggested to allow both the MREG and PREG registers to be used.  If the DSP48 was instantiated in the design, it is suggested to set both the MREG and PREG attributes to 1 when performing multiply functions.
Related violations: <none>

DPOP-4#73 Warning
MREG Output pipelining  
DSP bd_0_i/hls_inst/inst/grp_k4_rasterize_fu_348/mul_32s_32s_64_1_1_U102/tmp_product multiplier stage bd_0_i/hls_inst/inst/grp_k4_rasterize_fu_348/mul_32s_32s_64_1_1_U102/tmp_product/P[47:0] is not pipelined (MREG=0). Pipelining the multiplier function will improve performance and will save significant power so it is suggested whenever possible to fully pipeline this function.  If this multiplier was inferred, it is suggested to describe an additional register stage after this function.  If there is no registered adder/accumulator following the multiply function, two pipeline stages are suggested to allow both the MREG and PREG registers to be used.  If the DSP48 was instantiated in the design, it is suggested to set both the MREG and PREG attributes to 1 when performing multiply functions.
Related violations: <none>

DPOP-4#74 Warning
MREG Output pipelining  
DSP bd_0_i/hls_inst/inst/grp_k4_rasterize_fu_348/mul_32s_32s_64_1_1_U102/tmp_product__0 multiplier stage bd_0_i/hls_inst/inst/grp_k4_rasterize_fu_348/mul_32s_32s_64_1_1_U102/tmp_product__0/P[47:0] is not pipelined (MREG=0). Pipelining the multiplier function will improve performance and will save significant power so it is suggested whenever possible to fully pipeline this function.  If this multiplier was inferred, it is suggested to describe an additional register stage after this function.  If there is no registered adder/accumulator following the multiply function, two pipeline stages are suggested to allow both the MREG and PREG registers to be used.  If the DSP48 was instantiated in the design, it is suggested to set both the MREG and PREG attributes to 1 when performing multiply functions.
Related violations: <none>

DPOP-4#75 Warning
MREG Output pipelining  
DSP bd_0_i/hls_inst/inst/grp_k4_rasterize_fu_348/mul_32s_32s_64_1_1_U102/tmp_product__1 multiplier stage bd_0_i/hls_inst/inst/grp_k4_rasterize_fu_348/mul_32s_32s_64_1_1_U102/tmp_product__1/P[47:0] is not pipelined (MREG=0). Pipelining the multiplier function will improve performance and will save significant power so it is suggested whenever possible to fully pipeline this function.  If this multiplier was inferred, it is suggested to describe an additional register stage after this function.  If there is no registered adder/accumulator following the multiply function, two pipeline stages are suggested to allow both the MREG and PREG registers to be used.  If the DSP48 was instantiated in the design, it is suggested to set both the MREG and PREG attributes to 1 when performing multiply functions.
Related violations: <none>

DPOP-4#76 Warning
MREG Output pipelining  
DSP bd_0_i/hls_inst/inst/grp_k4_rasterize_fu_348/mul_32s_32s_64_1_1_U102/tmp_product__2 multiplier stage bd_0_i/hls_inst/inst/grp_k4_rasterize_fu_348/mul_32s_32s_64_1_1_U102/tmp_product__2/P[47:0] is not pipelined (MREG=0). Pipelining the multiplier function will improve performance and will save significant power so it is suggested whenever possible to fully pipeline this function.  If this multiplier was inferred, it is suggested to describe an additional register stage after this function.  If there is no registered adder/accumulator following the multiply function, two pipeline stages are suggested to allow both the MREG and PREG registers to be used.  If the DSP48 was instantiated in the design, it is suggested to set both the MREG and PREG attributes to 1 when performing multiply functions.
Related violations: <none>

DPOP-4#77 Warning
MREG Output pipelining  
DSP bd_0_i/hls_inst/inst/grp_k4_rasterize_fu_348/mul_32s_32s_64_1_1_U103/tmp_product multiplier stage bd_0_i/hls_inst/inst/grp_k4_rasterize_fu_348/mul_32s_32s_64_1_1_U103/tmp_product/P[47:0] is not pipelined (MREG=0). Pipelining the multiplier function will improve performance and will save significant power so it is suggested whenever possible to fully pipeline this function.  If this multiplier was inferred, it is suggested to describe an additional register stage after this function.  If there is no registered adder/accumulator following the multiply function, two pipeline stages are suggested to allow both the MREG and PREG registers to be used.  If the DSP48 was instantiated in the design, it is suggested to set both the MREG and PREG attributes to 1 when performing multiply functions.
Related violations: <none>

DPOP-4#78 Warning
MREG Output pipelining  
DSP bd_0_i/hls_inst/inst/grp_k4_rasterize_fu_348/mul_32s_32s_64_1_1_U103/tmp_product__0 multiplier stage bd_0_i/hls_inst/inst/grp_k4_rasterize_fu_348/mul_32s_32s_64_1_1_U103/tmp_product__0/P[47:0] is not pipelined (MREG=0). Pipelining the multiplier function will improve performance and will save significant power so it is suggested whenever possible to fully pipeline this function.  If this multiplier was inferred, it is suggested to describe an additional register stage after this function.  If there is no registered adder/accumulator following the multiply function, two pipeline stages are suggested to allow both the MREG and PREG registers to be used.  If the DSP48 was instantiated in the design, it is suggested to set both the MREG and PREG attributes to 1 when performing multiply functions.
Related violations: <none>

DPOP-4#79 Warning
MREG Output pipelining  
DSP bd_0_i/hls_inst/inst/grp_k4_rasterize_fu_348/mul_32s_32s_64_1_1_U103/tmp_product__1 multiplier stage bd_0_i/hls_inst/inst/grp_k4_rasterize_fu_348/mul_32s_32s_64_1_1_U103/tmp_product__1/P[47:0] is not pipelined (MREG=0). Pipelining the multiplier function will improve performance and will save significant power so it is suggested whenever possible to fully pipeline this function.  If this multiplier was inferred, it is suggested to describe an additional register stage after this function.  If there is no registered adder/accumulator following the multiply function, two pipeline stages are suggested to allow both the MREG and PREG registers to be used.  If the DSP48 was instantiated in the design, it is suggested to set both the MREG and PREG attributes to 1 when performing multiply functions.
Related violations: <none>

DPOP-4#80 Warning
MREG Output pipelining  
DSP bd_0_i/hls_inst/inst/grp_k4_rasterize_fu_348/mul_32s_32s_64_1_1_U103/tmp_product__2 multiplier stage bd_0_i/hls_inst/inst/grp_k4_rasterize_fu_348/mul_32s_32s_64_1_1_U103/tmp_product__2/P[47:0] is not pipelined (MREG=0). Pipelining the multiplier function will improve performance and will save significant power so it is suggested whenever possible to fully pipeline this function.  If this multiplier was inferred, it is suggested to describe an additional register stage after this function.  If there is no registered adder/accumulator following the multiply function, two pipeline stages are suggested to allow both the MREG and PREG registers to be used.  If the DSP48 was instantiated in the design, it is suggested to set both the MREG and PREG attributes to 1 when performing multiply functions.
Related violations: <none>

DPOP-4#81 Warning
MREG Output pipelining  
DSP bd_0_i/hls_inst/inst/grp_k4_rasterize_fu_348/mul_32s_32s_64_1_1_U104/tmp_product multiplier stage bd_0_i/hls_inst/inst/grp_k4_rasterize_fu_348/mul_32s_32s_64_1_1_U104/tmp_product/P[47:0] is not pipelined (MREG=0). Pipelining the multiplier function will improve performance and will save significant power so it is suggested whenever possible to fully pipeline this function.  If this multiplier was inferred, it is suggested to describe an additional register stage after this function.  If there is no registered adder/accumulator following the multiply function, two pipeline stages are suggested to allow both the MREG and PREG registers to be used.  If the DSP48 was instantiated in the design, it is suggested to set both the MREG and PREG attributes to 1 when performing multiply functions.
Related violations: <none>

DPOP-4#82 Warning
MREG Output pipelining  
DSP bd_0_i/hls_inst/inst/grp_k4_rasterize_fu_348/mul_32s_32s_64_1_1_U104/tmp_product__0 multiplier stage bd_0_i/hls_inst/inst/grp_k4_rasterize_fu_348/mul_32s_32s_64_1_1_U104/tmp_product__0/P[47:0] is not pipelined (MREG=0). Pipelining the multiplier function will improve performance and will save significant power so it is suggested whenever possible to fully pipeline this function.  If this multiplier was inferred, it is suggested to describe an additional register stage after this function.  If there is no registered adder/accumulator following the multiply function, two pipeline stages are suggested to allow both the MREG and PREG registers to be used.  If the DSP48 was instantiated in the design, it is suggested to set both the MREG and PREG attributes to 1 when performing multiply functions.
Related violations: <none>

DPOP-4#83 Warning
MREG Output pipelining  
DSP bd_0_i/hls_inst/inst/grp_k4_rasterize_fu_348/mul_32s_32s_64_1_1_U104/tmp_product__1 multiplier stage bd_0_i/hls_inst/inst/grp_k4_rasterize_fu_348/mul_32s_32s_64_1_1_U104/tmp_product__1/P[47:0] is not pipelined (MREG=0). Pipelining the multiplier function will improve performance and will save significant power so it is suggested whenever possible to fully pipeline this function.  If this multiplier was inferred, it is suggested to describe an additional register stage after this function.  If there is no registered adder/accumulator following the multiply function, two pipeline stages are suggested to allow both the MREG and PREG registers to be used.  If the DSP48 was instantiated in the design, it is suggested to set both the MREG and PREG attributes to 1 when performing multiply functions.
Related violations: <none>

DPOP-4#84 Warning
MREG Output pipelining  
DSP bd_0_i/hls_inst/inst/grp_k4_rasterize_fu_348/mul_32s_32s_64_1_1_U104/tmp_product__2 multiplier stage bd_0_i/hls_inst/inst/grp_k4_rasterize_fu_348/mul_32s_32s_64_1_1_U104/tmp_product__2/P[47:0] is not pipelined (MREG=0). Pipelining the multiplier function will improve performance and will save significant power so it is suggested whenever possible to fully pipeline this function.  If this multiplier was inferred, it is suggested to describe an additional register stage after this function.  If there is no registered adder/accumulator following the multiply function, two pipeline stages are suggested to allow both the MREG and PREG registers to be used.  If the DSP48 was instantiated in the design, it is suggested to set both the MREG and PREG attributes to 1 when performing multiply functions.
Related violations: <none>

DPOP-4#85 Warning
MREG Output pipelining  
DSP bd_0_i/hls_inst/inst/grp_k4_rasterize_fu_348/mul_32s_32s_64_1_1_U105/tmp_product multiplier stage bd_0_i/hls_inst/inst/grp_k4_rasterize_fu_348/mul_32s_32s_64_1_1_U105/tmp_product/P[47:0] is not pipelined (MREG=0). Pipelining the multiplier function will improve performance and will save significant power so it is suggested whenever possible to fully pipeline this function.  If this multiplier was inferred, it is suggested to describe an additional register stage after this function.  If there is no registered adder/accumulator following the multiply function, two pipeline stages are suggested to allow both the MREG and PREG registers to be used.  If the DSP48 was instantiated in the design, it is suggested to set both the MREG and PREG attributes to 1 when performing multiply functions.
Related violations: <none>

DPOP-4#86 Warning
MREG Output pipelining  
DSP bd_0_i/hls_inst/inst/grp_k4_rasterize_fu_348/mul_32s_32s_64_1_1_U105/tmp_product__0 multiplier stage bd_0_i/hls_inst/inst/grp_k4_rasterize_fu_348/mul_32s_32s_64_1_1_U105/tmp_product__0/P[47:0] is not pipelined (MREG=0). Pipelining the multiplier function will improve performance and will save significant power so it is suggested whenever possible to fully pipeline this function.  If this multiplier was inferred, it is suggested to describe an additional register stage after this function.  If there is no registered adder/accumulator following the multiply function, two pipeline stages are suggested to allow both the MREG and PREG registers to be used.  If the DSP48 was instantiated in the design, it is suggested to set both the MREG and PREG attributes to 1 when performing multiply functions.
Related violations: <none>

DPOP-4#87 Warning
MREG Output pipelining  
DSP bd_0_i/hls_inst/inst/grp_k4_rasterize_fu_348/mul_32s_32s_64_1_1_U105/tmp_product__1 multiplier stage bd_0_i/hls_inst/inst/grp_k4_rasterize_fu_348/mul_32s_32s_64_1_1_U105/tmp_product__1/P[47:0] is not pipelined (MREG=0). Pipelining the multiplier function will improve performance and will save significant power so it is suggested whenever possible to fully pipeline this function.  If this multiplier was inferred, it is suggested to describe an additional register stage after this function.  If there is no registered adder/accumulator following the multiply function, two pipeline stages are suggested to allow both the MREG and PREG registers to be used.  If the DSP48 was instantiated in the design, it is suggested to set both the MREG and PREG attributes to 1 when performing multiply functions.
Related violations: <none>

DPOP-4#88 Warning
MREG Output pipelining  
DSP bd_0_i/hls_inst/inst/grp_k4_rasterize_fu_348/mul_32s_32s_64_1_1_U105/tmp_product__2 multiplier stage bd_0_i/hls_inst/inst/grp_k4_rasterize_fu_348/mul_32s_32s_64_1_1_U105/tmp_product__2/P[47:0] is not pipelined (MREG=0). Pipelining the multiplier function will improve performance and will save significant power so it is suggested whenever possible to fully pipeline this function.  If this multiplier was inferred, it is suggested to describe an additional register stage after this function.  If there is no registered adder/accumulator following the multiply function, two pipeline stages are suggested to allow both the MREG and PREG registers to be used.  If the DSP48 was instantiated in the design, it is suggested to set both the MREG and PREG attributes to 1 when performing multiply functions.
Related violations: <none>

DPOP-4#89 Warning
MREG Output pipelining  
DSP bd_0_i/hls_inst/inst/grp_k4_rasterize_fu_348/mul_32s_32s_64_1_1_U106/tmp_product multiplier stage bd_0_i/hls_inst/inst/grp_k4_rasterize_fu_348/mul_32s_32s_64_1_1_U106/tmp_product/P[47:0] is not pipelined (MREG=0). Pipelining the multiplier function will improve performance and will save significant power so it is suggested whenever possible to fully pipeline this function.  If this multiplier was inferred, it is suggested to describe an additional register stage after this function.  If there is no registered adder/accumulator following the multiply function, two pipeline stages are suggested to allow both the MREG and PREG registers to be used.  If the DSP48 was instantiated in the design, it is suggested to set both the MREG and PREG attributes to 1 when performing multiply functions.
Related violations: <none>

DPOP-4#90 Warning
MREG Output pipelining  
DSP bd_0_i/hls_inst/inst/grp_k4_rasterize_fu_348/mul_32s_32s_64_1_1_U106/tmp_product__0 multiplier stage bd_0_i/hls_inst/inst/grp_k4_rasterize_fu_348/mul_32s_32s_64_1_1_U106/tmp_product__0/P[47:0] is not pipelined (MREG=0). Pipelining the multiplier function will improve performance and will save significant power so it is suggested whenever possible to fully pipeline this function.  If this multiplier was inferred, it is suggested to describe an additional register stage after this function.  If there is no registered adder/accumulator following the multiply function, two pipeline stages are suggested to allow both the MREG and PREG registers to be used.  If the DSP48 was instantiated in the design, it is suggested to set both the MREG and PREG attributes to 1 when performing multiply functions.
Related violations: <none>

DPOP-4#91 Warning
MREG Output pipelining  
DSP bd_0_i/hls_inst/inst/grp_k4_rasterize_fu_348/mul_32s_32s_64_1_1_U106/tmp_product__1 multiplier stage bd_0_i/hls_inst/inst/grp_k4_rasterize_fu_348/mul_32s_32s_64_1_1_U106/tmp_product__1/P[47:0] is not pipelined (MREG=0). Pipelining the multiplier function will improve performance and will save significant power so it is suggested whenever possible to fully pipeline this function.  If this multiplier was inferred, it is suggested to describe an additional register stage after this function.  If there is no registered adder/accumulator following the multiply function, two pipeline stages are suggested to allow both the MREG and PREG registers to be used.  If the DSP48 was instantiated in the design, it is suggested to set both the MREG and PREG attributes to 1 when performing multiply functions.
Related violations: <none>

DPOP-4#92 Warning
MREG Output pipelining  
DSP bd_0_i/hls_inst/inst/grp_k4_rasterize_fu_348/mul_32s_32s_64_1_1_U106/tmp_product__2 multiplier stage bd_0_i/hls_inst/inst/grp_k4_rasterize_fu_348/mul_32s_32s_64_1_1_U106/tmp_product__2/P[47:0] is not pipelined (MREG=0). Pipelining the multiplier function will improve performance and will save significant power so it is suggested whenever possible to fully pipeline this function.  If this multiplier was inferred, it is suggested to describe an additional register stage after this function.  If there is no registered adder/accumulator following the multiply function, two pipeline stages are suggested to allow both the MREG and PREG registers to be used.  If the DSP48 was instantiated in the design, it is suggested to set both the MREG and PREG attributes to 1 when performing multiply functions.
Related violations: <none>

DPOP-4#93 Warning
MREG Output pipelining  
DSP bd_0_i/hls_inst/inst/grp_k4_rasterize_fu_348/mul_32s_32s_64_1_1_U107/tmp_product multiplier stage bd_0_i/hls_inst/inst/grp_k4_rasterize_fu_348/mul_32s_32s_64_1_1_U107/tmp_product/P[47:0] is not pipelined (MREG=0). Pipelining the multiplier function will improve performance and will save significant power so it is suggested whenever possible to fully pipeline this function.  If this multiplier was inferred, it is suggested to describe an additional register stage after this function.  If there is no registered adder/accumulator following the multiply function, two pipeline stages are suggested to allow both the MREG and PREG registers to be used.  If the DSP48 was instantiated in the design, it is suggested to set both the MREG and PREG attributes to 1 when performing multiply functions.
Related violations: <none>

DPOP-4#94 Warning
MREG Output pipelining  
DSP bd_0_i/hls_inst/inst/grp_k4_rasterize_fu_348/mul_32s_32s_64_1_1_U107/tmp_product__0 multiplier stage bd_0_i/hls_inst/inst/grp_k4_rasterize_fu_348/mul_32s_32s_64_1_1_U107/tmp_product__0/P[47:0] is not pipelined (MREG=0). Pipelining the multiplier function will improve performance and will save significant power so it is suggested whenever possible to fully pipeline this function.  If this multiplier was inferred, it is suggested to describe an additional register stage after this function.  If there is no registered adder/accumulator following the multiply function, two pipeline stages are suggested to allow both the MREG and PREG registers to be used.  If the DSP48 was instantiated in the design, it is suggested to set both the MREG and PREG attributes to 1 when performing multiply functions.
Related violations: <none>

DPOP-4#95 Warning
MREG Output pipelining  
DSP bd_0_i/hls_inst/inst/grp_k4_rasterize_fu_348/mul_32s_32s_64_1_1_U107/tmp_product__1 multiplier stage bd_0_i/hls_inst/inst/grp_k4_rasterize_fu_348/mul_32s_32s_64_1_1_U107/tmp_product__1/P[47:0] is not pipelined (MREG=0). Pipelining the multiplier function will improve performance and will save significant power so it is suggested whenever possible to fully pipeline this function.  If this multiplier was inferred, it is suggested to describe an additional register stage after this function.  If there is no registered adder/accumulator following the multiply function, two pipeline stages are suggested to allow both the MREG and PREG registers to be used.  If the DSP48 was instantiated in the design, it is suggested to set both the MREG and PREG attributes to 1 when performing multiply functions.
Related violations: <none>

DPOP-4#96 Warning
MREG Output pipelining  
DSP bd_0_i/hls_inst/inst/grp_k4_rasterize_fu_348/mul_32s_32s_64_1_1_U107/tmp_product__2 multiplier stage bd_0_i/hls_inst/inst/grp_k4_rasterize_fu_348/mul_32s_32s_64_1_1_U107/tmp_product__2/P[47:0] is not pipelined (MREG=0). Pipelining the multiplier function will improve performance and will save significant power so it is suggested whenever possible to fully pipeline this function.  If this multiplier was inferred, it is suggested to describe an additional register stage after this function.  If there is no registered adder/accumulator following the multiply function, two pipeline stages are suggested to allow both the MREG and PREG registers to be used.  If the DSP48 was instantiated in the design, it is suggested to set both the MREG and PREG attributes to 1 when performing multiply functions.
Related violations: <none>

RTSTAT-10#1 Warning
No routable loads  
134 net(s) have no routable loads. The problem bus(es) and/or net(s) are bd_0_i/hls_inst/inst/control_s_axi_U/s_axi_control_RDATA[31:0],
bd_0_i/hls_inst/inst/gmem0_m_axi_U/bus_read/rreq_burst_conv/burst_sequential/m_axi_gmem0_ARLEN[3:0],
bd_0_i/hls_inst/inst/gmem1_m_axi_U/bus_write/wreq_throttle/m_axi_gmem1_WDATA[23:0],
bd_0_i/hls_inst/inst/gmem1_m_axi_U/bus_write/wreq_throttle/m_axi_gmem1_WSTRB[3:0],
bd_0_i/hls_inst/inst/gmem1_m_axi_U/bus_write/wreq_throttle/rs_req/data_p1_reg[67]_0[65:0]
bd_0_i/hls_inst/inst/gmem2_m_axi_U/bus_read/rreq_burst_conv/burst_sequential/m_axi_gmem2_ARLEN[3:0].
Related violations: <none>


