#-----------------------------------------------------------
# Vivado v2025.1.1 (64-bit)
# SW Build 6233196 on Thu Sep 11 21:27:11 MDT 2025
# IP Build 6232796 on Fri Sep 12 01:46:16 MDT 2025
# SharedData Build 6233195 on Thu Sep 11 17:56:43 MDT 2025
# Start of session at: Tue Mar 31 01:01:28 2026
# Process ID         : 1679895
# Current directory  : /nethome/shanda34/FPGA_ECE8893_SJH/2026_Spring/lab4/project_1/hls/impl/verilog
# Command line       : vivado -mode batch -source run_vivado.tcl
# Log file           : /nethome/shanda34/FPGA_ECE8893_SJH/2026_Spring/lab4/project_1/hls/impl/verilog/vivado.log
# Journal file       : /nethome/shanda34/FPGA_ECE8893_SJH/2026_Spring/lab4/project_1/hls/impl/verilog/vivado.jou
# Running On         : ece-linlabsrv01
# Platform           : RedHatEnterprise
# Operating System   : Red Hat Enterprise Linux release 8.10 (Ootpa)
# Processor Detail   : Intel(R) Xeon(R) Gold 5117 CPU @ 2.00GHz
# CPU Frequency      : 2800.000 MHz
# CPU Physical cores : 56
# CPU Logical cores  : 112
# Host memory        : 404103 MB
# Swap memory        : 68719 MB
# Total Virtual      : 472822 MB
# Available Virtual  : 398192 MB
#-----------------------------------------------------------
source run_vivado.tcl
# source ./settings.tcl
## set top_module top_kernel
## set language verilog
## set family zynquplus
## set device xczu3eg
## set package -sbva484
## set speed -1-e
## set clock ap_clk
## set fsm_ext "off"
## set add_io_buffers false 
# source -notrace ./extraction.tcl
# set vivado_proj_name project
# set vivado_proj_dir .
# set target_device "${device}${package}${speed}"
# set target_clk_period_ns "10.000"
# set target_clk_freq_hz [expr {floor(1000 / $target_clk_period_ns) * 1000000}]
# set other_clks_freq_hz {}
# set ip_vlnv xilinx.com:hls:top_kernel:1.0
# set ip_repo_path ../ip
# set bd_design_name bd_0
# set bd_inst_name hls_inst
# set bd_props {}
# set has_synth true
# set synth_design_args {-directive sdx_optimization_effort_high}
# set synth_dcp ""
# set synth_props {}
# set has_impl 1
# set impl_props {}
# set has_subcore 0
# set report_options [dict create]
# dict set report_options report_level 2
# dict set report_options report_max_paths 10
# dict set report_options stdout_hls_reports 1
# dict set report_options stdout_vivado_reports 0
# dict set report_options hls_project project_1
# dict set report_options hls_solution hls
# dict set report_options has_synth $has_synth
# dict set report_options has_impl $has_impl
# dict set report_options vivado_reportbasename $top_module
# dict set report_options vivado_reportdir ./report
# dict set report_options hls_impl_dir ..
# dict set report_options hls_reportdir ../report/$language
# dict set report_options target_clk_period $target_clk_period_ns
# dict set report_options target_device $target_device
# dict set report_options language $language
# dict set report_options clock_name $clock
# dict set report_options error_if_impl_timing_fails false
# dict set report_options topmodule "top_kernel"
# dict set report_options funcmodules {top_kernel_entry_proc top_kernel_k1_vertex_transform top_kernel_k2_perspective_divide top_kernel_k3_bounding_box top_kernel_k4_rasterize_Pipeline_VITIS_LOOP_163_4_VITIS_LOOP_164_5 top_kernel_k4_rasterize top_kernel_k5_deferred_lighting}
# dict set report_options bindmodules {top_kernel_mul_32s_32s_64_1_1 top_kernel_flow_control_loop_pipe top_kernel_sdiv_34ns_32s_34_38_seq_1 top_kernel_k2_perspective_divide_verts_x_RAM_AUTO_1R1W top_kernel_k2_perspective_divide_verts_w_RAM_AUTO_1R1W top_kernel_sparsemux_7_2_16_1_1 top_kernel_sparsemux_9_3_16_1_1 top_kernel_mul_32ns_32s_63_1_1 top_kernel_mul_33s_33s_65_1_1 top_kernel_mul_66s_32s_97_1_1 top_kernel_flow_control_loop_pipe_sequential_init top_kernel_mul_64ns_64ns_128_1_1 top_kernel_k4_rasterize_local_depth_RAM_AUTO_1R1W top_kernel_k4_rasterize_local_normal_x_RAM_AUTO_1R1W top_kernel_mul_32s_17s_49_1_1 top_kernel_depth_buffer_RAM_AUTO_1R1W_memcore top_kernel_depth_buffer_RAM_AUTO_1R1W top_kernel_fifo_w64_d6_S top_kernel_fifo_w32_d2_S top_kernel_fifo_w1_d2_S top_kernel_start_for_k2_perspective_divide_U0 top_kernel_start_for_k3_bounding_box_U0 top_kernel_start_for_k4_rasterize_U0 top_kernel_gmem0_m_axi top_kernel_gmem2_m_axi top_kernel_gmem1_m_axi top_kernel_control_s_axi}
# dict set report_options max_module_depth 7
# create_project $vivado_proj_name $vivado_proj_dir -part $target_device -force
# set_property target_language $language [current_project]
# if { ![file exists $ip_repo_path] } {
#   error "Cannot find packaged HLS IP"
# }
# set_property ip_repo_paths [file normalize $ip_repo_path] [current_project]
# update_ip_catalog
INFO: [IP_Flow 19-234] Refreshing IP repositories
INFO: [IP_Flow 19-1700] Loaded user IP repository '/nethome/shanda34/FPGA_ECE8893_SJH/2026_Spring/lab4/project_1/hls/impl/ip'.
INFO: [IP_Flow 19-2313] Loaded Vivado IP repository '/tools/software/xilinx/2025.1.1/data/ip'.
# create_bd_design bd_0
Wrote  : </nethome/shanda34/FPGA_ECE8893_SJH/2026_Spring/lab4/project_1/hls/impl/verilog/project.srcs/sources_1/bd/bd_0/bd_0.bd> 
# set cell_inst [create_bd_cell -type ip -vlnv $ip_vlnv $bd_inst_name]
# if { [llength $bd_props] } { 
#   set_property -dict $bd_props $cell_inst 
# }
# make_bd_pins_external $cell_inst
# make_bd_intf_pins_external $cell_inst
# set bd_clk_ports [get_bd_ports -filter {TYPE==clk}]
# if { $target_clk_freq_hz ne "" } { 
#   foreach bd_clk_port $bd_clk_ports {
#     # Remove "_0" suffix from BD ports & interfaces so they match IP ports 
#     set clk_name [regsub {_0$} [get_property name $bd_clk_port] {}]
#     set port_freq_hz $target_clk_freq_hz
#     if { [dict exists $other_clks_freq_hz $clk_name] } {
#         set port_freq_hz [dict get $other_clks_freq_hz $clk_name]
#     }
#     set_property CONFIG.FREQ_HZ $port_freq_hz $bd_clk_port
#   }
# }
# foreach bd_port [get_bd_intf_ports] {
#   set_property name [regsub {_0$} [get_property name $bd_port] {}] $bd_port
# }
# foreach bd_port [get_bd_ports -filter {INTF!=TRUE}] {
#   set_property name [regsub {_0$} [get_property name $bd_port] {}] $bd_port
# }
# set s_axi_addr_width_min 32
# foreach bd_port [get_bd_intf_ports -filter {MODE == "Slave" && VLNV =~ "xilinx.com:interface:aximm_rtl:*"}] {
#   set bd_port_addr_width [get_property CONFIG.ADDR_WIDTH $bd_port]
#   if { $bd_port_addr_width < $s_axi_addr_width_min } {
#     puts "INFO: Updating $bd_port CONFIG.ADDR_WIDTH to $s_axi_addr_width_min"
#     set_property CONFIG.ADDR_WIDTH $s_axi_addr_width_min $bd_port
#   }
# }
INFO: Updating /s_axi_control CONFIG.ADDR_WIDTH to 32
# set_msg_config -id {[BD 41-1265]} -severity {CRITICAL WARNING} -new_severity {INFO}
# assign_bd_address
INFO: [BD 41-3093] Triggering Legacy Auto Assign Algorithm
Slave segment '/hls_inst/s_axi_control/Reg' is being assigned into address space '/s_axi_control' at <0x0000_0000 [ 64K ]>.
Slave segment '/m_axi_gmem0/Reg' is being assigned into address space '/hls_inst/Data_m_axi_gmem0' at <0x44A0_0000 [ 64K ]>.
Slave segment '/m_axi_gmem1/Reg' is being assigned into address space '/hls_inst/Data_m_axi_gmem1' at <0x44A0_0000 [ 64K ]>.
Slave segment '/m_axi_gmem2/Reg' is being assigned into address space '/hls_inst/Data_m_axi_gmem2' at <0x44A0_0000 [ 64K ]>.
Wrote  : </nethome/shanda34/FPGA_ECE8893_SJH/2026_Spring/lab4/project_1/hls/impl/verilog/project.srcs/sources_1/bd/bd_0/bd_0.bd> 
Verilog Output written to : /nethome/shanda34/FPGA_ECE8893_SJH/2026_Spring/lab4/project_1/hls/impl/verilog/project.gen/sources_1/bd/bd_0/synth/bd_0.v
Verilog Output written to : /nethome/shanda34/FPGA_ECE8893_SJH/2026_Spring/lab4/project_1/hls/impl/verilog/project.gen/sources_1/bd/bd_0/sim/bd_0.v
Verilog Output written to : /nethome/shanda34/FPGA_ECE8893_SJH/2026_Spring/lab4/project_1/hls/impl/verilog/project.gen/sources_1/bd/bd_0/hdl/bd_0_wrapper.v
# set toprtl [make_wrapper -files [get_files ${bd_design_name}.bd] -top]
# add_files -norecurse $toprtl
# set top_inst_name [file root [file tail $toprtl]]
# puts "Using BD top: $top_inst_name"
Using BD top: bd_0_wrapper
# set xdc_files [glob -nocomplain ./*.xdc]
# if { [llength $xdc_files] } {
#     add_files -fileset constrs_1 -norecurse $xdc_files
# }
# launch_runs synth_1 -scripts_only
INFO: [BD 41-1662] The design 'bd_0.bd' is already validated. Therefore parameter propagation will not be re-run.
Verilog Output written to : /nethome/shanda34/FPGA_ECE8893_SJH/2026_Spring/lab4/project_1/hls/impl/verilog/project.gen/sources_1/bd/bd_0/synth/bd_0.v
Verilog Output written to : /nethome/shanda34/FPGA_ECE8893_SJH/2026_Spring/lab4/project_1/hls/impl/verilog/project.gen/sources_1/bd/bd_0/sim/bd_0.v
Verilog Output written to : /nethome/shanda34/FPGA_ECE8893_SJH/2026_Spring/lab4/project_1/hls/impl/verilog/project.gen/sources_1/bd/bd_0/hdl/bd_0_wrapper.v
INFO: [BD 41-1029] Generation completed for the IP Integrator block hls_inst .
Exporting to file /nethome/shanda34/FPGA_ECE8893_SJH/2026_Spring/lab4/project_1/hls/impl/verilog/project.gen/sources_1/bd/bd_0/hw_handoff/bd_0.hwh
Generated Hardware Definition File /nethome/shanda34/FPGA_ECE8893_SJH/2026_Spring/lab4/project_1/hls/impl/verilog/project.gen/sources_1/bd/bd_0/synth/bd_0.hwdef
WARNING: [Vivado 12-7122] Auto Incremental Compile:: No reference checkpoint was found in run synth_1. Auto-incremental flow will not be run, the standard flow will be run instead.
launch_runs: Time (s): cpu = 00:00:09 ; elapsed = 00:00:10 . Memory (MB): peak = 0.000 ; gain = 0.000 ; free physical = 298503 ; free virtual = 379155
# foreach run [get_runs -filter {IS_SYNTHESIS == 1}] {
#   reset_run [get_runs $run]
# }
# set_property XPM_LIBRARIES {XPM_MEMORY XPM_FIFO} [current_project]
# hls_vivado_reports_setup $report_options
TIMESTAMP: HLS-REPORT: initialize report directories: 2026-03-31 01:01:53 EDT
# if { $has_subcore } { report_ip_status }
# if { $has_synth || $has_impl } {
#   # synth properties setting
#   set_property -name {STEPS.SYNTH_DESIGN.ARGS.MORE OPTIONS} -value {-mode out_of_context} -objects [get_runs synth_1]
#   set ip_inst [get_ips -quiet ${bd_design_name}*${bd_inst_name}*]
#   if { ![llength $ip_inst] } {
#       error "Cannot find HLS IP instance: ${bd_design_name}*${bd_inst_name}*"
#   }
#   set synth_run [get_runs -filter {IS_SYNTHESIS == 1} ${ip_inst}*]
#   if { ![llength $synth_run] } {
#       error "Cannot find synth run for HLS IP: ${ip_inst}*"
#   }
# 
#   if { [llength $synth_design_args] } {
#       set_property -name {STEPS.SYNTH_DESIGN.ARGS.MORE OPTIONS} -value $synth_design_args -objects $synth_run
#   }
# 
#   if { [llength $synth_props] } {
#     set_property -dict $synth_props $synth_run
#   }
# 
#   # launch run synth
#   launch_runs synth_1
#   wait_on_run synth_1
#   # synth reports
#   hls_vivado_reports_synth synth_1 $report_options
#   if { $synth_dcp ne "" } {
#     file mkdir [file dirname $synth_dcp]
#     set run_dcp [glob -nocomplain [get_property DIRECTORY $synth_run]/*.dcp]
#     if { [llength $run_dcp] != 1 } { error "Cannot find single dcp file for run $synth_run" }
#     file copy -force $run_dcp $synth_dcp
#   }
# }
WARNING: [Vivado 12-7122] Auto Incremental Compile:: No reference checkpoint was found in run synth_1. Auto-incremental flow will not be run, the standard flow will be run instead.
[Tue Mar 31 01:01:53 2026] Launched bd_0_hls_inst_0_synth_1...
Run output will be captured here: /nethome/shanda34/FPGA_ECE8893_SJH/2026_Spring/lab4/project_1/hls/impl/verilog/project.runs/bd_0_hls_inst_0_synth_1/runme.log
[Tue Mar 31 01:01:53 2026] Launched synth_1...
Run output will be captured here: /nethome/shanda34/FPGA_ECE8893_SJH/2026_Spring/lab4/project_1/hls/impl/verilog/project.runs/synth_1/runme.log
[Tue Mar 31 01:01:53 2026] Waiting for synth_1 to finish...

*** Running vivado
    with args -log bd_0_wrapper.vds -m64 -product Vivado -mode batch -messageDb vivado.pb -notrace -source bd_0_wrapper.tcl


****** Vivado v2025.1.1 (64-bit)
  **** SW Build 6233196 on Thu Sep 11 21:27:11 MDT 2025
  **** IP Build 6232796 on Fri Sep 12 01:46:16 MDT 2025
  **** SharedData Build 6233195 on Thu Sep 11 17:56:43 MDT 2025
  **** Start of session at: Tue Mar 31 01:06:57 2026
    ** Copyright 1986-2022 Xilinx, Inc. All Rights Reserved.
    ** Copyright 2022-2025 Advanced Micro Devices, Inc. All Rights Reserved.

source bd_0_wrapper.tcl -notrace
INFO: Dispatch client connection id - 35371
INFO: [IP_Flow 19-234] Refreshing IP repositories
INFO: [IP_Flow 19-1700] Loaded user IP repository '/nethome/shanda34/FPGA_ECE8893_SJH/2026_Spring/lab4/project_1/hls/impl/ip'.
INFO: [IP_Flow 19-2313] Loaded Vivado IP repository '/tools/software/xilinx/2025.1.1/data/ip'.
Command: synth_design -top bd_0_wrapper -part xczu3eg-sbva484-1-e -mode out_of_context
Starting synth_design
Attempting to get a license for feature 'Synthesis' and/or device 'xczu3eg'
INFO: [Common 17-349] Got license for feature 'Synthesis' and/or device 'xczu3eg'
INFO: [Device 21-403] Loading part xczu3eg-sbva484-1-e
INFO: [Synth 8-7079] Multithreading enabled for synth_design using a maximum of 7 processes.
INFO: [Synth 8-7078] Launching helper process for spawning children vivado processes
INFO: [Synth 8-7075] Helper process launched with PID 1726118
---------------------------------------------------------------------------------
Starting RTL Elaboration : Time (s): cpu = 00:00:06 ; elapsed = 00:00:07 . Memory (MB): peak = 0.000 ; gain = 0.000 ; free physical = 293778 ; free virtual = 374507
---------------------------------------------------------------------------------
INFO: [Synth 8-6157] synthesizing module 'bd_0_wrapper' [/nethome/shanda34/FPGA_ECE8893_SJH/2026_Spring/lab4/project_1/hls/impl/verilog/project.gen/sources_1/bd/bd_0/hdl/bd_0_wrapper.v:13]
INFO: [Synth 8-6157] synthesizing module 'bd_0' [/nethome/shanda34/FPGA_ECE8893_SJH/2026_Spring/lab4/project_1/hls/impl/verilog/project.gen/sources_1/bd/bd_0/synth/bd_0.v:13]
INFO: [Synth 8-6157] synthesizing module 'bd_0_hls_inst_0' [/nethome/shanda34/FPGA_ECE8893_SJH/2026_Spring/lab4/project_1/hls/impl/verilog/project.runs/synth_1/.Xil/Vivado-1725131-ece-linlabsrv01/realtime/bd_0_hls_inst_0_stub.v:6]
INFO: [Synth 8-6155] done synthesizing module 'bd_0_hls_inst_0' (0#1) [/nethome/shanda34/FPGA_ECE8893_SJH/2026_Spring/lab4/project_1/hls/impl/verilog/project.runs/synth_1/.Xil/Vivado-1725131-ece-linlabsrv01/realtime/bd_0_hls_inst_0_stub.v:6]
INFO: [Synth 8-6155] done synthesizing module 'bd_0' (0#1) [/nethome/shanda34/FPGA_ECE8893_SJH/2026_Spring/lab4/project_1/hls/impl/verilog/project.gen/sources_1/bd/bd_0/synth/bd_0.v:13]
INFO: [Synth 8-6155] done synthesizing module 'bd_0_wrapper' (0#1) [/nethome/shanda34/FPGA_ECE8893_SJH/2026_Spring/lab4/project_1/hls/impl/verilog/project.gen/sources_1/bd/bd_0/hdl/bd_0_wrapper.v:13]
---------------------------------------------------------------------------------
Finished RTL Elaboration : Time (s): cpu = 00:00:08 ; elapsed = 00:00:09 . Memory (MB): peak = 0.000 ; gain = 0.000 ; free physical = 293968 ; free virtual = 374696
---------------------------------------------------------------------------------
---------------------------------------------------------------------------------
Start Handling Custom Attributes
---------------------------------------------------------------------------------
---------------------------------------------------------------------------------
Finished Handling Custom Attributes : Time (s): cpu = 00:00:08 ; elapsed = 00:00:09 . Memory (MB): peak = 0.000 ; gain = 0.000 ; free physical = 293968 ; free virtual = 374696
---------------------------------------------------------------------------------
---------------------------------------------------------------------------------
Finished RTL Optimization Phase 1 : Time (s): cpu = 00:00:08 ; elapsed = 00:00:09 . Memory (MB): peak = 0.000 ; gain = 0.000 ; free physical = 293968 ; free virtual = 374696
---------------------------------------------------------------------------------
Netlist sorting complete. Time (s): cpu = 00:00:00.01 ; elapsed = 00:00:00.02 . Memory (MB): peak = 0.000 ; gain = 0.000 ; free physical = 293965 ; free virtual = 374693
INFO: [Project 1-570] Preparing netlist for logic optimization

Processing XDC Constraints
Initializing timing engine
Parsing XDC File [/nethome/shanda34/FPGA_ECE8893_SJH/2026_Spring/lab4/project_1/hls/impl/verilog/project.gen/sources_1/bd/bd_0/ip/bd_0_hls_inst_0/bd_0_hls_inst_0/bd_0_hls_inst_0_in_context.xdc] for cell 'bd_0_i/hls_inst'
Finished Parsing XDC File [/nethome/shanda34/FPGA_ECE8893_SJH/2026_Spring/lab4/project_1/hls/impl/verilog/project.gen/sources_1/bd/bd_0/ip/bd_0_hls_inst_0/bd_0_hls_inst_0/bd_0_hls_inst_0_in_context.xdc] for cell 'bd_0_i/hls_inst'
Parsing XDC File [/nethome/shanda34/FPGA_ECE8893_SJH/2026_Spring/lab4/project_1/hls/impl/verilog/top_kernel.xdc]
create_clock: Time (s): cpu = 00:00:06 ; elapsed = 00:00:06 . Memory (MB): peak = 0.000 ; gain = 0.000 ; free physical = 293973 ; free virtual = 374701
Finished Parsing XDC File [/nethome/shanda34/FPGA_ECE8893_SJH/2026_Spring/lab4/project_1/hls/impl/verilog/top_kernel.xdc]
Parsing XDC File [/nethome/shanda34/FPGA_ECE8893_SJH/2026_Spring/lab4/project_1/hls/impl/verilog/project.runs/synth_1/dont_touch.xdc]
Finished Parsing XDC File [/nethome/shanda34/FPGA_ECE8893_SJH/2026_Spring/lab4/project_1/hls/impl/verilog/project.runs/synth_1/dont_touch.xdc]
Completed Processing XDC Constraints

Netlist sorting complete. Time (s): cpu = 00:00:00 ; elapsed = 00:00:00.01 . Memory (MB): peak = 0.000 ; gain = 0.000 ; free physical = 293972 ; free virtual = 374701
INFO: [Project 1-111] Unisim Transformation Summary:
No Unisim elements were transformed.

Constraint Validation Runtime : Time (s): cpu = 00:00:00.11 ; elapsed = 00:00:00.1 . Memory (MB): peak = 0.000 ; gain = 0.000 ; free physical = 293973 ; free virtual = 374701
---------------------------------------------------------------------------------
Finished Constraint Validation : Time (s): cpu = 00:00:25 ; elapsed = 00:00:25 . Memory (MB): peak = 0.000 ; gain = 0.000 ; free physical = 293973 ; free virtual = 374703
---------------------------------------------------------------------------------
---------------------------------------------------------------------------------
Start Loading Part and Timing Information
---------------------------------------------------------------------------------
Loading part: xczu3eg-sbva484-1-e
INFO: [Synth 8-6742] Reading net delay rules and data
---------------------------------------------------------------------------------
Finished Loading Part and Timing Information : Time (s): cpu = 00:00:25 ; elapsed = 00:00:25 . Memory (MB): peak = 0.000 ; gain = 0.000 ; free physical = 293973 ; free virtual = 374703
---------------------------------------------------------------------------------
---------------------------------------------------------------------------------
Start Applying 'set_property' XDC Constraints
---------------------------------------------------------------------------------
---------------------------------------------------------------------------------
Finished applying 'set_property' XDC Constraints : Time (s): cpu = 00:00:25 ; elapsed = 00:00:25 . Memory (MB): peak = 0.000 ; gain = 0.000 ; free physical = 293973 ; free virtual = 374703
---------------------------------------------------------------------------------
---------------------------------------------------------------------------------
Finished RTL Optimization Phase 2 : Time (s): cpu = 00:00:25 ; elapsed = 00:00:26 . Memory (MB): peak = 0.000 ; gain = 0.000 ; free physical = 293974 ; free virtual = 374704
---------------------------------------------------------------------------------
---------------------------------------------------------------------------------
Start RTL Component Statistics 
---------------------------------------------------------------------------------
Detailed RTL Component Info : 
---------------------------------------------------------------------------------
Finished RTL Component Statistics 
---------------------------------------------------------------------------------
---------------------------------------------------------------------------------
Start Part Resource Summary
---------------------------------------------------------------------------------
Part Resources:
DSPs: 360 (col length:72)
BRAMs: 432 (col length: RAMB18 72 RAMB36 36)
---------------------------------------------------------------------------------
Finished Part Resource Summary
---------------------------------------------------------------------------------
---------------------------------------------------------------------------------
Start Cross Boundary and Area Optimization
---------------------------------------------------------------------------------
WARNING: [Synth 8-7080] Parallel synthesis criteria is not met
---------------------------------------------------------------------------------
Finished Cross Boundary and Area Optimization : Time (s): cpu = 00:00:27 ; elapsed = 00:00:28 . Memory (MB): peak = 0.000 ; gain = 0.000 ; free physical = 293977 ; free virtual = 374706
---------------------------------------------------------------------------------
---------------------------------------------------------------------------------
Start Applying XDC Timing Constraints
---------------------------------------------------------------------------------
---------------------------------------------------------------------------------
Finished Applying XDC Timing Constraints : Time (s): cpu = 00:00:41 ; elapsed = 00:00:43 . Memory (MB): peak = 0.000 ; gain = 0.000 ; free physical = 293399 ; free virtual = 374128
---------------------------------------------------------------------------------
---------------------------------------------------------------------------------
Start Timing Optimization
---------------------------------------------------------------------------------
---------------------------------------------------------------------------------
Finished Timing Optimization : Time (s): cpu = 00:00:41 ; elapsed = 00:00:43 . Memory (MB): peak = 0.000 ; gain = 0.000 ; free physical = 293397 ; free virtual = 374126
---------------------------------------------------------------------------------
---------------------------------------------------------------------------------
Start Technology Mapping
---------------------------------------------------------------------------------
---------------------------------------------------------------------------------
Finished Technology Mapping : Time (s): cpu = 00:00:41 ; elapsed = 00:00:43 . Memory (MB): peak = 0.000 ; gain = 0.000 ; free physical = 293387 ; free virtual = 374116
---------------------------------------------------------------------------------
---------------------------------------------------------------------------------
Start IO Insertion
---------------------------------------------------------------------------------
---------------------------------------------------------------------------------
Start Flattening Before IO Insertion
---------------------------------------------------------------------------------
---------------------------------------------------------------------------------
Finished Flattening Before IO Insertion
---------------------------------------------------------------------------------
---------------------------------------------------------------------------------
Start Final Netlist Cleanup
---------------------------------------------------------------------------------
---------------------------------------------------------------------------------
Finished Final Netlist Cleanup
---------------------------------------------------------------------------------
---------------------------------------------------------------------------------
Finished IO Insertion : Time (s): cpu = 00:00:46 ; elapsed = 00:00:48 . Memory (MB): peak = 0.000 ; gain = 0.000 ; free physical = 293226 ; free virtual = 373955
---------------------------------------------------------------------------------
---------------------------------------------------------------------------------
Start Renaming Generated Instances
---------------------------------------------------------------------------------
---------------------------------------------------------------------------------
Finished Renaming Generated Instances : Time (s): cpu = 00:00:46 ; elapsed = 00:00:48 . Memory (MB): peak = 0.000 ; gain = 0.000 ; free physical = 293226 ; free virtual = 373955
---------------------------------------------------------------------------------
---------------------------------------------------------------------------------
Start Rebuilding User Hierarchy
---------------------------------------------------------------------------------
---------------------------------------------------------------------------------
Finished Rebuilding User Hierarchy : Time (s): cpu = 00:00:46 ; elapsed = 00:00:48 . Memory (MB): peak = 0.000 ; gain = 0.000 ; free physical = 293226 ; free virtual = 373955
---------------------------------------------------------------------------------
---------------------------------------------------------------------------------
Start Renaming Generated Ports
---------------------------------------------------------------------------------
---------------------------------------------------------------------------------
Finished Renaming Generated Ports : Time (s): cpu = 00:00:46 ; elapsed = 00:00:48 . Memory (MB): peak = 0.000 ; gain = 0.000 ; free physical = 293226 ; free virtual = 373955
---------------------------------------------------------------------------------
---------------------------------------------------------------------------------
Start Handling Custom Attributes
---------------------------------------------------------------------------------
---------------------------------------------------------------------------------
Finished Handling Custom Attributes : Time (s): cpu = 00:00:46 ; elapsed = 00:00:48 . Memory (MB): peak = 0.000 ; gain = 0.000 ; free physical = 293226 ; free virtual = 373955
---------------------------------------------------------------------------------
---------------------------------------------------------------------------------
Start Renaming Generated Nets
---------------------------------------------------------------------------------
---------------------------------------------------------------------------------
Finished Renaming Generated Nets : Time (s): cpu = 00:00:46 ; elapsed = 00:00:48 . Memory (MB): peak = 0.000 ; gain = 0.000 ; free physical = 293226 ; free virtual = 373955
---------------------------------------------------------------------------------
---------------------------------------------------------------------------------
Start Writing Synthesis Report
---------------------------------------------------------------------------------

Report BlackBoxes: 
+------+----------------+----------+
|      |BlackBox name   |Instances |
+------+----------------+----------+
|1     |bd_0_hls_inst_0 |         1|
+------+----------------+----------+

Report Cell Usage: 
+------+--------------+------+
|      |Cell          |Count |
+------+--------------+------+
|1     |bd_0_hls_inst |     1|
+------+--------------+------+
---------------------------------------------------------------------------------
Finished Writing Synthesis Report : Time (s): cpu = 00:00:46 ; elapsed = 00:00:48 . Memory (MB): peak = 0.000 ; gain = 0.000 ; free physical = 293226 ; free virtual = 373955
---------------------------------------------------------------------------------
Synthesis finished with 0 errors, 0 critical warnings and 1 warnings.
Synthesis Optimization Runtime : Time (s): cpu = 00:00:38 ; elapsed = 00:00:40 . Memory (MB): peak = 0.000 ; gain = 0.000 ; free physical = 293228 ; free virtual = 373957
Synthesis Optimization Complete : Time (s): cpu = 00:00:47 ; elapsed = 00:00:49 . Memory (MB): peak = 0.000 ; gain = 0.000 ; free physical = 293227 ; free virtual = 373956
INFO: [Project 1-571] Translating synthesized netlist
Netlist sorting complete. Time (s): cpu = 00:00:00.01 ; elapsed = 00:00:00.01 . Memory (MB): peak = 0.000 ; gain = 0.000 ; free physical = 293388 ; free virtual = 374117
INFO: [Project 1-570] Preparing netlist for logic optimization
INFO: [Opt 31-138] Pushed 0 inverter(s) to 0 load pin(s).
Netlist sorting complete. Time (s): cpu = 00:00:00 ; elapsed = 00:00:00 . Memory (MB): peak = 0.000 ; gain = 0.000 ; free physical = 293317 ; free virtual = 374046
INFO: [Project 1-111] Unisim Transformation Summary:
No Unisim elements were transformed.

Synth Design complete | Checksum: 39880ce
INFO: [Common 17-83] Releasing license: Synthesis
22 Infos, 1 Warnings, 0 Critical Warnings and 0 Errors encountered.
synth_design completed successfully
synth_design: Time (s): cpu = 00:01:03 ; elapsed = 00:01:03 . Memory (MB): peak = 0.000 ; gain = 0.000 ; free physical = 293385 ; free virtual = 374114
INFO: [Common 17-2834] synth_design peak Physical Memory [PSS] (MB): overall = 2670.420; main = 2670.420; forked = 253.123
INFO: [Common 17-2834] synth_design peak Virtual Memory [VSS] (MB): overall = 5169.203; main = 3797.879; forked = 1598.234
INFO: [Common 17-1381] The checkpoint '/nethome/shanda34/FPGA_ECE8893_SJH/2026_Spring/lab4/project_1/hls/impl/verilog/project.runs/synth_1/bd_0_wrapper.dcp' has been generated.
INFO: [Vivado 12-24828] Executing command : report_utilization -file bd_0_wrapper_utilization_synth.rpt -pb bd_0_wrapper_utilization_synth.pb
INFO: [Common 17-206] Exiting Vivado at Tue Mar 31 01:08:14 2026...
[Tue Mar 31 01:08:35 2026] synth_1 finished
wait_on_runs: Time (s): cpu = 00:06:07 ; elapsed = 00:06:42 . Memory (MB): peak = 0.000 ; gain = 0.000 ; free physical = 298139 ; free virtual = 378868
TIMESTAMP: HLS-REPORT: synthesis open_run: 2026-03-31 01:08:35 EDT
INFO: HLS-REPORT: Opening synthesis design database: open_run synth_1
Design is defaulting to impl run constrset: constrs_1
Design is defaulting to synth run part: xczu3eg-sbva484-1-e
INFO: [Device 21-403] Loading part xczu3eg-sbva484-1-e
INFO: [Project 1-5699] Read binary netlist with skipMacroContent - 1
INFO: [Project 1-454] Reading design checkpoint '/nethome/shanda34/FPGA_ECE8893_SJH/2026_Spring/lab4/project_1/hls/impl/verilog/project.gen/sources_1/bd/bd_0/ip/bd_0_hls_inst_0/bd_0_hls_inst_0.dcp' for cell 'bd_0_i/hls_inst'
Netlist sorting complete. Time (s): cpu = 00:00:00.35 ; elapsed = 00:00:00.36 . Memory (MB): peak = 0.000 ; gain = 0.000 ; free physical = 297194 ; free virtual = 377922
INFO: [Netlist 29-17] Analyzing 1059 Unisim elements for replacement
INFO: [Netlist 29-28] Unisim Transformation completed in 1 CPU seconds
INFO: [Project 1-479] Netlist was created with Vivado 2025.1.1
INFO: [Project 1-570] Preparing netlist for logic optimization
Parsing XDC File [/nethome/shanda34/FPGA_ECE8893_SJH/2026_Spring/lab4/project_1/hls/impl/verilog/top_kernel.xdc]
create_clock: Time (s): cpu = 00:00:06 ; elapsed = 00:00:06 . Memory (MB): peak = 0.000 ; gain = 0.000 ; free physical = 297273 ; free virtual = 378002
Finished Parsing XDC File [/nethome/shanda34/FPGA_ECE8893_SJH/2026_Spring/lab4/project_1/hls/impl/verilog/top_kernel.xdc]
INFO: [Opt 31-138] Pushed 0 inverter(s) to 0 load pin(s).
Netlist sorting complete. Time (s): cpu = 00:00:00.02 ; elapsed = 00:00:00.02 . Memory (MB): peak = 0.000 ; gain = 0.000 ; free physical = 296930 ; free virtual = 377659
INFO: [Project 1-111] Unisim Transformation Summary:
  A total of 144 instances were transformed.
  DSP48E2 => DSP48E2 (DSP_ALU, DSP_A_B_DATA, DSP_C_DATA, DSP_MULTIPLIER, DSP_M_DATA, DSP_OUTPUT, DSP_PREADD, DSP_PREADD_DATA): 144 instances

open_run: Time (s): cpu = 00:00:35 ; elapsed = 00:00:36 . Memory (MB): peak = 0.000 ; gain = 0.000 ; free physical = 296926 ; free virtual = 377654
TIMESTAMP: HLS-REPORT: synthesis generate_reports_vivado: 2026-03-31 01:09:11 EDT
INFO: HLS-REPORT: Running report: report_utilization -file ./report/top_kernel_utilization_synth.rpt
INFO: HLS-REPORT: Running report: report_utilization -hierarchical -hierarchical_depth 7 -file ./report/top_kernel_utilization_hierarchical_synth.rpt
INFO: HLS-REPORT: Running report: report_timing_summary -file ./report/top_kernel_timing_synth.rpt
INFO: [Timing 38-35] Done setting XDC timing constraints.
INFO: [Timing 38-91] UpdateTimingParams: Speed grade: -1, Temperature grade: E, Delay Type: min_max.
INFO: [Timing 38-191] Multithreading enabled for timing update using a maximum of 8 CPUs
WARNING: [Timing 38-242] The property HD.CLK_SRC of clock port "ap_clk" is not set. In out-of-context mode, this prevents timing estimation for clock delay/skew
Resolution: Set the HD.CLK_SRC property of the out-of-context port to the location of the clock buffer instance in the top-level design
report_timing_summary: Time (s): cpu = 00:01:06 ; elapsed = 00:00:34 . Memory (MB): peak = 0.000 ; gain = 0.000 ; free physical = 295603 ; free virtual = 376330
INFO: HLS-REPORT: Running report: report_power -file ./report/top_kernel_power_synth.rpt -xpe ./top_kernel_power.xpe
Command: report_power -file ./report/top_kernel_power_synth.rpt -xpe ./top_kernel_power.xpe
Running Vector-less Activity Propagation...

Finished Running Vector-less Activity Propagation
12 Infos, 2 Warnings, 0 Critical Warnings and 0 Errors encountered.
report_power completed successfully
report_power: Time (s): cpu = 00:00:17 ; elapsed = 00:00:07 . Memory (MB): peak = 0.000 ; gain = 0.000 ; free physical = 295601 ; free virtual = 376328
INFO: HLS-REPORT: Running report: report_timing -max_paths 10 -file ./report/top_kernel_timing_paths_synth.rpt
INFO: [Timing 38-91] UpdateTimingParams: Speed grade: -1, Temperature grade: E, Delay Type: max.
INFO: [Timing 38-191] Multithreading enabled for timing update using a maximum of 8 CPUs
INFO: [Timing 38-78] ReportTimingParams: -max_paths 10 -nworst 1 -delay_type max -sort_by slack.
INFO: HLS-REPORT: Running report: report_design_analysis -file ./report/top_kernel_design_analysis_synth.rpt
INFO: [Implflow 30-839]  
INFO: HLS-REPORT: Running report: ::tclapp::xilinx::designutils::report_failfast -detailed_report synth -file ./report/top_kernel_failfast_synth.rpt
 -I- design metrics completed in 2 seconds
 -I- DONT_TOUCH metric completed in 1 seconds
 -I- MARK_DEBUG metric completed in 1 seconds
 -I- utilization metrics completed in 2 seconds
 -I- control set metrics completed in 0 seconds
 -I- methodology check metrics completed in 7 seconds
 -I- average fanout metrics completed in 10 seconds (0 modules)
 -I- non-FD high fanout nets completed in 2 seconds
 -I- path budgeting metrics completed in 5 seconds
#  +-----------------------------------------------------------------------------------------+
#  | Design Summary                                                                          |
#  | design_1                                                                                |
#  | xczu3eg-sbva484-1-e                                                                     |
#  +-----------------------------------------------------------+-----------+--------+--------+
#  | Criteria                                                  | Guideline | Actual | Status |
#  +-----------------------------------------------------------+-----------+--------+--------+
#  | LUT                                                       | 70%       | 21.97% | OK     |
#  | FD                                                        | 50%       | 13.30% | OK     |
#  | LUTRAM+SRL                                                | 25%       | 1.24%  | OK     |
#  | CARRY8                                                    | 25%       | 10.36% | OK     |
#  | MUXF7                                                     | 15%       | 0.01%  | OK     |
#  | DSP                                                       | 80%       | 40.00% | OK     |
#  | RAMB/FIFO                                                 | 80%       | 30.09% | OK     |
#  | DSP+RAMB+URAM (Avg)                                       | 70%       | 35.05% | OK     |
#  | BUFGCE* + BUFGCTRL                                        | 24        | 0      | OK     |
#  | DONT_TOUCH (cells/nets)                                   | 0         | 0      | OK     |
#  | MARK_DEBUG (nets)                                         | 0         | 0      | OK     |
#  | Control Sets                                              | 1323      | 350    | OK     |
#  | Average Fanout for modules > 100k cells                   | 4         | 1.26   | OK     |
#  | Max Average Fanout for modules > 100k cells               | 4         | 0      | OK     |
#  | Non-FD high fanout nets > 10k loads                       | 0         | 0      | OK     |
#  +-----------------------------------------------------------+-----------+--------+--------+
#  | TIMING-6 (No common primary clock between related clocks) | 0         | 0      | OK     |
#  | TIMING-7 (No common node between related clocks)          | 0         | 0      | OK     |
#  | TIMING-8 (No common period between related clocks)        | 0         | 0      | OK     |
#  | TIMING-14 (LUT on the clock tree)                         | 0         | 0      | OK     |
#  | TIMING-35 (No common node in paths with the same clock)   | 0         | 0      | OK     |
#  +-----------------------------------------------------------+-----------+--------+--------+
#  | Number of paths above max LUT budgeting (0.350ns)         | 0         | 0      | OK     |
#  | Number of paths above max Net budgeting (0.239ns)         | 0         | 0      | OK     |
#  +-----------------------------------------------------------+-----------+--------+--------+
 -I- Generated file /nethome/shanda34/FPGA_ECE8893_SJH/2026_Spring/lab4/project_1/hls/impl/verilog/report/top_kernel_failfast_synth.rpt
 -I- Number of criteria to review: 0
 -I- This report should be run before placing the design and uses conservative guidelines beyond which runtime and timing closure will likely be more challenging
 -I- report_failfast completed in 30 seconds
TIMESTAMP: HLS-REPORT: synthesis gen_data_dict_vivado: 2026-03-31 01:10:26 EDT
TIMESTAMP: HLS-REPORT: synth extract_util_hier: 2026-03-31 01:10:26 EDT
TIMESTAMP: HLS-REPORT: synth get_cell_hier_data: 2026-03-31 01:10:26 EDT
TIMESTAMP: HLS-REPORT: synth get_timing_paths: 2026-03-31 01:10:26 EDT
TIMESTAMP: HLS-REPORT: synth process timing paths: 2026-03-31 01:10:26 EDT
TIMESTAMP: HLS-REPORT: synth get_all_vv_rpt_files: 2026-03-31 01:10:26 EDT
TIMESTAMP: HLS-REPORT: synthesis write_reports_vivado: 2026-03-31 01:10:26 EDT
HLS EXTRACTION: synth area_totals:  0 70560 141120 360 432 0 0
HLS EXTRACTION: synth area_current: 0 15501 18765 144 130 0 357 0 0 0
HLS EXTRACTION: synth resources_dict: AVAIL_LUT 70560 LUT 15501 AVAIL_FF 141120 FF 18765 AVAIL_DSP 360 DSP 144 AVAIL_BRAM 432 BRAM 130 AVAIL_URAM 0 URAM 0 LATCH 0 SRL 357 AVAIL_CLB 0 CLB 0
INFO: HLS-REPORT: generated /nethome/shanda34/FPGA_ECE8893_SJH/2026_Spring/lab4/project_1/hls/impl/verilog/report/vivado_syn.xml
INFO: HLS-REPORT: generated /nethome/shanda34/FPGA_ECE8893_SJH/2026_Spring/lab4/project_1/hls/impl/report/verilog/top_kernel_export.rpt


Implementation tool: Xilinx Vivado v.2025.1.1
Project:             project_1
Solution:            hls
Device target:       xczu3eg-sbva484-1-e
Report date:         Tue Mar 31 01:10:26 EDT 2026

#=== Post-Synthesis Resource usage ===
SLICE:            0
LUT:          15501
FF:           18765
DSP:            144
BRAM:           130
URAM:             0
LATCH:            0
SRL:            357
CLB:              0

#=== Final timing ===
CP required:                     10.000
CP achieved post-synthesis:      6.513
Timing met

TIMESTAMP: HLS-REPORT: synthesis end: 2026-03-31 01:10:26 EDT
# if { $has_impl } {
#   # launch run impl
#   if { [llength $impl_props] } {
#     set_property -dict $impl_props [get_runs impl_1]
#   }
#   launch_runs impl_1
#   wait_on_run impl_1
#   # impl reports
#   hls_vivado_reports_impl impl_1 $report_options
# }
INFO: [Timing 38-480] Writing timing data to binary archive.
Write ShapeDB Complete: Time (s): cpu = 00:00:00.37 ; elapsed = 00:00:00.11 . Memory (MB): peak = 0.000 ; gain = 0.000 ; free physical = 296705 ; free virtual = 377440
WARNING: [Common 17-210] 'write_hwdef' is deprecated.
[Tue Mar 31 01:10:30 2026] Launched impl_1...
Run output will be captured here: /nethome/shanda34/FPGA_ECE8893_SJH/2026_Spring/lab4/project_1/hls/impl/verilog/project.runs/impl_1/runme.log
[Tue Mar 31 01:10:30 2026] Waiting for impl_1 to finish...

*** Running vivado
    with args -log bd_0_wrapper.vdi -applog -m64 -product Vivado -messageDb vivado.pb -mode batch -source bd_0_wrapper.tcl -notrace


****** Vivado v2025.1.1 (64-bit)
  **** SW Build 6233196 on Thu Sep 11 21:27:11 MDT 2025
  **** IP Build 6232796 on Fri Sep 12 01:46:16 MDT 2025
  **** SharedData Build 6233195 on Thu Sep 11 17:56:43 MDT 2025
  **** Start of session at: Tue Mar 31 01:10:34 2026
    ** Copyright 1986-2022 Xilinx, Inc. All Rights Reserved.
    ** Copyright 2022-2025 Advanced Micro Devices, Inc. All Rights Reserved.

source bd_0_wrapper.tcl -notrace
INFO: Dispatch client connection id - 35371
Command: open_checkpoint /nethome/shanda34/FPGA_ECE8893_SJH/2026_Spring/lab4/project_1/hls/impl/verilog/project.runs/impl_1/bd_0_wrapper.dcp
INFO: [Device 21-403] Loading part xczu3eg-sbva484-1-e
Netlist sorting complete. Time (s): cpu = 00:00:00.34 ; elapsed = 00:00:00.34 . Memory (MB): peak = 0.000 ; gain = 0.000 ; free physical = 294911 ; free virtual = 375649
INFO: [Netlist 29-17] Analyzing 1059 Unisim elements for replacement
INFO: [Netlist 29-28] Unisim Transformation completed in 1 CPU seconds
INFO: [Project 1-479] Netlist was created with Vivado 2025.1.1
INFO: [Project 1-570] Preparing netlist for logic optimization
Read ShapeDB Complete: Time (s): cpu = 00:00:00.08 ; elapsed = 00:00:00.09 . Memory (MB): peak = 0.000 ; gain = 0.000 ; free physical = 294896 ; free virtual = 375625
INFO: [Timing 38-478] Restoring timing data from binary archive.
INFO: [Timing 38-479] Binary timing data restore complete.
INFO: [Project 1-856] Restoring constraints from binary archive.
INFO: [Project 1-853] Binary constraint restore complete.
Netlist sorting complete. Time (s): cpu = 00:00:00.01 ; elapsed = 00:00:00.01 . Memory (MB): peak = 0.000 ; gain = 0.000 ; free physical = 293254 ; free virtual = 373988
INFO: [Project 1-111] Unisim Transformation Summary:
  A total of 144 instances were transformed.
  DSP48E2 => DSP48E2 (DSP_ALU, DSP_A_B_DATA, DSP_C_DATA, DSP_MULTIPLIER, DSP_M_DATA, DSP_OUTPUT, DSP_PREADD, DSP_PREADD_DATA): 144 instances

INFO: [Project 1-604] Checkpoint was created with Vivado v2025.1.1 (64-bit) build 6233196
open_checkpoint: Time (s): cpu = 00:00:51 ; elapsed = 00:00:40 . Memory (MB): peak = 0.000 ; gain = 0.000 ; free physical = 293246 ; free virtual = 373980
INFO: [IP_Flow 19-234] Refreshing IP repositories
INFO: [IP_Flow 19-1700] Loaded user IP repository '/nethome/shanda34/FPGA_ECE8893_SJH/2026_Spring/lab4/project_1/hls/impl/ip'.
INFO: [IP_Flow 19-2313] Loaded Vivado IP repository '/tools/software/xilinx/2025.1.1/data/ip'.
Command: opt_design
Attempting to get a license for feature 'Implementation' and/or device 'xczu3eg'
INFO: [Common 17-349] Got license for feature 'Implementation' and/or device 'xczu3eg'
Running DRC as a precondition to command opt_design

Starting DRC Task
INFO: [DRC 23-27] Running DRC with 8 threads
WARNING: [DRC 23-814] Not all possible (connectivity based) DRCs may have been run because this design is seen as Out of Context.
INFO: [Project 1-461] DRC finished with 0 Errors
INFO: [Project 1-462] Please refer to the DRC report (report_drc) for more information.

Time (s): cpu = 00:00:06 ; elapsed = 00:00:02 . Memory (MB): peak = 0.000 ; gain = 0.000 ; free physical = 293000 ; free virtual = 373734

Starting Cache Timing Information Task
Ending Cache Timing Information Task | Checksum: 126475f2e

Time (s): cpu = 00:00:01 ; elapsed = 00:00:01 . Memory (MB): peak = 0.000 ; gain = 0.000 ; free physical = 292928 ; free virtual = 373662

Starting Logic Optimization Task

Phase 1 Initialization

Phase 1.1 Core Generation And Design Setup
Phase 1.1 Core Generation And Design Setup | Checksum: 126475f2e

Time (s): cpu = 00:00:00.1 ; elapsed = 00:00:00.09 . Memory (MB): peak = 0.000 ; gain = 0.000 ; free physical = 292979 ; free virtual = 373717

Phase 1.2 Setup Constraints And Sort Netlist
Phase 1.2 Setup Constraints And Sort Netlist | Checksum: 126475f2e

Time (s): cpu = 00:00:00.12 ; elapsed = 00:00:00.12 . Memory (MB): peak = 0.000 ; gain = 0.000 ; free physical = 292977 ; free virtual = 373715
Phase 1 Initialization | Checksum: 126475f2e

Time (s): cpu = 00:00:00.12 ; elapsed = 00:00:00.12 . Memory (MB): peak = 0.000 ; gain = 0.000 ; free physical = 292976 ; free virtual = 373714

Phase 2 Timer Update And Timing Data Collection

Phase 2.1 Timer Update
Phase 2.1 Timer Update | Checksum: 126475f2e

Time (s): cpu = 00:00:06 ; elapsed = 00:00:02 . Memory (MB): peak = 0.000 ; gain = 0.000 ; free physical = 292854 ; free virtual = 373592

Phase 2.2 Timing Data Collection
Phase 2.2 Timing Data Collection | Checksum: 126475f2e

Time (s): cpu = 00:00:06 ; elapsed = 00:00:02 . Memory (MB): peak = 0.000 ; gain = 0.000 ; free physical = 292844 ; free virtual = 373583
Phase 2 Timer Update And Timing Data Collection | Checksum: 126475f2e

Time (s): cpu = 00:00:06 ; elapsed = 00:00:02 . Memory (MB): peak = 0.000 ; gain = 0.000 ; free physical = 292844 ; free virtual = 373583

Phase 3 Retarget
INFO: [Opt 31-1851] Number of loadless carry chains removed were: 0
INFO: [Opt 31-1834] Total Chains To Be Transformed Were: 0 AND Number of Transformed insts Created are: 0
INFO: [Opt 31-1566] Pulled 1 inverters resulting in an inversion of 17 pins
INFO: [Opt 31-138] Pushed 2 inverter(s) to 2580 load pin(s).
INFO: [Opt 31-49] Retargeted 0 cell(s).
Phase 3 Retarget | Checksum: 864255a0

Time (s): cpu = 00:00:07 ; elapsed = 00:00:03 . Memory (MB): peak = 0.000 ; gain = 0.000 ; free physical = 292834 ; free virtual = 373574
Retarget | Checksum: 864255a0
INFO: [Opt 31-389] Phase Retarget created 1 cells and removed 6 cells

Phase 4 Constant propagation
INFO: [Opt 31-138] Pushed 0 inverter(s) to 0 load pin(s).
Phase 4 Constant propagation | Checksum: e909bc84

Time (s): cpu = 00:00:08 ; elapsed = 00:00:03 . Memory (MB): peak = 0.000 ; gain = 0.000 ; free physical = 293093 ; free virtual = 373839
Constant propagation | Checksum: e909bc84
INFO: [Opt 31-389] Phase Constant propagation created 0 cells and removed 0 cells

Phase 5 Sweep
INFO: [Constraints 18-11670] Building netlist checker database with flags, 0x8
Done building netlist checker database: Time (s): cpu = 00:00:00.03 ; elapsed = 00:00:00.03 . Memory (MB): peak = 0.000 ; gain = 0.000 ; free physical = 293085 ; free virtual = 373830
INFO: [Constraints 18-11670] Building netlist checker database with flags, 0x8
Done building netlist checker database: Time (s): cpu = 00:00:00.03 ; elapsed = 00:00:00.03 . Memory (MB): peak = 0.000 ; gain = 0.000 ; free physical = 293116 ; free virtual = 373850
Phase 5 Sweep | Checksum: f56140af

Time (s): cpu = 00:00:09 ; elapsed = 00:00:04 . Memory (MB): peak = 0.000 ; gain = 0.000 ; free physical = 293115 ; free virtual = 373850
Sweep | Checksum: f56140af
INFO: [Opt 31-389] Phase Sweep created 0 cells and removed 0 cells

Phase 6 BUFG optimization
INFO: [Opt 31-1077] Phase BUFG optimization inserted 0 global clock buffer(s) for CLOCK_LOW_FANOUT.
Phase 6 BUFG optimization | Checksum: f56140af

Time (s): cpu = 00:00:09 ; elapsed = 00:00:04 . Memory (MB): peak = 0.000 ; gain = 0.000 ; free physical = 293115 ; free virtual = 373849
BUFG optimization | Checksum: f56140af
INFO: [Opt 31-662] Phase BUFG optimization created 0 cells of which 0 are BUFGs and removed 0 cells.

Phase 7 Shift Register Optimization
INFO: [Opt 31-1064] SRL Remap converted 0 SRLs to 0 registers and converted 0 registers of register chains to 0 SRLs
Phase 7 Shift Register Optimization | Checksum: f56140af

Time (s): cpu = 00:00:09 ; elapsed = 00:00:04 . Memory (MB): peak = 0.000 ; gain = 0.000 ; free physical = 293115 ; free virtual = 373849
Shift Register Optimization | Checksum: f56140af
INFO: [Opt 31-389] Phase Shift Register Optimization created 0 cells and removed 0 cells

Phase 8 Post Processing Netlist
Phase 8 Post Processing Netlist | Checksum: f56140af

Time (s): cpu = 00:00:09 ; elapsed = 00:00:05 . Memory (MB): peak = 0.000 ; gain = 0.000 ; free physical = 293075 ; free virtual = 373809
Post Processing Netlist | Checksum: f56140af
INFO: [Opt 31-389] Phase Post Processing Netlist created 0 cells and removed 0 cells

Phase 9 Finalization

Phase 9.1 Finalizing Design Cores and Updating Shapes
Phase 9.1 Finalizing Design Cores and Updating Shapes | Checksum: b3c8596c

Time (s): cpu = 00:00:12 ; elapsed = 00:00:07 . Memory (MB): peak = 0.000 ; gain = 0.000 ; free physical = 293086 ; free virtual = 373820

Phase 9.2 Verifying Netlist Connectivity

Starting Connectivity Check Task

Time (s): cpu = 00:00:00.06 ; elapsed = 00:00:00.06 . Memory (MB): peak = 0.000 ; gain = 0.000 ; free physical = 293104 ; free virtual = 373838
Phase 9.2 Verifying Netlist Connectivity | Checksum: b3c8596c

Time (s): cpu = 00:00:12 ; elapsed = 00:00:07 . Memory (MB): peak = 0.000 ; gain = 0.000 ; free physical = 293104 ; free virtual = 373838
Phase 9 Finalization | Checksum: b3c8596c

Time (s): cpu = 00:00:12 ; elapsed = 00:00:07 . Memory (MB): peak = 0.000 ; gain = 0.000 ; free physical = 293104 ; free virtual = 373838
Opt_design Change Summary
=========================


-------------------------------------------------------------------------------------------------------------------------
|  Phase                        |  #Cells created  |  #Cells Removed  |  #Constrained objects preventing optimizations  |
-------------------------------------------------------------------------------------------------------------------------
|  Retarget                     |               1  |               6  |                                              0  |
|  Constant propagation         |               0  |               0  |                                              0  |
|  Sweep                        |               0  |               0  |                                              0  |
|  BUFG optimization            |               0  |               0  |                                              0  |
|  Shift Register Optimization  |               0  |               0  |                                              0  |
|  Post Processing Netlist      |               0  |               0  |                                              0  |
-------------------------------------------------------------------------------------------------------------------------


Ending Logic Optimization Task | Checksum: b3c8596c

Time (s): cpu = 00:00:12 ; elapsed = 00:00:07 . Memory (MB): peak = 0.000 ; gain = 0.000 ; free physical = 293104 ; free virtual = 373838

Starting Power Optimization Task
INFO: [Pwropt 34-132] Skipping clock gating for clocks with a period < 2.00 ns.
INFO: [Pwropt 34-9] Applying IDT optimizations ...
INFO: [Pwropt 34-10] Applying ODC optimizations ...
INFO: [Timing 38-35] Done setting XDC timing constraints.
Running Vector-less Activity Propagation...

Finished Running Vector-less Activity Propagation


Starting PowerOpt Patch Enables Task
INFO: [Pwropt 34-162] WRITE_MODE attribute of 0 BRAM(s) out of a total of 68 has been updated to save power. Run report_power_opt to get a complete listing of the BRAMs updated.
INFO: [Timing 38-35] Done setting XDC timing constraints.
INFO: [Pwropt 34-201] Structural ODC has moved 28 WE to EN ports
Number of BRAM Ports augmented: 4 newly gated: 44 Total Ports: 136
Ending PowerOpt Patch Enables Task | Checksum: e2aada67

Time (s): cpu = 00:00:24 ; elapsed = 00:00:05 . Memory (MB): peak = 0.000 ; gain = 0.000 ; free physical = 292393 ; free virtual = 373127
Ending Power Optimization Task | Checksum: e2aada67

Time (s): cpu = 00:01:04 ; elapsed = 00:00:18 . Memory (MB): peak = 0.000 ; gain = 0.000 ; free physical = 292396 ; free virtual = 373130

Starting Final Cleanup Task

Starting Logic Optimization Task
INFO: [Timing 38-35] Done setting XDC timing constraints.
Ending Logic Optimization Task | Checksum: f8ce8ec8

Time (s): cpu = 00:00:29 ; elapsed = 00:00:07 . Memory (MB): peak = 0.000 ; gain = 0.000 ; free physical = 292450 ; free virtual = 373185
Ending Final Cleanup Task | Checksum: f8ce8ec8

Time (s): cpu = 00:00:33 ; elapsed = 00:00:11 . Memory (MB): peak = 0.000 ; gain = 0.000 ; free physical = 292450 ; free virtual = 373185

Starting Netlist Obfuscation Task
Netlist sorting complete. Time (s): cpu = 00:00:00 ; elapsed = 00:00:00.01 . Memory (MB): peak = 0.000 ; gain = 0.000 ; free physical = 292450 ; free virtual = 373185
Ending Netlist Obfuscation Task | Checksum: f8ce8ec8

Time (s): cpu = 00:00:00.01 ; elapsed = 00:00:00.01 . Memory (MB): peak = 0.000 ; gain = 0.000 ; free physical = 292450 ; free virtual = 373185
INFO: [Common 17-83] Releasing license: Implementation
43 Infos, 1 Warnings, 0 Critical Warnings and 0 Errors encountered.
opt_design completed successfully
opt_design: Time (s): cpu = 00:01:59 ; elapsed = 00:00:42 . Memory (MB): peak = 0.000 ; gain = 0.000 ; free physical = 292450 ; free virtual = 373185
INFO: [Vivado 12-24828] Executing command : report_drc -file bd_0_wrapper_drc_opted.rpt -pb bd_0_wrapper_drc_opted.pb -rpx bd_0_wrapper_drc_opted.rpx
Command: report_drc -file bd_0_wrapper_drc_opted.rpt -pb bd_0_wrapper_drc_opted.pb -rpx bd_0_wrapper_drc_opted.rpx
INFO: [IP_Flow 19-1839] IP Catalog is up to date.
INFO: [DRC 23-27] Running DRC with 8 threads
WARNING: [DRC 23-814] Not all possible (connectivity based) DRCs may have been run because this design is seen as Out of Context.
INFO: [Vivado_Tcl 2-168] The results of DRC are in file /nethome/shanda34/FPGA_ECE8893_SJH/2026_Spring/lab4/project_1/hls/impl/verilog/project.runs/impl_1/bd_0_wrapper_drc_opted.rpt.
report_drc completed successfully
report_drc: Time (s): cpu = 00:00:30 ; elapsed = 00:00:13 . Memory (MB): peak = 0.000 ; gain = 0.000 ; free physical = 289989 ; free virtual = 370724
generate_parallel_reports: Time (s): cpu = 00:00:30 ; elapsed = 00:00:13 . Memory (MB): peak = 0.000 ; gain = 0.000 ; free physical = 289996 ; free virtual = 370730
INFO: [Timing 38-35] Done setting XDC timing constraints.
INFO: [Timing 38-480] Writing timing data to binary archive.
Write ShapeDB Complete: Time (s): cpu = 00:00:00.41 ; elapsed = 00:00:00.12 . Memory (MB): peak = 0.000 ; gain = 0.000 ; free physical = 289969 ; free virtual = 370709
INFO: [Common 17-1381] The checkpoint '/nethome/shanda34/FPGA_ECE8893_SJH/2026_Spring/lab4/project_1/hls/impl/verilog/project.runs/impl_1/bd_0_wrapper_opt.dcp' has been generated.
write_checkpoint: Time (s): cpu = 00:00:25 ; elapsed = 00:00:07 . Memory (MB): peak = 0.000 ; gain = 0.000 ; free physical = 289945 ; free virtual = 370689
Command: place_design
Attempting to get a license for feature 'Implementation' and/or device 'xczu3eg'
INFO: [Common 17-349] Got license for feature 'Implementation' and/or device 'xczu3eg'
INFO: [Common 17-83] Releasing license: Implementation
INFO: [DRC 23-27] Running DRC with 8 threads
WARNING: [DRC 23-814] Not all possible (connectivity based) DRCs may have been run because this design is seen as Out of Context.
INFO: [Vivado_Tcl 4-198] DRC finished with 0 Errors
INFO: [Vivado_Tcl 4-199] Please refer to the DRC report (report_drc) for more information.
Running DRC as a precondition to command place_design
INFO: [DRC 23-27] Running DRC with 8 threads
WARNING: [DRC 23-814] Not all possible (connectivity based) DRCs may have been run because this design is seen as Out of Context.
INFO: [Vivado_Tcl 4-198] DRC finished with 0 Errors
INFO: [Vivado_Tcl 4-199] Please refer to the DRC report (report_drc) for more information.
INFO: [Place 30-611] Multithreading enabled for place_design using a maximum of 8 CPUs

Starting Placer Task

Phase 1 Placer Initialization

Phase 1.1 Placer Initialization Netlist Sorting
Netlist sorting complete. Time (s): cpu = 00:00:00.01 ; elapsed = 00:00:00.01 . Memory (MB): peak = 0.000 ; gain = 0.000 ; free physical = 289951 ; free virtual = 370694
Phase 1.1 Placer Initialization Netlist Sorting | Checksum: b36be43b

Time (s): cpu = 00:00:00.06 ; elapsed = 00:00:00.06 . Memory (MB): peak = 0.000 ; gain = 0.000 ; free physical = 289951 ; free virtual = 370694
Netlist sorting complete. Time (s): cpu = 00:00:00.01 ; elapsed = 00:00:00.01 . Memory (MB): peak = 0.000 ; gain = 0.000 ; free physical = 289951 ; free virtual = 370694

Phase 1.2 IO Placement/ Clock Placement/ Build Placer Device
Phase 1.2 IO Placement/ Clock Placement/ Build Placer Device | Checksum: dd1a928d

Time (s): cpu = 00:00:40 ; elapsed = 00:00:26 . Memory (MB): peak = 0.000 ; gain = 0.000 ; free physical = 289573 ; free virtual = 370317

Phase 1.3 Build Placer Netlist Model
Phase 1.3 Build Placer Netlist Model | Checksum: 149c5918a

Time (s): cpu = 00:01:13 ; elapsed = 00:00:41 . Memory (MB): peak = 0.000 ; gain = 0.000 ; free physical = 289583 ; free virtual = 370327

Phase 1.4 Constrain Clocks/Macros
Phase 1.4 Constrain Clocks/Macros | Checksum: 149c5918a

Time (s): cpu = 00:01:13 ; elapsed = 00:00:41 . Memory (MB): peak = 0.000 ; gain = 0.000 ; free physical = 289583 ; free virtual = 370327
Phase 1 Placer Initialization | Checksum: 149c5918a

Time (s): cpu = 00:01:13 ; elapsed = 00:00:41 . Memory (MB): peak = 0.000 ; gain = 0.000 ; free physical = 289579 ; free virtual = 370322

Phase 2 Global Placement

Phase 2.1 Floorplanning

Phase 2.1.1 Partition Driven Placement

Phase 2.1.1.1 PBP: Partition Driven Placement
Phase 2.1.1.1 PBP: Partition Driven Placement | Checksum: 1cd34075b

Time (s): cpu = 00:01:43 ; elapsed = 00:00:53 . Memory (MB): peak = 0.000 ; gain = 0.000 ; free physical = 289587 ; free virtual = 370331

Phase 2.1.1.2 PBP: Clock Region Placement
INFO: [Place 30-3164] Check ILP status : ILP-based clock placer is skipped.
Phase 2.1.1.2 PBP: Clock Region Placement | Checksum: 1cd34075b

Time (s): cpu = 00:01:43 ; elapsed = 00:00:53 . Memory (MB): peak = 0.000 ; gain = 0.000 ; free physical = 289586 ; free virtual = 370330

Phase 2.1.1.3 PBP: Discrete Incremental
Phase 2.1.1.3 PBP: Discrete Incremental | Checksum: 10488e750

Time (s): cpu = 00:01:44 ; elapsed = 00:00:53 . Memory (MB): peak = 0.000 ; gain = 0.000 ; free physical = 289588 ; free virtual = 370332

Phase 2.1.1.4 PBP: Compute Congestion
Phase 2.1.1.4 PBP: Compute Congestion | Checksum: 10488e750

Time (s): cpu = 00:02:01 ; elapsed = 00:00:58 . Memory (MB): peak = 0.000 ; gain = 0.000 ; free physical = 289339 ; free virtual = 370083

Phase 2.1.1.5 PBP: Macro Placement
Phase 2.1.1.5 PBP: Macro Placement | Checksum: 1cb2a157f

Time (s): cpu = 00:02:04 ; elapsed = 00:01:00 . Memory (MB): peak = 0.000 ; gain = 0.000 ; free physical = 289345 ; free virtual = 370090

Phase 2.1.1.6 PBP: UpdateTiming
Phase 2.1.1.6 PBP: UpdateTiming | Checksum: 1c9e2c4b4

Time (s): cpu = 00:02:08 ; elapsed = 00:01:02 . Memory (MB): peak = 0.000 ; gain = 0.000 ; free physical = 289333 ; free virtual = 370077

Phase 2.1.1.7 PBP: Add part constraints
Phase 2.1.1.7 PBP: Add part constraints | Checksum: 1c9e2c4b4

Time (s): cpu = 00:02:09 ; elapsed = 00:01:02 . Memory (MB): peak = 0.000 ; gain = 0.000 ; free physical = 289333 ; free virtual = 370077
Phase 2.1.1 Partition Driven Placement | Checksum: 1c9e2c4b4

Time (s): cpu = 00:02:09 ; elapsed = 00:01:02 . Memory (MB): peak = 0.000 ; gain = 0.000 ; free physical = 289332 ; free virtual = 370077
Phase 2.1 Floorplanning | Checksum: 1b4eb9f97

Time (s): cpu = 00:02:09 ; elapsed = 00:01:02 . Memory (MB): peak = 0.000 ; gain = 0.000 ; free physical = 289329 ; free virtual = 370074

Phase 2.2 Update Timing before SLR Path Opt
Phase 2.2 Update Timing before SLR Path Opt | Checksum: 1b4eb9f97

Time (s): cpu = 00:02:09 ; elapsed = 00:01:02 . Memory (MB): peak = 0.000 ; gain = 0.000 ; free physical = 289328 ; free virtual = 370073

Phase 2.3 Post-Processing in Floorplanning
Phase 2.3 Post-Processing in Floorplanning | Checksum: 1b4eb9f97

Time (s): cpu = 00:02:10 ; elapsed = 00:01:03 . Memory (MB): peak = 0.000 ; gain = 0.000 ; free physical = 289325 ; free virtual = 370070

Phase 2.4 Global Place Phase1
Phase 2.4 Global Place Phase1 | Checksum: 1e7c1c1d5

Time (s): cpu = 00:03:16 ; elapsed = 00:01:25 . Memory (MB): peak = 0.000 ; gain = 0.000 ; free physical = 289204 ; free virtual = 369792

Phase 2.5 Global Place Phase2

Phase 2.5.1 UpdateTiming Before Physical Synthesis
Phase 2.5.1 UpdateTiming Before Physical Synthesis | Checksum: 1dfb148a1

Time (s): cpu = 00:03:22 ; elapsed = 00:01:27 . Memory (MB): peak = 0.000 ; gain = 0.000 ; free physical = 289197 ; free virtual = 369785

Phase 2.5.2 Physical Synthesis In Placer
INFO: [Physopt 32-1035] Found 0 LUTNM shape to break, 547 LUT instances to create LUTNM shape
INFO: [Physopt 32-1044] Break lutnm for timing: one critical 0, two critical 0, total 0, new lutff created 0
INFO: [Physopt 32-1138] End 1 Pass. Optimized 251 nets or LUTs. Breaked 0 LUT, combined 251 existing LUTs and moved 0 existing LUT
INFO: [Physopt 32-670] No setup violation found.  Equivalent Driver Rewiring was not performed.
INFO: [Physopt 32-65] No nets found for high-fanout optimization.
INFO: [Physopt 32-232] Optimized 0 net. Created 0 new instance.
INFO: [Physopt 32-775] End 1 Pass. Optimized 0 net or cell. Created 0 new cell, deleted 0 existing cell and moved 0 existing cell
INFO: [Physopt 32-670] No setup violation found.  DSP Register Optimization was not performed.
INFO: [Physopt 32-670] No setup violation found.  Shift Register to Pipeline Optimization was not performed.
INFO: [Physopt 32-670] No setup violation found.  Shift Register Optimization was not performed.
INFO: [Physopt 32-670] No setup violation found.  BRAM Register Optimization was not performed.
INFO: [Physopt 32-670] No setup violation found.  URAM Register Optimization was not performed.
INFO: [Physopt 32-949] No candidate nets found for dynamic/static region interface net replication
INFO: [Physopt 32-775] End 1 Pass. Optimized 0 net or cell. Created 0 new cell, deleted 0 existing cell and moved 0 existing cell
Netlist sorting complete. Time (s): cpu = 00:00:00.02 ; elapsed = 00:00:00.01 . Memory (MB): peak = 0.000 ; gain = 0.000 ; free physical = 289194 ; free virtual = 369782

Summary of Physical Synthesis Optimizations
============================================


-----------------------------------------------------------------------------------------------------------------------------------------------------------
|  Optimization                                     |  Added Cells  |  Removed Cells  |  Optimized Cells/Nets  |  Dont Touch  |  Iterations  |  Elapsed   |
-----------------------------------------------------------------------------------------------------------------------------------------------------------
|  LUT Combining                                    |            0  |            251  |                   251  |           0  |           1  |  00:00:01  |
|  Retime                                           |            0  |              0  |                     0  |           0  |           1  |  00:00:00  |
|  Equivalent Driver Rewiring                       |            0  |              0  |                     0  |           0  |           0  |  00:00:00  |
|  Very High Fanout                                 |            0  |              0  |                     0  |           0  |           1  |  00:00:00  |
|  DSP Register                                     |            0  |              0  |                     0  |           0  |           0  |  00:00:00  |
|  Shift Register to Pipeline                       |            0  |              0  |                     0  |           0  |           0  |  00:00:00  |
|  Shift Register                                   |            0  |              0  |                     0  |           0  |           0  |  00:00:00  |
|  BRAM Register                                    |            0  |              0  |                     0  |           0  |           0  |  00:00:00  |
|  URAM Register                                    |            0  |              0  |                     0  |           0  |           0  |  00:00:00  |
|  Dynamic/Static Region Interface Net Replication  |            0  |              0  |                     0  |           0  |           1  |  00:00:00  |
|  Total                                            |            0  |            251  |                   251  |           0  |           4  |  00:00:01  |
-----------------------------------------------------------------------------------------------------------------------------------------------------------


Phase 2.5.2 Physical Synthesis In Placer | Checksum: 267d1b28c

Time (s): cpu = 00:03:31 ; elapsed = 00:01:32 . Memory (MB): peak = 0.000 ; gain = 0.000 ; free physical = 289086 ; free virtual = 369678
Phase 2.5 Global Place Phase2 | Checksum: 121fad9c4

Time (s): cpu = 00:03:53 ; elapsed = 00:01:40 . Memory (MB): peak = 0.000 ; gain = 0.000 ; free physical = 288932 ; free virtual = 369525
Phase 2 Global Placement | Checksum: 121fad9c4

Time (s): cpu = 00:03:53 ; elapsed = 00:01:40 . Memory (MB): peak = 0.000 ; gain = 0.000 ; free physical = 288924 ; free virtual = 369517

Phase 3 Detail Placement

Phase 3.1 Commit Multi Column Macros
Phase 3.1 Commit Multi Column Macros | Checksum: 18c3d2bdf

Time (s): cpu = 00:04:14 ; elapsed = 00:01:46 . Memory (MB): peak = 0.000 ; gain = 0.000 ; free physical = 288774 ; free virtual = 369371

Phase 3.2 Commit Most Macros & LUTRAMs
Phase 3.2 Commit Most Macros & LUTRAMs | Checksum: 27c8a5210

Time (s): cpu = 00:04:22 ; elapsed = 00:01:49 . Memory (MB): peak = 0.000 ; gain = 0.000 ; free physical = 289011 ; free virtual = 369609

Phase 3.3 Small Shape DP

Phase 3.3.1 Small Shape Clustering
Phase 3.3.1 Small Shape Clustering | Checksum: 280fcc417

Time (s): cpu = 00:04:40 ; elapsed = 00:01:55 . Memory (MB): peak = 0.000 ; gain = 0.000 ; free physical = 289442 ; free virtual = 370041

Phase 3.3.2 Slice Area Swap

Phase 3.3.2.1 Slice Area Swap Initial
Phase 3.3.2.1 Slice Area Swap Initial | Checksum: 1a83e0f13

Time (s): cpu = 00:04:44 ; elapsed = 00:01:58 . Memory (MB): peak = 0.000 ; gain = 0.000 ; free physical = 289957 ; free virtual = 370555
Phase 3.3.2 Slice Area Swap | Checksum: 1a83e0f13

Time (s): cpu = 00:04:45 ; elapsed = 00:01:58 . Memory (MB): peak = 0.000 ; gain = 0.000 ; free physical = 290001 ; free virtual = 370599
Phase 3.3 Small Shape DP | Checksum: 182e5e3c0

Time (s): cpu = 00:04:56 ; elapsed = 00:02:01 . Memory (MB): peak = 0.000 ; gain = 0.000 ; free physical = 290557 ; free virtual = 371155

Phase 3.4 Re-assign LUT pins
Phase 3.4 Re-assign LUT pins | Checksum: 13c91c455

Time (s): cpu = 00:04:59 ; elapsed = 00:02:03 . Memory (MB): peak = 0.000 ; gain = 0.000 ; free physical = 290896 ; free virtual = 371494

Phase 3.5 Pipeline Register Optimization
Phase 3.5 Pipeline Register Optimization | Checksum: 10d9d3f96

Time (s): cpu = 00:04:59 ; elapsed = 00:02:03 . Memory (MB): peak = 0.000 ; gain = 0.000 ; free physical = 290930 ; free virtual = 371528
Phase 3 Detail Placement | Checksum: 10d9d3f96

Time (s): cpu = 00:05:00 ; elapsed = 00:02:04 . Memory (MB): peak = 0.000 ; gain = 0.000 ; free physical = 290946 ; free virtual = 371544

Phase 4 Post Placement Optimization and Clean-Up

Phase 4.1 Post Commit Optimization
INFO: [Timing 38-35] Done setting XDC timing constraints.

Phase 4.1.1 Post Placement Optimization
Post Placement Optimization Initialization | Checksum: 178ec9c3c

Phase 4.1.1.1 BUFG Insertion

Starting Physical Synthesis Task

Phase 1 Physical Synthesis Initialization
INFO: [Physopt 32-721] Multithreading enabled for phys_opt_design using a maximum of 8 CPUs
INFO: [Physopt 32-619] Estimated Timing Summary | WNS=1.257 | TNS=0.000 |
Phase 1 Physical Synthesis Initialization | Checksum: 15a6594f8

Time (s): cpu = 00:00:04 ; elapsed = 00:00:00.89 . Memory (MB): peak = 0.000 ; gain = 0.000 ; free physical = 292339 ; free virtual = 372937
INFO: [Place 30-3162] Check ILP status : ILP-based clock placer completed successfully.
INFO: [Place 30-3162] Check ILP status : ILP-based clock placer completed successfully.
INFO: [Place 46-35] Processed net bd_0_i/hls_inst/inst/gmem0_m_axi_U/bus_read/rs_rdata/load_p1, inserted BUFG to drive 1025 loads.
INFO: [Place 46-35] Processed net bd_0_i/hls_inst/inst/gmem0_m_axi_U/bus_read/rs_rdata/load_p2, inserted BUFG to drive 1025 loads.
INFO: [Place 46-56] BUFG insertion identified 2 candidate nets. Inserted BUFG: 2, Replicated BUFG Driver: 0, Skipped due to Placement/Routing Conflicts: 0, Skipped due to Timing Degradation: 0, Skipped due to netlist editing failed: 0.
Ending Physical Synthesis Task | Checksum: 1e1b9a4bc

Time (s): cpu = 00:00:08 ; elapsed = 00:00:02 . Memory (MB): peak = 0.000 ; gain = 0.000 ; free physical = 292181 ; free virtual = 372780
Phase 4.1.1.1 BUFG Insertion | Checksum: 201214f20

Time (s): cpu = 00:06:04 ; elapsed = 00:02:20 . Memory (MB): peak = 0.000 ; gain = 0.000 ; free physical = 292159 ; free virtual = 372757

Phase 4.1.1.2 Post Placement Timing Optimization
INFO: [Place 30-746] Post Placement Timing Summary WNS=1.257. For the most accurate timing information please run report_timing.
Phase 4.1.1.2 Post Placement Timing Optimization | Checksum: 2a30973da

Time (s): cpu = 00:06:04 ; elapsed = 00:02:20 . Memory (MB): peak = 0.000 ; gain = 0.000 ; free physical = 292133 ; free virtual = 372731

Time (s): cpu = 00:06:04 ; elapsed = 00:02:20 . Memory (MB): peak = 0.000 ; gain = 0.000 ; free physical = 292133 ; free virtual = 372731
Phase 4.1 Post Commit Optimization | Checksum: 2a30973da

Time (s): cpu = 00:06:05 ; elapsed = 00:02:20 . Memory (MB): peak = 0.000 ; gain = 0.000 ; free physical = 292106 ; free virtual = 372704
Netlist sorting complete. Time (s): cpu = 00:00:00.01 ; elapsed = 00:00:00.01 . Memory (MB): peak = 0.000 ; gain = 0.000 ; free physical = 291793 ; free virtual = 372392

Phase 4.2 Post Placement Cleanup
Phase 4.2 Post Placement Cleanup | Checksum: 283c0475d

Time (s): cpu = 00:06:25 ; elapsed = 00:02:28 . Memory (MB): peak = 0.000 ; gain = 0.000 ; free physical = 291795 ; free virtual = 372393

Phase 4.3 Placer Reporting

Phase 4.3.1 Print Estimated Congestion
INFO: [Place 30-612] Post-Placement Estimated Congestion 
 ________________________________________________________________________
|           | Global Congestion | Long Congestion   | Short Congestion  |
| Direction | Region Size       | Region Size       | Region Size       |
|___________|___________________|___________________|___________________|
|      North|                1x1|                1x1|                2x2|
|___________|___________________|___________________|___________________|
|      South|                1x1|                1x1|                1x1|
|___________|___________________|___________________|___________________|
|       East|                1x1|                1x1|                4x4|
|___________|___________________|___________________|___________________|
|       West|                1x1|                1x1|                4x4|
|___________|___________________|___________________|___________________|

Phase 4.3.1 Print Estimated Congestion | Checksum: 283c0475d

Time (s): cpu = 00:06:26 ; elapsed = 00:02:28 . Memory (MB): peak = 0.000 ; gain = 0.000 ; free physical = 291789 ; free virtual = 372388
Phase 4.3 Placer Reporting | Checksum: 283c0475d

Time (s): cpu = 00:06:26 ; elapsed = 00:02:28 . Memory (MB): peak = 0.000 ; gain = 0.000 ; free physical = 291793 ; free virtual = 372392

Phase 4.4 Final Placement Cleanup
Netlist sorting complete. Time (s): cpu = 00:00:00.01 ; elapsed = 00:00:00.01 . Memory (MB): peak = 0.000 ; gain = 0.000 ; free physical = 291793 ; free virtual = 372392

Time (s): cpu = 00:06:26 ; elapsed = 00:02:28 . Memory (MB): peak = 0.000 ; gain = 0.000 ; free physical = 291793 ; free virtual = 372392
Phase 4 Post Placement Optimization and Clean-Up | Checksum: 28784d8a6

Time (s): cpu = 00:06:27 ; elapsed = 00:02:29 . Memory (MB): peak = 0.000 ; gain = 0.000 ; free physical = 291794 ; free virtual = 372392
Ending Placer Task | Checksum: 19812af7f

Time (s): cpu = 00:06:27 ; elapsed = 00:02:29 . Memory (MB): peak = 0.000 ; gain = 0.000 ; free physical = 291794 ; free virtual = 372392
84 Infos, 4 Warnings, 0 Critical Warnings and 0 Errors encountered.
place_design completed successfully
place_design: Time (s): cpu = 00:06:54 ; elapsed = 00:02:41 . Memory (MB): peak = 0.000 ; gain = 0.000 ; free physical = 291789 ; free virtual = 372387
INFO: [Vivado 12-24838] Running report commands "report_control_sets, report_io, report_utilization" in parallel.
Running report generation with 3 threads.
INFO: [Vivado 12-24828] Executing command : report_control_sets -verbose -file bd_0_wrapper_control_sets_placed.rpt
report_control_sets: Time (s): cpu = 00:00:00.51 ; elapsed = 00:00:00.43 . Memory (MB): peak = 0.000 ; gain = 0.000 ; free physical = 291776 ; free virtual = 372374
INFO: [Vivado 12-24828] Executing command : report_io -file bd_0_wrapper_io_placed.rpt
report_io: Time (s): cpu = 00:00:00.81 ; elapsed = 00:00:00.64 . Memory (MB): peak = 0.000 ; gain = 0.000 ; free physical = 291791 ; free virtual = 372389
INFO: [Vivado 12-24828] Executing command : report_utilization -file bd_0_wrapper_utilization_placed.rpt -pb bd_0_wrapper_utilization_placed.pb
INFO: [Timing 38-480] Writing timing data to binary archive.
Write ShapeDB Complete: Time (s): cpu = 00:00:00.58 ; elapsed = 00:00:00.14 . Memory (MB): peak = 0.000 ; gain = 0.000 ; free physical = 291789 ; free virtual = 372394
Wrote PlaceDB: Time (s): cpu = 00:00:06 ; elapsed = 00:00:03 . Memory (MB): peak = 0.000 ; gain = 0.000 ; free physical = 291759 ; free virtual = 372393
Wrote PulsedLatchDB: Time (s): cpu = 00:00:00 ; elapsed = 00:00:00 . Memory (MB): peak = 0.000 ; gain = 0.000 ; free physical = 291756 ; free virtual = 372390
Writing XDEF routing.
Writing XDEF routing logical nets.
Writing XDEF routing special nets.
Wrote RouteStorage: Time (s): cpu = 00:00:00.31 ; elapsed = 00:00:00.35 . Memory (MB): peak = 0.000 ; gain = 0.000 ; free physical = 291687 ; free virtual = 372321
Wrote Netlist Cache: Time (s): cpu = 00:00:00.09 ; elapsed = 00:00:00.17 . Memory (MB): peak = 0.000 ; gain = 0.000 ; free physical = 291673 ; free virtual = 372312
Wrote Device Cache: Time (s): cpu = 00:00:00.02 ; elapsed = 00:00:00.04 . Memory (MB): peak = 0.000 ; gain = 0.000 ; free physical = 291668 ; free virtual = 372310
Write Physdb Complete: Time (s): cpu = 00:00:07 ; elapsed = 00:00:04 . Memory (MB): peak = 0.000 ; gain = 0.000 ; free physical = 291667 ; free virtual = 372310
INFO: [Common 17-1381] The checkpoint '/nethome/shanda34/FPGA_ECE8893_SJH/2026_Spring/lab4/project_1/hls/impl/verilog/project.runs/impl_1/bd_0_wrapper_placed.dcp' has been generated.
write_checkpoint: Time (s): cpu = 00:00:08 ; elapsed = 00:00:06 . Memory (MB): peak = 0.000 ; gain = 0.000 ; free physical = 291743 ; free virtual = 372357
Command: phys_opt_design
Attempting to get a license for feature 'Implementation' and/or device 'xczu3eg'
INFO: [Common 17-349] Got license for feature 'Implementation' and/or device 'xczu3eg'

Starting Initial Update Timing Task
WARNING: [Timing 38-242] The property HD.CLK_SRC of clock port "ap_clk" is not set. In out-of-context mode, this prevents timing estimation for clock delay/skew
Resolution: Set the HD.CLK_SRC property of the out-of-context port to the location of the clock buffer instance in the top-level design
WARNING: [Timing 38-242] The property HD.CLK_SRC of clock port "m_axi_gmem0_rvalid" is not set. In out-of-context mode, this prevents timing estimation for clock delay/skew
Resolution: Set the HD.CLK_SRC property of the out-of-context port to the location of the clock buffer instance in the top-level design

Time (s): cpu = 00:00:20 ; elapsed = 00:00:05 . Memory (MB): peak = 0.000 ; gain = 0.000 ; free physical = 291768 ; free virtual = 372381
INFO: [Vivado_Tcl 4-2279] Estimated Timing Summary | WNS= 1.257 | TNS= 0.000 | 
INFO: [Vivado_Tcl 4-383] Design worst setup slack (WNS) is greater than or equal to 0.000 ns. All physical synthesis setup optimizations will be skipped.
INFO: [Vivado_Tcl 4-232] No setup violation found. The netlist was not modified.
INFO: [Common 17-83] Releasing license: Implementation
95 Infos, 6 Warnings, 0 Critical Warnings and 0 Errors encountered.
phys_opt_design completed successfully
phys_opt_design: Time (s): cpu = 00:00:21 ; elapsed = 00:00:06 . Memory (MB): peak = 0.000 ; gain = 0.000 ; free physical = 291768 ; free virtual = 372381
INFO: [Timing 38-480] Writing timing data to binary archive.
Write ShapeDB Complete: Time (s): cpu = 00:00:00.5 ; elapsed = 00:00:00.12 . Memory (MB): peak = 0.000 ; gain = 0.000 ; free physical = 291748 ; free virtual = 372367
Wrote PlaceDB: Time (s): cpu = 00:00:06 ; elapsed = 00:00:03 . Memory (MB): peak = 0.000 ; gain = 0.000 ; free physical = 291638 ; free virtual = 372286
Wrote PulsedLatchDB: Time (s): cpu = 00:00:00 ; elapsed = 00:00:00 . Memory (MB): peak = 0.000 ; gain = 0.000 ; free physical = 291638 ; free virtual = 372286
Writing XDEF routing.
Writing XDEF routing logical nets.
Writing XDEF routing special nets.
Wrote RouteStorage: Time (s): cpu = 00:00:00.26 ; elapsed = 00:00:00.29 . Memory (MB): peak = 0.000 ; gain = 0.000 ; free physical = 291629 ; free virtual = 372278
Wrote Netlist Cache: Time (s): cpu = 00:00:00.08 ; elapsed = 00:00:00.16 . Memory (MB): peak = 0.000 ; gain = 0.000 ; free physical = 291607 ; free virtual = 372261
Wrote Device Cache: Time (s): cpu = 00:00:00.02 ; elapsed = 00:00:00.04 . Memory (MB): peak = 0.000 ; gain = 0.000 ; free physical = 291602 ; free virtual = 372257
Write Physdb Complete: Time (s): cpu = 00:00:07 ; elapsed = 00:00:03 . Memory (MB): peak = 0.000 ; gain = 0.000 ; free physical = 291601 ; free virtual = 372257
INFO: [Common 17-1381] The checkpoint '/nethome/shanda34/FPGA_ECE8893_SJH/2026_Spring/lab4/project_1/hls/impl/verilog/project.runs/impl_1/bd_0_wrapper_physopt.dcp' has been generated.
write_checkpoint: Time (s): cpu = 00:00:08 ; elapsed = 00:00:05 . Memory (MB): peak = 0.000 ; gain = 0.000 ; free physical = 291614 ; free virtual = 372242
Command: route_design
Attempting to get a license for feature 'Implementation' and/or device 'xczu3eg'
INFO: [Common 17-349] Got license for feature 'Implementation' and/or device 'xczu3eg'


Starting Routing Task
INFO: [Route 35-254] Multithreading enabled for route_design using a maximum of 8 CPUs

Phase 1 Build RT Design
Checksum: PlaceDB: 9b5864e1 ConstDB: 0 ShapeSum: fc70ff5d RouteDB: 494b41
Nodegraph reading from file.  Time (s): cpu = 00:00:00.71 ; elapsed = 00:00:00.8 . Memory (MB): peak = 0.000 ; gain = 0.000 ; free physical = 291608 ; free virtual = 372235
WARNING: [Route 35-198] Port "m_axi_gmem0_rdata[153]" does not have an associated HD.PARTPIN_LOCS, which will prevent the partial routing of the signal "m_axi_gmem0_rdata[153]". Without this partial route, timing analysis to/from this port will not be accurate, and no routing information for this port can be exported.
WARNING: [Route 35-198] Port "m_axi_gmem0_rdata[169]" does not have an associated HD.PARTPIN_LOCS, which will prevent the partial routing of the signal "m_axi_gmem0_rdata[169]". Without this partial route, timing analysis to/from this port will not be accurate, and no routing information for this port can be exported.
WARNING: [Route 35-198] Port "m_axi_gmem0_rdata[171]" does not have an associated HD.PARTPIN_LOCS, which will prevent the partial routing of the signal "m_axi_gmem0_rdata[171]". Without this partial route, timing analysis to/from this port will not be accurate, and no routing information for this port can be exported.
WARNING: [Route 35-198] Port "m_axi_gmem0_rdata[173]" does not have an associated HD.PARTPIN_LOCS, which will prevent the partial routing of the signal "m_axi_gmem0_rdata[173]". Without this partial route, timing analysis to/from this port will not be accurate, and no routing information for this port can be exported.
WARNING: [Route 35-198] Port "m_axi_gmem0_rdata[187]" does not have an associated HD.PARTPIN_LOCS, which will prevent the partial routing of the signal "m_axi_gmem0_rdata[187]". Without this partial route, timing analysis to/from this port will not be accurate, and no routing information for this port can be exported.
WARNING: [Route 35-198] Port "m_axi_gmem0_rdata[191]" does not have an associated HD.PARTPIN_LOCS, which will prevent the partial routing of the signal "m_axi_gmem0_rdata[191]". Without this partial route, timing analysis to/from this port will not be accurate, and no routing information for this port can be exported.
WARNING: [Route 35-198] Port "m_axi_gmem0_rdata[205]" does not have an associated HD.PARTPIN_LOCS, which will prevent the partial routing of the signal "m_axi_gmem0_rdata[205]". Without this partial route, timing analysis to/from this port will not be accurate, and no routing information for this port can be exported.
WARNING: [Route 35-198] Port "m_axi_gmem0_rdata[207]" does not have an associated HD.PARTPIN_LOCS, which will prevent the partial routing of the signal "m_axi_gmem0_rdata[207]". Without this partial route, timing analysis to/from this port will not be accurate, and no routing information for this port can be exported.
WARNING: [Route 35-197] Clock port "ap_clk" does not have an associated HD.CLK_SRC. Without this constraint, timing analysis may not be accurate and upstream checks cannot be done to ensure correct clock placement.
WARNING: [Route 35-198] Port "m_axi_gmem0_rdata[663]" does not have an associated HD.PARTPIN_LOCS, which will prevent the partial routing of the signal "m_axi_gmem0_rdata[663]". Without this partial route, timing analysis to/from this port will not be accurate, and no routing information for this port can be exported.
WARNING: [Route 35-198] Port "m_axi_gmem0_rdata[689]" does not have an associated HD.PARTPIN_LOCS, which will prevent the partial routing of the signal "m_axi_gmem0_rdata[689]". Without this partial route, timing analysis to/from this port will not be accurate, and no routing information for this port can be exported.
WARNING: [Route 35-198] Port "m_axi_gmem0_rdata[693]" does not have an associated HD.PARTPIN_LOCS, which will prevent the partial routing of the signal "m_axi_gmem0_rdata[693]". Without this partial route, timing analysis to/from this port will not be accurate, and no routing information for this port can be exported.
WARNING: [Route 35-198] Port "m_axi_gmem0_rdata[695]" does not have an associated HD.PARTPIN_LOCS, which will prevent the partial routing of the signal "m_axi_gmem0_rdata[695]". Without this partial route, timing analysis to/from this port will not be accurate, and no routing information for this port can be exported.
WARNING: [Route 35-198] Port "m_axi_gmem0_rdata[707]" does not have an associated HD.PARTPIN_LOCS, which will prevent the partial routing of the signal "m_axi_gmem0_rdata[707]". Without this partial route, timing analysis to/from this port will not be accurate, and no routing information for this port can be exported.
WARNING: [Route 35-198] Port "m_axi_gmem0_rdata[659]" does not have an associated HD.PARTPIN_LOCS, which will prevent the partial routing of the signal "m_axi_gmem0_rdata[659]". Without this partial route, timing analysis to/from this port will not be accurate, and no routing information for this port can be exported.
WARNING: [Route 35-198] Port "m_axi_gmem0_rdata[671]" does not have an associated HD.PARTPIN_LOCS, which will prevent the partial routing of the signal "m_axi_gmem0_rdata[671]". Without this partial route, timing analysis to/from this port will not be accurate, and no routing information for this port can be exported.
WARNING: [Route 35-198] Port "m_axi_gmem0_rdata[673]" does not have an associated HD.PARTPIN_LOCS, which will prevent the partial routing of the signal "m_axi_gmem0_rdata[673]". Without this partial route, timing analysis to/from this port will not be accurate, and no routing information for this port can be exported.
WARNING: [Route 35-198] Port "m_axi_gmem0_rdata[675]" does not have an associated HD.PARTPIN_LOCS, which will prevent the partial routing of the signal "m_axi_gmem0_rdata[675]". Without this partial route, timing analysis to/from this port will not be accurate, and no routing information for this port can be exported.
WARNING: [Route 35-198] Port "m_axi_gmem0_rdata[691]" does not have an associated HD.PARTPIN_LOCS, which will prevent the partial routing of the signal "m_axi_gmem0_rdata[691]". Without this partial route, timing analysis to/from this port will not be accurate, and no routing information for this port can be exported.
WARNING: [Route 35-198] Port "m_axi_gmem0_rdata[711]" does not have an associated HD.PARTPIN_LOCS, which will prevent the partial routing of the signal "m_axi_gmem0_rdata[711]". Without this partial route, timing analysis to/from this port will not be accurate, and no routing information for this port can be exported.
WARNING: [Route 35-198] Port "m_axi_gmem0_rdata[151]" does not have an associated HD.PARTPIN_LOCS, which will prevent the partial routing of the signal "m_axi_gmem0_rdata[151]". Without this partial route, timing analysis to/from this port will not be accurate, and no routing information for this port can be exported.
WARNING: [Route 35-198] Port "m_axi_gmem0_rdata[157]" does not have an associated HD.PARTPIN_LOCS, which will prevent the partial routing of the signal "m_axi_gmem0_rdata[157]". Without this partial route, timing analysis to/from this port will not be accurate, and no routing information for this port can be exported.
WARNING: [Route 35-198] Port "m_axi_gmem0_rdata[175]" does not have an associated HD.PARTPIN_LOCS, which will prevent the partial routing of the signal "m_axi_gmem0_rdata[175]". Without this partial route, timing analysis to/from this port will not be accurate, and no routing information for this port can be exported.
WARNING: [Route 35-198] Port "m_axi_gmem0_rdata[197]" does not have an associated HD.PARTPIN_LOCS, which will prevent the partial routing of the signal "m_axi_gmem0_rdata[197]". Without this partial route, timing analysis to/from this port will not be accurate, and no routing information for this port can be exported.
WARNING: [Route 35-198] Port "m_axi_gmem0_rdata[199]" does not have an associated HD.PARTPIN_LOCS, which will prevent the partial routing of the signal "m_axi_gmem0_rdata[199]". Without this partial route, timing analysis to/from this port will not be accurate, and no routing information for this port can be exported.
WARNING: [Route 35-198] Port "m_axi_gmem0_rdata[201]" does not have an associated HD.PARTPIN_LOCS, which will prevent the partial routing of the signal "m_axi_gmem0_rdata[201]". Without this partial route, timing analysis to/from this port will not be accurate, and no routing information for this port can be exported.
WARNING: [Route 35-198] Port "m_axi_gmem0_rdata[215]" does not have an associated HD.PARTPIN_LOCS, which will prevent the partial routing of the signal "m_axi_gmem0_rdata[215]". Without this partial route, timing analysis to/from this port will not be accurate, and no routing information for this port can be exported.
WARNING: [Route 35-198] Port "m_axi_gmem0_rdata[147]" does not have an associated HD.PARTPIN_LOCS, which will prevent the partial routing of the signal "m_axi_gmem0_rdata[147]". Without this partial route, timing analysis to/from this port will not be accurate, and no routing information for this port can be exported.
WARNING: [Route 35-198] Port "m_axi_gmem0_rdata[150]" does not have an associated HD.PARTPIN_LOCS, which will prevent the partial routing of the signal "m_axi_gmem0_rdata[150]". Without this partial route, timing analysis to/from this port will not be accurate, and no routing information for this port can be exported.
WARNING: [Route 35-198] Port "m_axi_gmem0_rdata[159]" does not have an associated HD.PARTPIN_LOCS, which will prevent the partial routing of the signal "m_axi_gmem0_rdata[159]". Without this partial route, timing analysis to/from this port will not be accurate, and no routing information for this port can be exported.
WARNING: [Route 35-198] Port "m_axi_gmem0_rdata[162]" does not have an associated HD.PARTPIN_LOCS, which will prevent the partial routing of the signal "m_axi_gmem0_rdata[162]". Without this partial route, timing analysis to/from this port will not be accurate, and no routing information for this port can be exported.
WARNING: [Route 35-198] Port "m_axi_gmem0_rdata[211]" does not have an associated HD.PARTPIN_LOCS, which will prevent the partial routing of the signal "m_axi_gmem0_rdata[211]". Without this partial route, timing analysis to/from this port will not be accurate, and no routing information for this port can be exported.
WARNING: [Route 35-198] Port "m_axi_gmem0_rdata[213]" does not have an associated HD.PARTPIN_LOCS, which will prevent the partial routing of the signal "m_axi_gmem0_rdata[213]". Without this partial route, timing analysis to/from this port will not be accurate, and no routing information for this port can be exported.
WARNING: [Route 35-198] Port "m_axi_gmem0_rdata[155]" does not have an associated HD.PARTPIN_LOCS, which will prevent the partial routing of the signal "m_axi_gmem0_rdata[155]". Without this partial route, timing analysis to/from this port will not be accurate, and no routing information for this port can be exported.
WARNING: [Route 35-198] Port "m_axi_gmem0_rdata[181]" does not have an associated HD.PARTPIN_LOCS, which will prevent the partial routing of the signal "m_axi_gmem0_rdata[181]". Without this partial route, timing analysis to/from this port will not be accurate, and no routing information for this port can be exported.
WARNING: [Route 35-198] Port "m_axi_gmem0_rdata[185]" does not have an associated HD.PARTPIN_LOCS, which will prevent the partial routing of the signal "m_axi_gmem0_rdata[185]". Without this partial route, timing analysis to/from this port will not be accurate, and no routing information for this port can be exported.
WARNING: [Route 35-198] Port "m_axi_gmem0_rdata[203]" does not have an associated HD.PARTPIN_LOCS, which will prevent the partial routing of the signal "m_axi_gmem0_rdata[203]". Without this partial route, timing analysis to/from this port will not be accurate, and no routing information for this port can be exported.
WARNING: [Route 35-198] Port "m_axi_gmem0_rdata[214]" does not have an associated HD.PARTPIN_LOCS, which will prevent the partial routing of the signal "m_axi_gmem0_rdata[214]". Without this partial route, timing analysis to/from this port will not be accurate, and no routing information for this port can be exported.
WARNING: [Route 35-198] Port "m_axi_gmem0_rdata[687]" does not have an associated HD.PARTPIN_LOCS, which will prevent the partial routing of the signal "m_axi_gmem0_rdata[687]". Without this partial route, timing analysis to/from this port will not be accurate, and no routing information for this port can be exported.
WARNING: [Route 35-198] Port "m_axi_gmem0_rdata[709]" does not have an associated HD.PARTPIN_LOCS, which will prevent the partial routing of the signal "m_axi_gmem0_rdata[709]". Without this partial route, timing analysis to/from this port will not be accurate, and no routing information for this port can be exported.
WARNING: [Route 35-198] Port "m_axi_gmem0_rdata[715]" does not have an associated HD.PARTPIN_LOCS, which will prevent the partial routing of the signal "m_axi_gmem0_rdata[715]". Without this partial route, timing analysis to/from this port will not be accurate, and no routing information for this port can be exported.
WARNING: [Route 35-198] Port "m_axi_gmem0_rdata[719]" does not have an associated HD.PARTPIN_LOCS, which will prevent the partial routing of the signal "m_axi_gmem0_rdata[719]". Without this partial route, timing analysis to/from this port will not be accurate, and no routing information for this port can be exported.
WARNING: [Route 35-198] Port "m_axi_gmem0_rdata[649]" does not have an associated HD.PARTPIN_LOCS, which will prevent the partial routing of the signal "m_axi_gmem0_rdata[649]". Without this partial route, timing analysis to/from this port will not be accurate, and no routing information for this port can be exported.
WARNING: [Route 35-198] Port "m_axi_gmem0_rdata[656]" does not have an associated HD.PARTPIN_LOCS, which will prevent the partial routing of the signal "m_axi_gmem0_rdata[656]". Without this partial route, timing analysis to/from this port will not be accurate, and no routing information for this port can be exported.
WARNING: [Route 35-198] Port "m_axi_gmem0_rdata[669]" does not have an associated HD.PARTPIN_LOCS, which will prevent the partial routing of the signal "m_axi_gmem0_rdata[669]". Without this partial route, timing analysis to/from this port will not be accurate, and no routing information for this port can be exported.
WARNING: [Route 35-198] Port "m_axi_gmem0_rdata[670]" does not have an associated HD.PARTPIN_LOCS, which will prevent the partial routing of the signal "m_axi_gmem0_rdata[670]". Without this partial route, timing analysis to/from this port will not be accurate, and no routing information for this port can be exported.
WARNING: [Route 35-198] Port "m_axi_gmem0_rdata[680]" does not have an associated HD.PARTPIN_LOCS, which will prevent the partial routing of the signal "m_axi_gmem0_rdata[680]". Without this partial route, timing analysis to/from this port will not be accurate, and no routing information for this port can be exported.
WARNING: [Route 35-198] Port "m_axi_gmem0_rdata[686]" does not have an associated HD.PARTPIN_LOCS, which will prevent the partial routing of the signal "m_axi_gmem0_rdata[686]". Without this partial route, timing analysis to/from this port will not be accurate, and no routing information for this port can be exported.
WARNING: [Route 35-198] Port "m_axi_gmem0_rdata[708]" does not have an associated HD.PARTPIN_LOCS, which will prevent the partial routing of the signal "m_axi_gmem0_rdata[708]". Without this partial route, timing analysis to/from this port will not be accurate, and no routing information for this port can be exported.
WARNING: [Route 35-198] Port "m_axi_gmem0_rdata[163]" does not have an associated HD.PARTPIN_LOCS, which will prevent the partial routing of the signal "m_axi_gmem0_rdata[163]". Without this partial route, timing analysis to/from this port will not be accurate, and no routing information for this port can be exported.
WARNING: [Route 35-198] Port "m_axi_gmem0_rdata[165]" does not have an associated HD.PARTPIN_LOCS, which will prevent the partial routing of the signal "m_axi_gmem0_rdata[165]". Without this partial route, timing analysis to/from this port will not be accurate, and no routing information for this port can be exported.
WARNING: [Route 35-198] Port "m_axi_gmem0_rdata[167]" does not have an associated HD.PARTPIN_LOCS, which will prevent the partial routing of the signal "m_axi_gmem0_rdata[167]". Without this partial route, timing analysis to/from this port will not be accurate, and no routing information for this port can be exported.
WARNING: [Route 35-198] Port "m_axi_gmem0_rdata[183]" does not have an associated HD.PARTPIN_LOCS, which will prevent the partial routing of the signal "m_axi_gmem0_rdata[183]". Without this partial route, timing analysis to/from this port will not be accurate, and no routing information for this port can be exported.
WARNING: [Route 35-198] Port "m_axi_gmem0_rdata[190]" does not have an associated HD.PARTPIN_LOCS, which will prevent the partial routing of the signal "m_axi_gmem0_rdata[190]". Without this partial route, timing analysis to/from this port will not be accurate, and no routing information for this port can be exported.
WARNING: [Route 35-198] Port "m_axi_gmem0_rdata[193]" does not have an associated HD.PARTPIN_LOCS, which will prevent the partial routing of the signal "m_axi_gmem0_rdata[193]". Without this partial route, timing analysis to/from this port will not be accurate, and no routing information for this port can be exported.
WARNING: [Route 35-198] Port "m_axi_gmem0_rdata[195]" does not have an associated HD.PARTPIN_LOCS, which will prevent the partial routing of the signal "m_axi_gmem0_rdata[195]". Without this partial route, timing analysis to/from this port will not be accurate, and no routing information for this port can be exported.
WARNING: [Route 35-198] Port "m_axi_gmem0_rdata[209]" does not have an associated HD.PARTPIN_LOCS, which will prevent the partial routing of the signal "m_axi_gmem0_rdata[209]". Without this partial route, timing analysis to/from this port will not be accurate, and no routing information for this port can be exported.
WARNING: [Route 35-198] Port "m_axi_gmem0_rdata[145]" does not have an associated HD.PARTPIN_LOCS, which will prevent the partial routing of the signal "m_axi_gmem0_rdata[145]". Without this partial route, timing analysis to/from this port will not be accurate, and no routing information for this port can be exported.
WARNING: [Route 35-198] Port "m_axi_gmem0_rdata[149]" does not have an associated HD.PARTPIN_LOCS, which will prevent the partial routing of the signal "m_axi_gmem0_rdata[149]". Without this partial route, timing analysis to/from this port will not be accurate, and no routing information for this port can be exported.
WARNING: [Route 35-198] Port "m_axi_gmem0_rdata[152]" does not have an associated HD.PARTPIN_LOCS, which will prevent the partial routing of the signal "m_axi_gmem0_rdata[152]". Without this partial route, timing analysis to/from this port will not be accurate, and no routing information for this port can be exported.
WARNING: [Route 35-198] Port "m_axi_gmem0_rdata[179]" does not have an associated HD.PARTPIN_LOCS, which will prevent the partial routing of the signal "m_axi_gmem0_rdata[179]". Without this partial route, timing analysis to/from this port will not be accurate, and no routing information for this port can be exported.
WARNING: [Route 35-198] Port "m_axi_gmem0_rdata[188]" does not have an associated HD.PARTPIN_LOCS, which will prevent the partial routing of the signal "m_axi_gmem0_rdata[188]". Without this partial route, timing analysis to/from this port will not be accurate, and no routing information for this port can be exported.
WARNING: [Route 35-198] Port "m_axi_gmem0_rdata[189]" does not have an associated HD.PARTPIN_LOCS, which will prevent the partial routing of the signal "m_axi_gmem0_rdata[189]". Without this partial route, timing analysis to/from this port will not be accurate, and no routing information for this port can be exported.
WARNING: [Route 35-198] Port "m_axi_gmem0_rdata[204]" does not have an associated HD.PARTPIN_LOCS, which will prevent the partial routing of the signal "m_axi_gmem0_rdata[204]". Without this partial route, timing analysis to/from this port will not be accurate, and no routing information for this port can be exported.
WARNING: [Route 35-198] Port "m_axi_gmem0_rdata[653]" does not have an associated HD.PARTPIN_LOCS, which will prevent the partial routing of the signal "m_axi_gmem0_rdata[653]". Without this partial route, timing analysis to/from this port will not be accurate, and no routing information for this port can be exported.
WARNING: [Route 35-198] Port "m_axi_gmem0_rdata[685]" does not have an associated HD.PARTPIN_LOCS, which will prevent the partial routing of the signal "m_axi_gmem0_rdata[685]". Without this partial route, timing analysis to/from this port will not be accurate, and no routing information for this port can be exported.
WARNING: [Route 35-198] Port "m_axi_gmem0_rdata[697]" does not have an associated HD.PARTPIN_LOCS, which will prevent the partial routing of the signal "m_axi_gmem0_rdata[697]". Without this partial route, timing analysis to/from this port will not be accurate, and no routing information for this port can be exported.
WARNING: [Route 35-198] Port "m_axi_gmem0_rdata[703]" does not have an associated HD.PARTPIN_LOCS, which will prevent the partial routing of the signal "m_axi_gmem0_rdata[703]". Without this partial route, timing analysis to/from this port will not be accurate, and no routing information for this port can be exported.
WARNING: [Route 35-198] Port "m_axi_gmem0_rdata[705]" does not have an associated HD.PARTPIN_LOCS, which will prevent the partial routing of the signal "m_axi_gmem0_rdata[705]". Without this partial route, timing analysis to/from this port will not be accurate, and no routing information for this port can be exported.
WARNING: [Route 35-198] Port "m_axi_gmem0_rdata[713]" does not have an associated HD.PARTPIN_LOCS, which will prevent the partial routing of the signal "m_axi_gmem0_rdata[713]". Without this partial route, timing analysis to/from this port will not be accurate, and no routing information for this port can be exported.
WARNING: [Route 35-198] Port "m_axi_gmem0_rdata[717]" does not have an associated HD.PARTPIN_LOCS, which will prevent the partial routing of the signal "m_axi_gmem0_rdata[717]". Without this partial route, timing analysis to/from this port will not be accurate, and no routing information for this port can be exported.
WARNING: [Route 35-198] Port "m_axi_gmem0_rdata[665]" does not have an associated HD.PARTPIN_LOCS, which will prevent the partial routing of the signal "m_axi_gmem0_rdata[665]". Without this partial route, timing analysis to/from this port will not be accurate, and no routing information for this port can be exported.
WARNING: [Route 35-198] Port "m_axi_gmem0_rdata[681]" does not have an associated HD.PARTPIN_LOCS, which will prevent the partial routing of the signal "m_axi_gmem0_rdata[681]". Without this partial route, timing analysis to/from this port will not be accurate, and no routing information for this port can be exported.
WARNING: [Route 35-198] Port "m_axi_gmem0_rdata[690]" does not have an associated HD.PARTPIN_LOCS, which will prevent the partial routing of the signal "m_axi_gmem0_rdata[690]". Without this partial route, timing analysis to/from this port will not be accurate, and no routing information for this port can be exported.
WARNING: [Route 35-198] Port "m_axi_gmem0_rdata[710]" does not have an associated HD.PARTPIN_LOCS, which will prevent the partial routing of the signal "m_axi_gmem0_rdata[710]". Without this partial route, timing analysis to/from this port will not be accurate, and no routing information for this port can be exported.
WARNING: [Route 35-198] Port "m_axi_gmem0_rdata[716]" does not have an associated HD.PARTPIN_LOCS, which will prevent the partial routing of the signal "m_axi_gmem0_rdata[716]". Without this partial route, timing analysis to/from this port will not be accurate, and no routing information for this port can be exported.
WARNING: [Route 35-198] Port "m_axi_gmem0_rdata[718]" does not have an associated HD.PARTPIN_LOCS, which will prevent the partial routing of the signal "m_axi_gmem0_rdata[718]". Without this partial route, timing analysis to/from this port will not be accurate, and no routing information for this port can be exported.
WARNING: [Route 35-198] Port "m_axi_gmem0_rdata[677]" does not have an associated HD.PARTPIN_LOCS, which will prevent the partial routing of the signal "m_axi_gmem0_rdata[677]". Without this partial route, timing analysis to/from this port will not be accurate, and no routing information for this port can be exported.
WARNING: [Route 35-198] Port "m_axi_gmem0_rdata[678]" does not have an associated HD.PARTPIN_LOCS, which will prevent the partial routing of the signal "m_axi_gmem0_rdata[678]". Without this partial route, timing analysis to/from this port will not be accurate, and no routing information for this port can be exported.
WARNING: [Route 35-198] Port "m_axi_gmem0_rdata[706]" does not have an associated HD.PARTPIN_LOCS, which will prevent the partial routing of the signal "m_axi_gmem0_rdata[706]". Without this partial route, timing analysis to/from this port will not be accurate, and no routing information for this port can be exported.
WARNING: [Route 35-198] Port "m_axi_gmem0_rdata[200]" does not have an associated HD.PARTPIN_LOCS, which will prevent the partial routing of the signal "m_axi_gmem0_rdata[200]". Without this partial route, timing analysis to/from this port will not be accurate, and no routing information for this port can be exported.
WARNING: [Route 35-198] Port "m_axi_gmem0_rdata[202]" does not have an associated HD.PARTPIN_LOCS, which will prevent the partial routing of the signal "m_axi_gmem0_rdata[202]". Without this partial route, timing analysis to/from this port will not be accurate, and no routing information for this port can be exported.
WARNING: [Route 35-198] Port "m_axi_gmem0_rdata[148]" does not have an associated HD.PARTPIN_LOCS, which will prevent the partial routing of the signal "m_axi_gmem0_rdata[148]". Without this partial route, timing analysis to/from this port will not be accurate, and no routing information for this port can be exported.
WARNING: [Route 35-198] Port "m_axi_gmem0_rdata[177]" does not have an associated HD.PARTPIN_LOCS, which will prevent the partial routing of the signal "m_axi_gmem0_rdata[177]". Without this partial route, timing analysis to/from this port will not be accurate, and no routing information for this port can be exported.
WARNING: [Route 35-198] Port "m_axi_gmem0_rdata[212]" does not have an associated HD.PARTPIN_LOCS, which will prevent the partial routing of the signal "m_axi_gmem0_rdata[212]". Without this partial route, timing analysis to/from this port will not be accurate, and no routing information for this port can be exported.
WARNING: [Route 35-198] Port "m_axi_gmem0_rdata[156]" does not have an associated HD.PARTPIN_LOCS, which will prevent the partial routing of the signal "m_axi_gmem0_rdata[156]". Without this partial route, timing analysis to/from this port will not be accurate, and no routing information for this port can be exported.
WARNING: [Route 35-198] Port "m_axi_gmem0_rdata[158]" does not have an associated HD.PARTPIN_LOCS, which will prevent the partial routing of the signal "m_axi_gmem0_rdata[158]". Without this partial route, timing analysis to/from this port will not be accurate, and no routing information for this port can be exported.
WARNING: [Route 35-198] Port "m_axi_gmem0_rdata[161]" does not have an associated HD.PARTPIN_LOCS, which will prevent the partial routing of the signal "m_axi_gmem0_rdata[161]". Without this partial route, timing analysis to/from this port will not be accurate, and no routing information for this port can be exported.
WARNING: [Route 35-198] Port "m_axi_gmem0_rdata[172]" does not have an associated HD.PARTPIN_LOCS, which will prevent the partial routing of the signal "m_axi_gmem0_rdata[172]". Without this partial route, timing analysis to/from this port will not be accurate, and no routing information for this port can be exported.
WARNING: [Route 35-198] Port "m_axi_gmem0_rdata[174]" does not have an associated HD.PARTPIN_LOCS, which will prevent the partial routing of the signal "m_axi_gmem0_rdata[174]". Without this partial route, timing analysis to/from this port will not be accurate, and no routing information for this port can be exported.
WARNING: [Route 35-198] Port "m_axi_gmem0_rdata[184]" does not have an associated HD.PARTPIN_LOCS, which will prevent the partial routing of the signal "m_axi_gmem0_rdata[184]". Without this partial route, timing analysis to/from this port will not be accurate, and no routing information for this port can be exported.
WARNING: [Route 35-198] Port "m_axi_gmem0_rdata[208]" does not have an associated HD.PARTPIN_LOCS, which will prevent the partial routing of the signal "m_axi_gmem0_rdata[208]". Without this partial route, timing analysis to/from this port will not be accurate, and no routing information for this port can be exported.
WARNING: [Route 35-198] Port "m_axi_gmem0_rdata[154]" does not have an associated HD.PARTPIN_LOCS, which will prevent the partial routing of the signal "m_axi_gmem0_rdata[154]". Without this partial route, timing analysis to/from this port will not be accurate, and no routing information for this port can be exported.
WARNING: [Route 35-198] Port "m_axi_gmem0_rdata[170]" does not have an associated HD.PARTPIN_LOCS, which will prevent the partial routing of the signal "m_axi_gmem0_rdata[170]". Without this partial route, timing analysis to/from this port will not be accurate, and no routing information for this port can be exported.
WARNING: [Route 35-198] Port "m_axi_gmem0_rdata[194]" does not have an associated HD.PARTPIN_LOCS, which will prevent the partial routing of the signal "m_axi_gmem0_rdata[194]". Without this partial route, timing analysis to/from this port will not be accurate, and no routing information for this port can be exported.
WARNING: [Route 35-198] Port "m_axi_gmem0_rdata[206]" does not have an associated HD.PARTPIN_LOCS, which will prevent the partial routing of the signal "m_axi_gmem0_rdata[206]". Without this partial route, timing analysis to/from this port will not be accurate, and no routing information for this port can be exported.
WARNING: [Route 35-198] Port "m_axi_gmem0_rdata[210]" does not have an associated HD.PARTPIN_LOCS, which will prevent the partial routing of the signal "m_axi_gmem0_rdata[210]". Without this partial route, timing analysis to/from this port will not be accurate, and no routing information for this port can be exported.
WARNING: [Route 35-198] Port "m_axi_gmem0_rdata[168]" does not have an associated HD.PARTPIN_LOCS, which will prevent the partial routing of the signal "m_axi_gmem0_rdata[168]". Without this partial route, timing analysis to/from this port will not be accurate, and no routing information for this port can be exported.
WARNING: [Route 35-198] Port "m_axi_gmem0_rdata[180]" does not have an associated HD.PARTPIN_LOCS, which will prevent the partial routing of the signal "m_axi_gmem0_rdata[180]". Without this partial route, timing analysis to/from this port will not be accurate, and no routing information for this port can be exported.
WARNING: [Route 35-198] Port "m_axi_gmem0_rdata[186]" does not have an associated HD.PARTPIN_LOCS, which will prevent the partial routing of the signal "m_axi_gmem0_rdata[186]". Without this partial route, timing analysis to/from this port will not be accurate, and no routing information for this port can be exported.
WARNING: [Route 35-198] Port "m_axi_gmem0_rdata[650]" does not have an associated HD.PARTPIN_LOCS, which will prevent the partial routing of the signal "m_axi_gmem0_rdata[650]". Without this partial route, timing analysis to/from this port will not be accurate, and no routing information for this port can be exported.
INFO: [Common 17-14] Message 'Route 35-198' appears 100 times and further instances of the messages will be disabled. Use the Tcl command set_msg_config to change the current settings.
Post Restoration Checksum: NetGraph: 4cb1af4b | NumContArr: e8b9ec7a | Constraints: 149da11c | Timing: c2a8fa9d
Phase 1 Build RT Design | Checksum: 20cb2377e

Time (s): cpu = 00:00:26 ; elapsed = 00:00:05 . Memory (MB): peak = 0.000 ; gain = 0.000 ; free physical = 291654 ; free virtual = 372292

Phase 2 Router Initialization

Phase 2.1 Fix Topology Constraints
Phase 2.1 Fix Topology Constraints | Checksum: 20cb2377e

Time (s): cpu = 00:00:27 ; elapsed = 00:00:05 . Memory (MB): peak = 0.000 ; gain = 0.000 ; free physical = 291649 ; free virtual = 372287

Phase 2.2 Pre Route Cleanup
Phase 2.2 Pre Route Cleanup | Checksum: 20cb2377e

Time (s): cpu = 00:00:27 ; elapsed = 00:00:05 . Memory (MB): peak = 0.000 ; gain = 0.000 ; free physical = 291654 ; free virtual = 372292

Phase 2.3 Global Clock Net Routing
 Number of Nodes with overlaps = 0
Phase 2.3 Global Clock Net Routing | Checksum: 26256dd26

Time (s): cpu = 00:00:29 ; elapsed = 00:00:06 . Memory (MB): peak = 0.000 ; gain = 0.000 ; free physical = 291656 ; free virtual = 372294

Phase 2.4 Update Timing
Phase 2.4 Update Timing | Checksum: 228afa737

Time (s): cpu = 00:00:41 ; elapsed = 00:00:11 . Memory (MB): peak = 0.000 ; gain = 0.000 ; free physical = 291659 ; free virtual = 372298
INFO: [Route 35-416] Intermediate Timing Summary | WNS=1.478  | TNS=0.000  | WHS=0.018  | THS=0.000  |


Phase 2.5 Soft Constraint Pins - Fast Budgeting
Phase 2.5 Soft Constraint Pins - Fast Budgeting | Checksum: 2391cb3f7

Time (s): cpu = 00:01:04 ; elapsed = 00:00:16 . Memory (MB): peak = 0.000 ; gain = 0.000 ; free physical = 291668 ; free virtual = 372306

Router Utilization Summary
  Global Vertical Routing Utilization    = 0.000635713 %
  Global Horizontal Routing Utilization  = 8.20856e-05 %
  Routable Net Status*
  *Does not include unroutable nets such as driverless and loadless.
  Run report_route_status for detailed report.
  Number of Failed Nets               = 40544
    (Failed Nets is the sum of unrouted and partially routed nets)
  Number of Unrouted Nets             = 36110
  Number of Partially Routed Nets     = 4434
  Number of Node Overlaps             = 1

Phase 2 Router Initialization | Checksum: 2391cb3f7

Time (s): cpu = 00:01:06 ; elapsed = 00:00:17 . Memory (MB): peak = 0.000 ; gain = 0.000 ; free physical = 291660 ; free virtual = 372298

Phase 3 Global Routing
Phase 3 Global Routing | Checksum: 2391cb3f7

Time (s): cpu = 00:01:06 ; elapsed = 00:00:17 . Memory (MB): peak = 0.000 ; gain = 0.000 ; free physical = 291659 ; free virtual = 372297

Phase 4 Initial Routing

Phase 4.1 Initial Net Routing Pass
Phase 4.1 Initial Net Routing Pass | Checksum: 1aff427a1

Time (s): cpu = 00:01:22 ; elapsed = 00:00:23 . Memory (MB): peak = 0.000 ; gain = 0.000 ; free physical = 291760 ; free virtual = 372399
Phase 4 Initial Routing | Checksum: 14e92fdbe

Time (s): cpu = 00:01:23 ; elapsed = 00:00:23 . Memory (MB): peak = 0.000 ; gain = 0.000 ; free physical = 291759 ; free virtual = 372398

Phase 5 Rip-up And Reroute

Phase 5.1 Global Iteration 0
 Number of Nodes with overlaps = 5259
 Number of Nodes with overlaps = 620
 Number of Nodes with overlaps = 109
 Number of Nodes with overlaps = 15
 Number of Nodes with overlaps = 4
 Number of Nodes with overlaps = 2
 Number of Nodes with overlaps = 1
 Number of Nodes with overlaps = 2
 Number of Nodes with overlaps = 1
 Number of Nodes with overlaps = 1
 Number of Nodes with overlaps = 1
 Number of Nodes with overlaps = 1
 Number of Nodes with overlaps = 1
 Number of Nodes with overlaps = 0
INFO: [Route 35-416] Intermediate Timing Summary | WNS=1.135  | TNS=0.000  | WHS=0.028  | THS=0.000  |

Phase 5.1 Global Iteration 0 | Checksum: 1d8956631

Time (s): cpu = 00:03:19 ; elapsed = 00:01:19 . Memory (MB): peak = 0.000 ; gain = 0.000 ; free physical = 291310 ; free virtual = 372053

Phase 5.2 Additional Iteration for Hold
Phase 5.2 Additional Iteration for Hold | Checksum: 180c53338

Time (s): cpu = 00:03:20 ; elapsed = 00:01:20 . Memory (MB): peak = 0.000 ; gain = 0.000 ; free physical = 291268 ; free virtual = 372011
Phase 5 Rip-up And Reroute | Checksum: 180c53338

Time (s): cpu = 00:03:21 ; elapsed = 00:01:20 . Memory (MB): peak = 0.000 ; gain = 0.000 ; free physical = 291292 ; free virtual = 372036

Phase 6 Delay and Skew Optimization

Phase 6.1 Delay CleanUp
Phase 6.1 Delay CleanUp | Checksum: 180c53338

Time (s): cpu = 00:03:21 ; elapsed = 00:01:20 . Memory (MB): peak = 0.000 ; gain = 0.000 ; free physical = 291297 ; free virtual = 372040

Phase 6.2 Clock Skew Optimization
Phase 6.2 Clock Skew Optimization | Checksum: 180c53338

Time (s): cpu = 00:03:22 ; elapsed = 00:01:20 . Memory (MB): peak = 0.000 ; gain = 0.000 ; free physical = 291295 ; free virtual = 372039
Phase 6 Delay and Skew Optimization | Checksum: 180c53338

Time (s): cpu = 00:03:22 ; elapsed = 00:01:20 . Memory (MB): peak = 0.000 ; gain = 0.000 ; free physical = 291295 ; free virtual = 372038

Phase 7 Post Hold Fix

Phase 7.1 Hold Fix Iter
INFO: [Route 35-416] Intermediate Timing Summary | WNS=1.135  | TNS=0.000  | WHS=0.028  | THS=0.000  |

Phase 7.1 Hold Fix Iter | Checksum: 1302930df

Time (s): cpu = 00:03:35 ; elapsed = 00:01:23 . Memory (MB): peak = 0.000 ; gain = 0.000 ; free physical = 291213 ; free virtual = 371956
Phase 7 Post Hold Fix | Checksum: 1302930df

Time (s): cpu = 00:03:35 ; elapsed = 00:01:23 . Memory (MB): peak = 0.000 ; gain = 0.000 ; free physical = 291213 ; free virtual = 371956

Phase 8 Leaf Clock Prog Delay Opt
Phase 8 Leaf Clock Prog Delay Opt | Checksum: 1fc649fc8

Time (s): cpu = 00:03:45 ; elapsed = 00:01:25 . Memory (MB): peak = 0.000 ; gain = 0.000 ; free physical = 291372 ; free virtual = 372120

Phase 9 Route finalize

Router Utilization Summary
  Global Vertical Routing Utilization    = 7.15479 %
  Global Horizontal Routing Utilization  = 7.97134 %
  Routable Net Status*
  *Does not include unroutable nets such as driverless and loadless.
  Run report_route_status for detailed report.
  Number of Failed Nets               = 0
    (Failed Nets is the sum of unrouted and partially routed nets)
  Number of Unrouted Nets             = 0
  Number of Partially Routed Nets     = 0
  Number of Node Overlaps             = 0

Phase 9 Route finalize | Checksum: 1fc649fc8

Time (s): cpu = 00:03:47 ; elapsed = 00:01:25 . Memory (MB): peak = 0.000 ; gain = 0.000 ; free physical = 291371 ; free virtual = 372119

Phase 10 Verifying routed nets

 Verification completed successfully
Phase 10 Verifying routed nets | Checksum: 1fc649fc8

Time (s): cpu = 00:03:48 ; elapsed = 00:01:25 . Memory (MB): peak = 0.000 ; gain = 0.000 ; free physical = 291370 ; free virtual = 372119

Phase 11 Depositing Routes
Phase 11 Depositing Routes | Checksum: 1fc649fc8

Time (s): cpu = 00:03:52 ; elapsed = 00:01:28 . Memory (MB): peak = 0.000 ; gain = 0.000 ; free physical = 291363 ; free virtual = 372116

Phase 12 Resolve XTalk
Phase 12 Resolve XTalk | Checksum: 1fc649fc8

Time (s): cpu = 00:03:52 ; elapsed = 00:01:28 . Memory (MB): peak = 0.000 ; gain = 0.000 ; free physical = 291357 ; free virtual = 372110

Phase 13 Post Process Routing
Phase 13 Post Process Routing | Checksum: 1fc649fc8

Time (s): cpu = 00:03:53 ; elapsed = 00:01:28 . Memory (MB): peak = 0.000 ; gain = 0.000 ; free physical = 291341 ; free virtual = 372094

Phase 14 Post Router Timing
INFO: [Route 35-57] Estimated Timing Summary | WNS=1.135  | TNS=0.000  | WHS=0.028  | THS=0.000  |

INFO: [Route 35-327] The final timing numbers are based on the router estimated timing analysis. For a complete and accurate timing signoff, please run report_timing_summary.
Phase 14 Post Router Timing | Checksum: 1fc649fc8

Time (s): cpu = 00:03:54 ; elapsed = 00:01:28 . Memory (MB): peak = 0.000 ; gain = 0.000 ; free physical = 291336 ; free virtual = 372088
Total Elapsed time in route_design: 88.33 secs

Phase 15 Post-Route Event Processing
Phase 15 Post-Route Event Processing | Checksum: 26ef1fb0b

Time (s): cpu = 00:03:54 ; elapsed = 00:01:29 . Memory (MB): peak = 0.000 ; gain = 0.000 ; free physical = 291329 ; free virtual = 372082
INFO: [Route 35-16] Router Completed Successfully
Ending Routing Task | Checksum: 26ef1fb0b

Time (s): cpu = 00:03:55 ; elapsed = 00:01:29 . Memory (MB): peak = 0.000 ; gain = 0.000 ; free physical = 291320 ; free virtual = 372072

Routing Is Done.
INFO: [Common 17-83] Releasing license: Implementation
107 Infos, 107 Warnings, 0 Critical Warnings and 0 Errors encountered.
route_design completed successfully
route_design: Time (s): cpu = 00:03:56 ; elapsed = 00:01:29 . Memory (MB): peak = 0.000 ; gain = 0.000 ; free physical = 291308 ; free virtual = 372061
INFO: [Vivado 12-24828] Executing command : report_drc -file bd_0_wrapper_drc_routed.rpt -pb bd_0_wrapper_drc_routed.pb -rpx bd_0_wrapper_drc_routed.rpx
Command: report_drc -file bd_0_wrapper_drc_routed.rpt -pb bd_0_wrapper_drc_routed.pb -rpx bd_0_wrapper_drc_routed.rpx
INFO: [IP_Flow 19-1839] IP Catalog is up to date.
INFO: [DRC 23-27] Running DRC with 8 threads
WARNING: [DRC 23-814] Not all possible (connectivity based) DRCs may have been run because this design is seen as Out of Context.
INFO: [Vivado_Tcl 2-168] The results of DRC are in file /nethome/shanda34/FPGA_ECE8893_SJH/2026_Spring/lab4/project_1/hls/impl/verilog/project.runs/impl_1/bd_0_wrapper_drc_routed.rpt.
report_drc completed successfully
report_drc: Time (s): cpu = 00:00:41 ; elapsed = 00:00:12 . Memory (MB): peak = 0.000 ; gain = 0.000 ; free physical = 291213 ; free virtual = 371975
INFO: [Vivado 12-24828] Executing command : report_methodology -file bd_0_wrapper_methodology_drc_routed.rpt -pb bd_0_wrapper_methodology_drc_routed.pb -rpx bd_0_wrapper_methodology_drc_routed.rpx
Command: report_methodology -file bd_0_wrapper_methodology_drc_routed.rpt -pb bd_0_wrapper_methodology_drc_routed.pb -rpx bd_0_wrapper_methodology_drc_routed.rpx
INFO: [Timing 38-35] Done setting XDC timing constraints.
WARNING: [Timing 38-242] The property HD.CLK_SRC of clock port "ap_clk" is not set. In out-of-context mode, this prevents timing estimation for clock delay/skew
Resolution: Set the HD.CLK_SRC property of the out-of-context port to the location of the clock buffer instance in the top-level design
WARNING: [Timing 38-242] The property HD.CLK_SRC of clock port "m_axi_gmem0_rvalid" is not set. In out-of-context mode, this prevents timing estimation for clock delay/skew
Resolution: Set the HD.CLK_SRC property of the out-of-context port to the location of the clock buffer instance in the top-level design
INFO: [DRC 23-133] Running Methodology with 8 threads
WARNING: [DRC 23-814] Not all possible (connectivity based) DRCs may have been run because this design is seen as Out of Context.
INFO: [Vivado_Tcl 2-1520] The results of Report Methodology are in file /nethome/shanda34/FPGA_ECE8893_SJH/2026_Spring/lab4/project_1/hls/impl/verilog/project.runs/impl_1/bd_0_wrapper_methodology_drc_routed.rpt.
report_methodology completed successfully
report_methodology: Time (s): cpu = 00:00:53 ; elapsed = 00:00:12 . Memory (MB): peak = 0.000 ; gain = 0.000 ; free physical = 291016 ; free virtual = 371780
INFO: [Vivado 12-24828] Executing command : report_timing_summary -max_paths 10 -routable_nets -report_unconstrained -file bd_0_wrapper_timing_summary_routed.rpt -pb bd_0_wrapper_timing_summary_routed.pb -rpx bd_0_wrapper_timing_summary_routed.rpx -warn_on_violation 
INFO: [Timing 38-35] Done setting XDC timing constraints.
INFO: [Timing 38-91] UpdateTimingParams: Speed grade: -1, Temperature grade: E, Delay Type: min_max.
INFO: [Timing 38-191] Multithreading enabled for timing update using a maximum of 8 CPUs
report_timing_summary: Time (s): cpu = 00:00:17 ; elapsed = 00:00:06 . Memory (MB): peak = 0.000 ; gain = 0.000 ; free physical = 291088 ; free virtual = 371865
INFO: [Vivado 12-24838] Running report commands "report_bus_skew, report_incremental_reuse, report_route_status" in parallel.
Running report generation with 3 threads.
INFO: [Vivado 12-24828] Executing command : report_incremental_reuse -file bd_0_wrapper_incremental_reuse_routed.rpt
INFO: [Vivado_Tcl 4-1062] Incremental flow is disabled. No incremental reuse Info to report.
INFO: [Vivado 12-24828] Executing command : report_bus_skew -warn_on_violation -file bd_0_wrapper_bus_skew_routed.rpt -pb bd_0_wrapper_bus_skew_routed.pb -rpx bd_0_wrapper_bus_skew_routed.rpx
INFO: [Timing 38-91] UpdateTimingParams: Speed grade: -1, Temperature grade: E, Delay Type: min_max.
INFO: [Timing 38-191] Multithreading enabled for timing update using a maximum of 8 CPUs
INFO: [Vivado 12-24828] Executing command : report_route_status -file bd_0_wrapper_route_status.rpt -pb bd_0_wrapper_route_status.pb
INFO: [Vivado 12-24828] Executing command : report_power -file bd_0_wrapper_power_routed.rpt -pb bd_0_wrapper_power_summary_routed.pb -rpx bd_0_wrapper_power_routed.rpx
Command: report_power -file bd_0_wrapper_power_routed.rpt -pb bd_0_wrapper_power_summary_routed.pb -rpx bd_0_wrapper_power_routed.rpx
Running Vector-less Activity Propagation...

Finished Running Vector-less Activity Propagation
127 Infos, 111 Warnings, 0 Critical Warnings and 0 Errors encountered.
report_power completed successfully
report_power: Time (s): cpu = 00:00:23 ; elapsed = 00:00:13 . Memory (MB): peak = 0.000 ; gain = 0.000 ; free physical = 292900 ; free virtual = 373694
INFO: [Vivado 12-24828] Executing command : report_clock_utilization -file bd_0_wrapper_clock_utilization_routed.rpt
generate_parallel_reports: Time (s): cpu = 00:02:17 ; elapsed = 00:00:47 . Memory (MB): peak = 0.000 ; gain = 0.000 ; free physical = 292725 ; free virtual = 373519
INFO: [Timing 38-480] Writing timing data to binary archive.
Write ShapeDB Complete: Time (s): cpu = 00:00:00.55 ; elapsed = 00:00:00.12 . Memory (MB): peak = 0.000 ; gain = 0.000 ; free physical = 292699 ; free virtual = 373499
Wrote PlaceDB: Time (s): cpu = 00:00:06 ; elapsed = 00:00:03 . Memory (MB): peak = 0.000 ; gain = 0.000 ; free physical = 292522 ; free virtual = 373351
Wrote PulsedLatchDB: Time (s): cpu = 00:00:00 ; elapsed = 00:00:00 . Memory (MB): peak = 0.000 ; gain = 0.000 ; free physical = 292522 ; free virtual = 373351
Writing XDEF routing.
Writing XDEF routing logical nets.
Writing XDEF routing special nets.
Wrote RouteStorage: Time (s): cpu = 00:00:00.85 ; elapsed = 00:00:00.78 . Memory (MB): peak = 0.000 ; gain = 0.000 ; free physical = 292479 ; free virtual = 373314
Wrote Netlist Cache: Time (s): cpu = 00:00:00.07 ; elapsed = 00:00:00.15 . Memory (MB): peak = 0.000 ; gain = 0.000 ; free physical = 292465 ; free virtual = 373305
Wrote Device Cache: Time (s): cpu = 00:00:00.02 ; elapsed = 00:00:00.04 . Memory (MB): peak = 0.000 ; gain = 0.000 ; free physical = 292460 ; free virtual = 373303
Write Physdb Complete: Time (s): cpu = 00:00:07 ; elapsed = 00:00:04 . Memory (MB): peak = 0.000 ; gain = 0.000 ; free physical = 292458 ; free virtual = 373301
INFO: [Common 17-1381] The checkpoint '/nethome/shanda34/FPGA_ECE8893_SJH/2026_Spring/lab4/project_1/hls/impl/verilog/project.runs/impl_1/bd_0_wrapper_routed.dcp' has been generated.
write_checkpoint: Time (s): cpu = 00:00:08 ; elapsed = 00:00:06 . Memory (MB): peak = 0.000 ; gain = 0.000 ; free physical = 292369 ; free virtual = 373179
INFO: [Common 17-206] Exiting Vivado at Tue Mar 31 01:17:46 2026...
[Tue Mar 31 01:18:11 2026] impl_1 finished
wait_on_runs: Time (s): cpu = 00:00:02 ; elapsed = 00:07:42 . Memory (MB): peak = 0.000 ; gain = 0.000 ; free physical = 294607 ; free virtual = 375417
TIMESTAMP: HLS-REPORT: implementation open_run: 2026-03-31 01:18:11 EDT
INFO: HLS-REPORT: Opening implementation design database: open_run impl_1
Netlist sorting complete. Time (s): cpu = 00:00:00.36 ; elapsed = 00:00:00.37 . Memory (MB): peak = 0.000 ; gain = 0.000 ; free physical = 294485 ; free virtual = 375295
INFO: [Netlist 29-17] Analyzing 1059 Unisim elements for replacement
INFO: [Netlist 29-28] Unisim Transformation completed in 1 CPU seconds
INFO: [Project 1-479] Netlist was created with Vivado 2025.1.1
INFO: [Project 1-570] Preparing netlist for logic optimization
Read ShapeDB Complete: Time (s): cpu = 00:00:00.1 ; elapsed = 00:00:00.1 . Memory (MB): peak = 0.000 ; gain = 0.000 ; free physical = 294288 ; free virtual = 375098
INFO: [Timing 38-478] Restoring timing data from binary archive.
INFO: [Timing 38-479] Binary timing data restore complete.
INFO: [Project 1-856] Restoring constraints from binary archive.
INFO: [Project 1-853] Binary constraint restore complete.
INFO: [Designutils 20-5722] Start Reading Physical Databases.
Reading placement.
Read Netlist Cache: Time (s): cpu = 00:00:00.07 ; elapsed = 00:00:00.08 . Memory (MB): peak = 0.000 ; gain = 0.000 ; free physical = 293626 ; free virtual = 374437
Reading placer database...
Read Device Cache: Time (s): cpu = 00:00:00.04 ; elapsed = 00:00:00.04 . Memory (MB): peak = 0.000 ; gain = 0.000 ; free physical = 293624 ; free virtual = 374434
Read PlaceDB: Time (s): cpu = 00:00:02 ; elapsed = 00:00:02 . Memory (MB): peak = 0.000 ; gain = 0.000 ; free physical = 293479 ; free virtual = 374289
Read PulsedLatchDB: Time (s): cpu = 00:00:00 ; elapsed = 00:00:00 . Memory (MB): peak = 0.000 ; gain = 0.000 ; free physical = 293478 ; free virtual = 374289
Reading routing.
Read RouteStorage: Time (s): cpu = 00:00:01 ; elapsed = 00:00:00.41 . Memory (MB): peak = 0.000 ; gain = 0.000 ; free physical = 293424 ; free virtual = 374234
Read Physdb Files: Time (s): cpu = 00:00:03 ; elapsed = 00:00:02 . Memory (MB): peak = 0.000 ; gain = 0.000 ; free physical = 293423 ; free virtual = 374233
Restored from archive | CPU: 3.280000 secs | Memory: 52.168365 MB |
Finished XDEF File Restore: Time (s): cpu = 00:00:03 ; elapsed = 00:00:02 . Memory (MB): peak = 0.000 ; gain = 0.000 ; free physical = 293421 ; free virtual = 374231
Netlist sorting complete. Time (s): cpu = 00:00:00.01 ; elapsed = 00:00:00.01 . Memory (MB): peak = 0.000 ; gain = 0.000 ; free physical = 293416 ; free virtual = 374226
INFO: [Project 1-111] Unisim Transformation Summary:
  A total of 145 instances were transformed.
  DSP48E2 => DSP48E2 (DSP_ALU, DSP_A_B_DATA, DSP_C_DATA, DSP_MULTIPLIER, DSP_M_DATA, DSP_OUTPUT, DSP_PREADD, DSP_PREADD_DATA): 144 instances
  SRLC32E => SRL16E: 1 instance 

open_run: Time (s): cpu = 00:00:22 ; elapsed = 00:00:17 . Memory (MB): peak = 0.000 ; gain = 0.000 ; free physical = 293367 ; free virtual = 374177
TIMESTAMP: HLS-REPORT: implementation generate_reports_vivado: 2026-03-31 01:18:29 EDT
INFO: HLS-REPORT: Running report: report_utilization -file ./report/top_kernel_utilization_routed.rpt
INFO: HLS-REPORT: Running report: report_utilization -hierarchical -hierarchical_depth 7 -file ./report/top_kernel_utilization_hierarchical_routed.rpt
INFO: HLS-REPORT: Running report: report_timing_summary -file ./report/top_kernel_timing_routed.rpt
INFO: [Timing 38-91] UpdateTimingParams: Speed grade: -1, Temperature grade: E, Delay Type: min_max.
INFO: [Timing 38-191] Multithreading enabled for timing update using a maximum of 8 CPUs
WARNING: [Timing 38-242] The property HD.CLK_SRC of clock port "ap_clk" is not set. In out-of-context mode, this prevents timing estimation for clock delay/skew
Resolution: Set the HD.CLK_SRC property of the out-of-context port to the location of the clock buffer instance in the top-level design
WARNING: [Timing 38-242] The property HD.CLK_SRC of clock port "m_axi_gmem0_rvalid" is not set. In out-of-context mode, this prevents timing estimation for clock delay/skew
Resolution: Set the HD.CLK_SRC property of the out-of-context port to the location of the clock buffer instance in the top-level design
report_timing_summary: Time (s): cpu = 00:00:30 ; elapsed = 00:00:11 . Memory (MB): peak = 0.000 ; gain = 0.000 ; free physical = 292825 ; free virtual = 373744
INFO: HLS-REPORT: Running report: report_power -file ./report/top_kernel_power_routed.rpt -xpe ./top_kernel_power.xpe
Command: report_power -file ./report/top_kernel_power_routed.rpt -xpe ./top_kernel_power.xpe
Running Vector-less Activity Propagation...

Finished Running Vector-less Activity Propagation
13 Infos, 3 Warnings, 0 Critical Warnings and 0 Errors encountered.
report_power completed successfully
report_power: Time (s): cpu = 00:00:20 ; elapsed = 00:00:08 . Memory (MB): peak = 0.000 ; gain = 0.000 ; free physical = 292264 ; free virtual = 373183
INFO: HLS-REPORT: Running report: report_route_status -file ./report/top_kernel_status_routed.rpt
INFO: HLS-REPORT: Running report: report_timing -max_paths 10 -file ./report/top_kernel_timing_paths_routed.rpt
INFO: [Timing 38-91] UpdateTimingParams: Speed grade: -1, Temperature grade: E, Delay Type: max.
INFO: [Timing 38-191] Multithreading enabled for timing update using a maximum of 8 CPUs
INFO: [Timing 38-78] ReportTimingParams: -max_paths 10 -nworst 1 -delay_type max -sort_by slack.
INFO: HLS-REPORT: Running report: report_design_analysis -file ./report/top_kernel_design_analysis_routed.rpt
INFO: HLS-REPORT: Running report: ::tclapp::xilinx::designutils::report_failfast -detailed_report impl -file ./report/top_kernel_failfast_routed.rpt
 -I- design metrics completed in 2 seconds
 -I- DONT_TOUCH metric completed in 1 seconds
 -I- MARK_DEBUG metric completed in 1 seconds
 -I- utilization metrics completed in 3 seconds
 -I- Generated file /nethome/shanda34/FPGA_ECE8893_SJH/2026_Spring/lab4/project_1/hls/impl/verilog/report/impl.BUFG.rpt
 -I- control set metrics completed in 1 seconds
 -I- methodology check metrics completed in 4 seconds
 -I- average fanout metrics completed in 10 seconds (0 modules)
 -I- non-FD high fanout nets completed in 2 seconds
 -I- path budgeting metrics completed in 4 seconds
#  +-----------------------------------------------------------------------------------------+
#  | Design Summary                                                                          |
#  | impl_1                                                                                  |
#  | xczu3eg-sbva484-1-e                                                                     |
#  +-----------------------------------------------------------+-----------+--------+--------+
#  | Criteria                                                  | Guideline | Actual | Status |
#  +-----------------------------------------------------------+-----------+--------+--------+
#  | LUT                                                       | 70%       | 21.40% | OK     |
#  | FD                                                        | 50%       | 13.30% | OK     |
#  | LUTRAM+SRL                                                | 25%       | 0.74%  | OK     |
#  | CARRY8                                                    | 25%       | 10.36% | OK     |
#  | MUXF7                                                     | 15%       | 0.01%  | OK     |
#  | DSP                                                       | 80%       | 40.00% | OK     |
#  | RAMB/FIFO                                                 | 80%       | 30.09% | OK     |
#  | DSP+RAMB+URAM (Avg)                                       | 70%       | 35.05% | OK     |
#  | BUFGCE* + BUFGCTRL                                        | 24        | 0      | OK     |
#  | DONT_TOUCH (cells/nets)                                   | 0         | 0      | OK     |
#  | MARK_DEBUG (nets)                                         | 0         | 0      | OK     |
#  | Control Sets                                              | 1323      | 350    | OK     |
#  | Average Fanout for modules > 100k cells                   | 4         | 1.20   | OK     |
#  | Max Average Fanout for modules > 100k cells               | 4         | 0      | OK     |
#  | Non-FD high fanout nets > 10k loads                       | 0         | 0      | OK     |
#  +-----------------------------------------------------------+-----------+--------+--------+
#  | TIMING-6 (No common primary clock between related clocks) | 0         | 0      | OK     |
#  | TIMING-7 (No common node between related clocks)          | 0         | 0      | OK     |
#  | TIMING-8 (No common period between related clocks)        | 0         | 0      | OK     |
#  | TIMING-14 (LUT on the clock tree)                         | 0         | 0      | OK     |
#  | TIMING-35 (No common node in paths with the same clock)   | 0         | 0      | OK     |
#  +-----------------------------------------------------------+-----------+--------+--------+
#  | Number of paths above max LUT budgeting (0.350ns)         | 0         | 0      | OK     |
#  | Number of paths above max Net budgeting (0.239ns)         | 0         | 0      | OK     |
#  +-----------------------------------------------------------+-----------+--------+--------+
 -I- Generated file /nethome/shanda34/FPGA_ECE8893_SJH/2026_Spring/lab4/project_1/hls/impl/verilog/report/top_kernel_failfast_routed.rpt
 -I- Number of criteria to review: 0
 -I- This report should be run before placing the design and uses conservative guidelines beyond which runtime and timing closure will likely be more challenging
 -I- report_failfast completed in 28 seconds
TIMESTAMP: HLS-REPORT: implementation gen_data_dict_vivado: 2026-03-31 01:19:20 EDT
TIMESTAMP: HLS-REPORT: impl extract_util_hier: 2026-03-31 01:19:20 EDT
TIMESTAMP: HLS-REPORT: impl get_cell_hier_data: 2026-03-31 01:19:20 EDT
TIMESTAMP: HLS-REPORT: impl get_timing_paths: 2026-03-31 01:19:20 EDT
TIMESTAMP: HLS-REPORT: impl process timing paths: 2026-03-31 01:19:20 EDT
TIMESTAMP: HLS-REPORT: impl get_all_vv_rpt_files: 2026-03-31 01:19:20 EDT
TIMESTAMP: HLS-REPORT: implementation write_reports_vivado: 2026-03-31 01:19:20 EDT
HLS EXTRACTION: impl area_totals:  0 70560 141120 360 432 8820 0
HLS EXTRACTION: impl area_current: 0 15101 18765 144 130 0 212 3437 0 0
HLS EXTRACTION: impl resources_dict: AVAIL_LUT 70560 LUT 15101 AVAIL_FF 141120 FF 18765 AVAIL_DSP 360 DSP 144 AVAIL_BRAM 432 BRAM 130 AVAIL_URAM 0 URAM 0 LATCH 0 SRL 212 AVAIL_CLB 8820 CLB 3437
INFO: HLS-REPORT: generated /nethome/shanda34/FPGA_ECE8893_SJH/2026_Spring/lab4/project_1/hls/impl/verilog/report/vivado_impl.xml
INFO: HLS-REPORT: generated /nethome/shanda34/FPGA_ECE8893_SJH/2026_Spring/lab4/project_1/hls/impl/report/verilog/top_kernel_export.rpt


Implementation tool: Xilinx Vivado v.2025.1.1
Project:             project_1
Solution:            hls
Device target:       xczu3eg-sbva484-1-e
Report date:         Tue Mar 31 01:19:20 EDT 2026

#=== Post-Implementation Resource usage ===
SLICE:            0
LUT:          15101
FF:           18765
DSP:            144
BRAM:           130
URAM:             0
LATCH:            0
SRL:            212
CLB:           3437

#=== Final timing ===
CP required:                     10.000
CP achieved post-synthesis:      6.513
CP achieved post-implementation: 8.862
Timing met

TIMESTAMP: HLS-REPORT: implementation end: 2026-03-31 01:19:20 EDT
INFO: HLS-REPORT: impl run complete: worst setup slack (WNS)=1.138279, worst hold slack (WHS)=0.029000, total pulse width slack(TPWS)=0.000000, number of unrouted nets=0
# hls_vivado_reports_finalize $report_options
TIMESTAMP: HLS-REPORT: all reports complete: 2026-03-31 01:19:20 EDT
INFO: [Common 17-206] Exiting Vivado at Tue Mar 31 01:19:21 2026...
