

================================================================
== Vitis HLS Report for 'k1_vertex_transform'
================================================================
* Date:           Tue Mar 31 00:58:57 2026

* Version:        2025.1.1 (Build 6214317 on Sep 11 2025)
* Project:        project_1
* Solution:       hls (Vivado IP Flow Target)
* Product family: zynquplus
* Target device:  xczu3eg-sbva484-1-e


================================================================
== Performance Estimates
================================================================
+ Timing: 
    * Summary: 
    +--------+----------+----------+------------+
    |  Clock |  Target  | Estimated| Uncertainty|
    +--------+----------+----------+------------+
    |ap_clk  |  10.00 ns|  7.300 ns|     2.70 ns|
    +--------+----------+----------+------------+

+ Latency: 
    * Summary: 
    +---------+---------+-----------+-----------+------+------+------------------------------------------------+
    |  Latency (cycles) |   Latency (absolute)  |   Interval  |                    Pipeline                    |
    |   min   |   max   |    min    |    max    |  min |  max |                      Type                      |
    +---------+---------+-----------+-----------+------+------+------------------------------------------------+
    |     2071|     2071|  20.710 us|  20.710 us|  2048|  2048|  loop auto-rewind stp (delay=0 clock cycles(s))|
    +---------+---------+-----------+-----------+------+------+------------------------------------------------+

    + Detail: 
        * Instance: 
        N/A

        * Loop: 
        +------------------+---------+---------+----------+-----------+-----------+------+----------+
        |                  |  Latency (cycles) | Iteration|  Initiation Interval  | Trip |          |
        |     Loop Name    |   min   |   max   |  Latency |  achieved |   target  | Count| Pipelined|
        +------------------+---------+---------+----------+-----------+-----------+------+----------+
        |- VITIS_LOOP_9_1  |     2069|     2069|        38|         16|          1|   128|       yes|
        +------------------+---------+---------+----------+-----------+-----------+------+----------+

============================================================
+ Verbose Summary: Synthesis Manager
============================================================
InlineROM: 1
ExposeGlobal: 0
============================================================
+ Verbose Summary: CDFG Model
============================================================
IsTopModel: 0
ResetActiveHigh: 1
IsCombinational: 2
IsDatapathOnly: 0
HasWiredReturn: 1
HasMFsm: 2
HasVarLatency: 1
IsPipeline: 0
IsRtlPipelined: 0
IsInstanceOverlapped: 0
IsDontTouch: 0
HasImplIP: 0
IsGatedGlobalClock: 0

+ Individual pipeline summary: 
  * Pipeline-0: initiation interval (II) = 16, depth = 38


============================================================
+ Verbose Summary: Schedule
============================================================
* Number of FSM states : 38
* Pipeline : 1
  Pipeline-0 : II = 16, D = 38, States = { 1 2 3 4 5 6 7 8 9 10 11 12 13 14 15 16 17 18 19 20 21 22 23 24 25 26 27 28 29 30 31 32 33 34 35 36 37 38 }
* Dataflow Pipeline: 0

* FSM state transitions: 
1 --> 2 
2 --> 3 
3 --> 4 
4 --> 5 
5 --> 6 
6 --> 7 
7 --> 8 
8 --> 9 
9 --> 10 
10 --> 11 
11 --> 12 
12 --> 13 
13 --> 14 
14 --> 15 
15 --> 16 
16 --> 17 
17 --> 18 
18 --> 19 
19 --> 20 
20 --> 21 
21 --> 22 
22 --> 23 
23 --> 24 
24 --> 25 
25 --> 26 
26 --> 27 
27 --> 28 
28 --> 29 
29 --> 30 
30 --> 31 
31 --> 32 
32 --> 33 
33 --> 34 
34 --> 35 
35 --> 36 
36 --> 37 
37 --> 38 
38 --> 

* FSM state operations: 

State 1 <SV = 0> <Delay = 3.13>
ST_1 : Operation 41 [1/1] (0.00ns)   --->   "%phi_mul = alloca i32 1"   --->   Operation 41 'alloca' 'phi_mul' <Predicate = true> <Delay = 0.00>
ST_1 : Operation 42 [1/1] (0.00ns)   --->   "%i4 = alloca i32 1"   --->   Operation 42 'alloca' 'i4' <Predicate = true> <Delay = 0.00>
ST_1 : Operation 43 [1/1] (0.00ns)   --->   "%specinterface_ln0 = specinterface void @_ssdm_op_SpecInterface, i32 %clip_tris_color, void @empty_9, i32 0, i32 0, void @empty_21, i32 0, i32 0, void @empty_21, void @empty_21, void @empty_21, i32 0, i32 0, i32 0, i32 0, void @empty_21, void @empty_21, i32 4294967295, i32 0, i32 0"   --->   Operation 43 'specinterface' 'specinterface_ln0' <Predicate = true> <Delay = 0.00>
ST_1 : Operation 44 [1/1] (0.00ns)   --->   "%specinterface_ln0 = specinterface void @_ssdm_op_SpecInterface, i32 %clip_tris_color, void @empty_9, i32 0, i32 0, void @empty_21, i32 0, i32 0, void @empty_21, void @empty_21, void @empty_21, i32 0, i32 0, i32 0, i32 0, void @empty_21, void @empty_21, i32 4294967295, i32 0, i32 0"   --->   Operation 44 'specinterface' 'specinterface_ln0' <Predicate = true> <Delay = 0.00>
ST_1 : Operation 45 [1/1] (0.00ns)   --->   "%specinterface_ln0 = specinterface void @_ssdm_op_SpecInterface, i32 %clip_tris_color, void @empty_9, i32 0, i32 0, void @empty_21, i32 0, i32 0, void @empty_21, void @empty_21, void @empty_21, i32 0, i32 0, i32 0, i32 0, void @empty_21, void @empty_21, i32 4294967295, i32 0, i32 0"   --->   Operation 45 'specinterface' 'specinterface_ln0' <Predicate = true> <Delay = 0.00>
ST_1 : Operation 46 [1/1] (0.00ns)   --->   "%specinterface_ln0 = specinterface void @_ssdm_op_SpecInterface, i1 %clip_tris_is_active, void @empty_9, i32 0, i32 0, void @empty_21, i32 0, i32 0, void @empty_21, void @empty_21, void @empty_21, i32 0, i32 0, i32 0, i32 0, void @empty_21, void @empty_21, i32 4294967295, i32 0, i32 0"   --->   Operation 46 'specinterface' 'specinterface_ln0' <Predicate = true> <Delay = 0.00>
ST_1 : Operation 47 [1/1] (0.00ns)   --->   "%specinterface_ln0 = specinterface void @_ssdm_op_SpecInterface, i1 %clip_tris_is_active, void @empty_9, i32 0, i32 0, void @empty_21, i32 0, i32 0, void @empty_21, void @empty_21, void @empty_21, i32 0, i32 0, i32 0, i32 0, void @empty_21, void @empty_21, i32 4294967295, i32 0, i32 0"   --->   Operation 47 'specinterface' 'specinterface_ln0' <Predicate = true> <Delay = 0.00>
ST_1 : Operation 48 [1/1] (0.00ns)   --->   "%specinterface_ln0 = specinterface void @_ssdm_op_SpecInterface, i1 %clip_tris_is_active, void @empty_9, i32 0, i32 0, void @empty_21, i32 0, i32 0, void @empty_21, void @empty_21, void @empty_21, i32 0, i32 0, i32 0, i32 0, void @empty_21, void @empty_21, i32 4294967295, i32 0, i32 0"   --->   Operation 48 'specinterface' 'specinterface_ln0' <Predicate = true> <Delay = 0.00>
ST_1 : Operation 49 [1/1] (0.00ns)   --->   "%specinterface_ln0 = specinterface void @_ssdm_op_SpecInterface, i32 %clip_tris_n0_x, void @empty_9, i32 0, i32 0, void @empty_21, i32 0, i32 0, void @empty_21, void @empty_21, void @empty_21, i32 0, i32 0, i32 0, i32 0, void @empty_21, void @empty_21, i32 4294967295, i32 0, i32 0"   --->   Operation 49 'specinterface' 'specinterface_ln0' <Predicate = true> <Delay = 0.00>
ST_1 : Operation 50 [1/1] (0.00ns)   --->   "%specinterface_ln0 = specinterface void @_ssdm_op_SpecInterface, i32 %clip_tris_n0_x, void @empty_9, i32 0, i32 0, void @empty_21, i32 0, i32 0, void @empty_21, void @empty_21, void @empty_21, i32 0, i32 0, i32 0, i32 0, void @empty_21, void @empty_21, i32 4294967295, i32 0, i32 0"   --->   Operation 50 'specinterface' 'specinterface_ln0' <Predicate = true> <Delay = 0.00>
ST_1 : Operation 51 [1/1] (0.00ns)   --->   "%specinterface_ln0 = specinterface void @_ssdm_op_SpecInterface, i32 %clip_tris_n0_x, void @empty_9, i32 0, i32 0, void @empty_21, i32 0, i32 0, void @empty_21, void @empty_21, void @empty_21, i32 0, i32 0, i32 0, i32 0, void @empty_21, void @empty_21, i32 4294967295, i32 0, i32 0"   --->   Operation 51 'specinterface' 'specinterface_ln0' <Predicate = true> <Delay = 0.00>
ST_1 : Operation 52 [1/1] (0.00ns)   --->   "%specinterface_ln0 = specinterface void @_ssdm_op_SpecInterface, i32 %clip_tris_n0_y, void @empty_9, i32 0, i32 0, void @empty_21, i32 0, i32 0, void @empty_21, void @empty_21, void @empty_21, i32 0, i32 0, i32 0, i32 0, void @empty_21, void @empty_21, i32 4294967295, i32 0, i32 0"   --->   Operation 52 'specinterface' 'specinterface_ln0' <Predicate = true> <Delay = 0.00>
ST_1 : Operation 53 [1/1] (0.00ns)   --->   "%specinterface_ln0 = specinterface void @_ssdm_op_SpecInterface, i32 %clip_tris_n0_y, void @empty_9, i32 0, i32 0, void @empty_21, i32 0, i32 0, void @empty_21, void @empty_21, void @empty_21, i32 0, i32 0, i32 0, i32 0, void @empty_21, void @empty_21, i32 4294967295, i32 0, i32 0"   --->   Operation 53 'specinterface' 'specinterface_ln0' <Predicate = true> <Delay = 0.00>
ST_1 : Operation 54 [1/1] (0.00ns)   --->   "%specinterface_ln0 = specinterface void @_ssdm_op_SpecInterface, i32 %clip_tris_n0_y, void @empty_9, i32 0, i32 0, void @empty_21, i32 0, i32 0, void @empty_21, void @empty_21, void @empty_21, i32 0, i32 0, i32 0, i32 0, void @empty_21, void @empty_21, i32 4294967295, i32 0, i32 0"   --->   Operation 54 'specinterface' 'specinterface_ln0' <Predicate = true> <Delay = 0.00>
ST_1 : Operation 55 [1/1] (0.00ns)   --->   "%specinterface_ln0 = specinterface void @_ssdm_op_SpecInterface, i32 %clip_tris_n0_z, void @empty_9, i32 0, i32 0, void @empty_21, i32 0, i32 0, void @empty_21, void @empty_21, void @empty_21, i32 0, i32 0, i32 0, i32 0, void @empty_21, void @empty_21, i32 4294967295, i32 0, i32 0"   --->   Operation 55 'specinterface' 'specinterface_ln0' <Predicate = true> <Delay = 0.00>
ST_1 : Operation 56 [1/1] (0.00ns)   --->   "%specinterface_ln0 = specinterface void @_ssdm_op_SpecInterface, i32 %clip_tris_n0_z, void @empty_9, i32 0, i32 0, void @empty_21, i32 0, i32 0, void @empty_21, void @empty_21, void @empty_21, i32 0, i32 0, i32 0, i32 0, void @empty_21, void @empty_21, i32 4294967295, i32 0, i32 0"   --->   Operation 56 'specinterface' 'specinterface_ln0' <Predicate = true> <Delay = 0.00>
ST_1 : Operation 57 [1/1] (0.00ns)   --->   "%specinterface_ln0 = specinterface void @_ssdm_op_SpecInterface, i32 %clip_tris_n0_z, void @empty_9, i32 0, i32 0, void @empty_21, i32 0, i32 0, void @empty_21, void @empty_21, void @empty_21, i32 0, i32 0, i32 0, i32 0, void @empty_21, void @empty_21, i32 4294967295, i32 0, i32 0"   --->   Operation 57 'specinterface' 'specinterface_ln0' <Predicate = true> <Delay = 0.00>
ST_1 : Operation 58 [1/1] (0.00ns)   --->   "%specinterface_ln0 = specinterface void @_ssdm_op_SpecInterface, i32 %clip_tris_n1_x, void @empty_9, i32 0, i32 0, void @empty_21, i32 0, i32 0, void @empty_21, void @empty_21, void @empty_21, i32 0, i32 0, i32 0, i32 0, void @empty_21, void @empty_21, i32 4294967295, i32 0, i32 0"   --->   Operation 58 'specinterface' 'specinterface_ln0' <Predicate = true> <Delay = 0.00>
ST_1 : Operation 59 [1/1] (0.00ns)   --->   "%specinterface_ln0 = specinterface void @_ssdm_op_SpecInterface, i32 %clip_tris_n1_x, void @empty_9, i32 0, i32 0, void @empty_21, i32 0, i32 0, void @empty_21, void @empty_21, void @empty_21, i32 0, i32 0, i32 0, i32 0, void @empty_21, void @empty_21, i32 4294967295, i32 0, i32 0"   --->   Operation 59 'specinterface' 'specinterface_ln0' <Predicate = true> <Delay = 0.00>
ST_1 : Operation 60 [1/1] (0.00ns)   --->   "%specinterface_ln0 = specinterface void @_ssdm_op_SpecInterface, i32 %clip_tris_n1_x, void @empty_9, i32 0, i32 0, void @empty_21, i32 0, i32 0, void @empty_21, void @empty_21, void @empty_21, i32 0, i32 0, i32 0, i32 0, void @empty_21, void @empty_21, i32 4294967295, i32 0, i32 0"   --->   Operation 60 'specinterface' 'specinterface_ln0' <Predicate = true> <Delay = 0.00>
ST_1 : Operation 61 [1/1] (0.00ns)   --->   "%specinterface_ln0 = specinterface void @_ssdm_op_SpecInterface, i32 %clip_tris_n1_y, void @empty_9, i32 0, i32 0, void @empty_21, i32 0, i32 0, void @empty_21, void @empty_21, void @empty_21, i32 0, i32 0, i32 0, i32 0, void @empty_21, void @empty_21, i32 4294967295, i32 0, i32 0"   --->   Operation 61 'specinterface' 'specinterface_ln0' <Predicate = true> <Delay = 0.00>
ST_1 : Operation 62 [1/1] (0.00ns)   --->   "%specinterface_ln0 = specinterface void @_ssdm_op_SpecInterface, i32 %clip_tris_n1_y, void @empty_9, i32 0, i32 0, void @empty_21, i32 0, i32 0, void @empty_21, void @empty_21, void @empty_21, i32 0, i32 0, i32 0, i32 0, void @empty_21, void @empty_21, i32 4294967295, i32 0, i32 0"   --->   Operation 62 'specinterface' 'specinterface_ln0' <Predicate = true> <Delay = 0.00>
ST_1 : Operation 63 [1/1] (0.00ns)   --->   "%specinterface_ln0 = specinterface void @_ssdm_op_SpecInterface, i32 %clip_tris_n1_y, void @empty_9, i32 0, i32 0, void @empty_21, i32 0, i32 0, void @empty_21, void @empty_21, void @empty_21, i32 0, i32 0, i32 0, i32 0, void @empty_21, void @empty_21, i32 4294967295, i32 0, i32 0"   --->   Operation 63 'specinterface' 'specinterface_ln0' <Predicate = true> <Delay = 0.00>
ST_1 : Operation 64 [1/1] (0.00ns)   --->   "%specinterface_ln0 = specinterface void @_ssdm_op_SpecInterface, i32 %clip_tris_n1_z, void @empty_9, i32 0, i32 0, void @empty_21, i32 0, i32 0, void @empty_21, void @empty_21, void @empty_21, i32 0, i32 0, i32 0, i32 0, void @empty_21, void @empty_21, i32 4294967295, i32 0, i32 0"   --->   Operation 64 'specinterface' 'specinterface_ln0' <Predicate = true> <Delay = 0.00>
ST_1 : Operation 65 [1/1] (0.00ns)   --->   "%specinterface_ln0 = specinterface void @_ssdm_op_SpecInterface, i32 %clip_tris_n1_z, void @empty_9, i32 0, i32 0, void @empty_21, i32 0, i32 0, void @empty_21, void @empty_21, void @empty_21, i32 0, i32 0, i32 0, i32 0, void @empty_21, void @empty_21, i32 4294967295, i32 0, i32 0"   --->   Operation 65 'specinterface' 'specinterface_ln0' <Predicate = true> <Delay = 0.00>
ST_1 : Operation 66 [1/1] (0.00ns)   --->   "%specinterface_ln0 = specinterface void @_ssdm_op_SpecInterface, i32 %clip_tris_n1_z, void @empty_9, i32 0, i32 0, void @empty_21, i32 0, i32 0, void @empty_21, void @empty_21, void @empty_21, i32 0, i32 0, i32 0, i32 0, void @empty_21, void @empty_21, i32 4294967295, i32 0, i32 0"   --->   Operation 66 'specinterface' 'specinterface_ln0' <Predicate = true> <Delay = 0.00>
ST_1 : Operation 67 [1/1] (0.00ns)   --->   "%specinterface_ln0 = specinterface void @_ssdm_op_SpecInterface, i32 %clip_tris_n2_x, void @empty_9, i32 0, i32 0, void @empty_21, i32 0, i32 0, void @empty_21, void @empty_21, void @empty_21, i32 0, i32 0, i32 0, i32 0, void @empty_21, void @empty_21, i32 4294967295, i32 0, i32 0"   --->   Operation 67 'specinterface' 'specinterface_ln0' <Predicate = true> <Delay = 0.00>
ST_1 : Operation 68 [1/1] (0.00ns)   --->   "%specinterface_ln0 = specinterface void @_ssdm_op_SpecInterface, i32 %clip_tris_n2_x, void @empty_9, i32 0, i32 0, void @empty_21, i32 0, i32 0, void @empty_21, void @empty_21, void @empty_21, i32 0, i32 0, i32 0, i32 0, void @empty_21, void @empty_21, i32 4294967295, i32 0, i32 0"   --->   Operation 68 'specinterface' 'specinterface_ln0' <Predicate = true> <Delay = 0.00>
ST_1 : Operation 69 [1/1] (0.00ns)   --->   "%specinterface_ln0 = specinterface void @_ssdm_op_SpecInterface, i32 %clip_tris_n2_x, void @empty_9, i32 0, i32 0, void @empty_21, i32 0, i32 0, void @empty_21, void @empty_21, void @empty_21, i32 0, i32 0, i32 0, i32 0, void @empty_21, void @empty_21, i32 4294967295, i32 0, i32 0"   --->   Operation 69 'specinterface' 'specinterface_ln0' <Predicate = true> <Delay = 0.00>
ST_1 : Operation 70 [1/1] (0.00ns)   --->   "%specinterface_ln0 = specinterface void @_ssdm_op_SpecInterface, i32 %clip_tris_n2_y, void @empty_9, i32 0, i32 0, void @empty_21, i32 0, i32 0, void @empty_21, void @empty_21, void @empty_21, i32 0, i32 0, i32 0, i32 0, void @empty_21, void @empty_21, i32 4294967295, i32 0, i32 0"   --->   Operation 70 'specinterface' 'specinterface_ln0' <Predicate = true> <Delay = 0.00>
ST_1 : Operation 71 [1/1] (0.00ns)   --->   "%specinterface_ln0 = specinterface void @_ssdm_op_SpecInterface, i32 %clip_tris_n2_y, void @empty_9, i32 0, i32 0, void @empty_21, i32 0, i32 0, void @empty_21, void @empty_21, void @empty_21, i32 0, i32 0, i32 0, i32 0, void @empty_21, void @empty_21, i32 4294967295, i32 0, i32 0"   --->   Operation 71 'specinterface' 'specinterface_ln0' <Predicate = true> <Delay = 0.00>
ST_1 : Operation 72 [1/1] (0.00ns)   --->   "%specinterface_ln0 = specinterface void @_ssdm_op_SpecInterface, i32 %clip_tris_n2_y, void @empty_9, i32 0, i32 0, void @empty_21, i32 0, i32 0, void @empty_21, void @empty_21, void @empty_21, i32 0, i32 0, i32 0, i32 0, void @empty_21, void @empty_21, i32 4294967295, i32 0, i32 0"   --->   Operation 72 'specinterface' 'specinterface_ln0' <Predicate = true> <Delay = 0.00>
ST_1 : Operation 73 [1/1] (0.00ns)   --->   "%specinterface_ln0 = specinterface void @_ssdm_op_SpecInterface, i32 %clip_tris_n2_z, void @empty_9, i32 0, i32 0, void @empty_21, i32 0, i32 0, void @empty_21, void @empty_21, void @empty_21, i32 0, i32 0, i32 0, i32 0, void @empty_21, void @empty_21, i32 4294967295, i32 0, i32 0"   --->   Operation 73 'specinterface' 'specinterface_ln0' <Predicate = true> <Delay = 0.00>
ST_1 : Operation 74 [1/1] (0.00ns)   --->   "%specinterface_ln0 = specinterface void @_ssdm_op_SpecInterface, i32 %clip_tris_n2_z, void @empty_9, i32 0, i32 0, void @empty_21, i32 0, i32 0, void @empty_21, void @empty_21, void @empty_21, i32 0, i32 0, i32 0, i32 0, void @empty_21, void @empty_21, i32 4294967295, i32 0, i32 0"   --->   Operation 74 'specinterface' 'specinterface_ln0' <Predicate = true> <Delay = 0.00>
ST_1 : Operation 75 [1/1] (0.00ns)   --->   "%specinterface_ln0 = specinterface void @_ssdm_op_SpecInterface, i32 %clip_tris_n2_z, void @empty_9, i32 0, i32 0, void @empty_21, i32 0, i32 0, void @empty_21, void @empty_21, void @empty_21, i32 0, i32 0, i32 0, i32 0, void @empty_21, void @empty_21, i32 4294967295, i32 0, i32 0"   --->   Operation 75 'specinterface' 'specinterface_ln0' <Predicate = true> <Delay = 0.00>
ST_1 : Operation 76 [1/1] (0.00ns)   --->   "%specinterface_ln0 = specinterface void @_ssdm_op_SpecInterface, i32 %clip_tris_v0_w, void @empty_9, i32 0, i32 0, void @empty_21, i32 0, i32 0, void @empty_21, void @empty_21, void @empty_21, i32 0, i32 0, i32 0, i32 0, void @empty_21, void @empty_21, i32 4294967295, i32 0, i32 0"   --->   Operation 76 'specinterface' 'specinterface_ln0' <Predicate = true> <Delay = 0.00>
ST_1 : Operation 77 [1/1] (0.00ns)   --->   "%specinterface_ln0 = specinterface void @_ssdm_op_SpecInterface, i32 %clip_tris_v0_w, void @empty_9, i32 0, i32 0, void @empty_21, i32 0, i32 0, void @empty_21, void @empty_21, void @empty_21, i32 0, i32 0, i32 0, i32 0, void @empty_21, void @empty_21, i32 4294967295, i32 0, i32 0"   --->   Operation 77 'specinterface' 'specinterface_ln0' <Predicate = true> <Delay = 0.00>
ST_1 : Operation 78 [1/1] (0.00ns)   --->   "%specinterface_ln0 = specinterface void @_ssdm_op_SpecInterface, i32 %clip_tris_v0_w, void @empty_9, i32 0, i32 0, void @empty_21, i32 0, i32 0, void @empty_21, void @empty_21, void @empty_21, i32 0, i32 0, i32 0, i32 0, void @empty_21, void @empty_21, i32 4294967295, i32 0, i32 0"   --->   Operation 78 'specinterface' 'specinterface_ln0' <Predicate = true> <Delay = 0.00>
ST_1 : Operation 79 [1/1] (0.00ns)   --->   "%specinterface_ln0 = specinterface void @_ssdm_op_SpecInterface, i32 %clip_tris_v0_x, void @empty_9, i32 0, i32 0, void @empty_21, i32 0, i32 0, void @empty_21, void @empty_21, void @empty_21, i32 0, i32 0, i32 0, i32 0, void @empty_21, void @empty_21, i32 4294967295, i32 0, i32 0"   --->   Operation 79 'specinterface' 'specinterface_ln0' <Predicate = true> <Delay = 0.00>
ST_1 : Operation 80 [1/1] (0.00ns)   --->   "%specinterface_ln0 = specinterface void @_ssdm_op_SpecInterface, i32 %clip_tris_v0_x, void @empty_9, i32 0, i32 0, void @empty_21, i32 0, i32 0, void @empty_21, void @empty_21, void @empty_21, i32 0, i32 0, i32 0, i32 0, void @empty_21, void @empty_21, i32 4294967295, i32 0, i32 0"   --->   Operation 80 'specinterface' 'specinterface_ln0' <Predicate = true> <Delay = 0.00>
ST_1 : Operation 81 [1/1] (0.00ns)   --->   "%specinterface_ln0 = specinterface void @_ssdm_op_SpecInterface, i32 %clip_tris_v0_x, void @empty_9, i32 0, i32 0, void @empty_21, i32 0, i32 0, void @empty_21, void @empty_21, void @empty_21, i32 0, i32 0, i32 0, i32 0, void @empty_21, void @empty_21, i32 4294967295, i32 0, i32 0"   --->   Operation 81 'specinterface' 'specinterface_ln0' <Predicate = true> <Delay = 0.00>
ST_1 : Operation 82 [1/1] (0.00ns)   --->   "%specinterface_ln0 = specinterface void @_ssdm_op_SpecInterface, i32 %clip_tris_v0_y, void @empty_9, i32 0, i32 0, void @empty_21, i32 0, i32 0, void @empty_21, void @empty_21, void @empty_21, i32 0, i32 0, i32 0, i32 0, void @empty_21, void @empty_21, i32 4294967295, i32 0, i32 0"   --->   Operation 82 'specinterface' 'specinterface_ln0' <Predicate = true> <Delay = 0.00>
ST_1 : Operation 83 [1/1] (0.00ns)   --->   "%specinterface_ln0 = specinterface void @_ssdm_op_SpecInterface, i32 %clip_tris_v0_y, void @empty_9, i32 0, i32 0, void @empty_21, i32 0, i32 0, void @empty_21, void @empty_21, void @empty_21, i32 0, i32 0, i32 0, i32 0, void @empty_21, void @empty_21, i32 4294967295, i32 0, i32 0"   --->   Operation 83 'specinterface' 'specinterface_ln0' <Predicate = true> <Delay = 0.00>
ST_1 : Operation 84 [1/1] (0.00ns)   --->   "%specinterface_ln0 = specinterface void @_ssdm_op_SpecInterface, i32 %clip_tris_v0_y, void @empty_9, i32 0, i32 0, void @empty_21, i32 0, i32 0, void @empty_21, void @empty_21, void @empty_21, i32 0, i32 0, i32 0, i32 0, void @empty_21, void @empty_21, i32 4294967295, i32 0, i32 0"   --->   Operation 84 'specinterface' 'specinterface_ln0' <Predicate = true> <Delay = 0.00>
ST_1 : Operation 85 [1/1] (0.00ns)   --->   "%specinterface_ln0 = specinterface void @_ssdm_op_SpecInterface, i32 %clip_tris_v0_z, void @empty_9, i32 0, i32 0, void @empty_21, i32 0, i32 0, void @empty_21, void @empty_21, void @empty_21, i32 0, i32 0, i32 0, i32 0, void @empty_21, void @empty_21, i32 4294967295, i32 0, i32 0"   --->   Operation 85 'specinterface' 'specinterface_ln0' <Predicate = true> <Delay = 0.00>
ST_1 : Operation 86 [1/1] (0.00ns)   --->   "%specinterface_ln0 = specinterface void @_ssdm_op_SpecInterface, i32 %clip_tris_v0_z, void @empty_9, i32 0, i32 0, void @empty_21, i32 0, i32 0, void @empty_21, void @empty_21, void @empty_21, i32 0, i32 0, i32 0, i32 0, void @empty_21, void @empty_21, i32 4294967295, i32 0, i32 0"   --->   Operation 86 'specinterface' 'specinterface_ln0' <Predicate = true> <Delay = 0.00>
ST_1 : Operation 87 [1/1] (0.00ns)   --->   "%specinterface_ln0 = specinterface void @_ssdm_op_SpecInterface, i32 %clip_tris_v0_z, void @empty_9, i32 0, i32 0, void @empty_21, i32 0, i32 0, void @empty_21, void @empty_21, void @empty_21, i32 0, i32 0, i32 0, i32 0, void @empty_21, void @empty_21, i32 4294967295, i32 0, i32 0"   --->   Operation 87 'specinterface' 'specinterface_ln0' <Predicate = true> <Delay = 0.00>
ST_1 : Operation 88 [1/1] (0.00ns)   --->   "%specinterface_ln0 = specinterface void @_ssdm_op_SpecInterface, i32 %clip_tris_v1_w, void @empty_9, i32 0, i32 0, void @empty_21, i32 0, i32 0, void @empty_21, void @empty_21, void @empty_21, i32 0, i32 0, i32 0, i32 0, void @empty_21, void @empty_21, i32 4294967295, i32 0, i32 0"   --->   Operation 88 'specinterface' 'specinterface_ln0' <Predicate = true> <Delay = 0.00>
ST_1 : Operation 89 [1/1] (0.00ns)   --->   "%specinterface_ln0 = specinterface void @_ssdm_op_SpecInterface, i32 %clip_tris_v1_w, void @empty_9, i32 0, i32 0, void @empty_21, i32 0, i32 0, void @empty_21, void @empty_21, void @empty_21, i32 0, i32 0, i32 0, i32 0, void @empty_21, void @empty_21, i32 4294967295, i32 0, i32 0"   --->   Operation 89 'specinterface' 'specinterface_ln0' <Predicate = true> <Delay = 0.00>
ST_1 : Operation 90 [1/1] (0.00ns)   --->   "%specinterface_ln0 = specinterface void @_ssdm_op_SpecInterface, i32 %clip_tris_v1_w, void @empty_9, i32 0, i32 0, void @empty_21, i32 0, i32 0, void @empty_21, void @empty_21, void @empty_21, i32 0, i32 0, i32 0, i32 0, void @empty_21, void @empty_21, i32 4294967295, i32 0, i32 0"   --->   Operation 90 'specinterface' 'specinterface_ln0' <Predicate = true> <Delay = 0.00>
ST_1 : Operation 91 [1/1] (0.00ns)   --->   "%specinterface_ln0 = specinterface void @_ssdm_op_SpecInterface, i32 %clip_tris_v1_x, void @empty_9, i32 0, i32 0, void @empty_21, i32 0, i32 0, void @empty_21, void @empty_21, void @empty_21, i32 0, i32 0, i32 0, i32 0, void @empty_21, void @empty_21, i32 4294967295, i32 0, i32 0"   --->   Operation 91 'specinterface' 'specinterface_ln0' <Predicate = true> <Delay = 0.00>
ST_1 : Operation 92 [1/1] (0.00ns)   --->   "%specinterface_ln0 = specinterface void @_ssdm_op_SpecInterface, i32 %clip_tris_v1_x, void @empty_9, i32 0, i32 0, void @empty_21, i32 0, i32 0, void @empty_21, void @empty_21, void @empty_21, i32 0, i32 0, i32 0, i32 0, void @empty_21, void @empty_21, i32 4294967295, i32 0, i32 0"   --->   Operation 92 'specinterface' 'specinterface_ln0' <Predicate = true> <Delay = 0.00>
ST_1 : Operation 93 [1/1] (0.00ns)   --->   "%specinterface_ln0 = specinterface void @_ssdm_op_SpecInterface, i32 %clip_tris_v1_x, void @empty_9, i32 0, i32 0, void @empty_21, i32 0, i32 0, void @empty_21, void @empty_21, void @empty_21, i32 0, i32 0, i32 0, i32 0, void @empty_21, void @empty_21, i32 4294967295, i32 0, i32 0"   --->   Operation 93 'specinterface' 'specinterface_ln0' <Predicate = true> <Delay = 0.00>
ST_1 : Operation 94 [1/1] (0.00ns)   --->   "%specinterface_ln0 = specinterface void @_ssdm_op_SpecInterface, i32 %clip_tris_v1_y, void @empty_9, i32 0, i32 0, void @empty_21, i32 0, i32 0, void @empty_21, void @empty_21, void @empty_21, i32 0, i32 0, i32 0, i32 0, void @empty_21, void @empty_21, i32 4294967295, i32 0, i32 0"   --->   Operation 94 'specinterface' 'specinterface_ln0' <Predicate = true> <Delay = 0.00>
ST_1 : Operation 95 [1/1] (0.00ns)   --->   "%specinterface_ln0 = specinterface void @_ssdm_op_SpecInterface, i32 %clip_tris_v1_y, void @empty_9, i32 0, i32 0, void @empty_21, i32 0, i32 0, void @empty_21, void @empty_21, void @empty_21, i32 0, i32 0, i32 0, i32 0, void @empty_21, void @empty_21, i32 4294967295, i32 0, i32 0"   --->   Operation 95 'specinterface' 'specinterface_ln0' <Predicate = true> <Delay = 0.00>
ST_1 : Operation 96 [1/1] (0.00ns)   --->   "%specinterface_ln0 = specinterface void @_ssdm_op_SpecInterface, i32 %clip_tris_v1_y, void @empty_9, i32 0, i32 0, void @empty_21, i32 0, i32 0, void @empty_21, void @empty_21, void @empty_21, i32 0, i32 0, i32 0, i32 0, void @empty_21, void @empty_21, i32 4294967295, i32 0, i32 0"   --->   Operation 96 'specinterface' 'specinterface_ln0' <Predicate = true> <Delay = 0.00>
ST_1 : Operation 97 [1/1] (0.00ns)   --->   "%specinterface_ln0 = specinterface void @_ssdm_op_SpecInterface, i32 %clip_tris_v1_z, void @empty_9, i32 0, i32 0, void @empty_21, i32 0, i32 0, void @empty_21, void @empty_21, void @empty_21, i32 0, i32 0, i32 0, i32 0, void @empty_21, void @empty_21, i32 4294967295, i32 0, i32 0"   --->   Operation 97 'specinterface' 'specinterface_ln0' <Predicate = true> <Delay = 0.00>
ST_1 : Operation 98 [1/1] (0.00ns)   --->   "%specinterface_ln0 = specinterface void @_ssdm_op_SpecInterface, i32 %clip_tris_v1_z, void @empty_9, i32 0, i32 0, void @empty_21, i32 0, i32 0, void @empty_21, void @empty_21, void @empty_21, i32 0, i32 0, i32 0, i32 0, void @empty_21, void @empty_21, i32 4294967295, i32 0, i32 0"   --->   Operation 98 'specinterface' 'specinterface_ln0' <Predicate = true> <Delay = 0.00>
ST_1 : Operation 99 [1/1] (0.00ns)   --->   "%specinterface_ln0 = specinterface void @_ssdm_op_SpecInterface, i32 %clip_tris_v1_z, void @empty_9, i32 0, i32 0, void @empty_21, i32 0, i32 0, void @empty_21, void @empty_21, void @empty_21, i32 0, i32 0, i32 0, i32 0, void @empty_21, void @empty_21, i32 4294967295, i32 0, i32 0"   --->   Operation 99 'specinterface' 'specinterface_ln0' <Predicate = true> <Delay = 0.00>
ST_1 : Operation 100 [1/1] (0.00ns)   --->   "%specinterface_ln0 = specinterface void @_ssdm_op_SpecInterface, i32 %clip_tris_v2_w, void @empty_9, i32 0, i32 0, void @empty_21, i32 0, i32 0, void @empty_21, void @empty_21, void @empty_21, i32 0, i32 0, i32 0, i32 0, void @empty_21, void @empty_21, i32 4294967295, i32 0, i32 0"   --->   Operation 100 'specinterface' 'specinterface_ln0' <Predicate = true> <Delay = 0.00>
ST_1 : Operation 101 [1/1] (0.00ns)   --->   "%specinterface_ln0 = specinterface void @_ssdm_op_SpecInterface, i32 %clip_tris_v2_w, void @empty_9, i32 0, i32 0, void @empty_21, i32 0, i32 0, void @empty_21, void @empty_21, void @empty_21, i32 0, i32 0, i32 0, i32 0, void @empty_21, void @empty_21, i32 4294967295, i32 0, i32 0"   --->   Operation 101 'specinterface' 'specinterface_ln0' <Predicate = true> <Delay = 0.00>
ST_1 : Operation 102 [1/1] (0.00ns)   --->   "%specinterface_ln0 = specinterface void @_ssdm_op_SpecInterface, i32 %clip_tris_v2_w, void @empty_9, i32 0, i32 0, void @empty_21, i32 0, i32 0, void @empty_21, void @empty_21, void @empty_21, i32 0, i32 0, i32 0, i32 0, void @empty_21, void @empty_21, i32 4294967295, i32 0, i32 0"   --->   Operation 102 'specinterface' 'specinterface_ln0' <Predicate = true> <Delay = 0.00>
ST_1 : Operation 103 [1/1] (0.00ns)   --->   "%specinterface_ln0 = specinterface void @_ssdm_op_SpecInterface, i32 %clip_tris_v2_x, void @empty_9, i32 0, i32 0, void @empty_21, i32 0, i32 0, void @empty_21, void @empty_21, void @empty_21, i32 0, i32 0, i32 0, i32 0, void @empty_21, void @empty_21, i32 4294967295, i32 0, i32 0"   --->   Operation 103 'specinterface' 'specinterface_ln0' <Predicate = true> <Delay = 0.00>
ST_1 : Operation 104 [1/1] (0.00ns)   --->   "%specinterface_ln0 = specinterface void @_ssdm_op_SpecInterface, i32 %clip_tris_v2_x, void @empty_9, i32 0, i32 0, void @empty_21, i32 0, i32 0, void @empty_21, void @empty_21, void @empty_21, i32 0, i32 0, i32 0, i32 0, void @empty_21, void @empty_21, i32 4294967295, i32 0, i32 0"   --->   Operation 104 'specinterface' 'specinterface_ln0' <Predicate = true> <Delay = 0.00>
ST_1 : Operation 105 [1/1] (0.00ns)   --->   "%specinterface_ln0 = specinterface void @_ssdm_op_SpecInterface, i32 %clip_tris_v2_x, void @empty_9, i32 0, i32 0, void @empty_21, i32 0, i32 0, void @empty_21, void @empty_21, void @empty_21, i32 0, i32 0, i32 0, i32 0, void @empty_21, void @empty_21, i32 4294967295, i32 0, i32 0"   --->   Operation 105 'specinterface' 'specinterface_ln0' <Predicate = true> <Delay = 0.00>
ST_1 : Operation 106 [1/1] (0.00ns)   --->   "%specinterface_ln0 = specinterface void @_ssdm_op_SpecInterface, i32 %clip_tris_v2_y, void @empty_9, i32 0, i32 0, void @empty_21, i32 0, i32 0, void @empty_21, void @empty_21, void @empty_21, i32 0, i32 0, i32 0, i32 0, void @empty_21, void @empty_21, i32 4294967295, i32 0, i32 0"   --->   Operation 106 'specinterface' 'specinterface_ln0' <Predicate = true> <Delay = 0.00>
ST_1 : Operation 107 [1/1] (0.00ns)   --->   "%specinterface_ln0 = specinterface void @_ssdm_op_SpecInterface, i32 %clip_tris_v2_y, void @empty_9, i32 0, i32 0, void @empty_21, i32 0, i32 0, void @empty_21, void @empty_21, void @empty_21, i32 0, i32 0, i32 0, i32 0, void @empty_21, void @empty_21, i32 4294967295, i32 0, i32 0"   --->   Operation 107 'specinterface' 'specinterface_ln0' <Predicate = true> <Delay = 0.00>
ST_1 : Operation 108 [1/1] (0.00ns)   --->   "%specinterface_ln0 = specinterface void @_ssdm_op_SpecInterface, i32 %clip_tris_v2_y, void @empty_9, i32 0, i32 0, void @empty_21, i32 0, i32 0, void @empty_21, void @empty_21, void @empty_21, i32 0, i32 0, i32 0, i32 0, void @empty_21, void @empty_21, i32 4294967295, i32 0, i32 0"   --->   Operation 108 'specinterface' 'specinterface_ln0' <Predicate = true> <Delay = 0.00>
ST_1 : Operation 109 [1/1] (0.00ns)   --->   "%specinterface_ln0 = specinterface void @_ssdm_op_SpecInterface, i32 %clip_tris_v2_z, void @empty_9, i32 0, i32 0, void @empty_21, i32 0, i32 0, void @empty_21, void @empty_21, void @empty_21, i32 0, i32 0, i32 0, i32 0, void @empty_21, void @empty_21, i32 4294967295, i32 0, i32 0"   --->   Operation 109 'specinterface' 'specinterface_ln0' <Predicate = true> <Delay = 0.00>
ST_1 : Operation 110 [1/1] (0.00ns)   --->   "%specinterface_ln0 = specinterface void @_ssdm_op_SpecInterface, i32 %clip_tris_v2_z, void @empty_9, i32 0, i32 0, void @empty_21, i32 0, i32 0, void @empty_21, void @empty_21, void @empty_21, i32 0, i32 0, i32 0, i32 0, void @empty_21, void @empty_21, i32 4294967295, i32 0, i32 0"   --->   Operation 110 'specinterface' 'specinterface_ln0' <Predicate = true> <Delay = 0.00>
ST_1 : Operation 111 [1/1] (0.00ns)   --->   "%specinterface_ln0 = specinterface void @_ssdm_op_SpecInterface, i32 %clip_tris_v2_z, void @empty_9, i32 0, i32 0, void @empty_21, i32 0, i32 0, void @empty_21, void @empty_21, void @empty_21, i32 0, i32 0, i32 0, i32 0, void @empty_21, void @empty_21, i32 4294967295, i32 0, i32 0"   --->   Operation 111 'specinterface' 'specinterface_ln0' <Predicate = true> <Delay = 0.00>
ST_1 : Operation 112 [1/1] (0.00ns)   --->   "%specinterface_ln0 = specinterface void @_ssdm_op_SpecInterface, i1 %clip_tris_is_active, void @empty_9, i32 0, i32 0, void @empty_21, i32 0, i32 0, void @empty_21, void @empty_21, void @empty_21, i32 0, i32 0, i32 0, i32 0, void @empty_21, void @empty_21, i32 4294967295, i32 0, i32 0"   --->   Operation 112 'specinterface' 'specinterface_ln0' <Predicate = true> <Delay = 0.00>
ST_1 : Operation 113 [1/1] (0.00ns)   --->   "%specinterface_ln0 = specinterface void @_ssdm_op_SpecInterface, i32 %clip_tris_color, void @empty_9, i32 0, i32 0, void @empty_21, i32 0, i32 0, void @empty_21, void @empty_21, void @empty_21, i32 0, i32 0, i32 0, i32 0, void @empty_21, void @empty_21, i32 4294967295, i32 0, i32 0"   --->   Operation 113 'specinterface' 'specinterface_ln0' <Predicate = true> <Delay = 0.00>
ST_1 : Operation 114 [1/1] (0.00ns)   --->   "%specinterface_ln0 = specinterface void @_ssdm_op_SpecInterface, i32 %clip_tris_n2_z, void @empty_9, i32 0, i32 0, void @empty_21, i32 0, i32 0, void @empty_21, void @empty_21, void @empty_21, i32 0, i32 0, i32 0, i32 0, void @empty_21, void @empty_21, i32 4294967295, i32 0, i32 0"   --->   Operation 114 'specinterface' 'specinterface_ln0' <Predicate = true> <Delay = 0.00>
ST_1 : Operation 115 [1/1] (0.00ns)   --->   "%specinterface_ln0 = specinterface void @_ssdm_op_SpecInterface, i32 %clip_tris_n2_y, void @empty_9, i32 0, i32 0, void @empty_21, i32 0, i32 0, void @empty_21, void @empty_21, void @empty_21, i32 0, i32 0, i32 0, i32 0, void @empty_21, void @empty_21, i32 4294967295, i32 0, i32 0"   --->   Operation 115 'specinterface' 'specinterface_ln0' <Predicate = true> <Delay = 0.00>
ST_1 : Operation 116 [1/1] (0.00ns)   --->   "%specinterface_ln0 = specinterface void @_ssdm_op_SpecInterface, i32 %clip_tris_n2_x, void @empty_9, i32 0, i32 0, void @empty_21, i32 0, i32 0, void @empty_21, void @empty_21, void @empty_21, i32 0, i32 0, i32 0, i32 0, void @empty_21, void @empty_21, i32 4294967295, i32 0, i32 0"   --->   Operation 116 'specinterface' 'specinterface_ln0' <Predicate = true> <Delay = 0.00>
ST_1 : Operation 117 [1/1] (0.00ns)   --->   "%specinterface_ln0 = specinterface void @_ssdm_op_SpecInterface, i32 %clip_tris_n1_z, void @empty_9, i32 0, i32 0, void @empty_21, i32 0, i32 0, void @empty_21, void @empty_21, void @empty_21, i32 0, i32 0, i32 0, i32 0, void @empty_21, void @empty_21, i32 4294967295, i32 0, i32 0"   --->   Operation 117 'specinterface' 'specinterface_ln0' <Predicate = true> <Delay = 0.00>
ST_1 : Operation 118 [1/1] (0.00ns)   --->   "%specinterface_ln0 = specinterface void @_ssdm_op_SpecInterface, i32 %clip_tris_n1_y, void @empty_9, i32 0, i32 0, void @empty_21, i32 0, i32 0, void @empty_21, void @empty_21, void @empty_21, i32 0, i32 0, i32 0, i32 0, void @empty_21, void @empty_21, i32 4294967295, i32 0, i32 0"   --->   Operation 118 'specinterface' 'specinterface_ln0' <Predicate = true> <Delay = 0.00>
ST_1 : Operation 119 [1/1] (0.00ns)   --->   "%specinterface_ln0 = specinterface void @_ssdm_op_SpecInterface, i32 %clip_tris_n1_x, void @empty_9, i32 0, i32 0, void @empty_21, i32 0, i32 0, void @empty_21, void @empty_21, void @empty_21, i32 0, i32 0, i32 0, i32 0, void @empty_21, void @empty_21, i32 4294967295, i32 0, i32 0"   --->   Operation 119 'specinterface' 'specinterface_ln0' <Predicate = true> <Delay = 0.00>
ST_1 : Operation 120 [1/1] (0.00ns)   --->   "%specinterface_ln0 = specinterface void @_ssdm_op_SpecInterface, i32 %clip_tris_n0_z, void @empty_9, i32 0, i32 0, void @empty_21, i32 0, i32 0, void @empty_21, void @empty_21, void @empty_21, i32 0, i32 0, i32 0, i32 0, void @empty_21, void @empty_21, i32 4294967295, i32 0, i32 0"   --->   Operation 120 'specinterface' 'specinterface_ln0' <Predicate = true> <Delay = 0.00>
ST_1 : Operation 121 [1/1] (0.00ns)   --->   "%specinterface_ln0 = specinterface void @_ssdm_op_SpecInterface, i32 %clip_tris_n0_y, void @empty_9, i32 0, i32 0, void @empty_21, i32 0, i32 0, void @empty_21, void @empty_21, void @empty_21, i32 0, i32 0, i32 0, i32 0, void @empty_21, void @empty_21, i32 4294967295, i32 0, i32 0"   --->   Operation 121 'specinterface' 'specinterface_ln0' <Predicate = true> <Delay = 0.00>
ST_1 : Operation 122 [1/1] (0.00ns)   --->   "%specinterface_ln0 = specinterface void @_ssdm_op_SpecInterface, i32 %clip_tris_n0_x, void @empty_9, i32 0, i32 0, void @empty_21, i32 0, i32 0, void @empty_21, void @empty_21, void @empty_21, i32 0, i32 0, i32 0, i32 0, void @empty_21, void @empty_21, i32 4294967295, i32 0, i32 0"   --->   Operation 122 'specinterface' 'specinterface_ln0' <Predicate = true> <Delay = 0.00>
ST_1 : Operation 123 [1/1] (0.00ns)   --->   "%specinterface_ln0 = specinterface void @_ssdm_op_SpecInterface, i32 %clip_tris_v2_w, void @empty_9, i32 0, i32 0, void @empty_21, i32 0, i32 0, void @empty_21, void @empty_21, void @empty_21, i32 0, i32 0, i32 0, i32 0, void @empty_21, void @empty_21, i32 4294967295, i32 0, i32 0"   --->   Operation 123 'specinterface' 'specinterface_ln0' <Predicate = true> <Delay = 0.00>
ST_1 : Operation 124 [1/1] (0.00ns)   --->   "%specinterface_ln0 = specinterface void @_ssdm_op_SpecInterface, i32 %clip_tris_v2_z, void @empty_9, i32 0, i32 0, void @empty_21, i32 0, i32 0, void @empty_21, void @empty_21, void @empty_21, i32 0, i32 0, i32 0, i32 0, void @empty_21, void @empty_21, i32 4294967295, i32 0, i32 0"   --->   Operation 124 'specinterface' 'specinterface_ln0' <Predicate = true> <Delay = 0.00>
ST_1 : Operation 125 [1/1] (0.00ns)   --->   "%specinterface_ln0 = specinterface void @_ssdm_op_SpecInterface, i32 %clip_tris_v2_y, void @empty_9, i32 0, i32 0, void @empty_21, i32 0, i32 0, void @empty_21, void @empty_21, void @empty_21, i32 0, i32 0, i32 0, i32 0, void @empty_21, void @empty_21, i32 4294967295, i32 0, i32 0"   --->   Operation 125 'specinterface' 'specinterface_ln0' <Predicate = true> <Delay = 0.00>
ST_1 : Operation 126 [1/1] (0.00ns)   --->   "%specinterface_ln0 = specinterface void @_ssdm_op_SpecInterface, i32 %clip_tris_v2_x, void @empty_9, i32 0, i32 0, void @empty_21, i32 0, i32 0, void @empty_21, void @empty_21, void @empty_21, i32 0, i32 0, i32 0, i32 0, void @empty_21, void @empty_21, i32 4294967295, i32 0, i32 0"   --->   Operation 126 'specinterface' 'specinterface_ln0' <Predicate = true> <Delay = 0.00>
ST_1 : Operation 127 [1/1] (0.00ns)   --->   "%specinterface_ln0 = specinterface void @_ssdm_op_SpecInterface, i32 %clip_tris_v1_w, void @empty_9, i32 0, i32 0, void @empty_21, i32 0, i32 0, void @empty_21, void @empty_21, void @empty_21, i32 0, i32 0, i32 0, i32 0, void @empty_21, void @empty_21, i32 4294967295, i32 0, i32 0"   --->   Operation 127 'specinterface' 'specinterface_ln0' <Predicate = true> <Delay = 0.00>
ST_1 : Operation 128 [1/1] (0.00ns)   --->   "%specinterface_ln0 = specinterface void @_ssdm_op_SpecInterface, i32 %clip_tris_v1_z, void @empty_9, i32 0, i32 0, void @empty_21, i32 0, i32 0, void @empty_21, void @empty_21, void @empty_21, i32 0, i32 0, i32 0, i32 0, void @empty_21, void @empty_21, i32 4294967295, i32 0, i32 0"   --->   Operation 128 'specinterface' 'specinterface_ln0' <Predicate = true> <Delay = 0.00>
ST_1 : Operation 129 [1/1] (0.00ns)   --->   "%specinterface_ln0 = specinterface void @_ssdm_op_SpecInterface, i32 %clip_tris_v1_y, void @empty_9, i32 0, i32 0, void @empty_21, i32 0, i32 0, void @empty_21, void @empty_21, void @empty_21, i32 0, i32 0, i32 0, i32 0, void @empty_21, void @empty_21, i32 4294967295, i32 0, i32 0"   --->   Operation 129 'specinterface' 'specinterface_ln0' <Predicate = true> <Delay = 0.00>
ST_1 : Operation 130 [1/1] (0.00ns)   --->   "%specinterface_ln0 = specinterface void @_ssdm_op_SpecInterface, i32 %clip_tris_v1_x, void @empty_9, i32 0, i32 0, void @empty_21, i32 0, i32 0, void @empty_21, void @empty_21, void @empty_21, i32 0, i32 0, i32 0, i32 0, void @empty_21, void @empty_21, i32 4294967295, i32 0, i32 0"   --->   Operation 130 'specinterface' 'specinterface_ln0' <Predicate = true> <Delay = 0.00>
ST_1 : Operation 131 [1/1] (0.00ns)   --->   "%specinterface_ln0 = specinterface void @_ssdm_op_SpecInterface, i32 %clip_tris_v0_w, void @empty_9, i32 0, i32 0, void @empty_21, i32 0, i32 0, void @empty_21, void @empty_21, void @empty_21, i32 0, i32 0, i32 0, i32 0, void @empty_21, void @empty_21, i32 4294967295, i32 0, i32 0"   --->   Operation 131 'specinterface' 'specinterface_ln0' <Predicate = true> <Delay = 0.00>
ST_1 : Operation 132 [1/1] (0.00ns)   --->   "%specinterface_ln0 = specinterface void @_ssdm_op_SpecInterface, i32 %clip_tris_v0_z, void @empty_9, i32 0, i32 0, void @empty_21, i32 0, i32 0, void @empty_21, void @empty_21, void @empty_21, i32 0, i32 0, i32 0, i32 0, void @empty_21, void @empty_21, i32 4294967295, i32 0, i32 0"   --->   Operation 132 'specinterface' 'specinterface_ln0' <Predicate = true> <Delay = 0.00>
ST_1 : Operation 133 [1/1] (0.00ns)   --->   "%specinterface_ln0 = specinterface void @_ssdm_op_SpecInterface, i32 %clip_tris_v0_y, void @empty_9, i32 0, i32 0, void @empty_21, i32 0, i32 0, void @empty_21, void @empty_21, void @empty_21, i32 0, i32 0, i32 0, i32 0, void @empty_21, void @empty_21, i32 4294967295, i32 0, i32 0"   --->   Operation 133 'specinterface' 'specinterface_ln0' <Predicate = true> <Delay = 0.00>
ST_1 : Operation 134 [1/1] (0.00ns)   --->   "%specinterface_ln0 = specinterface void @_ssdm_op_SpecInterface, i32 %clip_tris_v0_x, void @empty_9, i32 0, i32 0, void @empty_21, i32 0, i32 0, void @empty_21, void @empty_21, void @empty_21, i32 0, i32 0, i32 0, i32 0, void @empty_21, void @empty_21, i32 4294967295, i32 0, i32 0"   --->   Operation 134 'specinterface' 'specinterface_ln0' <Predicate = true> <Delay = 0.00>
ST_1 : Operation 135 [1/1] (0.00ns)   --->   "%specinterface_ln0 = specinterface void @_ssdm_op_SpecInterface, i32 %gmem2, void @empty_11, i32 0, i32 0, void @empty_21, i32 0, i32 0, void @empty_17, void @empty_16, void @empty_21, i32 16, i32 16, i32 16, i32 16, void @empty_21, void @empty_21, i32 4294967295, i32 0, i32 0"   --->   Operation 135 'specinterface' 'specinterface_ln0' <Predicate = true> <Delay = 0.00>
ST_1 : Operation 136 [1/1] (0.00ns)   --->   "%specinterface_ln0 = specinterface void @_ssdm_op_SpecInterface, i1024 %gmem0, void @empty_11, i32 0, i32 0, void @empty_21, i32 0, i32 0, void @empty_18, void @empty_16, void @empty_21, i32 16, i32 16, i32 16, i32 16, void @empty_21, void @empty_21, i32 4294967295, i32 0, i32 0"   --->   Operation 136 'specinterface' 'specinterface_ln0' <Predicate = true> <Delay = 0.00>
ST_1 : Operation 137 [1/1] (0.00ns)   --->   "%mvp_read = read i64 @_ssdm_op_Read.ap_auto.i64, i64 %mvp" [top.cpp:6]   --->   Operation 137 'read' 'mvp_read' <Predicate = true> <Delay = 0.00>
ST_1 : Operation 138 [1/1] (0.00ns)   --->   "%in_tris_read = read i64 @_ssdm_op_Read.ap_auto.i64, i64 %in_tris" [top.cpp:6]   --->   Operation 138 'read' 'in_tris_read' <Predicate = true> <Delay = 0.00>
ST_1 : Operation 139 [1/1] (0.00ns)   --->   "%p_cast_i = partselect i62 @_ssdm_op_PartSelect.i62.i64.i32.i32, i64 %mvp_read, i32 2, i32 63" [top.cpp:6]   --->   Operation 139 'partselect' 'p_cast_i' <Predicate = true> <Delay = 0.00>
ST_1 : Operation 140 [1/1] (0.00ns)   --->   "%p_cast_cast_i = sext i62 %p_cast_i" [top.cpp:6]   --->   Operation 140 'sext' 'p_cast_cast_i' <Predicate = true> <Delay = 0.00>
ST_1 : Operation 141 [1/1] (0.00ns)   --->   "%gmem2_addr = getelementptr i32 %gmem2, i64 %p_cast_cast_i" [top.cpp:6]   --->   Operation 141 'getelementptr' 'gmem2_addr' <Predicate = true> <Delay = 0.00>
ST_1 : Operation 142 [1/1] (0.48ns)   --->   "%store_ln0 = store i7 0, i7 %i4"   --->   Operation 142 'store' 'store_ln0' <Predicate = true> <Delay = 0.48>
ST_1 : Operation 143 [1/1] (0.48ns)   --->   "%store_ln0 = store i14 0, i14 %phi_mul"   --->   Operation 143 'store' 'store_ln0' <Predicate = true> <Delay = 0.48>
ST_1 : Operation 144 [1/1] (0.00ns)   --->   "%br_ln9 = br void %for.body.split.i" [top.cpp:9]   --->   Operation 144 'br' 'br_ln9' <Predicate = true> <Delay = 0.00>
ST_1 : Operation 145 [1/1] (0.00ns)   --->   "%phi_mul_load = load i14 %phi_mul" [top.cpp:13]   --->   Operation 145 'load' 'phi_mul_load' <Predicate = true> <Delay = 0.00>
ST_1 : Operation 146 [1/1] (0.00ns)   --->   "%i4_load = load i7 %i4" [top.cpp:9]   --->   Operation 146 'load' 'i4_load' <Predicate = true> <Delay = 0.00>
ST_1 : Operation 147 [1/1] (0.98ns)   --->   "%add_ln13_1 = add i14 %phi_mul_load, i14 92" [top.cpp:13]   --->   Operation 147 'add' 'add_ln13_1' <Predicate = true> <Delay = 0.98> <CoreInst = "Adder">   --->   Core 1 'Adder' <Latency = 0> <II = 1> <Delay = 0.98> <FuncUnit> <Opcode : 'add' 'sub'> <InPorts = 2> <OutPorts = 1>
ST_1 : Operation 148 [1/1] (0.00ns)   --->   "%zext_ln13 = zext i14 %phi_mul_load" [top.cpp:13]   --->   Operation 148 'zext' 'zext_ln13' <Predicate = true> <Delay = 0.00>
ST_1 : Operation 149 [1/1] (1.47ns)   --->   "%add_ln13 = add i64 %zext_ln13, i64 %in_tris_read" [top.cpp:13]   --->   Operation 149 'add' 'add_ln13' <Predicate = true> <Delay = 1.47> <CoreInst = "Adder">   --->   Core 1 'Adder' <Latency = 0> <II = 1> <Delay = 1.47> <FuncUnit> <Opcode : 'add' 'sub'> <InPorts = 2> <OutPorts = 1>
ST_1 : Operation 150 [1/1] (0.00ns)   --->   "%trunc_ln13 = trunc i64 %add_ln13" [top.cpp:13]   --->   Operation 150 'trunc' 'trunc_ln13' <Predicate = true> <Delay = 0.00>
ST_1 : Operation 151 [1/1] (0.89ns)   --->   "%icmp_ln13 = icmp_ugt  i7 %trunc_ln13, i7 36" [top.cpp:13]   --->   Operation 151 'icmp' 'icmp_ln13' <Predicate = true> <Delay = 0.89> <CoreInst = "Cmp">   --->   Core 9 'Cmp' <Latency = 0> <II = 1> <Delay = 0.89> <FuncUnit> <Opcode : 'seteq' 'setne' 'setle' 'setge' 'setlt' 'setgt'> <InPorts = 2> <OutPorts = 1>
ST_1 : Operation 152 [1/1] (0.27ns)   --->   "%select_ln13 = select i1 %icmp_ln13, i64 2, i64 1" [top.cpp:13]   --->   Operation 152 'select' 'select_ln13' <Predicate = true> <Delay = 0.27> <CoreInst = "Sel">   --->   Core 73 'Sel' <Latency = 0> <II = 1> <Delay = 0.27> <FuncUnit> <Opcode : 'select'> <InPorts = 3> <OutPorts = 1>
ST_1 : Operation 153 [1/1] (0.00ns)   --->   "%trunc_ln13_1 = partselect i57 @_ssdm_op_PartSelect.i57.i64.i32.i32, i64 %add_ln13, i32 7, i32 63" [top.cpp:13]   --->   Operation 153 'partselect' 'trunc_ln13_1' <Predicate = true> <Delay = 0.00>
ST_1 : Operation 154 [1/1] (0.89ns)   --->   "%i = add i7 %i4_load, i7 1" [top.cpp:9]   --->   Operation 154 'add' 'i' <Predicate = true> <Delay = 0.89> <CoreInst = "Adder">   --->   Core 1 'Adder' <Latency = 0> <II = 1> <Delay = 0.89> <FuncUnit> <Opcode : 'add' 'sub'> <InPorts = 2> <OutPorts = 1>
ST_1 : Operation 155 [1/1] (0.00ns)   --->   "%br_ln13 = br i1 %icmp_ln13, void %for.body.split._crit_edge.i, void" [top.cpp:13]   --->   Operation 155 'br' 'br_ln13' <Predicate = true> <Delay = 0.00>
ST_1 : Operation 156 [1/1] (0.89ns)   --->   "%icmp_ln9 = icmp_eq  i7 %i4_load, i7 127" [top.cpp:9]   --->   Operation 156 'icmp' 'icmp_ln9' <Predicate = true> <Delay = 0.89> <CoreInst = "Cmp">   --->   Core 9 'Cmp' <Latency = 0> <II = 1> <Delay = 0.89> <FuncUnit> <Opcode : 'seteq' 'setne' 'setle' 'setge' 'setlt' 'setgt'> <InPorts = 2> <OutPorts = 1>
ST_1 : Operation 157 [1/1] (0.48ns)   --->   "%store_ln9 = store i7 %i, i7 %i4" [top.cpp:9]   --->   Operation 157 'store' 'store_ln9' <Predicate = true> <Delay = 0.48>
ST_1 : Operation 158 [1/1] (0.48ns)   --->   "%store_ln13 = store i14 %add_ln13_1, i14 %phi_mul" [top.cpp:13]   --->   Operation 158 'store' 'store_ln13' <Predicate = true> <Delay = 0.48>
ST_1 : Operation 159 [1/1] (0.00ns)   --->   "%br_ln9 = br i1 %icmp_ln9, void %for.body.split.i, void %k1_vertex_transform.exit" [top.cpp:9]   --->   Operation 159 'br' 'br_ln9' <Predicate = true> <Delay = 0.00>

State 2 <SV = 1> <Delay = 7.30>
ST_2 : Operation 160 [1/1] (0.00ns)   --->   "%sext_ln13 = sext i57 %trunc_ln13_1" [top.cpp:13]   --->   Operation 160 'sext' 'sext_ln13' <Predicate = true> <Delay = 0.00>
ST_2 : Operation 161 [1/1] (0.00ns)   --->   "%gmem0_addr = getelementptr i1024 %gmem0, i64 %sext_ln13" [top.cpp:13]   --->   Operation 161 'getelementptr' 'gmem0_addr' <Predicate = true> <Delay = 0.00>
ST_2 : Operation 162 [8/8] (7.30ns)   --->   "%empty = readreq i1 @_ssdm_op_ReadReq.m_axi.p1i1024, i1024 %gmem0_addr, i64 %select_ln13" [top.cpp:13]   --->   Operation 162 'readreq' 'empty' <Predicate = true> <Delay = 7.30> <CoreInst = "m_axi">   --->   Core 119 'm_axi' <Latency = 6> <II = 1> <Delay = 1.00> <Adapter> <Opcode : 'read' 'write' 'readreq' 'writereq' 'writeresp'>

State 3 <SV = 2> <Delay = 7.30>
ST_3 : Operation 163 [7/8] (7.30ns)   --->   "%empty = readreq i1 @_ssdm_op_ReadReq.m_axi.p1i1024, i1024 %gmem0_addr, i64 %select_ln13" [top.cpp:13]   --->   Operation 163 'readreq' 'empty' <Predicate = true> <Delay = 7.30> <CoreInst = "m_axi">   --->   Core 119 'm_axi' <Latency = 6> <II = 1> <Delay = 1.00> <Adapter> <Opcode : 'read' 'write' 'readreq' 'writereq' 'writeresp'>

State 4 <SV = 3> <Delay = 7.30>
ST_4 : Operation 164 [6/8] (7.30ns)   --->   "%empty = readreq i1 @_ssdm_op_ReadReq.m_axi.p1i1024, i1024 %gmem0_addr, i64 %select_ln13" [top.cpp:13]   --->   Operation 164 'readreq' 'empty' <Predicate = true> <Delay = 7.30> <CoreInst = "m_axi">   --->   Core 119 'm_axi' <Latency = 6> <II = 1> <Delay = 1.00> <Adapter> <Opcode : 'read' 'write' 'readreq' 'writereq' 'writeresp'>

State 5 <SV = 4> <Delay = 7.30>
ST_5 : Operation 165 [5/8] (7.30ns)   --->   "%empty = readreq i1 @_ssdm_op_ReadReq.m_axi.p1i1024, i1024 %gmem0_addr, i64 %select_ln13" [top.cpp:13]   --->   Operation 165 'readreq' 'empty' <Predicate = true> <Delay = 7.30> <CoreInst = "m_axi">   --->   Core 119 'm_axi' <Latency = 6> <II = 1> <Delay = 1.00> <Adapter> <Opcode : 'read' 'write' 'readreq' 'writereq' 'writeresp'>

State 6 <SV = 5> <Delay = 7.30>
ST_6 : Operation 166 [4/8] (7.30ns)   --->   "%empty = readreq i1 @_ssdm_op_ReadReq.m_axi.p1i1024, i1024 %gmem0_addr, i64 %select_ln13" [top.cpp:13]   --->   Operation 166 'readreq' 'empty' <Predicate = true> <Delay = 7.30> <CoreInst = "m_axi">   --->   Core 119 'm_axi' <Latency = 6> <II = 1> <Delay = 1.00> <Adapter> <Opcode : 'read' 'write' 'readreq' 'writereq' 'writeresp'>

State 7 <SV = 6> <Delay = 7.30>
ST_7 : Operation 167 [3/8] (7.30ns)   --->   "%empty = readreq i1 @_ssdm_op_ReadReq.m_axi.p1i1024, i1024 %gmem0_addr, i64 %select_ln13" [top.cpp:13]   --->   Operation 167 'readreq' 'empty' <Predicate = true> <Delay = 7.30> <CoreInst = "m_axi">   --->   Core 119 'm_axi' <Latency = 6> <II = 1> <Delay = 1.00> <Adapter> <Opcode : 'read' 'write' 'readreq' 'writereq' 'writeresp'>

State 8 <SV = 7> <Delay = 7.30>
ST_8 : Operation 168 [2/8] (7.30ns)   --->   "%empty = readreq i1 @_ssdm_op_ReadReq.m_axi.p1i1024, i1024 %gmem0_addr, i64 %select_ln13" [top.cpp:13]   --->   Operation 168 'readreq' 'empty' <Predicate = true> <Delay = 7.30> <CoreInst = "m_axi">   --->   Core 119 'm_axi' <Latency = 6> <II = 1> <Delay = 1.00> <Adapter> <Opcode : 'read' 'write' 'readreq' 'writereq' 'writeresp'>

State 9 <SV = 8> <Delay = 7.30>
ST_9 : Operation 169 [1/8] (7.30ns)   --->   "%empty = readreq i1 @_ssdm_op_ReadReq.m_axi.p1i1024, i1024 %gmem0_addr, i64 %select_ln13" [top.cpp:13]   --->   Operation 169 'readreq' 'empty' <Predicate = true> <Delay = 7.30> <CoreInst = "m_axi">   --->   Core 119 'm_axi' <Latency = 6> <II = 1> <Delay = 1.00> <Adapter> <Opcode : 'read' 'write' 'readreq' 'writereq' 'writeresp'>

State 10 <SV = 9> <Delay = 7.30>
ST_10 : Operation 170 [1/1] (0.00ns)   --->   "%specpipeline_ln10 = specpipeline void @_ssdm_op_SpecPipeline, i32 1, i32 0, i32 0, i32 0, void @empty_21" [top.cpp:10]   --->   Operation 170 'specpipeline' 'specpipeline_ln10' <Predicate = true> <Delay = 0.00>
ST_10 : Operation 171 [1/1] (0.00ns)   --->   "%speclooptripcount_ln9 = speclooptripcount void @_ssdm_op_SpecLoopTripCount, i64 128, i64 128, i64 128" [top.cpp:9]   --->   Operation 171 'speclooptripcount' 'speclooptripcount_ln9' <Predicate = true> <Delay = 0.00>
ST_10 : Operation 172 [1/1] (0.00ns)   --->   "%specloopname_ln9 = specloopname void @_ssdm_op_SpecLoopName, void @empty_7" [top.cpp:9]   --->   Operation 172 'specloopname' 'specloopname_ln9' <Predicate = true> <Delay = 0.00>
ST_10 : Operation 173 [1/1] (7.30ns)   --->   "%gmem0_addr_read = read i1024 @_ssdm_op_Read.m_axi.p1i1024, i1024 %gmem0_addr" [top.cpp:13]   --->   Operation 173 'read' 'gmem0_addr_read' <Predicate = true> <Delay = 7.30> <CoreInst = "m_axi">   --->   Core 119 'm_axi' <Latency = 3> <II = 1> <Delay = 1.00> <Adapter> <Opcode : 'read' 'write' 'readreq' 'writereq' 'writeresp'>

State 11 <SV = 10> <Delay = 7.30>
ST_11 : Operation 174 [1/1] (7.30ns)   --->   "%gmem0_addr_read_1 = read i1024 @_ssdm_op_Read.m_axi.p1i1024, i1024 %gmem0_addr" [top.cpp:13]   --->   Operation 174 'read' 'gmem0_addr_read_1' <Predicate = (icmp_ln13)> <Delay = 7.30> <CoreInst = "m_axi">   --->   Core 119 'm_axi' <Latency = 3> <II = 1> <Delay = 1.00> <Adapter> <Opcode : 'read' 'write' 'readreq' 'writereq' 'writeresp'>
ST_11 : Operation 175 [1/1] (0.00ns)   --->   "%trunc_ln13_2 = trunc i1024 %gmem0_addr_read_1" [top.cpp:13]   --->   Operation 175 'trunc' 'trunc_ln13_2' <Predicate = (icmp_ln13)> <Delay = 0.00>
ST_11 : Operation 176 [1/1] (0.00ns)   --->   "%br_ln13 = br void %for.body.split._crit_edge.i" [top.cpp:13]   --->   Operation 176 'br' 'br_ln13' <Predicate = (icmp_ln13)> <Delay = 0.00>

State 12 <SV = 11> <Delay = 2.62>
ST_12 : Operation 177 [1/1] (0.00ns) (grouped into LUT with out node lshr_ln13)   --->   "%phi_ln13 = phi i697 %trunc_ln13_2, void, i697 0, void %for.body.split.i" [top.cpp:13]   --->   Operation 177 'phi' 'phi_ln13' <Predicate = true> <Delay = 0.00>
ST_12 : Operation 178 [1/1] (0.00ns) (grouped into LUT with out node lshr_ln13)   --->   "%tmp_i = bitconcatenate i1721 @_ssdm_op_BitConcatenate.i1721.i697.i1024, i697 %phi_ln13, i1024 %gmem0_addr_read" [top.cpp:13]   --->   Operation 178 'bitconcatenate' 'tmp_i' <Predicate = true> <Delay = 0.00>
ST_12 : Operation 179 [1/1] (0.00ns) (grouped into LUT with out node lshr_ln13)   --->   "%shl_ln = bitconcatenate i10 @_ssdm_op_BitConcatenate.i10.i7.i3, i7 %trunc_ln13, i3 0" [top.cpp:13]   --->   Operation 179 'bitconcatenate' 'shl_ln' <Predicate = true> <Delay = 0.00>
ST_12 : Operation 180 [1/1] (0.00ns) (grouped into LUT with out node lshr_ln13)   --->   "%zext_ln13_1 = zext i10 %shl_ln" [top.cpp:13]   --->   Operation 180 'zext' 'zext_ln13_1' <Predicate = true> <Delay = 0.00>
ST_12 : Operation 181 [1/1] (2.13ns) (out node of the LUT)   --->   "%lshr_ln13 = lshr i1721 %tmp_i, i1721 %zext_ln13_1" [top.cpp:13]   --->   Operation 181 'lshr' 'lshr_ln13' <Predicate = true> <Delay = 2.13> <CoreInst = "Shifter">   --->   Core 75 'Shifter' <Latency = 0> <II = 1> <Delay = 2.13> <FuncUnit> <Opcode : 'shl' 'lshr' 'ashr'> <InPorts = 2> <OutPorts = 1>
ST_12 : Operation 182 [1/1] (0.00ns)   --->   "%curr_tri_v0_x_4 = trunc i1721 %lshr_ln13" [top.cpp:13]   --->   Operation 182 'trunc' 'curr_tri_v0_x_4' <Predicate = true> <Delay = 0.00>
ST_12 : Operation 183 [1/1] (0.00ns)   --->   "%curr_tri_v0_y_4 = partselect i32 @_ssdm_op_PartSelect.i32.i1721.i32.i32, i1721 %lshr_ln13, i32 32, i32 63" [top.cpp:13]   --->   Operation 183 'partselect' 'curr_tri_v0_y_4' <Predicate = true> <Delay = 0.00>
ST_12 : Operation 184 [1/1] (0.00ns)   --->   "%curr_tri_v0_z_4 = partselect i32 @_ssdm_op_PartSelect.i32.i1721.i32.i32, i1721 %lshr_ln13, i32 64, i32 95" [top.cpp:13]   --->   Operation 184 'partselect' 'curr_tri_v0_z_4' <Predicate = true> <Delay = 0.00>
ST_12 : Operation 185 [1/1] (0.00ns)   --->   "%curr_tri_v0_w_2 = partselect i32 @_ssdm_op_PartSelect.i32.i1721.i32.i32, i1721 %lshr_ln13, i32 96, i32 127" [top.cpp:13]   --->   Operation 185 'partselect' 'curr_tri_v0_w_2' <Predicate = true> <Delay = 0.00>
ST_12 : Operation 186 [1/1] (0.00ns)   --->   "%curr_tri_v1_x_4 = partselect i32 @_ssdm_op_PartSelect.i32.i1721.i32.i32, i1721 %lshr_ln13, i32 128, i32 159" [top.cpp:13]   --->   Operation 186 'partselect' 'curr_tri_v1_x_4' <Predicate = true> <Delay = 0.00>
ST_12 : Operation 187 [1/1] (0.00ns)   --->   "%curr_tri_v1_y_4 = partselect i32 @_ssdm_op_PartSelect.i32.i1721.i32.i32, i1721 %lshr_ln13, i32 160, i32 191" [top.cpp:13]   --->   Operation 187 'partselect' 'curr_tri_v1_y_4' <Predicate = true> <Delay = 0.00>
ST_12 : Operation 188 [1/1] (0.00ns)   --->   "%curr_tri_v1_z_4 = partselect i32 @_ssdm_op_PartSelect.i32.i1721.i32.i32, i1721 %lshr_ln13, i32 192, i32 223" [top.cpp:13]   --->   Operation 188 'partselect' 'curr_tri_v1_z_4' <Predicate = true> <Delay = 0.00>
ST_12 : Operation 189 [1/1] (0.00ns)   --->   "%curr_tri_v1_w_2 = partselect i32 @_ssdm_op_PartSelect.i32.i1721.i32.i32, i1721 %lshr_ln13, i32 224, i32 255" [top.cpp:13]   --->   Operation 189 'partselect' 'curr_tri_v1_w_2' <Predicate = true> <Delay = 0.00>
ST_12 : Operation 190 [1/1] (0.00ns)   --->   "%curr_tri_v2_x_4 = partselect i32 @_ssdm_op_PartSelect.i32.i1721.i32.i32, i1721 %lshr_ln13, i32 256, i32 287" [top.cpp:13]   --->   Operation 190 'partselect' 'curr_tri_v2_x_4' <Predicate = true> <Delay = 0.00>
ST_12 : Operation 191 [1/1] (0.00ns)   --->   "%curr_tri_v2_y_4 = partselect i32 @_ssdm_op_PartSelect.i32.i1721.i32.i32, i1721 %lshr_ln13, i32 288, i32 319" [top.cpp:13]   --->   Operation 191 'partselect' 'curr_tri_v2_y_4' <Predicate = true> <Delay = 0.00>
ST_12 : Operation 192 [1/1] (0.00ns)   --->   "%curr_tri_v2_z_4 = partselect i32 @_ssdm_op_PartSelect.i32.i1721.i32.i32, i1721 %lshr_ln13, i32 320, i32 351" [top.cpp:13]   --->   Operation 192 'partselect' 'curr_tri_v2_z_4' <Predicate = true> <Delay = 0.00>
ST_12 : Operation 193 [1/1] (0.00ns)   --->   "%curr_tri_v2_w_3 = partselect i32 @_ssdm_op_PartSelect.i32.i1721.i32.i32, i1721 %lshr_ln13, i32 352, i32 383" [top.cpp:13]   --->   Operation 193 'partselect' 'curr_tri_v2_w_3' <Predicate = true> <Delay = 0.00>
ST_12 : Operation 194 [1/1] (0.00ns)   --->   "%curr_tri_n0_x = partselect i32 @_ssdm_op_PartSelect.i32.i1721.i32.i32, i1721 %lshr_ln13, i32 384, i32 415" [top.cpp:13]   --->   Operation 194 'partselect' 'curr_tri_n0_x' <Predicate = true> <Delay = 0.00>
ST_12 : Operation 195 [1/1] (0.00ns)   --->   "%curr_tri_n0_y = partselect i32 @_ssdm_op_PartSelect.i32.i1721.i32.i32, i1721 %lshr_ln13, i32 416, i32 447" [top.cpp:13]   --->   Operation 195 'partselect' 'curr_tri_n0_y' <Predicate = true> <Delay = 0.00>
ST_12 : Operation 196 [1/1] (0.00ns)   --->   "%curr_tri_n0_z = partselect i32 @_ssdm_op_PartSelect.i32.i1721.i32.i32, i1721 %lshr_ln13, i32 448, i32 479" [top.cpp:13]   --->   Operation 196 'partselect' 'curr_tri_n0_z' <Predicate = true> <Delay = 0.00>
ST_12 : Operation 197 [1/1] (0.00ns)   --->   "%curr_tri_n1_x = partselect i32 @_ssdm_op_PartSelect.i32.i1721.i32.i32, i1721 %lshr_ln13, i32 480, i32 511" [top.cpp:13]   --->   Operation 197 'partselect' 'curr_tri_n1_x' <Predicate = true> <Delay = 0.00>
ST_12 : Operation 198 [1/1] (0.00ns)   --->   "%curr_tri_n1_y = partselect i32 @_ssdm_op_PartSelect.i32.i1721.i32.i32, i1721 %lshr_ln13, i32 512, i32 543" [top.cpp:13]   --->   Operation 198 'partselect' 'curr_tri_n1_y' <Predicate = true> <Delay = 0.00>
ST_12 : Operation 199 [1/1] (0.00ns)   --->   "%curr_tri_n1_z = partselect i32 @_ssdm_op_PartSelect.i32.i1721.i32.i32, i1721 %lshr_ln13, i32 544, i32 575" [top.cpp:13]   --->   Operation 199 'partselect' 'curr_tri_n1_z' <Predicate = true> <Delay = 0.00>
ST_12 : Operation 200 [1/1] (0.00ns)   --->   "%curr_tri_n2_x = partselect i32 @_ssdm_op_PartSelect.i32.i1721.i32.i32, i1721 %lshr_ln13, i32 576, i32 607" [top.cpp:13]   --->   Operation 200 'partselect' 'curr_tri_n2_x' <Predicate = true> <Delay = 0.00>
ST_12 : Operation 201 [1/1] (0.00ns)   --->   "%curr_tri_n2_y = partselect i32 @_ssdm_op_PartSelect.i32.i1721.i32.i32, i1721 %lshr_ln13, i32 608, i32 639" [top.cpp:13]   --->   Operation 201 'partselect' 'curr_tri_n2_y' <Predicate = true> <Delay = 0.00>
ST_12 : Operation 202 [1/1] (0.00ns)   --->   "%curr_tri_n2_z = partselect i32 @_ssdm_op_PartSelect.i32.i1721.i32.i32, i1721 %lshr_ln13, i32 640, i32 671" [top.cpp:13]   --->   Operation 202 'partselect' 'curr_tri_n2_z' <Predicate = true> <Delay = 0.00>
ST_12 : Operation 203 [1/1] (0.00ns)   --->   "%curr_tri_color = partselect i32 @_ssdm_op_PartSelect.i32.i1721.i32.i32, i1721 %lshr_ln13, i32 672, i32 703" [top.cpp:13]   --->   Operation 203 'partselect' 'curr_tri_color' <Predicate = true> <Delay = 0.00>
ST_12 : Operation 204 [1/1] (0.00ns)   --->   "%curr_tri_is_active = bitselect i1 @_ssdm_op_BitSelect.i1.i1721.i32, i1721 %lshr_ln13, i32 704" [top.cpp:13]   --->   Operation 204 'bitselect' 'curr_tri_is_active' <Predicate = true> <Delay = 0.00>
ST_12 : Operation 205 [1/1] (0.48ns)   --->   "%br_ln16 = br i1 %curr_tri_is_active, void %for.inc132.i, void %VITIS_LOOP_20_2.i" [top.cpp:16]   --->   Operation 205 'br' 'br_ln16' <Predicate = true> <Delay = 0.48>

State 13 <SV = 12> <Delay = 7.30>
ST_13 : Operation 206 [8/8] (7.30ns)   --->   "%empty_128 = readreq i1 @_ssdm_op_ReadReq.m_axi.p1i32, i32 %gmem2_addr, i64 16" [top.cpp:6]   --->   Operation 206 'readreq' 'empty_128' <Predicate = (curr_tri_is_active)> <Delay = 7.30> <CoreInst = "m_axi">   --->   Core 119 'm_axi' <Latency = 6> <II = 1> <Delay = 1.00> <Adapter> <Opcode : 'read' 'write' 'readreq' 'writereq' 'writeresp'>
ST_13 : Operation 207 [1/1] (0.48ns)   --->   "%br_ln30 = br void %for.inc132.i" [top.cpp:30]   --->   Operation 207 'br' 'br_ln30' <Predicate = (curr_tri_is_active)> <Delay = 0.48>

State 14 <SV = 13> <Delay = 7.30>
ST_14 : Operation 208 [7/8] (7.30ns)   --->   "%empty_128 = readreq i1 @_ssdm_op_ReadReq.m_axi.p1i32, i32 %gmem2_addr, i64 16" [top.cpp:6]   --->   Operation 208 'readreq' 'empty_128' <Predicate = (curr_tri_is_active)> <Delay = 7.30> <CoreInst = "m_axi">   --->   Core 119 'm_axi' <Latency = 6> <II = 1> <Delay = 1.00> <Adapter> <Opcode : 'read' 'write' 'readreq' 'writereq' 'writeresp'>

State 15 <SV = 14> <Delay = 7.30>
ST_15 : Operation 209 [6/8] (7.30ns)   --->   "%empty_128 = readreq i1 @_ssdm_op_ReadReq.m_axi.p1i32, i32 %gmem2_addr, i64 16" [top.cpp:6]   --->   Operation 209 'readreq' 'empty_128' <Predicate = (curr_tri_is_active)> <Delay = 7.30> <CoreInst = "m_axi">   --->   Core 119 'm_axi' <Latency = 6> <II = 1> <Delay = 1.00> <Adapter> <Opcode : 'read' 'write' 'readreq' 'writereq' 'writeresp'>

State 16 <SV = 15> <Delay = 7.30>
ST_16 : Operation 210 [5/8] (7.30ns)   --->   "%empty_128 = readreq i1 @_ssdm_op_ReadReq.m_axi.p1i32, i32 %gmem2_addr, i64 16" [top.cpp:6]   --->   Operation 210 'readreq' 'empty_128' <Predicate = (curr_tri_is_active)> <Delay = 7.30> <CoreInst = "m_axi">   --->   Core 119 'm_axi' <Latency = 6> <II = 1> <Delay = 1.00> <Adapter> <Opcode : 'read' 'write' 'readreq' 'writereq' 'writeresp'>

State 17 <SV = 16> <Delay = 7.30>
ST_17 : Operation 211 [4/8] (7.30ns)   --->   "%empty_128 = readreq i1 @_ssdm_op_ReadReq.m_axi.p1i32, i32 %gmem2_addr, i64 16" [top.cpp:6]   --->   Operation 211 'readreq' 'empty_128' <Predicate = (curr_tri_is_active)> <Delay = 7.30> <CoreInst = "m_axi">   --->   Core 119 'm_axi' <Latency = 6> <II = 1> <Delay = 1.00> <Adapter> <Opcode : 'read' 'write' 'readreq' 'writereq' 'writeresp'>

State 18 <SV = 17> <Delay = 7.30>
ST_18 : Operation 212 [3/8] (7.30ns)   --->   "%empty_128 = readreq i1 @_ssdm_op_ReadReq.m_axi.p1i32, i32 %gmem2_addr, i64 16" [top.cpp:6]   --->   Operation 212 'readreq' 'empty_128' <Predicate = (curr_tri_is_active)> <Delay = 7.30> <CoreInst = "m_axi">   --->   Core 119 'm_axi' <Latency = 6> <II = 1> <Delay = 1.00> <Adapter> <Opcode : 'read' 'write' 'readreq' 'writereq' 'writeresp'>

State 19 <SV = 18> <Delay = 7.30>
ST_19 : Operation 213 [2/8] (7.30ns)   --->   "%empty_128 = readreq i1 @_ssdm_op_ReadReq.m_axi.p1i32, i32 %gmem2_addr, i64 16" [top.cpp:6]   --->   Operation 213 'readreq' 'empty_128' <Predicate = (curr_tri_is_active)> <Delay = 7.30> <CoreInst = "m_axi">   --->   Core 119 'm_axi' <Latency = 6> <II = 1> <Delay = 1.00> <Adapter> <Opcode : 'read' 'write' 'readreq' 'writereq' 'writeresp'>

State 20 <SV = 19> <Delay = 7.30>
ST_20 : Operation 214 [1/8] (7.30ns)   --->   "%empty_128 = readreq i1 @_ssdm_op_ReadReq.m_axi.p1i32, i32 %gmem2_addr, i64 16" [top.cpp:6]   --->   Operation 214 'readreq' 'empty_128' <Predicate = (curr_tri_is_active)> <Delay = 7.30> <CoreInst = "m_axi">   --->   Core 119 'm_axi' <Latency = 6> <II = 1> <Delay = 1.00> <Adapter> <Opcode : 'read' 'write' 'readreq' 'writereq' 'writeresp'>

State 21 <SV = 20> <Delay = 7.30>
ST_21 : Operation 215 [1/1] (7.30ns)   --->   "%gmem2_addr_read = read i32 @_ssdm_op_Read.m_axi.p1i32, i32 %gmem2_addr" [top.cpp:6]   --->   Operation 215 'read' 'gmem2_addr_read' <Predicate = (curr_tri_is_active)> <Delay = 7.30> <CoreInst = "m_axi">   --->   Core 119 'm_axi' <Latency = 3> <II = 1> <Delay = 1.00> <Adapter> <Opcode : 'read' 'write' 'readreq' 'writereq' 'writeresp'>

State 22 <SV = 21> <Delay = 7.30>
ST_22 : Operation 216 [1/1] (7.30ns)   --->   "%gmem2_addr_read_1 = read i32 @_ssdm_op_Read.m_axi.p1i32, i32 %gmem2_addr" [top.cpp:6]   --->   Operation 216 'read' 'gmem2_addr_read_1' <Predicate = (curr_tri_is_active)> <Delay = 7.30> <CoreInst = "m_axi">   --->   Core 119 'm_axi' <Latency = 3> <II = 1> <Delay = 1.00> <Adapter> <Opcode : 'read' 'write' 'readreq' 'writereq' 'writeresp'>
ST_22 : Operation 217 [1/1] (0.00ns)   --->   "%conv7_i_i = sext i32 %gmem2_addr_read" [top.cpp:6]   --->   Operation 217 'sext' 'conv7_i_i' <Predicate = (curr_tri_is_active)> <Delay = 0.00>
ST_22 : Operation 218 [1/1] (0.00ns)   --->   "%sext_ln21 = sext i32 %curr_tri_v0_x_4" [top.cpp:21]   --->   Operation 218 'sext' 'sext_ln21' <Predicate = (curr_tri_is_active)> <Delay = 0.00>
ST_22 : Operation 219 [1/1] (3.88ns)   --->   "%mul_ln21 = mul i64 %conv7_i_i, i64 %sext_ln21" [top.cpp:21]   --->   Operation 219 'mul' 'mul_ln21' <Predicate = (curr_tri_is_active)> <Delay = 3.88> <CoreInst = "Multiplier">   --->   Core 3 'Multiplier' <Latency = 0> <II = 1> <Delay = 3.88> <FuncUnit> <Opcode : 'mul'> <InPorts = 2> <OutPorts = 1>
ST_22 : Operation 220 [1/1] (0.00ns)   --->   "%sext_ln21_9 = sext i32 %curr_tri_v1_x_4" [top.cpp:21]   --->   Operation 220 'sext' 'sext_ln21_9' <Predicate = (curr_tri_is_active)> <Delay = 0.00>
ST_22 : Operation 221 [1/1] (3.88ns)   --->   "%mul_ln21_4 = mul i64 %conv7_i_i, i64 %sext_ln21_9" [top.cpp:21]   --->   Operation 221 'mul' 'mul_ln21_4' <Predicate = (curr_tri_is_active)> <Delay = 3.88> <CoreInst = "Multiplier">   --->   Core 3 'Multiplier' <Latency = 0> <II = 1> <Delay = 3.88> <FuncUnit> <Opcode : 'mul'> <InPorts = 2> <OutPorts = 1>
ST_22 : Operation 222 [1/1] (0.00ns)   --->   "%sext_ln21_18 = sext i32 %curr_tri_v2_x_4" [top.cpp:21]   --->   Operation 222 'sext' 'sext_ln21_18' <Predicate = (curr_tri_is_active)> <Delay = 0.00>
ST_22 : Operation 223 [1/1] (3.88ns)   --->   "%mul_ln21_8 = mul i64 %conv7_i_i, i64 %sext_ln21_18" [top.cpp:21]   --->   Operation 223 'mul' 'mul_ln21_8' <Predicate = (curr_tri_is_active)> <Delay = 3.88> <CoreInst = "Multiplier">   --->   Core 3 'Multiplier' <Latency = 0> <II = 1> <Delay = 3.88> <FuncUnit> <Opcode : 'mul'> <InPorts = 2> <OutPorts = 1>

State 23 <SV = 22> <Delay = 7.30>
ST_23 : Operation 224 [1/1] (7.30ns)   --->   "%gmem2_addr_read_2 = read i32 @_ssdm_op_Read.m_axi.p1i32, i32 %gmem2_addr" [top.cpp:6]   --->   Operation 224 'read' 'gmem2_addr_read_2' <Predicate = (curr_tri_is_active)> <Delay = 7.30> <CoreInst = "m_axi">   --->   Core 119 'm_axi' <Latency = 3> <II = 1> <Delay = 1.00> <Adapter> <Opcode : 'read' 'write' 'readreq' 'writereq' 'writeresp'>
ST_23 : Operation 225 [1/1] (0.00ns)   --->   "%conv7_i1495_i = sext i32 %gmem2_addr_read_1" [top.cpp:6]   --->   Operation 225 'sext' 'conv7_i1495_i' <Predicate = (curr_tri_is_active)> <Delay = 0.00>
ST_23 : Operation 226 [1/1] (0.00ns)   --->   "%sext_ln21_1 = sext i32 %curr_tri_v0_y_4" [top.cpp:21]   --->   Operation 226 'sext' 'sext_ln21_1' <Predicate = (curr_tri_is_active)> <Delay = 0.00>
ST_23 : Operation 227 [1/1] (3.88ns)   --->   "%mul_ln21_1 = mul i64 %conv7_i1495_i, i64 %sext_ln21_1" [top.cpp:21]   --->   Operation 227 'mul' 'mul_ln21_1' <Predicate = (curr_tri_is_active)> <Delay = 3.88> <CoreInst = "Multiplier">   --->   Core 3 'Multiplier' <Latency = 0> <II = 1> <Delay = 3.88> <FuncUnit> <Opcode : 'mul'> <InPorts = 2> <OutPorts = 1>
ST_23 : Operation 228 [1/1] (0.00ns)   --->   "%sext_ln21_10 = sext i32 %curr_tri_v1_y_4" [top.cpp:21]   --->   Operation 228 'sext' 'sext_ln21_10' <Predicate = (curr_tri_is_active)> <Delay = 0.00>
ST_23 : Operation 229 [1/1] (3.88ns)   --->   "%mul_ln21_5 = mul i64 %conv7_i1495_i, i64 %sext_ln21_10" [top.cpp:21]   --->   Operation 229 'mul' 'mul_ln21_5' <Predicate = (curr_tri_is_active)> <Delay = 3.88> <CoreInst = "Multiplier">   --->   Core 3 'Multiplier' <Latency = 0> <II = 1> <Delay = 3.88> <FuncUnit> <Opcode : 'mul'> <InPorts = 2> <OutPorts = 1>
ST_23 : Operation 230 [1/1] (0.00ns)   --->   "%sext_ln21_19 = sext i32 %curr_tri_v2_y_4" [top.cpp:21]   --->   Operation 230 'sext' 'sext_ln21_19' <Predicate = (curr_tri_is_active)> <Delay = 0.00>
ST_23 : Operation 231 [1/1] (3.88ns)   --->   "%mul_ln21_9 = mul i64 %conv7_i1495_i, i64 %sext_ln21_19" [top.cpp:21]   --->   Operation 231 'mul' 'mul_ln21_9' <Predicate = (curr_tri_is_active)> <Delay = 3.88> <CoreInst = "Multiplier">   --->   Core 3 'Multiplier' <Latency = 0> <II = 1> <Delay = 3.88> <FuncUnit> <Opcode : 'mul'> <InPorts = 2> <OutPorts = 1>

State 24 <SV = 23> <Delay = 7.30>
ST_24 : Operation 232 [1/1] (7.30ns)   --->   "%gmem2_addr_read_3 = read i32 @_ssdm_op_Read.m_axi.p1i32, i32 %gmem2_addr" [top.cpp:6]   --->   Operation 232 'read' 'gmem2_addr_read_3' <Predicate = (curr_tri_is_active)> <Delay = 7.30> <CoreInst = "m_axi">   --->   Core 119 'm_axi' <Latency = 3> <II = 1> <Delay = 1.00> <Adapter> <Opcode : 'read' 'write' 'readreq' 'writereq' 'writeresp'>
ST_24 : Operation 233 [1/1] (0.00ns)   --->   "%conv7_i1406_i = sext i32 %gmem2_addr_read_2" [top.cpp:6]   --->   Operation 233 'sext' 'conv7_i1406_i' <Predicate = (curr_tri_is_active)> <Delay = 0.00>
ST_24 : Operation 234 [1/1] (0.00ns)   --->   "%sext_ln21_2 = sext i64 %mul_ln21" [top.cpp:21]   --->   Operation 234 'sext' 'sext_ln21_2' <Predicate = (curr_tri_is_active)> <Delay = 0.00>
ST_24 : Operation 235 [1/1] (0.00ns)   --->   "%sext_ln21_3 = sext i64 %mul_ln21_1" [top.cpp:21]   --->   Operation 235 'sext' 'sext_ln21_3' <Predicate = (curr_tri_is_active)> <Delay = 0.00>
ST_24 : Operation 236 [1/1] (0.00ns)   --->   "%sext_ln21_4 = sext i32 %curr_tri_v0_z_4" [top.cpp:21]   --->   Operation 236 'sext' 'sext_ln21_4' <Predicate = (curr_tri_is_active)> <Delay = 0.00>
ST_24 : Operation 237 [1/1] (3.88ns)   --->   "%mul_ln21_2 = mul i64 %conv7_i1406_i, i64 %sext_ln21_4" [top.cpp:21]   --->   Operation 237 'mul' 'mul_ln21_2' <Predicate = (curr_tri_is_active)> <Delay = 3.88> <CoreInst = "Multiplier">   --->   Core 3 'Multiplier' <Latency = 0> <II = 1> <Delay = 3.88> <FuncUnit> <Opcode : 'mul'> <InPorts = 2> <OutPorts = 1>
ST_24 : Operation 238 [1/1] (0.00ns)   --->   "%sext_ln21_5 = sext i64 %mul_ln21_2" [top.cpp:21]   --->   Operation 238 'sext' 'sext_ln21_5' <Predicate = (curr_tri_is_active)> <Delay = 0.00>
ST_24 : Operation 239 [1/1] (0.00ns) (grouped into TernaryAdder)   --->   "%add_ln21 = add i65 %sext_ln21_2, i65 %sext_ln21_5" [top.cpp:21]   --->   Operation 239 'add' 'add_ln21' <Predicate = (curr_tri_is_active)> <Delay = 0.00> <CoreInst = "TAddSub">   --->   Core 10 'TAddSub' <Latency = 0> <II = 1> <Delay = 0.50> <IPBlock> <Opcode : 'add' 'sub'> <InPorts = 3> <OutPorts = 1> <Sync> <CReg>
ST_24 : Operation 240 [1/1] (1.01ns) (root node of TernaryAdder)   --->   "%add_ln21_1 = add i65 %add_ln21, i65 %sext_ln21_3" [top.cpp:21]   --->   Operation 240 'add' 'add_ln21_1' <Predicate = (curr_tri_is_active)> <Delay = 1.01> <CoreInst = "TAddSub">   --->   Core 10 'TAddSub' <Latency = 0> <II = 1> <Delay = 0.50> <IPBlock> <Opcode : 'add' 'sub'> <InPorts = 3> <OutPorts = 1> <Sync> <CReg>
ST_24 : Operation 241 [1/1] (0.00ns)   --->   "%sext_ln21_11 = sext i64 %mul_ln21_4" [top.cpp:21]   --->   Operation 241 'sext' 'sext_ln21_11' <Predicate = (curr_tri_is_active)> <Delay = 0.00>
ST_24 : Operation 242 [1/1] (0.00ns)   --->   "%sext_ln21_12 = sext i64 %mul_ln21_5" [top.cpp:21]   --->   Operation 242 'sext' 'sext_ln21_12' <Predicate = (curr_tri_is_active)> <Delay = 0.00>
ST_24 : Operation 243 [1/1] (0.00ns)   --->   "%sext_ln21_13 = sext i32 %curr_tri_v1_z_4" [top.cpp:21]   --->   Operation 243 'sext' 'sext_ln21_13' <Predicate = (curr_tri_is_active)> <Delay = 0.00>
ST_24 : Operation 244 [1/1] (3.88ns)   --->   "%mul_ln21_6 = mul i64 %conv7_i1406_i, i64 %sext_ln21_13" [top.cpp:21]   --->   Operation 244 'mul' 'mul_ln21_6' <Predicate = (curr_tri_is_active)> <Delay = 3.88> <CoreInst = "Multiplier">   --->   Core 3 'Multiplier' <Latency = 0> <II = 1> <Delay = 3.88> <FuncUnit> <Opcode : 'mul'> <InPorts = 2> <OutPorts = 1>
ST_24 : Operation 245 [1/1] (0.00ns)   --->   "%sext_ln21_14 = sext i64 %mul_ln21_6" [top.cpp:21]   --->   Operation 245 'sext' 'sext_ln21_14' <Predicate = (curr_tri_is_active)> <Delay = 0.00>
ST_24 : Operation 246 [1/1] (0.00ns) (grouped into TernaryAdder)   --->   "%add_ln21_4 = add i65 %sext_ln21_11, i65 %sext_ln21_14" [top.cpp:21]   --->   Operation 246 'add' 'add_ln21_4' <Predicate = (curr_tri_is_active)> <Delay = 0.00> <CoreInst = "TAddSub">   --->   Core 10 'TAddSub' <Latency = 0> <II = 1> <Delay = 0.50> <IPBlock> <Opcode : 'add' 'sub'> <InPorts = 3> <OutPorts = 1> <Sync> <CReg>
ST_24 : Operation 247 [1/1] (1.01ns) (root node of TernaryAdder)   --->   "%add_ln21_5 = add i65 %add_ln21_4, i65 %sext_ln21_12" [top.cpp:21]   --->   Operation 247 'add' 'add_ln21_5' <Predicate = (curr_tri_is_active)> <Delay = 1.01> <CoreInst = "TAddSub">   --->   Core 10 'TAddSub' <Latency = 0> <II = 1> <Delay = 0.50> <IPBlock> <Opcode : 'add' 'sub'> <InPorts = 3> <OutPorts = 1> <Sync> <CReg>
ST_24 : Operation 248 [1/1] (0.00ns)   --->   "%sext_ln21_20 = sext i64 %mul_ln21_8" [top.cpp:21]   --->   Operation 248 'sext' 'sext_ln21_20' <Predicate = (curr_tri_is_active)> <Delay = 0.00>
ST_24 : Operation 249 [1/1] (0.00ns)   --->   "%sext_ln21_21 = sext i64 %mul_ln21_9" [top.cpp:21]   --->   Operation 249 'sext' 'sext_ln21_21' <Predicate = (curr_tri_is_active)> <Delay = 0.00>
ST_24 : Operation 250 [1/1] (0.00ns)   --->   "%sext_ln21_22 = sext i32 %curr_tri_v2_z_4" [top.cpp:21]   --->   Operation 250 'sext' 'sext_ln21_22' <Predicate = (curr_tri_is_active)> <Delay = 0.00>
ST_24 : Operation 251 [1/1] (3.88ns)   --->   "%mul_ln21_10 = mul i64 %conv7_i1406_i, i64 %sext_ln21_22" [top.cpp:21]   --->   Operation 251 'mul' 'mul_ln21_10' <Predicate = (curr_tri_is_active)> <Delay = 3.88> <CoreInst = "Multiplier">   --->   Core 3 'Multiplier' <Latency = 0> <II = 1> <Delay = 3.88> <FuncUnit> <Opcode : 'mul'> <InPorts = 2> <OutPorts = 1>
ST_24 : Operation 252 [1/1] (0.00ns)   --->   "%sext_ln21_23 = sext i64 %mul_ln21_10" [top.cpp:21]   --->   Operation 252 'sext' 'sext_ln21_23' <Predicate = (curr_tri_is_active)> <Delay = 0.00>
ST_24 : Operation 253 [1/1] (0.00ns) (grouped into TernaryAdder)   --->   "%add_ln21_8 = add i65 %sext_ln21_20, i65 %sext_ln21_23" [top.cpp:21]   --->   Operation 253 'add' 'add_ln21_8' <Predicate = (curr_tri_is_active)> <Delay = 0.00> <CoreInst = "TAddSub">   --->   Core 10 'TAddSub' <Latency = 0> <II = 1> <Delay = 0.50> <IPBlock> <Opcode : 'add' 'sub'> <InPorts = 3> <OutPorts = 1> <Sync> <CReg>
ST_24 : Operation 254 [1/1] (1.01ns) (root node of TernaryAdder)   --->   "%add_ln21_9 = add i65 %add_ln21_8, i65 %sext_ln21_21" [top.cpp:21]   --->   Operation 254 'add' 'add_ln21_9' <Predicate = (curr_tri_is_active)> <Delay = 1.01> <CoreInst = "TAddSub">   --->   Core 10 'TAddSub' <Latency = 0> <II = 1> <Delay = 0.50> <IPBlock> <Opcode : 'add' 'sub'> <InPorts = 3> <OutPorts = 1> <Sync> <CReg>

State 25 <SV = 24> <Delay = 7.30>
ST_25 : Operation 255 [1/1] (7.30ns)   --->   "%gmem2_addr_read_4 = read i32 @_ssdm_op_Read.m_axi.p1i32, i32 %gmem2_addr" [top.cpp:6]   --->   Operation 255 'read' 'gmem2_addr_read_4' <Predicate = (curr_tri_is_active)> <Delay = 7.30> <CoreInst = "m_axi">   --->   Core 119 'm_axi' <Latency = 3> <II = 1> <Delay = 1.00> <Adapter> <Opcode : 'read' 'write' 'readreq' 'writereq' 'writeresp'>
ST_25 : Operation 256 [1/1] (0.00ns)   --->   "%conv7_i1317_i = sext i32 %gmem2_addr_read_3" [top.cpp:6]   --->   Operation 256 'sext' 'conv7_i1317_i' <Predicate = (curr_tri_is_active)> <Delay = 0.00>
ST_25 : Operation 257 [1/1] (0.00ns)   --->   "%sext_ln21_6 = sext i32 %curr_tri_v0_w_2" [top.cpp:21]   --->   Operation 257 'sext' 'sext_ln21_6' <Predicate = (curr_tri_is_active)> <Delay = 0.00>
ST_25 : Operation 258 [1/1] (3.88ns)   --->   "%mul_ln21_3 = mul i64 %conv7_i1317_i, i64 %sext_ln21_6" [top.cpp:21]   --->   Operation 258 'mul' 'mul_ln21_3' <Predicate = (curr_tri_is_active)> <Delay = 3.88> <CoreInst = "Multiplier">   --->   Core 3 'Multiplier' <Latency = 0> <II = 1> <Delay = 3.88> <FuncUnit> <Opcode : 'mul'> <InPorts = 2> <OutPorts = 1>
ST_25 : Operation 259 [1/1] (0.00ns)   --->   "%sext_ln21_7 = sext i65 %add_ln21_1" [top.cpp:21]   --->   Operation 259 'sext' 'sext_ln21_7' <Predicate = (curr_tri_is_active)> <Delay = 0.00>
ST_25 : Operation 260 [1/1] (0.00ns)   --->   "%sext_ln21_8 = sext i64 %mul_ln21_3" [top.cpp:21]   --->   Operation 260 'sext' 'sext_ln21_8' <Predicate = (curr_tri_is_active)> <Delay = 0.00>
ST_25 : Operation 261 [1/1] (1.47ns)   --->   "%add_ln21_2 = add i66 %sext_ln21_7, i66 %sext_ln21_8" [top.cpp:21]   --->   Operation 261 'add' 'add_ln21_2' <Predicate = (curr_tri_is_active)> <Delay = 1.47> <CoreInst = "Adder">   --->   Core 1 'Adder' <Latency = 0> <II = 1> <Delay = 1.47> <FuncUnit> <Opcode : 'add' 'sub'> <InPorts = 2> <OutPorts = 1>
ST_25 : Operation 262 [1/1] (0.00ns)   --->   "%tmp_91 = bitselect i1 @_ssdm_op_BitSelect.i1.i66.i32, i66 %add_ln21_2, i32 65" [top.cpp:21]   --->   Operation 262 'bitselect' 'tmp_91' <Predicate = (curr_tri_is_active)> <Delay = 0.00>
ST_25 : Operation 263 [1/1] (0.00ns)   --->   "%trunc_ln21_1 = partselect i32 @_ssdm_op_PartSelect.i32.i66.i32.i32, i66 %add_ln21_2, i32 16, i32 47" [top.cpp:21]   --->   Operation 263 'partselect' 'trunc_ln21_1' <Predicate = (curr_tri_is_active)> <Delay = 0.00>
ST_25 : Operation 264 [1/1] (0.00ns)   --->   "%tmp_92 = bitselect i1 @_ssdm_op_BitSelect.i1.i66.i32, i66 %add_ln21_2, i32 15" [top.cpp:21]   --->   Operation 264 'bitselect' 'tmp_92' <Predicate = (curr_tri_is_active)> <Delay = 0.00>
ST_25 : Operation 265 [1/1] (0.00ns) (grouped into LUT with out node and_ln21)   --->   "%tmp_93 = bitselect i1 @_ssdm_op_BitSelect.i1.i66.i32, i66 %add_ln21_2, i32 47" [top.cpp:21]   --->   Operation 265 'bitselect' 'tmp_93' <Predicate = (curr_tri_is_active)> <Delay = 0.00>
ST_25 : Operation 266 [1/1] (0.00ns)   --->   "%zext_ln21 = zext i1 %tmp_92" [top.cpp:21]   --->   Operation 266 'zext' 'zext_ln21' <Predicate = (curr_tri_is_active)> <Delay = 0.00>
ST_25 : Operation 267 [1/1] (1.20ns)   --->   "%add_ln21_3 = add i32 %trunc_ln21_1, i32 %zext_ln21" [top.cpp:21]   --->   Operation 267 'add' 'add_ln21_3' <Predicate = (curr_tri_is_active)> <Delay = 1.20> <CoreInst = "Adder">   --->   Core 1 'Adder' <Latency = 0> <II = 1> <Delay = 1.20> <FuncUnit> <Opcode : 'add' 'sub'> <InPorts = 2> <OutPorts = 1>
ST_25 : Operation 268 [1/1] (0.00ns)   --->   "%tmp_94 = bitselect i1 @_ssdm_op_BitSelect.i1.i32.i32, i32 %add_ln21_3, i32 31" [top.cpp:21]   --->   Operation 268 'bitselect' 'tmp_94' <Predicate = (curr_tri_is_active)> <Delay = 0.00>
ST_25 : Operation 269 [1/1] (0.00ns) (grouped into LUT with out node and_ln21)   --->   "%xor_ln21 = xor i1 %tmp_94, i1 1" [top.cpp:21]   --->   Operation 269 'xor' 'xor_ln21' <Predicate = (curr_tri_is_active)> <Delay = 0.00> <CoreInst = "LogicGate">   --->   Core 74 'LogicGate' <Latency = 0> <II = 1> <Delay = 0.33> <FuncUnit> <Opcode : 'and' 'or' 'xor'> <InPorts = 2> <OutPorts = 1>
ST_25 : Operation 270 [1/1] (0.33ns) (out node of the LUT)   --->   "%and_ln21 = and i1 %tmp_93, i1 %xor_ln21" [top.cpp:21]   --->   Operation 270 'and' 'and_ln21' <Predicate = (curr_tri_is_active)> <Delay = 0.33> <CoreInst = "LogicGate">   --->   Core 74 'LogicGate' <Latency = 0> <II = 1> <Delay = 0.33> <FuncUnit> <Opcode : 'and' 'or' 'xor'> <InPorts = 2> <OutPorts = 1>
ST_25 : Operation 271 [1/1] (0.00ns) (grouped into LUT with out node and_ln21_4)   --->   "%tmp_95 = bitselect i1 @_ssdm_op_BitSelect.i1.i66.i32, i66 %add_ln21_2, i32 48" [top.cpp:21]   --->   Operation 271 'bitselect' 'tmp_95' <Predicate = (curr_tri_is_active)> <Delay = 0.00>
ST_25 : Operation 272 [1/1] (0.00ns)   --->   "%tmp = partselect i17 @_ssdm_op_PartSelect.i17.i66.i32.i32, i66 %add_ln21_2, i32 49, i32 65" [top.cpp:21]   --->   Operation 272 'partselect' 'tmp' <Predicate = (curr_tri_is_active)> <Delay = 0.00>
ST_25 : Operation 273 [1/1] (1.02ns)   --->   "%icmp_ln21 = icmp_eq  i17 %tmp, i17 131071" [top.cpp:21]   --->   Operation 273 'icmp' 'icmp_ln21' <Predicate = (curr_tri_is_active)> <Delay = 1.02> <CoreInst = "Cmp">   --->   Core 9 'Cmp' <Latency = 0> <II = 1> <Delay = 1.02> <FuncUnit> <Opcode : 'seteq' 'setne' 'setle' 'setge' 'setlt' 'setgt'> <InPorts = 2> <OutPorts = 1>
ST_25 : Operation 274 [1/1] (0.00ns)   --->   "%tmp_s = partselect i18 @_ssdm_op_PartSelect.i18.i66.i32.i32, i66 %add_ln21_2, i32 48, i32 65" [top.cpp:21]   --->   Operation 274 'partselect' 'tmp_s' <Predicate = (curr_tri_is_active)> <Delay = 0.00>
ST_25 : Operation 275 [1/1] (1.03ns)   --->   "%icmp_ln21_1 = icmp_eq  i18 %tmp_s, i18 262143" [top.cpp:21]   --->   Operation 275 'icmp' 'icmp_ln21_1' <Predicate = (curr_tri_is_active)> <Delay = 1.03> <CoreInst = "Cmp">   --->   Core 9 'Cmp' <Latency = 0> <II = 1> <Delay = 1.03> <FuncUnit> <Opcode : 'seteq' 'setne' 'setle' 'setge' 'setlt' 'setgt'> <InPorts = 2> <OutPorts = 1>
ST_25 : Operation 276 [1/1] (1.03ns)   --->   "%icmp_ln21_2 = icmp_eq  i18 %tmp_s, i18 0" [top.cpp:21]   --->   Operation 276 'icmp' 'icmp_ln21_2' <Predicate = (curr_tri_is_active)> <Delay = 1.03> <CoreInst = "Cmp">   --->   Core 9 'Cmp' <Latency = 0> <II = 1> <Delay = 1.03> <FuncUnit> <Opcode : 'seteq' 'setne' 'setle' 'setge' 'setlt' 'setgt'> <InPorts = 2> <OutPorts = 1>
ST_25 : Operation 277 [1/1] (0.00ns) (grouped into LUT with out node and_ln21_3)   --->   "%select_ln21 = select i1 %and_ln21, i1 %icmp_ln21_1, i1 %icmp_ln21_2" [top.cpp:21]   --->   Operation 277 'select' 'select_ln21' <Predicate = (curr_tri_is_active)> <Delay = 0.00> <CoreInst = "Sel">   --->   Core 73 'Sel' <Latency = 0> <II = 1> <Delay = 0.26> <FuncUnit> <Opcode : 'select'> <InPorts = 3> <OutPorts = 1>
ST_25 : Operation 278 [1/1] (0.00ns) (grouped into LUT with out node and_ln21_4)   --->   "%xor_ln21_1 = xor i1 %tmp_95, i1 1" [top.cpp:21]   --->   Operation 278 'xor' 'xor_ln21_1' <Predicate = (curr_tri_is_active)> <Delay = 0.00> <CoreInst = "LogicGate">   --->   Core 74 'LogicGate' <Latency = 0> <II = 1> <Delay = 0.33> <FuncUnit> <Opcode : 'and' 'or' 'xor'> <InPorts = 2> <OutPorts = 1>
ST_25 : Operation 279 [1/1] (0.00ns) (grouped into LUT with out node and_ln21_4)   --->   "%and_ln21_1 = and i1 %icmp_ln21, i1 %xor_ln21_1" [top.cpp:21]   --->   Operation 279 'and' 'and_ln21_1' <Predicate = (curr_tri_is_active)> <Delay = 0.00> <CoreInst = "LogicGate">   --->   Core 74 'LogicGate' <Latency = 0> <II = 1> <Delay = 0.33> <FuncUnit> <Opcode : 'and' 'or' 'xor'> <InPorts = 2> <OutPorts = 1>
ST_25 : Operation 280 [1/1] (0.00ns) (grouped into LUT with out node and_ln21_4)   --->   "%select_ln21_1 = select i1 %and_ln21, i1 %and_ln21_1, i1 %icmp_ln21_1" [top.cpp:21]   --->   Operation 280 'select' 'select_ln21_1' <Predicate = (curr_tri_is_active)> <Delay = 0.00> <CoreInst = "Sel">   --->   Core 73 'Sel' <Latency = 0> <II = 1> <Delay = 0.26> <FuncUnit> <Opcode : 'select'> <InPorts = 3> <OutPorts = 1>
ST_25 : Operation 281 [1/1] (0.00ns) (grouped into LUT with out node and_ln21_3)   --->   "%xor_ln21_2 = xor i1 %select_ln21, i1 1" [top.cpp:21]   --->   Operation 281 'xor' 'xor_ln21_2' <Predicate = (curr_tri_is_active)> <Delay = 0.00> <CoreInst = "LogicGate">   --->   Core 74 'LogicGate' <Latency = 0> <II = 1> <Delay = 0.33> <FuncUnit> <Opcode : 'and' 'or' 'xor'> <InPorts = 2> <OutPorts = 1>
ST_25 : Operation 282 [1/1] (0.00ns) (grouped into LUT with out node and_ln21_3)   --->   "%or_ln21 = or i1 %tmp_94, i1 %xor_ln21_2" [top.cpp:21]   --->   Operation 282 'or' 'or_ln21' <Predicate = (curr_tri_is_active)> <Delay = 0.00> <CoreInst = "LogicGate">   --->   Core 74 'LogicGate' <Latency = 0> <II = 1> <Delay = 0.33> <FuncUnit> <Opcode : 'and' 'or' 'xor'> <InPorts = 2> <OutPorts = 1>
ST_25 : Operation 283 [1/1] (0.00ns) (grouped into LUT with out node and_ln21_3)   --->   "%xor_ln21_3 = xor i1 %tmp_91, i1 1" [top.cpp:21]   --->   Operation 283 'xor' 'xor_ln21_3' <Predicate = (curr_tri_is_active)> <Delay = 0.00> <CoreInst = "LogicGate">   --->   Core 74 'LogicGate' <Latency = 0> <II = 1> <Delay = 0.33> <FuncUnit> <Opcode : 'and' 'or' 'xor'> <InPorts = 2> <OutPorts = 1>
ST_25 : Operation 284 [1/1] (0.33ns) (out node of the LUT)   --->   "%and_ln21_3 = and i1 %or_ln21, i1 %xor_ln21_3" [top.cpp:21]   --->   Operation 284 'and' 'and_ln21_3' <Predicate = (curr_tri_is_active)> <Delay = 0.33> <CoreInst = "LogicGate">   --->   Core 74 'LogicGate' <Latency = 0> <II = 1> <Delay = 0.33> <FuncUnit> <Opcode : 'and' 'or' 'xor'> <InPorts = 2> <OutPorts = 1>
ST_25 : Operation 285 [1/1] (0.33ns) (out node of the LUT)   --->   "%and_ln21_4 = and i1 %tmp_94, i1 %select_ln21_1" [top.cpp:21]   --->   Operation 285 'and' 'and_ln21_4' <Predicate = (curr_tri_is_active)> <Delay = 0.33> <CoreInst = "LogicGate">   --->   Core 74 'LogicGate' <Latency = 0> <II = 1> <Delay = 0.33> <FuncUnit> <Opcode : 'and' 'or' 'xor'> <InPorts = 2> <OutPorts = 1>
ST_25 : Operation 286 [1/1] (0.00ns)   --->   "%sext_ln21_15 = sext i32 %curr_tri_v1_w_2" [top.cpp:21]   --->   Operation 286 'sext' 'sext_ln21_15' <Predicate = (curr_tri_is_active)> <Delay = 0.00>
ST_25 : Operation 287 [1/1] (3.88ns)   --->   "%mul_ln21_7 = mul i64 %conv7_i1317_i, i64 %sext_ln21_15" [top.cpp:21]   --->   Operation 287 'mul' 'mul_ln21_7' <Predicate = (curr_tri_is_active)> <Delay = 3.88> <CoreInst = "Multiplier">   --->   Core 3 'Multiplier' <Latency = 0> <II = 1> <Delay = 3.88> <FuncUnit> <Opcode : 'mul'> <InPorts = 2> <OutPorts = 1>
ST_25 : Operation 288 [1/1] (0.00ns)   --->   "%sext_ln21_16 = sext i65 %add_ln21_5" [top.cpp:21]   --->   Operation 288 'sext' 'sext_ln21_16' <Predicate = (curr_tri_is_active)> <Delay = 0.00>
ST_25 : Operation 289 [1/1] (0.00ns)   --->   "%sext_ln21_17 = sext i64 %mul_ln21_7" [top.cpp:21]   --->   Operation 289 'sext' 'sext_ln21_17' <Predicate = (curr_tri_is_active)> <Delay = 0.00>
ST_25 : Operation 290 [1/1] (1.47ns)   --->   "%add_ln21_6 = add i66 %sext_ln21_16, i66 %sext_ln21_17" [top.cpp:21]   --->   Operation 290 'add' 'add_ln21_6' <Predicate = (curr_tri_is_active)> <Delay = 1.47> <CoreInst = "Adder">   --->   Core 1 'Adder' <Latency = 0> <II = 1> <Delay = 1.47> <FuncUnit> <Opcode : 'add' 'sub'> <InPorts = 2> <OutPorts = 1>
ST_25 : Operation 291 [1/1] (0.00ns)   --->   "%tmp_111 = bitselect i1 @_ssdm_op_BitSelect.i1.i66.i32, i66 %add_ln21_6, i32 65" [top.cpp:21]   --->   Operation 291 'bitselect' 'tmp_111' <Predicate = (curr_tri_is_active)> <Delay = 0.00>
ST_25 : Operation 292 [1/1] (0.00ns)   --->   "%trunc_ln21_3 = partselect i32 @_ssdm_op_PartSelect.i32.i66.i32.i32, i66 %add_ln21_6, i32 16, i32 47" [top.cpp:21]   --->   Operation 292 'partselect' 'trunc_ln21_3' <Predicate = (curr_tri_is_active)> <Delay = 0.00>
ST_25 : Operation 293 [1/1] (0.00ns)   --->   "%tmp_112 = bitselect i1 @_ssdm_op_BitSelect.i1.i66.i32, i66 %add_ln21_6, i32 15" [top.cpp:21]   --->   Operation 293 'bitselect' 'tmp_112' <Predicate = (curr_tri_is_active)> <Delay = 0.00>
ST_25 : Operation 294 [1/1] (0.00ns) (grouped into LUT with out node and_ln21_6)   --->   "%tmp_113 = bitselect i1 @_ssdm_op_BitSelect.i1.i66.i32, i66 %add_ln21_6, i32 47" [top.cpp:21]   --->   Operation 294 'bitselect' 'tmp_113' <Predicate = (curr_tri_is_active)> <Delay = 0.00>
ST_25 : Operation 295 [1/1] (0.00ns)   --->   "%zext_ln21_1 = zext i1 %tmp_112" [top.cpp:21]   --->   Operation 295 'zext' 'zext_ln21_1' <Predicate = (curr_tri_is_active)> <Delay = 0.00>
ST_25 : Operation 296 [1/1] (1.20ns)   --->   "%add_ln21_7 = add i32 %trunc_ln21_3, i32 %zext_ln21_1" [top.cpp:21]   --->   Operation 296 'add' 'add_ln21_7' <Predicate = (curr_tri_is_active)> <Delay = 1.20> <CoreInst = "Adder">   --->   Core 1 'Adder' <Latency = 0> <II = 1> <Delay = 1.20> <FuncUnit> <Opcode : 'add' 'sub'> <InPorts = 2> <OutPorts = 1>
ST_25 : Operation 297 [1/1] (0.00ns)   --->   "%tmp_114 = bitselect i1 @_ssdm_op_BitSelect.i1.i32.i32, i32 %add_ln21_7, i32 31" [top.cpp:21]   --->   Operation 297 'bitselect' 'tmp_114' <Predicate = (curr_tri_is_active)> <Delay = 0.00>
ST_25 : Operation 298 [1/1] (0.00ns) (grouped into LUT with out node and_ln21_6)   --->   "%xor_ln21_5 = xor i1 %tmp_114, i1 1" [top.cpp:21]   --->   Operation 298 'xor' 'xor_ln21_5' <Predicate = (curr_tri_is_active)> <Delay = 0.00> <CoreInst = "LogicGate">   --->   Core 74 'LogicGate' <Latency = 0> <II = 1> <Delay = 0.33> <FuncUnit> <Opcode : 'and' 'or' 'xor'> <InPorts = 2> <OutPorts = 1>
ST_25 : Operation 299 [1/1] (0.33ns) (out node of the LUT)   --->   "%and_ln21_6 = and i1 %tmp_113, i1 %xor_ln21_5" [top.cpp:21]   --->   Operation 299 'and' 'and_ln21_6' <Predicate = (curr_tri_is_active)> <Delay = 0.33> <CoreInst = "LogicGate">   --->   Core 74 'LogicGate' <Latency = 0> <II = 1> <Delay = 0.33> <FuncUnit> <Opcode : 'and' 'or' 'xor'> <InPorts = 2> <OutPorts = 1>
ST_25 : Operation 300 [1/1] (0.00ns) (grouped into LUT with out node and_ln21_10)   --->   "%tmp_115 = bitselect i1 @_ssdm_op_BitSelect.i1.i66.i32, i66 %add_ln21_6, i32 48" [top.cpp:21]   --->   Operation 300 'bitselect' 'tmp_115' <Predicate = (curr_tri_is_active)> <Delay = 0.00>
ST_25 : Operation 301 [1/1] (0.00ns)   --->   "%tmp_20 = partselect i17 @_ssdm_op_PartSelect.i17.i66.i32.i32, i66 %add_ln21_6, i32 49, i32 65" [top.cpp:21]   --->   Operation 301 'partselect' 'tmp_20' <Predicate = (curr_tri_is_active)> <Delay = 0.00>
ST_25 : Operation 302 [1/1] (1.02ns)   --->   "%icmp_ln21_3 = icmp_eq  i17 %tmp_20, i17 131071" [top.cpp:21]   --->   Operation 302 'icmp' 'icmp_ln21_3' <Predicate = (curr_tri_is_active)> <Delay = 1.02> <CoreInst = "Cmp">   --->   Core 9 'Cmp' <Latency = 0> <II = 1> <Delay = 1.02> <FuncUnit> <Opcode : 'seteq' 'setne' 'setle' 'setge' 'setlt' 'setgt'> <InPorts = 2> <OutPorts = 1>
ST_25 : Operation 303 [1/1] (0.00ns)   --->   "%tmp_21 = partselect i18 @_ssdm_op_PartSelect.i18.i66.i32.i32, i66 %add_ln21_6, i32 48, i32 65" [top.cpp:21]   --->   Operation 303 'partselect' 'tmp_21' <Predicate = (curr_tri_is_active)> <Delay = 0.00>
ST_25 : Operation 304 [1/1] (1.03ns)   --->   "%icmp_ln21_4 = icmp_eq  i18 %tmp_21, i18 262143" [top.cpp:21]   --->   Operation 304 'icmp' 'icmp_ln21_4' <Predicate = (curr_tri_is_active)> <Delay = 1.03> <CoreInst = "Cmp">   --->   Core 9 'Cmp' <Latency = 0> <II = 1> <Delay = 1.03> <FuncUnit> <Opcode : 'seteq' 'setne' 'setle' 'setge' 'setlt' 'setgt'> <InPorts = 2> <OutPorts = 1>
ST_25 : Operation 305 [1/1] (1.03ns)   --->   "%icmp_ln21_5 = icmp_eq  i18 %tmp_21, i18 0" [top.cpp:21]   --->   Operation 305 'icmp' 'icmp_ln21_5' <Predicate = (curr_tri_is_active)> <Delay = 1.03> <CoreInst = "Cmp">   --->   Core 9 'Cmp' <Latency = 0> <II = 1> <Delay = 1.03> <FuncUnit> <Opcode : 'seteq' 'setne' 'setle' 'setge' 'setlt' 'setgt'> <InPorts = 2> <OutPorts = 1>
ST_25 : Operation 306 [1/1] (0.00ns) (grouped into LUT with out node and_ln21_9)   --->   "%select_ln21_4 = select i1 %and_ln21_6, i1 %icmp_ln21_4, i1 %icmp_ln21_5" [top.cpp:21]   --->   Operation 306 'select' 'select_ln21_4' <Predicate = (curr_tri_is_active)> <Delay = 0.00> <CoreInst = "Sel">   --->   Core 73 'Sel' <Latency = 0> <II = 1> <Delay = 0.26> <FuncUnit> <Opcode : 'select'> <InPorts = 3> <OutPorts = 1>
ST_25 : Operation 307 [1/1] (0.00ns) (grouped into LUT with out node and_ln21_10)   --->   "%xor_ln21_6 = xor i1 %tmp_115, i1 1" [top.cpp:21]   --->   Operation 307 'xor' 'xor_ln21_6' <Predicate = (curr_tri_is_active)> <Delay = 0.00> <CoreInst = "LogicGate">   --->   Core 74 'LogicGate' <Latency = 0> <II = 1> <Delay = 0.33> <FuncUnit> <Opcode : 'and' 'or' 'xor'> <InPorts = 2> <OutPorts = 1>
ST_25 : Operation 308 [1/1] (0.00ns) (grouped into LUT with out node and_ln21_10)   --->   "%and_ln21_7 = and i1 %icmp_ln21_3, i1 %xor_ln21_6" [top.cpp:21]   --->   Operation 308 'and' 'and_ln21_7' <Predicate = (curr_tri_is_active)> <Delay = 0.00> <CoreInst = "LogicGate">   --->   Core 74 'LogicGate' <Latency = 0> <II = 1> <Delay = 0.33> <FuncUnit> <Opcode : 'and' 'or' 'xor'> <InPorts = 2> <OutPorts = 1>
ST_25 : Operation 309 [1/1] (0.00ns) (grouped into LUT with out node and_ln21_10)   --->   "%select_ln21_5 = select i1 %and_ln21_6, i1 %and_ln21_7, i1 %icmp_ln21_4" [top.cpp:21]   --->   Operation 309 'select' 'select_ln21_5' <Predicate = (curr_tri_is_active)> <Delay = 0.00> <CoreInst = "Sel">   --->   Core 73 'Sel' <Latency = 0> <II = 1> <Delay = 0.26> <FuncUnit> <Opcode : 'select'> <InPorts = 3> <OutPorts = 1>
ST_25 : Operation 310 [1/1] (0.00ns) (grouped into LUT with out node and_ln21_9)   --->   "%xor_ln21_7 = xor i1 %select_ln21_4, i1 1" [top.cpp:21]   --->   Operation 310 'xor' 'xor_ln21_7' <Predicate = (curr_tri_is_active)> <Delay = 0.00> <CoreInst = "LogicGate">   --->   Core 74 'LogicGate' <Latency = 0> <II = 1> <Delay = 0.33> <FuncUnit> <Opcode : 'and' 'or' 'xor'> <InPorts = 2> <OutPorts = 1>
ST_25 : Operation 311 [1/1] (0.00ns) (grouped into LUT with out node and_ln21_9)   --->   "%or_ln21_2 = or i1 %tmp_114, i1 %xor_ln21_7" [top.cpp:21]   --->   Operation 311 'or' 'or_ln21_2' <Predicate = (curr_tri_is_active)> <Delay = 0.00> <CoreInst = "LogicGate">   --->   Core 74 'LogicGate' <Latency = 0> <II = 1> <Delay = 0.33> <FuncUnit> <Opcode : 'and' 'or' 'xor'> <InPorts = 2> <OutPorts = 1>
ST_25 : Operation 312 [1/1] (0.00ns) (grouped into LUT with out node and_ln21_9)   --->   "%xor_ln21_8 = xor i1 %tmp_111, i1 1" [top.cpp:21]   --->   Operation 312 'xor' 'xor_ln21_8' <Predicate = (curr_tri_is_active)> <Delay = 0.00> <CoreInst = "LogicGate">   --->   Core 74 'LogicGate' <Latency = 0> <II = 1> <Delay = 0.33> <FuncUnit> <Opcode : 'and' 'or' 'xor'> <InPorts = 2> <OutPorts = 1>
ST_25 : Operation 313 [1/1] (0.33ns) (out node of the LUT)   --->   "%and_ln21_9 = and i1 %or_ln21_2, i1 %xor_ln21_8" [top.cpp:21]   --->   Operation 313 'and' 'and_ln21_9' <Predicate = (curr_tri_is_active)> <Delay = 0.33> <CoreInst = "LogicGate">   --->   Core 74 'LogicGate' <Latency = 0> <II = 1> <Delay = 0.33> <FuncUnit> <Opcode : 'and' 'or' 'xor'> <InPorts = 2> <OutPorts = 1>
ST_25 : Operation 314 [1/1] (0.33ns) (out node of the LUT)   --->   "%and_ln21_10 = and i1 %tmp_114, i1 %select_ln21_5" [top.cpp:21]   --->   Operation 314 'and' 'and_ln21_10' <Predicate = (curr_tri_is_active)> <Delay = 0.33> <CoreInst = "LogicGate">   --->   Core 74 'LogicGate' <Latency = 0> <II = 1> <Delay = 0.33> <FuncUnit> <Opcode : 'and' 'or' 'xor'> <InPorts = 2> <OutPorts = 1>
ST_25 : Operation 315 [1/1] (0.00ns)   --->   "%sext_ln21_24 = sext i32 %curr_tri_v2_w_3" [top.cpp:21]   --->   Operation 315 'sext' 'sext_ln21_24' <Predicate = (curr_tri_is_active)> <Delay = 0.00>
ST_25 : Operation 316 [1/1] (3.88ns)   --->   "%mul_ln21_11 = mul i64 %conv7_i1317_i, i64 %sext_ln21_24" [top.cpp:21]   --->   Operation 316 'mul' 'mul_ln21_11' <Predicate = (curr_tri_is_active)> <Delay = 3.88> <CoreInst = "Multiplier">   --->   Core 3 'Multiplier' <Latency = 0> <II = 1> <Delay = 3.88> <FuncUnit> <Opcode : 'mul'> <InPorts = 2> <OutPorts = 1>
ST_25 : Operation 317 [1/1] (0.00ns)   --->   "%sext_ln21_25 = sext i65 %add_ln21_9" [top.cpp:21]   --->   Operation 317 'sext' 'sext_ln21_25' <Predicate = (curr_tri_is_active)> <Delay = 0.00>
ST_25 : Operation 318 [1/1] (0.00ns)   --->   "%sext_ln21_26 = sext i64 %mul_ln21_11" [top.cpp:21]   --->   Operation 318 'sext' 'sext_ln21_26' <Predicate = (curr_tri_is_active)> <Delay = 0.00>
ST_25 : Operation 319 [1/1] (1.47ns)   --->   "%add_ln21_10 = add i66 %sext_ln21_25, i66 %sext_ln21_26" [top.cpp:21]   --->   Operation 319 'add' 'add_ln21_10' <Predicate = (curr_tri_is_active)> <Delay = 1.47> <CoreInst = "Adder">   --->   Core 1 'Adder' <Latency = 0> <II = 1> <Delay = 1.47> <FuncUnit> <Opcode : 'add' 'sub'> <InPorts = 2> <OutPorts = 1>
ST_25 : Operation 320 [1/1] (0.00ns)   --->   "%tmp_131 = bitselect i1 @_ssdm_op_BitSelect.i1.i66.i32, i66 %add_ln21_10, i32 65" [top.cpp:21]   --->   Operation 320 'bitselect' 'tmp_131' <Predicate = (curr_tri_is_active)> <Delay = 0.00>
ST_25 : Operation 321 [1/1] (0.00ns)   --->   "%trunc_ln21_5 = partselect i32 @_ssdm_op_PartSelect.i32.i66.i32.i32, i66 %add_ln21_10, i32 16, i32 47" [top.cpp:21]   --->   Operation 321 'partselect' 'trunc_ln21_5' <Predicate = (curr_tri_is_active)> <Delay = 0.00>
ST_25 : Operation 322 [1/1] (0.00ns)   --->   "%tmp_132 = bitselect i1 @_ssdm_op_BitSelect.i1.i66.i32, i66 %add_ln21_10, i32 15" [top.cpp:21]   --->   Operation 322 'bitselect' 'tmp_132' <Predicate = (curr_tri_is_active)> <Delay = 0.00>
ST_25 : Operation 323 [1/1] (0.00ns) (grouped into LUT with out node and_ln21_12)   --->   "%tmp_133 = bitselect i1 @_ssdm_op_BitSelect.i1.i66.i32, i66 %add_ln21_10, i32 47" [top.cpp:21]   --->   Operation 323 'bitselect' 'tmp_133' <Predicate = (curr_tri_is_active)> <Delay = 0.00>
ST_25 : Operation 324 [1/1] (0.00ns)   --->   "%zext_ln21_2 = zext i1 %tmp_132" [top.cpp:21]   --->   Operation 324 'zext' 'zext_ln21_2' <Predicate = (curr_tri_is_active)> <Delay = 0.00>
ST_25 : Operation 325 [1/1] (1.20ns)   --->   "%add_ln21_11 = add i32 %trunc_ln21_5, i32 %zext_ln21_2" [top.cpp:21]   --->   Operation 325 'add' 'add_ln21_11' <Predicate = (curr_tri_is_active)> <Delay = 1.20> <CoreInst = "Adder">   --->   Core 1 'Adder' <Latency = 0> <II = 1> <Delay = 1.20> <FuncUnit> <Opcode : 'add' 'sub'> <InPorts = 2> <OutPorts = 1>
ST_25 : Operation 326 [1/1] (0.00ns)   --->   "%tmp_134 = bitselect i1 @_ssdm_op_BitSelect.i1.i32.i32, i32 %add_ln21_11, i32 31" [top.cpp:21]   --->   Operation 326 'bitselect' 'tmp_134' <Predicate = (curr_tri_is_active)> <Delay = 0.00>
ST_25 : Operation 327 [1/1] (0.00ns) (grouped into LUT with out node and_ln21_12)   --->   "%xor_ln21_10 = xor i1 %tmp_134, i1 1" [top.cpp:21]   --->   Operation 327 'xor' 'xor_ln21_10' <Predicate = (curr_tri_is_active)> <Delay = 0.00> <CoreInst = "LogicGate">   --->   Core 74 'LogicGate' <Latency = 0> <II = 1> <Delay = 0.33> <FuncUnit> <Opcode : 'and' 'or' 'xor'> <InPorts = 2> <OutPorts = 1>
ST_25 : Operation 328 [1/1] (0.33ns) (out node of the LUT)   --->   "%and_ln21_12 = and i1 %tmp_133, i1 %xor_ln21_10" [top.cpp:21]   --->   Operation 328 'and' 'and_ln21_12' <Predicate = (curr_tri_is_active)> <Delay = 0.33> <CoreInst = "LogicGate">   --->   Core 74 'LogicGate' <Latency = 0> <II = 1> <Delay = 0.33> <FuncUnit> <Opcode : 'and' 'or' 'xor'> <InPorts = 2> <OutPorts = 1>
ST_25 : Operation 329 [1/1] (0.00ns) (grouped into LUT with out node and_ln21_16)   --->   "%tmp_135 = bitselect i1 @_ssdm_op_BitSelect.i1.i66.i32, i66 %add_ln21_10, i32 48" [top.cpp:21]   --->   Operation 329 'bitselect' 'tmp_135' <Predicate = (curr_tri_is_active)> <Delay = 0.00>
ST_25 : Operation 330 [1/1] (0.00ns)   --->   "%tmp_28 = partselect i17 @_ssdm_op_PartSelect.i17.i66.i32.i32, i66 %add_ln21_10, i32 49, i32 65" [top.cpp:21]   --->   Operation 330 'partselect' 'tmp_28' <Predicate = (curr_tri_is_active)> <Delay = 0.00>
ST_25 : Operation 331 [1/1] (1.02ns)   --->   "%icmp_ln21_6 = icmp_eq  i17 %tmp_28, i17 131071" [top.cpp:21]   --->   Operation 331 'icmp' 'icmp_ln21_6' <Predicate = (curr_tri_is_active)> <Delay = 1.02> <CoreInst = "Cmp">   --->   Core 9 'Cmp' <Latency = 0> <II = 1> <Delay = 1.02> <FuncUnit> <Opcode : 'seteq' 'setne' 'setle' 'setge' 'setlt' 'setgt'> <InPorts = 2> <OutPorts = 1>
ST_25 : Operation 332 [1/1] (0.00ns)   --->   "%tmp_29 = partselect i18 @_ssdm_op_PartSelect.i18.i66.i32.i32, i66 %add_ln21_10, i32 48, i32 65" [top.cpp:21]   --->   Operation 332 'partselect' 'tmp_29' <Predicate = (curr_tri_is_active)> <Delay = 0.00>
ST_25 : Operation 333 [1/1] (1.03ns)   --->   "%icmp_ln21_7 = icmp_eq  i18 %tmp_29, i18 262143" [top.cpp:21]   --->   Operation 333 'icmp' 'icmp_ln21_7' <Predicate = (curr_tri_is_active)> <Delay = 1.03> <CoreInst = "Cmp">   --->   Core 9 'Cmp' <Latency = 0> <II = 1> <Delay = 1.03> <FuncUnit> <Opcode : 'seteq' 'setne' 'setle' 'setge' 'setlt' 'setgt'> <InPorts = 2> <OutPorts = 1>
ST_25 : Operation 334 [1/1] (1.03ns)   --->   "%icmp_ln21_8 = icmp_eq  i18 %tmp_29, i18 0" [top.cpp:21]   --->   Operation 334 'icmp' 'icmp_ln21_8' <Predicate = (curr_tri_is_active)> <Delay = 1.03> <CoreInst = "Cmp">   --->   Core 9 'Cmp' <Latency = 0> <II = 1> <Delay = 1.03> <FuncUnit> <Opcode : 'seteq' 'setne' 'setle' 'setge' 'setlt' 'setgt'> <InPorts = 2> <OutPorts = 1>
ST_25 : Operation 335 [1/1] (0.00ns) (grouped into LUT with out node and_ln21_15)   --->   "%select_ln21_8 = select i1 %and_ln21_12, i1 %icmp_ln21_7, i1 %icmp_ln21_8" [top.cpp:21]   --->   Operation 335 'select' 'select_ln21_8' <Predicate = (curr_tri_is_active)> <Delay = 0.00> <CoreInst = "Sel">   --->   Core 73 'Sel' <Latency = 0> <II = 1> <Delay = 0.26> <FuncUnit> <Opcode : 'select'> <InPorts = 3> <OutPorts = 1>
ST_25 : Operation 336 [1/1] (0.00ns) (grouped into LUT with out node and_ln21_16)   --->   "%xor_ln21_11 = xor i1 %tmp_135, i1 1" [top.cpp:21]   --->   Operation 336 'xor' 'xor_ln21_11' <Predicate = (curr_tri_is_active)> <Delay = 0.00> <CoreInst = "LogicGate">   --->   Core 74 'LogicGate' <Latency = 0> <II = 1> <Delay = 0.33> <FuncUnit> <Opcode : 'and' 'or' 'xor'> <InPorts = 2> <OutPorts = 1>
ST_25 : Operation 337 [1/1] (0.00ns) (grouped into LUT with out node and_ln21_16)   --->   "%and_ln21_13 = and i1 %icmp_ln21_6, i1 %xor_ln21_11" [top.cpp:21]   --->   Operation 337 'and' 'and_ln21_13' <Predicate = (curr_tri_is_active)> <Delay = 0.00> <CoreInst = "LogicGate">   --->   Core 74 'LogicGate' <Latency = 0> <II = 1> <Delay = 0.33> <FuncUnit> <Opcode : 'and' 'or' 'xor'> <InPorts = 2> <OutPorts = 1>
ST_25 : Operation 338 [1/1] (0.00ns) (grouped into LUT with out node and_ln21_16)   --->   "%select_ln21_9 = select i1 %and_ln21_12, i1 %and_ln21_13, i1 %icmp_ln21_7" [top.cpp:21]   --->   Operation 338 'select' 'select_ln21_9' <Predicate = (curr_tri_is_active)> <Delay = 0.00> <CoreInst = "Sel">   --->   Core 73 'Sel' <Latency = 0> <II = 1> <Delay = 0.26> <FuncUnit> <Opcode : 'select'> <InPorts = 3> <OutPorts = 1>
ST_25 : Operation 339 [1/1] (0.00ns) (grouped into LUT with out node and_ln21_15)   --->   "%xor_ln21_12 = xor i1 %select_ln21_8, i1 1" [top.cpp:21]   --->   Operation 339 'xor' 'xor_ln21_12' <Predicate = (curr_tri_is_active)> <Delay = 0.00> <CoreInst = "LogicGate">   --->   Core 74 'LogicGate' <Latency = 0> <II = 1> <Delay = 0.33> <FuncUnit> <Opcode : 'and' 'or' 'xor'> <InPorts = 2> <OutPorts = 1>
ST_25 : Operation 340 [1/1] (0.00ns) (grouped into LUT with out node and_ln21_15)   --->   "%or_ln21_4 = or i1 %tmp_134, i1 %xor_ln21_12" [top.cpp:21]   --->   Operation 340 'or' 'or_ln21_4' <Predicate = (curr_tri_is_active)> <Delay = 0.00> <CoreInst = "LogicGate">   --->   Core 74 'LogicGate' <Latency = 0> <II = 1> <Delay = 0.33> <FuncUnit> <Opcode : 'and' 'or' 'xor'> <InPorts = 2> <OutPorts = 1>
ST_25 : Operation 341 [1/1] (0.00ns) (grouped into LUT with out node and_ln21_15)   --->   "%xor_ln21_13 = xor i1 %tmp_131, i1 1" [top.cpp:21]   --->   Operation 341 'xor' 'xor_ln21_13' <Predicate = (curr_tri_is_active)> <Delay = 0.00> <CoreInst = "LogicGate">   --->   Core 74 'LogicGate' <Latency = 0> <II = 1> <Delay = 0.33> <FuncUnit> <Opcode : 'and' 'or' 'xor'> <InPorts = 2> <OutPorts = 1>
ST_25 : Operation 342 [1/1] (0.33ns) (out node of the LUT)   --->   "%and_ln21_15 = and i1 %or_ln21_4, i1 %xor_ln21_13" [top.cpp:21]   --->   Operation 342 'and' 'and_ln21_15' <Predicate = (curr_tri_is_active)> <Delay = 0.33> <CoreInst = "LogicGate">   --->   Core 74 'LogicGate' <Latency = 0> <II = 1> <Delay = 0.33> <FuncUnit> <Opcode : 'and' 'or' 'xor'> <InPorts = 2> <OutPorts = 1>
ST_25 : Operation 343 [1/1] (0.33ns) (out node of the LUT)   --->   "%and_ln21_16 = and i1 %tmp_134, i1 %select_ln21_9" [top.cpp:21]   --->   Operation 343 'and' 'and_ln21_16' <Predicate = (curr_tri_is_active)> <Delay = 0.33> <CoreInst = "LogicGate">   --->   Core 74 'LogicGate' <Latency = 0> <II = 1> <Delay = 0.33> <FuncUnit> <Opcode : 'and' 'or' 'xor'> <InPorts = 2> <OutPorts = 1>

State 26 <SV = 25> <Delay = 7.30>
ST_26 : Operation 344 [1/1] (7.30ns)   --->   "%gmem2_addr_read_5 = read i32 @_ssdm_op_Read.m_axi.p1i32, i32 %gmem2_addr" [top.cpp:6]   --->   Operation 344 'read' 'gmem2_addr_read_5' <Predicate = (curr_tri_is_active)> <Delay = 7.30> <CoreInst = "m_axi">   --->   Core 119 'm_axi' <Latency = 3> <II = 1> <Delay = 1.00> <Adapter> <Opcode : 'read' 'write' 'readreq' 'writereq' 'writeresp'>
ST_26 : Operation 345 [1/1] (0.00ns)   --->   "%conv7_i1128_i = sext i32 %gmem2_addr_read_4" [top.cpp:6]   --->   Operation 345 'sext' 'conv7_i1128_i' <Predicate = (curr_tri_is_active)> <Delay = 0.00>
ST_26 : Operation 346 [1/1] (0.00ns) (grouped into LUT with out node or_ln21_1)   --->   "%and_ln21_2 = and i1 %and_ln21, i1 %icmp_ln21_1" [top.cpp:21]   --->   Operation 346 'and' 'and_ln21_2' <Predicate = (curr_tri_is_active)> <Delay = 0.00> <CoreInst = "LogicGate">   --->   Core 74 'LogicGate' <Latency = 0> <II = 1> <Delay = 0.33> <FuncUnit> <Opcode : 'and' 'or' 'xor'> <InPorts = 2> <OutPorts = 1>
ST_26 : Operation 347 [1/1] (0.00ns) (grouped into LUT with out node or_ln21_1)   --->   "%or_ln21_6 = or i1 %and_ln21_2, i1 %and_ln21_4" [top.cpp:21]   --->   Operation 347 'or' 'or_ln21_6' <Predicate = (curr_tri_is_active)> <Delay = 0.00> <CoreInst = "LogicGate">   --->   Core 74 'LogicGate' <Latency = 0> <II = 1> <Delay = 0.33> <FuncUnit> <Opcode : 'and' 'or' 'xor'> <InPorts = 2> <OutPorts = 1>
ST_26 : Operation 348 [1/1] (0.00ns) (grouped into LUT with out node or_ln21_1)   --->   "%xor_ln21_4 = xor i1 %or_ln21_6, i1 1" [top.cpp:21]   --->   Operation 348 'xor' 'xor_ln21_4' <Predicate = (curr_tri_is_active)> <Delay = 0.00> <CoreInst = "LogicGate">   --->   Core 74 'LogicGate' <Latency = 0> <II = 1> <Delay = 0.33> <FuncUnit> <Opcode : 'and' 'or' 'xor'> <InPorts = 2> <OutPorts = 1>
ST_26 : Operation 349 [1/1] (0.00ns) (grouped into LUT with out node or_ln21_1)   --->   "%and_ln21_5 = and i1 %tmp_91, i1 %xor_ln21_4" [top.cpp:21]   --->   Operation 349 'and' 'and_ln21_5' <Predicate = (curr_tri_is_active)> <Delay = 0.00> <CoreInst = "LogicGate">   --->   Core 74 'LogicGate' <Latency = 0> <II = 1> <Delay = 0.33> <FuncUnit> <Opcode : 'and' 'or' 'xor'> <InPorts = 2> <OutPorts = 1>
ST_26 : Operation 350 [1/1] (0.00ns) (grouped into LUT with out node out_verts_x)   --->   "%select_ln21_2 = select i1 %and_ln21_3, i32 2147483647, i32 2147483648" [top.cpp:21]   --->   Operation 350 'select' 'select_ln21_2' <Predicate = (curr_tri_is_active)> <Delay = 0.00> <CoreInst = "Sel">   --->   Core 73 'Sel' <Latency = 0> <II = 1> <Delay = 0.52> <FuncUnit> <Opcode : 'select'> <InPorts = 3> <OutPorts = 1>
ST_26 : Operation 351 [1/1] (0.33ns) (out node of the LUT)   --->   "%or_ln21_1 = or i1 %and_ln21_3, i1 %and_ln21_5" [top.cpp:21]   --->   Operation 351 'or' 'or_ln21_1' <Predicate = (curr_tri_is_active)> <Delay = 0.33> <CoreInst = "LogicGate">   --->   Core 74 'LogicGate' <Latency = 0> <II = 1> <Delay = 0.33> <FuncUnit> <Opcode : 'and' 'or' 'xor'> <InPorts = 2> <OutPorts = 1>
ST_26 : Operation 352 [1/1] (0.52ns) (out node of the LUT)   --->   "%out_verts_x = select i1 %or_ln21_1, i32 %select_ln21_2, i32 %add_ln21_3" [top.cpp:21]   --->   Operation 352 'select' 'out_verts_x' <Predicate = (curr_tri_is_active)> <Delay = 0.52> <CoreInst = "Sel">   --->   Core 73 'Sel' <Latency = 0> <II = 1> <Delay = 0.52> <FuncUnit> <Opcode : 'select'> <InPorts = 3> <OutPorts = 1>
ST_26 : Operation 353 [1/1] (3.88ns)   --->   "%mul_ln22 = mul i64 %conv7_i1128_i, i64 %sext_ln21" [top.cpp:22]   --->   Operation 353 'mul' 'mul_ln22' <Predicate = (curr_tri_is_active)> <Delay = 3.88> <CoreInst = "Multiplier">   --->   Core 3 'Multiplier' <Latency = 0> <II = 1> <Delay = 3.88> <FuncUnit> <Opcode : 'mul'> <InPorts = 2> <OutPorts = 1>
ST_26 : Operation 354 [1/1] (0.00ns) (grouped into LUT with out node or_ln21_3)   --->   "%and_ln21_8 = and i1 %and_ln21_6, i1 %icmp_ln21_4" [top.cpp:21]   --->   Operation 354 'and' 'and_ln21_8' <Predicate = (curr_tri_is_active)> <Delay = 0.00> <CoreInst = "LogicGate">   --->   Core 74 'LogicGate' <Latency = 0> <II = 1> <Delay = 0.33> <FuncUnit> <Opcode : 'and' 'or' 'xor'> <InPorts = 2> <OutPorts = 1>
ST_26 : Operation 355 [1/1] (0.00ns) (grouped into LUT with out node or_ln21_3)   --->   "%or_ln21_7 = or i1 %and_ln21_8, i1 %and_ln21_10" [top.cpp:21]   --->   Operation 355 'or' 'or_ln21_7' <Predicate = (curr_tri_is_active)> <Delay = 0.00> <CoreInst = "LogicGate">   --->   Core 74 'LogicGate' <Latency = 0> <II = 1> <Delay = 0.33> <FuncUnit> <Opcode : 'and' 'or' 'xor'> <InPorts = 2> <OutPorts = 1>
ST_26 : Operation 356 [1/1] (0.00ns) (grouped into LUT with out node or_ln21_3)   --->   "%xor_ln21_9 = xor i1 %or_ln21_7, i1 1" [top.cpp:21]   --->   Operation 356 'xor' 'xor_ln21_9' <Predicate = (curr_tri_is_active)> <Delay = 0.00> <CoreInst = "LogicGate">   --->   Core 74 'LogicGate' <Latency = 0> <II = 1> <Delay = 0.33> <FuncUnit> <Opcode : 'and' 'or' 'xor'> <InPorts = 2> <OutPorts = 1>
ST_26 : Operation 357 [1/1] (0.00ns) (grouped into LUT with out node or_ln21_3)   --->   "%and_ln21_11 = and i1 %tmp_111, i1 %xor_ln21_9" [top.cpp:21]   --->   Operation 357 'and' 'and_ln21_11' <Predicate = (curr_tri_is_active)> <Delay = 0.00> <CoreInst = "LogicGate">   --->   Core 74 'LogicGate' <Latency = 0> <II = 1> <Delay = 0.33> <FuncUnit> <Opcode : 'and' 'or' 'xor'> <InPorts = 2> <OutPorts = 1>
ST_26 : Operation 358 [1/1] (0.00ns) (grouped into LUT with out node out_verts_x_3)   --->   "%select_ln21_6 = select i1 %and_ln21_9, i32 2147483647, i32 2147483648" [top.cpp:21]   --->   Operation 358 'select' 'select_ln21_6' <Predicate = (curr_tri_is_active)> <Delay = 0.00> <CoreInst = "Sel">   --->   Core 73 'Sel' <Latency = 0> <II = 1> <Delay = 0.52> <FuncUnit> <Opcode : 'select'> <InPorts = 3> <OutPorts = 1>
ST_26 : Operation 359 [1/1] (0.33ns) (out node of the LUT)   --->   "%or_ln21_3 = or i1 %and_ln21_9, i1 %and_ln21_11" [top.cpp:21]   --->   Operation 359 'or' 'or_ln21_3' <Predicate = (curr_tri_is_active)> <Delay = 0.33> <CoreInst = "LogicGate">   --->   Core 74 'LogicGate' <Latency = 0> <II = 1> <Delay = 0.33> <FuncUnit> <Opcode : 'and' 'or' 'xor'> <InPorts = 2> <OutPorts = 1>
ST_26 : Operation 360 [1/1] (0.52ns) (out node of the LUT)   --->   "%out_verts_x_3 = select i1 %or_ln21_3, i32 %select_ln21_6, i32 %add_ln21_7" [top.cpp:21]   --->   Operation 360 'select' 'out_verts_x_3' <Predicate = (curr_tri_is_active)> <Delay = 0.52> <CoreInst = "Sel">   --->   Core 73 'Sel' <Latency = 0> <II = 1> <Delay = 0.52> <FuncUnit> <Opcode : 'select'> <InPorts = 3> <OutPorts = 1>
ST_26 : Operation 361 [1/1] (3.88ns)   --->   "%mul_ln22_4 = mul i64 %conv7_i1128_i, i64 %sext_ln21_9" [top.cpp:22]   --->   Operation 361 'mul' 'mul_ln22_4' <Predicate = (curr_tri_is_active)> <Delay = 3.88> <CoreInst = "Multiplier">   --->   Core 3 'Multiplier' <Latency = 0> <II = 1> <Delay = 3.88> <FuncUnit> <Opcode : 'mul'> <InPorts = 2> <OutPorts = 1>
ST_26 : Operation 362 [1/1] (0.00ns) (grouped into LUT with out node or_ln21_5)   --->   "%and_ln21_14 = and i1 %and_ln21_12, i1 %icmp_ln21_7" [top.cpp:21]   --->   Operation 362 'and' 'and_ln21_14' <Predicate = (curr_tri_is_active)> <Delay = 0.00> <CoreInst = "LogicGate">   --->   Core 74 'LogicGate' <Latency = 0> <II = 1> <Delay = 0.33> <FuncUnit> <Opcode : 'and' 'or' 'xor'> <InPorts = 2> <OutPorts = 1>
ST_26 : Operation 363 [1/1] (0.00ns) (grouped into LUT with out node or_ln21_5)   --->   "%or_ln21_8 = or i1 %and_ln21_14, i1 %and_ln21_16" [top.cpp:21]   --->   Operation 363 'or' 'or_ln21_8' <Predicate = (curr_tri_is_active)> <Delay = 0.00> <CoreInst = "LogicGate">   --->   Core 74 'LogicGate' <Latency = 0> <II = 1> <Delay = 0.33> <FuncUnit> <Opcode : 'and' 'or' 'xor'> <InPorts = 2> <OutPorts = 1>
ST_26 : Operation 364 [1/1] (0.00ns) (grouped into LUT with out node or_ln21_5)   --->   "%xor_ln21_14 = xor i1 %or_ln21_8, i1 1" [top.cpp:21]   --->   Operation 364 'xor' 'xor_ln21_14' <Predicate = (curr_tri_is_active)> <Delay = 0.00> <CoreInst = "LogicGate">   --->   Core 74 'LogicGate' <Latency = 0> <II = 1> <Delay = 0.33> <FuncUnit> <Opcode : 'and' 'or' 'xor'> <InPorts = 2> <OutPorts = 1>
ST_26 : Operation 365 [1/1] (0.00ns) (grouped into LUT with out node or_ln21_5)   --->   "%and_ln21_17 = and i1 %tmp_131, i1 %xor_ln21_14" [top.cpp:21]   --->   Operation 365 'and' 'and_ln21_17' <Predicate = (curr_tri_is_active)> <Delay = 0.00> <CoreInst = "LogicGate">   --->   Core 74 'LogicGate' <Latency = 0> <II = 1> <Delay = 0.33> <FuncUnit> <Opcode : 'and' 'or' 'xor'> <InPorts = 2> <OutPorts = 1>
ST_26 : Operation 366 [1/1] (0.00ns) (grouped into LUT with out node out_verts_x_4)   --->   "%select_ln21_10 = select i1 %and_ln21_15, i32 2147483647, i32 2147483648" [top.cpp:21]   --->   Operation 366 'select' 'select_ln21_10' <Predicate = (curr_tri_is_active)> <Delay = 0.00> <CoreInst = "Sel">   --->   Core 73 'Sel' <Latency = 0> <II = 1> <Delay = 0.52> <FuncUnit> <Opcode : 'select'> <InPorts = 3> <OutPorts = 1>
ST_26 : Operation 367 [1/1] (0.33ns) (out node of the LUT)   --->   "%or_ln21_5 = or i1 %and_ln21_15, i1 %and_ln21_17" [top.cpp:21]   --->   Operation 367 'or' 'or_ln21_5' <Predicate = (curr_tri_is_active)> <Delay = 0.33> <CoreInst = "LogicGate">   --->   Core 74 'LogicGate' <Latency = 0> <II = 1> <Delay = 0.33> <FuncUnit> <Opcode : 'and' 'or' 'xor'> <InPorts = 2> <OutPorts = 1>
ST_26 : Operation 368 [1/1] (0.52ns) (out node of the LUT)   --->   "%out_verts_x_4 = select i1 %or_ln21_5, i32 %select_ln21_10, i32 %add_ln21_11" [top.cpp:21]   --->   Operation 368 'select' 'out_verts_x_4' <Predicate = (curr_tri_is_active)> <Delay = 0.52> <CoreInst = "Sel">   --->   Core 73 'Sel' <Latency = 0> <II = 1> <Delay = 0.52> <FuncUnit> <Opcode : 'select'> <InPorts = 3> <OutPorts = 1>
ST_26 : Operation 369 [1/1] (3.88ns)   --->   "%mul_ln22_8 = mul i64 %conv7_i1128_i, i64 %sext_ln21_18" [top.cpp:22]   --->   Operation 369 'mul' 'mul_ln22_8' <Predicate = (curr_tri_is_active)> <Delay = 3.88> <CoreInst = "Multiplier">   --->   Core 3 'Multiplier' <Latency = 0> <II = 1> <Delay = 3.88> <FuncUnit> <Opcode : 'mul'> <InPorts = 2> <OutPorts = 1>
ST_26 : Operation 370 [1/1] (0.00ns)   --->   "%curr_tri_v0_x_3 = phi i32 %out_verts_x, void %VITIS_LOOP_20_2.i, i32 %curr_tri_v0_x_4, void %for.body.split._crit_edge.i"   --->   Operation 370 'phi' 'curr_tri_v0_x_3' <Predicate = true> <Delay = 0.00>
ST_26 : Operation 371 [1/1] (0.00ns)   --->   "%curr_tri_v1_x_3 = phi i32 %out_verts_x_3, void %VITIS_LOOP_20_2.i, i32 %curr_tri_v1_x_4, void %for.body.split._crit_edge.i"   --->   Operation 371 'phi' 'curr_tri_v1_x_3' <Predicate = true> <Delay = 0.00>
ST_26 : Operation 372 [1/1] (0.00ns)   --->   "%curr_tri_v2_x_3 = phi i32 %out_verts_x_4, void %VITIS_LOOP_20_2.i, i32 %curr_tri_v2_x_4, void %for.body.split._crit_edge.i"   --->   Operation 372 'phi' 'curr_tri_v2_x_3' <Predicate = true> <Delay = 0.00>

State 27 <SV = 26> <Delay = 7.30>
ST_27 : Operation 373 [1/1] (7.30ns)   --->   "%gmem2_addr_read_6 = read i32 @_ssdm_op_Read.m_axi.p1i32, i32 %gmem2_addr" [top.cpp:6]   --->   Operation 373 'read' 'gmem2_addr_read_6' <Predicate = (curr_tri_is_active)> <Delay = 7.30> <CoreInst = "m_axi">   --->   Core 119 'm_axi' <Latency = 3> <II = 1> <Delay = 1.00> <Adapter> <Opcode : 'read' 'write' 'readreq' 'writereq' 'writeresp'>
ST_27 : Operation 374 [1/1] (0.00ns)   --->   "%conv7_i1089_i = sext i32 %gmem2_addr_read_5" [top.cpp:6]   --->   Operation 374 'sext' 'conv7_i1089_i' <Predicate = (curr_tri_is_active)> <Delay = 0.00>
ST_27 : Operation 375 [1/1] (3.88ns)   --->   "%mul_ln22_1 = mul i64 %conv7_i1089_i, i64 %sext_ln21_1" [top.cpp:22]   --->   Operation 375 'mul' 'mul_ln22_1' <Predicate = (curr_tri_is_active)> <Delay = 3.88> <CoreInst = "Multiplier">   --->   Core 3 'Multiplier' <Latency = 0> <II = 1> <Delay = 3.88> <FuncUnit> <Opcode : 'mul'> <InPorts = 2> <OutPorts = 1>
ST_27 : Operation 376 [1/1] (3.88ns)   --->   "%mul_ln22_5 = mul i64 %conv7_i1089_i, i64 %sext_ln21_10" [top.cpp:22]   --->   Operation 376 'mul' 'mul_ln22_5' <Predicate = (curr_tri_is_active)> <Delay = 3.88> <CoreInst = "Multiplier">   --->   Core 3 'Multiplier' <Latency = 0> <II = 1> <Delay = 3.88> <FuncUnit> <Opcode : 'mul'> <InPorts = 2> <OutPorts = 1>
ST_27 : Operation 377 [1/1] (3.88ns)   --->   "%mul_ln22_9 = mul i64 %conv7_i1089_i, i64 %sext_ln21_19" [top.cpp:22]   --->   Operation 377 'mul' 'mul_ln22_9' <Predicate = (curr_tri_is_active)> <Delay = 3.88> <CoreInst = "Multiplier">   --->   Core 3 'Multiplier' <Latency = 0> <II = 1> <Delay = 3.88> <FuncUnit> <Opcode : 'mul'> <InPorts = 2> <OutPorts = 1>

State 28 <SV = 27> <Delay = 7.30>
ST_28 : Operation 378 [1/1] (7.30ns)   --->   "%gmem2_addr_read_7 = read i32 @_ssdm_op_Read.m_axi.p1i32, i32 %gmem2_addr" [top.cpp:6]   --->   Operation 378 'read' 'gmem2_addr_read_7' <Predicate = (curr_tri_is_active)> <Delay = 7.30> <CoreInst = "m_axi">   --->   Core 119 'm_axi' <Latency = 3> <II = 1> <Delay = 1.00> <Adapter> <Opcode : 'read' 'write' 'readreq' 'writereq' 'writeresp'>
ST_28 : Operation 379 [1/1] (0.00ns)   --->   "%conv7_i1000_i = sext i32 %gmem2_addr_read_6" [top.cpp:6]   --->   Operation 379 'sext' 'conv7_i1000_i' <Predicate = (curr_tri_is_active)> <Delay = 0.00>
ST_28 : Operation 380 [1/1] (0.00ns)   --->   "%sext_ln22 = sext i64 %mul_ln22" [top.cpp:22]   --->   Operation 380 'sext' 'sext_ln22' <Predicate = (curr_tri_is_active)> <Delay = 0.00>
ST_28 : Operation 381 [1/1] (0.00ns)   --->   "%sext_ln22_1 = sext i64 %mul_ln22_1" [top.cpp:22]   --->   Operation 381 'sext' 'sext_ln22_1' <Predicate = (curr_tri_is_active)> <Delay = 0.00>
ST_28 : Operation 382 [1/1] (3.88ns)   --->   "%mul_ln22_2 = mul i64 %conv7_i1000_i, i64 %sext_ln21_4" [top.cpp:22]   --->   Operation 382 'mul' 'mul_ln22_2' <Predicate = (curr_tri_is_active)> <Delay = 3.88> <CoreInst = "Multiplier">   --->   Core 3 'Multiplier' <Latency = 0> <II = 1> <Delay = 3.88> <FuncUnit> <Opcode : 'mul'> <InPorts = 2> <OutPorts = 1>
ST_28 : Operation 383 [1/1] (0.00ns)   --->   "%sext_ln22_2 = sext i64 %mul_ln22_2" [top.cpp:22]   --->   Operation 383 'sext' 'sext_ln22_2' <Predicate = (curr_tri_is_active)> <Delay = 0.00>
ST_28 : Operation 384 [1/1] (0.00ns) (grouped into TernaryAdder)   --->   "%add_ln22 = add i65 %sext_ln22, i65 %sext_ln22_2" [top.cpp:22]   --->   Operation 384 'add' 'add_ln22' <Predicate = (curr_tri_is_active)> <Delay = 0.00> <CoreInst = "TAddSub">   --->   Core 10 'TAddSub' <Latency = 0> <II = 1> <Delay = 0.50> <IPBlock> <Opcode : 'add' 'sub'> <InPorts = 3> <OutPorts = 1> <Sync> <CReg>
ST_28 : Operation 385 [1/1] (1.01ns) (root node of TernaryAdder)   --->   "%add_ln22_1 = add i65 %add_ln22, i65 %sext_ln22_1" [top.cpp:22]   --->   Operation 385 'add' 'add_ln22_1' <Predicate = (curr_tri_is_active)> <Delay = 1.01> <CoreInst = "TAddSub">   --->   Core 10 'TAddSub' <Latency = 0> <II = 1> <Delay = 0.50> <IPBlock> <Opcode : 'add' 'sub'> <InPorts = 3> <OutPorts = 1> <Sync> <CReg>
ST_28 : Operation 386 [1/1] (0.00ns)   --->   "%sext_ln22_5 = sext i64 %mul_ln22_4" [top.cpp:22]   --->   Operation 386 'sext' 'sext_ln22_5' <Predicate = (curr_tri_is_active)> <Delay = 0.00>
ST_28 : Operation 387 [1/1] (0.00ns)   --->   "%sext_ln22_6 = sext i64 %mul_ln22_5" [top.cpp:22]   --->   Operation 387 'sext' 'sext_ln22_6' <Predicate = (curr_tri_is_active)> <Delay = 0.00>
ST_28 : Operation 388 [1/1] (3.88ns)   --->   "%mul_ln22_6 = mul i64 %conv7_i1000_i, i64 %sext_ln21_13" [top.cpp:22]   --->   Operation 388 'mul' 'mul_ln22_6' <Predicate = (curr_tri_is_active)> <Delay = 3.88> <CoreInst = "Multiplier">   --->   Core 3 'Multiplier' <Latency = 0> <II = 1> <Delay = 3.88> <FuncUnit> <Opcode : 'mul'> <InPorts = 2> <OutPorts = 1>
ST_28 : Operation 389 [1/1] (0.00ns)   --->   "%sext_ln22_7 = sext i64 %mul_ln22_6" [top.cpp:22]   --->   Operation 389 'sext' 'sext_ln22_7' <Predicate = (curr_tri_is_active)> <Delay = 0.00>
ST_28 : Operation 390 [1/1] (0.00ns) (grouped into TernaryAdder)   --->   "%add_ln22_4 = add i65 %sext_ln22_5, i65 %sext_ln22_7" [top.cpp:22]   --->   Operation 390 'add' 'add_ln22_4' <Predicate = (curr_tri_is_active)> <Delay = 0.00> <CoreInst = "TAddSub">   --->   Core 10 'TAddSub' <Latency = 0> <II = 1> <Delay = 0.50> <IPBlock> <Opcode : 'add' 'sub'> <InPorts = 3> <OutPorts = 1> <Sync> <CReg>
ST_28 : Operation 391 [1/1] (1.01ns) (root node of TernaryAdder)   --->   "%add_ln22_5 = add i65 %add_ln22_4, i65 %sext_ln22_6" [top.cpp:22]   --->   Operation 391 'add' 'add_ln22_5' <Predicate = (curr_tri_is_active)> <Delay = 1.01> <CoreInst = "TAddSub">   --->   Core 10 'TAddSub' <Latency = 0> <II = 1> <Delay = 0.50> <IPBlock> <Opcode : 'add' 'sub'> <InPorts = 3> <OutPorts = 1> <Sync> <CReg>
ST_28 : Operation 392 [1/1] (0.00ns)   --->   "%sext_ln22_10 = sext i64 %mul_ln22_8" [top.cpp:22]   --->   Operation 392 'sext' 'sext_ln22_10' <Predicate = (curr_tri_is_active)> <Delay = 0.00>
ST_28 : Operation 393 [1/1] (0.00ns)   --->   "%sext_ln22_11 = sext i64 %mul_ln22_9" [top.cpp:22]   --->   Operation 393 'sext' 'sext_ln22_11' <Predicate = (curr_tri_is_active)> <Delay = 0.00>
ST_28 : Operation 394 [1/1] (3.88ns)   --->   "%mul_ln22_10 = mul i64 %conv7_i1000_i, i64 %sext_ln21_22" [top.cpp:22]   --->   Operation 394 'mul' 'mul_ln22_10' <Predicate = (curr_tri_is_active)> <Delay = 3.88> <CoreInst = "Multiplier">   --->   Core 3 'Multiplier' <Latency = 0> <II = 1> <Delay = 3.88> <FuncUnit> <Opcode : 'mul'> <InPorts = 2> <OutPorts = 1>
ST_28 : Operation 395 [1/1] (0.00ns)   --->   "%sext_ln22_12 = sext i64 %mul_ln22_10" [top.cpp:22]   --->   Operation 395 'sext' 'sext_ln22_12' <Predicate = (curr_tri_is_active)> <Delay = 0.00>
ST_28 : Operation 396 [1/1] (0.00ns) (grouped into TernaryAdder)   --->   "%add_ln22_8 = add i65 %sext_ln22_10, i65 %sext_ln22_12" [top.cpp:22]   --->   Operation 396 'add' 'add_ln22_8' <Predicate = (curr_tri_is_active)> <Delay = 0.00> <CoreInst = "TAddSub">   --->   Core 10 'TAddSub' <Latency = 0> <II = 1> <Delay = 0.50> <IPBlock> <Opcode : 'add' 'sub'> <InPorts = 3> <OutPorts = 1> <Sync> <CReg>
ST_28 : Operation 397 [1/1] (1.01ns) (root node of TernaryAdder)   --->   "%add_ln22_9 = add i65 %add_ln22_8, i65 %sext_ln22_11" [top.cpp:22]   --->   Operation 397 'add' 'add_ln22_9' <Predicate = (curr_tri_is_active)> <Delay = 1.01> <CoreInst = "TAddSub">   --->   Core 10 'TAddSub' <Latency = 0> <II = 1> <Delay = 0.50> <IPBlock> <Opcode : 'add' 'sub'> <InPorts = 3> <OutPorts = 1> <Sync> <CReg>

State 29 <SV = 28> <Delay = 7.30>
ST_29 : Operation 398 [1/1] (7.30ns)   --->   "%gmem2_addr_read_8 = read i32 @_ssdm_op_Read.m_axi.p1i32, i32 %gmem2_addr" [top.cpp:6]   --->   Operation 398 'read' 'gmem2_addr_read_8' <Predicate = (curr_tri_is_active)> <Delay = 7.30> <CoreInst = "m_axi">   --->   Core 119 'm_axi' <Latency = 3> <II = 1> <Delay = 1.00> <Adapter> <Opcode : 'read' 'write' 'readreq' 'writereq' 'writeresp'>
ST_29 : Operation 399 [1/1] (0.00ns)   --->   "%conv7_i911_i = sext i32 %gmem2_addr_read_7" [top.cpp:6]   --->   Operation 399 'sext' 'conv7_i911_i' <Predicate = (curr_tri_is_active)> <Delay = 0.00>
ST_29 : Operation 400 [1/1] (3.88ns)   --->   "%mul_ln22_3 = mul i64 %conv7_i911_i, i64 %sext_ln21_6" [top.cpp:22]   --->   Operation 400 'mul' 'mul_ln22_3' <Predicate = (curr_tri_is_active)> <Delay = 3.88> <CoreInst = "Multiplier">   --->   Core 3 'Multiplier' <Latency = 0> <II = 1> <Delay = 3.88> <FuncUnit> <Opcode : 'mul'> <InPorts = 2> <OutPorts = 1>
ST_29 : Operation 401 [1/1] (0.00ns)   --->   "%sext_ln22_3 = sext i65 %add_ln22_1" [top.cpp:22]   --->   Operation 401 'sext' 'sext_ln22_3' <Predicate = (curr_tri_is_active)> <Delay = 0.00>
ST_29 : Operation 402 [1/1] (0.00ns)   --->   "%sext_ln22_4 = sext i64 %mul_ln22_3" [top.cpp:22]   --->   Operation 402 'sext' 'sext_ln22_4' <Predicate = (curr_tri_is_active)> <Delay = 0.00>
ST_29 : Operation 403 [1/1] (1.47ns)   --->   "%add_ln22_2 = add i66 %sext_ln22_3, i66 %sext_ln22_4" [top.cpp:22]   --->   Operation 403 'add' 'add_ln22_2' <Predicate = (curr_tri_is_active)> <Delay = 1.47> <CoreInst = "Adder">   --->   Core 1 'Adder' <Latency = 0> <II = 1> <Delay = 1.47> <FuncUnit> <Opcode : 'add' 'sub'> <InPorts = 2> <OutPorts = 1>
ST_29 : Operation 404 [1/1] (0.00ns)   --->   "%tmp_96 = bitselect i1 @_ssdm_op_BitSelect.i1.i66.i32, i66 %add_ln22_2, i32 65" [top.cpp:22]   --->   Operation 404 'bitselect' 'tmp_96' <Predicate = (curr_tri_is_active)> <Delay = 0.00>
ST_29 : Operation 405 [1/1] (0.00ns)   --->   "%trunc_ln22_1 = partselect i32 @_ssdm_op_PartSelect.i32.i66.i32.i32, i66 %add_ln22_2, i32 16, i32 47" [top.cpp:22]   --->   Operation 405 'partselect' 'trunc_ln22_1' <Predicate = (curr_tri_is_active)> <Delay = 0.00>
ST_29 : Operation 406 [1/1] (0.00ns)   --->   "%tmp_97 = bitselect i1 @_ssdm_op_BitSelect.i1.i66.i32, i66 %add_ln22_2, i32 15" [top.cpp:22]   --->   Operation 406 'bitselect' 'tmp_97' <Predicate = (curr_tri_is_active)> <Delay = 0.00>
ST_29 : Operation 407 [1/1] (0.00ns) (grouped into LUT with out node and_ln22)   --->   "%tmp_98 = bitselect i1 @_ssdm_op_BitSelect.i1.i66.i32, i66 %add_ln22_2, i32 47" [top.cpp:22]   --->   Operation 407 'bitselect' 'tmp_98' <Predicate = (curr_tri_is_active)> <Delay = 0.00>
ST_29 : Operation 408 [1/1] (0.00ns)   --->   "%zext_ln22 = zext i1 %tmp_97" [top.cpp:22]   --->   Operation 408 'zext' 'zext_ln22' <Predicate = (curr_tri_is_active)> <Delay = 0.00>
ST_29 : Operation 409 [1/1] (1.20ns)   --->   "%add_ln22_3 = add i32 %trunc_ln22_1, i32 %zext_ln22" [top.cpp:22]   --->   Operation 409 'add' 'add_ln22_3' <Predicate = (curr_tri_is_active)> <Delay = 1.20> <CoreInst = "Adder">   --->   Core 1 'Adder' <Latency = 0> <II = 1> <Delay = 1.20> <FuncUnit> <Opcode : 'add' 'sub'> <InPorts = 2> <OutPorts = 1>
ST_29 : Operation 410 [1/1] (0.00ns)   --->   "%tmp_99 = bitselect i1 @_ssdm_op_BitSelect.i1.i32.i32, i32 %add_ln22_3, i32 31" [top.cpp:22]   --->   Operation 410 'bitselect' 'tmp_99' <Predicate = (curr_tri_is_active)> <Delay = 0.00>
ST_29 : Operation 411 [1/1] (0.00ns) (grouped into LUT with out node and_ln22)   --->   "%xor_ln22 = xor i1 %tmp_99, i1 1" [top.cpp:22]   --->   Operation 411 'xor' 'xor_ln22' <Predicate = (curr_tri_is_active)> <Delay = 0.00> <CoreInst = "LogicGate">   --->   Core 74 'LogicGate' <Latency = 0> <II = 1> <Delay = 0.33> <FuncUnit> <Opcode : 'and' 'or' 'xor'> <InPorts = 2> <OutPorts = 1>
ST_29 : Operation 412 [1/1] (0.33ns) (out node of the LUT)   --->   "%and_ln22 = and i1 %tmp_98, i1 %xor_ln22" [top.cpp:22]   --->   Operation 412 'and' 'and_ln22' <Predicate = (curr_tri_is_active)> <Delay = 0.33> <CoreInst = "LogicGate">   --->   Core 74 'LogicGate' <Latency = 0> <II = 1> <Delay = 0.33> <FuncUnit> <Opcode : 'and' 'or' 'xor'> <InPorts = 2> <OutPorts = 1>
ST_29 : Operation 413 [1/1] (0.00ns) (grouped into LUT with out node and_ln22_4)   --->   "%tmp_100 = bitselect i1 @_ssdm_op_BitSelect.i1.i66.i32, i66 %add_ln22_2, i32 48" [top.cpp:22]   --->   Operation 413 'bitselect' 'tmp_100' <Predicate = (curr_tri_is_active)> <Delay = 0.00>
ST_29 : Operation 414 [1/1] (0.00ns)   --->   "%tmp_14 = partselect i17 @_ssdm_op_PartSelect.i17.i66.i32.i32, i66 %add_ln22_2, i32 49, i32 65" [top.cpp:22]   --->   Operation 414 'partselect' 'tmp_14' <Predicate = (curr_tri_is_active)> <Delay = 0.00>
ST_29 : Operation 415 [1/1] (1.02ns)   --->   "%icmp_ln22 = icmp_eq  i17 %tmp_14, i17 131071" [top.cpp:22]   --->   Operation 415 'icmp' 'icmp_ln22' <Predicate = (curr_tri_is_active)> <Delay = 1.02> <CoreInst = "Cmp">   --->   Core 9 'Cmp' <Latency = 0> <II = 1> <Delay = 1.02> <FuncUnit> <Opcode : 'seteq' 'setne' 'setle' 'setge' 'setlt' 'setgt'> <InPorts = 2> <OutPorts = 1>
ST_29 : Operation 416 [1/1] (0.00ns)   --->   "%tmp_15 = partselect i18 @_ssdm_op_PartSelect.i18.i66.i32.i32, i66 %add_ln22_2, i32 48, i32 65" [top.cpp:22]   --->   Operation 416 'partselect' 'tmp_15' <Predicate = (curr_tri_is_active)> <Delay = 0.00>
ST_29 : Operation 417 [1/1] (1.03ns)   --->   "%icmp_ln22_1 = icmp_eq  i18 %tmp_15, i18 262143" [top.cpp:22]   --->   Operation 417 'icmp' 'icmp_ln22_1' <Predicate = (curr_tri_is_active)> <Delay = 1.03> <CoreInst = "Cmp">   --->   Core 9 'Cmp' <Latency = 0> <II = 1> <Delay = 1.03> <FuncUnit> <Opcode : 'seteq' 'setne' 'setle' 'setge' 'setlt' 'setgt'> <InPorts = 2> <OutPorts = 1>
ST_29 : Operation 418 [1/1] (1.03ns)   --->   "%icmp_ln22_2 = icmp_eq  i18 %tmp_15, i18 0" [top.cpp:22]   --->   Operation 418 'icmp' 'icmp_ln22_2' <Predicate = (curr_tri_is_active)> <Delay = 1.03> <CoreInst = "Cmp">   --->   Core 9 'Cmp' <Latency = 0> <II = 1> <Delay = 1.03> <FuncUnit> <Opcode : 'seteq' 'setne' 'setle' 'setge' 'setlt' 'setgt'> <InPorts = 2> <OutPorts = 1>
ST_29 : Operation 419 [1/1] (0.00ns) (grouped into LUT with out node and_ln22_3)   --->   "%select_ln22 = select i1 %and_ln22, i1 %icmp_ln22_1, i1 %icmp_ln22_2" [top.cpp:22]   --->   Operation 419 'select' 'select_ln22' <Predicate = (curr_tri_is_active)> <Delay = 0.00> <CoreInst = "Sel">   --->   Core 73 'Sel' <Latency = 0> <II = 1> <Delay = 0.26> <FuncUnit> <Opcode : 'select'> <InPorts = 3> <OutPorts = 1>
ST_29 : Operation 420 [1/1] (0.00ns) (grouped into LUT with out node and_ln22_4)   --->   "%xor_ln22_1 = xor i1 %tmp_100, i1 1" [top.cpp:22]   --->   Operation 420 'xor' 'xor_ln22_1' <Predicate = (curr_tri_is_active)> <Delay = 0.00> <CoreInst = "LogicGate">   --->   Core 74 'LogicGate' <Latency = 0> <II = 1> <Delay = 0.33> <FuncUnit> <Opcode : 'and' 'or' 'xor'> <InPorts = 2> <OutPorts = 1>
ST_29 : Operation 421 [1/1] (0.00ns) (grouped into LUT with out node and_ln22_4)   --->   "%and_ln22_1 = and i1 %icmp_ln22, i1 %xor_ln22_1" [top.cpp:22]   --->   Operation 421 'and' 'and_ln22_1' <Predicate = (curr_tri_is_active)> <Delay = 0.00> <CoreInst = "LogicGate">   --->   Core 74 'LogicGate' <Latency = 0> <II = 1> <Delay = 0.33> <FuncUnit> <Opcode : 'and' 'or' 'xor'> <InPorts = 2> <OutPorts = 1>
ST_29 : Operation 422 [1/1] (0.00ns) (grouped into LUT with out node and_ln22_4)   --->   "%select_ln22_1 = select i1 %and_ln22, i1 %and_ln22_1, i1 %icmp_ln22_1" [top.cpp:22]   --->   Operation 422 'select' 'select_ln22_1' <Predicate = (curr_tri_is_active)> <Delay = 0.00> <CoreInst = "Sel">   --->   Core 73 'Sel' <Latency = 0> <II = 1> <Delay = 0.26> <FuncUnit> <Opcode : 'select'> <InPorts = 3> <OutPorts = 1>
ST_29 : Operation 423 [1/1] (0.00ns) (grouped into LUT with out node and_ln22_3)   --->   "%xor_ln22_2 = xor i1 %select_ln22, i1 1" [top.cpp:22]   --->   Operation 423 'xor' 'xor_ln22_2' <Predicate = (curr_tri_is_active)> <Delay = 0.00> <CoreInst = "LogicGate">   --->   Core 74 'LogicGate' <Latency = 0> <II = 1> <Delay = 0.33> <FuncUnit> <Opcode : 'and' 'or' 'xor'> <InPorts = 2> <OutPorts = 1>
ST_29 : Operation 424 [1/1] (0.00ns) (grouped into LUT with out node and_ln22_3)   --->   "%or_ln22 = or i1 %tmp_99, i1 %xor_ln22_2" [top.cpp:22]   --->   Operation 424 'or' 'or_ln22' <Predicate = (curr_tri_is_active)> <Delay = 0.00> <CoreInst = "LogicGate">   --->   Core 74 'LogicGate' <Latency = 0> <II = 1> <Delay = 0.33> <FuncUnit> <Opcode : 'and' 'or' 'xor'> <InPorts = 2> <OutPorts = 1>
ST_29 : Operation 425 [1/1] (0.00ns) (grouped into LUT with out node and_ln22_3)   --->   "%xor_ln22_3 = xor i1 %tmp_96, i1 1" [top.cpp:22]   --->   Operation 425 'xor' 'xor_ln22_3' <Predicate = (curr_tri_is_active)> <Delay = 0.00> <CoreInst = "LogicGate">   --->   Core 74 'LogicGate' <Latency = 0> <II = 1> <Delay = 0.33> <FuncUnit> <Opcode : 'and' 'or' 'xor'> <InPorts = 2> <OutPorts = 1>
ST_29 : Operation 426 [1/1] (0.33ns) (out node of the LUT)   --->   "%and_ln22_3 = and i1 %or_ln22, i1 %xor_ln22_3" [top.cpp:22]   --->   Operation 426 'and' 'and_ln22_3' <Predicate = (curr_tri_is_active)> <Delay = 0.33> <CoreInst = "LogicGate">   --->   Core 74 'LogicGate' <Latency = 0> <II = 1> <Delay = 0.33> <FuncUnit> <Opcode : 'and' 'or' 'xor'> <InPorts = 2> <OutPorts = 1>
ST_29 : Operation 427 [1/1] (0.33ns) (out node of the LUT)   --->   "%and_ln22_4 = and i1 %tmp_99, i1 %select_ln22_1" [top.cpp:22]   --->   Operation 427 'and' 'and_ln22_4' <Predicate = (curr_tri_is_active)> <Delay = 0.33> <CoreInst = "LogicGate">   --->   Core 74 'LogicGate' <Latency = 0> <II = 1> <Delay = 0.33> <FuncUnit> <Opcode : 'and' 'or' 'xor'> <InPorts = 2> <OutPorts = 1>
ST_29 : Operation 428 [1/1] (3.88ns)   --->   "%mul_ln22_7 = mul i64 %conv7_i911_i, i64 %sext_ln21_15" [top.cpp:22]   --->   Operation 428 'mul' 'mul_ln22_7' <Predicate = (curr_tri_is_active)> <Delay = 3.88> <CoreInst = "Multiplier">   --->   Core 3 'Multiplier' <Latency = 0> <II = 1> <Delay = 3.88> <FuncUnit> <Opcode : 'mul'> <InPorts = 2> <OutPorts = 1>
ST_29 : Operation 429 [1/1] (0.00ns)   --->   "%sext_ln22_8 = sext i65 %add_ln22_5" [top.cpp:22]   --->   Operation 429 'sext' 'sext_ln22_8' <Predicate = (curr_tri_is_active)> <Delay = 0.00>
ST_29 : Operation 430 [1/1] (0.00ns)   --->   "%sext_ln22_9 = sext i64 %mul_ln22_7" [top.cpp:22]   --->   Operation 430 'sext' 'sext_ln22_9' <Predicate = (curr_tri_is_active)> <Delay = 0.00>
ST_29 : Operation 431 [1/1] (1.47ns)   --->   "%add_ln22_6 = add i66 %sext_ln22_8, i66 %sext_ln22_9" [top.cpp:22]   --->   Operation 431 'add' 'add_ln22_6' <Predicate = (curr_tri_is_active)> <Delay = 1.47> <CoreInst = "Adder">   --->   Core 1 'Adder' <Latency = 0> <II = 1> <Delay = 1.47> <FuncUnit> <Opcode : 'add' 'sub'> <InPorts = 2> <OutPorts = 1>
ST_29 : Operation 432 [1/1] (0.00ns)   --->   "%tmp_116 = bitselect i1 @_ssdm_op_BitSelect.i1.i66.i32, i66 %add_ln22_6, i32 65" [top.cpp:22]   --->   Operation 432 'bitselect' 'tmp_116' <Predicate = (curr_tri_is_active)> <Delay = 0.00>
ST_29 : Operation 433 [1/1] (0.00ns)   --->   "%trunc_ln22_3 = partselect i32 @_ssdm_op_PartSelect.i32.i66.i32.i32, i66 %add_ln22_6, i32 16, i32 47" [top.cpp:22]   --->   Operation 433 'partselect' 'trunc_ln22_3' <Predicate = (curr_tri_is_active)> <Delay = 0.00>
ST_29 : Operation 434 [1/1] (0.00ns)   --->   "%tmp_117 = bitselect i1 @_ssdm_op_BitSelect.i1.i66.i32, i66 %add_ln22_6, i32 15" [top.cpp:22]   --->   Operation 434 'bitselect' 'tmp_117' <Predicate = (curr_tri_is_active)> <Delay = 0.00>
ST_29 : Operation 435 [1/1] (0.00ns) (grouped into LUT with out node and_ln22_6)   --->   "%tmp_118 = bitselect i1 @_ssdm_op_BitSelect.i1.i66.i32, i66 %add_ln22_6, i32 47" [top.cpp:22]   --->   Operation 435 'bitselect' 'tmp_118' <Predicate = (curr_tri_is_active)> <Delay = 0.00>
ST_29 : Operation 436 [1/1] (0.00ns)   --->   "%zext_ln22_1 = zext i1 %tmp_117" [top.cpp:22]   --->   Operation 436 'zext' 'zext_ln22_1' <Predicate = (curr_tri_is_active)> <Delay = 0.00>
ST_29 : Operation 437 [1/1] (1.20ns)   --->   "%add_ln22_7 = add i32 %trunc_ln22_3, i32 %zext_ln22_1" [top.cpp:22]   --->   Operation 437 'add' 'add_ln22_7' <Predicate = (curr_tri_is_active)> <Delay = 1.20> <CoreInst = "Adder">   --->   Core 1 'Adder' <Latency = 0> <II = 1> <Delay = 1.20> <FuncUnit> <Opcode : 'add' 'sub'> <InPorts = 2> <OutPorts = 1>
ST_29 : Operation 438 [1/1] (0.00ns)   --->   "%tmp_119 = bitselect i1 @_ssdm_op_BitSelect.i1.i32.i32, i32 %add_ln22_7, i32 31" [top.cpp:22]   --->   Operation 438 'bitselect' 'tmp_119' <Predicate = (curr_tri_is_active)> <Delay = 0.00>
ST_29 : Operation 439 [1/1] (0.00ns) (grouped into LUT with out node and_ln22_6)   --->   "%xor_ln22_5 = xor i1 %tmp_119, i1 1" [top.cpp:22]   --->   Operation 439 'xor' 'xor_ln22_5' <Predicate = (curr_tri_is_active)> <Delay = 0.00> <CoreInst = "LogicGate">   --->   Core 74 'LogicGate' <Latency = 0> <II = 1> <Delay = 0.33> <FuncUnit> <Opcode : 'and' 'or' 'xor'> <InPorts = 2> <OutPorts = 1>
ST_29 : Operation 440 [1/1] (0.33ns) (out node of the LUT)   --->   "%and_ln22_6 = and i1 %tmp_118, i1 %xor_ln22_5" [top.cpp:22]   --->   Operation 440 'and' 'and_ln22_6' <Predicate = (curr_tri_is_active)> <Delay = 0.33> <CoreInst = "LogicGate">   --->   Core 74 'LogicGate' <Latency = 0> <II = 1> <Delay = 0.33> <FuncUnit> <Opcode : 'and' 'or' 'xor'> <InPorts = 2> <OutPorts = 1>
ST_29 : Operation 441 [1/1] (0.00ns) (grouped into LUT with out node and_ln22_10)   --->   "%tmp_120 = bitselect i1 @_ssdm_op_BitSelect.i1.i66.i32, i66 %add_ln22_6, i32 48" [top.cpp:22]   --->   Operation 441 'bitselect' 'tmp_120' <Predicate = (curr_tri_is_active)> <Delay = 0.00>
ST_29 : Operation 442 [1/1] (0.00ns)   --->   "%tmp_22 = partselect i17 @_ssdm_op_PartSelect.i17.i66.i32.i32, i66 %add_ln22_6, i32 49, i32 65" [top.cpp:22]   --->   Operation 442 'partselect' 'tmp_22' <Predicate = (curr_tri_is_active)> <Delay = 0.00>
ST_29 : Operation 443 [1/1] (1.02ns)   --->   "%icmp_ln22_3 = icmp_eq  i17 %tmp_22, i17 131071" [top.cpp:22]   --->   Operation 443 'icmp' 'icmp_ln22_3' <Predicate = (curr_tri_is_active)> <Delay = 1.02> <CoreInst = "Cmp">   --->   Core 9 'Cmp' <Latency = 0> <II = 1> <Delay = 1.02> <FuncUnit> <Opcode : 'seteq' 'setne' 'setle' 'setge' 'setlt' 'setgt'> <InPorts = 2> <OutPorts = 1>
ST_29 : Operation 444 [1/1] (0.00ns)   --->   "%tmp_23 = partselect i18 @_ssdm_op_PartSelect.i18.i66.i32.i32, i66 %add_ln22_6, i32 48, i32 65" [top.cpp:22]   --->   Operation 444 'partselect' 'tmp_23' <Predicate = (curr_tri_is_active)> <Delay = 0.00>
ST_29 : Operation 445 [1/1] (1.03ns)   --->   "%icmp_ln22_4 = icmp_eq  i18 %tmp_23, i18 262143" [top.cpp:22]   --->   Operation 445 'icmp' 'icmp_ln22_4' <Predicate = (curr_tri_is_active)> <Delay = 1.03> <CoreInst = "Cmp">   --->   Core 9 'Cmp' <Latency = 0> <II = 1> <Delay = 1.03> <FuncUnit> <Opcode : 'seteq' 'setne' 'setle' 'setge' 'setlt' 'setgt'> <InPorts = 2> <OutPorts = 1>
ST_29 : Operation 446 [1/1] (1.03ns)   --->   "%icmp_ln22_5 = icmp_eq  i18 %tmp_23, i18 0" [top.cpp:22]   --->   Operation 446 'icmp' 'icmp_ln22_5' <Predicate = (curr_tri_is_active)> <Delay = 1.03> <CoreInst = "Cmp">   --->   Core 9 'Cmp' <Latency = 0> <II = 1> <Delay = 1.03> <FuncUnit> <Opcode : 'seteq' 'setne' 'setle' 'setge' 'setlt' 'setgt'> <InPorts = 2> <OutPorts = 1>
ST_29 : Operation 447 [1/1] (0.00ns) (grouped into LUT with out node and_ln22_9)   --->   "%select_ln22_4 = select i1 %and_ln22_6, i1 %icmp_ln22_4, i1 %icmp_ln22_5" [top.cpp:22]   --->   Operation 447 'select' 'select_ln22_4' <Predicate = (curr_tri_is_active)> <Delay = 0.00> <CoreInst = "Sel">   --->   Core 73 'Sel' <Latency = 0> <II = 1> <Delay = 0.26> <FuncUnit> <Opcode : 'select'> <InPorts = 3> <OutPorts = 1>
ST_29 : Operation 448 [1/1] (0.00ns) (grouped into LUT with out node and_ln22_10)   --->   "%xor_ln22_6 = xor i1 %tmp_120, i1 1" [top.cpp:22]   --->   Operation 448 'xor' 'xor_ln22_6' <Predicate = (curr_tri_is_active)> <Delay = 0.00> <CoreInst = "LogicGate">   --->   Core 74 'LogicGate' <Latency = 0> <II = 1> <Delay = 0.33> <FuncUnit> <Opcode : 'and' 'or' 'xor'> <InPorts = 2> <OutPorts = 1>
ST_29 : Operation 449 [1/1] (0.00ns) (grouped into LUT with out node and_ln22_10)   --->   "%and_ln22_7 = and i1 %icmp_ln22_3, i1 %xor_ln22_6" [top.cpp:22]   --->   Operation 449 'and' 'and_ln22_7' <Predicate = (curr_tri_is_active)> <Delay = 0.00> <CoreInst = "LogicGate">   --->   Core 74 'LogicGate' <Latency = 0> <II = 1> <Delay = 0.33> <FuncUnit> <Opcode : 'and' 'or' 'xor'> <InPorts = 2> <OutPorts = 1>
ST_29 : Operation 450 [1/1] (0.00ns) (grouped into LUT with out node and_ln22_10)   --->   "%select_ln22_5 = select i1 %and_ln22_6, i1 %and_ln22_7, i1 %icmp_ln22_4" [top.cpp:22]   --->   Operation 450 'select' 'select_ln22_5' <Predicate = (curr_tri_is_active)> <Delay = 0.00> <CoreInst = "Sel">   --->   Core 73 'Sel' <Latency = 0> <II = 1> <Delay = 0.26> <FuncUnit> <Opcode : 'select'> <InPorts = 3> <OutPorts = 1>
ST_29 : Operation 451 [1/1] (0.00ns) (grouped into LUT with out node and_ln22_9)   --->   "%xor_ln22_7 = xor i1 %select_ln22_4, i1 1" [top.cpp:22]   --->   Operation 451 'xor' 'xor_ln22_7' <Predicate = (curr_tri_is_active)> <Delay = 0.00> <CoreInst = "LogicGate">   --->   Core 74 'LogicGate' <Latency = 0> <II = 1> <Delay = 0.33> <FuncUnit> <Opcode : 'and' 'or' 'xor'> <InPorts = 2> <OutPorts = 1>
ST_29 : Operation 452 [1/1] (0.00ns) (grouped into LUT with out node and_ln22_9)   --->   "%or_ln22_2 = or i1 %tmp_119, i1 %xor_ln22_7" [top.cpp:22]   --->   Operation 452 'or' 'or_ln22_2' <Predicate = (curr_tri_is_active)> <Delay = 0.00> <CoreInst = "LogicGate">   --->   Core 74 'LogicGate' <Latency = 0> <II = 1> <Delay = 0.33> <FuncUnit> <Opcode : 'and' 'or' 'xor'> <InPorts = 2> <OutPorts = 1>
ST_29 : Operation 453 [1/1] (0.00ns) (grouped into LUT with out node and_ln22_9)   --->   "%xor_ln22_8 = xor i1 %tmp_116, i1 1" [top.cpp:22]   --->   Operation 453 'xor' 'xor_ln22_8' <Predicate = (curr_tri_is_active)> <Delay = 0.00> <CoreInst = "LogicGate">   --->   Core 74 'LogicGate' <Latency = 0> <II = 1> <Delay = 0.33> <FuncUnit> <Opcode : 'and' 'or' 'xor'> <InPorts = 2> <OutPorts = 1>
ST_29 : Operation 454 [1/1] (0.33ns) (out node of the LUT)   --->   "%and_ln22_9 = and i1 %or_ln22_2, i1 %xor_ln22_8" [top.cpp:22]   --->   Operation 454 'and' 'and_ln22_9' <Predicate = (curr_tri_is_active)> <Delay = 0.33> <CoreInst = "LogicGate">   --->   Core 74 'LogicGate' <Latency = 0> <II = 1> <Delay = 0.33> <FuncUnit> <Opcode : 'and' 'or' 'xor'> <InPorts = 2> <OutPorts = 1>
ST_29 : Operation 455 [1/1] (0.33ns) (out node of the LUT)   --->   "%and_ln22_10 = and i1 %tmp_119, i1 %select_ln22_5" [top.cpp:22]   --->   Operation 455 'and' 'and_ln22_10' <Predicate = (curr_tri_is_active)> <Delay = 0.33> <CoreInst = "LogicGate">   --->   Core 74 'LogicGate' <Latency = 0> <II = 1> <Delay = 0.33> <FuncUnit> <Opcode : 'and' 'or' 'xor'> <InPorts = 2> <OutPorts = 1>
ST_29 : Operation 456 [1/1] (3.88ns)   --->   "%mul_ln22_11 = mul i64 %conv7_i911_i, i64 %sext_ln21_24" [top.cpp:22]   --->   Operation 456 'mul' 'mul_ln22_11' <Predicate = (curr_tri_is_active)> <Delay = 3.88> <CoreInst = "Multiplier">   --->   Core 3 'Multiplier' <Latency = 0> <II = 1> <Delay = 3.88> <FuncUnit> <Opcode : 'mul'> <InPorts = 2> <OutPorts = 1>
ST_29 : Operation 457 [1/1] (0.00ns)   --->   "%sext_ln22_13 = sext i65 %add_ln22_9" [top.cpp:22]   --->   Operation 457 'sext' 'sext_ln22_13' <Predicate = (curr_tri_is_active)> <Delay = 0.00>
ST_29 : Operation 458 [1/1] (0.00ns)   --->   "%sext_ln22_14 = sext i64 %mul_ln22_11" [top.cpp:22]   --->   Operation 458 'sext' 'sext_ln22_14' <Predicate = (curr_tri_is_active)> <Delay = 0.00>
ST_29 : Operation 459 [1/1] (1.47ns)   --->   "%add_ln22_10 = add i66 %sext_ln22_13, i66 %sext_ln22_14" [top.cpp:22]   --->   Operation 459 'add' 'add_ln22_10' <Predicate = (curr_tri_is_active)> <Delay = 1.47> <CoreInst = "Adder">   --->   Core 1 'Adder' <Latency = 0> <II = 1> <Delay = 1.47> <FuncUnit> <Opcode : 'add' 'sub'> <InPorts = 2> <OutPorts = 1>
ST_29 : Operation 460 [1/1] (0.00ns)   --->   "%tmp_136 = bitselect i1 @_ssdm_op_BitSelect.i1.i66.i32, i66 %add_ln22_10, i32 65" [top.cpp:22]   --->   Operation 460 'bitselect' 'tmp_136' <Predicate = (curr_tri_is_active)> <Delay = 0.00>
ST_29 : Operation 461 [1/1] (0.00ns)   --->   "%trunc_ln22_5 = partselect i32 @_ssdm_op_PartSelect.i32.i66.i32.i32, i66 %add_ln22_10, i32 16, i32 47" [top.cpp:22]   --->   Operation 461 'partselect' 'trunc_ln22_5' <Predicate = (curr_tri_is_active)> <Delay = 0.00>
ST_29 : Operation 462 [1/1] (0.00ns)   --->   "%tmp_137 = bitselect i1 @_ssdm_op_BitSelect.i1.i66.i32, i66 %add_ln22_10, i32 15" [top.cpp:22]   --->   Operation 462 'bitselect' 'tmp_137' <Predicate = (curr_tri_is_active)> <Delay = 0.00>
ST_29 : Operation 463 [1/1] (0.00ns) (grouped into LUT with out node and_ln22_12)   --->   "%tmp_138 = bitselect i1 @_ssdm_op_BitSelect.i1.i66.i32, i66 %add_ln22_10, i32 47" [top.cpp:22]   --->   Operation 463 'bitselect' 'tmp_138' <Predicate = (curr_tri_is_active)> <Delay = 0.00>
ST_29 : Operation 464 [1/1] (0.00ns)   --->   "%zext_ln22_2 = zext i1 %tmp_137" [top.cpp:22]   --->   Operation 464 'zext' 'zext_ln22_2' <Predicate = (curr_tri_is_active)> <Delay = 0.00>
ST_29 : Operation 465 [1/1] (1.20ns)   --->   "%add_ln22_11 = add i32 %trunc_ln22_5, i32 %zext_ln22_2" [top.cpp:22]   --->   Operation 465 'add' 'add_ln22_11' <Predicate = (curr_tri_is_active)> <Delay = 1.20> <CoreInst = "Adder">   --->   Core 1 'Adder' <Latency = 0> <II = 1> <Delay = 1.20> <FuncUnit> <Opcode : 'add' 'sub'> <InPorts = 2> <OutPorts = 1>
ST_29 : Operation 466 [1/1] (0.00ns)   --->   "%tmp_139 = bitselect i1 @_ssdm_op_BitSelect.i1.i32.i32, i32 %add_ln22_11, i32 31" [top.cpp:22]   --->   Operation 466 'bitselect' 'tmp_139' <Predicate = (curr_tri_is_active)> <Delay = 0.00>
ST_29 : Operation 467 [1/1] (0.00ns) (grouped into LUT with out node and_ln22_12)   --->   "%xor_ln22_10 = xor i1 %tmp_139, i1 1" [top.cpp:22]   --->   Operation 467 'xor' 'xor_ln22_10' <Predicate = (curr_tri_is_active)> <Delay = 0.00> <CoreInst = "LogicGate">   --->   Core 74 'LogicGate' <Latency = 0> <II = 1> <Delay = 0.33> <FuncUnit> <Opcode : 'and' 'or' 'xor'> <InPorts = 2> <OutPorts = 1>
ST_29 : Operation 468 [1/1] (0.33ns) (out node of the LUT)   --->   "%and_ln22_12 = and i1 %tmp_138, i1 %xor_ln22_10" [top.cpp:22]   --->   Operation 468 'and' 'and_ln22_12' <Predicate = (curr_tri_is_active)> <Delay = 0.33> <CoreInst = "LogicGate">   --->   Core 74 'LogicGate' <Latency = 0> <II = 1> <Delay = 0.33> <FuncUnit> <Opcode : 'and' 'or' 'xor'> <InPorts = 2> <OutPorts = 1>
ST_29 : Operation 469 [1/1] (0.00ns) (grouped into LUT with out node and_ln22_16)   --->   "%tmp_140 = bitselect i1 @_ssdm_op_BitSelect.i1.i66.i32, i66 %add_ln22_10, i32 48" [top.cpp:22]   --->   Operation 469 'bitselect' 'tmp_140' <Predicate = (curr_tri_is_active)> <Delay = 0.00>
ST_29 : Operation 470 [1/1] (0.00ns)   --->   "%tmp_30 = partselect i17 @_ssdm_op_PartSelect.i17.i66.i32.i32, i66 %add_ln22_10, i32 49, i32 65" [top.cpp:22]   --->   Operation 470 'partselect' 'tmp_30' <Predicate = (curr_tri_is_active)> <Delay = 0.00>
ST_29 : Operation 471 [1/1] (1.02ns)   --->   "%icmp_ln22_6 = icmp_eq  i17 %tmp_30, i17 131071" [top.cpp:22]   --->   Operation 471 'icmp' 'icmp_ln22_6' <Predicate = (curr_tri_is_active)> <Delay = 1.02> <CoreInst = "Cmp">   --->   Core 9 'Cmp' <Latency = 0> <II = 1> <Delay = 1.02> <FuncUnit> <Opcode : 'seteq' 'setne' 'setle' 'setge' 'setlt' 'setgt'> <InPorts = 2> <OutPorts = 1>
ST_29 : Operation 472 [1/1] (0.00ns)   --->   "%tmp_31 = partselect i18 @_ssdm_op_PartSelect.i18.i66.i32.i32, i66 %add_ln22_10, i32 48, i32 65" [top.cpp:22]   --->   Operation 472 'partselect' 'tmp_31' <Predicate = (curr_tri_is_active)> <Delay = 0.00>
ST_29 : Operation 473 [1/1] (1.03ns)   --->   "%icmp_ln22_7 = icmp_eq  i18 %tmp_31, i18 262143" [top.cpp:22]   --->   Operation 473 'icmp' 'icmp_ln22_7' <Predicate = (curr_tri_is_active)> <Delay = 1.03> <CoreInst = "Cmp">   --->   Core 9 'Cmp' <Latency = 0> <II = 1> <Delay = 1.03> <FuncUnit> <Opcode : 'seteq' 'setne' 'setle' 'setge' 'setlt' 'setgt'> <InPorts = 2> <OutPorts = 1>
ST_29 : Operation 474 [1/1] (1.03ns)   --->   "%icmp_ln22_8 = icmp_eq  i18 %tmp_31, i18 0" [top.cpp:22]   --->   Operation 474 'icmp' 'icmp_ln22_8' <Predicate = (curr_tri_is_active)> <Delay = 1.03> <CoreInst = "Cmp">   --->   Core 9 'Cmp' <Latency = 0> <II = 1> <Delay = 1.03> <FuncUnit> <Opcode : 'seteq' 'setne' 'setle' 'setge' 'setlt' 'setgt'> <InPorts = 2> <OutPorts = 1>
ST_29 : Operation 475 [1/1] (0.00ns) (grouped into LUT with out node and_ln22_15)   --->   "%select_ln22_8 = select i1 %and_ln22_12, i1 %icmp_ln22_7, i1 %icmp_ln22_8" [top.cpp:22]   --->   Operation 475 'select' 'select_ln22_8' <Predicate = (curr_tri_is_active)> <Delay = 0.00> <CoreInst = "Sel">   --->   Core 73 'Sel' <Latency = 0> <II = 1> <Delay = 0.26> <FuncUnit> <Opcode : 'select'> <InPorts = 3> <OutPorts = 1>
ST_29 : Operation 476 [1/1] (0.00ns) (grouped into LUT with out node and_ln22_16)   --->   "%xor_ln22_11 = xor i1 %tmp_140, i1 1" [top.cpp:22]   --->   Operation 476 'xor' 'xor_ln22_11' <Predicate = (curr_tri_is_active)> <Delay = 0.00> <CoreInst = "LogicGate">   --->   Core 74 'LogicGate' <Latency = 0> <II = 1> <Delay = 0.33> <FuncUnit> <Opcode : 'and' 'or' 'xor'> <InPorts = 2> <OutPorts = 1>
ST_29 : Operation 477 [1/1] (0.00ns) (grouped into LUT with out node and_ln22_16)   --->   "%and_ln22_13 = and i1 %icmp_ln22_6, i1 %xor_ln22_11" [top.cpp:22]   --->   Operation 477 'and' 'and_ln22_13' <Predicate = (curr_tri_is_active)> <Delay = 0.00> <CoreInst = "LogicGate">   --->   Core 74 'LogicGate' <Latency = 0> <II = 1> <Delay = 0.33> <FuncUnit> <Opcode : 'and' 'or' 'xor'> <InPorts = 2> <OutPorts = 1>
ST_29 : Operation 478 [1/1] (0.00ns) (grouped into LUT with out node and_ln22_16)   --->   "%select_ln22_9 = select i1 %and_ln22_12, i1 %and_ln22_13, i1 %icmp_ln22_7" [top.cpp:22]   --->   Operation 478 'select' 'select_ln22_9' <Predicate = (curr_tri_is_active)> <Delay = 0.00> <CoreInst = "Sel">   --->   Core 73 'Sel' <Latency = 0> <II = 1> <Delay = 0.26> <FuncUnit> <Opcode : 'select'> <InPorts = 3> <OutPorts = 1>
ST_29 : Operation 479 [1/1] (0.00ns) (grouped into LUT with out node and_ln22_15)   --->   "%xor_ln22_12 = xor i1 %select_ln22_8, i1 1" [top.cpp:22]   --->   Operation 479 'xor' 'xor_ln22_12' <Predicate = (curr_tri_is_active)> <Delay = 0.00> <CoreInst = "LogicGate">   --->   Core 74 'LogicGate' <Latency = 0> <II = 1> <Delay = 0.33> <FuncUnit> <Opcode : 'and' 'or' 'xor'> <InPorts = 2> <OutPorts = 1>
ST_29 : Operation 480 [1/1] (0.00ns) (grouped into LUT with out node and_ln22_15)   --->   "%or_ln22_4 = or i1 %tmp_139, i1 %xor_ln22_12" [top.cpp:22]   --->   Operation 480 'or' 'or_ln22_4' <Predicate = (curr_tri_is_active)> <Delay = 0.00> <CoreInst = "LogicGate">   --->   Core 74 'LogicGate' <Latency = 0> <II = 1> <Delay = 0.33> <FuncUnit> <Opcode : 'and' 'or' 'xor'> <InPorts = 2> <OutPorts = 1>
ST_29 : Operation 481 [1/1] (0.00ns) (grouped into LUT with out node and_ln22_15)   --->   "%xor_ln22_13 = xor i1 %tmp_136, i1 1" [top.cpp:22]   --->   Operation 481 'xor' 'xor_ln22_13' <Predicate = (curr_tri_is_active)> <Delay = 0.00> <CoreInst = "LogicGate">   --->   Core 74 'LogicGate' <Latency = 0> <II = 1> <Delay = 0.33> <FuncUnit> <Opcode : 'and' 'or' 'xor'> <InPorts = 2> <OutPorts = 1>
ST_29 : Operation 482 [1/1] (0.33ns) (out node of the LUT)   --->   "%and_ln22_15 = and i1 %or_ln22_4, i1 %xor_ln22_13" [top.cpp:22]   --->   Operation 482 'and' 'and_ln22_15' <Predicate = (curr_tri_is_active)> <Delay = 0.33> <CoreInst = "LogicGate">   --->   Core 74 'LogicGate' <Latency = 0> <II = 1> <Delay = 0.33> <FuncUnit> <Opcode : 'and' 'or' 'xor'> <InPorts = 2> <OutPorts = 1>
ST_29 : Operation 483 [1/1] (0.33ns) (out node of the LUT)   --->   "%and_ln22_16 = and i1 %tmp_139, i1 %select_ln22_9" [top.cpp:22]   --->   Operation 483 'and' 'and_ln22_16' <Predicate = (curr_tri_is_active)> <Delay = 0.33> <CoreInst = "LogicGate">   --->   Core 74 'LogicGate' <Latency = 0> <II = 1> <Delay = 0.33> <FuncUnit> <Opcode : 'and' 'or' 'xor'> <InPorts = 2> <OutPorts = 1>

State 30 <SV = 29> <Delay = 7.30>
ST_30 : Operation 484 [1/1] (7.30ns)   --->   "%gmem2_addr_read_9 = read i32 @_ssdm_op_Read.m_axi.p1i32, i32 %gmem2_addr" [top.cpp:6]   --->   Operation 484 'read' 'gmem2_addr_read_9' <Predicate = (curr_tri_is_active)> <Delay = 7.30> <CoreInst = "m_axi">   --->   Core 119 'm_axi' <Latency = 3> <II = 1> <Delay = 1.00> <Adapter> <Opcode : 'read' 'write' 'readreq' 'writereq' 'writeresp'>
ST_30 : Operation 485 [1/1] (0.00ns)   --->   "%conv7_i722_i = sext i32 %gmem2_addr_read_8" [top.cpp:6]   --->   Operation 485 'sext' 'conv7_i722_i' <Predicate = (curr_tri_is_active)> <Delay = 0.00>
ST_30 : Operation 486 [1/1] (0.00ns) (grouped into LUT with out node or_ln22_1)   --->   "%and_ln22_2 = and i1 %and_ln22, i1 %icmp_ln22_1" [top.cpp:22]   --->   Operation 486 'and' 'and_ln22_2' <Predicate = (curr_tri_is_active)> <Delay = 0.00> <CoreInst = "LogicGate">   --->   Core 74 'LogicGate' <Latency = 0> <II = 1> <Delay = 0.33> <FuncUnit> <Opcode : 'and' 'or' 'xor'> <InPorts = 2> <OutPorts = 1>
ST_30 : Operation 487 [1/1] (0.00ns) (grouped into LUT with out node or_ln22_1)   --->   "%or_ln22_6 = or i1 %and_ln22_2, i1 %and_ln22_4" [top.cpp:22]   --->   Operation 487 'or' 'or_ln22_6' <Predicate = (curr_tri_is_active)> <Delay = 0.00> <CoreInst = "LogicGate">   --->   Core 74 'LogicGate' <Latency = 0> <II = 1> <Delay = 0.33> <FuncUnit> <Opcode : 'and' 'or' 'xor'> <InPorts = 2> <OutPorts = 1>
ST_30 : Operation 488 [1/1] (0.00ns) (grouped into LUT with out node or_ln22_1)   --->   "%xor_ln22_4 = xor i1 %or_ln22_6, i1 1" [top.cpp:22]   --->   Operation 488 'xor' 'xor_ln22_4' <Predicate = (curr_tri_is_active)> <Delay = 0.00> <CoreInst = "LogicGate">   --->   Core 74 'LogicGate' <Latency = 0> <II = 1> <Delay = 0.33> <FuncUnit> <Opcode : 'and' 'or' 'xor'> <InPorts = 2> <OutPorts = 1>
ST_30 : Operation 489 [1/1] (0.00ns) (grouped into LUT with out node or_ln22_1)   --->   "%and_ln22_5 = and i1 %tmp_96, i1 %xor_ln22_4" [top.cpp:22]   --->   Operation 489 'and' 'and_ln22_5' <Predicate = (curr_tri_is_active)> <Delay = 0.00> <CoreInst = "LogicGate">   --->   Core 74 'LogicGate' <Latency = 0> <II = 1> <Delay = 0.33> <FuncUnit> <Opcode : 'and' 'or' 'xor'> <InPorts = 2> <OutPorts = 1>
ST_30 : Operation 490 [1/1] (0.00ns) (grouped into LUT with out node out_verts_y)   --->   "%select_ln22_2 = select i1 %and_ln22_3, i32 2147483647, i32 2147483648" [top.cpp:22]   --->   Operation 490 'select' 'select_ln22_2' <Predicate = (curr_tri_is_active)> <Delay = 0.00> <CoreInst = "Sel">   --->   Core 73 'Sel' <Latency = 0> <II = 1> <Delay = 0.52> <FuncUnit> <Opcode : 'select'> <InPorts = 3> <OutPorts = 1>
ST_30 : Operation 491 [1/1] (0.33ns) (out node of the LUT)   --->   "%or_ln22_1 = or i1 %and_ln22_3, i1 %and_ln22_5" [top.cpp:22]   --->   Operation 491 'or' 'or_ln22_1' <Predicate = (curr_tri_is_active)> <Delay = 0.33> <CoreInst = "LogicGate">   --->   Core 74 'LogicGate' <Latency = 0> <II = 1> <Delay = 0.33> <FuncUnit> <Opcode : 'and' 'or' 'xor'> <InPorts = 2> <OutPorts = 1>
ST_30 : Operation 492 [1/1] (0.52ns) (out node of the LUT)   --->   "%out_verts_y = select i1 %or_ln22_1, i32 %select_ln22_2, i32 %add_ln22_3" [top.cpp:22]   --->   Operation 492 'select' 'out_verts_y' <Predicate = (curr_tri_is_active)> <Delay = 0.52> <CoreInst = "Sel">   --->   Core 73 'Sel' <Latency = 0> <II = 1> <Delay = 0.52> <FuncUnit> <Opcode : 'select'> <InPorts = 3> <OutPorts = 1>
ST_30 : Operation 493 [1/1] (3.88ns)   --->   "%mul_ln23 = mul i64 %conv7_i722_i, i64 %sext_ln21" [top.cpp:23]   --->   Operation 493 'mul' 'mul_ln23' <Predicate = (curr_tri_is_active)> <Delay = 3.88> <CoreInst = "Multiplier">   --->   Core 3 'Multiplier' <Latency = 0> <II = 1> <Delay = 3.88> <FuncUnit> <Opcode : 'mul'> <InPorts = 2> <OutPorts = 1>
ST_30 : Operation 494 [1/1] (0.00ns) (grouped into LUT with out node or_ln22_3)   --->   "%and_ln22_8 = and i1 %and_ln22_6, i1 %icmp_ln22_4" [top.cpp:22]   --->   Operation 494 'and' 'and_ln22_8' <Predicate = (curr_tri_is_active)> <Delay = 0.00> <CoreInst = "LogicGate">   --->   Core 74 'LogicGate' <Latency = 0> <II = 1> <Delay = 0.33> <FuncUnit> <Opcode : 'and' 'or' 'xor'> <InPorts = 2> <OutPorts = 1>
ST_30 : Operation 495 [1/1] (0.00ns) (grouped into LUT with out node or_ln22_3)   --->   "%or_ln22_7 = or i1 %and_ln22_8, i1 %and_ln22_10" [top.cpp:22]   --->   Operation 495 'or' 'or_ln22_7' <Predicate = (curr_tri_is_active)> <Delay = 0.00> <CoreInst = "LogicGate">   --->   Core 74 'LogicGate' <Latency = 0> <II = 1> <Delay = 0.33> <FuncUnit> <Opcode : 'and' 'or' 'xor'> <InPorts = 2> <OutPorts = 1>
ST_30 : Operation 496 [1/1] (0.00ns) (grouped into LUT with out node or_ln22_3)   --->   "%xor_ln22_9 = xor i1 %or_ln22_7, i1 1" [top.cpp:22]   --->   Operation 496 'xor' 'xor_ln22_9' <Predicate = (curr_tri_is_active)> <Delay = 0.00> <CoreInst = "LogicGate">   --->   Core 74 'LogicGate' <Latency = 0> <II = 1> <Delay = 0.33> <FuncUnit> <Opcode : 'and' 'or' 'xor'> <InPorts = 2> <OutPorts = 1>
ST_30 : Operation 497 [1/1] (0.00ns) (grouped into LUT with out node or_ln22_3)   --->   "%and_ln22_11 = and i1 %tmp_116, i1 %xor_ln22_9" [top.cpp:22]   --->   Operation 497 'and' 'and_ln22_11' <Predicate = (curr_tri_is_active)> <Delay = 0.00> <CoreInst = "LogicGate">   --->   Core 74 'LogicGate' <Latency = 0> <II = 1> <Delay = 0.33> <FuncUnit> <Opcode : 'and' 'or' 'xor'> <InPorts = 2> <OutPorts = 1>
ST_30 : Operation 498 [1/1] (0.00ns) (grouped into LUT with out node out_verts_y_3)   --->   "%select_ln22_6 = select i1 %and_ln22_9, i32 2147483647, i32 2147483648" [top.cpp:22]   --->   Operation 498 'select' 'select_ln22_6' <Predicate = (curr_tri_is_active)> <Delay = 0.00> <CoreInst = "Sel">   --->   Core 73 'Sel' <Latency = 0> <II = 1> <Delay = 0.52> <FuncUnit> <Opcode : 'select'> <InPorts = 3> <OutPorts = 1>
ST_30 : Operation 499 [1/1] (0.33ns) (out node of the LUT)   --->   "%or_ln22_3 = or i1 %and_ln22_9, i1 %and_ln22_11" [top.cpp:22]   --->   Operation 499 'or' 'or_ln22_3' <Predicate = (curr_tri_is_active)> <Delay = 0.33> <CoreInst = "LogicGate">   --->   Core 74 'LogicGate' <Latency = 0> <II = 1> <Delay = 0.33> <FuncUnit> <Opcode : 'and' 'or' 'xor'> <InPorts = 2> <OutPorts = 1>
ST_30 : Operation 500 [1/1] (0.52ns) (out node of the LUT)   --->   "%out_verts_y_3 = select i1 %or_ln22_3, i32 %select_ln22_6, i32 %add_ln22_7" [top.cpp:22]   --->   Operation 500 'select' 'out_verts_y_3' <Predicate = (curr_tri_is_active)> <Delay = 0.52> <CoreInst = "Sel">   --->   Core 73 'Sel' <Latency = 0> <II = 1> <Delay = 0.52> <FuncUnit> <Opcode : 'select'> <InPorts = 3> <OutPorts = 1>
ST_30 : Operation 501 [1/1] (3.88ns)   --->   "%mul_ln23_4 = mul i64 %conv7_i722_i, i64 %sext_ln21_9" [top.cpp:23]   --->   Operation 501 'mul' 'mul_ln23_4' <Predicate = (curr_tri_is_active)> <Delay = 3.88> <CoreInst = "Multiplier">   --->   Core 3 'Multiplier' <Latency = 0> <II = 1> <Delay = 3.88> <FuncUnit> <Opcode : 'mul'> <InPorts = 2> <OutPorts = 1>
ST_30 : Operation 502 [1/1] (0.00ns) (grouped into LUT with out node or_ln22_5)   --->   "%and_ln22_14 = and i1 %and_ln22_12, i1 %icmp_ln22_7" [top.cpp:22]   --->   Operation 502 'and' 'and_ln22_14' <Predicate = (curr_tri_is_active)> <Delay = 0.00> <CoreInst = "LogicGate">   --->   Core 74 'LogicGate' <Latency = 0> <II = 1> <Delay = 0.33> <FuncUnit> <Opcode : 'and' 'or' 'xor'> <InPorts = 2> <OutPorts = 1>
ST_30 : Operation 503 [1/1] (0.00ns) (grouped into LUT with out node or_ln22_5)   --->   "%or_ln22_8 = or i1 %and_ln22_14, i1 %and_ln22_16" [top.cpp:22]   --->   Operation 503 'or' 'or_ln22_8' <Predicate = (curr_tri_is_active)> <Delay = 0.00> <CoreInst = "LogicGate">   --->   Core 74 'LogicGate' <Latency = 0> <II = 1> <Delay = 0.33> <FuncUnit> <Opcode : 'and' 'or' 'xor'> <InPorts = 2> <OutPorts = 1>
ST_30 : Operation 504 [1/1] (0.00ns) (grouped into LUT with out node or_ln22_5)   --->   "%xor_ln22_14 = xor i1 %or_ln22_8, i1 1" [top.cpp:22]   --->   Operation 504 'xor' 'xor_ln22_14' <Predicate = (curr_tri_is_active)> <Delay = 0.00> <CoreInst = "LogicGate">   --->   Core 74 'LogicGate' <Latency = 0> <II = 1> <Delay = 0.33> <FuncUnit> <Opcode : 'and' 'or' 'xor'> <InPorts = 2> <OutPorts = 1>
ST_30 : Operation 505 [1/1] (0.00ns) (grouped into LUT with out node or_ln22_5)   --->   "%and_ln22_17 = and i1 %tmp_136, i1 %xor_ln22_14" [top.cpp:22]   --->   Operation 505 'and' 'and_ln22_17' <Predicate = (curr_tri_is_active)> <Delay = 0.00> <CoreInst = "LogicGate">   --->   Core 74 'LogicGate' <Latency = 0> <II = 1> <Delay = 0.33> <FuncUnit> <Opcode : 'and' 'or' 'xor'> <InPorts = 2> <OutPorts = 1>
ST_30 : Operation 506 [1/1] (0.00ns) (grouped into LUT with out node out_verts_y_4)   --->   "%select_ln22_10 = select i1 %and_ln22_15, i32 2147483647, i32 2147483648" [top.cpp:22]   --->   Operation 506 'select' 'select_ln22_10' <Predicate = (curr_tri_is_active)> <Delay = 0.00> <CoreInst = "Sel">   --->   Core 73 'Sel' <Latency = 0> <II = 1> <Delay = 0.52> <FuncUnit> <Opcode : 'select'> <InPorts = 3> <OutPorts = 1>
ST_30 : Operation 507 [1/1] (0.33ns) (out node of the LUT)   --->   "%or_ln22_5 = or i1 %and_ln22_15, i1 %and_ln22_17" [top.cpp:22]   --->   Operation 507 'or' 'or_ln22_5' <Predicate = (curr_tri_is_active)> <Delay = 0.33> <CoreInst = "LogicGate">   --->   Core 74 'LogicGate' <Latency = 0> <II = 1> <Delay = 0.33> <FuncUnit> <Opcode : 'and' 'or' 'xor'> <InPorts = 2> <OutPorts = 1>
ST_30 : Operation 508 [1/1] (0.52ns) (out node of the LUT)   --->   "%out_verts_y_4 = select i1 %or_ln22_5, i32 %select_ln22_10, i32 %add_ln22_11" [top.cpp:22]   --->   Operation 508 'select' 'out_verts_y_4' <Predicate = (curr_tri_is_active)> <Delay = 0.52> <CoreInst = "Sel">   --->   Core 73 'Sel' <Latency = 0> <II = 1> <Delay = 0.52> <FuncUnit> <Opcode : 'select'> <InPorts = 3> <OutPorts = 1>
ST_30 : Operation 509 [1/1] (3.88ns)   --->   "%mul_ln23_8 = mul i64 %conv7_i722_i, i64 %sext_ln21_18" [top.cpp:23]   --->   Operation 509 'mul' 'mul_ln23_8' <Predicate = (curr_tri_is_active)> <Delay = 3.88> <CoreInst = "Multiplier">   --->   Core 3 'Multiplier' <Latency = 0> <II = 1> <Delay = 3.88> <FuncUnit> <Opcode : 'mul'> <InPorts = 2> <OutPorts = 1>
ST_30 : Operation 510 [1/1] (0.00ns)   --->   "%curr_tri_v0_y_3 = phi i32 %out_verts_y, void %VITIS_LOOP_20_2.i, i32 %curr_tri_v0_y_4, void %for.body.split._crit_edge.i"   --->   Operation 510 'phi' 'curr_tri_v0_y_3' <Predicate = true> <Delay = 0.00>
ST_30 : Operation 511 [1/1] (0.00ns)   --->   "%curr_tri_v1_y_3 = phi i32 %out_verts_y_3, void %VITIS_LOOP_20_2.i, i32 %curr_tri_v1_y_4, void %for.body.split._crit_edge.i"   --->   Operation 511 'phi' 'curr_tri_v1_y_3' <Predicate = true> <Delay = 0.00>
ST_30 : Operation 512 [1/1] (0.00ns)   --->   "%curr_tri_v2_y_3 = phi i32 %out_verts_y_4, void %VITIS_LOOP_20_2.i, i32 %curr_tri_v2_y_4, void %for.body.split._crit_edge.i"   --->   Operation 512 'phi' 'curr_tri_v2_y_3' <Predicate = true> <Delay = 0.00>

State 31 <SV = 30> <Delay = 7.30>
ST_31 : Operation 513 [1/1] (7.30ns)   --->   "%gmem2_addr_read_10 = read i32 @_ssdm_op_Read.m_axi.p1i32, i32 %gmem2_addr" [top.cpp:6]   --->   Operation 513 'read' 'gmem2_addr_read_10' <Predicate = (curr_tri_is_active)> <Delay = 7.30> <CoreInst = "m_axi">   --->   Core 119 'm_axi' <Latency = 3> <II = 1> <Delay = 1.00> <Adapter> <Opcode : 'read' 'write' 'readreq' 'writereq' 'writeresp'>
ST_31 : Operation 514 [1/1] (0.00ns)   --->   "%conv7_i683_i = sext i32 %gmem2_addr_read_9" [top.cpp:6]   --->   Operation 514 'sext' 'conv7_i683_i' <Predicate = (curr_tri_is_active)> <Delay = 0.00>
ST_31 : Operation 515 [1/1] (3.88ns)   --->   "%mul_ln23_1 = mul i64 %conv7_i683_i, i64 %sext_ln21_1" [top.cpp:23]   --->   Operation 515 'mul' 'mul_ln23_1' <Predicate = (curr_tri_is_active)> <Delay = 3.88> <CoreInst = "Multiplier">   --->   Core 3 'Multiplier' <Latency = 0> <II = 1> <Delay = 3.88> <FuncUnit> <Opcode : 'mul'> <InPorts = 2> <OutPorts = 1>
ST_31 : Operation 516 [1/1] (3.88ns)   --->   "%mul_ln23_5 = mul i64 %conv7_i683_i, i64 %sext_ln21_10" [top.cpp:23]   --->   Operation 516 'mul' 'mul_ln23_5' <Predicate = (curr_tri_is_active)> <Delay = 3.88> <CoreInst = "Multiplier">   --->   Core 3 'Multiplier' <Latency = 0> <II = 1> <Delay = 3.88> <FuncUnit> <Opcode : 'mul'> <InPorts = 2> <OutPorts = 1>
ST_31 : Operation 517 [1/1] (3.88ns)   --->   "%mul_ln23_9 = mul i64 %conv7_i683_i, i64 %sext_ln21_19" [top.cpp:23]   --->   Operation 517 'mul' 'mul_ln23_9' <Predicate = (curr_tri_is_active)> <Delay = 3.88> <CoreInst = "Multiplier">   --->   Core 3 'Multiplier' <Latency = 0> <II = 1> <Delay = 3.88> <FuncUnit> <Opcode : 'mul'> <InPorts = 2> <OutPorts = 1>

State 32 <SV = 31> <Delay = 7.30>
ST_32 : Operation 518 [1/1] (7.30ns)   --->   "%gmem2_addr_read_11 = read i32 @_ssdm_op_Read.m_axi.p1i32, i32 %gmem2_addr" [top.cpp:6]   --->   Operation 518 'read' 'gmem2_addr_read_11' <Predicate = (curr_tri_is_active)> <Delay = 7.30> <CoreInst = "m_axi">   --->   Core 119 'm_axi' <Latency = 3> <II = 1> <Delay = 1.00> <Adapter> <Opcode : 'read' 'write' 'readreq' 'writereq' 'writeresp'>
ST_32 : Operation 519 [1/1] (0.00ns)   --->   "%conv7_i594_i = sext i32 %gmem2_addr_read_10" [top.cpp:6]   --->   Operation 519 'sext' 'conv7_i594_i' <Predicate = (curr_tri_is_active)> <Delay = 0.00>
ST_32 : Operation 520 [1/1] (0.00ns)   --->   "%sext_ln23 = sext i64 %mul_ln23" [top.cpp:23]   --->   Operation 520 'sext' 'sext_ln23' <Predicate = (curr_tri_is_active)> <Delay = 0.00>
ST_32 : Operation 521 [1/1] (0.00ns)   --->   "%sext_ln23_1 = sext i64 %mul_ln23_1" [top.cpp:23]   --->   Operation 521 'sext' 'sext_ln23_1' <Predicate = (curr_tri_is_active)> <Delay = 0.00>
ST_32 : Operation 522 [1/1] (3.88ns)   --->   "%mul_ln23_2 = mul i64 %conv7_i594_i, i64 %sext_ln21_4" [top.cpp:23]   --->   Operation 522 'mul' 'mul_ln23_2' <Predicate = (curr_tri_is_active)> <Delay = 3.88> <CoreInst = "Multiplier">   --->   Core 3 'Multiplier' <Latency = 0> <II = 1> <Delay = 3.88> <FuncUnit> <Opcode : 'mul'> <InPorts = 2> <OutPorts = 1>
ST_32 : Operation 523 [1/1] (0.00ns)   --->   "%sext_ln23_2 = sext i64 %mul_ln23_2" [top.cpp:23]   --->   Operation 523 'sext' 'sext_ln23_2' <Predicate = (curr_tri_is_active)> <Delay = 0.00>
ST_32 : Operation 524 [1/1] (0.00ns) (grouped into TernaryAdder)   --->   "%add_ln23 = add i65 %sext_ln23, i65 %sext_ln23_2" [top.cpp:23]   --->   Operation 524 'add' 'add_ln23' <Predicate = (curr_tri_is_active)> <Delay = 0.00> <CoreInst = "TAddSub">   --->   Core 10 'TAddSub' <Latency = 0> <II = 1> <Delay = 0.50> <IPBlock> <Opcode : 'add' 'sub'> <InPorts = 3> <OutPorts = 1> <Sync> <CReg>
ST_32 : Operation 525 [1/1] (1.01ns) (root node of TernaryAdder)   --->   "%add_ln23_1 = add i65 %add_ln23, i65 %sext_ln23_1" [top.cpp:23]   --->   Operation 525 'add' 'add_ln23_1' <Predicate = (curr_tri_is_active)> <Delay = 1.01> <CoreInst = "TAddSub">   --->   Core 10 'TAddSub' <Latency = 0> <II = 1> <Delay = 0.50> <IPBlock> <Opcode : 'add' 'sub'> <InPorts = 3> <OutPorts = 1> <Sync> <CReg>
ST_32 : Operation 526 [1/1] (0.00ns)   --->   "%sext_ln23_5 = sext i64 %mul_ln23_4" [top.cpp:23]   --->   Operation 526 'sext' 'sext_ln23_5' <Predicate = (curr_tri_is_active)> <Delay = 0.00>
ST_32 : Operation 527 [1/1] (0.00ns)   --->   "%sext_ln23_6 = sext i64 %mul_ln23_5" [top.cpp:23]   --->   Operation 527 'sext' 'sext_ln23_6' <Predicate = (curr_tri_is_active)> <Delay = 0.00>
ST_32 : Operation 528 [1/1] (3.88ns)   --->   "%mul_ln23_6 = mul i64 %conv7_i594_i, i64 %sext_ln21_13" [top.cpp:23]   --->   Operation 528 'mul' 'mul_ln23_6' <Predicate = (curr_tri_is_active)> <Delay = 3.88> <CoreInst = "Multiplier">   --->   Core 3 'Multiplier' <Latency = 0> <II = 1> <Delay = 3.88> <FuncUnit> <Opcode : 'mul'> <InPorts = 2> <OutPorts = 1>
ST_32 : Operation 529 [1/1] (0.00ns)   --->   "%sext_ln23_7 = sext i64 %mul_ln23_6" [top.cpp:23]   --->   Operation 529 'sext' 'sext_ln23_7' <Predicate = (curr_tri_is_active)> <Delay = 0.00>
ST_32 : Operation 530 [1/1] (0.00ns) (grouped into TernaryAdder)   --->   "%add_ln23_4 = add i65 %sext_ln23_5, i65 %sext_ln23_7" [top.cpp:23]   --->   Operation 530 'add' 'add_ln23_4' <Predicate = (curr_tri_is_active)> <Delay = 0.00> <CoreInst = "TAddSub">   --->   Core 10 'TAddSub' <Latency = 0> <II = 1> <Delay = 0.50> <IPBlock> <Opcode : 'add' 'sub'> <InPorts = 3> <OutPorts = 1> <Sync> <CReg>
ST_32 : Operation 531 [1/1] (1.01ns) (root node of TernaryAdder)   --->   "%add_ln23_5 = add i65 %add_ln23_4, i65 %sext_ln23_6" [top.cpp:23]   --->   Operation 531 'add' 'add_ln23_5' <Predicate = (curr_tri_is_active)> <Delay = 1.01> <CoreInst = "TAddSub">   --->   Core 10 'TAddSub' <Latency = 0> <II = 1> <Delay = 0.50> <IPBlock> <Opcode : 'add' 'sub'> <InPorts = 3> <OutPorts = 1> <Sync> <CReg>
ST_32 : Operation 532 [1/1] (0.00ns)   --->   "%sext_ln23_10 = sext i64 %mul_ln23_8" [top.cpp:23]   --->   Operation 532 'sext' 'sext_ln23_10' <Predicate = (curr_tri_is_active)> <Delay = 0.00>
ST_32 : Operation 533 [1/1] (0.00ns)   --->   "%sext_ln23_11 = sext i64 %mul_ln23_9" [top.cpp:23]   --->   Operation 533 'sext' 'sext_ln23_11' <Predicate = (curr_tri_is_active)> <Delay = 0.00>
ST_32 : Operation 534 [1/1] (3.88ns)   --->   "%mul_ln23_10 = mul i64 %conv7_i594_i, i64 %sext_ln21_22" [top.cpp:23]   --->   Operation 534 'mul' 'mul_ln23_10' <Predicate = (curr_tri_is_active)> <Delay = 3.88> <CoreInst = "Multiplier">   --->   Core 3 'Multiplier' <Latency = 0> <II = 1> <Delay = 3.88> <FuncUnit> <Opcode : 'mul'> <InPorts = 2> <OutPorts = 1>
ST_32 : Operation 535 [1/1] (0.00ns)   --->   "%sext_ln23_12 = sext i64 %mul_ln23_10" [top.cpp:23]   --->   Operation 535 'sext' 'sext_ln23_12' <Predicate = (curr_tri_is_active)> <Delay = 0.00>
ST_32 : Operation 536 [1/1] (0.00ns) (grouped into TernaryAdder)   --->   "%add_ln23_8 = add i65 %sext_ln23_10, i65 %sext_ln23_12" [top.cpp:23]   --->   Operation 536 'add' 'add_ln23_8' <Predicate = (curr_tri_is_active)> <Delay = 0.00> <CoreInst = "TAddSub">   --->   Core 10 'TAddSub' <Latency = 0> <II = 1> <Delay = 0.50> <IPBlock> <Opcode : 'add' 'sub'> <InPorts = 3> <OutPorts = 1> <Sync> <CReg>
ST_32 : Operation 537 [1/1] (1.01ns) (root node of TernaryAdder)   --->   "%add_ln23_9 = add i65 %add_ln23_8, i65 %sext_ln23_11" [top.cpp:23]   --->   Operation 537 'add' 'add_ln23_9' <Predicate = (curr_tri_is_active)> <Delay = 1.01> <CoreInst = "TAddSub">   --->   Core 10 'TAddSub' <Latency = 0> <II = 1> <Delay = 0.50> <IPBlock> <Opcode : 'add' 'sub'> <InPorts = 3> <OutPorts = 1> <Sync> <CReg>

State 33 <SV = 32> <Delay = 7.30>
ST_33 : Operation 538 [1/1] (7.30ns)   --->   "%gmem2_addr_read_12 = read i32 @_ssdm_op_Read.m_axi.p1i32, i32 %gmem2_addr" [top.cpp:6]   --->   Operation 538 'read' 'gmem2_addr_read_12' <Predicate = (curr_tri_is_active)> <Delay = 7.30> <CoreInst = "m_axi">   --->   Core 119 'm_axi' <Latency = 3> <II = 1> <Delay = 1.00> <Adapter> <Opcode : 'read' 'write' 'readreq' 'writereq' 'writeresp'>
ST_33 : Operation 539 [1/1] (0.00ns)   --->   "%conv7_i505_i = sext i32 %gmem2_addr_read_11" [top.cpp:6]   --->   Operation 539 'sext' 'conv7_i505_i' <Predicate = (curr_tri_is_active)> <Delay = 0.00>
ST_33 : Operation 540 [1/1] (3.88ns)   --->   "%mul_ln23_3 = mul i64 %conv7_i505_i, i64 %sext_ln21_6" [top.cpp:23]   --->   Operation 540 'mul' 'mul_ln23_3' <Predicate = (curr_tri_is_active)> <Delay = 3.88> <CoreInst = "Multiplier">   --->   Core 3 'Multiplier' <Latency = 0> <II = 1> <Delay = 3.88> <FuncUnit> <Opcode : 'mul'> <InPorts = 2> <OutPorts = 1>
ST_33 : Operation 541 [1/1] (0.00ns)   --->   "%sext_ln23_3 = sext i65 %add_ln23_1" [top.cpp:23]   --->   Operation 541 'sext' 'sext_ln23_3' <Predicate = (curr_tri_is_active)> <Delay = 0.00>
ST_33 : Operation 542 [1/1] (0.00ns)   --->   "%sext_ln23_4 = sext i64 %mul_ln23_3" [top.cpp:23]   --->   Operation 542 'sext' 'sext_ln23_4' <Predicate = (curr_tri_is_active)> <Delay = 0.00>
ST_33 : Operation 543 [1/1] (1.47ns)   --->   "%add_ln23_2 = add i66 %sext_ln23_3, i66 %sext_ln23_4" [top.cpp:23]   --->   Operation 543 'add' 'add_ln23_2' <Predicate = (curr_tri_is_active)> <Delay = 1.47> <CoreInst = "Adder">   --->   Core 1 'Adder' <Latency = 0> <II = 1> <Delay = 1.47> <FuncUnit> <Opcode : 'add' 'sub'> <InPorts = 2> <OutPorts = 1>
ST_33 : Operation 544 [1/1] (0.00ns)   --->   "%tmp_101 = bitselect i1 @_ssdm_op_BitSelect.i1.i66.i32, i66 %add_ln23_2, i32 65" [top.cpp:23]   --->   Operation 544 'bitselect' 'tmp_101' <Predicate = (curr_tri_is_active)> <Delay = 0.00>
ST_33 : Operation 545 [1/1] (0.00ns)   --->   "%trunc_ln23_1 = partselect i32 @_ssdm_op_PartSelect.i32.i66.i32.i32, i66 %add_ln23_2, i32 16, i32 47" [top.cpp:23]   --->   Operation 545 'partselect' 'trunc_ln23_1' <Predicate = (curr_tri_is_active)> <Delay = 0.00>
ST_33 : Operation 546 [1/1] (0.00ns)   --->   "%tmp_102 = bitselect i1 @_ssdm_op_BitSelect.i1.i66.i32, i66 %add_ln23_2, i32 15" [top.cpp:23]   --->   Operation 546 'bitselect' 'tmp_102' <Predicate = (curr_tri_is_active)> <Delay = 0.00>
ST_33 : Operation 547 [1/1] (0.00ns) (grouped into LUT with out node and_ln23)   --->   "%tmp_103 = bitselect i1 @_ssdm_op_BitSelect.i1.i66.i32, i66 %add_ln23_2, i32 47" [top.cpp:23]   --->   Operation 547 'bitselect' 'tmp_103' <Predicate = (curr_tri_is_active)> <Delay = 0.00>
ST_33 : Operation 548 [1/1] (0.00ns)   --->   "%zext_ln23 = zext i1 %tmp_102" [top.cpp:23]   --->   Operation 548 'zext' 'zext_ln23' <Predicate = (curr_tri_is_active)> <Delay = 0.00>
ST_33 : Operation 549 [1/1] (1.20ns)   --->   "%add_ln23_3 = add i32 %trunc_ln23_1, i32 %zext_ln23" [top.cpp:23]   --->   Operation 549 'add' 'add_ln23_3' <Predicate = (curr_tri_is_active)> <Delay = 1.20> <CoreInst = "Adder">   --->   Core 1 'Adder' <Latency = 0> <II = 1> <Delay = 1.20> <FuncUnit> <Opcode : 'add' 'sub'> <InPorts = 2> <OutPorts = 1>
ST_33 : Operation 550 [1/1] (0.00ns)   --->   "%tmp_104 = bitselect i1 @_ssdm_op_BitSelect.i1.i32.i32, i32 %add_ln23_3, i32 31" [top.cpp:23]   --->   Operation 550 'bitselect' 'tmp_104' <Predicate = (curr_tri_is_active)> <Delay = 0.00>
ST_33 : Operation 551 [1/1] (0.00ns) (grouped into LUT with out node and_ln23)   --->   "%xor_ln23 = xor i1 %tmp_104, i1 1" [top.cpp:23]   --->   Operation 551 'xor' 'xor_ln23' <Predicate = (curr_tri_is_active)> <Delay = 0.00> <CoreInst = "LogicGate">   --->   Core 74 'LogicGate' <Latency = 0> <II = 1> <Delay = 0.33> <FuncUnit> <Opcode : 'and' 'or' 'xor'> <InPorts = 2> <OutPorts = 1>
ST_33 : Operation 552 [1/1] (0.33ns) (out node of the LUT)   --->   "%and_ln23 = and i1 %tmp_103, i1 %xor_ln23" [top.cpp:23]   --->   Operation 552 'and' 'and_ln23' <Predicate = (curr_tri_is_active)> <Delay = 0.33> <CoreInst = "LogicGate">   --->   Core 74 'LogicGate' <Latency = 0> <II = 1> <Delay = 0.33> <FuncUnit> <Opcode : 'and' 'or' 'xor'> <InPorts = 2> <OutPorts = 1>
ST_33 : Operation 553 [1/1] (0.00ns) (grouped into LUT with out node and_ln23_4)   --->   "%tmp_105 = bitselect i1 @_ssdm_op_BitSelect.i1.i66.i32, i66 %add_ln23_2, i32 48" [top.cpp:23]   --->   Operation 553 'bitselect' 'tmp_105' <Predicate = (curr_tri_is_active)> <Delay = 0.00>
ST_33 : Operation 554 [1/1] (0.00ns)   --->   "%tmp_16 = partselect i17 @_ssdm_op_PartSelect.i17.i66.i32.i32, i66 %add_ln23_2, i32 49, i32 65" [top.cpp:23]   --->   Operation 554 'partselect' 'tmp_16' <Predicate = (curr_tri_is_active)> <Delay = 0.00>
ST_33 : Operation 555 [1/1] (1.02ns)   --->   "%icmp_ln23 = icmp_eq  i17 %tmp_16, i17 131071" [top.cpp:23]   --->   Operation 555 'icmp' 'icmp_ln23' <Predicate = (curr_tri_is_active)> <Delay = 1.02> <CoreInst = "Cmp">   --->   Core 9 'Cmp' <Latency = 0> <II = 1> <Delay = 1.02> <FuncUnit> <Opcode : 'seteq' 'setne' 'setle' 'setge' 'setlt' 'setgt'> <InPorts = 2> <OutPorts = 1>
ST_33 : Operation 556 [1/1] (0.00ns)   --->   "%tmp_17 = partselect i18 @_ssdm_op_PartSelect.i18.i66.i32.i32, i66 %add_ln23_2, i32 48, i32 65" [top.cpp:23]   --->   Operation 556 'partselect' 'tmp_17' <Predicate = (curr_tri_is_active)> <Delay = 0.00>
ST_33 : Operation 557 [1/1] (1.03ns)   --->   "%icmp_ln23_1 = icmp_eq  i18 %tmp_17, i18 262143" [top.cpp:23]   --->   Operation 557 'icmp' 'icmp_ln23_1' <Predicate = (curr_tri_is_active)> <Delay = 1.03> <CoreInst = "Cmp">   --->   Core 9 'Cmp' <Latency = 0> <II = 1> <Delay = 1.03> <FuncUnit> <Opcode : 'seteq' 'setne' 'setle' 'setge' 'setlt' 'setgt'> <InPorts = 2> <OutPorts = 1>
ST_33 : Operation 558 [1/1] (1.03ns)   --->   "%icmp_ln23_2 = icmp_eq  i18 %tmp_17, i18 0" [top.cpp:23]   --->   Operation 558 'icmp' 'icmp_ln23_2' <Predicate = (curr_tri_is_active)> <Delay = 1.03> <CoreInst = "Cmp">   --->   Core 9 'Cmp' <Latency = 0> <II = 1> <Delay = 1.03> <FuncUnit> <Opcode : 'seteq' 'setne' 'setle' 'setge' 'setlt' 'setgt'> <InPorts = 2> <OutPorts = 1>
ST_33 : Operation 559 [1/1] (0.00ns) (grouped into LUT with out node and_ln23_3)   --->   "%select_ln23 = select i1 %and_ln23, i1 %icmp_ln23_1, i1 %icmp_ln23_2" [top.cpp:23]   --->   Operation 559 'select' 'select_ln23' <Predicate = (curr_tri_is_active)> <Delay = 0.00> <CoreInst = "Sel">   --->   Core 73 'Sel' <Latency = 0> <II = 1> <Delay = 0.26> <FuncUnit> <Opcode : 'select'> <InPorts = 3> <OutPorts = 1>
ST_33 : Operation 560 [1/1] (0.00ns) (grouped into LUT with out node and_ln23_4)   --->   "%xor_ln23_1 = xor i1 %tmp_105, i1 1" [top.cpp:23]   --->   Operation 560 'xor' 'xor_ln23_1' <Predicate = (curr_tri_is_active)> <Delay = 0.00> <CoreInst = "LogicGate">   --->   Core 74 'LogicGate' <Latency = 0> <II = 1> <Delay = 0.33> <FuncUnit> <Opcode : 'and' 'or' 'xor'> <InPorts = 2> <OutPorts = 1>
ST_33 : Operation 561 [1/1] (0.00ns) (grouped into LUT with out node and_ln23_4)   --->   "%and_ln23_1 = and i1 %icmp_ln23, i1 %xor_ln23_1" [top.cpp:23]   --->   Operation 561 'and' 'and_ln23_1' <Predicate = (curr_tri_is_active)> <Delay = 0.00> <CoreInst = "LogicGate">   --->   Core 74 'LogicGate' <Latency = 0> <II = 1> <Delay = 0.33> <FuncUnit> <Opcode : 'and' 'or' 'xor'> <InPorts = 2> <OutPorts = 1>
ST_33 : Operation 562 [1/1] (0.00ns) (grouped into LUT with out node and_ln23_4)   --->   "%select_ln23_1 = select i1 %and_ln23, i1 %and_ln23_1, i1 %icmp_ln23_1" [top.cpp:23]   --->   Operation 562 'select' 'select_ln23_1' <Predicate = (curr_tri_is_active)> <Delay = 0.00> <CoreInst = "Sel">   --->   Core 73 'Sel' <Latency = 0> <II = 1> <Delay = 0.26> <FuncUnit> <Opcode : 'select'> <InPorts = 3> <OutPorts = 1>
ST_33 : Operation 563 [1/1] (0.00ns) (grouped into LUT with out node and_ln23_3)   --->   "%xor_ln23_2 = xor i1 %select_ln23, i1 1" [top.cpp:23]   --->   Operation 563 'xor' 'xor_ln23_2' <Predicate = (curr_tri_is_active)> <Delay = 0.00> <CoreInst = "LogicGate">   --->   Core 74 'LogicGate' <Latency = 0> <II = 1> <Delay = 0.33> <FuncUnit> <Opcode : 'and' 'or' 'xor'> <InPorts = 2> <OutPorts = 1>
ST_33 : Operation 564 [1/1] (0.00ns) (grouped into LUT with out node and_ln23_3)   --->   "%or_ln23 = or i1 %tmp_104, i1 %xor_ln23_2" [top.cpp:23]   --->   Operation 564 'or' 'or_ln23' <Predicate = (curr_tri_is_active)> <Delay = 0.00> <CoreInst = "LogicGate">   --->   Core 74 'LogicGate' <Latency = 0> <II = 1> <Delay = 0.33> <FuncUnit> <Opcode : 'and' 'or' 'xor'> <InPorts = 2> <OutPorts = 1>
ST_33 : Operation 565 [1/1] (0.00ns) (grouped into LUT with out node and_ln23_3)   --->   "%xor_ln23_3 = xor i1 %tmp_101, i1 1" [top.cpp:23]   --->   Operation 565 'xor' 'xor_ln23_3' <Predicate = (curr_tri_is_active)> <Delay = 0.00> <CoreInst = "LogicGate">   --->   Core 74 'LogicGate' <Latency = 0> <II = 1> <Delay = 0.33> <FuncUnit> <Opcode : 'and' 'or' 'xor'> <InPorts = 2> <OutPorts = 1>
ST_33 : Operation 566 [1/1] (0.33ns) (out node of the LUT)   --->   "%and_ln23_3 = and i1 %or_ln23, i1 %xor_ln23_3" [top.cpp:23]   --->   Operation 566 'and' 'and_ln23_3' <Predicate = (curr_tri_is_active)> <Delay = 0.33> <CoreInst = "LogicGate">   --->   Core 74 'LogicGate' <Latency = 0> <II = 1> <Delay = 0.33> <FuncUnit> <Opcode : 'and' 'or' 'xor'> <InPorts = 2> <OutPorts = 1>
ST_33 : Operation 567 [1/1] (0.33ns) (out node of the LUT)   --->   "%and_ln23_4 = and i1 %tmp_104, i1 %select_ln23_1" [top.cpp:23]   --->   Operation 567 'and' 'and_ln23_4' <Predicate = (curr_tri_is_active)> <Delay = 0.33> <CoreInst = "LogicGate">   --->   Core 74 'LogicGate' <Latency = 0> <II = 1> <Delay = 0.33> <FuncUnit> <Opcode : 'and' 'or' 'xor'> <InPorts = 2> <OutPorts = 1>
ST_33 : Operation 568 [1/1] (3.88ns)   --->   "%mul_ln23_7 = mul i64 %conv7_i505_i, i64 %sext_ln21_15" [top.cpp:23]   --->   Operation 568 'mul' 'mul_ln23_7' <Predicate = (curr_tri_is_active)> <Delay = 3.88> <CoreInst = "Multiplier">   --->   Core 3 'Multiplier' <Latency = 0> <II = 1> <Delay = 3.88> <FuncUnit> <Opcode : 'mul'> <InPorts = 2> <OutPorts = 1>
ST_33 : Operation 569 [1/1] (0.00ns)   --->   "%sext_ln23_8 = sext i65 %add_ln23_5" [top.cpp:23]   --->   Operation 569 'sext' 'sext_ln23_8' <Predicate = (curr_tri_is_active)> <Delay = 0.00>
ST_33 : Operation 570 [1/1] (0.00ns)   --->   "%sext_ln23_9 = sext i64 %mul_ln23_7" [top.cpp:23]   --->   Operation 570 'sext' 'sext_ln23_9' <Predicate = (curr_tri_is_active)> <Delay = 0.00>
ST_33 : Operation 571 [1/1] (1.47ns)   --->   "%add_ln23_6 = add i66 %sext_ln23_8, i66 %sext_ln23_9" [top.cpp:23]   --->   Operation 571 'add' 'add_ln23_6' <Predicate = (curr_tri_is_active)> <Delay = 1.47> <CoreInst = "Adder">   --->   Core 1 'Adder' <Latency = 0> <II = 1> <Delay = 1.47> <FuncUnit> <Opcode : 'add' 'sub'> <InPorts = 2> <OutPorts = 1>
ST_33 : Operation 572 [1/1] (0.00ns)   --->   "%tmp_121 = bitselect i1 @_ssdm_op_BitSelect.i1.i66.i32, i66 %add_ln23_6, i32 65" [top.cpp:23]   --->   Operation 572 'bitselect' 'tmp_121' <Predicate = (curr_tri_is_active)> <Delay = 0.00>
ST_33 : Operation 573 [1/1] (0.00ns)   --->   "%trunc_ln23_3 = partselect i32 @_ssdm_op_PartSelect.i32.i66.i32.i32, i66 %add_ln23_6, i32 16, i32 47" [top.cpp:23]   --->   Operation 573 'partselect' 'trunc_ln23_3' <Predicate = (curr_tri_is_active)> <Delay = 0.00>
ST_33 : Operation 574 [1/1] (0.00ns)   --->   "%tmp_122 = bitselect i1 @_ssdm_op_BitSelect.i1.i66.i32, i66 %add_ln23_6, i32 15" [top.cpp:23]   --->   Operation 574 'bitselect' 'tmp_122' <Predicate = (curr_tri_is_active)> <Delay = 0.00>
ST_33 : Operation 575 [1/1] (0.00ns) (grouped into LUT with out node and_ln23_6)   --->   "%tmp_123 = bitselect i1 @_ssdm_op_BitSelect.i1.i66.i32, i66 %add_ln23_6, i32 47" [top.cpp:23]   --->   Operation 575 'bitselect' 'tmp_123' <Predicate = (curr_tri_is_active)> <Delay = 0.00>
ST_33 : Operation 576 [1/1] (0.00ns)   --->   "%zext_ln23_1 = zext i1 %tmp_122" [top.cpp:23]   --->   Operation 576 'zext' 'zext_ln23_1' <Predicate = (curr_tri_is_active)> <Delay = 0.00>
ST_33 : Operation 577 [1/1] (1.20ns)   --->   "%add_ln23_7 = add i32 %trunc_ln23_3, i32 %zext_ln23_1" [top.cpp:23]   --->   Operation 577 'add' 'add_ln23_7' <Predicate = (curr_tri_is_active)> <Delay = 1.20> <CoreInst = "Adder">   --->   Core 1 'Adder' <Latency = 0> <II = 1> <Delay = 1.20> <FuncUnit> <Opcode : 'add' 'sub'> <InPorts = 2> <OutPorts = 1>
ST_33 : Operation 578 [1/1] (0.00ns)   --->   "%tmp_124 = bitselect i1 @_ssdm_op_BitSelect.i1.i32.i32, i32 %add_ln23_7, i32 31" [top.cpp:23]   --->   Operation 578 'bitselect' 'tmp_124' <Predicate = (curr_tri_is_active)> <Delay = 0.00>
ST_33 : Operation 579 [1/1] (0.00ns) (grouped into LUT with out node and_ln23_6)   --->   "%xor_ln23_5 = xor i1 %tmp_124, i1 1" [top.cpp:23]   --->   Operation 579 'xor' 'xor_ln23_5' <Predicate = (curr_tri_is_active)> <Delay = 0.00> <CoreInst = "LogicGate">   --->   Core 74 'LogicGate' <Latency = 0> <II = 1> <Delay = 0.33> <FuncUnit> <Opcode : 'and' 'or' 'xor'> <InPorts = 2> <OutPorts = 1>
ST_33 : Operation 580 [1/1] (0.33ns) (out node of the LUT)   --->   "%and_ln23_6 = and i1 %tmp_123, i1 %xor_ln23_5" [top.cpp:23]   --->   Operation 580 'and' 'and_ln23_6' <Predicate = (curr_tri_is_active)> <Delay = 0.33> <CoreInst = "LogicGate">   --->   Core 74 'LogicGate' <Latency = 0> <II = 1> <Delay = 0.33> <FuncUnit> <Opcode : 'and' 'or' 'xor'> <InPorts = 2> <OutPorts = 1>
ST_33 : Operation 581 [1/1] (0.00ns) (grouped into LUT with out node and_ln23_10)   --->   "%tmp_125 = bitselect i1 @_ssdm_op_BitSelect.i1.i66.i32, i66 %add_ln23_6, i32 48" [top.cpp:23]   --->   Operation 581 'bitselect' 'tmp_125' <Predicate = (curr_tri_is_active)> <Delay = 0.00>
ST_33 : Operation 582 [1/1] (0.00ns)   --->   "%tmp_24 = partselect i17 @_ssdm_op_PartSelect.i17.i66.i32.i32, i66 %add_ln23_6, i32 49, i32 65" [top.cpp:23]   --->   Operation 582 'partselect' 'tmp_24' <Predicate = (curr_tri_is_active)> <Delay = 0.00>
ST_33 : Operation 583 [1/1] (1.02ns)   --->   "%icmp_ln23_3 = icmp_eq  i17 %tmp_24, i17 131071" [top.cpp:23]   --->   Operation 583 'icmp' 'icmp_ln23_3' <Predicate = (curr_tri_is_active)> <Delay = 1.02> <CoreInst = "Cmp">   --->   Core 9 'Cmp' <Latency = 0> <II = 1> <Delay = 1.02> <FuncUnit> <Opcode : 'seteq' 'setne' 'setle' 'setge' 'setlt' 'setgt'> <InPorts = 2> <OutPorts = 1>
ST_33 : Operation 584 [1/1] (0.00ns)   --->   "%tmp_25 = partselect i18 @_ssdm_op_PartSelect.i18.i66.i32.i32, i66 %add_ln23_6, i32 48, i32 65" [top.cpp:23]   --->   Operation 584 'partselect' 'tmp_25' <Predicate = (curr_tri_is_active)> <Delay = 0.00>
ST_33 : Operation 585 [1/1] (1.03ns)   --->   "%icmp_ln23_4 = icmp_eq  i18 %tmp_25, i18 262143" [top.cpp:23]   --->   Operation 585 'icmp' 'icmp_ln23_4' <Predicate = (curr_tri_is_active)> <Delay = 1.03> <CoreInst = "Cmp">   --->   Core 9 'Cmp' <Latency = 0> <II = 1> <Delay = 1.03> <FuncUnit> <Opcode : 'seteq' 'setne' 'setle' 'setge' 'setlt' 'setgt'> <InPorts = 2> <OutPorts = 1>
ST_33 : Operation 586 [1/1] (1.03ns)   --->   "%icmp_ln23_5 = icmp_eq  i18 %tmp_25, i18 0" [top.cpp:23]   --->   Operation 586 'icmp' 'icmp_ln23_5' <Predicate = (curr_tri_is_active)> <Delay = 1.03> <CoreInst = "Cmp">   --->   Core 9 'Cmp' <Latency = 0> <II = 1> <Delay = 1.03> <FuncUnit> <Opcode : 'seteq' 'setne' 'setle' 'setge' 'setlt' 'setgt'> <InPorts = 2> <OutPorts = 1>
ST_33 : Operation 587 [1/1] (0.00ns) (grouped into LUT with out node and_ln23_9)   --->   "%select_ln23_4 = select i1 %and_ln23_6, i1 %icmp_ln23_4, i1 %icmp_ln23_5" [top.cpp:23]   --->   Operation 587 'select' 'select_ln23_4' <Predicate = (curr_tri_is_active)> <Delay = 0.00> <CoreInst = "Sel">   --->   Core 73 'Sel' <Latency = 0> <II = 1> <Delay = 0.26> <FuncUnit> <Opcode : 'select'> <InPorts = 3> <OutPorts = 1>
ST_33 : Operation 588 [1/1] (0.00ns) (grouped into LUT with out node and_ln23_10)   --->   "%xor_ln23_6 = xor i1 %tmp_125, i1 1" [top.cpp:23]   --->   Operation 588 'xor' 'xor_ln23_6' <Predicate = (curr_tri_is_active)> <Delay = 0.00> <CoreInst = "LogicGate">   --->   Core 74 'LogicGate' <Latency = 0> <II = 1> <Delay = 0.33> <FuncUnit> <Opcode : 'and' 'or' 'xor'> <InPorts = 2> <OutPorts = 1>
ST_33 : Operation 589 [1/1] (0.00ns) (grouped into LUT with out node and_ln23_10)   --->   "%and_ln23_7 = and i1 %icmp_ln23_3, i1 %xor_ln23_6" [top.cpp:23]   --->   Operation 589 'and' 'and_ln23_7' <Predicate = (curr_tri_is_active)> <Delay = 0.00> <CoreInst = "LogicGate">   --->   Core 74 'LogicGate' <Latency = 0> <II = 1> <Delay = 0.33> <FuncUnit> <Opcode : 'and' 'or' 'xor'> <InPorts = 2> <OutPorts = 1>
ST_33 : Operation 590 [1/1] (0.00ns) (grouped into LUT with out node and_ln23_10)   --->   "%select_ln23_5 = select i1 %and_ln23_6, i1 %and_ln23_7, i1 %icmp_ln23_4" [top.cpp:23]   --->   Operation 590 'select' 'select_ln23_5' <Predicate = (curr_tri_is_active)> <Delay = 0.00> <CoreInst = "Sel">   --->   Core 73 'Sel' <Latency = 0> <II = 1> <Delay = 0.26> <FuncUnit> <Opcode : 'select'> <InPorts = 3> <OutPorts = 1>
ST_33 : Operation 591 [1/1] (0.00ns) (grouped into LUT with out node and_ln23_9)   --->   "%xor_ln23_7 = xor i1 %select_ln23_4, i1 1" [top.cpp:23]   --->   Operation 591 'xor' 'xor_ln23_7' <Predicate = (curr_tri_is_active)> <Delay = 0.00> <CoreInst = "LogicGate">   --->   Core 74 'LogicGate' <Latency = 0> <II = 1> <Delay = 0.33> <FuncUnit> <Opcode : 'and' 'or' 'xor'> <InPorts = 2> <OutPorts = 1>
ST_33 : Operation 592 [1/1] (0.00ns) (grouped into LUT with out node and_ln23_9)   --->   "%or_ln23_2 = or i1 %tmp_124, i1 %xor_ln23_7" [top.cpp:23]   --->   Operation 592 'or' 'or_ln23_2' <Predicate = (curr_tri_is_active)> <Delay = 0.00> <CoreInst = "LogicGate">   --->   Core 74 'LogicGate' <Latency = 0> <II = 1> <Delay = 0.33> <FuncUnit> <Opcode : 'and' 'or' 'xor'> <InPorts = 2> <OutPorts = 1>
ST_33 : Operation 593 [1/1] (0.00ns) (grouped into LUT with out node and_ln23_9)   --->   "%xor_ln23_8 = xor i1 %tmp_121, i1 1" [top.cpp:23]   --->   Operation 593 'xor' 'xor_ln23_8' <Predicate = (curr_tri_is_active)> <Delay = 0.00> <CoreInst = "LogicGate">   --->   Core 74 'LogicGate' <Latency = 0> <II = 1> <Delay = 0.33> <FuncUnit> <Opcode : 'and' 'or' 'xor'> <InPorts = 2> <OutPorts = 1>
ST_33 : Operation 594 [1/1] (0.33ns) (out node of the LUT)   --->   "%and_ln23_9 = and i1 %or_ln23_2, i1 %xor_ln23_8" [top.cpp:23]   --->   Operation 594 'and' 'and_ln23_9' <Predicate = (curr_tri_is_active)> <Delay = 0.33> <CoreInst = "LogicGate">   --->   Core 74 'LogicGate' <Latency = 0> <II = 1> <Delay = 0.33> <FuncUnit> <Opcode : 'and' 'or' 'xor'> <InPorts = 2> <OutPorts = 1>
ST_33 : Operation 595 [1/1] (0.33ns) (out node of the LUT)   --->   "%and_ln23_10 = and i1 %tmp_124, i1 %select_ln23_5" [top.cpp:23]   --->   Operation 595 'and' 'and_ln23_10' <Predicate = (curr_tri_is_active)> <Delay = 0.33> <CoreInst = "LogicGate">   --->   Core 74 'LogicGate' <Latency = 0> <II = 1> <Delay = 0.33> <FuncUnit> <Opcode : 'and' 'or' 'xor'> <InPorts = 2> <OutPorts = 1>
ST_33 : Operation 596 [1/1] (3.88ns)   --->   "%mul_ln23_11 = mul i64 %conv7_i505_i, i64 %sext_ln21_24" [top.cpp:23]   --->   Operation 596 'mul' 'mul_ln23_11' <Predicate = (curr_tri_is_active)> <Delay = 3.88> <CoreInst = "Multiplier">   --->   Core 3 'Multiplier' <Latency = 0> <II = 1> <Delay = 3.88> <FuncUnit> <Opcode : 'mul'> <InPorts = 2> <OutPorts = 1>
ST_33 : Operation 597 [1/1] (0.00ns)   --->   "%sext_ln23_13 = sext i65 %add_ln23_9" [top.cpp:23]   --->   Operation 597 'sext' 'sext_ln23_13' <Predicate = (curr_tri_is_active)> <Delay = 0.00>
ST_33 : Operation 598 [1/1] (0.00ns)   --->   "%sext_ln23_14 = sext i64 %mul_ln23_11" [top.cpp:23]   --->   Operation 598 'sext' 'sext_ln23_14' <Predicate = (curr_tri_is_active)> <Delay = 0.00>
ST_33 : Operation 599 [1/1] (1.47ns)   --->   "%add_ln23_10 = add i66 %sext_ln23_13, i66 %sext_ln23_14" [top.cpp:23]   --->   Operation 599 'add' 'add_ln23_10' <Predicate = (curr_tri_is_active)> <Delay = 1.47> <CoreInst = "Adder">   --->   Core 1 'Adder' <Latency = 0> <II = 1> <Delay = 1.47> <FuncUnit> <Opcode : 'add' 'sub'> <InPorts = 2> <OutPorts = 1>
ST_33 : Operation 600 [1/1] (0.00ns)   --->   "%tmp_141 = bitselect i1 @_ssdm_op_BitSelect.i1.i66.i32, i66 %add_ln23_10, i32 65" [top.cpp:23]   --->   Operation 600 'bitselect' 'tmp_141' <Predicate = (curr_tri_is_active)> <Delay = 0.00>
ST_33 : Operation 601 [1/1] (0.00ns)   --->   "%trunc_ln23_5 = partselect i32 @_ssdm_op_PartSelect.i32.i66.i32.i32, i66 %add_ln23_10, i32 16, i32 47" [top.cpp:23]   --->   Operation 601 'partselect' 'trunc_ln23_5' <Predicate = (curr_tri_is_active)> <Delay = 0.00>
ST_33 : Operation 602 [1/1] (0.00ns)   --->   "%tmp_142 = bitselect i1 @_ssdm_op_BitSelect.i1.i66.i32, i66 %add_ln23_10, i32 15" [top.cpp:23]   --->   Operation 602 'bitselect' 'tmp_142' <Predicate = (curr_tri_is_active)> <Delay = 0.00>
ST_33 : Operation 603 [1/1] (0.00ns) (grouped into LUT with out node and_ln23_12)   --->   "%tmp_143 = bitselect i1 @_ssdm_op_BitSelect.i1.i66.i32, i66 %add_ln23_10, i32 47" [top.cpp:23]   --->   Operation 603 'bitselect' 'tmp_143' <Predicate = (curr_tri_is_active)> <Delay = 0.00>
ST_33 : Operation 604 [1/1] (0.00ns)   --->   "%zext_ln23_2 = zext i1 %tmp_142" [top.cpp:23]   --->   Operation 604 'zext' 'zext_ln23_2' <Predicate = (curr_tri_is_active)> <Delay = 0.00>
ST_33 : Operation 605 [1/1] (1.20ns)   --->   "%add_ln23_11 = add i32 %trunc_ln23_5, i32 %zext_ln23_2" [top.cpp:23]   --->   Operation 605 'add' 'add_ln23_11' <Predicate = (curr_tri_is_active)> <Delay = 1.20> <CoreInst = "Adder">   --->   Core 1 'Adder' <Latency = 0> <II = 1> <Delay = 1.20> <FuncUnit> <Opcode : 'add' 'sub'> <InPorts = 2> <OutPorts = 1>
ST_33 : Operation 606 [1/1] (0.00ns)   --->   "%tmp_144 = bitselect i1 @_ssdm_op_BitSelect.i1.i32.i32, i32 %add_ln23_11, i32 31" [top.cpp:23]   --->   Operation 606 'bitselect' 'tmp_144' <Predicate = (curr_tri_is_active)> <Delay = 0.00>
ST_33 : Operation 607 [1/1] (0.00ns) (grouped into LUT with out node and_ln23_12)   --->   "%xor_ln23_10 = xor i1 %tmp_144, i1 1" [top.cpp:23]   --->   Operation 607 'xor' 'xor_ln23_10' <Predicate = (curr_tri_is_active)> <Delay = 0.00> <CoreInst = "LogicGate">   --->   Core 74 'LogicGate' <Latency = 0> <II = 1> <Delay = 0.33> <FuncUnit> <Opcode : 'and' 'or' 'xor'> <InPorts = 2> <OutPorts = 1>
ST_33 : Operation 608 [1/1] (0.33ns) (out node of the LUT)   --->   "%and_ln23_12 = and i1 %tmp_143, i1 %xor_ln23_10" [top.cpp:23]   --->   Operation 608 'and' 'and_ln23_12' <Predicate = (curr_tri_is_active)> <Delay = 0.33> <CoreInst = "LogicGate">   --->   Core 74 'LogicGate' <Latency = 0> <II = 1> <Delay = 0.33> <FuncUnit> <Opcode : 'and' 'or' 'xor'> <InPorts = 2> <OutPorts = 1>
ST_33 : Operation 609 [1/1] (0.00ns) (grouped into LUT with out node and_ln23_16)   --->   "%tmp_145 = bitselect i1 @_ssdm_op_BitSelect.i1.i66.i32, i66 %add_ln23_10, i32 48" [top.cpp:23]   --->   Operation 609 'bitselect' 'tmp_145' <Predicate = (curr_tri_is_active)> <Delay = 0.00>
ST_33 : Operation 610 [1/1] (0.00ns)   --->   "%tmp_32 = partselect i17 @_ssdm_op_PartSelect.i17.i66.i32.i32, i66 %add_ln23_10, i32 49, i32 65" [top.cpp:23]   --->   Operation 610 'partselect' 'tmp_32' <Predicate = (curr_tri_is_active)> <Delay = 0.00>
ST_33 : Operation 611 [1/1] (1.02ns)   --->   "%icmp_ln23_6 = icmp_eq  i17 %tmp_32, i17 131071" [top.cpp:23]   --->   Operation 611 'icmp' 'icmp_ln23_6' <Predicate = (curr_tri_is_active)> <Delay = 1.02> <CoreInst = "Cmp">   --->   Core 9 'Cmp' <Latency = 0> <II = 1> <Delay = 1.02> <FuncUnit> <Opcode : 'seteq' 'setne' 'setle' 'setge' 'setlt' 'setgt'> <InPorts = 2> <OutPorts = 1>
ST_33 : Operation 612 [1/1] (0.00ns)   --->   "%tmp_33 = partselect i18 @_ssdm_op_PartSelect.i18.i66.i32.i32, i66 %add_ln23_10, i32 48, i32 65" [top.cpp:23]   --->   Operation 612 'partselect' 'tmp_33' <Predicate = (curr_tri_is_active)> <Delay = 0.00>
ST_33 : Operation 613 [1/1] (1.03ns)   --->   "%icmp_ln23_7 = icmp_eq  i18 %tmp_33, i18 262143" [top.cpp:23]   --->   Operation 613 'icmp' 'icmp_ln23_7' <Predicate = (curr_tri_is_active)> <Delay = 1.03> <CoreInst = "Cmp">   --->   Core 9 'Cmp' <Latency = 0> <II = 1> <Delay = 1.03> <FuncUnit> <Opcode : 'seteq' 'setne' 'setle' 'setge' 'setlt' 'setgt'> <InPorts = 2> <OutPorts = 1>
ST_33 : Operation 614 [1/1] (1.03ns)   --->   "%icmp_ln23_8 = icmp_eq  i18 %tmp_33, i18 0" [top.cpp:23]   --->   Operation 614 'icmp' 'icmp_ln23_8' <Predicate = (curr_tri_is_active)> <Delay = 1.03> <CoreInst = "Cmp">   --->   Core 9 'Cmp' <Latency = 0> <II = 1> <Delay = 1.03> <FuncUnit> <Opcode : 'seteq' 'setne' 'setle' 'setge' 'setlt' 'setgt'> <InPorts = 2> <OutPorts = 1>
ST_33 : Operation 615 [1/1] (0.00ns) (grouped into LUT with out node and_ln23_15)   --->   "%select_ln23_8 = select i1 %and_ln23_12, i1 %icmp_ln23_7, i1 %icmp_ln23_8" [top.cpp:23]   --->   Operation 615 'select' 'select_ln23_8' <Predicate = (curr_tri_is_active)> <Delay = 0.00> <CoreInst = "Sel">   --->   Core 73 'Sel' <Latency = 0> <II = 1> <Delay = 0.26> <FuncUnit> <Opcode : 'select'> <InPorts = 3> <OutPorts = 1>
ST_33 : Operation 616 [1/1] (0.00ns) (grouped into LUT with out node and_ln23_16)   --->   "%xor_ln23_11 = xor i1 %tmp_145, i1 1" [top.cpp:23]   --->   Operation 616 'xor' 'xor_ln23_11' <Predicate = (curr_tri_is_active)> <Delay = 0.00> <CoreInst = "LogicGate">   --->   Core 74 'LogicGate' <Latency = 0> <II = 1> <Delay = 0.33> <FuncUnit> <Opcode : 'and' 'or' 'xor'> <InPorts = 2> <OutPorts = 1>
ST_33 : Operation 617 [1/1] (0.00ns) (grouped into LUT with out node and_ln23_16)   --->   "%and_ln23_13 = and i1 %icmp_ln23_6, i1 %xor_ln23_11" [top.cpp:23]   --->   Operation 617 'and' 'and_ln23_13' <Predicate = (curr_tri_is_active)> <Delay = 0.00> <CoreInst = "LogicGate">   --->   Core 74 'LogicGate' <Latency = 0> <II = 1> <Delay = 0.33> <FuncUnit> <Opcode : 'and' 'or' 'xor'> <InPorts = 2> <OutPorts = 1>
ST_33 : Operation 618 [1/1] (0.00ns) (grouped into LUT with out node and_ln23_16)   --->   "%select_ln23_9 = select i1 %and_ln23_12, i1 %and_ln23_13, i1 %icmp_ln23_7" [top.cpp:23]   --->   Operation 618 'select' 'select_ln23_9' <Predicate = (curr_tri_is_active)> <Delay = 0.00> <CoreInst = "Sel">   --->   Core 73 'Sel' <Latency = 0> <II = 1> <Delay = 0.26> <FuncUnit> <Opcode : 'select'> <InPorts = 3> <OutPorts = 1>
ST_33 : Operation 619 [1/1] (0.00ns) (grouped into LUT with out node and_ln23_15)   --->   "%xor_ln23_12 = xor i1 %select_ln23_8, i1 1" [top.cpp:23]   --->   Operation 619 'xor' 'xor_ln23_12' <Predicate = (curr_tri_is_active)> <Delay = 0.00> <CoreInst = "LogicGate">   --->   Core 74 'LogicGate' <Latency = 0> <II = 1> <Delay = 0.33> <FuncUnit> <Opcode : 'and' 'or' 'xor'> <InPorts = 2> <OutPorts = 1>
ST_33 : Operation 620 [1/1] (0.00ns) (grouped into LUT with out node and_ln23_15)   --->   "%or_ln23_4 = or i1 %tmp_144, i1 %xor_ln23_12" [top.cpp:23]   --->   Operation 620 'or' 'or_ln23_4' <Predicate = (curr_tri_is_active)> <Delay = 0.00> <CoreInst = "LogicGate">   --->   Core 74 'LogicGate' <Latency = 0> <II = 1> <Delay = 0.33> <FuncUnit> <Opcode : 'and' 'or' 'xor'> <InPorts = 2> <OutPorts = 1>
ST_33 : Operation 621 [1/1] (0.00ns) (grouped into LUT with out node and_ln23_15)   --->   "%xor_ln23_13 = xor i1 %tmp_141, i1 1" [top.cpp:23]   --->   Operation 621 'xor' 'xor_ln23_13' <Predicate = (curr_tri_is_active)> <Delay = 0.00> <CoreInst = "LogicGate">   --->   Core 74 'LogicGate' <Latency = 0> <II = 1> <Delay = 0.33> <FuncUnit> <Opcode : 'and' 'or' 'xor'> <InPorts = 2> <OutPorts = 1>
ST_33 : Operation 622 [1/1] (0.33ns) (out node of the LUT)   --->   "%and_ln23_15 = and i1 %or_ln23_4, i1 %xor_ln23_13" [top.cpp:23]   --->   Operation 622 'and' 'and_ln23_15' <Predicate = (curr_tri_is_active)> <Delay = 0.33> <CoreInst = "LogicGate">   --->   Core 74 'LogicGate' <Latency = 0> <II = 1> <Delay = 0.33> <FuncUnit> <Opcode : 'and' 'or' 'xor'> <InPorts = 2> <OutPorts = 1>
ST_33 : Operation 623 [1/1] (0.33ns) (out node of the LUT)   --->   "%and_ln23_16 = and i1 %tmp_144, i1 %select_ln23_9" [top.cpp:23]   --->   Operation 623 'and' 'and_ln23_16' <Predicate = (curr_tri_is_active)> <Delay = 0.33> <CoreInst = "LogicGate">   --->   Core 74 'LogicGate' <Latency = 0> <II = 1> <Delay = 0.33> <FuncUnit> <Opcode : 'and' 'or' 'xor'> <InPorts = 2> <OutPorts = 1>

State 34 <SV = 33> <Delay = 7.30>
ST_34 : Operation 624 [1/1] (7.30ns)   --->   "%gmem2_addr_read_13 = read i32 @_ssdm_op_Read.m_axi.p1i32, i32 %gmem2_addr" [top.cpp:6]   --->   Operation 624 'read' 'gmem2_addr_read_13' <Predicate = (curr_tri_is_active)> <Delay = 7.30> <CoreInst = "m_axi">   --->   Core 119 'm_axi' <Latency = 3> <II = 1> <Delay = 1.00> <Adapter> <Opcode : 'read' 'write' 'readreq' 'writereq' 'writeresp'>
ST_34 : Operation 625 [1/1] (0.00ns)   --->   "%conv7_i316_i = sext i32 %gmem2_addr_read_12" [top.cpp:6]   --->   Operation 625 'sext' 'conv7_i316_i' <Predicate = (curr_tri_is_active)> <Delay = 0.00>
ST_34 : Operation 626 [1/1] (0.00ns) (grouped into LUT with out node or_ln23_1)   --->   "%and_ln23_2 = and i1 %and_ln23, i1 %icmp_ln23_1" [top.cpp:23]   --->   Operation 626 'and' 'and_ln23_2' <Predicate = (curr_tri_is_active)> <Delay = 0.00> <CoreInst = "LogicGate">   --->   Core 74 'LogicGate' <Latency = 0> <II = 1> <Delay = 0.33> <FuncUnit> <Opcode : 'and' 'or' 'xor'> <InPorts = 2> <OutPorts = 1>
ST_34 : Operation 627 [1/1] (0.00ns) (grouped into LUT with out node or_ln23_1)   --->   "%or_ln23_6 = or i1 %and_ln23_2, i1 %and_ln23_4" [top.cpp:23]   --->   Operation 627 'or' 'or_ln23_6' <Predicate = (curr_tri_is_active)> <Delay = 0.00> <CoreInst = "LogicGate">   --->   Core 74 'LogicGate' <Latency = 0> <II = 1> <Delay = 0.33> <FuncUnit> <Opcode : 'and' 'or' 'xor'> <InPorts = 2> <OutPorts = 1>
ST_34 : Operation 628 [1/1] (0.00ns) (grouped into LUT with out node or_ln23_1)   --->   "%xor_ln23_4 = xor i1 %or_ln23_6, i1 1" [top.cpp:23]   --->   Operation 628 'xor' 'xor_ln23_4' <Predicate = (curr_tri_is_active)> <Delay = 0.00> <CoreInst = "LogicGate">   --->   Core 74 'LogicGate' <Latency = 0> <II = 1> <Delay = 0.33> <FuncUnit> <Opcode : 'and' 'or' 'xor'> <InPorts = 2> <OutPorts = 1>
ST_34 : Operation 629 [1/1] (0.00ns) (grouped into LUT with out node or_ln23_1)   --->   "%and_ln23_5 = and i1 %tmp_101, i1 %xor_ln23_4" [top.cpp:23]   --->   Operation 629 'and' 'and_ln23_5' <Predicate = (curr_tri_is_active)> <Delay = 0.00> <CoreInst = "LogicGate">   --->   Core 74 'LogicGate' <Latency = 0> <II = 1> <Delay = 0.33> <FuncUnit> <Opcode : 'and' 'or' 'xor'> <InPorts = 2> <OutPorts = 1>
ST_34 : Operation 630 [1/1] (0.00ns) (grouped into LUT with out node out_verts_z)   --->   "%select_ln23_2 = select i1 %and_ln23_3, i32 2147483647, i32 2147483648" [top.cpp:23]   --->   Operation 630 'select' 'select_ln23_2' <Predicate = (curr_tri_is_active)> <Delay = 0.00> <CoreInst = "Sel">   --->   Core 73 'Sel' <Latency = 0> <II = 1> <Delay = 0.52> <FuncUnit> <Opcode : 'select'> <InPorts = 3> <OutPorts = 1>
ST_34 : Operation 631 [1/1] (0.33ns) (out node of the LUT)   --->   "%or_ln23_1 = or i1 %and_ln23_3, i1 %and_ln23_5" [top.cpp:23]   --->   Operation 631 'or' 'or_ln23_1' <Predicate = (curr_tri_is_active)> <Delay = 0.33> <CoreInst = "LogicGate">   --->   Core 74 'LogicGate' <Latency = 0> <II = 1> <Delay = 0.33> <FuncUnit> <Opcode : 'and' 'or' 'xor'> <InPorts = 2> <OutPorts = 1>
ST_34 : Operation 632 [1/1] (0.52ns) (out node of the LUT)   --->   "%out_verts_z = select i1 %or_ln23_1, i32 %select_ln23_2, i32 %add_ln23_3" [top.cpp:23]   --->   Operation 632 'select' 'out_verts_z' <Predicate = (curr_tri_is_active)> <Delay = 0.52> <CoreInst = "Sel">   --->   Core 73 'Sel' <Latency = 0> <II = 1> <Delay = 0.52> <FuncUnit> <Opcode : 'select'> <InPorts = 3> <OutPorts = 1>
ST_34 : Operation 633 [1/1] (3.88ns)   --->   "%mul_ln24 = mul i64 %conv7_i316_i, i64 %sext_ln21" [top.cpp:24]   --->   Operation 633 'mul' 'mul_ln24' <Predicate = (curr_tri_is_active)> <Delay = 3.88> <CoreInst = "Multiplier">   --->   Core 3 'Multiplier' <Latency = 0> <II = 1> <Delay = 3.88> <FuncUnit> <Opcode : 'mul'> <InPorts = 2> <OutPorts = 1>
ST_34 : Operation 634 [1/1] (0.00ns) (grouped into LUT with out node or_ln23_3)   --->   "%and_ln23_8 = and i1 %and_ln23_6, i1 %icmp_ln23_4" [top.cpp:23]   --->   Operation 634 'and' 'and_ln23_8' <Predicate = (curr_tri_is_active)> <Delay = 0.00> <CoreInst = "LogicGate">   --->   Core 74 'LogicGate' <Latency = 0> <II = 1> <Delay = 0.33> <FuncUnit> <Opcode : 'and' 'or' 'xor'> <InPorts = 2> <OutPorts = 1>
ST_34 : Operation 635 [1/1] (0.00ns) (grouped into LUT with out node or_ln23_3)   --->   "%or_ln23_7 = or i1 %and_ln23_8, i1 %and_ln23_10" [top.cpp:23]   --->   Operation 635 'or' 'or_ln23_7' <Predicate = (curr_tri_is_active)> <Delay = 0.00> <CoreInst = "LogicGate">   --->   Core 74 'LogicGate' <Latency = 0> <II = 1> <Delay = 0.33> <FuncUnit> <Opcode : 'and' 'or' 'xor'> <InPorts = 2> <OutPorts = 1>
ST_34 : Operation 636 [1/1] (0.00ns) (grouped into LUT with out node or_ln23_3)   --->   "%xor_ln23_9 = xor i1 %or_ln23_7, i1 1" [top.cpp:23]   --->   Operation 636 'xor' 'xor_ln23_9' <Predicate = (curr_tri_is_active)> <Delay = 0.00> <CoreInst = "LogicGate">   --->   Core 74 'LogicGate' <Latency = 0> <II = 1> <Delay = 0.33> <FuncUnit> <Opcode : 'and' 'or' 'xor'> <InPorts = 2> <OutPorts = 1>
ST_34 : Operation 637 [1/1] (0.00ns) (grouped into LUT with out node or_ln23_3)   --->   "%and_ln23_11 = and i1 %tmp_121, i1 %xor_ln23_9" [top.cpp:23]   --->   Operation 637 'and' 'and_ln23_11' <Predicate = (curr_tri_is_active)> <Delay = 0.00> <CoreInst = "LogicGate">   --->   Core 74 'LogicGate' <Latency = 0> <II = 1> <Delay = 0.33> <FuncUnit> <Opcode : 'and' 'or' 'xor'> <InPorts = 2> <OutPorts = 1>
ST_34 : Operation 638 [1/1] (0.00ns) (grouped into LUT with out node out_verts_z_3)   --->   "%select_ln23_6 = select i1 %and_ln23_9, i32 2147483647, i32 2147483648" [top.cpp:23]   --->   Operation 638 'select' 'select_ln23_6' <Predicate = (curr_tri_is_active)> <Delay = 0.00> <CoreInst = "Sel">   --->   Core 73 'Sel' <Latency = 0> <II = 1> <Delay = 0.52> <FuncUnit> <Opcode : 'select'> <InPorts = 3> <OutPorts = 1>
ST_34 : Operation 639 [1/1] (0.33ns) (out node of the LUT)   --->   "%or_ln23_3 = or i1 %and_ln23_9, i1 %and_ln23_11" [top.cpp:23]   --->   Operation 639 'or' 'or_ln23_3' <Predicate = (curr_tri_is_active)> <Delay = 0.33> <CoreInst = "LogicGate">   --->   Core 74 'LogicGate' <Latency = 0> <II = 1> <Delay = 0.33> <FuncUnit> <Opcode : 'and' 'or' 'xor'> <InPorts = 2> <OutPorts = 1>
ST_34 : Operation 640 [1/1] (0.52ns) (out node of the LUT)   --->   "%out_verts_z_3 = select i1 %or_ln23_3, i32 %select_ln23_6, i32 %add_ln23_7" [top.cpp:23]   --->   Operation 640 'select' 'out_verts_z_3' <Predicate = (curr_tri_is_active)> <Delay = 0.52> <CoreInst = "Sel">   --->   Core 73 'Sel' <Latency = 0> <II = 1> <Delay = 0.52> <FuncUnit> <Opcode : 'select'> <InPorts = 3> <OutPorts = 1>
ST_34 : Operation 641 [1/1] (3.88ns)   --->   "%mul_ln24_4 = mul i64 %conv7_i316_i, i64 %sext_ln21_9" [top.cpp:24]   --->   Operation 641 'mul' 'mul_ln24_4' <Predicate = (curr_tri_is_active)> <Delay = 3.88> <CoreInst = "Multiplier">   --->   Core 3 'Multiplier' <Latency = 0> <II = 1> <Delay = 3.88> <FuncUnit> <Opcode : 'mul'> <InPorts = 2> <OutPorts = 1>
ST_34 : Operation 642 [1/1] (0.00ns) (grouped into LUT with out node or_ln23_5)   --->   "%and_ln23_14 = and i1 %and_ln23_12, i1 %icmp_ln23_7" [top.cpp:23]   --->   Operation 642 'and' 'and_ln23_14' <Predicate = (curr_tri_is_active)> <Delay = 0.00> <CoreInst = "LogicGate">   --->   Core 74 'LogicGate' <Latency = 0> <II = 1> <Delay = 0.33> <FuncUnit> <Opcode : 'and' 'or' 'xor'> <InPorts = 2> <OutPorts = 1>
ST_34 : Operation 643 [1/1] (0.00ns) (grouped into LUT with out node or_ln23_5)   --->   "%or_ln23_8 = or i1 %and_ln23_14, i1 %and_ln23_16" [top.cpp:23]   --->   Operation 643 'or' 'or_ln23_8' <Predicate = (curr_tri_is_active)> <Delay = 0.00> <CoreInst = "LogicGate">   --->   Core 74 'LogicGate' <Latency = 0> <II = 1> <Delay = 0.33> <FuncUnit> <Opcode : 'and' 'or' 'xor'> <InPorts = 2> <OutPorts = 1>
ST_34 : Operation 644 [1/1] (0.00ns) (grouped into LUT with out node or_ln23_5)   --->   "%xor_ln23_14 = xor i1 %or_ln23_8, i1 1" [top.cpp:23]   --->   Operation 644 'xor' 'xor_ln23_14' <Predicate = (curr_tri_is_active)> <Delay = 0.00> <CoreInst = "LogicGate">   --->   Core 74 'LogicGate' <Latency = 0> <II = 1> <Delay = 0.33> <FuncUnit> <Opcode : 'and' 'or' 'xor'> <InPorts = 2> <OutPorts = 1>
ST_34 : Operation 645 [1/1] (0.00ns) (grouped into LUT with out node or_ln23_5)   --->   "%and_ln23_17 = and i1 %tmp_141, i1 %xor_ln23_14" [top.cpp:23]   --->   Operation 645 'and' 'and_ln23_17' <Predicate = (curr_tri_is_active)> <Delay = 0.00> <CoreInst = "LogicGate">   --->   Core 74 'LogicGate' <Latency = 0> <II = 1> <Delay = 0.33> <FuncUnit> <Opcode : 'and' 'or' 'xor'> <InPorts = 2> <OutPorts = 1>
ST_34 : Operation 646 [1/1] (0.00ns) (grouped into LUT with out node out_verts_z_4)   --->   "%select_ln23_10 = select i1 %and_ln23_15, i32 2147483647, i32 2147483648" [top.cpp:23]   --->   Operation 646 'select' 'select_ln23_10' <Predicate = (curr_tri_is_active)> <Delay = 0.00> <CoreInst = "Sel">   --->   Core 73 'Sel' <Latency = 0> <II = 1> <Delay = 0.52> <FuncUnit> <Opcode : 'select'> <InPorts = 3> <OutPorts = 1>
ST_34 : Operation 647 [1/1] (0.33ns) (out node of the LUT)   --->   "%or_ln23_5 = or i1 %and_ln23_15, i1 %and_ln23_17" [top.cpp:23]   --->   Operation 647 'or' 'or_ln23_5' <Predicate = (curr_tri_is_active)> <Delay = 0.33> <CoreInst = "LogicGate">   --->   Core 74 'LogicGate' <Latency = 0> <II = 1> <Delay = 0.33> <FuncUnit> <Opcode : 'and' 'or' 'xor'> <InPorts = 2> <OutPorts = 1>
ST_34 : Operation 648 [1/1] (0.52ns) (out node of the LUT)   --->   "%out_verts_z_4 = select i1 %or_ln23_5, i32 %select_ln23_10, i32 %add_ln23_11" [top.cpp:23]   --->   Operation 648 'select' 'out_verts_z_4' <Predicate = (curr_tri_is_active)> <Delay = 0.52> <CoreInst = "Sel">   --->   Core 73 'Sel' <Latency = 0> <II = 1> <Delay = 0.52> <FuncUnit> <Opcode : 'select'> <InPorts = 3> <OutPorts = 1>
ST_34 : Operation 649 [1/1] (3.88ns)   --->   "%mul_ln24_8 = mul i64 %conv7_i316_i, i64 %sext_ln21_18" [top.cpp:24]   --->   Operation 649 'mul' 'mul_ln24_8' <Predicate = (curr_tri_is_active)> <Delay = 3.88> <CoreInst = "Multiplier">   --->   Core 3 'Multiplier' <Latency = 0> <II = 1> <Delay = 3.88> <FuncUnit> <Opcode : 'mul'> <InPorts = 2> <OutPorts = 1>
ST_34 : Operation 650 [1/1] (0.00ns)   --->   "%curr_tri_v0_z_3 = phi i32 %out_verts_z, void %VITIS_LOOP_20_2.i, i32 %curr_tri_v0_z_4, void %for.body.split._crit_edge.i"   --->   Operation 650 'phi' 'curr_tri_v0_z_3' <Predicate = true> <Delay = 0.00>
ST_34 : Operation 651 [1/1] (0.00ns)   --->   "%curr_tri_v1_z_3 = phi i32 %out_verts_z_3, void %VITIS_LOOP_20_2.i, i32 %curr_tri_v1_z_4, void %for.body.split._crit_edge.i"   --->   Operation 651 'phi' 'curr_tri_v1_z_3' <Predicate = true> <Delay = 0.00>
ST_34 : Operation 652 [1/1] (0.00ns)   --->   "%curr_tri_v2_z_3 = phi i32 %out_verts_z_4, void %VITIS_LOOP_20_2.i, i32 %curr_tri_v2_z_4, void %for.body.split._crit_edge.i"   --->   Operation 652 'phi' 'curr_tri_v2_z_3' <Predicate = true> <Delay = 0.00>

State 35 <SV = 34> <Delay = 7.30>
ST_35 : Operation 653 [1/1] (7.30ns)   --->   "%gmem2_addr_read_14 = read i32 @_ssdm_op_Read.m_axi.p1i32, i32 %gmem2_addr" [top.cpp:6]   --->   Operation 653 'read' 'gmem2_addr_read_14' <Predicate = (curr_tri_is_active)> <Delay = 7.30> <CoreInst = "m_axi">   --->   Core 119 'm_axi' <Latency = 3> <II = 1> <Delay = 1.00> <Adapter> <Opcode : 'read' 'write' 'readreq' 'writereq' 'writeresp'>
ST_35 : Operation 654 [1/1] (0.00ns)   --->   "%conv7_i277_i = sext i32 %gmem2_addr_read_13" [top.cpp:6]   --->   Operation 654 'sext' 'conv7_i277_i' <Predicate = (curr_tri_is_active)> <Delay = 0.00>
ST_35 : Operation 655 [1/1] (3.88ns)   --->   "%mul_ln24_1 = mul i64 %conv7_i277_i, i64 %sext_ln21_1" [top.cpp:24]   --->   Operation 655 'mul' 'mul_ln24_1' <Predicate = (curr_tri_is_active)> <Delay = 3.88> <CoreInst = "Multiplier">   --->   Core 3 'Multiplier' <Latency = 0> <II = 1> <Delay = 3.88> <FuncUnit> <Opcode : 'mul'> <InPorts = 2> <OutPorts = 1>
ST_35 : Operation 656 [1/1] (3.88ns)   --->   "%mul_ln24_5 = mul i64 %conv7_i277_i, i64 %sext_ln21_10" [top.cpp:24]   --->   Operation 656 'mul' 'mul_ln24_5' <Predicate = (curr_tri_is_active)> <Delay = 3.88> <CoreInst = "Multiplier">   --->   Core 3 'Multiplier' <Latency = 0> <II = 1> <Delay = 3.88> <FuncUnit> <Opcode : 'mul'> <InPorts = 2> <OutPorts = 1>
ST_35 : Operation 657 [1/1] (3.88ns)   --->   "%mul_ln24_9 = mul i64 %conv7_i277_i, i64 %sext_ln21_19" [top.cpp:24]   --->   Operation 657 'mul' 'mul_ln24_9' <Predicate = (curr_tri_is_active)> <Delay = 3.88> <CoreInst = "Multiplier">   --->   Core 3 'Multiplier' <Latency = 0> <II = 1> <Delay = 3.88> <FuncUnit> <Opcode : 'mul'> <InPorts = 2> <OutPorts = 1>

State 36 <SV = 35> <Delay = 7.30>
ST_36 : Operation 658 [1/1] (7.30ns)   --->   "%gmem2_addr_read_15 = read i32 @_ssdm_op_Read.m_axi.p1i32, i32 %gmem2_addr" [top.cpp:6]   --->   Operation 658 'read' 'gmem2_addr_read_15' <Predicate = (curr_tri_is_active)> <Delay = 7.30> <CoreInst = "m_axi">   --->   Core 119 'm_axi' <Latency = 3> <II = 1> <Delay = 1.00> <Adapter> <Opcode : 'read' 'write' 'readreq' 'writereq' 'writeresp'>
ST_36 : Operation 659 [1/1] (0.00ns)   --->   "%conv7_i191_i = sext i32 %gmem2_addr_read_14" [top.cpp:6]   --->   Operation 659 'sext' 'conv7_i191_i' <Predicate = (curr_tri_is_active)> <Delay = 0.00>
ST_36 : Operation 660 [1/1] (0.00ns)   --->   "%sext_ln24 = sext i64 %mul_ln24" [top.cpp:24]   --->   Operation 660 'sext' 'sext_ln24' <Predicate = (curr_tri_is_active)> <Delay = 0.00>
ST_36 : Operation 661 [1/1] (0.00ns)   --->   "%sext_ln24_1 = sext i64 %mul_ln24_1" [top.cpp:24]   --->   Operation 661 'sext' 'sext_ln24_1' <Predicate = (curr_tri_is_active)> <Delay = 0.00>
ST_36 : Operation 662 [1/1] (3.88ns)   --->   "%mul_ln24_2 = mul i64 %conv7_i191_i, i64 %sext_ln21_4" [top.cpp:24]   --->   Operation 662 'mul' 'mul_ln24_2' <Predicate = (curr_tri_is_active)> <Delay = 3.88> <CoreInst = "Multiplier">   --->   Core 3 'Multiplier' <Latency = 0> <II = 1> <Delay = 3.88> <FuncUnit> <Opcode : 'mul'> <InPorts = 2> <OutPorts = 1>
ST_36 : Operation 663 [1/1] (0.00ns)   --->   "%sext_ln24_2 = sext i64 %mul_ln24_2" [top.cpp:24]   --->   Operation 663 'sext' 'sext_ln24_2' <Predicate = (curr_tri_is_active)> <Delay = 0.00>
ST_36 : Operation 664 [1/1] (0.00ns) (grouped into TernaryAdder)   --->   "%add_ln24 = add i65 %sext_ln24, i65 %sext_ln24_2" [top.cpp:24]   --->   Operation 664 'add' 'add_ln24' <Predicate = (curr_tri_is_active)> <Delay = 0.00> <CoreInst = "TAddSub">   --->   Core 10 'TAddSub' <Latency = 0> <II = 1> <Delay = 0.50> <IPBlock> <Opcode : 'add' 'sub'> <InPorts = 3> <OutPorts = 1> <Sync> <CReg>
ST_36 : Operation 665 [1/1] (1.01ns) (root node of TernaryAdder)   --->   "%add_ln24_1 = add i65 %add_ln24, i65 %sext_ln24_1" [top.cpp:24]   --->   Operation 665 'add' 'add_ln24_1' <Predicate = (curr_tri_is_active)> <Delay = 1.01> <CoreInst = "TAddSub">   --->   Core 10 'TAddSub' <Latency = 0> <II = 1> <Delay = 0.50> <IPBlock> <Opcode : 'add' 'sub'> <InPorts = 3> <OutPorts = 1> <Sync> <CReg>
ST_36 : Operation 666 [1/1] (0.00ns)   --->   "%sext_ln24_5 = sext i64 %mul_ln24_4" [top.cpp:24]   --->   Operation 666 'sext' 'sext_ln24_5' <Predicate = (curr_tri_is_active)> <Delay = 0.00>
ST_36 : Operation 667 [1/1] (0.00ns)   --->   "%sext_ln24_6 = sext i64 %mul_ln24_5" [top.cpp:24]   --->   Operation 667 'sext' 'sext_ln24_6' <Predicate = (curr_tri_is_active)> <Delay = 0.00>
ST_36 : Operation 668 [1/1] (3.88ns)   --->   "%mul_ln24_6 = mul i64 %conv7_i191_i, i64 %sext_ln21_13" [top.cpp:24]   --->   Operation 668 'mul' 'mul_ln24_6' <Predicate = (curr_tri_is_active)> <Delay = 3.88> <CoreInst = "Multiplier">   --->   Core 3 'Multiplier' <Latency = 0> <II = 1> <Delay = 3.88> <FuncUnit> <Opcode : 'mul'> <InPorts = 2> <OutPorts = 1>
ST_36 : Operation 669 [1/1] (0.00ns)   --->   "%sext_ln24_7 = sext i64 %mul_ln24_6" [top.cpp:24]   --->   Operation 669 'sext' 'sext_ln24_7' <Predicate = (curr_tri_is_active)> <Delay = 0.00>
ST_36 : Operation 670 [1/1] (0.00ns) (grouped into TernaryAdder)   --->   "%add_ln24_4 = add i65 %sext_ln24_5, i65 %sext_ln24_7" [top.cpp:24]   --->   Operation 670 'add' 'add_ln24_4' <Predicate = (curr_tri_is_active)> <Delay = 0.00> <CoreInst = "TAddSub">   --->   Core 10 'TAddSub' <Latency = 0> <II = 1> <Delay = 0.50> <IPBlock> <Opcode : 'add' 'sub'> <InPorts = 3> <OutPorts = 1> <Sync> <CReg>
ST_36 : Operation 671 [1/1] (1.01ns) (root node of TernaryAdder)   --->   "%add_ln24_5 = add i65 %add_ln24_4, i65 %sext_ln24_6" [top.cpp:24]   --->   Operation 671 'add' 'add_ln24_5' <Predicate = (curr_tri_is_active)> <Delay = 1.01> <CoreInst = "TAddSub">   --->   Core 10 'TAddSub' <Latency = 0> <II = 1> <Delay = 0.50> <IPBlock> <Opcode : 'add' 'sub'> <InPorts = 3> <OutPorts = 1> <Sync> <CReg>
ST_36 : Operation 672 [1/1] (0.00ns)   --->   "%sext_ln24_10 = sext i64 %mul_ln24_8" [top.cpp:24]   --->   Operation 672 'sext' 'sext_ln24_10' <Predicate = (curr_tri_is_active)> <Delay = 0.00>
ST_36 : Operation 673 [1/1] (0.00ns)   --->   "%sext_ln24_11 = sext i64 %mul_ln24_9" [top.cpp:24]   --->   Operation 673 'sext' 'sext_ln24_11' <Predicate = (curr_tri_is_active)> <Delay = 0.00>
ST_36 : Operation 674 [1/1] (3.88ns)   --->   "%mul_ln24_10 = mul i64 %conv7_i191_i, i64 %sext_ln21_22" [top.cpp:24]   --->   Operation 674 'mul' 'mul_ln24_10' <Predicate = (curr_tri_is_active)> <Delay = 3.88> <CoreInst = "Multiplier">   --->   Core 3 'Multiplier' <Latency = 0> <II = 1> <Delay = 3.88> <FuncUnit> <Opcode : 'mul'> <InPorts = 2> <OutPorts = 1>
ST_36 : Operation 675 [1/1] (0.00ns)   --->   "%sext_ln24_12 = sext i64 %mul_ln24_10" [top.cpp:24]   --->   Operation 675 'sext' 'sext_ln24_12' <Predicate = (curr_tri_is_active)> <Delay = 0.00>
ST_36 : Operation 676 [1/1] (0.00ns) (grouped into TernaryAdder)   --->   "%add_ln24_8 = add i65 %sext_ln24_10, i65 %sext_ln24_12" [top.cpp:24]   --->   Operation 676 'add' 'add_ln24_8' <Predicate = (curr_tri_is_active)> <Delay = 0.00> <CoreInst = "TAddSub">   --->   Core 10 'TAddSub' <Latency = 0> <II = 1> <Delay = 0.50> <IPBlock> <Opcode : 'add' 'sub'> <InPorts = 3> <OutPorts = 1> <Sync> <CReg>
ST_36 : Operation 677 [1/1] (1.01ns) (root node of TernaryAdder)   --->   "%add_ln24_9 = add i65 %add_ln24_8, i65 %sext_ln24_11" [top.cpp:24]   --->   Operation 677 'add' 'add_ln24_9' <Predicate = (curr_tri_is_active)> <Delay = 1.01> <CoreInst = "TAddSub">   --->   Core 10 'TAddSub' <Latency = 0> <II = 1> <Delay = 0.50> <IPBlock> <Opcode : 'add' 'sub'> <InPorts = 3> <OutPorts = 1> <Sync> <CReg>

State 37 <SV = 36> <Delay = 7.21>
ST_37 : Operation 678 [1/1] (0.00ns)   --->   "%conv7_i105_i = sext i32 %gmem2_addr_read_15" [top.cpp:6]   --->   Operation 678 'sext' 'conv7_i105_i' <Predicate = (curr_tri_is_active)> <Delay = 0.00>
ST_37 : Operation 679 [1/1] (3.88ns)   --->   "%mul_ln24_3 = mul i64 %conv7_i105_i, i64 %sext_ln21_6" [top.cpp:24]   --->   Operation 679 'mul' 'mul_ln24_3' <Predicate = (curr_tri_is_active)> <Delay = 3.88> <CoreInst = "Multiplier">   --->   Core 3 'Multiplier' <Latency = 0> <II = 1> <Delay = 3.88> <FuncUnit> <Opcode : 'mul'> <InPorts = 2> <OutPorts = 1>
ST_37 : Operation 680 [1/1] (0.00ns)   --->   "%sext_ln24_3 = sext i65 %add_ln24_1" [top.cpp:24]   --->   Operation 680 'sext' 'sext_ln24_3' <Predicate = (curr_tri_is_active)> <Delay = 0.00>
ST_37 : Operation 681 [1/1] (0.00ns)   --->   "%sext_ln24_4 = sext i64 %mul_ln24_3" [top.cpp:24]   --->   Operation 681 'sext' 'sext_ln24_4' <Predicate = (curr_tri_is_active)> <Delay = 0.00>
ST_37 : Operation 682 [1/1] (1.47ns)   --->   "%add_ln24_2 = add i66 %sext_ln24_3, i66 %sext_ln24_4" [top.cpp:24]   --->   Operation 682 'add' 'add_ln24_2' <Predicate = (curr_tri_is_active)> <Delay = 1.47> <CoreInst = "Adder">   --->   Core 1 'Adder' <Latency = 0> <II = 1> <Delay = 1.47> <FuncUnit> <Opcode : 'add' 'sub'> <InPorts = 2> <OutPorts = 1>
ST_37 : Operation 683 [1/1] (0.00ns)   --->   "%tmp_106 = bitselect i1 @_ssdm_op_BitSelect.i1.i66.i32, i66 %add_ln24_2, i32 65" [top.cpp:24]   --->   Operation 683 'bitselect' 'tmp_106' <Predicate = (curr_tri_is_active)> <Delay = 0.00>
ST_37 : Operation 684 [1/1] (0.00ns)   --->   "%trunc_ln24_1 = partselect i32 @_ssdm_op_PartSelect.i32.i66.i32.i32, i66 %add_ln24_2, i32 16, i32 47" [top.cpp:24]   --->   Operation 684 'partselect' 'trunc_ln24_1' <Predicate = (curr_tri_is_active)> <Delay = 0.00>
ST_37 : Operation 685 [1/1] (0.00ns)   --->   "%tmp_107 = bitselect i1 @_ssdm_op_BitSelect.i1.i66.i32, i66 %add_ln24_2, i32 15" [top.cpp:24]   --->   Operation 685 'bitselect' 'tmp_107' <Predicate = (curr_tri_is_active)> <Delay = 0.00>
ST_37 : Operation 686 [1/1] (0.00ns) (grouped into LUT with out node and_ln24)   --->   "%tmp_108 = bitselect i1 @_ssdm_op_BitSelect.i1.i66.i32, i66 %add_ln24_2, i32 47" [top.cpp:24]   --->   Operation 686 'bitselect' 'tmp_108' <Predicate = (curr_tri_is_active)> <Delay = 0.00>
ST_37 : Operation 687 [1/1] (0.00ns)   --->   "%zext_ln24 = zext i1 %tmp_107" [top.cpp:24]   --->   Operation 687 'zext' 'zext_ln24' <Predicate = (curr_tri_is_active)> <Delay = 0.00>
ST_37 : Operation 688 [1/1] (1.20ns)   --->   "%add_ln24_3 = add i32 %trunc_ln24_1, i32 %zext_ln24" [top.cpp:24]   --->   Operation 688 'add' 'add_ln24_3' <Predicate = (curr_tri_is_active)> <Delay = 1.20> <CoreInst = "Adder">   --->   Core 1 'Adder' <Latency = 0> <II = 1> <Delay = 1.20> <FuncUnit> <Opcode : 'add' 'sub'> <InPorts = 2> <OutPorts = 1>
ST_37 : Operation 689 [1/1] (0.00ns)   --->   "%tmp_109 = bitselect i1 @_ssdm_op_BitSelect.i1.i32.i32, i32 %add_ln24_3, i32 31" [top.cpp:24]   --->   Operation 689 'bitselect' 'tmp_109' <Predicate = (curr_tri_is_active)> <Delay = 0.00>
ST_37 : Operation 690 [1/1] (0.00ns) (grouped into LUT with out node and_ln24)   --->   "%xor_ln24 = xor i1 %tmp_109, i1 1" [top.cpp:24]   --->   Operation 690 'xor' 'xor_ln24' <Predicate = (curr_tri_is_active)> <Delay = 0.00> <CoreInst = "LogicGate">   --->   Core 74 'LogicGate' <Latency = 0> <II = 1> <Delay = 0.33> <FuncUnit> <Opcode : 'and' 'or' 'xor'> <InPorts = 2> <OutPorts = 1>
ST_37 : Operation 691 [1/1] (0.33ns) (out node of the LUT)   --->   "%and_ln24 = and i1 %tmp_108, i1 %xor_ln24" [top.cpp:24]   --->   Operation 691 'and' 'and_ln24' <Predicate = (curr_tri_is_active)> <Delay = 0.33> <CoreInst = "LogicGate">   --->   Core 74 'LogicGate' <Latency = 0> <II = 1> <Delay = 0.33> <FuncUnit> <Opcode : 'and' 'or' 'xor'> <InPorts = 2> <OutPorts = 1>
ST_37 : Operation 692 [1/1] (0.00ns) (grouped into LUT with out node and_ln24_4)   --->   "%tmp_110 = bitselect i1 @_ssdm_op_BitSelect.i1.i66.i32, i66 %add_ln24_2, i32 48" [top.cpp:24]   --->   Operation 692 'bitselect' 'tmp_110' <Predicate = (curr_tri_is_active)> <Delay = 0.00>
ST_37 : Operation 693 [1/1] (0.00ns)   --->   "%tmp_18 = partselect i17 @_ssdm_op_PartSelect.i17.i66.i32.i32, i66 %add_ln24_2, i32 49, i32 65" [top.cpp:24]   --->   Operation 693 'partselect' 'tmp_18' <Predicate = (curr_tri_is_active)> <Delay = 0.00>
ST_37 : Operation 694 [1/1] (1.02ns)   --->   "%icmp_ln24 = icmp_eq  i17 %tmp_18, i17 131071" [top.cpp:24]   --->   Operation 694 'icmp' 'icmp_ln24' <Predicate = (curr_tri_is_active)> <Delay = 1.02> <CoreInst = "Cmp">   --->   Core 9 'Cmp' <Latency = 0> <II = 1> <Delay = 1.02> <FuncUnit> <Opcode : 'seteq' 'setne' 'setle' 'setge' 'setlt' 'setgt'> <InPorts = 2> <OutPorts = 1>
ST_37 : Operation 695 [1/1] (0.00ns)   --->   "%tmp_19 = partselect i18 @_ssdm_op_PartSelect.i18.i66.i32.i32, i66 %add_ln24_2, i32 48, i32 65" [top.cpp:24]   --->   Operation 695 'partselect' 'tmp_19' <Predicate = (curr_tri_is_active)> <Delay = 0.00>
ST_37 : Operation 696 [1/1] (1.03ns)   --->   "%icmp_ln24_1 = icmp_eq  i18 %tmp_19, i18 262143" [top.cpp:24]   --->   Operation 696 'icmp' 'icmp_ln24_1' <Predicate = (curr_tri_is_active)> <Delay = 1.03> <CoreInst = "Cmp">   --->   Core 9 'Cmp' <Latency = 0> <II = 1> <Delay = 1.03> <FuncUnit> <Opcode : 'seteq' 'setne' 'setle' 'setge' 'setlt' 'setgt'> <InPorts = 2> <OutPorts = 1>
ST_37 : Operation 697 [1/1] (1.03ns)   --->   "%icmp_ln24_2 = icmp_eq  i18 %tmp_19, i18 0" [top.cpp:24]   --->   Operation 697 'icmp' 'icmp_ln24_2' <Predicate = (curr_tri_is_active)> <Delay = 1.03> <CoreInst = "Cmp">   --->   Core 9 'Cmp' <Latency = 0> <II = 1> <Delay = 1.03> <FuncUnit> <Opcode : 'seteq' 'setne' 'setle' 'setge' 'setlt' 'setgt'> <InPorts = 2> <OutPorts = 1>
ST_37 : Operation 698 [1/1] (0.00ns) (grouped into LUT with out node and_ln24_3)   --->   "%select_ln24 = select i1 %and_ln24, i1 %icmp_ln24_1, i1 %icmp_ln24_2" [top.cpp:24]   --->   Operation 698 'select' 'select_ln24' <Predicate = (curr_tri_is_active)> <Delay = 0.00> <CoreInst = "Sel">   --->   Core 73 'Sel' <Latency = 0> <II = 1> <Delay = 0.26> <FuncUnit> <Opcode : 'select'> <InPorts = 3> <OutPorts = 1>
ST_37 : Operation 699 [1/1] (0.00ns) (grouped into LUT with out node and_ln24_4)   --->   "%xor_ln24_1 = xor i1 %tmp_110, i1 1" [top.cpp:24]   --->   Operation 699 'xor' 'xor_ln24_1' <Predicate = (curr_tri_is_active)> <Delay = 0.00> <CoreInst = "LogicGate">   --->   Core 74 'LogicGate' <Latency = 0> <II = 1> <Delay = 0.33> <FuncUnit> <Opcode : 'and' 'or' 'xor'> <InPorts = 2> <OutPorts = 1>
ST_37 : Operation 700 [1/1] (0.00ns) (grouped into LUT with out node and_ln24_4)   --->   "%and_ln24_1 = and i1 %icmp_ln24, i1 %xor_ln24_1" [top.cpp:24]   --->   Operation 700 'and' 'and_ln24_1' <Predicate = (curr_tri_is_active)> <Delay = 0.00> <CoreInst = "LogicGate">   --->   Core 74 'LogicGate' <Latency = 0> <II = 1> <Delay = 0.33> <FuncUnit> <Opcode : 'and' 'or' 'xor'> <InPorts = 2> <OutPorts = 1>
ST_37 : Operation 701 [1/1] (0.00ns) (grouped into LUT with out node and_ln24_4)   --->   "%select_ln24_1 = select i1 %and_ln24, i1 %and_ln24_1, i1 %icmp_ln24_1" [top.cpp:24]   --->   Operation 701 'select' 'select_ln24_1' <Predicate = (curr_tri_is_active)> <Delay = 0.00> <CoreInst = "Sel">   --->   Core 73 'Sel' <Latency = 0> <II = 1> <Delay = 0.26> <FuncUnit> <Opcode : 'select'> <InPorts = 3> <OutPorts = 1>
ST_37 : Operation 702 [1/1] (0.00ns) (grouped into LUT with out node and_ln24_3)   --->   "%xor_ln24_2 = xor i1 %select_ln24, i1 1" [top.cpp:24]   --->   Operation 702 'xor' 'xor_ln24_2' <Predicate = (curr_tri_is_active)> <Delay = 0.00> <CoreInst = "LogicGate">   --->   Core 74 'LogicGate' <Latency = 0> <II = 1> <Delay = 0.33> <FuncUnit> <Opcode : 'and' 'or' 'xor'> <InPorts = 2> <OutPorts = 1>
ST_37 : Operation 703 [1/1] (0.00ns) (grouped into LUT with out node and_ln24_3)   --->   "%or_ln24 = or i1 %tmp_109, i1 %xor_ln24_2" [top.cpp:24]   --->   Operation 703 'or' 'or_ln24' <Predicate = (curr_tri_is_active)> <Delay = 0.00> <CoreInst = "LogicGate">   --->   Core 74 'LogicGate' <Latency = 0> <II = 1> <Delay = 0.33> <FuncUnit> <Opcode : 'and' 'or' 'xor'> <InPorts = 2> <OutPorts = 1>
ST_37 : Operation 704 [1/1] (0.00ns) (grouped into LUT with out node and_ln24_3)   --->   "%xor_ln24_3 = xor i1 %tmp_106, i1 1" [top.cpp:24]   --->   Operation 704 'xor' 'xor_ln24_3' <Predicate = (curr_tri_is_active)> <Delay = 0.00> <CoreInst = "LogicGate">   --->   Core 74 'LogicGate' <Latency = 0> <II = 1> <Delay = 0.33> <FuncUnit> <Opcode : 'and' 'or' 'xor'> <InPorts = 2> <OutPorts = 1>
ST_37 : Operation 705 [1/1] (0.33ns) (out node of the LUT)   --->   "%and_ln24_3 = and i1 %or_ln24, i1 %xor_ln24_3" [top.cpp:24]   --->   Operation 705 'and' 'and_ln24_3' <Predicate = (curr_tri_is_active)> <Delay = 0.33> <CoreInst = "LogicGate">   --->   Core 74 'LogicGate' <Latency = 0> <II = 1> <Delay = 0.33> <FuncUnit> <Opcode : 'and' 'or' 'xor'> <InPorts = 2> <OutPorts = 1>
ST_37 : Operation 706 [1/1] (0.33ns) (out node of the LUT)   --->   "%and_ln24_4 = and i1 %tmp_109, i1 %select_ln24_1" [top.cpp:24]   --->   Operation 706 'and' 'and_ln24_4' <Predicate = (curr_tri_is_active)> <Delay = 0.33> <CoreInst = "LogicGate">   --->   Core 74 'LogicGate' <Latency = 0> <II = 1> <Delay = 0.33> <FuncUnit> <Opcode : 'and' 'or' 'xor'> <InPorts = 2> <OutPorts = 1>
ST_37 : Operation 707 [1/1] (3.88ns)   --->   "%mul_ln24_7 = mul i64 %conv7_i105_i, i64 %sext_ln21_15" [top.cpp:24]   --->   Operation 707 'mul' 'mul_ln24_7' <Predicate = (curr_tri_is_active)> <Delay = 3.88> <CoreInst = "Multiplier">   --->   Core 3 'Multiplier' <Latency = 0> <II = 1> <Delay = 3.88> <FuncUnit> <Opcode : 'mul'> <InPorts = 2> <OutPorts = 1>
ST_37 : Operation 708 [1/1] (0.00ns)   --->   "%sext_ln24_8 = sext i65 %add_ln24_5" [top.cpp:24]   --->   Operation 708 'sext' 'sext_ln24_8' <Predicate = (curr_tri_is_active)> <Delay = 0.00>
ST_37 : Operation 709 [1/1] (0.00ns)   --->   "%sext_ln24_9 = sext i64 %mul_ln24_7" [top.cpp:24]   --->   Operation 709 'sext' 'sext_ln24_9' <Predicate = (curr_tri_is_active)> <Delay = 0.00>
ST_37 : Operation 710 [1/1] (1.47ns)   --->   "%add_ln24_6 = add i66 %sext_ln24_8, i66 %sext_ln24_9" [top.cpp:24]   --->   Operation 710 'add' 'add_ln24_6' <Predicate = (curr_tri_is_active)> <Delay = 1.47> <CoreInst = "Adder">   --->   Core 1 'Adder' <Latency = 0> <II = 1> <Delay = 1.47> <FuncUnit> <Opcode : 'add' 'sub'> <InPorts = 2> <OutPorts = 1>
ST_37 : Operation 711 [1/1] (0.00ns)   --->   "%tmp_126 = bitselect i1 @_ssdm_op_BitSelect.i1.i66.i32, i66 %add_ln24_6, i32 65" [top.cpp:24]   --->   Operation 711 'bitselect' 'tmp_126' <Predicate = (curr_tri_is_active)> <Delay = 0.00>
ST_37 : Operation 712 [1/1] (0.00ns)   --->   "%trunc_ln24_3 = partselect i32 @_ssdm_op_PartSelect.i32.i66.i32.i32, i66 %add_ln24_6, i32 16, i32 47" [top.cpp:24]   --->   Operation 712 'partselect' 'trunc_ln24_3' <Predicate = (curr_tri_is_active)> <Delay = 0.00>
ST_37 : Operation 713 [1/1] (0.00ns)   --->   "%tmp_127 = bitselect i1 @_ssdm_op_BitSelect.i1.i66.i32, i66 %add_ln24_6, i32 15" [top.cpp:24]   --->   Operation 713 'bitselect' 'tmp_127' <Predicate = (curr_tri_is_active)> <Delay = 0.00>
ST_37 : Operation 714 [1/1] (0.00ns) (grouped into LUT with out node and_ln24_6)   --->   "%tmp_128 = bitselect i1 @_ssdm_op_BitSelect.i1.i66.i32, i66 %add_ln24_6, i32 47" [top.cpp:24]   --->   Operation 714 'bitselect' 'tmp_128' <Predicate = (curr_tri_is_active)> <Delay = 0.00>
ST_37 : Operation 715 [1/1] (0.00ns)   --->   "%zext_ln24_1 = zext i1 %tmp_127" [top.cpp:24]   --->   Operation 715 'zext' 'zext_ln24_1' <Predicate = (curr_tri_is_active)> <Delay = 0.00>
ST_37 : Operation 716 [1/1] (1.20ns)   --->   "%add_ln24_7 = add i32 %trunc_ln24_3, i32 %zext_ln24_1" [top.cpp:24]   --->   Operation 716 'add' 'add_ln24_7' <Predicate = (curr_tri_is_active)> <Delay = 1.20> <CoreInst = "Adder">   --->   Core 1 'Adder' <Latency = 0> <II = 1> <Delay = 1.20> <FuncUnit> <Opcode : 'add' 'sub'> <InPorts = 2> <OutPorts = 1>
ST_37 : Operation 717 [1/1] (0.00ns)   --->   "%tmp_129 = bitselect i1 @_ssdm_op_BitSelect.i1.i32.i32, i32 %add_ln24_7, i32 31" [top.cpp:24]   --->   Operation 717 'bitselect' 'tmp_129' <Predicate = (curr_tri_is_active)> <Delay = 0.00>
ST_37 : Operation 718 [1/1] (0.00ns) (grouped into LUT with out node and_ln24_6)   --->   "%xor_ln24_5 = xor i1 %tmp_129, i1 1" [top.cpp:24]   --->   Operation 718 'xor' 'xor_ln24_5' <Predicate = (curr_tri_is_active)> <Delay = 0.00> <CoreInst = "LogicGate">   --->   Core 74 'LogicGate' <Latency = 0> <II = 1> <Delay = 0.33> <FuncUnit> <Opcode : 'and' 'or' 'xor'> <InPorts = 2> <OutPorts = 1>
ST_37 : Operation 719 [1/1] (0.33ns) (out node of the LUT)   --->   "%and_ln24_6 = and i1 %tmp_128, i1 %xor_ln24_5" [top.cpp:24]   --->   Operation 719 'and' 'and_ln24_6' <Predicate = (curr_tri_is_active)> <Delay = 0.33> <CoreInst = "LogicGate">   --->   Core 74 'LogicGate' <Latency = 0> <II = 1> <Delay = 0.33> <FuncUnit> <Opcode : 'and' 'or' 'xor'> <InPorts = 2> <OutPorts = 1>
ST_37 : Operation 720 [1/1] (0.00ns) (grouped into LUT with out node and_ln24_10)   --->   "%tmp_130 = bitselect i1 @_ssdm_op_BitSelect.i1.i66.i32, i66 %add_ln24_6, i32 48" [top.cpp:24]   --->   Operation 720 'bitselect' 'tmp_130' <Predicate = (curr_tri_is_active)> <Delay = 0.00>
ST_37 : Operation 721 [1/1] (0.00ns)   --->   "%tmp_26 = partselect i17 @_ssdm_op_PartSelect.i17.i66.i32.i32, i66 %add_ln24_6, i32 49, i32 65" [top.cpp:24]   --->   Operation 721 'partselect' 'tmp_26' <Predicate = (curr_tri_is_active)> <Delay = 0.00>
ST_37 : Operation 722 [1/1] (1.02ns)   --->   "%icmp_ln24_3 = icmp_eq  i17 %tmp_26, i17 131071" [top.cpp:24]   --->   Operation 722 'icmp' 'icmp_ln24_3' <Predicate = (curr_tri_is_active)> <Delay = 1.02> <CoreInst = "Cmp">   --->   Core 9 'Cmp' <Latency = 0> <II = 1> <Delay = 1.02> <FuncUnit> <Opcode : 'seteq' 'setne' 'setle' 'setge' 'setlt' 'setgt'> <InPorts = 2> <OutPorts = 1>
ST_37 : Operation 723 [1/1] (0.00ns)   --->   "%tmp_27 = partselect i18 @_ssdm_op_PartSelect.i18.i66.i32.i32, i66 %add_ln24_6, i32 48, i32 65" [top.cpp:24]   --->   Operation 723 'partselect' 'tmp_27' <Predicate = (curr_tri_is_active)> <Delay = 0.00>
ST_37 : Operation 724 [1/1] (1.03ns)   --->   "%icmp_ln24_4 = icmp_eq  i18 %tmp_27, i18 262143" [top.cpp:24]   --->   Operation 724 'icmp' 'icmp_ln24_4' <Predicate = (curr_tri_is_active)> <Delay = 1.03> <CoreInst = "Cmp">   --->   Core 9 'Cmp' <Latency = 0> <II = 1> <Delay = 1.03> <FuncUnit> <Opcode : 'seteq' 'setne' 'setle' 'setge' 'setlt' 'setgt'> <InPorts = 2> <OutPorts = 1>
ST_37 : Operation 725 [1/1] (1.03ns)   --->   "%icmp_ln24_5 = icmp_eq  i18 %tmp_27, i18 0" [top.cpp:24]   --->   Operation 725 'icmp' 'icmp_ln24_5' <Predicate = (curr_tri_is_active)> <Delay = 1.03> <CoreInst = "Cmp">   --->   Core 9 'Cmp' <Latency = 0> <II = 1> <Delay = 1.03> <FuncUnit> <Opcode : 'seteq' 'setne' 'setle' 'setge' 'setlt' 'setgt'> <InPorts = 2> <OutPorts = 1>
ST_37 : Operation 726 [1/1] (0.00ns) (grouped into LUT with out node and_ln24_9)   --->   "%select_ln24_4 = select i1 %and_ln24_6, i1 %icmp_ln24_4, i1 %icmp_ln24_5" [top.cpp:24]   --->   Operation 726 'select' 'select_ln24_4' <Predicate = (curr_tri_is_active)> <Delay = 0.00> <CoreInst = "Sel">   --->   Core 73 'Sel' <Latency = 0> <II = 1> <Delay = 0.26> <FuncUnit> <Opcode : 'select'> <InPorts = 3> <OutPorts = 1>
ST_37 : Operation 727 [1/1] (0.00ns) (grouped into LUT with out node and_ln24_10)   --->   "%xor_ln24_6 = xor i1 %tmp_130, i1 1" [top.cpp:24]   --->   Operation 727 'xor' 'xor_ln24_6' <Predicate = (curr_tri_is_active)> <Delay = 0.00> <CoreInst = "LogicGate">   --->   Core 74 'LogicGate' <Latency = 0> <II = 1> <Delay = 0.33> <FuncUnit> <Opcode : 'and' 'or' 'xor'> <InPorts = 2> <OutPorts = 1>
ST_37 : Operation 728 [1/1] (0.00ns) (grouped into LUT with out node and_ln24_10)   --->   "%and_ln24_7 = and i1 %icmp_ln24_3, i1 %xor_ln24_6" [top.cpp:24]   --->   Operation 728 'and' 'and_ln24_7' <Predicate = (curr_tri_is_active)> <Delay = 0.00> <CoreInst = "LogicGate">   --->   Core 74 'LogicGate' <Latency = 0> <II = 1> <Delay = 0.33> <FuncUnit> <Opcode : 'and' 'or' 'xor'> <InPorts = 2> <OutPorts = 1>
ST_37 : Operation 729 [1/1] (0.00ns) (grouped into LUT with out node and_ln24_10)   --->   "%select_ln24_5 = select i1 %and_ln24_6, i1 %and_ln24_7, i1 %icmp_ln24_4" [top.cpp:24]   --->   Operation 729 'select' 'select_ln24_5' <Predicate = (curr_tri_is_active)> <Delay = 0.00> <CoreInst = "Sel">   --->   Core 73 'Sel' <Latency = 0> <II = 1> <Delay = 0.26> <FuncUnit> <Opcode : 'select'> <InPorts = 3> <OutPorts = 1>
ST_37 : Operation 730 [1/1] (0.00ns) (grouped into LUT with out node and_ln24_9)   --->   "%xor_ln24_7 = xor i1 %select_ln24_4, i1 1" [top.cpp:24]   --->   Operation 730 'xor' 'xor_ln24_7' <Predicate = (curr_tri_is_active)> <Delay = 0.00> <CoreInst = "LogicGate">   --->   Core 74 'LogicGate' <Latency = 0> <II = 1> <Delay = 0.33> <FuncUnit> <Opcode : 'and' 'or' 'xor'> <InPorts = 2> <OutPorts = 1>
ST_37 : Operation 731 [1/1] (0.00ns) (grouped into LUT with out node and_ln24_9)   --->   "%or_ln24_2 = or i1 %tmp_129, i1 %xor_ln24_7" [top.cpp:24]   --->   Operation 731 'or' 'or_ln24_2' <Predicate = (curr_tri_is_active)> <Delay = 0.00> <CoreInst = "LogicGate">   --->   Core 74 'LogicGate' <Latency = 0> <II = 1> <Delay = 0.33> <FuncUnit> <Opcode : 'and' 'or' 'xor'> <InPorts = 2> <OutPorts = 1>
ST_37 : Operation 732 [1/1] (0.00ns) (grouped into LUT with out node and_ln24_9)   --->   "%xor_ln24_8 = xor i1 %tmp_126, i1 1" [top.cpp:24]   --->   Operation 732 'xor' 'xor_ln24_8' <Predicate = (curr_tri_is_active)> <Delay = 0.00> <CoreInst = "LogicGate">   --->   Core 74 'LogicGate' <Latency = 0> <II = 1> <Delay = 0.33> <FuncUnit> <Opcode : 'and' 'or' 'xor'> <InPorts = 2> <OutPorts = 1>
ST_37 : Operation 733 [1/1] (0.33ns) (out node of the LUT)   --->   "%and_ln24_9 = and i1 %or_ln24_2, i1 %xor_ln24_8" [top.cpp:24]   --->   Operation 733 'and' 'and_ln24_9' <Predicate = (curr_tri_is_active)> <Delay = 0.33> <CoreInst = "LogicGate">   --->   Core 74 'LogicGate' <Latency = 0> <II = 1> <Delay = 0.33> <FuncUnit> <Opcode : 'and' 'or' 'xor'> <InPorts = 2> <OutPorts = 1>
ST_37 : Operation 734 [1/1] (0.33ns) (out node of the LUT)   --->   "%and_ln24_10 = and i1 %tmp_129, i1 %select_ln24_5" [top.cpp:24]   --->   Operation 734 'and' 'and_ln24_10' <Predicate = (curr_tri_is_active)> <Delay = 0.33> <CoreInst = "LogicGate">   --->   Core 74 'LogicGate' <Latency = 0> <II = 1> <Delay = 0.33> <FuncUnit> <Opcode : 'and' 'or' 'xor'> <InPorts = 2> <OutPorts = 1>
ST_37 : Operation 735 [1/1] (3.88ns)   --->   "%mul_ln24_11 = mul i64 %conv7_i105_i, i64 %sext_ln21_24" [top.cpp:24]   --->   Operation 735 'mul' 'mul_ln24_11' <Predicate = (curr_tri_is_active)> <Delay = 3.88> <CoreInst = "Multiplier">   --->   Core 3 'Multiplier' <Latency = 0> <II = 1> <Delay = 3.88> <FuncUnit> <Opcode : 'mul'> <InPorts = 2> <OutPorts = 1>
ST_37 : Operation 736 [1/1] (0.00ns)   --->   "%sext_ln24_13 = sext i65 %add_ln24_9" [top.cpp:24]   --->   Operation 736 'sext' 'sext_ln24_13' <Predicate = (curr_tri_is_active)> <Delay = 0.00>
ST_37 : Operation 737 [1/1] (0.00ns)   --->   "%sext_ln24_14 = sext i64 %mul_ln24_11" [top.cpp:24]   --->   Operation 737 'sext' 'sext_ln24_14' <Predicate = (curr_tri_is_active)> <Delay = 0.00>
ST_37 : Operation 738 [1/1] (1.47ns)   --->   "%add_ln24_10 = add i66 %sext_ln24_13, i66 %sext_ln24_14" [top.cpp:24]   --->   Operation 738 'add' 'add_ln24_10' <Predicate = (curr_tri_is_active)> <Delay = 1.47> <CoreInst = "Adder">   --->   Core 1 'Adder' <Latency = 0> <II = 1> <Delay = 1.47> <FuncUnit> <Opcode : 'add' 'sub'> <InPorts = 2> <OutPorts = 1>
ST_37 : Operation 739 [1/1] (0.00ns)   --->   "%tmp_146 = bitselect i1 @_ssdm_op_BitSelect.i1.i66.i32, i66 %add_ln24_10, i32 65" [top.cpp:24]   --->   Operation 739 'bitselect' 'tmp_146' <Predicate = (curr_tri_is_active)> <Delay = 0.00>
ST_37 : Operation 740 [1/1] (0.00ns)   --->   "%trunc_ln24_5 = partselect i32 @_ssdm_op_PartSelect.i32.i66.i32.i32, i66 %add_ln24_10, i32 16, i32 47" [top.cpp:24]   --->   Operation 740 'partselect' 'trunc_ln24_5' <Predicate = (curr_tri_is_active)> <Delay = 0.00>
ST_37 : Operation 741 [1/1] (0.00ns)   --->   "%tmp_147 = bitselect i1 @_ssdm_op_BitSelect.i1.i66.i32, i66 %add_ln24_10, i32 15" [top.cpp:24]   --->   Operation 741 'bitselect' 'tmp_147' <Predicate = (curr_tri_is_active)> <Delay = 0.00>
ST_37 : Operation 742 [1/1] (0.00ns) (grouped into LUT with out node and_ln24_12)   --->   "%tmp_148 = bitselect i1 @_ssdm_op_BitSelect.i1.i66.i32, i66 %add_ln24_10, i32 47" [top.cpp:24]   --->   Operation 742 'bitselect' 'tmp_148' <Predicate = (curr_tri_is_active)> <Delay = 0.00>
ST_37 : Operation 743 [1/1] (0.00ns)   --->   "%zext_ln24_2 = zext i1 %tmp_147" [top.cpp:24]   --->   Operation 743 'zext' 'zext_ln24_2' <Predicate = (curr_tri_is_active)> <Delay = 0.00>
ST_37 : Operation 744 [1/1] (1.20ns)   --->   "%add_ln24_11 = add i32 %trunc_ln24_5, i32 %zext_ln24_2" [top.cpp:24]   --->   Operation 744 'add' 'add_ln24_11' <Predicate = (curr_tri_is_active)> <Delay = 1.20> <CoreInst = "Adder">   --->   Core 1 'Adder' <Latency = 0> <II = 1> <Delay = 1.20> <FuncUnit> <Opcode : 'add' 'sub'> <InPorts = 2> <OutPorts = 1>
ST_37 : Operation 745 [1/1] (0.00ns)   --->   "%tmp_149 = bitselect i1 @_ssdm_op_BitSelect.i1.i32.i32, i32 %add_ln24_11, i32 31" [top.cpp:24]   --->   Operation 745 'bitselect' 'tmp_149' <Predicate = (curr_tri_is_active)> <Delay = 0.00>
ST_37 : Operation 746 [1/1] (0.00ns) (grouped into LUT with out node and_ln24_12)   --->   "%xor_ln24_10 = xor i1 %tmp_149, i1 1" [top.cpp:24]   --->   Operation 746 'xor' 'xor_ln24_10' <Predicate = (curr_tri_is_active)> <Delay = 0.00> <CoreInst = "LogicGate">   --->   Core 74 'LogicGate' <Latency = 0> <II = 1> <Delay = 0.33> <FuncUnit> <Opcode : 'and' 'or' 'xor'> <InPorts = 2> <OutPorts = 1>
ST_37 : Operation 747 [1/1] (0.33ns) (out node of the LUT)   --->   "%and_ln24_12 = and i1 %tmp_148, i1 %xor_ln24_10" [top.cpp:24]   --->   Operation 747 'and' 'and_ln24_12' <Predicate = (curr_tri_is_active)> <Delay = 0.33> <CoreInst = "LogicGate">   --->   Core 74 'LogicGate' <Latency = 0> <II = 1> <Delay = 0.33> <FuncUnit> <Opcode : 'and' 'or' 'xor'> <InPorts = 2> <OutPorts = 1>
ST_37 : Operation 748 [1/1] (0.00ns) (grouped into LUT with out node and_ln24_16)   --->   "%tmp_150 = bitselect i1 @_ssdm_op_BitSelect.i1.i66.i32, i66 %add_ln24_10, i32 48" [top.cpp:24]   --->   Operation 748 'bitselect' 'tmp_150' <Predicate = (curr_tri_is_active)> <Delay = 0.00>
ST_37 : Operation 749 [1/1] (0.00ns)   --->   "%tmp_34 = partselect i17 @_ssdm_op_PartSelect.i17.i66.i32.i32, i66 %add_ln24_10, i32 49, i32 65" [top.cpp:24]   --->   Operation 749 'partselect' 'tmp_34' <Predicate = (curr_tri_is_active)> <Delay = 0.00>
ST_37 : Operation 750 [1/1] (1.02ns)   --->   "%icmp_ln24_6 = icmp_eq  i17 %tmp_34, i17 131071" [top.cpp:24]   --->   Operation 750 'icmp' 'icmp_ln24_6' <Predicate = (curr_tri_is_active)> <Delay = 1.02> <CoreInst = "Cmp">   --->   Core 9 'Cmp' <Latency = 0> <II = 1> <Delay = 1.02> <FuncUnit> <Opcode : 'seteq' 'setne' 'setle' 'setge' 'setlt' 'setgt'> <InPorts = 2> <OutPorts = 1>
ST_37 : Operation 751 [1/1] (0.00ns)   --->   "%tmp_35 = partselect i18 @_ssdm_op_PartSelect.i18.i66.i32.i32, i66 %add_ln24_10, i32 48, i32 65" [top.cpp:24]   --->   Operation 751 'partselect' 'tmp_35' <Predicate = (curr_tri_is_active)> <Delay = 0.00>
ST_37 : Operation 752 [1/1] (1.03ns)   --->   "%icmp_ln24_7 = icmp_eq  i18 %tmp_35, i18 262143" [top.cpp:24]   --->   Operation 752 'icmp' 'icmp_ln24_7' <Predicate = (curr_tri_is_active)> <Delay = 1.03> <CoreInst = "Cmp">   --->   Core 9 'Cmp' <Latency = 0> <II = 1> <Delay = 1.03> <FuncUnit> <Opcode : 'seteq' 'setne' 'setle' 'setge' 'setlt' 'setgt'> <InPorts = 2> <OutPorts = 1>
ST_37 : Operation 753 [1/1] (1.03ns)   --->   "%icmp_ln24_8 = icmp_eq  i18 %tmp_35, i18 0" [top.cpp:24]   --->   Operation 753 'icmp' 'icmp_ln24_8' <Predicate = (curr_tri_is_active)> <Delay = 1.03> <CoreInst = "Cmp">   --->   Core 9 'Cmp' <Latency = 0> <II = 1> <Delay = 1.03> <FuncUnit> <Opcode : 'seteq' 'setne' 'setle' 'setge' 'setlt' 'setgt'> <InPorts = 2> <OutPorts = 1>
ST_37 : Operation 754 [1/1] (0.00ns) (grouped into LUT with out node and_ln24_15)   --->   "%select_ln24_8 = select i1 %and_ln24_12, i1 %icmp_ln24_7, i1 %icmp_ln24_8" [top.cpp:24]   --->   Operation 754 'select' 'select_ln24_8' <Predicate = (curr_tri_is_active)> <Delay = 0.00> <CoreInst = "Sel">   --->   Core 73 'Sel' <Latency = 0> <II = 1> <Delay = 0.26> <FuncUnit> <Opcode : 'select'> <InPorts = 3> <OutPorts = 1>
ST_37 : Operation 755 [1/1] (0.00ns) (grouped into LUT with out node and_ln24_16)   --->   "%xor_ln24_11 = xor i1 %tmp_150, i1 1" [top.cpp:24]   --->   Operation 755 'xor' 'xor_ln24_11' <Predicate = (curr_tri_is_active)> <Delay = 0.00> <CoreInst = "LogicGate">   --->   Core 74 'LogicGate' <Latency = 0> <II = 1> <Delay = 0.33> <FuncUnit> <Opcode : 'and' 'or' 'xor'> <InPorts = 2> <OutPorts = 1>
ST_37 : Operation 756 [1/1] (0.00ns) (grouped into LUT with out node and_ln24_16)   --->   "%and_ln24_13 = and i1 %icmp_ln24_6, i1 %xor_ln24_11" [top.cpp:24]   --->   Operation 756 'and' 'and_ln24_13' <Predicate = (curr_tri_is_active)> <Delay = 0.00> <CoreInst = "LogicGate">   --->   Core 74 'LogicGate' <Latency = 0> <II = 1> <Delay = 0.33> <FuncUnit> <Opcode : 'and' 'or' 'xor'> <InPorts = 2> <OutPorts = 1>
ST_37 : Operation 757 [1/1] (0.00ns) (grouped into LUT with out node and_ln24_16)   --->   "%select_ln24_9 = select i1 %and_ln24_12, i1 %and_ln24_13, i1 %icmp_ln24_7" [top.cpp:24]   --->   Operation 757 'select' 'select_ln24_9' <Predicate = (curr_tri_is_active)> <Delay = 0.00> <CoreInst = "Sel">   --->   Core 73 'Sel' <Latency = 0> <II = 1> <Delay = 0.26> <FuncUnit> <Opcode : 'select'> <InPorts = 3> <OutPorts = 1>
ST_37 : Operation 758 [1/1] (0.00ns) (grouped into LUT with out node and_ln24_15)   --->   "%xor_ln24_12 = xor i1 %select_ln24_8, i1 1" [top.cpp:24]   --->   Operation 758 'xor' 'xor_ln24_12' <Predicate = (curr_tri_is_active)> <Delay = 0.00> <CoreInst = "LogicGate">   --->   Core 74 'LogicGate' <Latency = 0> <II = 1> <Delay = 0.33> <FuncUnit> <Opcode : 'and' 'or' 'xor'> <InPorts = 2> <OutPorts = 1>
ST_37 : Operation 759 [1/1] (0.00ns) (grouped into LUT with out node and_ln24_15)   --->   "%or_ln24_4 = or i1 %tmp_149, i1 %xor_ln24_12" [top.cpp:24]   --->   Operation 759 'or' 'or_ln24_4' <Predicate = (curr_tri_is_active)> <Delay = 0.00> <CoreInst = "LogicGate">   --->   Core 74 'LogicGate' <Latency = 0> <II = 1> <Delay = 0.33> <FuncUnit> <Opcode : 'and' 'or' 'xor'> <InPorts = 2> <OutPorts = 1>
ST_37 : Operation 760 [1/1] (0.00ns) (grouped into LUT with out node and_ln24_15)   --->   "%xor_ln24_13 = xor i1 %tmp_146, i1 1" [top.cpp:24]   --->   Operation 760 'xor' 'xor_ln24_13' <Predicate = (curr_tri_is_active)> <Delay = 0.00> <CoreInst = "LogicGate">   --->   Core 74 'LogicGate' <Latency = 0> <II = 1> <Delay = 0.33> <FuncUnit> <Opcode : 'and' 'or' 'xor'> <InPorts = 2> <OutPorts = 1>
ST_37 : Operation 761 [1/1] (0.33ns) (out node of the LUT)   --->   "%and_ln24_15 = and i1 %or_ln24_4, i1 %xor_ln24_13" [top.cpp:24]   --->   Operation 761 'and' 'and_ln24_15' <Predicate = (curr_tri_is_active)> <Delay = 0.33> <CoreInst = "LogicGate">   --->   Core 74 'LogicGate' <Latency = 0> <II = 1> <Delay = 0.33> <FuncUnit> <Opcode : 'and' 'or' 'xor'> <InPorts = 2> <OutPorts = 1>
ST_37 : Operation 762 [1/1] (0.33ns) (out node of the LUT)   --->   "%and_ln24_16 = and i1 %tmp_149, i1 %select_ln24_9" [top.cpp:24]   --->   Operation 762 'and' 'and_ln24_16' <Predicate = (curr_tri_is_active)> <Delay = 0.33> <CoreInst = "LogicGate">   --->   Core 74 'LogicGate' <Latency = 0> <II = 1> <Delay = 0.33> <FuncUnit> <Opcode : 'and' 'or' 'xor'> <InPorts = 2> <OutPorts = 1>

State 38 <SV = 37> <Delay = 3.02>
ST_38 : Operation 763 [1/1] (0.00ns) (grouped into LUT with out node or_ln24_1)   --->   "%and_ln24_2 = and i1 %and_ln24, i1 %icmp_ln24_1" [top.cpp:24]   --->   Operation 763 'and' 'and_ln24_2' <Predicate = (curr_tri_is_active)> <Delay = 0.00> <CoreInst = "LogicGate">   --->   Core 74 'LogicGate' <Latency = 0> <II = 1> <Delay = 0.33> <FuncUnit> <Opcode : 'and' 'or' 'xor'> <InPorts = 2> <OutPorts = 1>
ST_38 : Operation 764 [1/1] (0.00ns) (grouped into LUT with out node or_ln24_1)   --->   "%or_ln24_6 = or i1 %and_ln24_2, i1 %and_ln24_4" [top.cpp:24]   --->   Operation 764 'or' 'or_ln24_6' <Predicate = (curr_tri_is_active)> <Delay = 0.00> <CoreInst = "LogicGate">   --->   Core 74 'LogicGate' <Latency = 0> <II = 1> <Delay = 0.33> <FuncUnit> <Opcode : 'and' 'or' 'xor'> <InPorts = 2> <OutPorts = 1>
ST_38 : Operation 765 [1/1] (0.00ns) (grouped into LUT with out node or_ln24_1)   --->   "%xor_ln24_4 = xor i1 %or_ln24_6, i1 1" [top.cpp:24]   --->   Operation 765 'xor' 'xor_ln24_4' <Predicate = (curr_tri_is_active)> <Delay = 0.00> <CoreInst = "LogicGate">   --->   Core 74 'LogicGate' <Latency = 0> <II = 1> <Delay = 0.33> <FuncUnit> <Opcode : 'and' 'or' 'xor'> <InPorts = 2> <OutPorts = 1>
ST_38 : Operation 766 [1/1] (0.00ns) (grouped into LUT with out node or_ln24_1)   --->   "%and_ln24_5 = and i1 %tmp_106, i1 %xor_ln24_4" [top.cpp:24]   --->   Operation 766 'and' 'and_ln24_5' <Predicate = (curr_tri_is_active)> <Delay = 0.00> <CoreInst = "LogicGate">   --->   Core 74 'LogicGate' <Latency = 0> <II = 1> <Delay = 0.33> <FuncUnit> <Opcode : 'and' 'or' 'xor'> <InPorts = 2> <OutPorts = 1>
ST_38 : Operation 767 [1/1] (0.00ns) (grouped into LUT with out node out_verts_w)   --->   "%select_ln24_2 = select i1 %and_ln24_3, i32 2147483647, i32 2147483648" [top.cpp:24]   --->   Operation 767 'select' 'select_ln24_2' <Predicate = (curr_tri_is_active)> <Delay = 0.00> <CoreInst = "Sel">   --->   Core 73 'Sel' <Latency = 0> <II = 1> <Delay = 0.52> <FuncUnit> <Opcode : 'select'> <InPorts = 3> <OutPorts = 1>
ST_38 : Operation 768 [1/1] (0.33ns) (out node of the LUT)   --->   "%or_ln24_1 = or i1 %and_ln24_3, i1 %and_ln24_5" [top.cpp:24]   --->   Operation 768 'or' 'or_ln24_1' <Predicate = (curr_tri_is_active)> <Delay = 0.33> <CoreInst = "LogicGate">   --->   Core 74 'LogicGate' <Latency = 0> <II = 1> <Delay = 0.33> <FuncUnit> <Opcode : 'and' 'or' 'xor'> <InPorts = 2> <OutPorts = 1>
ST_38 : Operation 769 [1/1] (0.52ns) (out node of the LUT)   --->   "%out_verts_w = select i1 %or_ln24_1, i32 %select_ln24_2, i32 %add_ln24_3" [top.cpp:24]   --->   Operation 769 'select' 'out_verts_w' <Predicate = (curr_tri_is_active)> <Delay = 0.52> <CoreInst = "Sel">   --->   Core 73 'Sel' <Latency = 0> <II = 1> <Delay = 0.52> <FuncUnit> <Opcode : 'select'> <InPorts = 3> <OutPorts = 1>
ST_38 : Operation 770 [1/1] (0.00ns) (grouped into LUT with out node or_ln24_3)   --->   "%and_ln24_8 = and i1 %and_ln24_6, i1 %icmp_ln24_4" [top.cpp:24]   --->   Operation 770 'and' 'and_ln24_8' <Predicate = (curr_tri_is_active)> <Delay = 0.00> <CoreInst = "LogicGate">   --->   Core 74 'LogicGate' <Latency = 0> <II = 1> <Delay = 0.33> <FuncUnit> <Opcode : 'and' 'or' 'xor'> <InPorts = 2> <OutPorts = 1>
ST_38 : Operation 771 [1/1] (0.00ns) (grouped into LUT with out node or_ln24_3)   --->   "%or_ln24_7 = or i1 %and_ln24_8, i1 %and_ln24_10" [top.cpp:24]   --->   Operation 771 'or' 'or_ln24_7' <Predicate = (curr_tri_is_active)> <Delay = 0.00> <CoreInst = "LogicGate">   --->   Core 74 'LogicGate' <Latency = 0> <II = 1> <Delay = 0.33> <FuncUnit> <Opcode : 'and' 'or' 'xor'> <InPorts = 2> <OutPorts = 1>
ST_38 : Operation 772 [1/1] (0.00ns) (grouped into LUT with out node or_ln24_3)   --->   "%xor_ln24_9 = xor i1 %or_ln24_7, i1 1" [top.cpp:24]   --->   Operation 772 'xor' 'xor_ln24_9' <Predicate = (curr_tri_is_active)> <Delay = 0.00> <CoreInst = "LogicGate">   --->   Core 74 'LogicGate' <Latency = 0> <II = 1> <Delay = 0.33> <FuncUnit> <Opcode : 'and' 'or' 'xor'> <InPorts = 2> <OutPorts = 1>
ST_38 : Operation 773 [1/1] (0.00ns) (grouped into LUT with out node or_ln24_3)   --->   "%and_ln24_11 = and i1 %tmp_126, i1 %xor_ln24_9" [top.cpp:24]   --->   Operation 773 'and' 'and_ln24_11' <Predicate = (curr_tri_is_active)> <Delay = 0.00> <CoreInst = "LogicGate">   --->   Core 74 'LogicGate' <Latency = 0> <II = 1> <Delay = 0.33> <FuncUnit> <Opcode : 'and' 'or' 'xor'> <InPorts = 2> <OutPorts = 1>
ST_38 : Operation 774 [1/1] (0.00ns) (grouped into LUT with out node out_verts_w_2)   --->   "%select_ln24_6 = select i1 %and_ln24_9, i32 2147483647, i32 2147483648" [top.cpp:24]   --->   Operation 774 'select' 'select_ln24_6' <Predicate = (curr_tri_is_active)> <Delay = 0.00> <CoreInst = "Sel">   --->   Core 73 'Sel' <Latency = 0> <II = 1> <Delay = 0.52> <FuncUnit> <Opcode : 'select'> <InPorts = 3> <OutPorts = 1>
ST_38 : Operation 775 [1/1] (0.33ns) (out node of the LUT)   --->   "%or_ln24_3 = or i1 %and_ln24_9, i1 %and_ln24_11" [top.cpp:24]   --->   Operation 775 'or' 'or_ln24_3' <Predicate = (curr_tri_is_active)> <Delay = 0.33> <CoreInst = "LogicGate">   --->   Core 74 'LogicGate' <Latency = 0> <II = 1> <Delay = 0.33> <FuncUnit> <Opcode : 'and' 'or' 'xor'> <InPorts = 2> <OutPorts = 1>
ST_38 : Operation 776 [1/1] (0.52ns) (out node of the LUT)   --->   "%out_verts_w_2 = select i1 %or_ln24_3, i32 %select_ln24_6, i32 %add_ln24_7" [top.cpp:24]   --->   Operation 776 'select' 'out_verts_w_2' <Predicate = (curr_tri_is_active)> <Delay = 0.52> <CoreInst = "Sel">   --->   Core 73 'Sel' <Latency = 0> <II = 1> <Delay = 0.52> <FuncUnit> <Opcode : 'select'> <InPorts = 3> <OutPorts = 1>
ST_38 : Operation 777 [1/1] (0.00ns) (grouped into LUT with out node or_ln24_5)   --->   "%and_ln24_14 = and i1 %and_ln24_12, i1 %icmp_ln24_7" [top.cpp:24]   --->   Operation 777 'and' 'and_ln24_14' <Predicate = (curr_tri_is_active)> <Delay = 0.00> <CoreInst = "LogicGate">   --->   Core 74 'LogicGate' <Latency = 0> <II = 1> <Delay = 0.33> <FuncUnit> <Opcode : 'and' 'or' 'xor'> <InPorts = 2> <OutPorts = 1>
ST_38 : Operation 778 [1/1] (0.00ns) (grouped into LUT with out node or_ln24_5)   --->   "%or_ln24_8 = or i1 %and_ln24_14, i1 %and_ln24_16" [top.cpp:24]   --->   Operation 778 'or' 'or_ln24_8' <Predicate = (curr_tri_is_active)> <Delay = 0.00> <CoreInst = "LogicGate">   --->   Core 74 'LogicGate' <Latency = 0> <II = 1> <Delay = 0.33> <FuncUnit> <Opcode : 'and' 'or' 'xor'> <InPorts = 2> <OutPorts = 1>
ST_38 : Operation 779 [1/1] (0.00ns) (grouped into LUT with out node or_ln24_5)   --->   "%xor_ln24_14 = xor i1 %or_ln24_8, i1 1" [top.cpp:24]   --->   Operation 779 'xor' 'xor_ln24_14' <Predicate = (curr_tri_is_active)> <Delay = 0.00> <CoreInst = "LogicGate">   --->   Core 74 'LogicGate' <Latency = 0> <II = 1> <Delay = 0.33> <FuncUnit> <Opcode : 'and' 'or' 'xor'> <InPorts = 2> <OutPorts = 1>
ST_38 : Operation 780 [1/1] (0.00ns) (grouped into LUT with out node or_ln24_5)   --->   "%and_ln24_17 = and i1 %tmp_146, i1 %xor_ln24_14" [top.cpp:24]   --->   Operation 780 'and' 'and_ln24_17' <Predicate = (curr_tri_is_active)> <Delay = 0.00> <CoreInst = "LogicGate">   --->   Core 74 'LogicGate' <Latency = 0> <II = 1> <Delay = 0.33> <FuncUnit> <Opcode : 'and' 'or' 'xor'> <InPorts = 2> <OutPorts = 1>
ST_38 : Operation 781 [1/1] (0.00ns) (grouped into LUT with out node curr_tri_v2_w)   --->   "%select_ln24_10 = select i1 %and_ln24_15, i32 2147483647, i32 2147483648" [top.cpp:24]   --->   Operation 781 'select' 'select_ln24_10' <Predicate = (curr_tri_is_active)> <Delay = 0.00> <CoreInst = "Sel">   --->   Core 73 'Sel' <Latency = 0> <II = 1> <Delay = 0.52> <FuncUnit> <Opcode : 'select'> <InPorts = 3> <OutPorts = 1>
ST_38 : Operation 782 [1/1] (0.33ns) (out node of the LUT)   --->   "%or_ln24_5 = or i1 %and_ln24_15, i1 %and_ln24_17" [top.cpp:24]   --->   Operation 782 'or' 'or_ln24_5' <Predicate = (curr_tri_is_active)> <Delay = 0.33> <CoreInst = "LogicGate">   --->   Core 74 'LogicGate' <Latency = 0> <II = 1> <Delay = 0.33> <FuncUnit> <Opcode : 'and' 'or' 'xor'> <InPorts = 2> <OutPorts = 1>
ST_38 : Operation 783 [1/1] (0.52ns) (out node of the LUT)   --->   "%curr_tri_v2_w = select i1 %or_ln24_5, i32 %select_ln24_10, i32 %add_ln24_11" [top.cpp:24]   --->   Operation 783 'select' 'curr_tri_v2_w' <Predicate = (curr_tri_is_active)> <Delay = 0.52> <CoreInst = "Sel">   --->   Core 73 'Sel' <Latency = 0> <II = 1> <Delay = 0.52> <FuncUnit> <Opcode : 'select'> <InPorts = 3> <OutPorts = 1>
ST_38 : Operation 784 [1/1] (0.00ns)   --->   "%curr_tri_v0_w_1 = phi i32 %out_verts_w, void %VITIS_LOOP_20_2.i, i32 %curr_tri_v0_w_2, void %for.body.split._crit_edge.i"   --->   Operation 784 'phi' 'curr_tri_v0_w_1' <Predicate = true> <Delay = 0.00>
ST_38 : Operation 785 [1/1] (0.00ns)   --->   "%curr_tri_v1_w_1 = phi i32 %out_verts_w_2, void %VITIS_LOOP_20_2.i, i32 %curr_tri_v1_w_2, void %for.body.split._crit_edge.i"   --->   Operation 785 'phi' 'curr_tri_v1_w_1' <Predicate = true> <Delay = 0.00>
ST_38 : Operation 786 [1/1] (0.00ns)   --->   "%curr_tri_v2_w_1 = phi i32 %curr_tri_v2_w, void %VITIS_LOOP_20_2.i, i32 %curr_tri_v2_w_3, void %for.body.split._crit_edge.i"   --->   Operation 786 'phi' 'curr_tri_v2_w_1' <Predicate = true> <Delay = 0.00>
ST_38 : Operation 787 [1/1] ( I:2.16ns O:2.16ns )   --->   "%write_ln33 = write void @_ssdm_op_Write.ap_fifo.volatile.i32P0A, i32 %clip_tris_v0_x, i32 %curr_tri_v0_x_3" [top.cpp:33]   --->   Operation 787 'write' 'write_ln33' <Predicate = true> <Delay = 2.16> <CoreInst = "FIFO_SRL">   --->   Core 80 'FIFO_SRL' <Latency = 0> <II = 1> <Delay = 2.16> <Storage> <Opcode : 'read' 'write' 'nbread' 'nbwrite'> <Ports = 0> <Width = 32> <Depth = 2> <FIFO>
ST_38 : Operation 788 [1/1] ( I:2.16ns O:2.16ns )   --->   "%write_ln33 = write void @_ssdm_op_Write.ap_fifo.volatile.i32P0A, i32 %clip_tris_v0_y, i32 %curr_tri_v0_y_3" [top.cpp:33]   --->   Operation 788 'write' 'write_ln33' <Predicate = true> <Delay = 2.16> <CoreInst = "FIFO_SRL">   --->   Core 80 'FIFO_SRL' <Latency = 0> <II = 1> <Delay = 2.16> <Storage> <Opcode : 'read' 'write' 'nbread' 'nbwrite'> <Ports = 0> <Width = 32> <Depth = 2> <FIFO>
ST_38 : Operation 789 [1/1] ( I:2.16ns O:2.16ns )   --->   "%write_ln33 = write void @_ssdm_op_Write.ap_fifo.volatile.i32P0A, i32 %clip_tris_v0_z, i32 %curr_tri_v0_z_3" [top.cpp:33]   --->   Operation 789 'write' 'write_ln33' <Predicate = true> <Delay = 2.16> <CoreInst = "FIFO_SRL">   --->   Core 80 'FIFO_SRL' <Latency = 0> <II = 1> <Delay = 2.16> <Storage> <Opcode : 'read' 'write' 'nbread' 'nbwrite'> <Ports = 0> <Width = 32> <Depth = 2> <FIFO>
ST_38 : Operation 790 [1/1] ( I:2.16ns O:2.16ns )   --->   "%write_ln33 = write void @_ssdm_op_Write.ap_fifo.volatile.i32P0A, i32 %clip_tris_v0_w, i32 %curr_tri_v0_w_1" [top.cpp:33]   --->   Operation 790 'write' 'write_ln33' <Predicate = true> <Delay = 2.16> <CoreInst = "FIFO_SRL">   --->   Core 80 'FIFO_SRL' <Latency = 0> <II = 1> <Delay = 2.16> <Storage> <Opcode : 'read' 'write' 'nbread' 'nbwrite'> <Ports = 0> <Width = 32> <Depth = 2> <FIFO>
ST_38 : Operation 791 [1/1] ( I:2.16ns O:2.16ns )   --->   "%write_ln33 = write void @_ssdm_op_Write.ap_fifo.volatile.i32P0A, i32 %clip_tris_v1_x, i32 %curr_tri_v1_x_3" [top.cpp:33]   --->   Operation 791 'write' 'write_ln33' <Predicate = true> <Delay = 2.16> <CoreInst = "FIFO_SRL">   --->   Core 80 'FIFO_SRL' <Latency = 0> <II = 1> <Delay = 2.16> <Storage> <Opcode : 'read' 'write' 'nbread' 'nbwrite'> <Ports = 0> <Width = 32> <Depth = 2> <FIFO>
ST_38 : Operation 792 [1/1] ( I:2.16ns O:2.16ns )   --->   "%write_ln33 = write void @_ssdm_op_Write.ap_fifo.volatile.i32P0A, i32 %clip_tris_v1_y, i32 %curr_tri_v1_y_3" [top.cpp:33]   --->   Operation 792 'write' 'write_ln33' <Predicate = true> <Delay = 2.16> <CoreInst = "FIFO_SRL">   --->   Core 80 'FIFO_SRL' <Latency = 0> <II = 1> <Delay = 2.16> <Storage> <Opcode : 'read' 'write' 'nbread' 'nbwrite'> <Ports = 0> <Width = 32> <Depth = 2> <FIFO>
ST_38 : Operation 793 [1/1] ( I:2.16ns O:2.16ns )   --->   "%write_ln33 = write void @_ssdm_op_Write.ap_fifo.volatile.i32P0A, i32 %clip_tris_v1_z, i32 %curr_tri_v1_z_3" [top.cpp:33]   --->   Operation 793 'write' 'write_ln33' <Predicate = true> <Delay = 2.16> <CoreInst = "FIFO_SRL">   --->   Core 80 'FIFO_SRL' <Latency = 0> <II = 1> <Delay = 2.16> <Storage> <Opcode : 'read' 'write' 'nbread' 'nbwrite'> <Ports = 0> <Width = 32> <Depth = 2> <FIFO>
ST_38 : Operation 794 [1/1] ( I:2.16ns O:2.16ns )   --->   "%write_ln33 = write void @_ssdm_op_Write.ap_fifo.volatile.i32P0A, i32 %clip_tris_v1_w, i32 %curr_tri_v1_w_1" [top.cpp:33]   --->   Operation 794 'write' 'write_ln33' <Predicate = true> <Delay = 2.16> <CoreInst = "FIFO_SRL">   --->   Core 80 'FIFO_SRL' <Latency = 0> <II = 1> <Delay = 2.16> <Storage> <Opcode : 'read' 'write' 'nbread' 'nbwrite'> <Ports = 0> <Width = 32> <Depth = 2> <FIFO>
ST_38 : Operation 795 [1/1] ( I:2.16ns O:2.16ns )   --->   "%write_ln33 = write void @_ssdm_op_Write.ap_fifo.volatile.i32P0A, i32 %clip_tris_v2_x, i32 %curr_tri_v2_x_3" [top.cpp:33]   --->   Operation 795 'write' 'write_ln33' <Predicate = true> <Delay = 2.16> <CoreInst = "FIFO_SRL">   --->   Core 80 'FIFO_SRL' <Latency = 0> <II = 1> <Delay = 2.16> <Storage> <Opcode : 'read' 'write' 'nbread' 'nbwrite'> <Ports = 0> <Width = 32> <Depth = 2> <FIFO>
ST_38 : Operation 796 [1/1] ( I:2.16ns O:2.16ns )   --->   "%write_ln33 = write void @_ssdm_op_Write.ap_fifo.volatile.i32P0A, i32 %clip_tris_v2_y, i32 %curr_tri_v2_y_3" [top.cpp:33]   --->   Operation 796 'write' 'write_ln33' <Predicate = true> <Delay = 2.16> <CoreInst = "FIFO_SRL">   --->   Core 80 'FIFO_SRL' <Latency = 0> <II = 1> <Delay = 2.16> <Storage> <Opcode : 'read' 'write' 'nbread' 'nbwrite'> <Ports = 0> <Width = 32> <Depth = 2> <FIFO>
ST_38 : Operation 797 [1/1] ( I:2.16ns O:2.16ns )   --->   "%write_ln33 = write void @_ssdm_op_Write.ap_fifo.volatile.i32P0A, i32 %clip_tris_v2_z, i32 %curr_tri_v2_z_3" [top.cpp:33]   --->   Operation 797 'write' 'write_ln33' <Predicate = true> <Delay = 2.16> <CoreInst = "FIFO_SRL">   --->   Core 80 'FIFO_SRL' <Latency = 0> <II = 1> <Delay = 2.16> <Storage> <Opcode : 'read' 'write' 'nbread' 'nbwrite'> <Ports = 0> <Width = 32> <Depth = 2> <FIFO>
ST_38 : Operation 798 [1/1] ( I:2.16ns O:2.16ns )   --->   "%write_ln33 = write void @_ssdm_op_Write.ap_fifo.volatile.i32P0A, i32 %clip_tris_v2_w, i32 %curr_tri_v2_w_1" [top.cpp:33]   --->   Operation 798 'write' 'write_ln33' <Predicate = true> <Delay = 2.16> <CoreInst = "FIFO_SRL">   --->   Core 80 'FIFO_SRL' <Latency = 0> <II = 1> <Delay = 2.16> <Storage> <Opcode : 'read' 'write' 'nbread' 'nbwrite'> <Ports = 0> <Width = 32> <Depth = 2> <FIFO>
ST_38 : Operation 799 [1/1] ( I:2.16ns O:2.16ns )   --->   "%write_ln33 = write void @_ssdm_op_Write.ap_fifo.volatile.i32P0A, i32 %clip_tris_n0_x, i32 %curr_tri_n0_x" [top.cpp:33]   --->   Operation 799 'write' 'write_ln33' <Predicate = true> <Delay = 2.16> <CoreInst = "FIFO_SRL">   --->   Core 80 'FIFO_SRL' <Latency = 0> <II = 1> <Delay = 2.16> <Storage> <Opcode : 'read' 'write' 'nbread' 'nbwrite'> <Ports = 0> <Width = 32> <Depth = 2> <FIFO>
ST_38 : Operation 800 [1/1] ( I:2.16ns O:2.16ns )   --->   "%write_ln33 = write void @_ssdm_op_Write.ap_fifo.volatile.i32P0A, i32 %clip_tris_n0_y, i32 %curr_tri_n0_y" [top.cpp:33]   --->   Operation 800 'write' 'write_ln33' <Predicate = true> <Delay = 2.16> <CoreInst = "FIFO_SRL">   --->   Core 80 'FIFO_SRL' <Latency = 0> <II = 1> <Delay = 2.16> <Storage> <Opcode : 'read' 'write' 'nbread' 'nbwrite'> <Ports = 0> <Width = 32> <Depth = 2> <FIFO>
ST_38 : Operation 801 [1/1] ( I:2.16ns O:2.16ns )   --->   "%write_ln33 = write void @_ssdm_op_Write.ap_fifo.volatile.i32P0A, i32 %clip_tris_n0_z, i32 %curr_tri_n0_z" [top.cpp:33]   --->   Operation 801 'write' 'write_ln33' <Predicate = true> <Delay = 2.16> <CoreInst = "FIFO_SRL">   --->   Core 80 'FIFO_SRL' <Latency = 0> <II = 1> <Delay = 2.16> <Storage> <Opcode : 'read' 'write' 'nbread' 'nbwrite'> <Ports = 0> <Width = 32> <Depth = 2> <FIFO>
ST_38 : Operation 802 [1/1] ( I:2.16ns O:2.16ns )   --->   "%write_ln33 = write void @_ssdm_op_Write.ap_fifo.volatile.i32P0A, i32 %clip_tris_n1_x, i32 %curr_tri_n1_x" [top.cpp:33]   --->   Operation 802 'write' 'write_ln33' <Predicate = true> <Delay = 2.16> <CoreInst = "FIFO_SRL">   --->   Core 80 'FIFO_SRL' <Latency = 0> <II = 1> <Delay = 2.16> <Storage> <Opcode : 'read' 'write' 'nbread' 'nbwrite'> <Ports = 0> <Width = 32> <Depth = 2> <FIFO>
ST_38 : Operation 803 [1/1] ( I:2.16ns O:2.16ns )   --->   "%write_ln33 = write void @_ssdm_op_Write.ap_fifo.volatile.i32P0A, i32 %clip_tris_n1_y, i32 %curr_tri_n1_y" [top.cpp:33]   --->   Operation 803 'write' 'write_ln33' <Predicate = true> <Delay = 2.16> <CoreInst = "FIFO_SRL">   --->   Core 80 'FIFO_SRL' <Latency = 0> <II = 1> <Delay = 2.16> <Storage> <Opcode : 'read' 'write' 'nbread' 'nbwrite'> <Ports = 0> <Width = 32> <Depth = 2> <FIFO>
ST_38 : Operation 804 [1/1] ( I:2.16ns O:2.16ns )   --->   "%write_ln33 = write void @_ssdm_op_Write.ap_fifo.volatile.i32P0A, i32 %clip_tris_n1_z, i32 %curr_tri_n1_z" [top.cpp:33]   --->   Operation 804 'write' 'write_ln33' <Predicate = true> <Delay = 2.16> <CoreInst = "FIFO_SRL">   --->   Core 80 'FIFO_SRL' <Latency = 0> <II = 1> <Delay = 2.16> <Storage> <Opcode : 'read' 'write' 'nbread' 'nbwrite'> <Ports = 0> <Width = 32> <Depth = 2> <FIFO>
ST_38 : Operation 805 [1/1] ( I:2.16ns O:2.16ns )   --->   "%write_ln33 = write void @_ssdm_op_Write.ap_fifo.volatile.i32P0A, i32 %clip_tris_n2_x, i32 %curr_tri_n2_x" [top.cpp:33]   --->   Operation 805 'write' 'write_ln33' <Predicate = true> <Delay = 2.16> <CoreInst = "FIFO_SRL">   --->   Core 80 'FIFO_SRL' <Latency = 0> <II = 1> <Delay = 2.16> <Storage> <Opcode : 'read' 'write' 'nbread' 'nbwrite'> <Ports = 0> <Width = 32> <Depth = 2> <FIFO>
ST_38 : Operation 806 [1/1] ( I:2.16ns O:2.16ns )   --->   "%write_ln33 = write void @_ssdm_op_Write.ap_fifo.volatile.i32P0A, i32 %clip_tris_n2_y, i32 %curr_tri_n2_y" [top.cpp:33]   --->   Operation 806 'write' 'write_ln33' <Predicate = true> <Delay = 2.16> <CoreInst = "FIFO_SRL">   --->   Core 80 'FIFO_SRL' <Latency = 0> <II = 1> <Delay = 2.16> <Storage> <Opcode : 'read' 'write' 'nbread' 'nbwrite'> <Ports = 0> <Width = 32> <Depth = 2> <FIFO>
ST_38 : Operation 807 [1/1] ( I:2.16ns O:2.16ns )   --->   "%write_ln33 = write void @_ssdm_op_Write.ap_fifo.volatile.i32P0A, i32 %clip_tris_n2_z, i32 %curr_tri_n2_z" [top.cpp:33]   --->   Operation 807 'write' 'write_ln33' <Predicate = true> <Delay = 2.16> <CoreInst = "FIFO_SRL">   --->   Core 80 'FIFO_SRL' <Latency = 0> <II = 1> <Delay = 2.16> <Storage> <Opcode : 'read' 'write' 'nbread' 'nbwrite'> <Ports = 0> <Width = 32> <Depth = 2> <FIFO>
ST_38 : Operation 808 [1/1] ( I:2.16ns O:2.16ns )   --->   "%write_ln33 = write void @_ssdm_op_Write.ap_fifo.volatile.i32P0A, i32 %clip_tris_color, i32 %curr_tri_color" [top.cpp:33]   --->   Operation 808 'write' 'write_ln33' <Predicate = true> <Delay = 2.16> <CoreInst = "FIFO_SRL">   --->   Core 80 'FIFO_SRL' <Latency = 0> <II = 1> <Delay = 2.16> <Storage> <Opcode : 'read' 'write' 'nbread' 'nbwrite'> <Ports = 0> <Width = 32> <Depth = 2> <FIFO>
ST_38 : Operation 809 [1/1] ( I:2.16ns O:2.16ns )   --->   "%write_ln33 = write void @_ssdm_op_Write.ap_fifo.volatile.i1P0A, i1 %clip_tris_is_active, i1 %curr_tri_is_active" [top.cpp:33]   --->   Operation 809 'write' 'write_ln33' <Predicate = true> <Delay = 2.16> <CoreInst = "FIFO_SRL">   --->   Core 80 'FIFO_SRL' <Latency = 0> <II = 1> <Delay = 2.16> <Storage> <Opcode : 'read' 'write' 'nbread' 'nbwrite'> <Ports = 0> <Width = 1> <Depth = 2> <FIFO>
ST_38 : Operation 810 [1/1] (0.48ns)   --->   "%ret_ln0 = ret"   --->   Operation 810 'ret' 'ret_ln0' <Predicate = (icmp_ln9)> <Delay = 0.48>


============================================================
+ Verbose Summary: Binding
============================================================
STG Binding: 
---------------- STG Properties BEGIN ----------------
- Is combinational: 0
- Is one-state seq: 0
- Is datapath-only: 0
- Is pipelined: 0
- Is top level: 0
Port [ Return ] is wired: 1; IO mode=ap_ctrl_hs:ce=0
Port [ gmem0]:  wired=1; compound=1; hidden=0; nouse=0; global=0; static=0; extern=0; dir=0; type=4; pingpong=0; private_global=0; IO mode=m_axi:ce=0
Port [ in_tris]:  wired=1; compound=0; hidden=0; nouse=0; global=0; static=0; extern=0; dir=0; type=0; pingpong=0; private_global=0; IO mode=ap_none:ce=0
Port [ gmem2]:  wired=1; compound=1; hidden=0; nouse=0; global=0; static=0; extern=0; dir=0; type=4; pingpong=0; private_global=0; IO mode=m_axi:ce=0
Port [ mvp]:  wired=1; compound=0; hidden=0; nouse=0; global=0; static=0; extern=0; dir=0; type=0; pingpong=0; private_global=0; IO mode=ap_none:ce=0
Port [ clip_tris_v0_x]:  wired=1; compound=1; hidden=0; nouse=0; global=1; static=1; extern=0; dir=1; type=3; pingpong=0; private_global=0; IO mode=ap_fifo:ce=0
Port [ clip_tris_v0_y]:  wired=1; compound=1; hidden=0; nouse=0; global=1; static=1; extern=0; dir=1; type=3; pingpong=0; private_global=0; IO mode=ap_fifo:ce=0
Port [ clip_tris_v0_z]:  wired=1; compound=1; hidden=0; nouse=0; global=1; static=1; extern=0; dir=1; type=3; pingpong=0; private_global=0; IO mode=ap_fifo:ce=0
Port [ clip_tris_v0_w]:  wired=1; compound=1; hidden=0; nouse=0; global=1; static=1; extern=0; dir=1; type=3; pingpong=0; private_global=0; IO mode=ap_fifo:ce=0
Port [ clip_tris_v1_x]:  wired=1; compound=1; hidden=0; nouse=0; global=1; static=1; extern=0; dir=1; type=3; pingpong=0; private_global=0; IO mode=ap_fifo:ce=0
Port [ clip_tris_v1_y]:  wired=1; compound=1; hidden=0; nouse=0; global=1; static=1; extern=0; dir=1; type=3; pingpong=0; private_global=0; IO mode=ap_fifo:ce=0
Port [ clip_tris_v1_z]:  wired=1; compound=1; hidden=0; nouse=0; global=1; static=1; extern=0; dir=1; type=3; pingpong=0; private_global=0; IO mode=ap_fifo:ce=0
Port [ clip_tris_v1_w]:  wired=1; compound=1; hidden=0; nouse=0; global=1; static=1; extern=0; dir=1; type=3; pingpong=0; private_global=0; IO mode=ap_fifo:ce=0
Port [ clip_tris_v2_x]:  wired=1; compound=1; hidden=0; nouse=0; global=1; static=1; extern=0; dir=1; type=3; pingpong=0; private_global=0; IO mode=ap_fifo:ce=0
Port [ clip_tris_v2_y]:  wired=1; compound=1; hidden=0; nouse=0; global=1; static=1; extern=0; dir=1; type=3; pingpong=0; private_global=0; IO mode=ap_fifo:ce=0
Port [ clip_tris_v2_z]:  wired=1; compound=1; hidden=0; nouse=0; global=1; static=1; extern=0; dir=1; type=3; pingpong=0; private_global=0; IO mode=ap_fifo:ce=0
Port [ clip_tris_v2_w]:  wired=1; compound=1; hidden=0; nouse=0; global=1; static=1; extern=0; dir=1; type=3; pingpong=0; private_global=0; IO mode=ap_fifo:ce=0
Port [ clip_tris_n0_x]:  wired=1; compound=1; hidden=0; nouse=0; global=1; static=1; extern=0; dir=1; type=3; pingpong=0; private_global=0; IO mode=ap_fifo:ce=0
Port [ clip_tris_n0_y]:  wired=1; compound=1; hidden=0; nouse=0; global=1; static=1; extern=0; dir=1; type=3; pingpong=0; private_global=0; IO mode=ap_fifo:ce=0
Port [ clip_tris_n0_z]:  wired=1; compound=1; hidden=0; nouse=0; global=1; static=1; extern=0; dir=1; type=3; pingpong=0; private_global=0; IO mode=ap_fifo:ce=0
Port [ clip_tris_n1_x]:  wired=1; compound=1; hidden=0; nouse=0; global=1; static=1; extern=0; dir=1; type=3; pingpong=0; private_global=0; IO mode=ap_fifo:ce=0
Port [ clip_tris_n1_y]:  wired=1; compound=1; hidden=0; nouse=0; global=1; static=1; extern=0; dir=1; type=3; pingpong=0; private_global=0; IO mode=ap_fifo:ce=0
Port [ clip_tris_n1_z]:  wired=1; compound=1; hidden=0; nouse=0; global=1; static=1; extern=0; dir=1; type=3; pingpong=0; private_global=0; IO mode=ap_fifo:ce=0
Port [ clip_tris_n2_x]:  wired=1; compound=1; hidden=0; nouse=0; global=1; static=1; extern=0; dir=1; type=3; pingpong=0; private_global=0; IO mode=ap_fifo:ce=0
Port [ clip_tris_n2_y]:  wired=1; compound=1; hidden=0; nouse=0; global=1; static=1; extern=0; dir=1; type=3; pingpong=0; private_global=0; IO mode=ap_fifo:ce=0
Port [ clip_tris_n2_z]:  wired=1; compound=1; hidden=0; nouse=0; global=1; static=1; extern=0; dir=1; type=3; pingpong=0; private_global=0; IO mode=ap_fifo:ce=0
Port [ clip_tris_color]:  wired=1; compound=1; hidden=0; nouse=0; global=1; static=1; extern=0; dir=1; type=3; pingpong=0; private_global=0; IO mode=ap_fifo:ce=0
Port [ clip_tris_is_active]:  wired=1; compound=1; hidden=0; nouse=0; global=1; static=1; extern=0; dir=1; type=3; pingpong=0; private_global=0; IO mode=ap_fifo:ce=0
---------------- STG Properties END ------------------

---------------- Datapath Model BEGIN ----------------

<LifeTime>
<method=bitvector/>
phi_mul               (alloca           ) [ 010000000000000000000000000000000000000]
i4                    (alloca           ) [ 010000000000000000000000000000000000000]
specinterface_ln0     (specinterface    ) [ 000000000000000000000000000000000000000]
specinterface_ln0     (specinterface    ) [ 000000000000000000000000000000000000000]
specinterface_ln0     (specinterface    ) [ 000000000000000000000000000000000000000]
specinterface_ln0     (specinterface    ) [ 000000000000000000000000000000000000000]
specinterface_ln0     (specinterface    ) [ 000000000000000000000000000000000000000]
specinterface_ln0     (specinterface    ) [ 000000000000000000000000000000000000000]
specinterface_ln0     (specinterface    ) [ 000000000000000000000000000000000000000]
specinterface_ln0     (specinterface    ) [ 000000000000000000000000000000000000000]
specinterface_ln0     (specinterface    ) [ 000000000000000000000000000000000000000]
specinterface_ln0     (specinterface    ) [ 000000000000000000000000000000000000000]
specinterface_ln0     (specinterface    ) [ 000000000000000000000000000000000000000]
specinterface_ln0     (specinterface    ) [ 000000000000000000000000000000000000000]
specinterface_ln0     (specinterface    ) [ 000000000000000000000000000000000000000]
specinterface_ln0     (specinterface    ) [ 000000000000000000000000000000000000000]
specinterface_ln0     (specinterface    ) [ 000000000000000000000000000000000000000]
specinterface_ln0     (specinterface    ) [ 000000000000000000000000000000000000000]
specinterface_ln0     (specinterface    ) [ 000000000000000000000000000000000000000]
specinterface_ln0     (specinterface    ) [ 000000000000000000000000000000000000000]
specinterface_ln0     (specinterface    ) [ 000000000000000000000000000000000000000]
specinterface_ln0     (specinterface    ) [ 000000000000000000000000000000000000000]
specinterface_ln0     (specinterface    ) [ 000000000000000000000000000000000000000]
specinterface_ln0     (specinterface    ) [ 000000000000000000000000000000000000000]
specinterface_ln0     (specinterface    ) [ 000000000000000000000000000000000000000]
specinterface_ln0     (specinterface    ) [ 000000000000000000000000000000000000000]
specinterface_ln0     (specinterface    ) [ 000000000000000000000000000000000000000]
specinterface_ln0     (specinterface    ) [ 000000000000000000000000000000000000000]
specinterface_ln0     (specinterface    ) [ 000000000000000000000000000000000000000]
specinterface_ln0     (specinterface    ) [ 000000000000000000000000000000000000000]
specinterface_ln0     (specinterface    ) [ 000000000000000000000000000000000000000]
specinterface_ln0     (specinterface    ) [ 000000000000000000000000000000000000000]
specinterface_ln0     (specinterface    ) [ 000000000000000000000000000000000000000]
specinterface_ln0     (specinterface    ) [ 000000000000000000000000000000000000000]
specinterface_ln0     (specinterface    ) [ 000000000000000000000000000000000000000]
specinterface_ln0     (specinterface    ) [ 000000000000000000000000000000000000000]
specinterface_ln0     (specinterface    ) [ 000000000000000000000000000000000000000]
specinterface_ln0     (specinterface    ) [ 000000000000000000000000000000000000000]
specinterface_ln0     (specinterface    ) [ 000000000000000000000000000000000000000]
specinterface_ln0     (specinterface    ) [ 000000000000000000000000000000000000000]
specinterface_ln0     (specinterface    ) [ 000000000000000000000000000000000000000]
specinterface_ln0     (specinterface    ) [ 000000000000000000000000000000000000000]
specinterface_ln0     (specinterface    ) [ 000000000000000000000000000000000000000]
specinterface_ln0     (specinterface    ) [ 000000000000000000000000000000000000000]
specinterface_ln0     (specinterface    ) [ 000000000000000000000000000000000000000]
specinterface_ln0     (specinterface    ) [ 000000000000000000000000000000000000000]
specinterface_ln0     (specinterface    ) [ 000000000000000000000000000000000000000]
specinterface_ln0     (specinterface    ) [ 000000000000000000000000000000000000000]
specinterface_ln0     (specinterface    ) [ 000000000000000000000000000000000000000]
specinterface_ln0     (specinterface    ) [ 000000000000000000000000000000000000000]
specinterface_ln0     (specinterface    ) [ 000000000000000000000000000000000000000]
specinterface_ln0     (specinterface    ) [ 000000000000000000000000000000000000000]
specinterface_ln0     (specinterface    ) [ 000000000000000000000000000000000000000]
specinterface_ln0     (specinterface    ) [ 000000000000000000000000000000000000000]
specinterface_ln0     (specinterface    ) [ 000000000000000000000000000000000000000]
specinterface_ln0     (specinterface    ) [ 000000000000000000000000000000000000000]
specinterface_ln0     (specinterface    ) [ 000000000000000000000000000000000000000]
specinterface_ln0     (specinterface    ) [ 000000000000000000000000000000000000000]
specinterface_ln0     (specinterface    ) [ 000000000000000000000000000000000000000]
specinterface_ln0     (specinterface    ) [ 000000000000000000000000000000000000000]
specinterface_ln0     (specinterface    ) [ 000000000000000000000000000000000000000]
specinterface_ln0     (specinterface    ) [ 000000000000000000000000000000000000000]
specinterface_ln0     (specinterface    ) [ 000000000000000000000000000000000000000]
specinterface_ln0     (specinterface    ) [ 000000000000000000000000000000000000000]
specinterface_ln0     (specinterface    ) [ 000000000000000000000000000000000000000]
specinterface_ln0     (specinterface    ) [ 000000000000000000000000000000000000000]
specinterface_ln0     (specinterface    ) [ 000000000000000000000000000000000000000]
specinterface_ln0     (specinterface    ) [ 000000000000000000000000000000000000000]
specinterface_ln0     (specinterface    ) [ 000000000000000000000000000000000000000]
specinterface_ln0     (specinterface    ) [ 000000000000000000000000000000000000000]
specinterface_ln0     (specinterface    ) [ 000000000000000000000000000000000000000]
specinterface_ln0     (specinterface    ) [ 000000000000000000000000000000000000000]
specinterface_ln0     (specinterface    ) [ 000000000000000000000000000000000000000]
specinterface_ln0     (specinterface    ) [ 000000000000000000000000000000000000000]
specinterface_ln0     (specinterface    ) [ 000000000000000000000000000000000000000]
specinterface_ln0     (specinterface    ) [ 000000000000000000000000000000000000000]
specinterface_ln0     (specinterface    ) [ 000000000000000000000000000000000000000]
specinterface_ln0     (specinterface    ) [ 000000000000000000000000000000000000000]
specinterface_ln0     (specinterface    ) [ 000000000000000000000000000000000000000]
specinterface_ln0     (specinterface    ) [ 000000000000000000000000000000000000000]
specinterface_ln0     (specinterface    ) [ 000000000000000000000000000000000000000]
specinterface_ln0     (specinterface    ) [ 000000000000000000000000000000000000000]
specinterface_ln0     (specinterface    ) [ 000000000000000000000000000000000000000]
specinterface_ln0     (specinterface    ) [ 000000000000000000000000000000000000000]
specinterface_ln0     (specinterface    ) [ 000000000000000000000000000000000000000]
specinterface_ln0     (specinterface    ) [ 000000000000000000000000000000000000000]
specinterface_ln0     (specinterface    ) [ 000000000000000000000000000000000000000]
specinterface_ln0     (specinterface    ) [ 000000000000000000000000000000000000000]
specinterface_ln0     (specinterface    ) [ 000000000000000000000000000000000000000]
specinterface_ln0     (specinterface    ) [ 000000000000000000000000000000000000000]
specinterface_ln0     (specinterface    ) [ 000000000000000000000000000000000000000]
specinterface_ln0     (specinterface    ) [ 000000000000000000000000000000000000000]
specinterface_ln0     (specinterface    ) [ 000000000000000000000000000000000000000]
specinterface_ln0     (specinterface    ) [ 000000000000000000000000000000000000000]
specinterface_ln0     (specinterface    ) [ 000000000000000000000000000000000000000]
specinterface_ln0     (specinterface    ) [ 000000000000000000000000000000000000000]
mvp_read              (read             ) [ 000000000000000000000000000000000000000]
in_tris_read          (read             ) [ 000000000000000000000000000000000000000]
p_cast_i              (partselect       ) [ 000000000000000000000000000000000000000]
p_cast_cast_i         (sext             ) [ 000000000000000000000000000000000000000]
gmem2_addr            (getelementptr    ) [ 011111111111111111111111111111111111100]
store_ln0             (store            ) [ 000000000000000000000000000000000000000]
store_ln0             (store            ) [ 000000000000000000000000000000000000000]
br_ln9                (br               ) [ 000000000000000000000000000000000000000]
phi_mul_load          (load             ) [ 000000000000000000000000000000000000000]
i4_load               (load             ) [ 000000000000000000000000000000000000000]
add_ln13_1            (add              ) [ 000000000000000000000000000000000000000]
zext_ln13             (zext             ) [ 000000000000000000000000000000000000000]
add_ln13              (add              ) [ 000000000000000000000000000000000000000]
trunc_ln13            (trunc            ) [ 001111111111100000000000000000000000000]
icmp_ln13             (icmp             ) [ 011111111111111111111111111111111111111]
select_ln13           (select           ) [ 001111111100000000000000000000000000000]
trunc_ln13_1          (partselect       ) [ 001000000000000000000000000000000000000]
i                     (add              ) [ 000000000000000000000000000000000000000]
br_ln13               (br               ) [ 011111111111100000000000000000000000000]
icmp_ln9              (icmp             ) [ 011111111111111111111111111111111111111]
store_ln9             (store            ) [ 000000000000000000000000000000000000000]
store_ln13            (store            ) [ 000000000000000000000000000000000000000]
br_ln9                (br               ) [ 000000000000000000000000000000000000000]
sext_ln13             (sext             ) [ 000000000000000000000000000000000000000]
gmem0_addr            (getelementptr    ) [ 000111111111000000000000000000000000000]
empty                 (readreq          ) [ 000000000000000000000000000000000000000]
specpipeline_ln10     (specpipeline     ) [ 000000000000000000000000000000000000000]
speclooptripcount_ln9 (speclooptripcount) [ 000000000000000000000000000000000000000]
specloopname_ln9      (specloopname     ) [ 000000000000000000000000000000000000000]
gmem0_addr_read       (read             ) [ 000000000001100000000000000000000000000]
gmem0_addr_read_1     (read             ) [ 000000000000000000000000000000000000000]
trunc_ln13_2          (trunc            ) [ 010000000001100000000000000000000000000]
br_ln13               (br               ) [ 010000000001100000000000000000000000000]
phi_ln13              (phi              ) [ 000000000000100000000000000000000000000]
tmp_i                 (bitconcatenate   ) [ 000000000000000000000000000000000000000]
shl_ln                (bitconcatenate   ) [ 000000000000000000000000000000000000000]
zext_ln13_1           (zext             ) [ 000000000000000000000000000000000000000]
lshr_ln13             (lshr             ) [ 000000000000000000000000000000000000000]
curr_tri_v0_x_4       (trunc            ) [ 011111111110111111111111111000000000000]
curr_tri_v0_y_4       (partselect       ) [ 011111111111111111111111111111100000000]
curr_tri_v0_z_4       (partselect       ) [ 011111111111111111111111111111111110000]
curr_tri_v0_w_2       (partselect       ) [ 011111111111111111111111111111111111111]
curr_tri_v1_x_4       (partselect       ) [ 011111111110111111111111111000000000000]
curr_tri_v1_y_4       (partselect       ) [ 011111111111111111111111111111100000000]
curr_tri_v1_z_4       (partselect       ) [ 011111111111111111111111111111111110000]
curr_tri_v1_w_2       (partselect       ) [ 011111111111111111111111111111111111111]
curr_tri_v2_x_4       (partselect       ) [ 011111111110111111111111111000000000000]
curr_tri_v2_y_4       (partselect       ) [ 011111111111111111111111111111100000000]
curr_tri_v2_z_4       (partselect       ) [ 011111111111111111111111111111111110000]
curr_tri_v2_w_3       (partselect       ) [ 011111111111111111111111111111111111111]
curr_tri_n0_x         (partselect       ) [ 011111111111111111111111111111111111111]
curr_tri_n0_y         (partselect       ) [ 011111111111111111111111111111111111111]
curr_tri_n0_z         (partselect       ) [ 011111111111111111111111111111111111111]
curr_tri_n1_x         (partselect       ) [ 011111111111111111111111111111111111111]
curr_tri_n1_y         (partselect       ) [ 011111111111111111111111111111111111111]
curr_tri_n1_z         (partselect       ) [ 011111111111111111111111111111111111111]
curr_tri_n2_x         (partselect       ) [ 011111111111111111111111111111111111111]
curr_tri_n2_y         (partselect       ) [ 011111111111111111111111111111111111111]
curr_tri_n2_z         (partselect       ) [ 011111111111111111111111111111111111111]
curr_tri_color        (partselect       ) [ 011111111111111111111111111111111111111]
curr_tri_is_active    (bitselect        ) [ 011111111111111111111111111111111111111]
br_ln16               (br               ) [ 011111111111111111111111111111111111111]
br_ln30               (br               ) [ 011111111111111111111111111111111111111]
empty_128             (readreq          ) [ 000000000000000000000000000000000000000]
gmem2_addr_read       (read             ) [ 000000100000000000000010000000000000000]
gmem2_addr_read_1     (read             ) [ 000000010000000000000001000000000000000]
conv7_i_i             (sext             ) [ 000000000000000000000000000000000000000]
sext_ln21             (sext             ) [ 011000011111111110000001111111111110000]
mul_ln21              (mul              ) [ 000000011000000000000001100000000000000]
sext_ln21_9           (sext             ) [ 011000011111111110000001111111111110000]
mul_ln21_4            (mul              ) [ 000000011000000000000001100000000000000]
sext_ln21_18          (sext             ) [ 011000011111111110000001111111111110000]
mul_ln21_8            (mul              ) [ 000000011000000000000001100000000000000]
gmem2_addr_read_2     (read             ) [ 000000001000000000000000100000000000000]
conv7_i1495_i         (sext             ) [ 000000000000000000000000000000000000000]
sext_ln21_1           (sext             ) [ 011100001111111110000000111111111111000]
mul_ln21_1            (mul              ) [ 000000001000000000000000100000000000000]
sext_ln21_10          (sext             ) [ 011100001111111110000000111111111111000]
mul_ln21_5            (mul              ) [ 000000001000000000000000100000000000000]
sext_ln21_19          (sext             ) [ 011100001111111110000000111111111111000]
mul_ln21_9            (mul              ) [ 000000001000000000000000100000000000000]
gmem2_addr_read_3     (read             ) [ 000000000100000000000000010000000000000]
conv7_i1406_i         (sext             ) [ 000000000000000000000000000000000000000]
sext_ln21_2           (sext             ) [ 000000000000000000000000000000000000000]
sext_ln21_3           (sext             ) [ 000000000000000000000000000000000000000]
sext_ln21_4           (sext             ) [ 011110000111111110000000011111111111100]
mul_ln21_2            (mul              ) [ 000000000000000000000000000000000000000]
sext_ln21_5           (sext             ) [ 000000000000000000000000000000000000000]
add_ln21              (add              ) [ 000000000000000000000000000000000000000]
add_ln21_1            (add              ) [ 000000000100000000000000010000000000000]
sext_ln21_11          (sext             ) [ 000000000000000000000000000000000000000]
sext_ln21_12          (sext             ) [ 000000000000000000000000000000000000000]
sext_ln21_13          (sext             ) [ 011110000111111110000000011111111111100]
mul_ln21_6            (mul              ) [ 000000000000000000000000000000000000000]
sext_ln21_14          (sext             ) [ 000000000000000000000000000000000000000]
add_ln21_4            (add              ) [ 000000000000000000000000000000000000000]
add_ln21_5            (add              ) [ 000000000100000000000000010000000000000]
sext_ln21_20          (sext             ) [ 000000000000000000000000000000000000000]
sext_ln21_21          (sext             ) [ 000000000000000000000000000000000000000]
sext_ln21_22          (sext             ) [ 011110000111111110000000011111111111100]
mul_ln21_10           (mul              ) [ 000000000000000000000000000000000000000]
sext_ln21_23          (sext             ) [ 000000000000000000000000000000000000000]
add_ln21_8            (add              ) [ 000000000000000000000000000000000000000]
add_ln21_9            (add              ) [ 000000000100000000000000010000000000000]
gmem2_addr_read_4     (read             ) [ 000000000010000000000000001000000000000]
conv7_i1317_i         (sext             ) [ 000000000000000000000000000000000000000]
sext_ln21_6           (sext             ) [ 011111000011111110000000001111111111110]
mul_ln21_3            (mul              ) [ 000000000000000000000000000000000000000]
sext_ln21_7           (sext             ) [ 000000000000000000000000000000000000000]
sext_ln21_8           (sext             ) [ 000000000000000000000000000000000000000]
add_ln21_2            (add              ) [ 000000000000000000000000000000000000000]
tmp_91                (bitselect        ) [ 000000000010000000000000001000000000000]
trunc_ln21_1          (partselect       ) [ 000000000000000000000000000000000000000]
tmp_92                (bitselect        ) [ 000000000000000000000000000000000000000]
tmp_93                (bitselect        ) [ 000000000000000000000000000000000000000]
zext_ln21             (zext             ) [ 000000000000000000000000000000000000000]
add_ln21_3            (add              ) [ 000000000010000000000000001000000000000]
tmp_94                (bitselect        ) [ 000000000000000000000000000000000000000]
xor_ln21              (xor              ) [ 000000000000000000000000000000000000000]
and_ln21              (and              ) [ 000000000010000000000000001000000000000]
tmp_95                (bitselect        ) [ 000000000000000000000000000000000000000]
tmp                   (partselect       ) [ 000000000000000000000000000000000000000]
icmp_ln21             (icmp             ) [ 000000000000000000000000000000000000000]
tmp_s                 (partselect       ) [ 000000000000000000000000000000000000000]
icmp_ln21_1           (icmp             ) [ 000000000010000000000000001000000000000]
icmp_ln21_2           (icmp             ) [ 000000000000000000000000000000000000000]
select_ln21           (select           ) [ 000000000000000000000000000000000000000]
xor_ln21_1            (xor              ) [ 000000000000000000000000000000000000000]
and_ln21_1            (and              ) [ 000000000000000000000000000000000000000]
select_ln21_1         (select           ) [ 000000000000000000000000000000000000000]
xor_ln21_2            (xor              ) [ 000000000000000000000000000000000000000]
or_ln21               (or               ) [ 000000000000000000000000000000000000000]
xor_ln21_3            (xor              ) [ 000000000000000000000000000000000000000]
and_ln21_3            (and              ) [ 000000000010000000000000001000000000000]
and_ln21_4            (and              ) [ 000000000010000000000000001000000000000]
sext_ln21_15          (sext             ) [ 011111000011111110000000001111111111110]
mul_ln21_7            (mul              ) [ 000000000000000000000000000000000000000]
sext_ln21_16          (sext             ) [ 000000000000000000000000000000000000000]
sext_ln21_17          (sext             ) [ 000000000000000000000000000000000000000]
add_ln21_6            (add              ) [ 000000000000000000000000000000000000000]
tmp_111               (bitselect        ) [ 000000000010000000000000001000000000000]
trunc_ln21_3          (partselect       ) [ 000000000000000000000000000000000000000]
tmp_112               (bitselect        ) [ 000000000000000000000000000000000000000]
tmp_113               (bitselect        ) [ 000000000000000000000000000000000000000]
zext_ln21_1           (zext             ) [ 000000000000000000000000000000000000000]
add_ln21_7            (add              ) [ 000000000010000000000000001000000000000]
tmp_114               (bitselect        ) [ 000000000000000000000000000000000000000]
xor_ln21_5            (xor              ) [ 000000000000000000000000000000000000000]
and_ln21_6            (and              ) [ 000000000010000000000000001000000000000]
tmp_115               (bitselect        ) [ 000000000000000000000000000000000000000]
tmp_20                (partselect       ) [ 000000000000000000000000000000000000000]
icmp_ln21_3           (icmp             ) [ 000000000000000000000000000000000000000]
tmp_21                (partselect       ) [ 000000000000000000000000000000000000000]
icmp_ln21_4           (icmp             ) [ 000000000010000000000000001000000000000]
icmp_ln21_5           (icmp             ) [ 000000000000000000000000000000000000000]
select_ln21_4         (select           ) [ 000000000000000000000000000000000000000]
xor_ln21_6            (xor              ) [ 000000000000000000000000000000000000000]
and_ln21_7            (and              ) [ 000000000000000000000000000000000000000]
select_ln21_5         (select           ) [ 000000000000000000000000000000000000000]
xor_ln21_7            (xor              ) [ 000000000000000000000000000000000000000]
or_ln21_2             (or               ) [ 000000000000000000000000000000000000000]
xor_ln21_8            (xor              ) [ 000000000000000000000000000000000000000]
and_ln21_9            (and              ) [ 000000000010000000000000001000000000000]
and_ln21_10           (and              ) [ 000000000010000000000000001000000000000]
sext_ln21_24          (sext             ) [ 011111000011111110000000001111111111110]
mul_ln21_11           (mul              ) [ 000000000000000000000000000000000000000]
sext_ln21_25          (sext             ) [ 000000000000000000000000000000000000000]
sext_ln21_26          (sext             ) [ 000000000000000000000000000000000000000]
add_ln21_10           (add              ) [ 000000000000000000000000000000000000000]
tmp_131               (bitselect        ) [ 000000000010000000000000001000000000000]
trunc_ln21_5          (partselect       ) [ 000000000000000000000000000000000000000]
tmp_132               (bitselect        ) [ 000000000000000000000000000000000000000]
tmp_133               (bitselect        ) [ 000000000000000000000000000000000000000]
zext_ln21_2           (zext             ) [ 000000000000000000000000000000000000000]
add_ln21_11           (add              ) [ 000000000010000000000000001000000000000]
tmp_134               (bitselect        ) [ 000000000000000000000000000000000000000]
xor_ln21_10           (xor              ) [ 000000000000000000000000000000000000000]
and_ln21_12           (and              ) [ 000000000010000000000000001000000000000]
tmp_135               (bitselect        ) [ 000000000000000000000000000000000000000]
tmp_28                (partselect       ) [ 000000000000000000000000000000000000000]
icmp_ln21_6           (icmp             ) [ 000000000000000000000000000000000000000]
tmp_29                (partselect       ) [ 000000000000000000000000000000000000000]
icmp_ln21_7           (icmp             ) [ 000000000010000000000000001000000000000]
icmp_ln21_8           (icmp             ) [ 000000000000000000000000000000000000000]
select_ln21_8         (select           ) [ 000000000000000000000000000000000000000]
xor_ln21_11           (xor              ) [ 000000000000000000000000000000000000000]
and_ln21_13           (and              ) [ 000000000000000000000000000000000000000]
select_ln21_9         (select           ) [ 000000000000000000000000000000000000000]
xor_ln21_12           (xor              ) [ 000000000000000000000000000000000000000]
or_ln21_4             (or               ) [ 000000000000000000000000000000000000000]
xor_ln21_13           (xor              ) [ 000000000000000000000000000000000000000]
and_ln21_15           (and              ) [ 000000000010000000000000001000000000000]
and_ln21_16           (and              ) [ 000000000010000000000000001000000000000]
gmem2_addr_read_5     (read             ) [ 000000000001000000000000000100000000000]
conv7_i1128_i         (sext             ) [ 000000000000000000000000000000000000000]
and_ln21_2            (and              ) [ 000000000000000000000000000000000000000]
or_ln21_6             (or               ) [ 000000000000000000000000000000000000000]
xor_ln21_4            (xor              ) [ 000000000000000000000000000000000000000]
and_ln21_5            (and              ) [ 000000000000000000000000000000000000000]
select_ln21_2         (select           ) [ 000000000000000000000000000000000000000]
or_ln21_1             (or               ) [ 000000000000000000000000000000000000000]
out_verts_x           (select           ) [ 000000000000000000000000000000000000000]
mul_ln22              (mul              ) [ 000000000001100000000000000110000000000]
and_ln21_8            (and              ) [ 000000000000000000000000000000000000000]
or_ln21_7             (or               ) [ 000000000000000000000000000000000000000]
xor_ln21_9            (xor              ) [ 000000000000000000000000000000000000000]
and_ln21_11           (and              ) [ 000000000000000000000000000000000000000]
select_ln21_6         (select           ) [ 000000000000000000000000000000000000000]
or_ln21_3             (or               ) [ 000000000000000000000000000000000000000]
out_verts_x_3         (select           ) [ 000000000000000000000000000000000000000]
mul_ln22_4            (mul              ) [ 000000000001100000000000000110000000000]
and_ln21_14           (and              ) [ 000000000000000000000000000000000000000]
or_ln21_8             (or               ) [ 000000000000000000000000000000000000000]
xor_ln21_14           (xor              ) [ 000000000000000000000000000000000000000]
and_ln21_17           (and              ) [ 000000000000000000000000000000000000000]
select_ln21_10        (select           ) [ 000000000000000000000000000000000000000]
or_ln21_5             (or               ) [ 000000000000000000000000000000000000000]
out_verts_x_4         (select           ) [ 000000000000000000000000000000000000000]
mul_ln22_8            (mul              ) [ 000000000001100000000000000110000000000]
curr_tri_v0_x_3       (phi              ) [ 011111111111111111111111111111111111111]
curr_tri_v1_x_3       (phi              ) [ 011111111111111111111111111111111111111]
curr_tri_v2_x_3       (phi              ) [ 011111111111111111111111111111111111111]
gmem2_addr_read_6     (read             ) [ 000000000000100000000000000010000000000]
conv7_i1089_i         (sext             ) [ 000000000000000000000000000000000000000]
mul_ln22_1            (mul              ) [ 000000000000100000000000000010000000000]
mul_ln22_5            (mul              ) [ 000000000000100000000000000010000000000]
mul_ln22_9            (mul              ) [ 000000000000100000000000000010000000000]
gmem2_addr_read_7     (read             ) [ 000000000000010000000000000001000000000]
conv7_i1000_i         (sext             ) [ 000000000000000000000000000000000000000]
sext_ln22             (sext             ) [ 000000000000000000000000000000000000000]
sext_ln22_1           (sext             ) [ 000000000000000000000000000000000000000]
mul_ln22_2            (mul              ) [ 000000000000000000000000000000000000000]
sext_ln22_2           (sext             ) [ 000000000000000000000000000000000000000]
add_ln22              (add              ) [ 000000000000000000000000000000000000000]
add_ln22_1            (add              ) [ 000000000000010000000000000001000000000]
sext_ln22_5           (sext             ) [ 000000000000000000000000000000000000000]
sext_ln22_6           (sext             ) [ 000000000000000000000000000000000000000]
mul_ln22_6            (mul              ) [ 000000000000000000000000000000000000000]
sext_ln22_7           (sext             ) [ 000000000000000000000000000000000000000]
add_ln22_4            (add              ) [ 000000000000000000000000000000000000000]
add_ln22_5            (add              ) [ 000000000000010000000000000001000000000]
sext_ln22_10          (sext             ) [ 000000000000000000000000000000000000000]
sext_ln22_11          (sext             ) [ 000000000000000000000000000000000000000]
mul_ln22_10           (mul              ) [ 000000000000000000000000000000000000000]
sext_ln22_12          (sext             ) [ 000000000000000000000000000000000000000]
add_ln22_8            (add              ) [ 000000000000000000000000000000000000000]
add_ln22_9            (add              ) [ 000000000000010000000000000001000000000]
gmem2_addr_read_8     (read             ) [ 000000000000001000000000000000100000000]
conv7_i911_i          (sext             ) [ 000000000000000000000000000000000000000]
mul_ln22_3            (mul              ) [ 000000000000000000000000000000000000000]
sext_ln22_3           (sext             ) [ 000000000000000000000000000000000000000]
sext_ln22_4           (sext             ) [ 000000000000000000000000000000000000000]
add_ln22_2            (add              ) [ 000000000000000000000000000000000000000]
tmp_96                (bitselect        ) [ 000000000000001000000000000000100000000]
trunc_ln22_1          (partselect       ) [ 000000000000000000000000000000000000000]
tmp_97                (bitselect        ) [ 000000000000000000000000000000000000000]
tmp_98                (bitselect        ) [ 000000000000000000000000000000000000000]
zext_ln22             (zext             ) [ 000000000000000000000000000000000000000]
add_ln22_3            (add              ) [ 000000000000001000000000000000100000000]
tmp_99                (bitselect        ) [ 000000000000000000000000000000000000000]
xor_ln22              (xor              ) [ 000000000000000000000000000000000000000]
and_ln22              (and              ) [ 000000000000001000000000000000100000000]
tmp_100               (bitselect        ) [ 000000000000000000000000000000000000000]
tmp_14                (partselect       ) [ 000000000000000000000000000000000000000]
icmp_ln22             (icmp             ) [ 000000000000000000000000000000000000000]
tmp_15                (partselect       ) [ 000000000000000000000000000000000000000]
icmp_ln22_1           (icmp             ) [ 000000000000001000000000000000100000000]
icmp_ln22_2           (icmp             ) [ 000000000000000000000000000000000000000]
select_ln22           (select           ) [ 000000000000000000000000000000000000000]
xor_ln22_1            (xor              ) [ 000000000000000000000000000000000000000]
and_ln22_1            (and              ) [ 000000000000000000000000000000000000000]
select_ln22_1         (select           ) [ 000000000000000000000000000000000000000]
xor_ln22_2            (xor              ) [ 000000000000000000000000000000000000000]
or_ln22               (or               ) [ 000000000000000000000000000000000000000]
xor_ln22_3            (xor              ) [ 000000000000000000000000000000000000000]
and_ln22_3            (and              ) [ 000000000000001000000000000000100000000]
and_ln22_4            (and              ) [ 000000000000001000000000000000100000000]
mul_ln22_7            (mul              ) [ 000000000000000000000000000000000000000]
sext_ln22_8           (sext             ) [ 000000000000000000000000000000000000000]
sext_ln22_9           (sext             ) [ 000000000000000000000000000000000000000]
add_ln22_6            (add              ) [ 000000000000000000000000000000000000000]
tmp_116               (bitselect        ) [ 000000000000001000000000000000100000000]
trunc_ln22_3          (partselect       ) [ 000000000000000000000000000000000000000]
tmp_117               (bitselect        ) [ 000000000000000000000000000000000000000]
tmp_118               (bitselect        ) [ 000000000000000000000000000000000000000]
zext_ln22_1           (zext             ) [ 000000000000000000000000000000000000000]
add_ln22_7            (add              ) [ 000000000000001000000000000000100000000]
tmp_119               (bitselect        ) [ 000000000000000000000000000000000000000]
xor_ln22_5            (xor              ) [ 000000000000000000000000000000000000000]
and_ln22_6            (and              ) [ 000000000000001000000000000000100000000]
tmp_120               (bitselect        ) [ 000000000000000000000000000000000000000]
tmp_22                (partselect       ) [ 000000000000000000000000000000000000000]
icmp_ln22_3           (icmp             ) [ 000000000000000000000000000000000000000]
tmp_23                (partselect       ) [ 000000000000000000000000000000000000000]
icmp_ln22_4           (icmp             ) [ 000000000000001000000000000000100000000]
icmp_ln22_5           (icmp             ) [ 000000000000000000000000000000000000000]
select_ln22_4         (select           ) [ 000000000000000000000000000000000000000]
xor_ln22_6            (xor              ) [ 000000000000000000000000000000000000000]
and_ln22_7            (and              ) [ 000000000000000000000000000000000000000]
select_ln22_5         (select           ) [ 000000000000000000000000000000000000000]
xor_ln22_7            (xor              ) [ 000000000000000000000000000000000000000]
or_ln22_2             (or               ) [ 000000000000000000000000000000000000000]
xor_ln22_8            (xor              ) [ 000000000000000000000000000000000000000]
and_ln22_9            (and              ) [ 000000000000001000000000000000100000000]
and_ln22_10           (and              ) [ 000000000000001000000000000000100000000]
mul_ln22_11           (mul              ) [ 000000000000000000000000000000000000000]
sext_ln22_13          (sext             ) [ 000000000000000000000000000000000000000]
sext_ln22_14          (sext             ) [ 000000000000000000000000000000000000000]
add_ln22_10           (add              ) [ 000000000000000000000000000000000000000]
tmp_136               (bitselect        ) [ 000000000000001000000000000000100000000]
trunc_ln22_5          (partselect       ) [ 000000000000000000000000000000000000000]
tmp_137               (bitselect        ) [ 000000000000000000000000000000000000000]
tmp_138               (bitselect        ) [ 000000000000000000000000000000000000000]
zext_ln22_2           (zext             ) [ 000000000000000000000000000000000000000]
add_ln22_11           (add              ) [ 000000000000001000000000000000100000000]
tmp_139               (bitselect        ) [ 000000000000000000000000000000000000000]
xor_ln22_10           (xor              ) [ 000000000000000000000000000000000000000]
and_ln22_12           (and              ) [ 000000000000001000000000000000100000000]
tmp_140               (bitselect        ) [ 000000000000000000000000000000000000000]
tmp_30                (partselect       ) [ 000000000000000000000000000000000000000]
icmp_ln22_6           (icmp             ) [ 000000000000000000000000000000000000000]
tmp_31                (partselect       ) [ 000000000000000000000000000000000000000]
icmp_ln22_7           (icmp             ) [ 000000000000001000000000000000100000000]
icmp_ln22_8           (icmp             ) [ 000000000000000000000000000000000000000]
select_ln22_8         (select           ) [ 000000000000000000000000000000000000000]
xor_ln22_11           (xor              ) [ 000000000000000000000000000000000000000]
and_ln22_13           (and              ) [ 000000000000000000000000000000000000000]
select_ln22_9         (select           ) [ 000000000000000000000000000000000000000]
xor_ln22_12           (xor              ) [ 000000000000000000000000000000000000000]
or_ln22_4             (or               ) [ 000000000000000000000000000000000000000]
xor_ln22_13           (xor              ) [ 000000000000000000000000000000000000000]
and_ln22_15           (and              ) [ 000000000000001000000000000000100000000]
and_ln22_16           (and              ) [ 000000000000001000000000000000100000000]
gmem2_addr_read_9     (read             ) [ 000000000000000100000000000000010000000]
conv7_i722_i          (sext             ) [ 000000000000000000000000000000000000000]
and_ln22_2            (and              ) [ 000000000000000000000000000000000000000]
or_ln22_6             (or               ) [ 000000000000000000000000000000000000000]
xor_ln22_4            (xor              ) [ 000000000000000000000000000000000000000]
and_ln22_5            (and              ) [ 000000000000000000000000000000000000000]
select_ln22_2         (select           ) [ 000000000000000000000000000000000000000]
or_ln22_1             (or               ) [ 000000000000000000000000000000000000000]
out_verts_y           (select           ) [ 000000000000000000000000000000000000000]
mul_ln23              (mul              ) [ 000000000000000110000000000000011000000]
and_ln22_8            (and              ) [ 000000000000000000000000000000000000000]
or_ln22_7             (or               ) [ 000000000000000000000000000000000000000]
xor_ln22_9            (xor              ) [ 000000000000000000000000000000000000000]
and_ln22_11           (and              ) [ 000000000000000000000000000000000000000]
select_ln22_6         (select           ) [ 000000000000000000000000000000000000000]
or_ln22_3             (or               ) [ 000000000000000000000000000000000000000]
out_verts_y_3         (select           ) [ 000000000000000000000000000000000000000]
mul_ln23_4            (mul              ) [ 000000000000000110000000000000011000000]
and_ln22_14           (and              ) [ 000000000000000000000000000000000000000]
or_ln22_8             (or               ) [ 000000000000000000000000000000000000000]
xor_ln22_14           (xor              ) [ 000000000000000000000000000000000000000]
and_ln22_17           (and              ) [ 000000000000000000000000000000000000000]
select_ln22_10        (select           ) [ 000000000000000000000000000000000000000]
or_ln22_5             (or               ) [ 000000000000000000000000000000000000000]
out_verts_y_4         (select           ) [ 000000000000000000000000000000000000000]
mul_ln23_8            (mul              ) [ 000000000000000110000000000000011000000]
curr_tri_v0_y_3       (phi              ) [ 011111111111111111111111111111111111111]
curr_tri_v1_y_3       (phi              ) [ 011111111111111111111111111111111111111]
curr_tri_v2_y_3       (phi              ) [ 011111111111111111111111111111111111111]
gmem2_addr_read_10    (read             ) [ 000000000000000010000000000000001000000]
conv7_i683_i          (sext             ) [ 000000000000000000000000000000000000000]
mul_ln23_1            (mul              ) [ 000000000000000010000000000000001000000]
mul_ln23_5            (mul              ) [ 000000000000000010000000000000001000000]
mul_ln23_9            (mul              ) [ 000000000000000010000000000000001000000]
gmem2_addr_read_11    (read             ) [ 010000000000000000000000000000000100000]
conv7_i594_i          (sext             ) [ 000000000000000000000000000000000000000]
sext_ln23             (sext             ) [ 000000000000000000000000000000000000000]
sext_ln23_1           (sext             ) [ 000000000000000000000000000000000000000]
mul_ln23_2            (mul              ) [ 000000000000000000000000000000000000000]
sext_ln23_2           (sext             ) [ 000000000000000000000000000000000000000]
add_ln23              (add              ) [ 000000000000000000000000000000000000000]
add_ln23_1            (add              ) [ 010000000000000000000000000000000100000]
sext_ln23_5           (sext             ) [ 000000000000000000000000000000000000000]
sext_ln23_6           (sext             ) [ 000000000000000000000000000000000000000]
mul_ln23_6            (mul              ) [ 000000000000000000000000000000000000000]
sext_ln23_7           (sext             ) [ 000000000000000000000000000000000000000]
add_ln23_4            (add              ) [ 000000000000000000000000000000000000000]
add_ln23_5            (add              ) [ 010000000000000000000000000000000100000]
sext_ln23_10          (sext             ) [ 000000000000000000000000000000000000000]
sext_ln23_11          (sext             ) [ 000000000000000000000000000000000000000]
mul_ln23_10           (mul              ) [ 000000000000000000000000000000000000000]
sext_ln23_12          (sext             ) [ 000000000000000000000000000000000000000]
add_ln23_8            (add              ) [ 000000000000000000000000000000000000000]
add_ln23_9            (add              ) [ 010000000000000000000000000000000100000]
gmem2_addr_read_12    (read             ) [ 001000000000000000000000000000000010000]
conv7_i505_i          (sext             ) [ 000000000000000000000000000000000000000]
mul_ln23_3            (mul              ) [ 000000000000000000000000000000000000000]
sext_ln23_3           (sext             ) [ 000000000000000000000000000000000000000]
sext_ln23_4           (sext             ) [ 000000000000000000000000000000000000000]
add_ln23_2            (add              ) [ 000000000000000000000000000000000000000]
tmp_101               (bitselect        ) [ 001000000000000000000000000000000010000]
trunc_ln23_1          (partselect       ) [ 000000000000000000000000000000000000000]
tmp_102               (bitselect        ) [ 000000000000000000000000000000000000000]
tmp_103               (bitselect        ) [ 000000000000000000000000000000000000000]
zext_ln23             (zext             ) [ 000000000000000000000000000000000000000]
add_ln23_3            (add              ) [ 001000000000000000000000000000000010000]
tmp_104               (bitselect        ) [ 000000000000000000000000000000000000000]
xor_ln23              (xor              ) [ 000000000000000000000000000000000000000]
and_ln23              (and              ) [ 001000000000000000000000000000000010000]
tmp_105               (bitselect        ) [ 000000000000000000000000000000000000000]
tmp_16                (partselect       ) [ 000000000000000000000000000000000000000]
icmp_ln23             (icmp             ) [ 000000000000000000000000000000000000000]
tmp_17                (partselect       ) [ 000000000000000000000000000000000000000]
icmp_ln23_1           (icmp             ) [ 001000000000000000000000000000000010000]
icmp_ln23_2           (icmp             ) [ 000000000000000000000000000000000000000]
select_ln23           (select           ) [ 000000000000000000000000000000000000000]
xor_ln23_1            (xor              ) [ 000000000000000000000000000000000000000]
and_ln23_1            (and              ) [ 000000000000000000000000000000000000000]
select_ln23_1         (select           ) [ 000000000000000000000000000000000000000]
xor_ln23_2            (xor              ) [ 000000000000000000000000000000000000000]
or_ln23               (or               ) [ 000000000000000000000000000000000000000]
xor_ln23_3            (xor              ) [ 000000000000000000000000000000000000000]
and_ln23_3            (and              ) [ 001000000000000000000000000000000010000]
and_ln23_4            (and              ) [ 001000000000000000000000000000000010000]
mul_ln23_7            (mul              ) [ 000000000000000000000000000000000000000]
sext_ln23_8           (sext             ) [ 000000000000000000000000000000000000000]
sext_ln23_9           (sext             ) [ 000000000000000000000000000000000000000]
add_ln23_6            (add              ) [ 000000000000000000000000000000000000000]
tmp_121               (bitselect        ) [ 001000000000000000000000000000000010000]
trunc_ln23_3          (partselect       ) [ 000000000000000000000000000000000000000]
tmp_122               (bitselect        ) [ 000000000000000000000000000000000000000]
tmp_123               (bitselect        ) [ 000000000000000000000000000000000000000]
zext_ln23_1           (zext             ) [ 000000000000000000000000000000000000000]
add_ln23_7            (add              ) [ 001000000000000000000000000000000010000]
tmp_124               (bitselect        ) [ 000000000000000000000000000000000000000]
xor_ln23_5            (xor              ) [ 000000000000000000000000000000000000000]
and_ln23_6            (and              ) [ 001000000000000000000000000000000010000]
tmp_125               (bitselect        ) [ 000000000000000000000000000000000000000]
tmp_24                (partselect       ) [ 000000000000000000000000000000000000000]
icmp_ln23_3           (icmp             ) [ 000000000000000000000000000000000000000]
tmp_25                (partselect       ) [ 000000000000000000000000000000000000000]
icmp_ln23_4           (icmp             ) [ 001000000000000000000000000000000010000]
icmp_ln23_5           (icmp             ) [ 000000000000000000000000000000000000000]
select_ln23_4         (select           ) [ 000000000000000000000000000000000000000]
xor_ln23_6            (xor              ) [ 000000000000000000000000000000000000000]
and_ln23_7            (and              ) [ 000000000000000000000000000000000000000]
select_ln23_5         (select           ) [ 000000000000000000000000000000000000000]
xor_ln23_7            (xor              ) [ 000000000000000000000000000000000000000]
or_ln23_2             (or               ) [ 000000000000000000000000000000000000000]
xor_ln23_8            (xor              ) [ 000000000000000000000000000000000000000]
and_ln23_9            (and              ) [ 001000000000000000000000000000000010000]
and_ln23_10           (and              ) [ 001000000000000000000000000000000010000]
mul_ln23_11           (mul              ) [ 000000000000000000000000000000000000000]
sext_ln23_13          (sext             ) [ 000000000000000000000000000000000000000]
sext_ln23_14          (sext             ) [ 000000000000000000000000000000000000000]
add_ln23_10           (add              ) [ 000000000000000000000000000000000000000]
tmp_141               (bitselect        ) [ 001000000000000000000000000000000010000]
trunc_ln23_5          (partselect       ) [ 000000000000000000000000000000000000000]
tmp_142               (bitselect        ) [ 000000000000000000000000000000000000000]
tmp_143               (bitselect        ) [ 000000000000000000000000000000000000000]
zext_ln23_2           (zext             ) [ 000000000000000000000000000000000000000]
add_ln23_11           (add              ) [ 001000000000000000000000000000000010000]
tmp_144               (bitselect        ) [ 000000000000000000000000000000000000000]
xor_ln23_10           (xor              ) [ 000000000000000000000000000000000000000]
and_ln23_12           (and              ) [ 001000000000000000000000000000000010000]
tmp_145               (bitselect        ) [ 000000000000000000000000000000000000000]
tmp_32                (partselect       ) [ 000000000000000000000000000000000000000]
icmp_ln23_6           (icmp             ) [ 000000000000000000000000000000000000000]
tmp_33                (partselect       ) [ 000000000000000000000000000000000000000]
icmp_ln23_7           (icmp             ) [ 001000000000000000000000000000000010000]
icmp_ln23_8           (icmp             ) [ 000000000000000000000000000000000000000]
select_ln23_8         (select           ) [ 000000000000000000000000000000000000000]
xor_ln23_11           (xor              ) [ 000000000000000000000000000000000000000]
and_ln23_13           (and              ) [ 000000000000000000000000000000000000000]
select_ln23_9         (select           ) [ 000000000000000000000000000000000000000]
xor_ln23_12           (xor              ) [ 000000000000000000000000000000000000000]
or_ln23_4             (or               ) [ 000000000000000000000000000000000000000]
xor_ln23_13           (xor              ) [ 000000000000000000000000000000000000000]
and_ln23_15           (and              ) [ 001000000000000000000000000000000010000]
and_ln23_16           (and              ) [ 001000000000000000000000000000000010000]
gmem2_addr_read_13    (read             ) [ 000100000000000000000000000000000001000]
conv7_i316_i          (sext             ) [ 000000000000000000000000000000000000000]
and_ln23_2            (and              ) [ 000000000000000000000000000000000000000]
or_ln23_6             (or               ) [ 000000000000000000000000000000000000000]
xor_ln23_4            (xor              ) [ 000000000000000000000000000000000000000]
and_ln23_5            (and              ) [ 000000000000000000000000000000000000000]
select_ln23_2         (select           ) [ 000000000000000000000000000000000000000]
or_ln23_1             (or               ) [ 000000000000000000000000000000000000000]
out_verts_z           (select           ) [ 000000000000000000000000000000000000000]
mul_ln24              (mul              ) [ 000110000000000000000000000000000001100]
and_ln23_8            (and              ) [ 000000000000000000000000000000000000000]
or_ln23_7             (or               ) [ 000000000000000000000000000000000000000]
xor_ln23_9            (xor              ) [ 000000000000000000000000000000000000000]
and_ln23_11           (and              ) [ 000000000000000000000000000000000000000]
select_ln23_6         (select           ) [ 000000000000000000000000000000000000000]
or_ln23_3             (or               ) [ 000000000000000000000000000000000000000]
out_verts_z_3         (select           ) [ 000000000000000000000000000000000000000]
mul_ln24_4            (mul              ) [ 000110000000000000000000000000000001100]
and_ln23_14           (and              ) [ 000000000000000000000000000000000000000]
or_ln23_8             (or               ) [ 000000000000000000000000000000000000000]
xor_ln23_14           (xor              ) [ 000000000000000000000000000000000000000]
and_ln23_17           (and              ) [ 000000000000000000000000000000000000000]
select_ln23_10        (select           ) [ 000000000000000000000000000000000000000]
or_ln23_5             (or               ) [ 000000000000000000000000000000000000000]
out_verts_z_4         (select           ) [ 000000000000000000000000000000000000000]
mul_ln24_8            (mul              ) [ 000110000000000000000000000000000001100]
curr_tri_v0_z_3       (phi              ) [ 011111111111111111111111111111111111111]
curr_tri_v1_z_3       (phi              ) [ 011111111111111111111111111111111111111]
curr_tri_v2_z_3       (phi              ) [ 011111111111111111111111111111111111111]
gmem2_addr_read_14    (read             ) [ 000010000000000000000000000000000000100]
conv7_i277_i          (sext             ) [ 000000000000000000000000000000000000000]
mul_ln24_1            (mul              ) [ 000010000000000000000000000000000000100]
mul_ln24_5            (mul              ) [ 000010000000000000000000000000000000100]
mul_ln24_9            (mul              ) [ 000010000000000000000000000000000000100]
gmem2_addr_read_15    (read             ) [ 000001000000000000000000000000000000010]
conv7_i191_i          (sext             ) [ 000000000000000000000000000000000000000]
sext_ln24             (sext             ) [ 000000000000000000000000000000000000000]
sext_ln24_1           (sext             ) [ 000000000000000000000000000000000000000]
mul_ln24_2            (mul              ) [ 000000000000000000000000000000000000000]
sext_ln24_2           (sext             ) [ 000000000000000000000000000000000000000]
add_ln24              (add              ) [ 000000000000000000000000000000000000000]
add_ln24_1            (add              ) [ 000001000000000000000000000000000000010]
sext_ln24_5           (sext             ) [ 000000000000000000000000000000000000000]
sext_ln24_6           (sext             ) [ 000000000000000000000000000000000000000]
mul_ln24_6            (mul              ) [ 000000000000000000000000000000000000000]
sext_ln24_7           (sext             ) [ 000000000000000000000000000000000000000]
add_ln24_4            (add              ) [ 000000000000000000000000000000000000000]
add_ln24_5            (add              ) [ 000001000000000000000000000000000000010]
sext_ln24_10          (sext             ) [ 000000000000000000000000000000000000000]
sext_ln24_11          (sext             ) [ 000000000000000000000000000000000000000]
mul_ln24_10           (mul              ) [ 000000000000000000000000000000000000000]
sext_ln24_12          (sext             ) [ 000000000000000000000000000000000000000]
add_ln24_8            (add              ) [ 000000000000000000000000000000000000000]
add_ln24_9            (add              ) [ 000001000000000000000000000000000000010]
conv7_i105_i          (sext             ) [ 000000000000000000000000000000000000000]
mul_ln24_3            (mul              ) [ 000000000000000000000000000000000000000]
sext_ln24_3           (sext             ) [ 000000000000000000000000000000000000000]
sext_ln24_4           (sext             ) [ 000000000000000000000000000000000000000]
add_ln24_2            (add              ) [ 000000000000000000000000000000000000000]
tmp_106               (bitselect        ) [ 000000100000000000000000000000000000001]
trunc_ln24_1          (partselect       ) [ 000000000000000000000000000000000000000]
tmp_107               (bitselect        ) [ 000000000000000000000000000000000000000]
tmp_108               (bitselect        ) [ 000000000000000000000000000000000000000]
zext_ln24             (zext             ) [ 000000000000000000000000000000000000000]
add_ln24_3            (add              ) [ 000000100000000000000000000000000000001]
tmp_109               (bitselect        ) [ 000000000000000000000000000000000000000]
xor_ln24              (xor              ) [ 000000000000000000000000000000000000000]
and_ln24              (and              ) [ 000000100000000000000000000000000000001]
tmp_110               (bitselect        ) [ 000000000000000000000000000000000000000]
tmp_18                (partselect       ) [ 000000000000000000000000000000000000000]
icmp_ln24             (icmp             ) [ 000000000000000000000000000000000000000]
tmp_19                (partselect       ) [ 000000000000000000000000000000000000000]
icmp_ln24_1           (icmp             ) [ 000000100000000000000000000000000000001]
icmp_ln24_2           (icmp             ) [ 000000000000000000000000000000000000000]
select_ln24           (select           ) [ 000000000000000000000000000000000000000]
xor_ln24_1            (xor              ) [ 000000000000000000000000000000000000000]
and_ln24_1            (and              ) [ 000000000000000000000000000000000000000]
select_ln24_1         (select           ) [ 000000000000000000000000000000000000000]
xor_ln24_2            (xor              ) [ 000000000000000000000000000000000000000]
or_ln24               (or               ) [ 000000000000000000000000000000000000000]
xor_ln24_3            (xor              ) [ 000000000000000000000000000000000000000]
and_ln24_3            (and              ) [ 000000100000000000000000000000000000001]
and_ln24_4            (and              ) [ 000000100000000000000000000000000000001]
mul_ln24_7            (mul              ) [ 000000000000000000000000000000000000000]
sext_ln24_8           (sext             ) [ 000000000000000000000000000000000000000]
sext_ln24_9           (sext             ) [ 000000000000000000000000000000000000000]
add_ln24_6            (add              ) [ 000000000000000000000000000000000000000]
tmp_126               (bitselect        ) [ 000000100000000000000000000000000000001]
trunc_ln24_3          (partselect       ) [ 000000000000000000000000000000000000000]
tmp_127               (bitselect        ) [ 000000000000000000000000000000000000000]
tmp_128               (bitselect        ) [ 000000000000000000000000000000000000000]
zext_ln24_1           (zext             ) [ 000000000000000000000000000000000000000]
add_ln24_7            (add              ) [ 000000100000000000000000000000000000001]
tmp_129               (bitselect        ) [ 000000000000000000000000000000000000000]
xor_ln24_5            (xor              ) [ 000000000000000000000000000000000000000]
and_ln24_6            (and              ) [ 000000100000000000000000000000000000001]
tmp_130               (bitselect        ) [ 000000000000000000000000000000000000000]
tmp_26                (partselect       ) [ 000000000000000000000000000000000000000]
icmp_ln24_3           (icmp             ) [ 000000000000000000000000000000000000000]
tmp_27                (partselect       ) [ 000000000000000000000000000000000000000]
icmp_ln24_4           (icmp             ) [ 000000100000000000000000000000000000001]
icmp_ln24_5           (icmp             ) [ 000000000000000000000000000000000000000]
select_ln24_4         (select           ) [ 000000000000000000000000000000000000000]
xor_ln24_6            (xor              ) [ 000000000000000000000000000000000000000]
and_ln24_7            (and              ) [ 000000000000000000000000000000000000000]
select_ln24_5         (select           ) [ 000000000000000000000000000000000000000]
xor_ln24_7            (xor              ) [ 000000000000000000000000000000000000000]
or_ln24_2             (or               ) [ 000000000000000000000000000000000000000]
xor_ln24_8            (xor              ) [ 000000000000000000000000000000000000000]
and_ln24_9            (and              ) [ 000000100000000000000000000000000000001]
and_ln24_10           (and              ) [ 000000100000000000000000000000000000001]
mul_ln24_11           (mul              ) [ 000000000000000000000000000000000000000]
sext_ln24_13          (sext             ) [ 000000000000000000000000000000000000000]
sext_ln24_14          (sext             ) [ 000000000000000000000000000000000000000]
add_ln24_10           (add              ) [ 000000000000000000000000000000000000000]
tmp_146               (bitselect        ) [ 000000100000000000000000000000000000001]
trunc_ln24_5          (partselect       ) [ 000000000000000000000000000000000000000]
tmp_147               (bitselect        ) [ 000000000000000000000000000000000000000]
tmp_148               (bitselect        ) [ 000000000000000000000000000000000000000]
zext_ln24_2           (zext             ) [ 000000000000000000000000000000000000000]
add_ln24_11           (add              ) [ 000000100000000000000000000000000000001]
tmp_149               (bitselect        ) [ 000000000000000000000000000000000000000]
xor_ln24_10           (xor              ) [ 000000000000000000000000000000000000000]
and_ln24_12           (and              ) [ 000000100000000000000000000000000000001]
tmp_150               (bitselect        ) [ 000000000000000000000000000000000000000]
tmp_34                (partselect       ) [ 000000000000000000000000000000000000000]
icmp_ln24_6           (icmp             ) [ 000000000000000000000000000000000000000]
tmp_35                (partselect       ) [ 000000000000000000000000000000000000000]
icmp_ln24_7           (icmp             ) [ 000000100000000000000000000000000000001]
icmp_ln24_8           (icmp             ) [ 000000000000000000000000000000000000000]
select_ln24_8         (select           ) [ 000000000000000000000000000000000000000]
xor_ln24_11           (xor              ) [ 000000000000000000000000000000000000000]
and_ln24_13           (and              ) [ 000000000000000000000000000000000000000]
select_ln24_9         (select           ) [ 000000000000000000000000000000000000000]
xor_ln24_12           (xor              ) [ 000000000000000000000000000000000000000]
or_ln24_4             (or               ) [ 000000000000000000000000000000000000000]
xor_ln24_13           (xor              ) [ 000000000000000000000000000000000000000]
and_ln24_15           (and              ) [ 000000100000000000000000000000000000001]
and_ln24_16           (and              ) [ 000000100000000000000000000000000000001]
and_ln24_2            (and              ) [ 000000000000000000000000000000000000000]
or_ln24_6             (or               ) [ 000000000000000000000000000000000000000]
xor_ln24_4            (xor              ) [ 000000000000000000000000000000000000000]
and_ln24_5            (and              ) [ 000000000000000000000000000000000000000]
select_ln24_2         (select           ) [ 000000000000000000000000000000000000000]
or_ln24_1             (or               ) [ 000000000000000000000000000000000000000]
out_verts_w           (select           ) [ 000000000000000000000000000000000000000]
and_ln24_8            (and              ) [ 000000000000000000000000000000000000000]
or_ln24_7             (or               ) [ 000000000000000000000000000000000000000]
xor_ln24_9            (xor              ) [ 000000000000000000000000000000000000000]
and_ln24_11           (and              ) [ 000000000000000000000000000000000000000]
select_ln24_6         (select           ) [ 000000000000000000000000000000000000000]
or_ln24_3             (or               ) [ 000000000000000000000000000000000000000]
out_verts_w_2         (select           ) [ 000000000000000000000000000000000000000]
and_ln24_14           (and              ) [ 000000000000000000000000000000000000000]
or_ln24_8             (or               ) [ 000000000000000000000000000000000000000]
xor_ln24_14           (xor              ) [ 000000000000000000000000000000000000000]
and_ln24_17           (and              ) [ 000000000000000000000000000000000000000]
select_ln24_10        (select           ) [ 000000000000000000000000000000000000000]
or_ln24_5             (or               ) [ 000000000000000000000000000000000000000]
curr_tri_v2_w         (select           ) [ 000000000000000000000000000000000000000]
curr_tri_v0_w_1       (phi              ) [ 011111111111111111111111111111111111111]
curr_tri_v1_w_1       (phi              ) [ 011111111111111111111111111111111111111]
curr_tri_v2_w_1       (phi              ) [ 011111111111111111111111111111111111111]
write_ln33            (write            ) [ 000000000000000000000000000000000000000]
write_ln33            (write            ) [ 000000000000000000000000000000000000000]
write_ln33            (write            ) [ 000000000000000000000000000000000000000]
write_ln33            (write            ) [ 000000000000000000000000000000000000000]
write_ln33            (write            ) [ 000000000000000000000000000000000000000]
write_ln33            (write            ) [ 000000000000000000000000000000000000000]
write_ln33            (write            ) [ 000000000000000000000000000000000000000]
write_ln33            (write            ) [ 000000000000000000000000000000000000000]
write_ln33            (write            ) [ 000000000000000000000000000000000000000]
write_ln33            (write            ) [ 000000000000000000000000000000000000000]
write_ln33            (write            ) [ 000000000000000000000000000000000000000]
write_ln33            (write            ) [ 000000000000000000000000000000000000000]
write_ln33            (write            ) [ 000000000000000000000000000000000000000]
write_ln33            (write            ) [ 000000000000000000000000000000000000000]
write_ln33            (write            ) [ 000000000000000000000000000000000000000]
write_ln33            (write            ) [ 000000000000000000000000000000000000000]
write_ln33            (write            ) [ 000000000000000000000000000000000000000]
write_ln33            (write            ) [ 000000000000000000000000000000000000000]
write_ln33            (write            ) [ 000000000000000000000000000000000000000]
write_ln33            (write            ) [ 000000000000000000000000000000000000000]
write_ln33            (write            ) [ 000000000000000000000000000000000000000]
write_ln33            (write            ) [ 000000000000000000000000000000000000000]
write_ln33            (write            ) [ 000000000000000000000000000000000000000]
ret_ln0               (ret              ) [ 000000000000000000000000000000000000000]
</LifeTime>

<model>

<comp_list>
<comp id="0" class="1000" name="gmem0">
<pin_list>
<pin id="1" dir="1" index="0" bw="1" slack="0"/>
</pin_list>
<bind>
<StgValue><ssdm name="gmem0"/><MemPortTyVec>0 </MemPortTyVec>
</StgValue>
</bind>
</comp>

<comp id="2" class="1000" name="in_tris">
<pin_list>
<pin id="3" dir="1" index="0" bw="1" slack="0"/>
</pin_list>
<bind>
<StgValue><ssdm name="in_tris"/></StgValue>
</bind>
</comp>

<comp id="4" class="1000" name="gmem2">
<pin_list>
<pin id="5" dir="1" index="0" bw="1" slack="0"/>
</pin_list>
<bind>
<StgValue><ssdm name="gmem2"/><MemPortTyVec>0 </MemPortTyVec>
</StgValue>
</bind>
</comp>

<comp id="6" class="1000" name="mvp">
<pin_list>
<pin id="7" dir="1" index="0" bw="1" slack="0"/>
</pin_list>
<bind>
<StgValue><ssdm name="mvp"/></StgValue>
</bind>
</comp>

<comp id="8" class="1000" name="clip_tris_v0_x">
<pin_list>
<pin id="9" dir="1" index="0" bw="1" slack="0"/>
</pin_list>
<bind>
<StgValue><ssdm name="clip_tris_v0_x"/></StgValue>
</bind>
</comp>

<comp id="10" class="1000" name="clip_tris_v0_y">
<pin_list>
<pin id="11" dir="1" index="0" bw="1" slack="0"/>
</pin_list>
<bind>
<StgValue><ssdm name="clip_tris_v0_y"/></StgValue>
</bind>
</comp>

<comp id="12" class="1000" name="clip_tris_v0_z">
<pin_list>
<pin id="13" dir="1" index="0" bw="1" slack="0"/>
</pin_list>
<bind>
<StgValue><ssdm name="clip_tris_v0_z"/></StgValue>
</bind>
</comp>

<comp id="14" class="1000" name="clip_tris_v0_w">
<pin_list>
<pin id="15" dir="1" index="0" bw="1" slack="0"/>
</pin_list>
<bind>
<StgValue><ssdm name="clip_tris_v0_w"/></StgValue>
</bind>
</comp>

<comp id="16" class="1000" name="clip_tris_v1_x">
<pin_list>
<pin id="17" dir="1" index="0" bw="1" slack="0"/>
</pin_list>
<bind>
<StgValue><ssdm name="clip_tris_v1_x"/></StgValue>
</bind>
</comp>

<comp id="18" class="1000" name="clip_tris_v1_y">
<pin_list>
<pin id="19" dir="1" index="0" bw="1" slack="0"/>
</pin_list>
<bind>
<StgValue><ssdm name="clip_tris_v1_y"/></StgValue>
</bind>
</comp>

<comp id="20" class="1000" name="clip_tris_v1_z">
<pin_list>
<pin id="21" dir="1" index="0" bw="1" slack="0"/>
</pin_list>
<bind>
<StgValue><ssdm name="clip_tris_v1_z"/></StgValue>
</bind>
</comp>

<comp id="22" class="1000" name="clip_tris_v1_w">
<pin_list>
<pin id="23" dir="1" index="0" bw="1" slack="0"/>
</pin_list>
<bind>
<StgValue><ssdm name="clip_tris_v1_w"/></StgValue>
</bind>
</comp>

<comp id="24" class="1000" name="clip_tris_v2_x">
<pin_list>
<pin id="25" dir="1" index="0" bw="1" slack="0"/>
</pin_list>
<bind>
<StgValue><ssdm name="clip_tris_v2_x"/></StgValue>
</bind>
</comp>

<comp id="26" class="1000" name="clip_tris_v2_y">
<pin_list>
<pin id="27" dir="1" index="0" bw="1" slack="0"/>
</pin_list>
<bind>
<StgValue><ssdm name="clip_tris_v2_y"/></StgValue>
</bind>
</comp>

<comp id="28" class="1000" name="clip_tris_v2_z">
<pin_list>
<pin id="29" dir="1" index="0" bw="1" slack="0"/>
</pin_list>
<bind>
<StgValue><ssdm name="clip_tris_v2_z"/></StgValue>
</bind>
</comp>

<comp id="30" class="1000" name="clip_tris_v2_w">
<pin_list>
<pin id="31" dir="1" index="0" bw="1" slack="0"/>
</pin_list>
<bind>
<StgValue><ssdm name="clip_tris_v2_w"/></StgValue>
</bind>
</comp>

<comp id="32" class="1000" name="clip_tris_n0_x">
<pin_list>
<pin id="33" dir="1" index="0" bw="1" slack="0"/>
</pin_list>
<bind>
<StgValue><ssdm name="clip_tris_n0_x"/></StgValue>
</bind>
</comp>

<comp id="34" class="1000" name="clip_tris_n0_y">
<pin_list>
<pin id="35" dir="1" index="0" bw="1" slack="0"/>
</pin_list>
<bind>
<StgValue><ssdm name="clip_tris_n0_y"/></StgValue>
</bind>
</comp>

<comp id="36" class="1000" name="clip_tris_n0_z">
<pin_list>
<pin id="37" dir="1" index="0" bw="1" slack="0"/>
</pin_list>
<bind>
<StgValue><ssdm name="clip_tris_n0_z"/></StgValue>
</bind>
</comp>

<comp id="38" class="1000" name="clip_tris_n1_x">
<pin_list>
<pin id="39" dir="1" index="0" bw="1" slack="0"/>
</pin_list>
<bind>
<StgValue><ssdm name="clip_tris_n1_x"/></StgValue>
</bind>
</comp>

<comp id="40" class="1000" name="clip_tris_n1_y">
<pin_list>
<pin id="41" dir="1" index="0" bw="1" slack="0"/>
</pin_list>
<bind>
<StgValue><ssdm name="clip_tris_n1_y"/></StgValue>
</bind>
</comp>

<comp id="42" class="1000" name="clip_tris_n1_z">
<pin_list>
<pin id="43" dir="1" index="0" bw="1" slack="0"/>
</pin_list>
<bind>
<StgValue><ssdm name="clip_tris_n1_z"/></StgValue>
</bind>
</comp>

<comp id="44" class="1000" name="clip_tris_n2_x">
<pin_list>
<pin id="45" dir="1" index="0" bw="1" slack="0"/>
</pin_list>
<bind>
<StgValue><ssdm name="clip_tris_n2_x"/></StgValue>
</bind>
</comp>

<comp id="46" class="1000" name="clip_tris_n2_y">
<pin_list>
<pin id="47" dir="1" index="0" bw="1" slack="0"/>
</pin_list>
<bind>
<StgValue><ssdm name="clip_tris_n2_y"/></StgValue>
</bind>
</comp>

<comp id="48" class="1000" name="clip_tris_n2_z">
<pin_list>
<pin id="49" dir="1" index="0" bw="1" slack="0"/>
</pin_list>
<bind>
<StgValue><ssdm name="clip_tris_n2_z"/></StgValue>
</bind>
</comp>

<comp id="50" class="1000" name="clip_tris_color">
<pin_list>
<pin id="51" dir="1" index="0" bw="1" slack="0"/>
</pin_list>
<bind>
<StgValue><ssdm name="clip_tris_color"/></StgValue>
</bind>
</comp>

<comp id="52" class="1000" name="clip_tris_is_active">
<pin_list>
<pin id="53" dir="1" index="0" bw="1" slack="0"/>
</pin_list>
<bind>
<StgValue><ssdm name="clip_tris_is_active"/></StgValue>
</bind>
</comp>

<comp id="54" class="1001" name="const_54">
<pin_list>
<pin id="55" dir="1" index="0" bw="1" slack="0"/>
</pin_list>
<bind>
<StgValue><ssdm name=""/></StgValue>
</bind>
</comp>

<comp id="56" class="1001" name="const_56">
<pin_list>
<pin id="57" dir="1" index="0" bw="1" slack="2147483647"/>
</pin_list>
<bind>
<StgValue><ssdm name="_ssdm_op_SpecInterface"/></StgValue>
</bind>
</comp>

<comp id="58" class="1001" name="const_58">
<pin_list>
<pin id="59" dir="1" index="0" bw="1" slack="2147483647"/>
</pin_list>
<bind>
<StgValue><ssdm name="empty_9"/></StgValue>
</bind>
</comp>

<comp id="60" class="1001" name="const_60">
<pin_list>
<pin id="61" dir="1" index="0" bw="1" slack="2147483647"/>
</pin_list>
<bind>
<StgValue><ssdm name=""/></StgValue>
</bind>
</comp>

<comp id="62" class="1001" name="const_62">
<pin_list>
<pin id="63" dir="1" index="0" bw="1" slack="2147483647"/>
</pin_list>
<bind>
<StgValue><ssdm name="empty_21"/></StgValue>
</bind>
</comp>

<comp id="64" class="1001" name="const_64">
<pin_list>
<pin id="65" dir="1" index="0" bw="1" slack="2147483647"/>
</pin_list>
<bind>
<StgValue><ssdm name=""/></StgValue>
</bind>
</comp>

<comp id="66" class="1001" name="const_66">
<pin_list>
<pin id="67" dir="1" index="0" bw="1" slack="2147483647"/>
</pin_list>
<bind>
<StgValue><ssdm name="empty_11"/></StgValue>
</bind>
</comp>

<comp id="68" class="1001" name="const_68">
<pin_list>
<pin id="69" dir="1" index="0" bw="1" slack="2147483647"/>
</pin_list>
<bind>
<StgValue><ssdm name="empty_17"/></StgValue>
</bind>
</comp>

<comp id="70" class="1001" name="const_70">
<pin_list>
<pin id="71" dir="1" index="0" bw="1" slack="2147483647"/>
</pin_list>
<bind>
<StgValue><ssdm name="empty_16"/></StgValue>
</bind>
</comp>

<comp id="72" class="1001" name="const_72">
<pin_list>
<pin id="73" dir="1" index="0" bw="1" slack="0"/>
</pin_list>
<bind>
<StgValue><ssdm name=""/></StgValue>
</bind>
</comp>

<comp id="74" class="1001" name="const_74">
<pin_list>
<pin id="75" dir="1" index="0" bw="1" slack="2147483647"/>
</pin_list>
<bind>
<StgValue><ssdm name="empty_18"/></StgValue>
</bind>
</comp>

<comp id="76" class="1001" name="const_76">
<pin_list>
<pin id="77" dir="1" index="0" bw="1" slack="0"/>
</pin_list>
<bind>
<StgValue><ssdm name="_ssdm_op_Read.ap_auto.i64"/></StgValue>
</bind>
</comp>

<comp id="78" class="1001" name="const_78">
<pin_list>
<pin id="79" dir="1" index="0" bw="1" slack="0"/>
</pin_list>
<bind>
<StgValue><ssdm name="_ssdm_op_PartSelect.i62.i64.i32.i32"/></StgValue>
</bind>
</comp>

<comp id="80" class="1001" name="const_80">
<pin_list>
<pin id="81" dir="1" index="0" bw="1" slack="0"/>
</pin_list>
<bind>
<StgValue><ssdm name=""/></StgValue>
</bind>
</comp>

<comp id="82" class="1001" name="const_82">
<pin_list>
<pin id="83" dir="1" index="0" bw="1" slack="0"/>
</pin_list>
<bind>
<StgValue><ssdm name=""/></StgValue>
</bind>
</comp>

<comp id="84" class="1001" name="const_84">
<pin_list>
<pin id="85" dir="1" index="0" bw="1" slack="0"/>
</pin_list>
<bind>
<StgValue><ssdm name=""/></StgValue>
</bind>
</comp>

<comp id="86" class="1001" name="const_86">
<pin_list>
<pin id="87" dir="1" index="0" bw="1" slack="0"/>
</pin_list>
<bind>
<StgValue><ssdm name=""/></StgValue>
</bind>
</comp>

<comp id="88" class="1001" name="const_88">
<pin_list>
<pin id="89" dir="1" index="0" bw="1" slack="0"/>
</pin_list>
<bind>
<StgValue><ssdm name=""/></StgValue>
</bind>
</comp>

<comp id="90" class="1001" name="const_90">
<pin_list>
<pin id="91" dir="1" index="0" bw="1" slack="0"/>
</pin_list>
<bind>
<StgValue><ssdm name=""/></StgValue>
</bind>
</comp>

<comp id="92" class="1001" name="const_92">
<pin_list>
<pin id="93" dir="1" index="0" bw="1" slack="0"/>
</pin_list>
<bind>
<StgValue><ssdm name=""/></StgValue>
</bind>
</comp>

<comp id="94" class="1001" name="const_94">
<pin_list>
<pin id="95" dir="1" index="0" bw="1" slack="0"/>
</pin_list>
<bind>
<StgValue><ssdm name=""/></StgValue>
</bind>
</comp>

<comp id="96" class="1001" name="const_96">
<pin_list>
<pin id="97" dir="1" index="0" bw="1" slack="0"/>
</pin_list>
<bind>
<StgValue><ssdm name="_ssdm_op_PartSelect.i57.i64.i32.i32"/></StgValue>
</bind>
</comp>

<comp id="98" class="1001" name="const_98">
<pin_list>
<pin id="99" dir="1" index="0" bw="1" slack="0"/>
</pin_list>
<bind>
<StgValue><ssdm name=""/></StgValue>
</bind>
</comp>

<comp id="100" class="1001" name="const_100">
<pin_list>
<pin id="101" dir="1" index="0" bw="1" slack="0"/>
</pin_list>
<bind>
<StgValue><ssdm name=""/></StgValue>
</bind>
</comp>

<comp id="102" class="1001" name="const_102">
<pin_list>
<pin id="103" dir="1" index="0" bw="1" slack="0"/>
</pin_list>
<bind>
<StgValue><ssdm name=""/></StgValue>
</bind>
</comp>

<comp id="104" class="1001" name="const_104">
<pin_list>
<pin id="105" dir="1" index="0" bw="1" slack="0"/>
</pin_list>
<bind>
<StgValue><ssdm name="_ssdm_op_ReadReq.m_axi.p1i1024"/></StgValue>
</bind>
</comp>

<comp id="106" class="1001" name="const_106">
<pin_list>
<pin id="107" dir="1" index="0" bw="1" slack="2147483647"/>
</pin_list>
<bind>
<StgValue><ssdm name="_ssdm_op_SpecPipeline"/></StgValue>
</bind>
</comp>

<comp id="108" class="1001" name="const_108">
<pin_list>
<pin id="109" dir="1" index="0" bw="1" slack="2147483647"/>
</pin_list>
<bind>
<StgValue><ssdm name="_ssdm_op_SpecLoopTripCount"/></StgValue>
</bind>
</comp>

<comp id="110" class="1001" name="const_110">
<pin_list>
<pin id="111" dir="1" index="0" bw="1" slack="2147483647"/>
</pin_list>
<bind>
<StgValue><ssdm name=""/></StgValue>
</bind>
</comp>

<comp id="112" class="1001" name="const_112">
<pin_list>
<pin id="113" dir="1" index="0" bw="1" slack="2147483647"/>
</pin_list>
<bind>
<StgValue><ssdm name="_ssdm_op_SpecLoopName"/></StgValue>
</bind>
</comp>

<comp id="114" class="1001" name="const_114">
<pin_list>
<pin id="115" dir="1" index="0" bw="1" slack="2147483647"/>
</pin_list>
<bind>
<StgValue><ssdm name="empty_7"/></StgValue>
</bind>
</comp>

<comp id="116" class="1001" name="const_116">
<pin_list>
<pin id="117" dir="1" index="0" bw="1" slack="0"/>
</pin_list>
<bind>
<StgValue><ssdm name="_ssdm_op_Read.m_axi.p1i1024"/></StgValue>
</bind>
</comp>

<comp id="118" class="1001" name="const_118">
<pin_list>
<pin id="119" dir="1" index="0" bw="1" slack="11"/>
</pin_list>
<bind>
<StgValue><ssdm name=""/></StgValue>
</bind>
</comp>

<comp id="120" class="1001" name="const_120">
<pin_list>
<pin id="121" dir="1" index="0" bw="1" slack="0"/>
</pin_list>
<bind>
<StgValue><ssdm name="_ssdm_op_BitConcatenate.i1721.i697.i1024"/></StgValue>
</bind>
</comp>

<comp id="122" class="1001" name="const_122">
<pin_list>
<pin id="123" dir="1" index="0" bw="1" slack="0"/>
</pin_list>
<bind>
<StgValue><ssdm name="_ssdm_op_BitConcatenate.i10.i7.i3"/></StgValue>
</bind>
</comp>

<comp id="124" class="1001" name="const_124">
<pin_list>
<pin id="125" dir="1" index="0" bw="1" slack="0"/>
</pin_list>
<bind>
<StgValue><ssdm name=""/></StgValue>
</bind>
</comp>

<comp id="126" class="1001" name="const_126">
<pin_list>
<pin id="127" dir="1" index="0" bw="1" slack="0"/>
</pin_list>
<bind>
<StgValue><ssdm name="_ssdm_op_PartSelect.i32.i1721.i32.i32"/></StgValue>
</bind>
</comp>

<comp id="128" class="1001" name="const_128">
<pin_list>
<pin id="129" dir="1" index="0" bw="1" slack="0"/>
</pin_list>
<bind>
<StgValue><ssdm name=""/></StgValue>
</bind>
</comp>

<comp id="130" class="1001" name="const_130">
<pin_list>
<pin id="131" dir="1" index="0" bw="1" slack="0"/>
</pin_list>
<bind>
<StgValue><ssdm name=""/></StgValue>
</bind>
</comp>

<comp id="132" class="1001" name="const_132">
<pin_list>
<pin id="133" dir="1" index="0" bw="1" slack="0"/>
</pin_list>
<bind>
<StgValue><ssdm name=""/></StgValue>
</bind>
</comp>

<comp id="134" class="1001" name="const_134">
<pin_list>
<pin id="135" dir="1" index="0" bw="1" slack="0"/>
</pin_list>
<bind>
<StgValue><ssdm name=""/></StgValue>
</bind>
</comp>

<comp id="136" class="1001" name="const_136">
<pin_list>
<pin id="137" dir="1" index="0" bw="1" slack="0"/>
</pin_list>
<bind>
<StgValue><ssdm name=""/></StgValue>
</bind>
</comp>

<comp id="138" class="1001" name="const_138">
<pin_list>
<pin id="139" dir="1" index="0" bw="1" slack="0"/>
</pin_list>
<bind>
<StgValue><ssdm name=""/></StgValue>
</bind>
</comp>

<comp id="140" class="1001" name="const_140">
<pin_list>
<pin id="141" dir="1" index="0" bw="1" slack="0"/>
</pin_list>
<bind>
<StgValue><ssdm name=""/></StgValue>
</bind>
</comp>

<comp id="142" class="1001" name="const_142">
<pin_list>
<pin id="143" dir="1" index="0" bw="1" slack="0"/>
</pin_list>
<bind>
<StgValue><ssdm name=""/></StgValue>
</bind>
</comp>

<comp id="144" class="1001" name="const_144">
<pin_list>
<pin id="145" dir="1" index="0" bw="1" slack="0"/>
</pin_list>
<bind>
<StgValue><ssdm name=""/></StgValue>
</bind>
</comp>

<comp id="146" class="1001" name="const_146">
<pin_list>
<pin id="147" dir="1" index="0" bw="1" slack="0"/>
</pin_list>
<bind>
<StgValue><ssdm name=""/></StgValue>
</bind>
</comp>

<comp id="148" class="1001" name="const_148">
<pin_list>
<pin id="149" dir="1" index="0" bw="1" slack="0"/>
</pin_list>
<bind>
<StgValue><ssdm name=""/></StgValue>
</bind>
</comp>

<comp id="150" class="1001" name="const_150">
<pin_list>
<pin id="151" dir="1" index="0" bw="1" slack="0"/>
</pin_list>
<bind>
<StgValue><ssdm name=""/></StgValue>
</bind>
</comp>

<comp id="152" class="1001" name="const_152">
<pin_list>
<pin id="153" dir="1" index="0" bw="1" slack="0"/>
</pin_list>
<bind>
<StgValue><ssdm name=""/></StgValue>
</bind>
</comp>

<comp id="154" class="1001" name="const_154">
<pin_list>
<pin id="155" dir="1" index="0" bw="1" slack="0"/>
</pin_list>
<bind>
<StgValue><ssdm name=""/></StgValue>
</bind>
</comp>

<comp id="156" class="1001" name="const_156">
<pin_list>
<pin id="157" dir="1" index="0" bw="1" slack="0"/>
</pin_list>
<bind>
<StgValue><ssdm name=""/></StgValue>
</bind>
</comp>

<comp id="158" class="1001" name="const_158">
<pin_list>
<pin id="159" dir="1" index="0" bw="1" slack="0"/>
</pin_list>
<bind>
<StgValue><ssdm name=""/></StgValue>
</bind>
</comp>

<comp id="160" class="1001" name="const_160">
<pin_list>
<pin id="161" dir="1" index="0" bw="1" slack="0"/>
</pin_list>
<bind>
<StgValue><ssdm name=""/></StgValue>
</bind>
</comp>

<comp id="162" class="1001" name="const_162">
<pin_list>
<pin id="163" dir="1" index="0" bw="1" slack="0"/>
</pin_list>
<bind>
<StgValue><ssdm name=""/></StgValue>
</bind>
</comp>

<comp id="164" class="1001" name="const_164">
<pin_list>
<pin id="165" dir="1" index="0" bw="1" slack="0"/>
</pin_list>
<bind>
<StgValue><ssdm name=""/></StgValue>
</bind>
</comp>

<comp id="166" class="1001" name="const_166">
<pin_list>
<pin id="167" dir="1" index="0" bw="1" slack="0"/>
</pin_list>
<bind>
<StgValue><ssdm name=""/></StgValue>
</bind>
</comp>

<comp id="168" class="1001" name="const_168">
<pin_list>
<pin id="169" dir="1" index="0" bw="1" slack="0"/>
</pin_list>
<bind>
<StgValue><ssdm name=""/></StgValue>
</bind>
</comp>

<comp id="170" class="1001" name="const_170">
<pin_list>
<pin id="171" dir="1" index="0" bw="1" slack="0"/>
</pin_list>
<bind>
<StgValue><ssdm name=""/></StgValue>
</bind>
</comp>

<comp id="172" class="1001" name="const_172">
<pin_list>
<pin id="173" dir="1" index="0" bw="1" slack="0"/>
</pin_list>
<bind>
<StgValue><ssdm name=""/></StgValue>
</bind>
</comp>

<comp id="174" class="1001" name="const_174">
<pin_list>
<pin id="175" dir="1" index="0" bw="1" slack="0"/>
</pin_list>
<bind>
<StgValue><ssdm name=""/></StgValue>
</bind>
</comp>

<comp id="176" class="1001" name="const_176">
<pin_list>
<pin id="177" dir="1" index="0" bw="1" slack="0"/>
</pin_list>
<bind>
<StgValue><ssdm name=""/></StgValue>
</bind>
</comp>

<comp id="178" class="1001" name="const_178">
<pin_list>
<pin id="179" dir="1" index="0" bw="1" slack="0"/>
</pin_list>
<bind>
<StgValue><ssdm name=""/></StgValue>
</bind>
</comp>

<comp id="180" class="1001" name="const_180">
<pin_list>
<pin id="181" dir="1" index="0" bw="1" slack="0"/>
</pin_list>
<bind>
<StgValue><ssdm name=""/></StgValue>
</bind>
</comp>

<comp id="182" class="1001" name="const_182">
<pin_list>
<pin id="183" dir="1" index="0" bw="1" slack="0"/>
</pin_list>
<bind>
<StgValue><ssdm name=""/></StgValue>
</bind>
</comp>

<comp id="184" class="1001" name="const_184">
<pin_list>
<pin id="185" dir="1" index="0" bw="1" slack="0"/>
</pin_list>
<bind>
<StgValue><ssdm name=""/></StgValue>
</bind>
</comp>

<comp id="186" class="1001" name="const_186">
<pin_list>
<pin id="187" dir="1" index="0" bw="1" slack="0"/>
</pin_list>
<bind>
<StgValue><ssdm name=""/></StgValue>
</bind>
</comp>

<comp id="188" class="1001" name="const_188">
<pin_list>
<pin id="189" dir="1" index="0" bw="1" slack="0"/>
</pin_list>
<bind>
<StgValue><ssdm name=""/></StgValue>
</bind>
</comp>

<comp id="190" class="1001" name="const_190">
<pin_list>
<pin id="191" dir="1" index="0" bw="1" slack="0"/>
</pin_list>
<bind>
<StgValue><ssdm name=""/></StgValue>
</bind>
</comp>

<comp id="192" class="1001" name="const_192">
<pin_list>
<pin id="193" dir="1" index="0" bw="1" slack="0"/>
</pin_list>
<bind>
<StgValue><ssdm name=""/></StgValue>
</bind>
</comp>

<comp id="194" class="1001" name="const_194">
<pin_list>
<pin id="195" dir="1" index="0" bw="1" slack="0"/>
</pin_list>
<bind>
<StgValue><ssdm name=""/></StgValue>
</bind>
</comp>

<comp id="196" class="1001" name="const_196">
<pin_list>
<pin id="197" dir="1" index="0" bw="1" slack="0"/>
</pin_list>
<bind>
<StgValue><ssdm name=""/></StgValue>
</bind>
</comp>

<comp id="198" class="1001" name="const_198">
<pin_list>
<pin id="199" dir="1" index="0" bw="1" slack="0"/>
</pin_list>
<bind>
<StgValue><ssdm name=""/></StgValue>
</bind>
</comp>

<comp id="200" class="1001" name="const_200">
<pin_list>
<pin id="201" dir="1" index="0" bw="1" slack="0"/>
</pin_list>
<bind>
<StgValue><ssdm name=""/></StgValue>
</bind>
</comp>

<comp id="202" class="1001" name="const_202">
<pin_list>
<pin id="203" dir="1" index="0" bw="1" slack="0"/>
</pin_list>
<bind>
<StgValue><ssdm name=""/></StgValue>
</bind>
</comp>

<comp id="204" class="1001" name="const_204">
<pin_list>
<pin id="205" dir="1" index="0" bw="1" slack="0"/>
</pin_list>
<bind>
<StgValue><ssdm name=""/></StgValue>
</bind>
</comp>

<comp id="206" class="1001" name="const_206">
<pin_list>
<pin id="207" dir="1" index="0" bw="1" slack="0"/>
</pin_list>
<bind>
<StgValue><ssdm name=""/></StgValue>
</bind>
</comp>

<comp id="208" class="1001" name="const_208">
<pin_list>
<pin id="209" dir="1" index="0" bw="1" slack="0"/>
</pin_list>
<bind>
<StgValue><ssdm name=""/></StgValue>
</bind>
</comp>

<comp id="210" class="1001" name="const_210">
<pin_list>
<pin id="211" dir="1" index="0" bw="1" slack="0"/>
</pin_list>
<bind>
<StgValue><ssdm name="_ssdm_op_BitSelect.i1.i1721.i32"/></StgValue>
</bind>
</comp>

<comp id="212" class="1001" name="const_212">
<pin_list>
<pin id="213" dir="1" index="0" bw="1" slack="0"/>
</pin_list>
<bind>
<StgValue><ssdm name=""/></StgValue>
</bind>
</comp>

<comp id="214" class="1001" name="const_214">
<pin_list>
<pin id="215" dir="1" index="0" bw="1" slack="0"/>
</pin_list>
<bind>
<StgValue><ssdm name="_ssdm_op_ReadReq.m_axi.p1i32"/></StgValue>
</bind>
</comp>

<comp id="216" class="1001" name="const_216">
<pin_list>
<pin id="217" dir="1" index="0" bw="1" slack="0"/>
</pin_list>
<bind>
<StgValue><ssdm name=""/></StgValue>
</bind>
</comp>

<comp id="218" class="1001" name="const_218">
<pin_list>
<pin id="219" dir="1" index="0" bw="1" slack="0"/>
</pin_list>
<bind>
<StgValue><ssdm name="_ssdm_op_Read.m_axi.p1i32"/></StgValue>
</bind>
</comp>

<comp id="220" class="1001" name="const_220">
<pin_list>
<pin id="221" dir="1" index="0" bw="1" slack="0"/>
</pin_list>
<bind>
<StgValue><ssdm name="_ssdm_op_BitSelect.i1.i66.i32"/></StgValue>
</bind>
</comp>

<comp id="222" class="1001" name="const_222">
<pin_list>
<pin id="223" dir="1" index="0" bw="1" slack="0"/>
</pin_list>
<bind>
<StgValue><ssdm name=""/></StgValue>
</bind>
</comp>

<comp id="224" class="1001" name="const_224">
<pin_list>
<pin id="225" dir="1" index="0" bw="1" slack="0"/>
</pin_list>
<bind>
<StgValue><ssdm name="_ssdm_op_PartSelect.i32.i66.i32.i32"/></StgValue>
</bind>
</comp>

<comp id="226" class="1001" name="const_226">
<pin_list>
<pin id="227" dir="1" index="0" bw="1" slack="0"/>
</pin_list>
<bind>
<StgValue><ssdm name=""/></StgValue>
</bind>
</comp>

<comp id="228" class="1001" name="const_228">
<pin_list>
<pin id="229" dir="1" index="0" bw="1" slack="0"/>
</pin_list>
<bind>
<StgValue><ssdm name=""/></StgValue>
</bind>
</comp>

<comp id="230" class="1001" name="const_230">
<pin_list>
<pin id="231" dir="1" index="0" bw="1" slack="0"/>
</pin_list>
<bind>
<StgValue><ssdm name="_ssdm_op_BitSelect.i1.i32.i32"/></StgValue>
</bind>
</comp>

<comp id="232" class="1001" name="const_232">
<pin_list>
<pin id="233" dir="1" index="0" bw="1" slack="0"/>
</pin_list>
<bind>
<StgValue><ssdm name=""/></StgValue>
</bind>
</comp>

<comp id="234" class="1001" name="const_234">
<pin_list>
<pin id="235" dir="1" index="0" bw="1" slack="0"/>
</pin_list>
<bind>
<StgValue><ssdm name=""/></StgValue>
</bind>
</comp>

<comp id="236" class="1001" name="const_236">
<pin_list>
<pin id="237" dir="1" index="0" bw="1" slack="0"/>
</pin_list>
<bind>
<StgValue><ssdm name=""/></StgValue>
</bind>
</comp>

<comp id="238" class="1001" name="const_238">
<pin_list>
<pin id="239" dir="1" index="0" bw="1" slack="0"/>
</pin_list>
<bind>
<StgValue><ssdm name="_ssdm_op_PartSelect.i17.i66.i32.i32"/></StgValue>
</bind>
</comp>

<comp id="240" class="1001" name="const_240">
<pin_list>
<pin id="241" dir="1" index="0" bw="1" slack="0"/>
</pin_list>
<bind>
<StgValue><ssdm name=""/></StgValue>
</bind>
</comp>

<comp id="242" class="1001" name="const_242">
<pin_list>
<pin id="243" dir="1" index="0" bw="1" slack="0"/>
</pin_list>
<bind>
<StgValue><ssdm name=""/></StgValue>
</bind>
</comp>

<comp id="244" class="1001" name="const_244">
<pin_list>
<pin id="245" dir="1" index="0" bw="1" slack="0"/>
</pin_list>
<bind>
<StgValue><ssdm name="_ssdm_op_PartSelect.i18.i66.i32.i32"/></StgValue>
</bind>
</comp>

<comp id="246" class="1001" name="const_246">
<pin_list>
<pin id="247" dir="1" index="0" bw="1" slack="0"/>
</pin_list>
<bind>
<StgValue><ssdm name=""/></StgValue>
</bind>
</comp>

<comp id="248" class="1001" name="const_248">
<pin_list>
<pin id="249" dir="1" index="0" bw="1" slack="0"/>
</pin_list>
<bind>
<StgValue><ssdm name=""/></StgValue>
</bind>
</comp>

<comp id="250" class="1001" name="const_250">
<pin_list>
<pin id="251" dir="1" index="0" bw="1" slack="0"/>
</pin_list>
<bind>
<StgValue><ssdm name=""/></StgValue>
</bind>
</comp>

<comp id="252" class="1001" name="const_252">
<pin_list>
<pin id="253" dir="1" index="0" bw="1" slack="0"/>
</pin_list>
<bind>
<StgValue><ssdm name=""/></StgValue>
</bind>
</comp>

<comp id="254" class="1001" name="const_254">
<pin_list>
<pin id="255" dir="1" index="0" bw="1" slack="0"/>
</pin_list>
<bind>
<StgValue><ssdm name="_ssdm_op_Write.ap_fifo.volatile.i32P0A"/></StgValue>
</bind>
</comp>

<comp id="256" class="1001" name="const_256">
<pin_list>
<pin id="257" dir="1" index="0" bw="1" slack="0"/>
</pin_list>
<bind>
<StgValue><ssdm name="_ssdm_op_Write.ap_fifo.volatile.i1P0A"/></StgValue>
</bind>
</comp>

<comp id="258" class="1004" name="phi_mul_fu_258">
<pin_list>
<pin id="259" dir="0" index="0" bw="1" slack="0"/>
<pin id="260" dir="1" index="1" bw="14" slack="0"/>
</pin_list>
<bind>
<opcode="alloca(26) " fcode="alloca"/>
<opset="phi_mul/1 "/>
</bind>
</comp>

<comp id="262" class="1004" name="i4_fu_262">
<pin_list>
<pin id="263" dir="0" index="0" bw="1" slack="0"/>
<pin id="264" dir="1" index="1" bw="7" slack="0"/>
</pin_list>
<bind>
<opcode="alloca(26) " fcode="alloca"/>
<opset="i4/1 "/>
</bind>
</comp>

<comp id="266" class="1004" name="mvp_read_read_fu_266">
<pin_list>
<pin id="267" dir="0" index="0" bw="64" slack="0"/>
<pin id="268" dir="0" index="1" bw="64" slack="0"/>
<pin id="269" dir="1" index="2" bw="64" slack="0"/>
</pin_list>
<bind>
<opcode="read(1150) " fcode="read"/>
<opset="mvp_read/1 "/>
</bind>
</comp>

<comp id="272" class="1004" name="in_tris_read_read_fu_272">
<pin_list>
<pin id="273" dir="0" index="0" bw="64" slack="0"/>
<pin id="274" dir="0" index="1" bw="64" slack="0"/>
<pin id="275" dir="1" index="2" bw="64" slack="0"/>
</pin_list>
<bind>
<opcode="read(1150) " fcode="read"/>
<opset="in_tris_read/1 "/>
</bind>
</comp>

<comp id="278" class="1004" name="write_ln33_write_fu_278">
<pin_list>
<pin id="279" dir="0" index="0" bw="0" slack="0"/>
<pin id="280" dir="0" index="1" bw="32" slack="0"/>
<pin id="281" dir="0" index="2" bw="32" slack="12"/>
<pin id="282" dir="1" index="3" bw="0" slack="2147483647"/>
</pin_list>
<bind>
<opcode="write(1151) " fcode="write"/>
<opset="write_ln33/38 "/>
</bind>
</comp>

<comp id="285" class="1004" name="write_ln33_write_fu_285">
<pin_list>
<pin id="286" dir="0" index="0" bw="0" slack="0"/>
<pin id="287" dir="0" index="1" bw="32" slack="0"/>
<pin id="288" dir="0" index="2" bw="32" slack="8"/>
<pin id="289" dir="1" index="3" bw="0" slack="2147483647"/>
</pin_list>
<bind>
<opcode="write(1151) " fcode="write"/>
<opset="write_ln33/38 "/>
</bind>
</comp>

<comp id="292" class="1004" name="write_ln33_write_fu_292">
<pin_list>
<pin id="293" dir="0" index="0" bw="0" slack="0"/>
<pin id="294" dir="0" index="1" bw="32" slack="0"/>
<pin id="295" dir="0" index="2" bw="32" slack="4"/>
<pin id="296" dir="1" index="3" bw="0" slack="2147483647"/>
</pin_list>
<bind>
<opcode="write(1151) " fcode="write"/>
<opset="write_ln33/38 "/>
</bind>
</comp>

<comp id="299" class="1004" name="write_ln33_write_fu_299">
<pin_list>
<pin id="300" dir="0" index="0" bw="0" slack="0"/>
<pin id="301" dir="0" index="1" bw="32" slack="0"/>
<pin id="302" dir="0" index="2" bw="32" slack="0"/>
<pin id="303" dir="1" index="3" bw="0" slack="2147483647"/>
</pin_list>
<bind>
<opcode="write(1151) " fcode="write"/>
<opset="write_ln33/38 "/>
</bind>
</comp>

<comp id="306" class="1004" name="write_ln33_write_fu_306">
<pin_list>
<pin id="307" dir="0" index="0" bw="0" slack="0"/>
<pin id="308" dir="0" index="1" bw="32" slack="0"/>
<pin id="309" dir="0" index="2" bw="32" slack="12"/>
<pin id="310" dir="1" index="3" bw="0" slack="2147483647"/>
</pin_list>
<bind>
<opcode="write(1151) " fcode="write"/>
<opset="write_ln33/38 "/>
</bind>
</comp>

<comp id="313" class="1004" name="write_ln33_write_fu_313">
<pin_list>
<pin id="314" dir="0" index="0" bw="0" slack="0"/>
<pin id="315" dir="0" index="1" bw="32" slack="0"/>
<pin id="316" dir="0" index="2" bw="32" slack="8"/>
<pin id="317" dir="1" index="3" bw="0" slack="2147483647"/>
</pin_list>
<bind>
<opcode="write(1151) " fcode="write"/>
<opset="write_ln33/38 "/>
</bind>
</comp>

<comp id="320" class="1004" name="write_ln33_write_fu_320">
<pin_list>
<pin id="321" dir="0" index="0" bw="0" slack="0"/>
<pin id="322" dir="0" index="1" bw="32" slack="0"/>
<pin id="323" dir="0" index="2" bw="32" slack="4"/>
<pin id="324" dir="1" index="3" bw="0" slack="2147483647"/>
</pin_list>
<bind>
<opcode="write(1151) " fcode="write"/>
<opset="write_ln33/38 "/>
</bind>
</comp>

<comp id="327" class="1004" name="write_ln33_write_fu_327">
<pin_list>
<pin id="328" dir="0" index="0" bw="0" slack="0"/>
<pin id="329" dir="0" index="1" bw="32" slack="0"/>
<pin id="330" dir="0" index="2" bw="32" slack="0"/>
<pin id="331" dir="1" index="3" bw="0" slack="2147483647"/>
</pin_list>
<bind>
<opcode="write(1151) " fcode="write"/>
<opset="write_ln33/38 "/>
</bind>
</comp>

<comp id="334" class="1004" name="write_ln33_write_fu_334">
<pin_list>
<pin id="335" dir="0" index="0" bw="0" slack="0"/>
<pin id="336" dir="0" index="1" bw="32" slack="0"/>
<pin id="337" dir="0" index="2" bw="32" slack="12"/>
<pin id="338" dir="1" index="3" bw="0" slack="2147483647"/>
</pin_list>
<bind>
<opcode="write(1151) " fcode="write"/>
<opset="write_ln33/38 "/>
</bind>
</comp>

<comp id="341" class="1004" name="write_ln33_write_fu_341">
<pin_list>
<pin id="342" dir="0" index="0" bw="0" slack="0"/>
<pin id="343" dir="0" index="1" bw="32" slack="0"/>
<pin id="344" dir="0" index="2" bw="32" slack="8"/>
<pin id="345" dir="1" index="3" bw="0" slack="2147483647"/>
</pin_list>
<bind>
<opcode="write(1151) " fcode="write"/>
<opset="write_ln33/38 "/>
</bind>
</comp>

<comp id="348" class="1004" name="write_ln33_write_fu_348">
<pin_list>
<pin id="349" dir="0" index="0" bw="0" slack="0"/>
<pin id="350" dir="0" index="1" bw="32" slack="0"/>
<pin id="351" dir="0" index="2" bw="32" slack="4"/>
<pin id="352" dir="1" index="3" bw="0" slack="2147483647"/>
</pin_list>
<bind>
<opcode="write(1151) " fcode="write"/>
<opset="write_ln33/38 "/>
</bind>
</comp>

<comp id="355" class="1004" name="write_ln33_write_fu_355">
<pin_list>
<pin id="356" dir="0" index="0" bw="0" slack="0"/>
<pin id="357" dir="0" index="1" bw="32" slack="0"/>
<pin id="358" dir="0" index="2" bw="32" slack="0"/>
<pin id="359" dir="1" index="3" bw="0" slack="2147483647"/>
</pin_list>
<bind>
<opcode="write(1151) " fcode="write"/>
<opset="write_ln33/38 "/>
</bind>
</comp>

<comp id="362" class="1004" name="write_ln33_write_fu_362">
<pin_list>
<pin id="363" dir="0" index="0" bw="0" slack="0"/>
<pin id="364" dir="0" index="1" bw="32" slack="0"/>
<pin id="365" dir="0" index="2" bw="32" slack="26"/>
<pin id="366" dir="1" index="3" bw="0" slack="2147483647"/>
</pin_list>
<bind>
<opcode="write(1151) " fcode="write"/>
<opset="write_ln33/38 "/>
</bind>
</comp>

<comp id="369" class="1004" name="write_ln33_write_fu_369">
<pin_list>
<pin id="370" dir="0" index="0" bw="0" slack="0"/>
<pin id="371" dir="0" index="1" bw="32" slack="0"/>
<pin id="372" dir="0" index="2" bw="32" slack="26"/>
<pin id="373" dir="1" index="3" bw="0" slack="2147483647"/>
</pin_list>
<bind>
<opcode="write(1151) " fcode="write"/>
<opset="write_ln33/38 "/>
</bind>
</comp>

<comp id="376" class="1004" name="write_ln33_write_fu_376">
<pin_list>
<pin id="377" dir="0" index="0" bw="0" slack="0"/>
<pin id="378" dir="0" index="1" bw="32" slack="0"/>
<pin id="379" dir="0" index="2" bw="32" slack="26"/>
<pin id="380" dir="1" index="3" bw="0" slack="2147483647"/>
</pin_list>
<bind>
<opcode="write(1151) " fcode="write"/>
<opset="write_ln33/38 "/>
</bind>
</comp>

<comp id="383" class="1004" name="write_ln33_write_fu_383">
<pin_list>
<pin id="384" dir="0" index="0" bw="0" slack="0"/>
<pin id="385" dir="0" index="1" bw="32" slack="0"/>
<pin id="386" dir="0" index="2" bw="32" slack="26"/>
<pin id="387" dir="1" index="3" bw="0" slack="2147483647"/>
</pin_list>
<bind>
<opcode="write(1151) " fcode="write"/>
<opset="write_ln33/38 "/>
</bind>
</comp>

<comp id="390" class="1004" name="write_ln33_write_fu_390">
<pin_list>
<pin id="391" dir="0" index="0" bw="0" slack="0"/>
<pin id="392" dir="0" index="1" bw="32" slack="0"/>
<pin id="393" dir="0" index="2" bw="32" slack="26"/>
<pin id="394" dir="1" index="3" bw="0" slack="2147483647"/>
</pin_list>
<bind>
<opcode="write(1151) " fcode="write"/>
<opset="write_ln33/38 "/>
</bind>
</comp>

<comp id="397" class="1004" name="write_ln33_write_fu_397">
<pin_list>
<pin id="398" dir="0" index="0" bw="0" slack="0"/>
<pin id="399" dir="0" index="1" bw="32" slack="0"/>
<pin id="400" dir="0" index="2" bw="32" slack="26"/>
<pin id="401" dir="1" index="3" bw="0" slack="2147483647"/>
</pin_list>
<bind>
<opcode="write(1151) " fcode="write"/>
<opset="write_ln33/38 "/>
</bind>
</comp>

<comp id="404" class="1004" name="write_ln33_write_fu_404">
<pin_list>
<pin id="405" dir="0" index="0" bw="0" slack="0"/>
<pin id="406" dir="0" index="1" bw="32" slack="0"/>
<pin id="407" dir="0" index="2" bw="32" slack="26"/>
<pin id="408" dir="1" index="3" bw="0" slack="2147483647"/>
</pin_list>
<bind>
<opcode="write(1151) " fcode="write"/>
<opset="write_ln33/38 "/>
</bind>
</comp>

<comp id="411" class="1004" name="write_ln33_write_fu_411">
<pin_list>
<pin id="412" dir="0" index="0" bw="0" slack="0"/>
<pin id="413" dir="0" index="1" bw="32" slack="0"/>
<pin id="414" dir="0" index="2" bw="32" slack="26"/>
<pin id="415" dir="1" index="3" bw="0" slack="2147483647"/>
</pin_list>
<bind>
<opcode="write(1151) " fcode="write"/>
<opset="write_ln33/38 "/>
</bind>
</comp>

<comp id="418" class="1004" name="write_ln33_write_fu_418">
<pin_list>
<pin id="419" dir="0" index="0" bw="0" slack="0"/>
<pin id="420" dir="0" index="1" bw="32" slack="0"/>
<pin id="421" dir="0" index="2" bw="32" slack="26"/>
<pin id="422" dir="1" index="3" bw="0" slack="2147483647"/>
</pin_list>
<bind>
<opcode="write(1151) " fcode="write"/>
<opset="write_ln33/38 "/>
</bind>
</comp>

<comp id="425" class="1004" name="write_ln33_write_fu_425">
<pin_list>
<pin id="426" dir="0" index="0" bw="0" slack="0"/>
<pin id="427" dir="0" index="1" bw="32" slack="0"/>
<pin id="428" dir="0" index="2" bw="32" slack="26"/>
<pin id="429" dir="1" index="3" bw="0" slack="2147483647"/>
</pin_list>
<bind>
<opcode="write(1151) " fcode="write"/>
<opset="write_ln33/38 "/>
</bind>
</comp>

<comp id="432" class="1004" name="write_ln33_write_fu_432">
<pin_list>
<pin id="433" dir="0" index="0" bw="0" slack="0"/>
<pin id="434" dir="0" index="1" bw="1" slack="0"/>
<pin id="435" dir="0" index="2" bw="1" slack="26"/>
<pin id="436" dir="1" index="3" bw="0" slack="2147483647"/>
</pin_list>
<bind>
<opcode="write(1151) " fcode="write"/>
<opset="write_ln33/38 "/>
</bind>
</comp>

<comp id="439" class="1004" name="grp_readreq_fu_439">
<pin_list>
<pin id="440" dir="0" index="0" bw="1" slack="0"/>
<pin id="441" dir="0" index="1" bw="1024" slack="0"/>
<pin id="442" dir="0" index="2" bw="3" slack="1"/>
<pin id="443" dir="1" index="3" bw="1" slack="2147483647"/>
</pin_list>
<bind>
<opcode="readreq(1154) " fcode="readreq"/>
<opset="empty/2 "/>
</bind>
</comp>

<comp id="445" class="1004" name="grp_read_fu_445">
<pin_list>
<pin id="446" dir="0" index="0" bw="1024" slack="0"/>
<pin id="447" dir="0" index="1" bw="1024" slack="8"/>
<pin id="448" dir="1" index="2" bw="1024" slack="0"/>
</pin_list>
<bind>
<opcode="read(1150) " fcode="read"/>
<opset="gmem0_addr_read/10 gmem0_addr_read_1/11 "/>
</bind>
</comp>

<comp id="450" class="1004" name="grp_readreq_fu_450">
<pin_list>
<pin id="451" dir="0" index="0" bw="1" slack="0"/>
<pin id="452" dir="0" index="1" bw="32" slack="12"/>
<pin id="453" dir="0" index="2" bw="6" slack="0"/>
<pin id="454" dir="1" index="3" bw="1" slack="2147483647"/>
</pin_list>
<bind>
<opcode="readreq(1154) " fcode="readreq"/>
<opset="empty_128/13 "/>
</bind>
</comp>

<comp id="457" class="1004" name="grp_read_fu_457">
<pin_list>
<pin id="458" dir="0" index="0" bw="32" slack="0"/>
<pin id="459" dir="0" index="1" bw="32" slack="20"/>
<pin id="460" dir="1" index="2" bw="32" slack="1"/>
</pin_list>
<bind>
<opcode="read(1150) " fcode="read"/>
<opset="gmem2_addr_read/21 gmem2_addr_read_1/22 gmem2_addr_read_2/23 gmem2_addr_read_3/24 gmem2_addr_read_4/25 gmem2_addr_read_5/26 gmem2_addr_read_6/27 gmem2_addr_read_7/28 gmem2_addr_read_8/29 gmem2_addr_read_9/30 gmem2_addr_read_10/31 gmem2_addr_read_11/32 gmem2_addr_read_12/33 gmem2_addr_read_13/34 gmem2_addr_read_14/35 gmem2_addr_read_15/36 "/>
</bind>
</comp>

<comp id="462" class="1005" name="phi_ln13_reg_462">
<pin_list>
<pin id="463" dir="0" index="0" bw="697" slack="11"/>
<pin id="464" dir="1" index="1" bw="697" slack="11"/>
</pin_list>
<bind>
<opset="phi_ln13 (phireg) "/>
</bind>
</comp>

<comp id="466" class="1004" name="phi_ln13_phi_fu_466">
<pin_list>
<pin id="467" dir="0" index="0" bw="697" slack="1"/>
<pin id="468" dir="0" index="1" bw="0" slack="2147483647"/>
<pin id="469" dir="0" index="2" bw="1" slack="11"/>
<pin id="470" dir="0" index="3" bw="0" slack="2147483647"/>
<pin id="471" dir="1" index="4" bw="697" slack="0"/>
</pin_list>
<bind>
<opcode="phi(47) " fcode="phi"/>
<opset="phi_ln13/12 "/>
</bind>
</comp>

<comp id="473" class="1005" name="curr_tri_v0_x_3_reg_473">
<pin_list>
<pin id="474" dir="0" index="0" bw="32" slack="12"/>
<pin id="475" dir="1" index="1" bw="32" slack="12"/>
</pin_list>
<bind>
<opset="curr_tri_v0_x_3 (phireg) "/>
</bind>
</comp>

<comp id="477" class="1004" name="curr_tri_v0_x_3_phi_fu_477">
<pin_list>
<pin id="478" dir="0" index="0" bw="32" slack="0"/>
<pin id="479" dir="0" index="1" bw="0" slack="2147483647"/>
<pin id="480" dir="0" index="2" bw="32" slack="14"/>
<pin id="481" dir="0" index="3" bw="0" slack="2147483647"/>
<pin id="482" dir="1" index="4" bw="32" slack="12"/>
</pin_list>
<bind>
<opcode="phi(47) " fcode="phi"/>
<opset="curr_tri_v0_x_3/26 "/>
</bind>
</comp>

<comp id="484" class="1005" name="curr_tri_v1_x_3_reg_484">
<pin_list>
<pin id="485" dir="0" index="0" bw="32" slack="12"/>
<pin id="486" dir="1" index="1" bw="32" slack="12"/>
</pin_list>
<bind>
<opset="curr_tri_v1_x_3 (phireg) "/>
</bind>
</comp>

<comp id="488" class="1004" name="curr_tri_v1_x_3_phi_fu_488">
<pin_list>
<pin id="489" dir="0" index="0" bw="32" slack="0"/>
<pin id="490" dir="0" index="1" bw="0" slack="2147483647"/>
<pin id="491" dir="0" index="2" bw="32" slack="14"/>
<pin id="492" dir="0" index="3" bw="0" slack="2147483647"/>
<pin id="493" dir="1" index="4" bw="32" slack="12"/>
</pin_list>
<bind>
<opcode="phi(47) " fcode="phi"/>
<opset="curr_tri_v1_x_3/26 "/>
</bind>
</comp>

<comp id="495" class="1005" name="curr_tri_v2_x_3_reg_495">
<pin_list>
<pin id="496" dir="0" index="0" bw="32" slack="12"/>
<pin id="497" dir="1" index="1" bw="32" slack="12"/>
</pin_list>
<bind>
<opset="curr_tri_v2_x_3 (phireg) "/>
</bind>
</comp>

<comp id="499" class="1004" name="curr_tri_v2_x_3_phi_fu_499">
<pin_list>
<pin id="500" dir="0" index="0" bw="32" slack="0"/>
<pin id="501" dir="0" index="1" bw="0" slack="2147483647"/>
<pin id="502" dir="0" index="2" bw="32" slack="14"/>
<pin id="503" dir="0" index="3" bw="0" slack="2147483647"/>
<pin id="504" dir="1" index="4" bw="32" slack="12"/>
</pin_list>
<bind>
<opcode="phi(47) " fcode="phi"/>
<opset="curr_tri_v2_x_3/26 "/>
</bind>
</comp>

<comp id="506" class="1005" name="curr_tri_v0_y_3_reg_506">
<pin_list>
<pin id="507" dir="0" index="0" bw="32" slack="8"/>
<pin id="508" dir="1" index="1" bw="32" slack="8"/>
</pin_list>
<bind>
<opset="curr_tri_v0_y_3 (phireg) "/>
</bind>
</comp>

<comp id="510" class="1004" name="curr_tri_v0_y_3_phi_fu_510">
<pin_list>
<pin id="511" dir="0" index="0" bw="32" slack="0"/>
<pin id="512" dir="0" index="1" bw="0" slack="2147483647"/>
<pin id="513" dir="0" index="2" bw="32" slack="18"/>
<pin id="514" dir="0" index="3" bw="0" slack="2147483647"/>
<pin id="515" dir="1" index="4" bw="32" slack="8"/>
</pin_list>
<bind>
<opcode="phi(47) " fcode="phi"/>
<opset="curr_tri_v0_y_3/30 "/>
</bind>
</comp>

<comp id="517" class="1005" name="curr_tri_v1_y_3_reg_517">
<pin_list>
<pin id="518" dir="0" index="0" bw="32" slack="8"/>
<pin id="519" dir="1" index="1" bw="32" slack="8"/>
</pin_list>
<bind>
<opset="curr_tri_v1_y_3 (phireg) "/>
</bind>
</comp>

<comp id="521" class="1004" name="curr_tri_v1_y_3_phi_fu_521">
<pin_list>
<pin id="522" dir="0" index="0" bw="32" slack="0"/>
<pin id="523" dir="0" index="1" bw="0" slack="2147483647"/>
<pin id="524" dir="0" index="2" bw="32" slack="18"/>
<pin id="525" dir="0" index="3" bw="0" slack="2147483647"/>
<pin id="526" dir="1" index="4" bw="32" slack="8"/>
</pin_list>
<bind>
<opcode="phi(47) " fcode="phi"/>
<opset="curr_tri_v1_y_3/30 "/>
</bind>
</comp>

<comp id="528" class="1005" name="curr_tri_v2_y_3_reg_528">
<pin_list>
<pin id="529" dir="0" index="0" bw="32" slack="8"/>
<pin id="530" dir="1" index="1" bw="32" slack="8"/>
</pin_list>
<bind>
<opset="curr_tri_v2_y_3 (phireg) "/>
</bind>
</comp>

<comp id="532" class="1004" name="curr_tri_v2_y_3_phi_fu_532">
<pin_list>
<pin id="533" dir="0" index="0" bw="32" slack="0"/>
<pin id="534" dir="0" index="1" bw="0" slack="2147483647"/>
<pin id="535" dir="0" index="2" bw="32" slack="18"/>
<pin id="536" dir="0" index="3" bw="0" slack="2147483647"/>
<pin id="537" dir="1" index="4" bw="32" slack="8"/>
</pin_list>
<bind>
<opcode="phi(47) " fcode="phi"/>
<opset="curr_tri_v2_y_3/30 "/>
</bind>
</comp>

<comp id="539" class="1005" name="curr_tri_v0_z_3_reg_539">
<pin_list>
<pin id="540" dir="0" index="0" bw="32" slack="4"/>
<pin id="541" dir="1" index="1" bw="32" slack="4"/>
</pin_list>
<bind>
<opset="curr_tri_v0_z_3 (phireg) "/>
</bind>
</comp>

<comp id="543" class="1004" name="curr_tri_v0_z_3_phi_fu_543">
<pin_list>
<pin id="544" dir="0" index="0" bw="32" slack="0"/>
<pin id="545" dir="0" index="1" bw="0" slack="2147483647"/>
<pin id="546" dir="0" index="2" bw="32" slack="22"/>
<pin id="547" dir="0" index="3" bw="0" slack="2147483647"/>
<pin id="548" dir="1" index="4" bw="32" slack="4"/>
</pin_list>
<bind>
<opcode="phi(47) " fcode="phi"/>
<opset="curr_tri_v0_z_3/34 "/>
</bind>
</comp>

<comp id="550" class="1005" name="curr_tri_v1_z_3_reg_550">
<pin_list>
<pin id="551" dir="0" index="0" bw="32" slack="4"/>
<pin id="552" dir="1" index="1" bw="32" slack="4"/>
</pin_list>
<bind>
<opset="curr_tri_v1_z_3 (phireg) "/>
</bind>
</comp>

<comp id="554" class="1004" name="curr_tri_v1_z_3_phi_fu_554">
<pin_list>
<pin id="555" dir="0" index="0" bw="32" slack="0"/>
<pin id="556" dir="0" index="1" bw="0" slack="2147483647"/>
<pin id="557" dir="0" index="2" bw="32" slack="22"/>
<pin id="558" dir="0" index="3" bw="0" slack="2147483647"/>
<pin id="559" dir="1" index="4" bw="32" slack="4"/>
</pin_list>
<bind>
<opcode="phi(47) " fcode="phi"/>
<opset="curr_tri_v1_z_3/34 "/>
</bind>
</comp>

<comp id="561" class="1005" name="curr_tri_v2_z_3_reg_561">
<pin_list>
<pin id="562" dir="0" index="0" bw="32" slack="4"/>
<pin id="563" dir="1" index="1" bw="32" slack="4"/>
</pin_list>
<bind>
<opset="curr_tri_v2_z_3 (phireg) "/>
</bind>
</comp>

<comp id="565" class="1004" name="curr_tri_v2_z_3_phi_fu_565">
<pin_list>
<pin id="566" dir="0" index="0" bw="32" slack="0"/>
<pin id="567" dir="0" index="1" bw="0" slack="2147483647"/>
<pin id="568" dir="0" index="2" bw="32" slack="22"/>
<pin id="569" dir="0" index="3" bw="0" slack="2147483647"/>
<pin id="570" dir="1" index="4" bw="32" slack="4"/>
</pin_list>
<bind>
<opcode="phi(47) " fcode="phi"/>
<opset="curr_tri_v2_z_3/34 "/>
</bind>
</comp>

<comp id="572" class="1005" name="curr_tri_v0_w_1_reg_572">
<pin_list>
<pin id="573" dir="0" index="0" bw="32" slack="2147483647"/>
<pin id="574" dir="1" index="1" bw="32" slack="2147483647"/>
</pin_list>
<bind>
<opset="curr_tri_v0_w_1 (phireg) "/>
</bind>
</comp>

<comp id="575" class="1004" name="curr_tri_v0_w_1_phi_fu_575">
<pin_list>
<pin id="576" dir="0" index="0" bw="32" slack="0"/>
<pin id="577" dir="0" index="1" bw="0" slack="2147483647"/>
<pin id="578" dir="0" index="2" bw="32" slack="26"/>
<pin id="579" dir="0" index="3" bw="0" slack="2147483647"/>
<pin id="580" dir="1" index="4" bw="32" slack="0"/>
</pin_list>
<bind>
<opcode="phi(47) " fcode="phi"/>
<opset="curr_tri_v0_w_1/38 "/>
</bind>
</comp>

<comp id="582" class="1005" name="curr_tri_v1_w_1_reg_582">
<pin_list>
<pin id="583" dir="0" index="0" bw="32" slack="2147483647"/>
<pin id="584" dir="1" index="1" bw="32" slack="2147483647"/>
</pin_list>
<bind>
<opset="curr_tri_v1_w_1 (phireg) "/>
</bind>
</comp>

<comp id="585" class="1004" name="curr_tri_v1_w_1_phi_fu_585">
<pin_list>
<pin id="586" dir="0" index="0" bw="32" slack="0"/>
<pin id="587" dir="0" index="1" bw="0" slack="2147483647"/>
<pin id="588" dir="0" index="2" bw="32" slack="26"/>
<pin id="589" dir="0" index="3" bw="0" slack="2147483647"/>
<pin id="590" dir="1" index="4" bw="32" slack="0"/>
</pin_list>
<bind>
<opcode="phi(47) " fcode="phi"/>
<opset="curr_tri_v1_w_1/38 "/>
</bind>
</comp>

<comp id="592" class="1005" name="curr_tri_v2_w_1_reg_592">
<pin_list>
<pin id="593" dir="0" index="0" bw="32" slack="2147483647"/>
<pin id="594" dir="1" index="1" bw="32" slack="2147483647"/>
</pin_list>
<bind>
<opset="curr_tri_v2_w_1 (phireg) "/>
</bind>
</comp>

<comp id="595" class="1004" name="curr_tri_v2_w_1_phi_fu_595">
<pin_list>
<pin id="596" dir="0" index="0" bw="32" slack="0"/>
<pin id="597" dir="0" index="1" bw="0" slack="2147483647"/>
<pin id="598" dir="0" index="2" bw="32" slack="26"/>
<pin id="599" dir="0" index="3" bw="0" slack="2147483647"/>
<pin id="600" dir="1" index="4" bw="32" slack="0"/>
</pin_list>
<bind>
<opcode="phi(47) " fcode="phi"/>
<opset="curr_tri_v2_w_1/38 "/>
</bind>
</comp>

<comp id="602" class="1004" name="grp_fu_602">
<pin_list>
<pin id="603" dir="0" index="0" bw="32" slack="0"/>
<pin id="604" dir="0" index="1" bw="32" slack="0"/>
<pin id="605" dir="1" index="2" bw="64" slack="0"/>
</pin_list>
<bind>
<opcode="mul(12) " fcode="mul"/>
<opset="mul_ln21/22 mul_ln21_1/23 mul_ln21_2/24 mul_ln21_3/25 mul_ln22/26 mul_ln22_1/27 mul_ln22_2/28 mul_ln22_3/29 mul_ln23/30 mul_ln23_1/31 mul_ln23_2/32 mul_ln23_3/33 mul_ln24/34 mul_ln24_1/35 mul_ln24_2/36 mul_ln24_3/37 "/>
</bind>
</comp>

<comp id="606" class="1004" name="grp_fu_606">
<pin_list>
<pin id="607" dir="0" index="0" bw="32" slack="0"/>
<pin id="608" dir="0" index="1" bw="32" slack="0"/>
<pin id="609" dir="1" index="2" bw="64" slack="0"/>
</pin_list>
<bind>
<opcode="mul(12) " fcode="mul"/>
<opset="mul_ln21_4/22 mul_ln21_5/23 mul_ln21_6/24 mul_ln21_7/25 mul_ln22_4/26 mul_ln22_5/27 mul_ln22_6/28 mul_ln22_7/29 mul_ln23_4/30 mul_ln23_5/31 mul_ln23_6/32 mul_ln23_7/33 mul_ln24_4/34 mul_ln24_5/35 mul_ln24_6/36 mul_ln24_7/37 "/>
</bind>
</comp>

<comp id="610" class="1004" name="grp_fu_610">
<pin_list>
<pin id="611" dir="0" index="0" bw="32" slack="0"/>
<pin id="612" dir="0" index="1" bw="32" slack="0"/>
<pin id="613" dir="1" index="2" bw="64" slack="0"/>
</pin_list>
<bind>
<opcode="mul(12) " fcode="mul"/>
<opset="mul_ln21_8/22 mul_ln21_9/23 mul_ln21_10/24 mul_ln21_11/25 mul_ln22_8/26 mul_ln22_9/27 mul_ln22_10/28 mul_ln22_11/29 mul_ln23_8/30 mul_ln23_9/31 mul_ln23_10/32 mul_ln23_11/33 mul_ln24_8/34 mul_ln24_9/35 mul_ln24_10/36 mul_ln24_11/37 "/>
</bind>
</comp>

<comp id="614" class="1005" name="reg_614">
<pin_list>
<pin id="615" dir="0" index="0" bw="32" slack="1"/>
<pin id="616" dir="1" index="1" bw="32" slack="1"/>
</pin_list>
<bind>
<opset="gmem2_addr_read gmem2_addr_read_1 gmem2_addr_read_2 gmem2_addr_read_3 gmem2_addr_read_4 gmem2_addr_read_5 gmem2_addr_read_6 gmem2_addr_read_7 gmem2_addr_read_8 gmem2_addr_read_9 gmem2_addr_read_10 gmem2_addr_read_11 gmem2_addr_read_12 gmem2_addr_read_13 gmem2_addr_read_14 gmem2_addr_read_15 "/>
</bind>
</comp>

<comp id="618" class="1005" name="reg_618">
<pin_list>
<pin id="619" dir="0" index="0" bw="64" slack="2"/>
<pin id="620" dir="1" index="1" bw="64" slack="2"/>
</pin_list>
<bind>
<opset="mul_ln21 mul_ln22 mul_ln23 mul_ln24 "/>
</bind>
</comp>

<comp id="622" class="1005" name="reg_622">
<pin_list>
<pin id="623" dir="0" index="0" bw="64" slack="2"/>
<pin id="624" dir="1" index="1" bw="64" slack="2"/>
</pin_list>
<bind>
<opset="mul_ln21_4 mul_ln22_4 mul_ln23_4 mul_ln24_4 "/>
</bind>
</comp>

<comp id="626" class="1005" name="reg_626">
<pin_list>
<pin id="627" dir="0" index="0" bw="64" slack="2"/>
<pin id="628" dir="1" index="1" bw="64" slack="2"/>
</pin_list>
<bind>
<opset="mul_ln21_8 mul_ln22_8 mul_ln23_8 mul_ln24_8 "/>
</bind>
</comp>

<comp id="630" class="1005" name="reg_630">
<pin_list>
<pin id="631" dir="0" index="0" bw="64" slack="1"/>
<pin id="632" dir="1" index="1" bw="64" slack="1"/>
</pin_list>
<bind>
<opset="mul_ln21_1 mul_ln22_1 mul_ln23_1 mul_ln24_1 "/>
</bind>
</comp>

<comp id="634" class="1005" name="reg_634">
<pin_list>
<pin id="635" dir="0" index="0" bw="64" slack="1"/>
<pin id="636" dir="1" index="1" bw="64" slack="1"/>
</pin_list>
<bind>
<opset="mul_ln21_5 mul_ln22_5 mul_ln23_5 mul_ln24_5 "/>
</bind>
</comp>

<comp id="638" class="1005" name="reg_638">
<pin_list>
<pin id="639" dir="0" index="0" bw="64" slack="1"/>
<pin id="640" dir="1" index="1" bw="64" slack="1"/>
</pin_list>
<bind>
<opset="mul_ln21_9 mul_ln22_9 mul_ln23_9 mul_ln24_9 "/>
</bind>
</comp>

<comp id="642" class="1004" name="p_cast_i_fu_642">
<pin_list>
<pin id="643" dir="0" index="0" bw="62" slack="0"/>
<pin id="644" dir="0" index="1" bw="64" slack="0"/>
<pin id="645" dir="0" index="2" bw="3" slack="0"/>
<pin id="646" dir="0" index="3" bw="7" slack="0"/>
<pin id="647" dir="1" index="4" bw="62" slack="0"/>
</pin_list>
<bind>
<opcode="partselect(1002) " fcode="partselect"/>
<opset="p_cast_i/1 "/>
</bind>
</comp>

<comp id="652" class="1004" name="p_cast_cast_i_fu_652">
<pin_list>
<pin id="653" dir="0" index="0" bw="62" slack="0"/>
<pin id="654" dir="1" index="1" bw="64" slack="0"/>
</pin_list>
<bind>
<opcode="sext(35) " fcode="sext"/>
<opset="p_cast_cast_i/1 "/>
</bind>
</comp>

<comp id="656" class="1004" name="gmem2_addr_fu_656">
<pin_list>
<pin id="657" dir="0" index="0" bw="32" slack="0"/>
<pin id="658" dir="0" index="1" bw="62" slack="0"/>
<pin id="659" dir="1" index="2" bw="32" slack="12"/>
</pin_list>
<bind>
<opcode="getelementptr(29) " fcode="getelementptr"/>
<opset="gmem2_addr/1 "/>
</bind>
</comp>

<comp id="662" class="1004" name="store_ln0_store_fu_662">
<pin_list>
<pin id="663" dir="0" index="0" bw="1" slack="0"/>
<pin id="664" dir="0" index="1" bw="7" slack="0"/>
<pin id="665" dir="1" index="2" bw="0" slack="2147483647"/>
</pin_list>
<bind>
<opcode="store(28) " fcode="store"/>
<opset="store_ln0/1 "/>
</bind>
</comp>

<comp id="667" class="1004" name="store_ln0_store_fu_667">
<pin_list>
<pin id="668" dir="0" index="0" bw="1" slack="0"/>
<pin id="669" dir="0" index="1" bw="14" slack="0"/>
<pin id="670" dir="1" index="2" bw="0" slack="2147483647"/>
</pin_list>
<bind>
<opcode="store(28) " fcode="store"/>
<opset="store_ln0/1 "/>
</bind>
</comp>

<comp id="672" class="1004" name="phi_mul_load_load_fu_672">
<pin_list>
<pin id="673" dir="0" index="0" bw="14" slack="0"/>
<pin id="674" dir="1" index="1" bw="14" slack="0"/>
</pin_list>
<bind>
<opcode="load(27) " fcode="load"/>
<opset="phi_mul_load/1 "/>
</bind>
</comp>

<comp id="675" class="1004" name="i4_load_load_fu_675">
<pin_list>
<pin id="676" dir="0" index="0" bw="7" slack="0"/>
<pin id="677" dir="1" index="1" bw="7" slack="0"/>
</pin_list>
<bind>
<opcode="load(27) " fcode="load"/>
<opset="i4_load/1 "/>
</bind>
</comp>

<comp id="678" class="1004" name="add_ln13_1_fu_678">
<pin_list>
<pin id="679" dir="0" index="0" bw="14" slack="0"/>
<pin id="680" dir="0" index="1" bw="8" slack="0"/>
<pin id="681" dir="1" index="2" bw="14" slack="0"/>
</pin_list>
<bind>
<opcode="add(8) " fcode="add"/>
<opset="add_ln13_1/1 "/>
</bind>
</comp>

<comp id="684" class="1004" name="zext_ln13_fu_684">
<pin_list>
<pin id="685" dir="0" index="0" bw="14" slack="0"/>
<pin id="686" dir="1" index="1" bw="64" slack="0"/>
</pin_list>
<bind>
<opcode="zext(34) " fcode="zext"/>
<opset="zext_ln13/1 "/>
</bind>
</comp>

<comp id="688" class="1004" name="add_ln13_fu_688">
<pin_list>
<pin id="689" dir="0" index="0" bw="14" slack="0"/>
<pin id="690" dir="0" index="1" bw="64" slack="0"/>
<pin id="691" dir="1" index="2" bw="64" slack="0"/>
</pin_list>
<bind>
<opcode="add(8) " fcode="add"/>
<opset="add_ln13/1 "/>
</bind>
</comp>

<comp id="694" class="1004" name="trunc_ln13_fu_694">
<pin_list>
<pin id="695" dir="0" index="0" bw="64" slack="0"/>
<pin id="696" dir="1" index="1" bw="7" slack="0"/>
</pin_list>
<bind>
<opcode="trunc(33) " fcode="trunc"/>
<opset="trunc_ln13/1 "/>
</bind>
</comp>

<comp id="698" class="1004" name="icmp_ln13_fu_698">
<pin_list>
<pin id="699" dir="0" index="0" bw="7" slack="0"/>
<pin id="700" dir="0" index="1" bw="7" slack="0"/>
<pin id="701" dir="1" index="2" bw="1" slack="0"/>
</pin_list>
<bind>
<opcode="icmp(45) " fcode="icmp"/>
<opset="icmp_ln13/1 "/>
</bind>
</comp>

<comp id="704" class="1004" name="select_ln13_fu_704">
<pin_list>
<pin id="705" dir="0" index="0" bw="1" slack="0"/>
<pin id="706" dir="0" index="1" bw="3" slack="0"/>
<pin id="707" dir="0" index="2" bw="1" slack="0"/>
<pin id="708" dir="1" index="3" bw="64" slack="1"/>
</pin_list>
<bind>
<opcode="select(49) " fcode="select"/>
<opset="select_ln13/1 "/>
</bind>
</comp>

<comp id="712" class="1004" name="trunc_ln13_1_fu_712">
<pin_list>
<pin id="713" dir="0" index="0" bw="57" slack="0"/>
<pin id="714" dir="0" index="1" bw="64" slack="0"/>
<pin id="715" dir="0" index="2" bw="4" slack="0"/>
<pin id="716" dir="0" index="3" bw="7" slack="0"/>
<pin id="717" dir="1" index="4" bw="57" slack="1"/>
</pin_list>
<bind>
<opcode="partselect(1002) " fcode="partselect"/>
<opset="trunc_ln13_1/1 "/>
</bind>
</comp>

<comp id="722" class="1004" name="i_fu_722">
<pin_list>
<pin id="723" dir="0" index="0" bw="7" slack="0"/>
<pin id="724" dir="0" index="1" bw="1" slack="0"/>
<pin id="725" dir="1" index="2" bw="7" slack="0"/>
</pin_list>
<bind>
<opcode="add(8) " fcode="add"/>
<opset="i/1 "/>
</bind>
</comp>

<comp id="728" class="1004" name="icmp_ln9_fu_728">
<pin_list>
<pin id="729" dir="0" index="0" bw="7" slack="0"/>
<pin id="730" dir="0" index="1" bw="1" slack="0"/>
<pin id="731" dir="1" index="2" bw="1" slack="37"/>
</pin_list>
<bind>
<opcode="icmp(45) " fcode="icmp"/>
<opset="icmp_ln9/1 "/>
</bind>
</comp>

<comp id="734" class="1004" name="store_ln9_store_fu_734">
<pin_list>
<pin id="735" dir="0" index="0" bw="7" slack="0"/>
<pin id="736" dir="0" index="1" bw="7" slack="0"/>
<pin id="737" dir="1" index="2" bw="0" slack="2147483647"/>
</pin_list>
<bind>
<opcode="store(28) " fcode="store"/>
<opset="store_ln9/1 "/>
</bind>
</comp>

<comp id="739" class="1004" name="store_ln13_store_fu_739">
<pin_list>
<pin id="740" dir="0" index="0" bw="14" slack="0"/>
<pin id="741" dir="0" index="1" bw="14" slack="0"/>
<pin id="742" dir="1" index="2" bw="0" slack="2147483647"/>
</pin_list>
<bind>
<opcode="store(28) " fcode="store"/>
<opset="store_ln13/1 "/>
</bind>
</comp>

<comp id="744" class="1004" name="sext_ln13_fu_744">
<pin_list>
<pin id="745" dir="0" index="0" bw="57" slack="1"/>
<pin id="746" dir="1" index="1" bw="64" slack="0"/>
</pin_list>
<bind>
<opcode="sext(35) " fcode="sext"/>
<opset="sext_ln13/2 "/>
</bind>
</comp>

<comp id="747" class="1004" name="gmem0_addr_fu_747">
<pin_list>
<pin id="748" dir="0" index="0" bw="1024" slack="0"/>
<pin id="749" dir="0" index="1" bw="57" slack="0"/>
<pin id="750" dir="1" index="2" bw="1024" slack="0"/>
</pin_list>
<bind>
<opcode="getelementptr(29) " fcode="getelementptr"/>
<opset="gmem0_addr/2 "/>
</bind>
</comp>

<comp id="754" class="1004" name="trunc_ln13_2_fu_754">
<pin_list>
<pin id="755" dir="0" index="0" bw="1024" slack="0"/>
<pin id="756" dir="1" index="1" bw="697" slack="1"/>
</pin_list>
<bind>
<opcode="trunc(33) " fcode="trunc"/>
<opset="trunc_ln13_2/11 "/>
</bind>
</comp>

<comp id="758" class="1004" name="tmp_i_fu_758">
<pin_list>
<pin id="759" dir="0" index="0" bw="1721" slack="0"/>
<pin id="760" dir="0" index="1" bw="697" slack="0"/>
<pin id="761" dir="0" index="2" bw="1024" slack="2"/>
<pin id="762" dir="1" index="3" bw="1721" slack="0"/>
</pin_list>
<bind>
<opcode="bitconcatenate(1004) " fcode="bitconcatenate"/>
<opset="tmp_i/12 "/>
</bind>
</comp>

<comp id="765" class="1004" name="shl_ln_fu_765">
<pin_list>
<pin id="766" dir="0" index="0" bw="10" slack="0"/>
<pin id="767" dir="0" index="1" bw="7" slack="11"/>
<pin id="768" dir="0" index="2" bw="1" slack="0"/>
<pin id="769" dir="1" index="3" bw="10" slack="0"/>
</pin_list>
<bind>
<opcode="bitconcatenate(1004) " fcode="bitconcatenate"/>
<opset="shl_ln/12 "/>
</bind>
</comp>

<comp id="772" class="1004" name="zext_ln13_1_fu_772">
<pin_list>
<pin id="773" dir="0" index="0" bw="10" slack="0"/>
<pin id="774" dir="1" index="1" bw="1721" slack="0"/>
</pin_list>
<bind>
<opcode="zext(34) " fcode="zext"/>
<opset="zext_ln13_1/12 "/>
</bind>
</comp>

<comp id="776" class="1004" name="lshr_ln13_fu_776">
<pin_list>
<pin id="777" dir="0" index="0" bw="1721" slack="0"/>
<pin id="778" dir="0" index="1" bw="10" slack="0"/>
<pin id="779" dir="1" index="2" bw="1721" slack="0"/>
</pin_list>
<bind>
<opcode="lshr(21) " fcode="lshr"/>
<opset="lshr_ln13/12 "/>
</bind>
</comp>

<comp id="782" class="1004" name="curr_tri_v0_x_4_fu_782">
<pin_list>
<pin id="783" dir="0" index="0" bw="1721" slack="0"/>
<pin id="784" dir="1" index="1" bw="32" slack="10"/>
</pin_list>
<bind>
<opcode="trunc(33) " fcode="trunc"/>
<opset="curr_tri_v0_x_4/12 "/>
</bind>
</comp>

<comp id="786" class="1004" name="curr_tri_v0_y_4_fu_786">
<pin_list>
<pin id="787" dir="0" index="0" bw="32" slack="0"/>
<pin id="788" dir="0" index="1" bw="1721" slack="0"/>
<pin id="789" dir="0" index="2" bw="7" slack="0"/>
<pin id="790" dir="0" index="3" bw="7" slack="0"/>
<pin id="791" dir="1" index="4" bw="32" slack="11"/>
</pin_list>
<bind>
<opcode="partselect(1002) " fcode="partselect"/>
<opset="curr_tri_v0_y_4/12 "/>
</bind>
</comp>

<comp id="796" class="1004" name="curr_tri_v0_z_4_fu_796">
<pin_list>
<pin id="797" dir="0" index="0" bw="32" slack="0"/>
<pin id="798" dir="0" index="1" bw="1721" slack="0"/>
<pin id="799" dir="0" index="2" bw="8" slack="0"/>
<pin id="800" dir="0" index="3" bw="8" slack="0"/>
<pin id="801" dir="1" index="4" bw="32" slack="12"/>
</pin_list>
<bind>
<opcode="partselect(1002) " fcode="partselect"/>
<opset="curr_tri_v0_z_4/12 "/>
</bind>
</comp>

<comp id="806" class="1004" name="curr_tri_v0_w_2_fu_806">
<pin_list>
<pin id="807" dir="0" index="0" bw="32" slack="0"/>
<pin id="808" dir="0" index="1" bw="1721" slack="0"/>
<pin id="809" dir="0" index="2" bw="8" slack="0"/>
<pin id="810" dir="0" index="3" bw="8" slack="0"/>
<pin id="811" dir="1" index="4" bw="32" slack="13"/>
</pin_list>
<bind>
<opcode="partselect(1002) " fcode="partselect"/>
<opset="curr_tri_v0_w_2/12 "/>
</bind>
</comp>

<comp id="816" class="1004" name="curr_tri_v1_x_4_fu_816">
<pin_list>
<pin id="817" dir="0" index="0" bw="32" slack="0"/>
<pin id="818" dir="0" index="1" bw="1721" slack="0"/>
<pin id="819" dir="0" index="2" bw="9" slack="0"/>
<pin id="820" dir="0" index="3" bw="9" slack="0"/>
<pin id="821" dir="1" index="4" bw="32" slack="10"/>
</pin_list>
<bind>
<opcode="partselect(1002) " fcode="partselect"/>
<opset="curr_tri_v1_x_4/12 "/>
</bind>
</comp>

<comp id="826" class="1004" name="curr_tri_v1_y_4_fu_826">
<pin_list>
<pin id="827" dir="0" index="0" bw="32" slack="0"/>
<pin id="828" dir="0" index="1" bw="1721" slack="0"/>
<pin id="829" dir="0" index="2" bw="9" slack="0"/>
<pin id="830" dir="0" index="3" bw="9" slack="0"/>
<pin id="831" dir="1" index="4" bw="32" slack="11"/>
</pin_list>
<bind>
<opcode="partselect(1002) " fcode="partselect"/>
<opset="curr_tri_v1_y_4/12 "/>
</bind>
</comp>

<comp id="836" class="1004" name="curr_tri_v1_z_4_fu_836">
<pin_list>
<pin id="837" dir="0" index="0" bw="32" slack="0"/>
<pin id="838" dir="0" index="1" bw="1721" slack="0"/>
<pin id="839" dir="0" index="2" bw="9" slack="0"/>
<pin id="840" dir="0" index="3" bw="9" slack="0"/>
<pin id="841" dir="1" index="4" bw="32" slack="12"/>
</pin_list>
<bind>
<opcode="partselect(1002) " fcode="partselect"/>
<opset="curr_tri_v1_z_4/12 "/>
</bind>
</comp>

<comp id="846" class="1004" name="curr_tri_v1_w_2_fu_846">
<pin_list>
<pin id="847" dir="0" index="0" bw="32" slack="0"/>
<pin id="848" dir="0" index="1" bw="1721" slack="0"/>
<pin id="849" dir="0" index="2" bw="9" slack="0"/>
<pin id="850" dir="0" index="3" bw="9" slack="0"/>
<pin id="851" dir="1" index="4" bw="32" slack="13"/>
</pin_list>
<bind>
<opcode="partselect(1002) " fcode="partselect"/>
<opset="curr_tri_v1_w_2/12 "/>
</bind>
</comp>

<comp id="856" class="1004" name="curr_tri_v2_x_4_fu_856">
<pin_list>
<pin id="857" dir="0" index="0" bw="32" slack="0"/>
<pin id="858" dir="0" index="1" bw="1721" slack="0"/>
<pin id="859" dir="0" index="2" bw="10" slack="0"/>
<pin id="860" dir="0" index="3" bw="10" slack="0"/>
<pin id="861" dir="1" index="4" bw="32" slack="10"/>
</pin_list>
<bind>
<opcode="partselect(1002) " fcode="partselect"/>
<opset="curr_tri_v2_x_4/12 "/>
</bind>
</comp>

<comp id="866" class="1004" name="curr_tri_v2_y_4_fu_866">
<pin_list>
<pin id="867" dir="0" index="0" bw="32" slack="0"/>
<pin id="868" dir="0" index="1" bw="1721" slack="0"/>
<pin id="869" dir="0" index="2" bw="10" slack="0"/>
<pin id="870" dir="0" index="3" bw="10" slack="0"/>
<pin id="871" dir="1" index="4" bw="32" slack="11"/>
</pin_list>
<bind>
<opcode="partselect(1002) " fcode="partselect"/>
<opset="curr_tri_v2_y_4/12 "/>
</bind>
</comp>

<comp id="876" class="1004" name="curr_tri_v2_z_4_fu_876">
<pin_list>
<pin id="877" dir="0" index="0" bw="32" slack="0"/>
<pin id="878" dir="0" index="1" bw="1721" slack="0"/>
<pin id="879" dir="0" index="2" bw="10" slack="0"/>
<pin id="880" dir="0" index="3" bw="10" slack="0"/>
<pin id="881" dir="1" index="4" bw="32" slack="12"/>
</pin_list>
<bind>
<opcode="partselect(1002) " fcode="partselect"/>
<opset="curr_tri_v2_z_4/12 "/>
</bind>
</comp>

<comp id="886" class="1004" name="curr_tri_v2_w_3_fu_886">
<pin_list>
<pin id="887" dir="0" index="0" bw="32" slack="0"/>
<pin id="888" dir="0" index="1" bw="1721" slack="0"/>
<pin id="889" dir="0" index="2" bw="10" slack="0"/>
<pin id="890" dir="0" index="3" bw="10" slack="0"/>
<pin id="891" dir="1" index="4" bw="32" slack="13"/>
</pin_list>
<bind>
<opcode="partselect(1002) " fcode="partselect"/>
<opset="curr_tri_v2_w_3/12 "/>
</bind>
</comp>

<comp id="896" class="1004" name="curr_tri_n0_x_fu_896">
<pin_list>
<pin id="897" dir="0" index="0" bw="32" slack="0"/>
<pin id="898" dir="0" index="1" bw="1721" slack="0"/>
<pin id="899" dir="0" index="2" bw="10" slack="0"/>
<pin id="900" dir="0" index="3" bw="10" slack="0"/>
<pin id="901" dir="1" index="4" bw="32" slack="26"/>
</pin_list>
<bind>
<opcode="partselect(1002) " fcode="partselect"/>
<opset="curr_tri_n0_x/12 "/>
</bind>
</comp>

<comp id="906" class="1004" name="curr_tri_n0_y_fu_906">
<pin_list>
<pin id="907" dir="0" index="0" bw="32" slack="0"/>
<pin id="908" dir="0" index="1" bw="1721" slack="0"/>
<pin id="909" dir="0" index="2" bw="10" slack="0"/>
<pin id="910" dir="0" index="3" bw="10" slack="0"/>
<pin id="911" dir="1" index="4" bw="32" slack="26"/>
</pin_list>
<bind>
<opcode="partselect(1002) " fcode="partselect"/>
<opset="curr_tri_n0_y/12 "/>
</bind>
</comp>

<comp id="916" class="1004" name="curr_tri_n0_z_fu_916">
<pin_list>
<pin id="917" dir="0" index="0" bw="32" slack="0"/>
<pin id="918" dir="0" index="1" bw="1721" slack="0"/>
<pin id="919" dir="0" index="2" bw="10" slack="0"/>
<pin id="920" dir="0" index="3" bw="10" slack="0"/>
<pin id="921" dir="1" index="4" bw="32" slack="26"/>
</pin_list>
<bind>
<opcode="partselect(1002) " fcode="partselect"/>
<opset="curr_tri_n0_z/12 "/>
</bind>
</comp>

<comp id="926" class="1004" name="curr_tri_n1_x_fu_926">
<pin_list>
<pin id="927" dir="0" index="0" bw="32" slack="0"/>
<pin id="928" dir="0" index="1" bw="1721" slack="0"/>
<pin id="929" dir="0" index="2" bw="10" slack="0"/>
<pin id="930" dir="0" index="3" bw="10" slack="0"/>
<pin id="931" dir="1" index="4" bw="32" slack="26"/>
</pin_list>
<bind>
<opcode="partselect(1002) " fcode="partselect"/>
<opset="curr_tri_n1_x/12 "/>
</bind>
</comp>

<comp id="936" class="1004" name="curr_tri_n1_y_fu_936">
<pin_list>
<pin id="937" dir="0" index="0" bw="32" slack="0"/>
<pin id="938" dir="0" index="1" bw="1721" slack="0"/>
<pin id="939" dir="0" index="2" bw="11" slack="0"/>
<pin id="940" dir="0" index="3" bw="11" slack="0"/>
<pin id="941" dir="1" index="4" bw="32" slack="26"/>
</pin_list>
<bind>
<opcode="partselect(1002) " fcode="partselect"/>
<opset="curr_tri_n1_y/12 "/>
</bind>
</comp>

<comp id="946" class="1004" name="curr_tri_n1_z_fu_946">
<pin_list>
<pin id="947" dir="0" index="0" bw="32" slack="0"/>
<pin id="948" dir="0" index="1" bw="1721" slack="0"/>
<pin id="949" dir="0" index="2" bw="11" slack="0"/>
<pin id="950" dir="0" index="3" bw="11" slack="0"/>
<pin id="951" dir="1" index="4" bw="32" slack="26"/>
</pin_list>
<bind>
<opcode="partselect(1002) " fcode="partselect"/>
<opset="curr_tri_n1_z/12 "/>
</bind>
</comp>

<comp id="956" class="1004" name="curr_tri_n2_x_fu_956">
<pin_list>
<pin id="957" dir="0" index="0" bw="32" slack="0"/>
<pin id="958" dir="0" index="1" bw="1721" slack="0"/>
<pin id="959" dir="0" index="2" bw="11" slack="0"/>
<pin id="960" dir="0" index="3" bw="11" slack="0"/>
<pin id="961" dir="1" index="4" bw="32" slack="26"/>
</pin_list>
<bind>
<opcode="partselect(1002) " fcode="partselect"/>
<opset="curr_tri_n2_x/12 "/>
</bind>
</comp>

<comp id="966" class="1004" name="curr_tri_n2_y_fu_966">
<pin_list>
<pin id="967" dir="0" index="0" bw="32" slack="0"/>
<pin id="968" dir="0" index="1" bw="1721" slack="0"/>
<pin id="969" dir="0" index="2" bw="11" slack="0"/>
<pin id="970" dir="0" index="3" bw="11" slack="0"/>
<pin id="971" dir="1" index="4" bw="32" slack="26"/>
</pin_list>
<bind>
<opcode="partselect(1002) " fcode="partselect"/>
<opset="curr_tri_n2_y/12 "/>
</bind>
</comp>

<comp id="976" class="1004" name="curr_tri_n2_z_fu_976">
<pin_list>
<pin id="977" dir="0" index="0" bw="32" slack="0"/>
<pin id="978" dir="0" index="1" bw="1721" slack="0"/>
<pin id="979" dir="0" index="2" bw="11" slack="0"/>
<pin id="980" dir="0" index="3" bw="11" slack="0"/>
<pin id="981" dir="1" index="4" bw="32" slack="26"/>
</pin_list>
<bind>
<opcode="partselect(1002) " fcode="partselect"/>
<opset="curr_tri_n2_z/12 "/>
</bind>
</comp>

<comp id="986" class="1004" name="curr_tri_color_fu_986">
<pin_list>
<pin id="987" dir="0" index="0" bw="32" slack="0"/>
<pin id="988" dir="0" index="1" bw="1721" slack="0"/>
<pin id="989" dir="0" index="2" bw="11" slack="0"/>
<pin id="990" dir="0" index="3" bw="11" slack="0"/>
<pin id="991" dir="1" index="4" bw="32" slack="26"/>
</pin_list>
<bind>
<opcode="partselect(1002) " fcode="partselect"/>
<opset="curr_tri_color/12 "/>
</bind>
</comp>

<comp id="996" class="1004" name="curr_tri_is_active_fu_996">
<pin_list>
<pin id="997" dir="0" index="0" bw="1" slack="0"/>
<pin id="998" dir="0" index="1" bw="1721" slack="0"/>
<pin id="999" dir="0" index="2" bw="11" slack="0"/>
<pin id="1000" dir="1" index="3" bw="1" slack="1"/>
</pin_list>
<bind>
<opcode="bitselect(1000) " fcode="bitselect"/>
<opset="curr_tri_is_active/12 "/>
</bind>
</comp>

<comp id="1004" class="1004" name="conv7_i_i_fu_1004">
<pin_list>
<pin id="1005" dir="0" index="0" bw="32" slack="1"/>
<pin id="1006" dir="1" index="1" bw="64" slack="0"/>
</pin_list>
<bind>
<opcode="sext(35) " fcode="sext"/>
<opset="conv7_i_i/22 "/>
</bind>
</comp>

<comp id="1011" class="1004" name="sext_ln21_fu_1011">
<pin_list>
<pin id="1012" dir="0" index="0" bw="32" slack="10"/>
<pin id="1013" dir="1" index="1" bw="64" slack="0"/>
</pin_list>
<bind>
<opcode="sext(35) " fcode="sext"/>
<opset="sext_ln21/22 "/>
</bind>
</comp>

<comp id="1015" class="1004" name="sext_ln21_9_fu_1015">
<pin_list>
<pin id="1016" dir="0" index="0" bw="32" slack="10"/>
<pin id="1017" dir="1" index="1" bw="64" slack="0"/>
</pin_list>
<bind>
<opcode="sext(35) " fcode="sext"/>
<opset="sext_ln21_9/22 "/>
</bind>
</comp>

<comp id="1019" class="1004" name="sext_ln21_18_fu_1019">
<pin_list>
<pin id="1020" dir="0" index="0" bw="32" slack="10"/>
<pin id="1021" dir="1" index="1" bw="64" slack="0"/>
</pin_list>
<bind>
<opcode="sext(35) " fcode="sext"/>
<opset="sext_ln21_18/22 "/>
</bind>
</comp>

<comp id="1023" class="1004" name="conv7_i1495_i_fu_1023">
<pin_list>
<pin id="1024" dir="0" index="0" bw="32" slack="1"/>
<pin id="1025" dir="1" index="1" bw="64" slack="0"/>
</pin_list>
<bind>
<opcode="sext(35) " fcode="sext"/>
<opset="conv7_i1495_i/23 "/>
</bind>
</comp>

<comp id="1030" class="1004" name="sext_ln21_1_fu_1030">
<pin_list>
<pin id="1031" dir="0" index="0" bw="32" slack="11"/>
<pin id="1032" dir="1" index="1" bw="64" slack="0"/>
</pin_list>
<bind>
<opcode="sext(35) " fcode="sext"/>
<opset="sext_ln21_1/23 "/>
</bind>
</comp>

<comp id="1034" class="1004" name="sext_ln21_10_fu_1034">
<pin_list>
<pin id="1035" dir="0" index="0" bw="32" slack="11"/>
<pin id="1036" dir="1" index="1" bw="64" slack="0"/>
</pin_list>
<bind>
<opcode="sext(35) " fcode="sext"/>
<opset="sext_ln21_10/23 "/>
</bind>
</comp>

<comp id="1038" class="1004" name="sext_ln21_19_fu_1038">
<pin_list>
<pin id="1039" dir="0" index="0" bw="32" slack="11"/>
<pin id="1040" dir="1" index="1" bw="64" slack="0"/>
</pin_list>
<bind>
<opcode="sext(35) " fcode="sext"/>
<opset="sext_ln21_19/23 "/>
</bind>
</comp>

<comp id="1042" class="1004" name="conv7_i1406_i_fu_1042">
<pin_list>
<pin id="1043" dir="0" index="0" bw="32" slack="1"/>
<pin id="1044" dir="1" index="1" bw="64" slack="0"/>
</pin_list>
<bind>
<opcode="sext(35) " fcode="sext"/>
<opset="conv7_i1406_i/24 "/>
</bind>
</comp>

<comp id="1049" class="1004" name="sext_ln21_2_fu_1049">
<pin_list>
<pin id="1050" dir="0" index="0" bw="64" slack="2"/>
<pin id="1051" dir="1" index="1" bw="65" slack="0"/>
</pin_list>
<bind>
<opcode="sext(35) " fcode="sext"/>
<opset="sext_ln21_2/24 "/>
</bind>
</comp>

<comp id="1053" class="1004" name="sext_ln21_3_fu_1053">
<pin_list>
<pin id="1054" dir="0" index="0" bw="64" slack="1"/>
<pin id="1055" dir="1" index="1" bw="65" slack="0"/>
</pin_list>
<bind>
<opcode="sext(35) " fcode="sext"/>
<opset="sext_ln21_3/24 "/>
</bind>
</comp>

<comp id="1057" class="1004" name="sext_ln21_4_fu_1057">
<pin_list>
<pin id="1058" dir="0" index="0" bw="32" slack="12"/>
<pin id="1059" dir="1" index="1" bw="64" slack="0"/>
</pin_list>
<bind>
<opcode="sext(35) " fcode="sext"/>
<opset="sext_ln21_4/24 "/>
</bind>
</comp>

<comp id="1061" class="1004" name="sext_ln21_5_fu_1061">
<pin_list>
<pin id="1062" dir="0" index="0" bw="64" slack="0"/>
<pin id="1063" dir="1" index="1" bw="65" slack="0"/>
</pin_list>
<bind>
<opcode="sext(35) " fcode="sext"/>
<opset="sext_ln21_5/24 "/>
</bind>
</comp>

<comp id="1065" class="1004" name="add_ln21_fu_1065">
<pin_list>
<pin id="1066" dir="0" index="0" bw="64" slack="0"/>
<pin id="1067" dir="0" index="1" bw="64" slack="0"/>
<pin id="1068" dir="1" index="2" bw="65" slack="0"/>
</pin_list>
<bind>
<opcode="add(8) " fcode="add"/>
<opset="add_ln21/24 "/>
</bind>
</comp>

<comp id="1071" class="1004" name="add_ln21_1_fu_1071">
<pin_list>
<pin id="1072" dir="0" index="0" bw="65" slack="0"/>
<pin id="1073" dir="0" index="1" bw="64" slack="0"/>
<pin id="1074" dir="1" index="2" bw="65" slack="1"/>
</pin_list>
<bind>
<opcode="add(8) " fcode="add"/>
<opset="add_ln21_1/24 "/>
</bind>
</comp>

<comp id="1077" class="1004" name="sext_ln21_11_fu_1077">
<pin_list>
<pin id="1078" dir="0" index="0" bw="64" slack="2"/>
<pin id="1079" dir="1" index="1" bw="65" slack="0"/>
</pin_list>
<bind>
<opcode="sext(35) " fcode="sext"/>
<opset="sext_ln21_11/24 "/>
</bind>
</comp>

<comp id="1081" class="1004" name="sext_ln21_12_fu_1081">
<pin_list>
<pin id="1082" dir="0" index="0" bw="64" slack="1"/>
<pin id="1083" dir="1" index="1" bw="65" slack="0"/>
</pin_list>
<bind>
<opcode="sext(35) " fcode="sext"/>
<opset="sext_ln21_12/24 "/>
</bind>
</comp>

<comp id="1085" class="1004" name="sext_ln21_13_fu_1085">
<pin_list>
<pin id="1086" dir="0" index="0" bw="32" slack="12"/>
<pin id="1087" dir="1" index="1" bw="64" slack="0"/>
</pin_list>
<bind>
<opcode="sext(35) " fcode="sext"/>
<opset="sext_ln21_13/24 "/>
</bind>
</comp>

<comp id="1089" class="1004" name="sext_ln21_14_fu_1089">
<pin_list>
<pin id="1090" dir="0" index="0" bw="64" slack="0"/>
<pin id="1091" dir="1" index="1" bw="65" slack="0"/>
</pin_list>
<bind>
<opcode="sext(35) " fcode="sext"/>
<opset="sext_ln21_14/24 "/>
</bind>
</comp>

<comp id="1093" class="1004" name="add_ln21_4_fu_1093">
<pin_list>
<pin id="1094" dir="0" index="0" bw="64" slack="0"/>
<pin id="1095" dir="0" index="1" bw="64" slack="0"/>
<pin id="1096" dir="1" index="2" bw="65" slack="0"/>
</pin_list>
<bind>
<opcode="add(8) " fcode="add"/>
<opset="add_ln21_4/24 "/>
</bind>
</comp>

<comp id="1099" class="1004" name="add_ln21_5_fu_1099">
<pin_list>
<pin id="1100" dir="0" index="0" bw="65" slack="0"/>
<pin id="1101" dir="0" index="1" bw="64" slack="0"/>
<pin id="1102" dir="1" index="2" bw="65" slack="1"/>
</pin_list>
<bind>
<opcode="add(8) " fcode="add"/>
<opset="add_ln21_5/24 "/>
</bind>
</comp>

<comp id="1105" class="1004" name="sext_ln21_20_fu_1105">
<pin_list>
<pin id="1106" dir="0" index="0" bw="64" slack="2"/>
<pin id="1107" dir="1" index="1" bw="65" slack="0"/>
</pin_list>
<bind>
<opcode="sext(35) " fcode="sext"/>
<opset="sext_ln21_20/24 "/>
</bind>
</comp>

<comp id="1109" class="1004" name="sext_ln21_21_fu_1109">
<pin_list>
<pin id="1110" dir="0" index="0" bw="64" slack="1"/>
<pin id="1111" dir="1" index="1" bw="65" slack="0"/>
</pin_list>
<bind>
<opcode="sext(35) " fcode="sext"/>
<opset="sext_ln21_21/24 "/>
</bind>
</comp>

<comp id="1113" class="1004" name="sext_ln21_22_fu_1113">
<pin_list>
<pin id="1114" dir="0" index="0" bw="32" slack="12"/>
<pin id="1115" dir="1" index="1" bw="64" slack="0"/>
</pin_list>
<bind>
<opcode="sext(35) " fcode="sext"/>
<opset="sext_ln21_22/24 "/>
</bind>
</comp>

<comp id="1117" class="1004" name="sext_ln21_23_fu_1117">
<pin_list>
<pin id="1118" dir="0" index="0" bw="64" slack="0"/>
<pin id="1119" dir="1" index="1" bw="65" slack="0"/>
</pin_list>
<bind>
<opcode="sext(35) " fcode="sext"/>
<opset="sext_ln21_23/24 "/>
</bind>
</comp>

<comp id="1121" class="1004" name="add_ln21_8_fu_1121">
<pin_list>
<pin id="1122" dir="0" index="0" bw="64" slack="0"/>
<pin id="1123" dir="0" index="1" bw="64" slack="0"/>
<pin id="1124" dir="1" index="2" bw="65" slack="0"/>
</pin_list>
<bind>
<opcode="add(8) " fcode="add"/>
<opset="add_ln21_8/24 "/>
</bind>
</comp>

<comp id="1127" class="1004" name="add_ln21_9_fu_1127">
<pin_list>
<pin id="1128" dir="0" index="0" bw="65" slack="0"/>
<pin id="1129" dir="0" index="1" bw="64" slack="0"/>
<pin id="1130" dir="1" index="2" bw="65" slack="1"/>
</pin_list>
<bind>
<opcode="add(8) " fcode="add"/>
<opset="add_ln21_9/24 "/>
</bind>
</comp>

<comp id="1133" class="1004" name="conv7_i1317_i_fu_1133">
<pin_list>
<pin id="1134" dir="0" index="0" bw="32" slack="1"/>
<pin id="1135" dir="1" index="1" bw="64" slack="0"/>
</pin_list>
<bind>
<opcode="sext(35) " fcode="sext"/>
<opset="conv7_i1317_i/25 "/>
</bind>
</comp>

<comp id="1140" class="1004" name="sext_ln21_6_fu_1140">
<pin_list>
<pin id="1141" dir="0" index="0" bw="32" slack="13"/>
<pin id="1142" dir="1" index="1" bw="64" slack="0"/>
</pin_list>
<bind>
<opcode="sext(35) " fcode="sext"/>
<opset="sext_ln21_6/25 "/>
</bind>
</comp>

<comp id="1144" class="1004" name="sext_ln21_7_fu_1144">
<pin_list>
<pin id="1145" dir="0" index="0" bw="65" slack="1"/>
<pin id="1146" dir="1" index="1" bw="66" slack="0"/>
</pin_list>
<bind>
<opcode="sext(35) " fcode="sext"/>
<opset="sext_ln21_7/25 "/>
</bind>
</comp>

<comp id="1147" class="1004" name="sext_ln21_8_fu_1147">
<pin_list>
<pin id="1148" dir="0" index="0" bw="64" slack="0"/>
<pin id="1149" dir="1" index="1" bw="66" slack="0"/>
</pin_list>
<bind>
<opcode="sext(35) " fcode="sext"/>
<opset="sext_ln21_8/25 "/>
</bind>
</comp>

<comp id="1151" class="1004" name="add_ln21_2_fu_1151">
<pin_list>
<pin id="1152" dir="0" index="0" bw="65" slack="0"/>
<pin id="1153" dir="0" index="1" bw="64" slack="0"/>
<pin id="1154" dir="1" index="2" bw="66" slack="0"/>
</pin_list>
<bind>
<opcode="add(8) " fcode="add"/>
<opset="add_ln21_2/25 "/>
</bind>
</comp>

<comp id="1157" class="1004" name="tmp_91_fu_1157">
<pin_list>
<pin id="1158" dir="0" index="0" bw="1" slack="0"/>
<pin id="1159" dir="0" index="1" bw="66" slack="0"/>
<pin id="1160" dir="0" index="2" bw="8" slack="0"/>
<pin id="1161" dir="1" index="3" bw="1" slack="0"/>
</pin_list>
<bind>
<opcode="bitselect(1000) " fcode="bitselect"/>
<opset="tmp_91/25 "/>
</bind>
</comp>

<comp id="1165" class="1004" name="trunc_ln21_1_fu_1165">
<pin_list>
<pin id="1166" dir="0" index="0" bw="32" slack="0"/>
<pin id="1167" dir="0" index="1" bw="66" slack="0"/>
<pin id="1168" dir="0" index="2" bw="6" slack="0"/>
<pin id="1169" dir="0" index="3" bw="7" slack="0"/>
<pin id="1170" dir="1" index="4" bw="32" slack="0"/>
</pin_list>
<bind>
<opcode="partselect(1002) " fcode="partselect"/>
<opset="trunc_ln21_1/25 "/>
</bind>
</comp>

<comp id="1175" class="1004" name="tmp_92_fu_1175">
<pin_list>
<pin id="1176" dir="0" index="0" bw="1" slack="0"/>
<pin id="1177" dir="0" index="1" bw="66" slack="0"/>
<pin id="1178" dir="0" index="2" bw="5" slack="0"/>
<pin id="1179" dir="1" index="3" bw="1" slack="0"/>
</pin_list>
<bind>
<opcode="bitselect(1000) " fcode="bitselect"/>
<opset="tmp_92/25 "/>
</bind>
</comp>

<comp id="1183" class="1004" name="tmp_93_fu_1183">
<pin_list>
<pin id="1184" dir="0" index="0" bw="1" slack="0"/>
<pin id="1185" dir="0" index="1" bw="66" slack="0"/>
<pin id="1186" dir="0" index="2" bw="7" slack="0"/>
<pin id="1187" dir="1" index="3" bw="1" slack="0"/>
</pin_list>
<bind>
<opcode="bitselect(1000) " fcode="bitselect"/>
<opset="tmp_93/25 "/>
</bind>
</comp>

<comp id="1191" class="1004" name="zext_ln21_fu_1191">
<pin_list>
<pin id="1192" dir="0" index="0" bw="1" slack="0"/>
<pin id="1193" dir="1" index="1" bw="32" slack="0"/>
</pin_list>
<bind>
<opcode="zext(34) " fcode="zext"/>
<opset="zext_ln21/25 "/>
</bind>
</comp>

<comp id="1195" class="1004" name="add_ln21_3_fu_1195">
<pin_list>
<pin id="1196" dir="0" index="0" bw="32" slack="0"/>
<pin id="1197" dir="0" index="1" bw="1" slack="0"/>
<pin id="1198" dir="1" index="2" bw="32" slack="0"/>
</pin_list>
<bind>
<opcode="add(8) " fcode="add"/>
<opset="add_ln21_3/25 "/>
</bind>
</comp>

<comp id="1201" class="1004" name="tmp_94_fu_1201">
<pin_list>
<pin id="1202" dir="0" index="0" bw="1" slack="0"/>
<pin id="1203" dir="0" index="1" bw="32" slack="0"/>
<pin id="1204" dir="0" index="2" bw="6" slack="0"/>
<pin id="1205" dir="1" index="3" bw="1" slack="0"/>
</pin_list>
<bind>
<opcode="bitselect(1000) " fcode="bitselect"/>
<opset="tmp_94/25 "/>
</bind>
</comp>

<comp id="1209" class="1004" name="xor_ln21_fu_1209">
<pin_list>
<pin id="1210" dir="0" index="0" bw="1" slack="0"/>
<pin id="1211" dir="0" index="1" bw="1" slack="0"/>
<pin id="1212" dir="1" index="2" bw="1" slack="0"/>
</pin_list>
<bind>
<opcode="xor(25) " fcode="xor"/>
<opset="xor_ln21/25 "/>
</bind>
</comp>

<comp id="1215" class="1004" name="and_ln21_fu_1215">
<pin_list>
<pin id="1216" dir="0" index="0" bw="1" slack="0"/>
<pin id="1217" dir="0" index="1" bw="1" slack="0"/>
<pin id="1218" dir="1" index="2" bw="1" slack="0"/>
</pin_list>
<bind>
<opcode="and(23) " fcode="and"/>
<opset="and_ln21/25 "/>
</bind>
</comp>

<comp id="1221" class="1004" name="tmp_95_fu_1221">
<pin_list>
<pin id="1222" dir="0" index="0" bw="1" slack="0"/>
<pin id="1223" dir="0" index="1" bw="66" slack="0"/>
<pin id="1224" dir="0" index="2" bw="7" slack="0"/>
<pin id="1225" dir="1" index="3" bw="1" slack="0"/>
</pin_list>
<bind>
<opcode="bitselect(1000) " fcode="bitselect"/>
<opset="tmp_95/25 "/>
</bind>
</comp>

<comp id="1229" class="1004" name="tmp_fu_1229">
<pin_list>
<pin id="1230" dir="0" index="0" bw="17" slack="0"/>
<pin id="1231" dir="0" index="1" bw="66" slack="0"/>
<pin id="1232" dir="0" index="2" bw="7" slack="0"/>
<pin id="1233" dir="0" index="3" bw="8" slack="0"/>
<pin id="1234" dir="1" index="4" bw="17" slack="0"/>
</pin_list>
<bind>
<opcode="partselect(1002) " fcode="partselect"/>
<opset="tmp/25 "/>
</bind>
</comp>

<comp id="1239" class="1004" name="icmp_ln21_fu_1239">
<pin_list>
<pin id="1240" dir="0" index="0" bw="17" slack="0"/>
<pin id="1241" dir="0" index="1" bw="1" slack="0"/>
<pin id="1242" dir="1" index="2" bw="1" slack="0"/>
</pin_list>
<bind>
<opcode="icmp(45) " fcode="icmp"/>
<opset="icmp_ln21/25 "/>
</bind>
</comp>

<comp id="1245" class="1004" name="tmp_s_fu_1245">
<pin_list>
<pin id="1246" dir="0" index="0" bw="18" slack="0"/>
<pin id="1247" dir="0" index="1" bw="66" slack="0"/>
<pin id="1248" dir="0" index="2" bw="7" slack="0"/>
<pin id="1249" dir="0" index="3" bw="8" slack="0"/>
<pin id="1250" dir="1" index="4" bw="18" slack="0"/>
</pin_list>
<bind>
<opcode="partselect(1002) " fcode="partselect"/>
<opset="tmp_s/25 "/>
</bind>
</comp>

<comp id="1255" class="1004" name="icmp_ln21_1_fu_1255">
<pin_list>
<pin id="1256" dir="0" index="0" bw="18" slack="0"/>
<pin id="1257" dir="0" index="1" bw="1" slack="0"/>
<pin id="1258" dir="1" index="2" bw="1" slack="0"/>
</pin_list>
<bind>
<opcode="icmp(45) " fcode="icmp"/>
<opset="icmp_ln21_1/25 "/>
</bind>
</comp>

<comp id="1261" class="1004" name="icmp_ln21_2_fu_1261">
<pin_list>
<pin id="1262" dir="0" index="0" bw="18" slack="0"/>
<pin id="1263" dir="0" index="1" bw="1" slack="0"/>
<pin id="1264" dir="1" index="2" bw="1" slack="0"/>
</pin_list>
<bind>
<opcode="icmp(45) " fcode="icmp"/>
<opset="icmp_ln21_2/25 "/>
</bind>
</comp>

<comp id="1267" class="1004" name="select_ln21_fu_1267">
<pin_list>
<pin id="1268" dir="0" index="0" bw="1" slack="0"/>
<pin id="1269" dir="0" index="1" bw="1" slack="0"/>
<pin id="1270" dir="0" index="2" bw="1" slack="0"/>
<pin id="1271" dir="1" index="3" bw="1" slack="0"/>
</pin_list>
<bind>
<opcode="select(49) " fcode="select"/>
<opset="select_ln21/25 "/>
</bind>
</comp>

<comp id="1275" class="1004" name="xor_ln21_1_fu_1275">
<pin_list>
<pin id="1276" dir="0" index="0" bw="1" slack="0"/>
<pin id="1277" dir="0" index="1" bw="1" slack="0"/>
<pin id="1278" dir="1" index="2" bw="1" slack="0"/>
</pin_list>
<bind>
<opcode="xor(25) " fcode="xor"/>
<opset="xor_ln21_1/25 "/>
</bind>
</comp>

<comp id="1281" class="1004" name="and_ln21_1_fu_1281">
<pin_list>
<pin id="1282" dir="0" index="0" bw="1" slack="0"/>
<pin id="1283" dir="0" index="1" bw="1" slack="0"/>
<pin id="1284" dir="1" index="2" bw="1" slack="0"/>
</pin_list>
<bind>
<opcode="and(23) " fcode="and"/>
<opset="and_ln21_1/25 "/>
</bind>
</comp>

<comp id="1287" class="1004" name="select_ln21_1_fu_1287">
<pin_list>
<pin id="1288" dir="0" index="0" bw="1" slack="0"/>
<pin id="1289" dir="0" index="1" bw="1" slack="0"/>
<pin id="1290" dir="0" index="2" bw="1" slack="0"/>
<pin id="1291" dir="1" index="3" bw="1" slack="0"/>
</pin_list>
<bind>
<opcode="select(49) " fcode="select"/>
<opset="select_ln21_1/25 "/>
</bind>
</comp>

<comp id="1295" class="1004" name="xor_ln21_2_fu_1295">
<pin_list>
<pin id="1296" dir="0" index="0" bw="1" slack="0"/>
<pin id="1297" dir="0" index="1" bw="1" slack="0"/>
<pin id="1298" dir="1" index="2" bw="1" slack="0"/>
</pin_list>
<bind>
<opcode="xor(25) " fcode="xor"/>
<opset="xor_ln21_2/25 "/>
</bind>
</comp>

<comp id="1301" class="1004" name="or_ln21_fu_1301">
<pin_list>
<pin id="1302" dir="0" index="0" bw="1" slack="0"/>
<pin id="1303" dir="0" index="1" bw="1" slack="0"/>
<pin id="1304" dir="1" index="2" bw="1" slack="0"/>
</pin_list>
<bind>
<opcode="or(24) " fcode="or"/>
<opset="or_ln21/25 "/>
</bind>
</comp>

<comp id="1307" class="1004" name="xor_ln21_3_fu_1307">
<pin_list>
<pin id="1308" dir="0" index="0" bw="1" slack="0"/>
<pin id="1309" dir="0" index="1" bw="1" slack="0"/>
<pin id="1310" dir="1" index="2" bw="1" slack="0"/>
</pin_list>
<bind>
<opcode="xor(25) " fcode="xor"/>
<opset="xor_ln21_3/25 "/>
</bind>
</comp>

<comp id="1313" class="1004" name="and_ln21_3_fu_1313">
<pin_list>
<pin id="1314" dir="0" index="0" bw="1" slack="0"/>
<pin id="1315" dir="0" index="1" bw="1" slack="0"/>
<pin id="1316" dir="1" index="2" bw="1" slack="1"/>
</pin_list>
<bind>
<opcode="and(23) " fcode="and"/>
<opset="and_ln21_3/25 "/>
</bind>
</comp>

<comp id="1319" class="1004" name="and_ln21_4_fu_1319">
<pin_list>
<pin id="1320" dir="0" index="0" bw="1" slack="0"/>
<pin id="1321" dir="0" index="1" bw="1" slack="0"/>
<pin id="1322" dir="1" index="2" bw="1" slack="1"/>
</pin_list>
<bind>
<opcode="and(23) " fcode="and"/>
<opset="and_ln21_4/25 "/>
</bind>
</comp>

<comp id="1325" class="1004" name="sext_ln21_15_fu_1325">
<pin_list>
<pin id="1326" dir="0" index="0" bw="32" slack="13"/>
<pin id="1327" dir="1" index="1" bw="64" slack="0"/>
</pin_list>
<bind>
<opcode="sext(35) " fcode="sext"/>
<opset="sext_ln21_15/25 "/>
</bind>
</comp>

<comp id="1329" class="1004" name="sext_ln21_16_fu_1329">
<pin_list>
<pin id="1330" dir="0" index="0" bw="65" slack="1"/>
<pin id="1331" dir="1" index="1" bw="66" slack="0"/>
</pin_list>
<bind>
<opcode="sext(35) " fcode="sext"/>
<opset="sext_ln21_16/25 "/>
</bind>
</comp>

<comp id="1332" class="1004" name="sext_ln21_17_fu_1332">
<pin_list>
<pin id="1333" dir="0" index="0" bw="64" slack="0"/>
<pin id="1334" dir="1" index="1" bw="66" slack="0"/>
</pin_list>
<bind>
<opcode="sext(35) " fcode="sext"/>
<opset="sext_ln21_17/25 "/>
</bind>
</comp>

<comp id="1336" class="1004" name="add_ln21_6_fu_1336">
<pin_list>
<pin id="1337" dir="0" index="0" bw="65" slack="0"/>
<pin id="1338" dir="0" index="1" bw="64" slack="0"/>
<pin id="1339" dir="1" index="2" bw="66" slack="0"/>
</pin_list>
<bind>
<opcode="add(8) " fcode="add"/>
<opset="add_ln21_6/25 "/>
</bind>
</comp>

<comp id="1342" class="1004" name="tmp_111_fu_1342">
<pin_list>
<pin id="1343" dir="0" index="0" bw="1" slack="0"/>
<pin id="1344" dir="0" index="1" bw="66" slack="0"/>
<pin id="1345" dir="0" index="2" bw="8" slack="0"/>
<pin id="1346" dir="1" index="3" bw="1" slack="0"/>
</pin_list>
<bind>
<opcode="bitselect(1000) " fcode="bitselect"/>
<opset="tmp_111/25 "/>
</bind>
</comp>

<comp id="1350" class="1004" name="trunc_ln21_3_fu_1350">
<pin_list>
<pin id="1351" dir="0" index="0" bw="32" slack="0"/>
<pin id="1352" dir="0" index="1" bw="66" slack="0"/>
<pin id="1353" dir="0" index="2" bw="6" slack="0"/>
<pin id="1354" dir="0" index="3" bw="7" slack="0"/>
<pin id="1355" dir="1" index="4" bw="32" slack="0"/>
</pin_list>
<bind>
<opcode="partselect(1002) " fcode="partselect"/>
<opset="trunc_ln21_3/25 "/>
</bind>
</comp>

<comp id="1360" class="1004" name="tmp_112_fu_1360">
<pin_list>
<pin id="1361" dir="0" index="0" bw="1" slack="0"/>
<pin id="1362" dir="0" index="1" bw="66" slack="0"/>
<pin id="1363" dir="0" index="2" bw="5" slack="0"/>
<pin id="1364" dir="1" index="3" bw="1" slack="0"/>
</pin_list>
<bind>
<opcode="bitselect(1000) " fcode="bitselect"/>
<opset="tmp_112/25 "/>
</bind>
</comp>

<comp id="1368" class="1004" name="tmp_113_fu_1368">
<pin_list>
<pin id="1369" dir="0" index="0" bw="1" slack="0"/>
<pin id="1370" dir="0" index="1" bw="66" slack="0"/>
<pin id="1371" dir="0" index="2" bw="7" slack="0"/>
<pin id="1372" dir="1" index="3" bw="1" slack="0"/>
</pin_list>
<bind>
<opcode="bitselect(1000) " fcode="bitselect"/>
<opset="tmp_113/25 "/>
</bind>
</comp>

<comp id="1376" class="1004" name="zext_ln21_1_fu_1376">
<pin_list>
<pin id="1377" dir="0" index="0" bw="1" slack="0"/>
<pin id="1378" dir="1" index="1" bw="32" slack="0"/>
</pin_list>
<bind>
<opcode="zext(34) " fcode="zext"/>
<opset="zext_ln21_1/25 "/>
</bind>
</comp>

<comp id="1380" class="1004" name="add_ln21_7_fu_1380">
<pin_list>
<pin id="1381" dir="0" index="0" bw="32" slack="0"/>
<pin id="1382" dir="0" index="1" bw="1" slack="0"/>
<pin id="1383" dir="1" index="2" bw="32" slack="0"/>
</pin_list>
<bind>
<opcode="add(8) " fcode="add"/>
<opset="add_ln21_7/25 "/>
</bind>
</comp>

<comp id="1386" class="1004" name="tmp_114_fu_1386">
<pin_list>
<pin id="1387" dir="0" index="0" bw="1" slack="0"/>
<pin id="1388" dir="0" index="1" bw="32" slack="0"/>
<pin id="1389" dir="0" index="2" bw="6" slack="0"/>
<pin id="1390" dir="1" index="3" bw="1" slack="0"/>
</pin_list>
<bind>
<opcode="bitselect(1000) " fcode="bitselect"/>
<opset="tmp_114/25 "/>
</bind>
</comp>

<comp id="1394" class="1004" name="xor_ln21_5_fu_1394">
<pin_list>
<pin id="1395" dir="0" index="0" bw="1" slack="0"/>
<pin id="1396" dir="0" index="1" bw="1" slack="0"/>
<pin id="1397" dir="1" index="2" bw="1" slack="0"/>
</pin_list>
<bind>
<opcode="xor(25) " fcode="xor"/>
<opset="xor_ln21_5/25 "/>
</bind>
</comp>

<comp id="1400" class="1004" name="and_ln21_6_fu_1400">
<pin_list>
<pin id="1401" dir="0" index="0" bw="1" slack="0"/>
<pin id="1402" dir="0" index="1" bw="1" slack="0"/>
<pin id="1403" dir="1" index="2" bw="1" slack="0"/>
</pin_list>
<bind>
<opcode="and(23) " fcode="and"/>
<opset="and_ln21_6/25 "/>
</bind>
</comp>

<comp id="1406" class="1004" name="tmp_115_fu_1406">
<pin_list>
<pin id="1407" dir="0" index="0" bw="1" slack="0"/>
<pin id="1408" dir="0" index="1" bw="66" slack="0"/>
<pin id="1409" dir="0" index="2" bw="7" slack="0"/>
<pin id="1410" dir="1" index="3" bw="1" slack="0"/>
</pin_list>
<bind>
<opcode="bitselect(1000) " fcode="bitselect"/>
<opset="tmp_115/25 "/>
</bind>
</comp>

<comp id="1414" class="1004" name="tmp_20_fu_1414">
<pin_list>
<pin id="1415" dir="0" index="0" bw="17" slack="0"/>
<pin id="1416" dir="0" index="1" bw="66" slack="0"/>
<pin id="1417" dir="0" index="2" bw="7" slack="0"/>
<pin id="1418" dir="0" index="3" bw="8" slack="0"/>
<pin id="1419" dir="1" index="4" bw="17" slack="0"/>
</pin_list>
<bind>
<opcode="partselect(1002) " fcode="partselect"/>
<opset="tmp_20/25 "/>
</bind>
</comp>

<comp id="1424" class="1004" name="icmp_ln21_3_fu_1424">
<pin_list>
<pin id="1425" dir="0" index="0" bw="17" slack="0"/>
<pin id="1426" dir="0" index="1" bw="1" slack="0"/>
<pin id="1427" dir="1" index="2" bw="1" slack="0"/>
</pin_list>
<bind>
<opcode="icmp(45) " fcode="icmp"/>
<opset="icmp_ln21_3/25 "/>
</bind>
</comp>

<comp id="1430" class="1004" name="tmp_21_fu_1430">
<pin_list>
<pin id="1431" dir="0" index="0" bw="18" slack="0"/>
<pin id="1432" dir="0" index="1" bw="66" slack="0"/>
<pin id="1433" dir="0" index="2" bw="7" slack="0"/>
<pin id="1434" dir="0" index="3" bw="8" slack="0"/>
<pin id="1435" dir="1" index="4" bw="18" slack="0"/>
</pin_list>
<bind>
<opcode="partselect(1002) " fcode="partselect"/>
<opset="tmp_21/25 "/>
</bind>
</comp>

<comp id="1440" class="1004" name="icmp_ln21_4_fu_1440">
<pin_list>
<pin id="1441" dir="0" index="0" bw="18" slack="0"/>
<pin id="1442" dir="0" index="1" bw="1" slack="0"/>
<pin id="1443" dir="1" index="2" bw="1" slack="0"/>
</pin_list>
<bind>
<opcode="icmp(45) " fcode="icmp"/>
<opset="icmp_ln21_4/25 "/>
</bind>
</comp>

<comp id="1446" class="1004" name="icmp_ln21_5_fu_1446">
<pin_list>
<pin id="1447" dir="0" index="0" bw="18" slack="0"/>
<pin id="1448" dir="0" index="1" bw="1" slack="0"/>
<pin id="1449" dir="1" index="2" bw="1" slack="0"/>
</pin_list>
<bind>
<opcode="icmp(45) " fcode="icmp"/>
<opset="icmp_ln21_5/25 "/>
</bind>
</comp>

<comp id="1452" class="1004" name="select_ln21_4_fu_1452">
<pin_list>
<pin id="1453" dir="0" index="0" bw="1" slack="0"/>
<pin id="1454" dir="0" index="1" bw="1" slack="0"/>
<pin id="1455" dir="0" index="2" bw="1" slack="0"/>
<pin id="1456" dir="1" index="3" bw="1" slack="0"/>
</pin_list>
<bind>
<opcode="select(49) " fcode="select"/>
<opset="select_ln21_4/25 "/>
</bind>
</comp>

<comp id="1460" class="1004" name="xor_ln21_6_fu_1460">
<pin_list>
<pin id="1461" dir="0" index="0" bw="1" slack="0"/>
<pin id="1462" dir="0" index="1" bw="1" slack="0"/>
<pin id="1463" dir="1" index="2" bw="1" slack="0"/>
</pin_list>
<bind>
<opcode="xor(25) " fcode="xor"/>
<opset="xor_ln21_6/25 "/>
</bind>
</comp>

<comp id="1466" class="1004" name="and_ln21_7_fu_1466">
<pin_list>
<pin id="1467" dir="0" index="0" bw="1" slack="0"/>
<pin id="1468" dir="0" index="1" bw="1" slack="0"/>
<pin id="1469" dir="1" index="2" bw="1" slack="0"/>
</pin_list>
<bind>
<opcode="and(23) " fcode="and"/>
<opset="and_ln21_7/25 "/>
</bind>
</comp>

<comp id="1472" class="1004" name="select_ln21_5_fu_1472">
<pin_list>
<pin id="1473" dir="0" index="0" bw="1" slack="0"/>
<pin id="1474" dir="0" index="1" bw="1" slack="0"/>
<pin id="1475" dir="0" index="2" bw="1" slack="0"/>
<pin id="1476" dir="1" index="3" bw="1" slack="0"/>
</pin_list>
<bind>
<opcode="select(49) " fcode="select"/>
<opset="select_ln21_5/25 "/>
</bind>
</comp>

<comp id="1480" class="1004" name="xor_ln21_7_fu_1480">
<pin_list>
<pin id="1481" dir="0" index="0" bw="1" slack="0"/>
<pin id="1482" dir="0" index="1" bw="1" slack="0"/>
<pin id="1483" dir="1" index="2" bw="1" slack="0"/>
</pin_list>
<bind>
<opcode="xor(25) " fcode="xor"/>
<opset="xor_ln21_7/25 "/>
</bind>
</comp>

<comp id="1486" class="1004" name="or_ln21_2_fu_1486">
<pin_list>
<pin id="1487" dir="0" index="0" bw="1" slack="0"/>
<pin id="1488" dir="0" index="1" bw="1" slack="0"/>
<pin id="1489" dir="1" index="2" bw="1" slack="0"/>
</pin_list>
<bind>
<opcode="or(24) " fcode="or"/>
<opset="or_ln21_2/25 "/>
</bind>
</comp>

<comp id="1492" class="1004" name="xor_ln21_8_fu_1492">
<pin_list>
<pin id="1493" dir="0" index="0" bw="1" slack="0"/>
<pin id="1494" dir="0" index="1" bw="1" slack="0"/>
<pin id="1495" dir="1" index="2" bw="1" slack="0"/>
</pin_list>
<bind>
<opcode="xor(25) " fcode="xor"/>
<opset="xor_ln21_8/25 "/>
</bind>
</comp>

<comp id="1498" class="1004" name="and_ln21_9_fu_1498">
<pin_list>
<pin id="1499" dir="0" index="0" bw="1" slack="0"/>
<pin id="1500" dir="0" index="1" bw="1" slack="0"/>
<pin id="1501" dir="1" index="2" bw="1" slack="1"/>
</pin_list>
<bind>
<opcode="and(23) " fcode="and"/>
<opset="and_ln21_9/25 "/>
</bind>
</comp>

<comp id="1504" class="1004" name="and_ln21_10_fu_1504">
<pin_list>
<pin id="1505" dir="0" index="0" bw="1" slack="0"/>
<pin id="1506" dir="0" index="1" bw="1" slack="0"/>
<pin id="1507" dir="1" index="2" bw="1" slack="1"/>
</pin_list>
<bind>
<opcode="and(23) " fcode="and"/>
<opset="and_ln21_10/25 "/>
</bind>
</comp>

<comp id="1510" class="1004" name="sext_ln21_24_fu_1510">
<pin_list>
<pin id="1511" dir="0" index="0" bw="32" slack="13"/>
<pin id="1512" dir="1" index="1" bw="64" slack="0"/>
</pin_list>
<bind>
<opcode="sext(35) " fcode="sext"/>
<opset="sext_ln21_24/25 "/>
</bind>
</comp>

<comp id="1514" class="1004" name="sext_ln21_25_fu_1514">
<pin_list>
<pin id="1515" dir="0" index="0" bw="65" slack="1"/>
<pin id="1516" dir="1" index="1" bw="66" slack="0"/>
</pin_list>
<bind>
<opcode="sext(35) " fcode="sext"/>
<opset="sext_ln21_25/25 "/>
</bind>
</comp>

<comp id="1517" class="1004" name="sext_ln21_26_fu_1517">
<pin_list>
<pin id="1518" dir="0" index="0" bw="64" slack="0"/>
<pin id="1519" dir="1" index="1" bw="66" slack="0"/>
</pin_list>
<bind>
<opcode="sext(35) " fcode="sext"/>
<opset="sext_ln21_26/25 "/>
</bind>
</comp>

<comp id="1521" class="1004" name="add_ln21_10_fu_1521">
<pin_list>
<pin id="1522" dir="0" index="0" bw="65" slack="0"/>
<pin id="1523" dir="0" index="1" bw="64" slack="0"/>
<pin id="1524" dir="1" index="2" bw="66" slack="0"/>
</pin_list>
<bind>
<opcode="add(8) " fcode="add"/>
<opset="add_ln21_10/25 "/>
</bind>
</comp>

<comp id="1527" class="1004" name="tmp_131_fu_1527">
<pin_list>
<pin id="1528" dir="0" index="0" bw="1" slack="0"/>
<pin id="1529" dir="0" index="1" bw="66" slack="0"/>
<pin id="1530" dir="0" index="2" bw="8" slack="0"/>
<pin id="1531" dir="1" index="3" bw="1" slack="0"/>
</pin_list>
<bind>
<opcode="bitselect(1000) " fcode="bitselect"/>
<opset="tmp_131/25 "/>
</bind>
</comp>

<comp id="1535" class="1004" name="trunc_ln21_5_fu_1535">
<pin_list>
<pin id="1536" dir="0" index="0" bw="32" slack="0"/>
<pin id="1537" dir="0" index="1" bw="66" slack="0"/>
<pin id="1538" dir="0" index="2" bw="6" slack="0"/>
<pin id="1539" dir="0" index="3" bw="7" slack="0"/>
<pin id="1540" dir="1" index="4" bw="32" slack="0"/>
</pin_list>
<bind>
<opcode="partselect(1002) " fcode="partselect"/>
<opset="trunc_ln21_5/25 "/>
</bind>
</comp>

<comp id="1545" class="1004" name="tmp_132_fu_1545">
<pin_list>
<pin id="1546" dir="0" index="0" bw="1" slack="0"/>
<pin id="1547" dir="0" index="1" bw="66" slack="0"/>
<pin id="1548" dir="0" index="2" bw="5" slack="0"/>
<pin id="1549" dir="1" index="3" bw="1" slack="0"/>
</pin_list>
<bind>
<opcode="bitselect(1000) " fcode="bitselect"/>
<opset="tmp_132/25 "/>
</bind>
</comp>

<comp id="1553" class="1004" name="tmp_133_fu_1553">
<pin_list>
<pin id="1554" dir="0" index="0" bw="1" slack="0"/>
<pin id="1555" dir="0" index="1" bw="66" slack="0"/>
<pin id="1556" dir="0" index="2" bw="7" slack="0"/>
<pin id="1557" dir="1" index="3" bw="1" slack="0"/>
</pin_list>
<bind>
<opcode="bitselect(1000) " fcode="bitselect"/>
<opset="tmp_133/25 "/>
</bind>
</comp>

<comp id="1561" class="1004" name="zext_ln21_2_fu_1561">
<pin_list>
<pin id="1562" dir="0" index="0" bw="1" slack="0"/>
<pin id="1563" dir="1" index="1" bw="32" slack="0"/>
</pin_list>
<bind>
<opcode="zext(34) " fcode="zext"/>
<opset="zext_ln21_2/25 "/>
</bind>
</comp>

<comp id="1565" class="1004" name="add_ln21_11_fu_1565">
<pin_list>
<pin id="1566" dir="0" index="0" bw="32" slack="0"/>
<pin id="1567" dir="0" index="1" bw="1" slack="0"/>
<pin id="1568" dir="1" index="2" bw="32" slack="0"/>
</pin_list>
<bind>
<opcode="add(8) " fcode="add"/>
<opset="add_ln21_11/25 "/>
</bind>
</comp>

<comp id="1571" class="1004" name="tmp_134_fu_1571">
<pin_list>
<pin id="1572" dir="0" index="0" bw="1" slack="0"/>
<pin id="1573" dir="0" index="1" bw="32" slack="0"/>
<pin id="1574" dir="0" index="2" bw="6" slack="0"/>
<pin id="1575" dir="1" index="3" bw="1" slack="0"/>
</pin_list>
<bind>
<opcode="bitselect(1000) " fcode="bitselect"/>
<opset="tmp_134/25 "/>
</bind>
</comp>

<comp id="1579" class="1004" name="xor_ln21_10_fu_1579">
<pin_list>
<pin id="1580" dir="0" index="0" bw="1" slack="0"/>
<pin id="1581" dir="0" index="1" bw="1" slack="0"/>
<pin id="1582" dir="1" index="2" bw="1" slack="0"/>
</pin_list>
<bind>
<opcode="xor(25) " fcode="xor"/>
<opset="xor_ln21_10/25 "/>
</bind>
</comp>

<comp id="1585" class="1004" name="and_ln21_12_fu_1585">
<pin_list>
<pin id="1586" dir="0" index="0" bw="1" slack="0"/>
<pin id="1587" dir="0" index="1" bw="1" slack="0"/>
<pin id="1588" dir="1" index="2" bw="1" slack="0"/>
</pin_list>
<bind>
<opcode="and(23) " fcode="and"/>
<opset="and_ln21_12/25 "/>
</bind>
</comp>

<comp id="1591" class="1004" name="tmp_135_fu_1591">
<pin_list>
<pin id="1592" dir="0" index="0" bw="1" slack="0"/>
<pin id="1593" dir="0" index="1" bw="66" slack="0"/>
<pin id="1594" dir="0" index="2" bw="7" slack="0"/>
<pin id="1595" dir="1" index="3" bw="1" slack="0"/>
</pin_list>
<bind>
<opcode="bitselect(1000) " fcode="bitselect"/>
<opset="tmp_135/25 "/>
</bind>
</comp>

<comp id="1599" class="1004" name="tmp_28_fu_1599">
<pin_list>
<pin id="1600" dir="0" index="0" bw="17" slack="0"/>
<pin id="1601" dir="0" index="1" bw="66" slack="0"/>
<pin id="1602" dir="0" index="2" bw="7" slack="0"/>
<pin id="1603" dir="0" index="3" bw="8" slack="0"/>
<pin id="1604" dir="1" index="4" bw="17" slack="0"/>
</pin_list>
<bind>
<opcode="partselect(1002) " fcode="partselect"/>
<opset="tmp_28/25 "/>
</bind>
</comp>

<comp id="1609" class="1004" name="icmp_ln21_6_fu_1609">
<pin_list>
<pin id="1610" dir="0" index="0" bw="17" slack="0"/>
<pin id="1611" dir="0" index="1" bw="1" slack="0"/>
<pin id="1612" dir="1" index="2" bw="1" slack="0"/>
</pin_list>
<bind>
<opcode="icmp(45) " fcode="icmp"/>
<opset="icmp_ln21_6/25 "/>
</bind>
</comp>

<comp id="1615" class="1004" name="tmp_29_fu_1615">
<pin_list>
<pin id="1616" dir="0" index="0" bw="18" slack="0"/>
<pin id="1617" dir="0" index="1" bw="66" slack="0"/>
<pin id="1618" dir="0" index="2" bw="7" slack="0"/>
<pin id="1619" dir="0" index="3" bw="8" slack="0"/>
<pin id="1620" dir="1" index="4" bw="18" slack="0"/>
</pin_list>
<bind>
<opcode="partselect(1002) " fcode="partselect"/>
<opset="tmp_29/25 "/>
</bind>
</comp>

<comp id="1625" class="1004" name="icmp_ln21_7_fu_1625">
<pin_list>
<pin id="1626" dir="0" index="0" bw="18" slack="0"/>
<pin id="1627" dir="0" index="1" bw="1" slack="0"/>
<pin id="1628" dir="1" index="2" bw="1" slack="0"/>
</pin_list>
<bind>
<opcode="icmp(45) " fcode="icmp"/>
<opset="icmp_ln21_7/25 "/>
</bind>
</comp>

<comp id="1631" class="1004" name="icmp_ln21_8_fu_1631">
<pin_list>
<pin id="1632" dir="0" index="0" bw="18" slack="0"/>
<pin id="1633" dir="0" index="1" bw="1" slack="0"/>
<pin id="1634" dir="1" index="2" bw="1" slack="0"/>
</pin_list>
<bind>
<opcode="icmp(45) " fcode="icmp"/>
<opset="icmp_ln21_8/25 "/>
</bind>
</comp>

<comp id="1637" class="1004" name="select_ln21_8_fu_1637">
<pin_list>
<pin id="1638" dir="0" index="0" bw="1" slack="0"/>
<pin id="1639" dir="0" index="1" bw="1" slack="0"/>
<pin id="1640" dir="0" index="2" bw="1" slack="0"/>
<pin id="1641" dir="1" index="3" bw="1" slack="0"/>
</pin_list>
<bind>
<opcode="select(49) " fcode="select"/>
<opset="select_ln21_8/25 "/>
</bind>
</comp>

<comp id="1645" class="1004" name="xor_ln21_11_fu_1645">
<pin_list>
<pin id="1646" dir="0" index="0" bw="1" slack="0"/>
<pin id="1647" dir="0" index="1" bw="1" slack="0"/>
<pin id="1648" dir="1" index="2" bw="1" slack="0"/>
</pin_list>
<bind>
<opcode="xor(25) " fcode="xor"/>
<opset="xor_ln21_11/25 "/>
</bind>
</comp>

<comp id="1651" class="1004" name="and_ln21_13_fu_1651">
<pin_list>
<pin id="1652" dir="0" index="0" bw="1" slack="0"/>
<pin id="1653" dir="0" index="1" bw="1" slack="0"/>
<pin id="1654" dir="1" index="2" bw="1" slack="0"/>
</pin_list>
<bind>
<opcode="and(23) " fcode="and"/>
<opset="and_ln21_13/25 "/>
</bind>
</comp>

<comp id="1657" class="1004" name="select_ln21_9_fu_1657">
<pin_list>
<pin id="1658" dir="0" index="0" bw="1" slack="0"/>
<pin id="1659" dir="0" index="1" bw="1" slack="0"/>
<pin id="1660" dir="0" index="2" bw="1" slack="0"/>
<pin id="1661" dir="1" index="3" bw="1" slack="0"/>
</pin_list>
<bind>
<opcode="select(49) " fcode="select"/>
<opset="select_ln21_9/25 "/>
</bind>
</comp>

<comp id="1665" class="1004" name="xor_ln21_12_fu_1665">
<pin_list>
<pin id="1666" dir="0" index="0" bw="1" slack="0"/>
<pin id="1667" dir="0" index="1" bw="1" slack="0"/>
<pin id="1668" dir="1" index="2" bw="1" slack="0"/>
</pin_list>
<bind>
<opcode="xor(25) " fcode="xor"/>
<opset="xor_ln21_12/25 "/>
</bind>
</comp>

<comp id="1671" class="1004" name="or_ln21_4_fu_1671">
<pin_list>
<pin id="1672" dir="0" index="0" bw="1" slack="0"/>
<pin id="1673" dir="0" index="1" bw="1" slack="0"/>
<pin id="1674" dir="1" index="2" bw="1" slack="0"/>
</pin_list>
<bind>
<opcode="or(24) " fcode="or"/>
<opset="or_ln21_4/25 "/>
</bind>
</comp>

<comp id="1677" class="1004" name="xor_ln21_13_fu_1677">
<pin_list>
<pin id="1678" dir="0" index="0" bw="1" slack="0"/>
<pin id="1679" dir="0" index="1" bw="1" slack="0"/>
<pin id="1680" dir="1" index="2" bw="1" slack="0"/>
</pin_list>
<bind>
<opcode="xor(25) " fcode="xor"/>
<opset="xor_ln21_13/25 "/>
</bind>
</comp>

<comp id="1683" class="1004" name="and_ln21_15_fu_1683">
<pin_list>
<pin id="1684" dir="0" index="0" bw="1" slack="0"/>
<pin id="1685" dir="0" index="1" bw="1" slack="0"/>
<pin id="1686" dir="1" index="2" bw="1" slack="1"/>
</pin_list>
<bind>
<opcode="and(23) " fcode="and"/>
<opset="and_ln21_15/25 "/>
</bind>
</comp>

<comp id="1689" class="1004" name="and_ln21_16_fu_1689">
<pin_list>
<pin id="1690" dir="0" index="0" bw="1" slack="0"/>
<pin id="1691" dir="0" index="1" bw="1" slack="0"/>
<pin id="1692" dir="1" index="2" bw="1" slack="1"/>
</pin_list>
<bind>
<opcode="and(23) " fcode="and"/>
<opset="and_ln21_16/25 "/>
</bind>
</comp>

<comp id="1695" class="1004" name="conv7_i1128_i_fu_1695">
<pin_list>
<pin id="1696" dir="0" index="0" bw="32" slack="1"/>
<pin id="1697" dir="1" index="1" bw="64" slack="0"/>
</pin_list>
<bind>
<opcode="sext(35) " fcode="sext"/>
<opset="conv7_i1128_i/26 "/>
</bind>
</comp>

<comp id="1702" class="1004" name="and_ln21_2_fu_1702">
<pin_list>
<pin id="1703" dir="0" index="0" bw="1" slack="1"/>
<pin id="1704" dir="0" index="1" bw="1" slack="1"/>
<pin id="1705" dir="1" index="2" bw="1" slack="0"/>
</pin_list>
<bind>
<opcode="and(23) " fcode="and"/>
<opset="and_ln21_2/26 "/>
</bind>
</comp>

<comp id="1706" class="1004" name="or_ln21_6_fu_1706">
<pin_list>
<pin id="1707" dir="0" index="0" bw="1" slack="0"/>
<pin id="1708" dir="0" index="1" bw="1" slack="1"/>
<pin id="1709" dir="1" index="2" bw="1" slack="0"/>
</pin_list>
<bind>
<opcode="or(24) " fcode="or"/>
<opset="or_ln21_6/26 "/>
</bind>
</comp>

<comp id="1711" class="1004" name="xor_ln21_4_fu_1711">
<pin_list>
<pin id="1712" dir="0" index="0" bw="1" slack="0"/>
<pin id="1713" dir="0" index="1" bw="1" slack="0"/>
<pin id="1714" dir="1" index="2" bw="1" slack="0"/>
</pin_list>
<bind>
<opcode="xor(25) " fcode="xor"/>
<opset="xor_ln21_4/26 "/>
</bind>
</comp>

<comp id="1717" class="1004" name="and_ln21_5_fu_1717">
<pin_list>
<pin id="1718" dir="0" index="0" bw="1" slack="1"/>
<pin id="1719" dir="0" index="1" bw="1" slack="0"/>
<pin id="1720" dir="1" index="2" bw="1" slack="0"/>
</pin_list>
<bind>
<opcode="and(23) " fcode="and"/>
<opset="and_ln21_5/26 "/>
</bind>
</comp>

<comp id="1722" class="1004" name="select_ln21_2_fu_1722">
<pin_list>
<pin id="1723" dir="0" index="0" bw="1" slack="1"/>
<pin id="1724" dir="0" index="1" bw="32" slack="0"/>
<pin id="1725" dir="0" index="2" bw="32" slack="0"/>
<pin id="1726" dir="1" index="3" bw="32" slack="0"/>
</pin_list>
<bind>
<opcode="select(49) " fcode="select"/>
<opset="select_ln21_2/26 "/>
</bind>
</comp>

<comp id="1729" class="1004" name="or_ln21_1_fu_1729">
<pin_list>
<pin id="1730" dir="0" index="0" bw="1" slack="1"/>
<pin id="1731" dir="0" index="1" bw="1" slack="0"/>
<pin id="1732" dir="1" index="2" bw="1" slack="0"/>
</pin_list>
<bind>
<opcode="or(24) " fcode="or"/>
<opset="or_ln21_1/26 "/>
</bind>
</comp>

<comp id="1734" class="1004" name="out_verts_x_fu_1734">
<pin_list>
<pin id="1735" dir="0" index="0" bw="1" slack="0"/>
<pin id="1736" dir="0" index="1" bw="32" slack="0"/>
<pin id="1737" dir="0" index="2" bw="32" slack="1"/>
<pin id="1738" dir="1" index="3" bw="32" slack="0"/>
</pin_list>
<bind>
<opcode="select(49) " fcode="select"/>
<opset="out_verts_x/26 "/>
</bind>
</comp>

<comp id="1742" class="1004" name="and_ln21_8_fu_1742">
<pin_list>
<pin id="1743" dir="0" index="0" bw="1" slack="1"/>
<pin id="1744" dir="0" index="1" bw="1" slack="1"/>
<pin id="1745" dir="1" index="2" bw="1" slack="0"/>
</pin_list>
<bind>
<opcode="and(23) " fcode="and"/>
<opset="and_ln21_8/26 "/>
</bind>
</comp>

<comp id="1746" class="1004" name="or_ln21_7_fu_1746">
<pin_list>
<pin id="1747" dir="0" index="0" bw="1" slack="0"/>
<pin id="1748" dir="0" index="1" bw="1" slack="1"/>
<pin id="1749" dir="1" index="2" bw="1" slack="0"/>
</pin_list>
<bind>
<opcode="or(24) " fcode="or"/>
<opset="or_ln21_7/26 "/>
</bind>
</comp>

<comp id="1751" class="1004" name="xor_ln21_9_fu_1751">
<pin_list>
<pin id="1752" dir="0" index="0" bw="1" slack="0"/>
<pin id="1753" dir="0" index="1" bw="1" slack="0"/>
<pin id="1754" dir="1" index="2" bw="1" slack="0"/>
</pin_list>
<bind>
<opcode="xor(25) " fcode="xor"/>
<opset="xor_ln21_9/26 "/>
</bind>
</comp>

<comp id="1757" class="1004" name="and_ln21_11_fu_1757">
<pin_list>
<pin id="1758" dir="0" index="0" bw="1" slack="1"/>
<pin id="1759" dir="0" index="1" bw="1" slack="0"/>
<pin id="1760" dir="1" index="2" bw="1" slack="0"/>
</pin_list>
<bind>
<opcode="and(23) " fcode="and"/>
<opset="and_ln21_11/26 "/>
</bind>
</comp>

<comp id="1762" class="1004" name="select_ln21_6_fu_1762">
<pin_list>
<pin id="1763" dir="0" index="0" bw="1" slack="1"/>
<pin id="1764" dir="0" index="1" bw="32" slack="0"/>
<pin id="1765" dir="0" index="2" bw="32" slack="0"/>
<pin id="1766" dir="1" index="3" bw="32" slack="0"/>
</pin_list>
<bind>
<opcode="select(49) " fcode="select"/>
<opset="select_ln21_6/26 "/>
</bind>
</comp>

<comp id="1769" class="1004" name="or_ln21_3_fu_1769">
<pin_list>
<pin id="1770" dir="0" index="0" bw="1" slack="1"/>
<pin id="1771" dir="0" index="1" bw="1" slack="0"/>
<pin id="1772" dir="1" index="2" bw="1" slack="0"/>
</pin_list>
<bind>
<opcode="or(24) " fcode="or"/>
<opset="or_ln21_3/26 "/>
</bind>
</comp>

<comp id="1774" class="1004" name="out_verts_x_3_fu_1774">
<pin_list>
<pin id="1775" dir="0" index="0" bw="1" slack="0"/>
<pin id="1776" dir="0" index="1" bw="32" slack="0"/>
<pin id="1777" dir="0" index="2" bw="32" slack="1"/>
<pin id="1778" dir="1" index="3" bw="32" slack="0"/>
</pin_list>
<bind>
<opcode="select(49) " fcode="select"/>
<opset="out_verts_x_3/26 "/>
</bind>
</comp>

<comp id="1782" class="1004" name="and_ln21_14_fu_1782">
<pin_list>
<pin id="1783" dir="0" index="0" bw="1" slack="1"/>
<pin id="1784" dir="0" index="1" bw="1" slack="1"/>
<pin id="1785" dir="1" index="2" bw="1" slack="0"/>
</pin_list>
<bind>
<opcode="and(23) " fcode="and"/>
<opset="and_ln21_14/26 "/>
</bind>
</comp>

<comp id="1786" class="1004" name="or_ln21_8_fu_1786">
<pin_list>
<pin id="1787" dir="0" index="0" bw="1" slack="0"/>
<pin id="1788" dir="0" index="1" bw="1" slack="1"/>
<pin id="1789" dir="1" index="2" bw="1" slack="0"/>
</pin_list>
<bind>
<opcode="or(24) " fcode="or"/>
<opset="or_ln21_8/26 "/>
</bind>
</comp>

<comp id="1791" class="1004" name="xor_ln21_14_fu_1791">
<pin_list>
<pin id="1792" dir="0" index="0" bw="1" slack="0"/>
<pin id="1793" dir="0" index="1" bw="1" slack="0"/>
<pin id="1794" dir="1" index="2" bw="1" slack="0"/>
</pin_list>
<bind>
<opcode="xor(25) " fcode="xor"/>
<opset="xor_ln21_14/26 "/>
</bind>
</comp>

<comp id="1797" class="1004" name="and_ln21_17_fu_1797">
<pin_list>
<pin id="1798" dir="0" index="0" bw="1" slack="1"/>
<pin id="1799" dir="0" index="1" bw="1" slack="0"/>
<pin id="1800" dir="1" index="2" bw="1" slack="0"/>
</pin_list>
<bind>
<opcode="and(23) " fcode="and"/>
<opset="and_ln21_17/26 "/>
</bind>
</comp>

<comp id="1802" class="1004" name="select_ln21_10_fu_1802">
<pin_list>
<pin id="1803" dir="0" index="0" bw="1" slack="1"/>
<pin id="1804" dir="0" index="1" bw="32" slack="0"/>
<pin id="1805" dir="0" index="2" bw="32" slack="0"/>
<pin id="1806" dir="1" index="3" bw="32" slack="0"/>
</pin_list>
<bind>
<opcode="select(49) " fcode="select"/>
<opset="select_ln21_10/26 "/>
</bind>
</comp>

<comp id="1809" class="1004" name="or_ln21_5_fu_1809">
<pin_list>
<pin id="1810" dir="0" index="0" bw="1" slack="1"/>
<pin id="1811" dir="0" index="1" bw="1" slack="0"/>
<pin id="1812" dir="1" index="2" bw="1" slack="0"/>
</pin_list>
<bind>
<opcode="or(24) " fcode="or"/>
<opset="or_ln21_5/26 "/>
</bind>
</comp>

<comp id="1814" class="1004" name="out_verts_x_4_fu_1814">
<pin_list>
<pin id="1815" dir="0" index="0" bw="1" slack="0"/>
<pin id="1816" dir="0" index="1" bw="32" slack="0"/>
<pin id="1817" dir="0" index="2" bw="32" slack="1"/>
<pin id="1818" dir="1" index="3" bw="32" slack="0"/>
</pin_list>
<bind>
<opcode="select(49) " fcode="select"/>
<opset="out_verts_x_4/26 "/>
</bind>
</comp>

<comp id="1822" class="1004" name="conv7_i1089_i_fu_1822">
<pin_list>
<pin id="1823" dir="0" index="0" bw="32" slack="1"/>
<pin id="1824" dir="1" index="1" bw="64" slack="0"/>
</pin_list>
<bind>
<opcode="sext(35) " fcode="sext"/>
<opset="conv7_i1089_i/27 "/>
</bind>
</comp>

<comp id="1829" class="1004" name="conv7_i1000_i_fu_1829">
<pin_list>
<pin id="1830" dir="0" index="0" bw="32" slack="1"/>
<pin id="1831" dir="1" index="1" bw="64" slack="0"/>
</pin_list>
<bind>
<opcode="sext(35) " fcode="sext"/>
<opset="conv7_i1000_i/28 "/>
</bind>
</comp>

<comp id="1836" class="1004" name="sext_ln22_fu_1836">
<pin_list>
<pin id="1837" dir="0" index="0" bw="64" slack="2"/>
<pin id="1838" dir="1" index="1" bw="65" slack="0"/>
</pin_list>
<bind>
<opcode="sext(35) " fcode="sext"/>
<opset="sext_ln22/28 "/>
</bind>
</comp>

<comp id="1840" class="1004" name="sext_ln22_1_fu_1840">
<pin_list>
<pin id="1841" dir="0" index="0" bw="64" slack="1"/>
<pin id="1842" dir="1" index="1" bw="65" slack="0"/>
</pin_list>
<bind>
<opcode="sext(35) " fcode="sext"/>
<opset="sext_ln22_1/28 "/>
</bind>
</comp>

<comp id="1844" class="1004" name="sext_ln22_2_fu_1844">
<pin_list>
<pin id="1845" dir="0" index="0" bw="64" slack="0"/>
<pin id="1846" dir="1" index="1" bw="65" slack="0"/>
</pin_list>
<bind>
<opcode="sext(35) " fcode="sext"/>
<opset="sext_ln22_2/28 "/>
</bind>
</comp>

<comp id="1848" class="1004" name="add_ln22_fu_1848">
<pin_list>
<pin id="1849" dir="0" index="0" bw="64" slack="0"/>
<pin id="1850" dir="0" index="1" bw="64" slack="0"/>
<pin id="1851" dir="1" index="2" bw="65" slack="0"/>
</pin_list>
<bind>
<opcode="add(8) " fcode="add"/>
<opset="add_ln22/28 "/>
</bind>
</comp>

<comp id="1854" class="1004" name="add_ln22_1_fu_1854">
<pin_list>
<pin id="1855" dir="0" index="0" bw="65" slack="0"/>
<pin id="1856" dir="0" index="1" bw="64" slack="0"/>
<pin id="1857" dir="1" index="2" bw="65" slack="1"/>
</pin_list>
<bind>
<opcode="add(8) " fcode="add"/>
<opset="add_ln22_1/28 "/>
</bind>
</comp>

<comp id="1860" class="1004" name="sext_ln22_5_fu_1860">
<pin_list>
<pin id="1861" dir="0" index="0" bw="64" slack="2"/>
<pin id="1862" dir="1" index="1" bw="65" slack="0"/>
</pin_list>
<bind>
<opcode="sext(35) " fcode="sext"/>
<opset="sext_ln22_5/28 "/>
</bind>
</comp>

<comp id="1864" class="1004" name="sext_ln22_6_fu_1864">
<pin_list>
<pin id="1865" dir="0" index="0" bw="64" slack="1"/>
<pin id="1866" dir="1" index="1" bw="65" slack="0"/>
</pin_list>
<bind>
<opcode="sext(35) " fcode="sext"/>
<opset="sext_ln22_6/28 "/>
</bind>
</comp>

<comp id="1868" class="1004" name="sext_ln22_7_fu_1868">
<pin_list>
<pin id="1869" dir="0" index="0" bw="64" slack="0"/>
<pin id="1870" dir="1" index="1" bw="65" slack="0"/>
</pin_list>
<bind>
<opcode="sext(35) " fcode="sext"/>
<opset="sext_ln22_7/28 "/>
</bind>
</comp>

<comp id="1872" class="1004" name="add_ln22_4_fu_1872">
<pin_list>
<pin id="1873" dir="0" index="0" bw="64" slack="0"/>
<pin id="1874" dir="0" index="1" bw="64" slack="0"/>
<pin id="1875" dir="1" index="2" bw="65" slack="0"/>
</pin_list>
<bind>
<opcode="add(8) " fcode="add"/>
<opset="add_ln22_4/28 "/>
</bind>
</comp>

<comp id="1878" class="1004" name="add_ln22_5_fu_1878">
<pin_list>
<pin id="1879" dir="0" index="0" bw="65" slack="0"/>
<pin id="1880" dir="0" index="1" bw="64" slack="0"/>
<pin id="1881" dir="1" index="2" bw="65" slack="1"/>
</pin_list>
<bind>
<opcode="add(8) " fcode="add"/>
<opset="add_ln22_5/28 "/>
</bind>
</comp>

<comp id="1884" class="1004" name="sext_ln22_10_fu_1884">
<pin_list>
<pin id="1885" dir="0" index="0" bw="64" slack="2"/>
<pin id="1886" dir="1" index="1" bw="65" slack="0"/>
</pin_list>
<bind>
<opcode="sext(35) " fcode="sext"/>
<opset="sext_ln22_10/28 "/>
</bind>
</comp>

<comp id="1888" class="1004" name="sext_ln22_11_fu_1888">
<pin_list>
<pin id="1889" dir="0" index="0" bw="64" slack="1"/>
<pin id="1890" dir="1" index="1" bw="65" slack="0"/>
</pin_list>
<bind>
<opcode="sext(35) " fcode="sext"/>
<opset="sext_ln22_11/28 "/>
</bind>
</comp>

<comp id="1892" class="1004" name="sext_ln22_12_fu_1892">
<pin_list>
<pin id="1893" dir="0" index="0" bw="64" slack="0"/>
<pin id="1894" dir="1" index="1" bw="65" slack="0"/>
</pin_list>
<bind>
<opcode="sext(35) " fcode="sext"/>
<opset="sext_ln22_12/28 "/>
</bind>
</comp>

<comp id="1896" class="1004" name="add_ln22_8_fu_1896">
<pin_list>
<pin id="1897" dir="0" index="0" bw="64" slack="0"/>
<pin id="1898" dir="0" index="1" bw="64" slack="0"/>
<pin id="1899" dir="1" index="2" bw="65" slack="0"/>
</pin_list>
<bind>
<opcode="add(8) " fcode="add"/>
<opset="add_ln22_8/28 "/>
</bind>
</comp>

<comp id="1902" class="1004" name="add_ln22_9_fu_1902">
<pin_list>
<pin id="1903" dir="0" index="0" bw="65" slack="0"/>
<pin id="1904" dir="0" index="1" bw="64" slack="0"/>
<pin id="1905" dir="1" index="2" bw="65" slack="1"/>
</pin_list>
<bind>
<opcode="add(8) " fcode="add"/>
<opset="add_ln22_9/28 "/>
</bind>
</comp>

<comp id="1908" class="1004" name="conv7_i911_i_fu_1908">
<pin_list>
<pin id="1909" dir="0" index="0" bw="32" slack="1"/>
<pin id="1910" dir="1" index="1" bw="64" slack="0"/>
</pin_list>
<bind>
<opcode="sext(35) " fcode="sext"/>
<opset="conv7_i911_i/29 "/>
</bind>
</comp>

<comp id="1915" class="1004" name="sext_ln22_3_fu_1915">
<pin_list>
<pin id="1916" dir="0" index="0" bw="65" slack="1"/>
<pin id="1917" dir="1" index="1" bw="66" slack="0"/>
</pin_list>
<bind>
<opcode="sext(35) " fcode="sext"/>
<opset="sext_ln22_3/29 "/>
</bind>
</comp>

<comp id="1918" class="1004" name="sext_ln22_4_fu_1918">
<pin_list>
<pin id="1919" dir="0" index="0" bw="64" slack="0"/>
<pin id="1920" dir="1" index="1" bw="66" slack="0"/>
</pin_list>
<bind>
<opcode="sext(35) " fcode="sext"/>
<opset="sext_ln22_4/29 "/>
</bind>
</comp>

<comp id="1922" class="1004" name="add_ln22_2_fu_1922">
<pin_list>
<pin id="1923" dir="0" index="0" bw="65" slack="0"/>
<pin id="1924" dir="0" index="1" bw="64" slack="0"/>
<pin id="1925" dir="1" index="2" bw="66" slack="0"/>
</pin_list>
<bind>
<opcode="add(8) " fcode="add"/>
<opset="add_ln22_2/29 "/>
</bind>
</comp>

<comp id="1928" class="1004" name="tmp_96_fu_1928">
<pin_list>
<pin id="1929" dir="0" index="0" bw="1" slack="0"/>
<pin id="1930" dir="0" index="1" bw="66" slack="0"/>
<pin id="1931" dir="0" index="2" bw="8" slack="0"/>
<pin id="1932" dir="1" index="3" bw="1" slack="0"/>
</pin_list>
<bind>
<opcode="bitselect(1000) " fcode="bitselect"/>
<opset="tmp_96/29 "/>
</bind>
</comp>

<comp id="1936" class="1004" name="trunc_ln22_1_fu_1936">
<pin_list>
<pin id="1937" dir="0" index="0" bw="32" slack="0"/>
<pin id="1938" dir="0" index="1" bw="66" slack="0"/>
<pin id="1939" dir="0" index="2" bw="6" slack="0"/>
<pin id="1940" dir="0" index="3" bw="7" slack="0"/>
<pin id="1941" dir="1" index="4" bw="32" slack="0"/>
</pin_list>
<bind>
<opcode="partselect(1002) " fcode="partselect"/>
<opset="trunc_ln22_1/29 "/>
</bind>
</comp>

<comp id="1946" class="1004" name="tmp_97_fu_1946">
<pin_list>
<pin id="1947" dir="0" index="0" bw="1" slack="0"/>
<pin id="1948" dir="0" index="1" bw="66" slack="0"/>
<pin id="1949" dir="0" index="2" bw="5" slack="0"/>
<pin id="1950" dir="1" index="3" bw="1" slack="0"/>
</pin_list>
<bind>
<opcode="bitselect(1000) " fcode="bitselect"/>
<opset="tmp_97/29 "/>
</bind>
</comp>

<comp id="1954" class="1004" name="tmp_98_fu_1954">
<pin_list>
<pin id="1955" dir="0" index="0" bw="1" slack="0"/>
<pin id="1956" dir="0" index="1" bw="66" slack="0"/>
<pin id="1957" dir="0" index="2" bw="7" slack="0"/>
<pin id="1958" dir="1" index="3" bw="1" slack="0"/>
</pin_list>
<bind>
<opcode="bitselect(1000) " fcode="bitselect"/>
<opset="tmp_98/29 "/>
</bind>
</comp>

<comp id="1962" class="1004" name="zext_ln22_fu_1962">
<pin_list>
<pin id="1963" dir="0" index="0" bw="1" slack="0"/>
<pin id="1964" dir="1" index="1" bw="32" slack="0"/>
</pin_list>
<bind>
<opcode="zext(34) " fcode="zext"/>
<opset="zext_ln22/29 "/>
</bind>
</comp>

<comp id="1966" class="1004" name="add_ln22_3_fu_1966">
<pin_list>
<pin id="1967" dir="0" index="0" bw="32" slack="0"/>
<pin id="1968" dir="0" index="1" bw="1" slack="0"/>
<pin id="1969" dir="1" index="2" bw="32" slack="0"/>
</pin_list>
<bind>
<opcode="add(8) " fcode="add"/>
<opset="add_ln22_3/29 "/>
</bind>
</comp>

<comp id="1972" class="1004" name="tmp_99_fu_1972">
<pin_list>
<pin id="1973" dir="0" index="0" bw="1" slack="0"/>
<pin id="1974" dir="0" index="1" bw="32" slack="0"/>
<pin id="1975" dir="0" index="2" bw="6" slack="0"/>
<pin id="1976" dir="1" index="3" bw="1" slack="0"/>
</pin_list>
<bind>
<opcode="bitselect(1000) " fcode="bitselect"/>
<opset="tmp_99/29 "/>
</bind>
</comp>

<comp id="1980" class="1004" name="xor_ln22_fu_1980">
<pin_list>
<pin id="1981" dir="0" index="0" bw="1" slack="0"/>
<pin id="1982" dir="0" index="1" bw="1" slack="0"/>
<pin id="1983" dir="1" index="2" bw="1" slack="0"/>
</pin_list>
<bind>
<opcode="xor(25) " fcode="xor"/>
<opset="xor_ln22/29 "/>
</bind>
</comp>

<comp id="1986" class="1004" name="and_ln22_fu_1986">
<pin_list>
<pin id="1987" dir="0" index="0" bw="1" slack="0"/>
<pin id="1988" dir="0" index="1" bw="1" slack="0"/>
<pin id="1989" dir="1" index="2" bw="1" slack="0"/>
</pin_list>
<bind>
<opcode="and(23) " fcode="and"/>
<opset="and_ln22/29 "/>
</bind>
</comp>

<comp id="1992" class="1004" name="tmp_100_fu_1992">
<pin_list>
<pin id="1993" dir="0" index="0" bw="1" slack="0"/>
<pin id="1994" dir="0" index="1" bw="66" slack="0"/>
<pin id="1995" dir="0" index="2" bw="7" slack="0"/>
<pin id="1996" dir="1" index="3" bw="1" slack="0"/>
</pin_list>
<bind>
<opcode="bitselect(1000) " fcode="bitselect"/>
<opset="tmp_100/29 "/>
</bind>
</comp>

<comp id="2000" class="1004" name="tmp_14_fu_2000">
<pin_list>
<pin id="2001" dir="0" index="0" bw="17" slack="0"/>
<pin id="2002" dir="0" index="1" bw="66" slack="0"/>
<pin id="2003" dir="0" index="2" bw="7" slack="0"/>
<pin id="2004" dir="0" index="3" bw="8" slack="0"/>
<pin id="2005" dir="1" index="4" bw="17" slack="0"/>
</pin_list>
<bind>
<opcode="partselect(1002) " fcode="partselect"/>
<opset="tmp_14/29 "/>
</bind>
</comp>

<comp id="2010" class="1004" name="icmp_ln22_fu_2010">
<pin_list>
<pin id="2011" dir="0" index="0" bw="17" slack="0"/>
<pin id="2012" dir="0" index="1" bw="1" slack="0"/>
<pin id="2013" dir="1" index="2" bw="1" slack="0"/>
</pin_list>
<bind>
<opcode="icmp(45) " fcode="icmp"/>
<opset="icmp_ln22/29 "/>
</bind>
</comp>

<comp id="2016" class="1004" name="tmp_15_fu_2016">
<pin_list>
<pin id="2017" dir="0" index="0" bw="18" slack="0"/>
<pin id="2018" dir="0" index="1" bw="66" slack="0"/>
<pin id="2019" dir="0" index="2" bw="7" slack="0"/>
<pin id="2020" dir="0" index="3" bw="8" slack="0"/>
<pin id="2021" dir="1" index="4" bw="18" slack="0"/>
</pin_list>
<bind>
<opcode="partselect(1002) " fcode="partselect"/>
<opset="tmp_15/29 "/>
</bind>
</comp>

<comp id="2026" class="1004" name="icmp_ln22_1_fu_2026">
<pin_list>
<pin id="2027" dir="0" index="0" bw="18" slack="0"/>
<pin id="2028" dir="0" index="1" bw="1" slack="0"/>
<pin id="2029" dir="1" index="2" bw="1" slack="0"/>
</pin_list>
<bind>
<opcode="icmp(45) " fcode="icmp"/>
<opset="icmp_ln22_1/29 "/>
</bind>
</comp>

<comp id="2032" class="1004" name="icmp_ln22_2_fu_2032">
<pin_list>
<pin id="2033" dir="0" index="0" bw="18" slack="0"/>
<pin id="2034" dir="0" index="1" bw="1" slack="0"/>
<pin id="2035" dir="1" index="2" bw="1" slack="0"/>
</pin_list>
<bind>
<opcode="icmp(45) " fcode="icmp"/>
<opset="icmp_ln22_2/29 "/>
</bind>
</comp>

<comp id="2038" class="1004" name="select_ln22_fu_2038">
<pin_list>
<pin id="2039" dir="0" index="0" bw="1" slack="0"/>
<pin id="2040" dir="0" index="1" bw="1" slack="0"/>
<pin id="2041" dir="0" index="2" bw="1" slack="0"/>
<pin id="2042" dir="1" index="3" bw="1" slack="0"/>
</pin_list>
<bind>
<opcode="select(49) " fcode="select"/>
<opset="select_ln22/29 "/>
</bind>
</comp>

<comp id="2046" class="1004" name="xor_ln22_1_fu_2046">
<pin_list>
<pin id="2047" dir="0" index="0" bw="1" slack="0"/>
<pin id="2048" dir="0" index="1" bw="1" slack="0"/>
<pin id="2049" dir="1" index="2" bw="1" slack="0"/>
</pin_list>
<bind>
<opcode="xor(25) " fcode="xor"/>
<opset="xor_ln22_1/29 "/>
</bind>
</comp>

<comp id="2052" class="1004" name="and_ln22_1_fu_2052">
<pin_list>
<pin id="2053" dir="0" index="0" bw="1" slack="0"/>
<pin id="2054" dir="0" index="1" bw="1" slack="0"/>
<pin id="2055" dir="1" index="2" bw="1" slack="0"/>
</pin_list>
<bind>
<opcode="and(23) " fcode="and"/>
<opset="and_ln22_1/29 "/>
</bind>
</comp>

<comp id="2058" class="1004" name="select_ln22_1_fu_2058">
<pin_list>
<pin id="2059" dir="0" index="0" bw="1" slack="0"/>
<pin id="2060" dir="0" index="1" bw="1" slack="0"/>
<pin id="2061" dir="0" index="2" bw="1" slack="0"/>
<pin id="2062" dir="1" index="3" bw="1" slack="0"/>
</pin_list>
<bind>
<opcode="select(49) " fcode="select"/>
<opset="select_ln22_1/29 "/>
</bind>
</comp>

<comp id="2066" class="1004" name="xor_ln22_2_fu_2066">
<pin_list>
<pin id="2067" dir="0" index="0" bw="1" slack="0"/>
<pin id="2068" dir="0" index="1" bw="1" slack="0"/>
<pin id="2069" dir="1" index="2" bw="1" slack="0"/>
</pin_list>
<bind>
<opcode="xor(25) " fcode="xor"/>
<opset="xor_ln22_2/29 "/>
</bind>
</comp>

<comp id="2072" class="1004" name="or_ln22_fu_2072">
<pin_list>
<pin id="2073" dir="0" index="0" bw="1" slack="0"/>
<pin id="2074" dir="0" index="1" bw="1" slack="0"/>
<pin id="2075" dir="1" index="2" bw="1" slack="0"/>
</pin_list>
<bind>
<opcode="or(24) " fcode="or"/>
<opset="or_ln22/29 "/>
</bind>
</comp>

<comp id="2078" class="1004" name="xor_ln22_3_fu_2078">
<pin_list>
<pin id="2079" dir="0" index="0" bw="1" slack="0"/>
<pin id="2080" dir="0" index="1" bw="1" slack="0"/>
<pin id="2081" dir="1" index="2" bw="1" slack="0"/>
</pin_list>
<bind>
<opcode="xor(25) " fcode="xor"/>
<opset="xor_ln22_3/29 "/>
</bind>
</comp>

<comp id="2084" class="1004" name="and_ln22_3_fu_2084">
<pin_list>
<pin id="2085" dir="0" index="0" bw="1" slack="0"/>
<pin id="2086" dir="0" index="1" bw="1" slack="0"/>
<pin id="2087" dir="1" index="2" bw="1" slack="1"/>
</pin_list>
<bind>
<opcode="and(23) " fcode="and"/>
<opset="and_ln22_3/29 "/>
</bind>
</comp>

<comp id="2090" class="1004" name="and_ln22_4_fu_2090">
<pin_list>
<pin id="2091" dir="0" index="0" bw="1" slack="0"/>
<pin id="2092" dir="0" index="1" bw="1" slack="0"/>
<pin id="2093" dir="1" index="2" bw="1" slack="1"/>
</pin_list>
<bind>
<opcode="and(23) " fcode="and"/>
<opset="and_ln22_4/29 "/>
</bind>
</comp>

<comp id="2096" class="1004" name="sext_ln22_8_fu_2096">
<pin_list>
<pin id="2097" dir="0" index="0" bw="65" slack="1"/>
<pin id="2098" dir="1" index="1" bw="66" slack="0"/>
</pin_list>
<bind>
<opcode="sext(35) " fcode="sext"/>
<opset="sext_ln22_8/29 "/>
</bind>
</comp>

<comp id="2099" class="1004" name="sext_ln22_9_fu_2099">
<pin_list>
<pin id="2100" dir="0" index="0" bw="64" slack="0"/>
<pin id="2101" dir="1" index="1" bw="66" slack="0"/>
</pin_list>
<bind>
<opcode="sext(35) " fcode="sext"/>
<opset="sext_ln22_9/29 "/>
</bind>
</comp>

<comp id="2103" class="1004" name="add_ln22_6_fu_2103">
<pin_list>
<pin id="2104" dir="0" index="0" bw="65" slack="0"/>
<pin id="2105" dir="0" index="1" bw="64" slack="0"/>
<pin id="2106" dir="1" index="2" bw="66" slack="0"/>
</pin_list>
<bind>
<opcode="add(8) " fcode="add"/>
<opset="add_ln22_6/29 "/>
</bind>
</comp>

<comp id="2109" class="1004" name="tmp_116_fu_2109">
<pin_list>
<pin id="2110" dir="0" index="0" bw="1" slack="0"/>
<pin id="2111" dir="0" index="1" bw="66" slack="0"/>
<pin id="2112" dir="0" index="2" bw="8" slack="0"/>
<pin id="2113" dir="1" index="3" bw="1" slack="0"/>
</pin_list>
<bind>
<opcode="bitselect(1000) " fcode="bitselect"/>
<opset="tmp_116/29 "/>
</bind>
</comp>

<comp id="2117" class="1004" name="trunc_ln22_3_fu_2117">
<pin_list>
<pin id="2118" dir="0" index="0" bw="32" slack="0"/>
<pin id="2119" dir="0" index="1" bw="66" slack="0"/>
<pin id="2120" dir="0" index="2" bw="6" slack="0"/>
<pin id="2121" dir="0" index="3" bw="7" slack="0"/>
<pin id="2122" dir="1" index="4" bw="32" slack="0"/>
</pin_list>
<bind>
<opcode="partselect(1002) " fcode="partselect"/>
<opset="trunc_ln22_3/29 "/>
</bind>
</comp>

<comp id="2127" class="1004" name="tmp_117_fu_2127">
<pin_list>
<pin id="2128" dir="0" index="0" bw="1" slack="0"/>
<pin id="2129" dir="0" index="1" bw="66" slack="0"/>
<pin id="2130" dir="0" index="2" bw="5" slack="0"/>
<pin id="2131" dir="1" index="3" bw="1" slack="0"/>
</pin_list>
<bind>
<opcode="bitselect(1000) " fcode="bitselect"/>
<opset="tmp_117/29 "/>
</bind>
</comp>

<comp id="2135" class="1004" name="tmp_118_fu_2135">
<pin_list>
<pin id="2136" dir="0" index="0" bw="1" slack="0"/>
<pin id="2137" dir="0" index="1" bw="66" slack="0"/>
<pin id="2138" dir="0" index="2" bw="7" slack="0"/>
<pin id="2139" dir="1" index="3" bw="1" slack="0"/>
</pin_list>
<bind>
<opcode="bitselect(1000) " fcode="bitselect"/>
<opset="tmp_118/29 "/>
</bind>
</comp>

<comp id="2143" class="1004" name="zext_ln22_1_fu_2143">
<pin_list>
<pin id="2144" dir="0" index="0" bw="1" slack="0"/>
<pin id="2145" dir="1" index="1" bw="32" slack="0"/>
</pin_list>
<bind>
<opcode="zext(34) " fcode="zext"/>
<opset="zext_ln22_1/29 "/>
</bind>
</comp>

<comp id="2147" class="1004" name="add_ln22_7_fu_2147">
<pin_list>
<pin id="2148" dir="0" index="0" bw="32" slack="0"/>
<pin id="2149" dir="0" index="1" bw="1" slack="0"/>
<pin id="2150" dir="1" index="2" bw="32" slack="0"/>
</pin_list>
<bind>
<opcode="add(8) " fcode="add"/>
<opset="add_ln22_7/29 "/>
</bind>
</comp>

<comp id="2153" class="1004" name="tmp_119_fu_2153">
<pin_list>
<pin id="2154" dir="0" index="0" bw="1" slack="0"/>
<pin id="2155" dir="0" index="1" bw="32" slack="0"/>
<pin id="2156" dir="0" index="2" bw="6" slack="0"/>
<pin id="2157" dir="1" index="3" bw="1" slack="0"/>
</pin_list>
<bind>
<opcode="bitselect(1000) " fcode="bitselect"/>
<opset="tmp_119/29 "/>
</bind>
</comp>

<comp id="2161" class="1004" name="xor_ln22_5_fu_2161">
<pin_list>
<pin id="2162" dir="0" index="0" bw="1" slack="0"/>
<pin id="2163" dir="0" index="1" bw="1" slack="0"/>
<pin id="2164" dir="1" index="2" bw="1" slack="0"/>
</pin_list>
<bind>
<opcode="xor(25) " fcode="xor"/>
<opset="xor_ln22_5/29 "/>
</bind>
</comp>

<comp id="2167" class="1004" name="and_ln22_6_fu_2167">
<pin_list>
<pin id="2168" dir="0" index="0" bw="1" slack="0"/>
<pin id="2169" dir="0" index="1" bw="1" slack="0"/>
<pin id="2170" dir="1" index="2" bw="1" slack="0"/>
</pin_list>
<bind>
<opcode="and(23) " fcode="and"/>
<opset="and_ln22_6/29 "/>
</bind>
</comp>

<comp id="2173" class="1004" name="tmp_120_fu_2173">
<pin_list>
<pin id="2174" dir="0" index="0" bw="1" slack="0"/>
<pin id="2175" dir="0" index="1" bw="66" slack="0"/>
<pin id="2176" dir="0" index="2" bw="7" slack="0"/>
<pin id="2177" dir="1" index="3" bw="1" slack="0"/>
</pin_list>
<bind>
<opcode="bitselect(1000) " fcode="bitselect"/>
<opset="tmp_120/29 "/>
</bind>
</comp>

<comp id="2181" class="1004" name="tmp_22_fu_2181">
<pin_list>
<pin id="2182" dir="0" index="0" bw="17" slack="0"/>
<pin id="2183" dir="0" index="1" bw="66" slack="0"/>
<pin id="2184" dir="0" index="2" bw="7" slack="0"/>
<pin id="2185" dir="0" index="3" bw="8" slack="0"/>
<pin id="2186" dir="1" index="4" bw="17" slack="0"/>
</pin_list>
<bind>
<opcode="partselect(1002) " fcode="partselect"/>
<opset="tmp_22/29 "/>
</bind>
</comp>

<comp id="2191" class="1004" name="icmp_ln22_3_fu_2191">
<pin_list>
<pin id="2192" dir="0" index="0" bw="17" slack="0"/>
<pin id="2193" dir="0" index="1" bw="1" slack="0"/>
<pin id="2194" dir="1" index="2" bw="1" slack="0"/>
</pin_list>
<bind>
<opcode="icmp(45) " fcode="icmp"/>
<opset="icmp_ln22_3/29 "/>
</bind>
</comp>

<comp id="2197" class="1004" name="tmp_23_fu_2197">
<pin_list>
<pin id="2198" dir="0" index="0" bw="18" slack="0"/>
<pin id="2199" dir="0" index="1" bw="66" slack="0"/>
<pin id="2200" dir="0" index="2" bw="7" slack="0"/>
<pin id="2201" dir="0" index="3" bw="8" slack="0"/>
<pin id="2202" dir="1" index="4" bw="18" slack="0"/>
</pin_list>
<bind>
<opcode="partselect(1002) " fcode="partselect"/>
<opset="tmp_23/29 "/>
</bind>
</comp>

<comp id="2207" class="1004" name="icmp_ln22_4_fu_2207">
<pin_list>
<pin id="2208" dir="0" index="0" bw="18" slack="0"/>
<pin id="2209" dir="0" index="1" bw="1" slack="0"/>
<pin id="2210" dir="1" index="2" bw="1" slack="0"/>
</pin_list>
<bind>
<opcode="icmp(45) " fcode="icmp"/>
<opset="icmp_ln22_4/29 "/>
</bind>
</comp>

<comp id="2213" class="1004" name="icmp_ln22_5_fu_2213">
<pin_list>
<pin id="2214" dir="0" index="0" bw="18" slack="0"/>
<pin id="2215" dir="0" index="1" bw="1" slack="0"/>
<pin id="2216" dir="1" index="2" bw="1" slack="0"/>
</pin_list>
<bind>
<opcode="icmp(45) " fcode="icmp"/>
<opset="icmp_ln22_5/29 "/>
</bind>
</comp>

<comp id="2219" class="1004" name="select_ln22_4_fu_2219">
<pin_list>
<pin id="2220" dir="0" index="0" bw="1" slack="0"/>
<pin id="2221" dir="0" index="1" bw="1" slack="0"/>
<pin id="2222" dir="0" index="2" bw="1" slack="0"/>
<pin id="2223" dir="1" index="3" bw="1" slack="0"/>
</pin_list>
<bind>
<opcode="select(49) " fcode="select"/>
<opset="select_ln22_4/29 "/>
</bind>
</comp>

<comp id="2227" class="1004" name="xor_ln22_6_fu_2227">
<pin_list>
<pin id="2228" dir="0" index="0" bw="1" slack="0"/>
<pin id="2229" dir="0" index="1" bw="1" slack="0"/>
<pin id="2230" dir="1" index="2" bw="1" slack="0"/>
</pin_list>
<bind>
<opcode="xor(25) " fcode="xor"/>
<opset="xor_ln22_6/29 "/>
</bind>
</comp>

<comp id="2233" class="1004" name="and_ln22_7_fu_2233">
<pin_list>
<pin id="2234" dir="0" index="0" bw="1" slack="0"/>
<pin id="2235" dir="0" index="1" bw="1" slack="0"/>
<pin id="2236" dir="1" index="2" bw="1" slack="0"/>
</pin_list>
<bind>
<opcode="and(23) " fcode="and"/>
<opset="and_ln22_7/29 "/>
</bind>
</comp>

<comp id="2239" class="1004" name="select_ln22_5_fu_2239">
<pin_list>
<pin id="2240" dir="0" index="0" bw="1" slack="0"/>
<pin id="2241" dir="0" index="1" bw="1" slack="0"/>
<pin id="2242" dir="0" index="2" bw="1" slack="0"/>
<pin id="2243" dir="1" index="3" bw="1" slack="0"/>
</pin_list>
<bind>
<opcode="select(49) " fcode="select"/>
<opset="select_ln22_5/29 "/>
</bind>
</comp>

<comp id="2247" class="1004" name="xor_ln22_7_fu_2247">
<pin_list>
<pin id="2248" dir="0" index="0" bw="1" slack="0"/>
<pin id="2249" dir="0" index="1" bw="1" slack="0"/>
<pin id="2250" dir="1" index="2" bw="1" slack="0"/>
</pin_list>
<bind>
<opcode="xor(25) " fcode="xor"/>
<opset="xor_ln22_7/29 "/>
</bind>
</comp>

<comp id="2253" class="1004" name="or_ln22_2_fu_2253">
<pin_list>
<pin id="2254" dir="0" index="0" bw="1" slack="0"/>
<pin id="2255" dir="0" index="1" bw="1" slack="0"/>
<pin id="2256" dir="1" index="2" bw="1" slack="0"/>
</pin_list>
<bind>
<opcode="or(24) " fcode="or"/>
<opset="or_ln22_2/29 "/>
</bind>
</comp>

<comp id="2259" class="1004" name="xor_ln22_8_fu_2259">
<pin_list>
<pin id="2260" dir="0" index="0" bw="1" slack="0"/>
<pin id="2261" dir="0" index="1" bw="1" slack="0"/>
<pin id="2262" dir="1" index="2" bw="1" slack="0"/>
</pin_list>
<bind>
<opcode="xor(25) " fcode="xor"/>
<opset="xor_ln22_8/29 "/>
</bind>
</comp>

<comp id="2265" class="1004" name="and_ln22_9_fu_2265">
<pin_list>
<pin id="2266" dir="0" index="0" bw="1" slack="0"/>
<pin id="2267" dir="0" index="1" bw="1" slack="0"/>
<pin id="2268" dir="1" index="2" bw="1" slack="1"/>
</pin_list>
<bind>
<opcode="and(23) " fcode="and"/>
<opset="and_ln22_9/29 "/>
</bind>
</comp>

<comp id="2271" class="1004" name="and_ln22_10_fu_2271">
<pin_list>
<pin id="2272" dir="0" index="0" bw="1" slack="0"/>
<pin id="2273" dir="0" index="1" bw="1" slack="0"/>
<pin id="2274" dir="1" index="2" bw="1" slack="1"/>
</pin_list>
<bind>
<opcode="and(23) " fcode="and"/>
<opset="and_ln22_10/29 "/>
</bind>
</comp>

<comp id="2277" class="1004" name="sext_ln22_13_fu_2277">
<pin_list>
<pin id="2278" dir="0" index="0" bw="65" slack="1"/>
<pin id="2279" dir="1" index="1" bw="66" slack="0"/>
</pin_list>
<bind>
<opcode="sext(35) " fcode="sext"/>
<opset="sext_ln22_13/29 "/>
</bind>
</comp>

<comp id="2280" class="1004" name="sext_ln22_14_fu_2280">
<pin_list>
<pin id="2281" dir="0" index="0" bw="64" slack="0"/>
<pin id="2282" dir="1" index="1" bw="66" slack="0"/>
</pin_list>
<bind>
<opcode="sext(35) " fcode="sext"/>
<opset="sext_ln22_14/29 "/>
</bind>
</comp>

<comp id="2284" class="1004" name="add_ln22_10_fu_2284">
<pin_list>
<pin id="2285" dir="0" index="0" bw="65" slack="0"/>
<pin id="2286" dir="0" index="1" bw="64" slack="0"/>
<pin id="2287" dir="1" index="2" bw="66" slack="0"/>
</pin_list>
<bind>
<opcode="add(8) " fcode="add"/>
<opset="add_ln22_10/29 "/>
</bind>
</comp>

<comp id="2290" class="1004" name="tmp_136_fu_2290">
<pin_list>
<pin id="2291" dir="0" index="0" bw="1" slack="0"/>
<pin id="2292" dir="0" index="1" bw="66" slack="0"/>
<pin id="2293" dir="0" index="2" bw="8" slack="0"/>
<pin id="2294" dir="1" index="3" bw="1" slack="0"/>
</pin_list>
<bind>
<opcode="bitselect(1000) " fcode="bitselect"/>
<opset="tmp_136/29 "/>
</bind>
</comp>

<comp id="2298" class="1004" name="trunc_ln22_5_fu_2298">
<pin_list>
<pin id="2299" dir="0" index="0" bw="32" slack="0"/>
<pin id="2300" dir="0" index="1" bw="66" slack="0"/>
<pin id="2301" dir="0" index="2" bw="6" slack="0"/>
<pin id="2302" dir="0" index="3" bw="7" slack="0"/>
<pin id="2303" dir="1" index="4" bw="32" slack="0"/>
</pin_list>
<bind>
<opcode="partselect(1002) " fcode="partselect"/>
<opset="trunc_ln22_5/29 "/>
</bind>
</comp>

<comp id="2308" class="1004" name="tmp_137_fu_2308">
<pin_list>
<pin id="2309" dir="0" index="0" bw="1" slack="0"/>
<pin id="2310" dir="0" index="1" bw="66" slack="0"/>
<pin id="2311" dir="0" index="2" bw="5" slack="0"/>
<pin id="2312" dir="1" index="3" bw="1" slack="0"/>
</pin_list>
<bind>
<opcode="bitselect(1000) " fcode="bitselect"/>
<opset="tmp_137/29 "/>
</bind>
</comp>

<comp id="2316" class="1004" name="tmp_138_fu_2316">
<pin_list>
<pin id="2317" dir="0" index="0" bw="1" slack="0"/>
<pin id="2318" dir="0" index="1" bw="66" slack="0"/>
<pin id="2319" dir="0" index="2" bw="7" slack="0"/>
<pin id="2320" dir="1" index="3" bw="1" slack="0"/>
</pin_list>
<bind>
<opcode="bitselect(1000) " fcode="bitselect"/>
<opset="tmp_138/29 "/>
</bind>
</comp>

<comp id="2324" class="1004" name="zext_ln22_2_fu_2324">
<pin_list>
<pin id="2325" dir="0" index="0" bw="1" slack="0"/>
<pin id="2326" dir="1" index="1" bw="32" slack="0"/>
</pin_list>
<bind>
<opcode="zext(34) " fcode="zext"/>
<opset="zext_ln22_2/29 "/>
</bind>
</comp>

<comp id="2328" class="1004" name="add_ln22_11_fu_2328">
<pin_list>
<pin id="2329" dir="0" index="0" bw="32" slack="0"/>
<pin id="2330" dir="0" index="1" bw="1" slack="0"/>
<pin id="2331" dir="1" index="2" bw="32" slack="0"/>
</pin_list>
<bind>
<opcode="add(8) " fcode="add"/>
<opset="add_ln22_11/29 "/>
</bind>
</comp>

<comp id="2334" class="1004" name="tmp_139_fu_2334">
<pin_list>
<pin id="2335" dir="0" index="0" bw="1" slack="0"/>
<pin id="2336" dir="0" index="1" bw="32" slack="0"/>
<pin id="2337" dir="0" index="2" bw="6" slack="0"/>
<pin id="2338" dir="1" index="3" bw="1" slack="0"/>
</pin_list>
<bind>
<opcode="bitselect(1000) " fcode="bitselect"/>
<opset="tmp_139/29 "/>
</bind>
</comp>

<comp id="2342" class="1004" name="xor_ln22_10_fu_2342">
<pin_list>
<pin id="2343" dir="0" index="0" bw="1" slack="0"/>
<pin id="2344" dir="0" index="1" bw="1" slack="0"/>
<pin id="2345" dir="1" index="2" bw="1" slack="0"/>
</pin_list>
<bind>
<opcode="xor(25) " fcode="xor"/>
<opset="xor_ln22_10/29 "/>
</bind>
</comp>

<comp id="2348" class="1004" name="and_ln22_12_fu_2348">
<pin_list>
<pin id="2349" dir="0" index="0" bw="1" slack="0"/>
<pin id="2350" dir="0" index="1" bw="1" slack="0"/>
<pin id="2351" dir="1" index="2" bw="1" slack="0"/>
</pin_list>
<bind>
<opcode="and(23) " fcode="and"/>
<opset="and_ln22_12/29 "/>
</bind>
</comp>

<comp id="2354" class="1004" name="tmp_140_fu_2354">
<pin_list>
<pin id="2355" dir="0" index="0" bw="1" slack="0"/>
<pin id="2356" dir="0" index="1" bw="66" slack="0"/>
<pin id="2357" dir="0" index="2" bw="7" slack="0"/>
<pin id="2358" dir="1" index="3" bw="1" slack="0"/>
</pin_list>
<bind>
<opcode="bitselect(1000) " fcode="bitselect"/>
<opset="tmp_140/29 "/>
</bind>
</comp>

<comp id="2362" class="1004" name="tmp_30_fu_2362">
<pin_list>
<pin id="2363" dir="0" index="0" bw="17" slack="0"/>
<pin id="2364" dir="0" index="1" bw="66" slack="0"/>
<pin id="2365" dir="0" index="2" bw="7" slack="0"/>
<pin id="2366" dir="0" index="3" bw="8" slack="0"/>
<pin id="2367" dir="1" index="4" bw="17" slack="0"/>
</pin_list>
<bind>
<opcode="partselect(1002) " fcode="partselect"/>
<opset="tmp_30/29 "/>
</bind>
</comp>

<comp id="2372" class="1004" name="icmp_ln22_6_fu_2372">
<pin_list>
<pin id="2373" dir="0" index="0" bw="17" slack="0"/>
<pin id="2374" dir="0" index="1" bw="1" slack="0"/>
<pin id="2375" dir="1" index="2" bw="1" slack="0"/>
</pin_list>
<bind>
<opcode="icmp(45) " fcode="icmp"/>
<opset="icmp_ln22_6/29 "/>
</bind>
</comp>

<comp id="2378" class="1004" name="tmp_31_fu_2378">
<pin_list>
<pin id="2379" dir="0" index="0" bw="18" slack="0"/>
<pin id="2380" dir="0" index="1" bw="66" slack="0"/>
<pin id="2381" dir="0" index="2" bw="7" slack="0"/>
<pin id="2382" dir="0" index="3" bw="8" slack="0"/>
<pin id="2383" dir="1" index="4" bw="18" slack="0"/>
</pin_list>
<bind>
<opcode="partselect(1002) " fcode="partselect"/>
<opset="tmp_31/29 "/>
</bind>
</comp>

<comp id="2388" class="1004" name="icmp_ln22_7_fu_2388">
<pin_list>
<pin id="2389" dir="0" index="0" bw="18" slack="0"/>
<pin id="2390" dir="0" index="1" bw="1" slack="0"/>
<pin id="2391" dir="1" index="2" bw="1" slack="0"/>
</pin_list>
<bind>
<opcode="icmp(45) " fcode="icmp"/>
<opset="icmp_ln22_7/29 "/>
</bind>
</comp>

<comp id="2394" class="1004" name="icmp_ln22_8_fu_2394">
<pin_list>
<pin id="2395" dir="0" index="0" bw="18" slack="0"/>
<pin id="2396" dir="0" index="1" bw="1" slack="0"/>
<pin id="2397" dir="1" index="2" bw="1" slack="0"/>
</pin_list>
<bind>
<opcode="icmp(45) " fcode="icmp"/>
<opset="icmp_ln22_8/29 "/>
</bind>
</comp>

<comp id="2400" class="1004" name="select_ln22_8_fu_2400">
<pin_list>
<pin id="2401" dir="0" index="0" bw="1" slack="0"/>
<pin id="2402" dir="0" index="1" bw="1" slack="0"/>
<pin id="2403" dir="0" index="2" bw="1" slack="0"/>
<pin id="2404" dir="1" index="3" bw="1" slack="0"/>
</pin_list>
<bind>
<opcode="select(49) " fcode="select"/>
<opset="select_ln22_8/29 "/>
</bind>
</comp>

<comp id="2408" class="1004" name="xor_ln22_11_fu_2408">
<pin_list>
<pin id="2409" dir="0" index="0" bw="1" slack="0"/>
<pin id="2410" dir="0" index="1" bw="1" slack="0"/>
<pin id="2411" dir="1" index="2" bw="1" slack="0"/>
</pin_list>
<bind>
<opcode="xor(25) " fcode="xor"/>
<opset="xor_ln22_11/29 "/>
</bind>
</comp>

<comp id="2414" class="1004" name="and_ln22_13_fu_2414">
<pin_list>
<pin id="2415" dir="0" index="0" bw="1" slack="0"/>
<pin id="2416" dir="0" index="1" bw="1" slack="0"/>
<pin id="2417" dir="1" index="2" bw="1" slack="0"/>
</pin_list>
<bind>
<opcode="and(23) " fcode="and"/>
<opset="and_ln22_13/29 "/>
</bind>
</comp>

<comp id="2420" class="1004" name="select_ln22_9_fu_2420">
<pin_list>
<pin id="2421" dir="0" index="0" bw="1" slack="0"/>
<pin id="2422" dir="0" index="1" bw="1" slack="0"/>
<pin id="2423" dir="0" index="2" bw="1" slack="0"/>
<pin id="2424" dir="1" index="3" bw="1" slack="0"/>
</pin_list>
<bind>
<opcode="select(49) " fcode="select"/>
<opset="select_ln22_9/29 "/>
</bind>
</comp>

<comp id="2428" class="1004" name="xor_ln22_12_fu_2428">
<pin_list>
<pin id="2429" dir="0" index="0" bw="1" slack="0"/>
<pin id="2430" dir="0" index="1" bw="1" slack="0"/>
<pin id="2431" dir="1" index="2" bw="1" slack="0"/>
</pin_list>
<bind>
<opcode="xor(25) " fcode="xor"/>
<opset="xor_ln22_12/29 "/>
</bind>
</comp>

<comp id="2434" class="1004" name="or_ln22_4_fu_2434">
<pin_list>
<pin id="2435" dir="0" index="0" bw="1" slack="0"/>
<pin id="2436" dir="0" index="1" bw="1" slack="0"/>
<pin id="2437" dir="1" index="2" bw="1" slack="0"/>
</pin_list>
<bind>
<opcode="or(24) " fcode="or"/>
<opset="or_ln22_4/29 "/>
</bind>
</comp>

<comp id="2440" class="1004" name="xor_ln22_13_fu_2440">
<pin_list>
<pin id="2441" dir="0" index="0" bw="1" slack="0"/>
<pin id="2442" dir="0" index="1" bw="1" slack="0"/>
<pin id="2443" dir="1" index="2" bw="1" slack="0"/>
</pin_list>
<bind>
<opcode="xor(25) " fcode="xor"/>
<opset="xor_ln22_13/29 "/>
</bind>
</comp>

<comp id="2446" class="1004" name="and_ln22_15_fu_2446">
<pin_list>
<pin id="2447" dir="0" index="0" bw="1" slack="0"/>
<pin id="2448" dir="0" index="1" bw="1" slack="0"/>
<pin id="2449" dir="1" index="2" bw="1" slack="1"/>
</pin_list>
<bind>
<opcode="and(23) " fcode="and"/>
<opset="and_ln22_15/29 "/>
</bind>
</comp>

<comp id="2452" class="1004" name="and_ln22_16_fu_2452">
<pin_list>
<pin id="2453" dir="0" index="0" bw="1" slack="0"/>
<pin id="2454" dir="0" index="1" bw="1" slack="0"/>
<pin id="2455" dir="1" index="2" bw="1" slack="1"/>
</pin_list>
<bind>
<opcode="and(23) " fcode="and"/>
<opset="and_ln22_16/29 "/>
</bind>
</comp>

<comp id="2458" class="1004" name="conv7_i722_i_fu_2458">
<pin_list>
<pin id="2459" dir="0" index="0" bw="32" slack="1"/>
<pin id="2460" dir="1" index="1" bw="64" slack="0"/>
</pin_list>
<bind>
<opcode="sext(35) " fcode="sext"/>
<opset="conv7_i722_i/30 "/>
</bind>
</comp>

<comp id="2465" class="1004" name="and_ln22_2_fu_2465">
<pin_list>
<pin id="2466" dir="0" index="0" bw="1" slack="1"/>
<pin id="2467" dir="0" index="1" bw="1" slack="1"/>
<pin id="2468" dir="1" index="2" bw="1" slack="0"/>
</pin_list>
<bind>
<opcode="and(23) " fcode="and"/>
<opset="and_ln22_2/30 "/>
</bind>
</comp>

<comp id="2469" class="1004" name="or_ln22_6_fu_2469">
<pin_list>
<pin id="2470" dir="0" index="0" bw="1" slack="0"/>
<pin id="2471" dir="0" index="1" bw="1" slack="1"/>
<pin id="2472" dir="1" index="2" bw="1" slack="0"/>
</pin_list>
<bind>
<opcode="or(24) " fcode="or"/>
<opset="or_ln22_6/30 "/>
</bind>
</comp>

<comp id="2474" class="1004" name="xor_ln22_4_fu_2474">
<pin_list>
<pin id="2475" dir="0" index="0" bw="1" slack="0"/>
<pin id="2476" dir="0" index="1" bw="1" slack="0"/>
<pin id="2477" dir="1" index="2" bw="1" slack="0"/>
</pin_list>
<bind>
<opcode="xor(25) " fcode="xor"/>
<opset="xor_ln22_4/30 "/>
</bind>
</comp>

<comp id="2480" class="1004" name="and_ln22_5_fu_2480">
<pin_list>
<pin id="2481" dir="0" index="0" bw="1" slack="1"/>
<pin id="2482" dir="0" index="1" bw="1" slack="0"/>
<pin id="2483" dir="1" index="2" bw="1" slack="0"/>
</pin_list>
<bind>
<opcode="and(23) " fcode="and"/>
<opset="and_ln22_5/30 "/>
</bind>
</comp>

<comp id="2485" class="1004" name="select_ln22_2_fu_2485">
<pin_list>
<pin id="2486" dir="0" index="0" bw="1" slack="1"/>
<pin id="2487" dir="0" index="1" bw="32" slack="0"/>
<pin id="2488" dir="0" index="2" bw="32" slack="0"/>
<pin id="2489" dir="1" index="3" bw="32" slack="0"/>
</pin_list>
<bind>
<opcode="select(49) " fcode="select"/>
<opset="select_ln22_2/30 "/>
</bind>
</comp>

<comp id="2492" class="1004" name="or_ln22_1_fu_2492">
<pin_list>
<pin id="2493" dir="0" index="0" bw="1" slack="1"/>
<pin id="2494" dir="0" index="1" bw="1" slack="0"/>
<pin id="2495" dir="1" index="2" bw="1" slack="0"/>
</pin_list>
<bind>
<opcode="or(24) " fcode="or"/>
<opset="or_ln22_1/30 "/>
</bind>
</comp>

<comp id="2497" class="1004" name="out_verts_y_fu_2497">
<pin_list>
<pin id="2498" dir="0" index="0" bw="1" slack="0"/>
<pin id="2499" dir="0" index="1" bw="32" slack="0"/>
<pin id="2500" dir="0" index="2" bw="32" slack="1"/>
<pin id="2501" dir="1" index="3" bw="32" slack="0"/>
</pin_list>
<bind>
<opcode="select(49) " fcode="select"/>
<opset="out_verts_y/30 "/>
</bind>
</comp>

<comp id="2505" class="1004" name="and_ln22_8_fu_2505">
<pin_list>
<pin id="2506" dir="0" index="0" bw="1" slack="1"/>
<pin id="2507" dir="0" index="1" bw="1" slack="1"/>
<pin id="2508" dir="1" index="2" bw="1" slack="0"/>
</pin_list>
<bind>
<opcode="and(23) " fcode="and"/>
<opset="and_ln22_8/30 "/>
</bind>
</comp>

<comp id="2509" class="1004" name="or_ln22_7_fu_2509">
<pin_list>
<pin id="2510" dir="0" index="0" bw="1" slack="0"/>
<pin id="2511" dir="0" index="1" bw="1" slack="1"/>
<pin id="2512" dir="1" index="2" bw="1" slack="0"/>
</pin_list>
<bind>
<opcode="or(24) " fcode="or"/>
<opset="or_ln22_7/30 "/>
</bind>
</comp>

<comp id="2514" class="1004" name="xor_ln22_9_fu_2514">
<pin_list>
<pin id="2515" dir="0" index="0" bw="1" slack="0"/>
<pin id="2516" dir="0" index="1" bw="1" slack="0"/>
<pin id="2517" dir="1" index="2" bw="1" slack="0"/>
</pin_list>
<bind>
<opcode="xor(25) " fcode="xor"/>
<opset="xor_ln22_9/30 "/>
</bind>
</comp>

<comp id="2520" class="1004" name="and_ln22_11_fu_2520">
<pin_list>
<pin id="2521" dir="0" index="0" bw="1" slack="1"/>
<pin id="2522" dir="0" index="1" bw="1" slack="0"/>
<pin id="2523" dir="1" index="2" bw="1" slack="0"/>
</pin_list>
<bind>
<opcode="and(23) " fcode="and"/>
<opset="and_ln22_11/30 "/>
</bind>
</comp>

<comp id="2525" class="1004" name="select_ln22_6_fu_2525">
<pin_list>
<pin id="2526" dir="0" index="0" bw="1" slack="1"/>
<pin id="2527" dir="0" index="1" bw="32" slack="0"/>
<pin id="2528" dir="0" index="2" bw="32" slack="0"/>
<pin id="2529" dir="1" index="3" bw="32" slack="0"/>
</pin_list>
<bind>
<opcode="select(49) " fcode="select"/>
<opset="select_ln22_6/30 "/>
</bind>
</comp>

<comp id="2532" class="1004" name="or_ln22_3_fu_2532">
<pin_list>
<pin id="2533" dir="0" index="0" bw="1" slack="1"/>
<pin id="2534" dir="0" index="1" bw="1" slack="0"/>
<pin id="2535" dir="1" index="2" bw="1" slack="0"/>
</pin_list>
<bind>
<opcode="or(24) " fcode="or"/>
<opset="or_ln22_3/30 "/>
</bind>
</comp>

<comp id="2537" class="1004" name="out_verts_y_3_fu_2537">
<pin_list>
<pin id="2538" dir="0" index="0" bw="1" slack="0"/>
<pin id="2539" dir="0" index="1" bw="32" slack="0"/>
<pin id="2540" dir="0" index="2" bw="32" slack="1"/>
<pin id="2541" dir="1" index="3" bw="32" slack="0"/>
</pin_list>
<bind>
<opcode="select(49) " fcode="select"/>
<opset="out_verts_y_3/30 "/>
</bind>
</comp>

<comp id="2545" class="1004" name="and_ln22_14_fu_2545">
<pin_list>
<pin id="2546" dir="0" index="0" bw="1" slack="1"/>
<pin id="2547" dir="0" index="1" bw="1" slack="1"/>
<pin id="2548" dir="1" index="2" bw="1" slack="0"/>
</pin_list>
<bind>
<opcode="and(23) " fcode="and"/>
<opset="and_ln22_14/30 "/>
</bind>
</comp>

<comp id="2549" class="1004" name="or_ln22_8_fu_2549">
<pin_list>
<pin id="2550" dir="0" index="0" bw="1" slack="0"/>
<pin id="2551" dir="0" index="1" bw="1" slack="1"/>
<pin id="2552" dir="1" index="2" bw="1" slack="0"/>
</pin_list>
<bind>
<opcode="or(24) " fcode="or"/>
<opset="or_ln22_8/30 "/>
</bind>
</comp>

<comp id="2554" class="1004" name="xor_ln22_14_fu_2554">
<pin_list>
<pin id="2555" dir="0" index="0" bw="1" slack="0"/>
<pin id="2556" dir="0" index="1" bw="1" slack="0"/>
<pin id="2557" dir="1" index="2" bw="1" slack="0"/>
</pin_list>
<bind>
<opcode="xor(25) " fcode="xor"/>
<opset="xor_ln22_14/30 "/>
</bind>
</comp>

<comp id="2560" class="1004" name="and_ln22_17_fu_2560">
<pin_list>
<pin id="2561" dir="0" index="0" bw="1" slack="1"/>
<pin id="2562" dir="0" index="1" bw="1" slack="0"/>
<pin id="2563" dir="1" index="2" bw="1" slack="0"/>
</pin_list>
<bind>
<opcode="and(23) " fcode="and"/>
<opset="and_ln22_17/30 "/>
</bind>
</comp>

<comp id="2565" class="1004" name="select_ln22_10_fu_2565">
<pin_list>
<pin id="2566" dir="0" index="0" bw="1" slack="1"/>
<pin id="2567" dir="0" index="1" bw="32" slack="0"/>
<pin id="2568" dir="0" index="2" bw="32" slack="0"/>
<pin id="2569" dir="1" index="3" bw="32" slack="0"/>
</pin_list>
<bind>
<opcode="select(49) " fcode="select"/>
<opset="select_ln22_10/30 "/>
</bind>
</comp>

<comp id="2572" class="1004" name="or_ln22_5_fu_2572">
<pin_list>
<pin id="2573" dir="0" index="0" bw="1" slack="1"/>
<pin id="2574" dir="0" index="1" bw="1" slack="0"/>
<pin id="2575" dir="1" index="2" bw="1" slack="0"/>
</pin_list>
<bind>
<opcode="or(24) " fcode="or"/>
<opset="or_ln22_5/30 "/>
</bind>
</comp>

<comp id="2577" class="1004" name="out_verts_y_4_fu_2577">
<pin_list>
<pin id="2578" dir="0" index="0" bw="1" slack="0"/>
<pin id="2579" dir="0" index="1" bw="32" slack="0"/>
<pin id="2580" dir="0" index="2" bw="32" slack="1"/>
<pin id="2581" dir="1" index="3" bw="32" slack="0"/>
</pin_list>
<bind>
<opcode="select(49) " fcode="select"/>
<opset="out_verts_y_4/30 "/>
</bind>
</comp>

<comp id="2585" class="1004" name="conv7_i683_i_fu_2585">
<pin_list>
<pin id="2586" dir="0" index="0" bw="32" slack="1"/>
<pin id="2587" dir="1" index="1" bw="64" slack="0"/>
</pin_list>
<bind>
<opcode="sext(35) " fcode="sext"/>
<opset="conv7_i683_i/31 "/>
</bind>
</comp>

<comp id="2592" class="1004" name="conv7_i594_i_fu_2592">
<pin_list>
<pin id="2593" dir="0" index="0" bw="32" slack="1"/>
<pin id="2594" dir="1" index="1" bw="64" slack="0"/>
</pin_list>
<bind>
<opcode="sext(35) " fcode="sext"/>
<opset="conv7_i594_i/32 "/>
</bind>
</comp>

<comp id="2599" class="1004" name="sext_ln23_fu_2599">
<pin_list>
<pin id="2600" dir="0" index="0" bw="64" slack="2"/>
<pin id="2601" dir="1" index="1" bw="65" slack="0"/>
</pin_list>
<bind>
<opcode="sext(35) " fcode="sext"/>
<opset="sext_ln23/32 "/>
</bind>
</comp>

<comp id="2603" class="1004" name="sext_ln23_1_fu_2603">
<pin_list>
<pin id="2604" dir="0" index="0" bw="64" slack="1"/>
<pin id="2605" dir="1" index="1" bw="65" slack="0"/>
</pin_list>
<bind>
<opcode="sext(35) " fcode="sext"/>
<opset="sext_ln23_1/32 "/>
</bind>
</comp>

<comp id="2607" class="1004" name="sext_ln23_2_fu_2607">
<pin_list>
<pin id="2608" dir="0" index="0" bw="64" slack="0"/>
<pin id="2609" dir="1" index="1" bw="65" slack="0"/>
</pin_list>
<bind>
<opcode="sext(35) " fcode="sext"/>
<opset="sext_ln23_2/32 "/>
</bind>
</comp>

<comp id="2611" class="1004" name="add_ln23_fu_2611">
<pin_list>
<pin id="2612" dir="0" index="0" bw="64" slack="0"/>
<pin id="2613" dir="0" index="1" bw="64" slack="0"/>
<pin id="2614" dir="1" index="2" bw="65" slack="0"/>
</pin_list>
<bind>
<opcode="add(8) " fcode="add"/>
<opset="add_ln23/32 "/>
</bind>
</comp>

<comp id="2617" class="1004" name="add_ln23_1_fu_2617">
<pin_list>
<pin id="2618" dir="0" index="0" bw="65" slack="0"/>
<pin id="2619" dir="0" index="1" bw="64" slack="0"/>
<pin id="2620" dir="1" index="2" bw="65" slack="1"/>
</pin_list>
<bind>
<opcode="add(8) " fcode="add"/>
<opset="add_ln23_1/32 "/>
</bind>
</comp>

<comp id="2623" class="1004" name="sext_ln23_5_fu_2623">
<pin_list>
<pin id="2624" dir="0" index="0" bw="64" slack="2"/>
<pin id="2625" dir="1" index="1" bw="65" slack="0"/>
</pin_list>
<bind>
<opcode="sext(35) " fcode="sext"/>
<opset="sext_ln23_5/32 "/>
</bind>
</comp>

<comp id="2627" class="1004" name="sext_ln23_6_fu_2627">
<pin_list>
<pin id="2628" dir="0" index="0" bw="64" slack="1"/>
<pin id="2629" dir="1" index="1" bw="65" slack="0"/>
</pin_list>
<bind>
<opcode="sext(35) " fcode="sext"/>
<opset="sext_ln23_6/32 "/>
</bind>
</comp>

<comp id="2631" class="1004" name="sext_ln23_7_fu_2631">
<pin_list>
<pin id="2632" dir="0" index="0" bw="64" slack="0"/>
<pin id="2633" dir="1" index="1" bw="65" slack="0"/>
</pin_list>
<bind>
<opcode="sext(35) " fcode="sext"/>
<opset="sext_ln23_7/32 "/>
</bind>
</comp>

<comp id="2635" class="1004" name="add_ln23_4_fu_2635">
<pin_list>
<pin id="2636" dir="0" index="0" bw="64" slack="0"/>
<pin id="2637" dir="0" index="1" bw="64" slack="0"/>
<pin id="2638" dir="1" index="2" bw="65" slack="0"/>
</pin_list>
<bind>
<opcode="add(8) " fcode="add"/>
<opset="add_ln23_4/32 "/>
</bind>
</comp>

<comp id="2641" class="1004" name="add_ln23_5_fu_2641">
<pin_list>
<pin id="2642" dir="0" index="0" bw="65" slack="0"/>
<pin id="2643" dir="0" index="1" bw="64" slack="0"/>
<pin id="2644" dir="1" index="2" bw="65" slack="1"/>
</pin_list>
<bind>
<opcode="add(8) " fcode="add"/>
<opset="add_ln23_5/32 "/>
</bind>
</comp>

<comp id="2647" class="1004" name="sext_ln23_10_fu_2647">
<pin_list>
<pin id="2648" dir="0" index="0" bw="64" slack="2"/>
<pin id="2649" dir="1" index="1" bw="65" slack="0"/>
</pin_list>
<bind>
<opcode="sext(35) " fcode="sext"/>
<opset="sext_ln23_10/32 "/>
</bind>
</comp>

<comp id="2651" class="1004" name="sext_ln23_11_fu_2651">
<pin_list>
<pin id="2652" dir="0" index="0" bw="64" slack="1"/>
<pin id="2653" dir="1" index="1" bw="65" slack="0"/>
</pin_list>
<bind>
<opcode="sext(35) " fcode="sext"/>
<opset="sext_ln23_11/32 "/>
</bind>
</comp>

<comp id="2655" class="1004" name="sext_ln23_12_fu_2655">
<pin_list>
<pin id="2656" dir="0" index="0" bw="64" slack="0"/>
<pin id="2657" dir="1" index="1" bw="65" slack="0"/>
</pin_list>
<bind>
<opcode="sext(35) " fcode="sext"/>
<opset="sext_ln23_12/32 "/>
</bind>
</comp>

<comp id="2659" class="1004" name="add_ln23_8_fu_2659">
<pin_list>
<pin id="2660" dir="0" index="0" bw="64" slack="0"/>
<pin id="2661" dir="0" index="1" bw="64" slack="0"/>
<pin id="2662" dir="1" index="2" bw="65" slack="0"/>
</pin_list>
<bind>
<opcode="add(8) " fcode="add"/>
<opset="add_ln23_8/32 "/>
</bind>
</comp>

<comp id="2665" class="1004" name="add_ln23_9_fu_2665">
<pin_list>
<pin id="2666" dir="0" index="0" bw="65" slack="0"/>
<pin id="2667" dir="0" index="1" bw="64" slack="0"/>
<pin id="2668" dir="1" index="2" bw="65" slack="1"/>
</pin_list>
<bind>
<opcode="add(8) " fcode="add"/>
<opset="add_ln23_9/32 "/>
</bind>
</comp>

<comp id="2671" class="1004" name="conv7_i505_i_fu_2671">
<pin_list>
<pin id="2672" dir="0" index="0" bw="32" slack="1"/>
<pin id="2673" dir="1" index="1" bw="64" slack="0"/>
</pin_list>
<bind>
<opcode="sext(35) " fcode="sext"/>
<opset="conv7_i505_i/33 "/>
</bind>
</comp>

<comp id="2678" class="1004" name="sext_ln23_3_fu_2678">
<pin_list>
<pin id="2679" dir="0" index="0" bw="65" slack="1"/>
<pin id="2680" dir="1" index="1" bw="66" slack="0"/>
</pin_list>
<bind>
<opcode="sext(35) " fcode="sext"/>
<opset="sext_ln23_3/33 "/>
</bind>
</comp>

<comp id="2681" class="1004" name="sext_ln23_4_fu_2681">
<pin_list>
<pin id="2682" dir="0" index="0" bw="64" slack="0"/>
<pin id="2683" dir="1" index="1" bw="66" slack="0"/>
</pin_list>
<bind>
<opcode="sext(35) " fcode="sext"/>
<opset="sext_ln23_4/33 "/>
</bind>
</comp>

<comp id="2685" class="1004" name="add_ln23_2_fu_2685">
<pin_list>
<pin id="2686" dir="0" index="0" bw="65" slack="0"/>
<pin id="2687" dir="0" index="1" bw="64" slack="0"/>
<pin id="2688" dir="1" index="2" bw="66" slack="0"/>
</pin_list>
<bind>
<opcode="add(8) " fcode="add"/>
<opset="add_ln23_2/33 "/>
</bind>
</comp>

<comp id="2691" class="1004" name="tmp_101_fu_2691">
<pin_list>
<pin id="2692" dir="0" index="0" bw="1" slack="0"/>
<pin id="2693" dir="0" index="1" bw="66" slack="0"/>
<pin id="2694" dir="0" index="2" bw="8" slack="0"/>
<pin id="2695" dir="1" index="3" bw="1" slack="0"/>
</pin_list>
<bind>
<opcode="bitselect(1000) " fcode="bitselect"/>
<opset="tmp_101/33 "/>
</bind>
</comp>

<comp id="2699" class="1004" name="trunc_ln23_1_fu_2699">
<pin_list>
<pin id="2700" dir="0" index="0" bw="32" slack="0"/>
<pin id="2701" dir="0" index="1" bw="66" slack="0"/>
<pin id="2702" dir="0" index="2" bw="6" slack="0"/>
<pin id="2703" dir="0" index="3" bw="7" slack="0"/>
<pin id="2704" dir="1" index="4" bw="32" slack="0"/>
</pin_list>
<bind>
<opcode="partselect(1002) " fcode="partselect"/>
<opset="trunc_ln23_1/33 "/>
</bind>
</comp>

<comp id="2709" class="1004" name="tmp_102_fu_2709">
<pin_list>
<pin id="2710" dir="0" index="0" bw="1" slack="0"/>
<pin id="2711" dir="0" index="1" bw="66" slack="0"/>
<pin id="2712" dir="0" index="2" bw="5" slack="0"/>
<pin id="2713" dir="1" index="3" bw="1" slack="0"/>
</pin_list>
<bind>
<opcode="bitselect(1000) " fcode="bitselect"/>
<opset="tmp_102/33 "/>
</bind>
</comp>

<comp id="2717" class="1004" name="tmp_103_fu_2717">
<pin_list>
<pin id="2718" dir="0" index="0" bw="1" slack="0"/>
<pin id="2719" dir="0" index="1" bw="66" slack="0"/>
<pin id="2720" dir="0" index="2" bw="7" slack="0"/>
<pin id="2721" dir="1" index="3" bw="1" slack="0"/>
</pin_list>
<bind>
<opcode="bitselect(1000) " fcode="bitselect"/>
<opset="tmp_103/33 "/>
</bind>
</comp>

<comp id="2725" class="1004" name="zext_ln23_fu_2725">
<pin_list>
<pin id="2726" dir="0" index="0" bw="1" slack="0"/>
<pin id="2727" dir="1" index="1" bw="32" slack="0"/>
</pin_list>
<bind>
<opcode="zext(34) " fcode="zext"/>
<opset="zext_ln23/33 "/>
</bind>
</comp>

<comp id="2729" class="1004" name="add_ln23_3_fu_2729">
<pin_list>
<pin id="2730" dir="0" index="0" bw="32" slack="0"/>
<pin id="2731" dir="0" index="1" bw="1" slack="0"/>
<pin id="2732" dir="1" index="2" bw="32" slack="0"/>
</pin_list>
<bind>
<opcode="add(8) " fcode="add"/>
<opset="add_ln23_3/33 "/>
</bind>
</comp>

<comp id="2735" class="1004" name="tmp_104_fu_2735">
<pin_list>
<pin id="2736" dir="0" index="0" bw="1" slack="0"/>
<pin id="2737" dir="0" index="1" bw="32" slack="0"/>
<pin id="2738" dir="0" index="2" bw="6" slack="0"/>
<pin id="2739" dir="1" index="3" bw="1" slack="0"/>
</pin_list>
<bind>
<opcode="bitselect(1000) " fcode="bitselect"/>
<opset="tmp_104/33 "/>
</bind>
</comp>

<comp id="2743" class="1004" name="xor_ln23_fu_2743">
<pin_list>
<pin id="2744" dir="0" index="0" bw="1" slack="0"/>
<pin id="2745" dir="0" index="1" bw="1" slack="0"/>
<pin id="2746" dir="1" index="2" bw="1" slack="0"/>
</pin_list>
<bind>
<opcode="xor(25) " fcode="xor"/>
<opset="xor_ln23/33 "/>
</bind>
</comp>

<comp id="2749" class="1004" name="and_ln23_fu_2749">
<pin_list>
<pin id="2750" dir="0" index="0" bw="1" slack="0"/>
<pin id="2751" dir="0" index="1" bw="1" slack="0"/>
<pin id="2752" dir="1" index="2" bw="1" slack="0"/>
</pin_list>
<bind>
<opcode="and(23) " fcode="and"/>
<opset="and_ln23/33 "/>
</bind>
</comp>

<comp id="2755" class="1004" name="tmp_105_fu_2755">
<pin_list>
<pin id="2756" dir="0" index="0" bw="1" slack="0"/>
<pin id="2757" dir="0" index="1" bw="66" slack="0"/>
<pin id="2758" dir="0" index="2" bw="7" slack="0"/>
<pin id="2759" dir="1" index="3" bw="1" slack="0"/>
</pin_list>
<bind>
<opcode="bitselect(1000) " fcode="bitselect"/>
<opset="tmp_105/33 "/>
</bind>
</comp>

<comp id="2763" class="1004" name="tmp_16_fu_2763">
<pin_list>
<pin id="2764" dir="0" index="0" bw="17" slack="0"/>
<pin id="2765" dir="0" index="1" bw="66" slack="0"/>
<pin id="2766" dir="0" index="2" bw="7" slack="0"/>
<pin id="2767" dir="0" index="3" bw="8" slack="0"/>
<pin id="2768" dir="1" index="4" bw="17" slack="0"/>
</pin_list>
<bind>
<opcode="partselect(1002) " fcode="partselect"/>
<opset="tmp_16/33 "/>
</bind>
</comp>

<comp id="2773" class="1004" name="icmp_ln23_fu_2773">
<pin_list>
<pin id="2774" dir="0" index="0" bw="17" slack="0"/>
<pin id="2775" dir="0" index="1" bw="1" slack="0"/>
<pin id="2776" dir="1" index="2" bw="1" slack="0"/>
</pin_list>
<bind>
<opcode="icmp(45) " fcode="icmp"/>
<opset="icmp_ln23/33 "/>
</bind>
</comp>

<comp id="2779" class="1004" name="tmp_17_fu_2779">
<pin_list>
<pin id="2780" dir="0" index="0" bw="18" slack="0"/>
<pin id="2781" dir="0" index="1" bw="66" slack="0"/>
<pin id="2782" dir="0" index="2" bw="7" slack="0"/>
<pin id="2783" dir="0" index="3" bw="8" slack="0"/>
<pin id="2784" dir="1" index="4" bw="18" slack="0"/>
</pin_list>
<bind>
<opcode="partselect(1002) " fcode="partselect"/>
<opset="tmp_17/33 "/>
</bind>
</comp>

<comp id="2789" class="1004" name="icmp_ln23_1_fu_2789">
<pin_list>
<pin id="2790" dir="0" index="0" bw="18" slack="0"/>
<pin id="2791" dir="0" index="1" bw="1" slack="0"/>
<pin id="2792" dir="1" index="2" bw="1" slack="0"/>
</pin_list>
<bind>
<opcode="icmp(45) " fcode="icmp"/>
<opset="icmp_ln23_1/33 "/>
</bind>
</comp>

<comp id="2795" class="1004" name="icmp_ln23_2_fu_2795">
<pin_list>
<pin id="2796" dir="0" index="0" bw="18" slack="0"/>
<pin id="2797" dir="0" index="1" bw="1" slack="0"/>
<pin id="2798" dir="1" index="2" bw="1" slack="0"/>
</pin_list>
<bind>
<opcode="icmp(45) " fcode="icmp"/>
<opset="icmp_ln23_2/33 "/>
</bind>
</comp>

<comp id="2801" class="1004" name="select_ln23_fu_2801">
<pin_list>
<pin id="2802" dir="0" index="0" bw="1" slack="0"/>
<pin id="2803" dir="0" index="1" bw="1" slack="0"/>
<pin id="2804" dir="0" index="2" bw="1" slack="0"/>
<pin id="2805" dir="1" index="3" bw="1" slack="0"/>
</pin_list>
<bind>
<opcode="select(49) " fcode="select"/>
<opset="select_ln23/33 "/>
</bind>
</comp>

<comp id="2809" class="1004" name="xor_ln23_1_fu_2809">
<pin_list>
<pin id="2810" dir="0" index="0" bw="1" slack="0"/>
<pin id="2811" dir="0" index="1" bw="1" slack="0"/>
<pin id="2812" dir="1" index="2" bw="1" slack="0"/>
</pin_list>
<bind>
<opcode="xor(25) " fcode="xor"/>
<opset="xor_ln23_1/33 "/>
</bind>
</comp>

<comp id="2815" class="1004" name="and_ln23_1_fu_2815">
<pin_list>
<pin id="2816" dir="0" index="0" bw="1" slack="0"/>
<pin id="2817" dir="0" index="1" bw="1" slack="0"/>
<pin id="2818" dir="1" index="2" bw="1" slack="0"/>
</pin_list>
<bind>
<opcode="and(23) " fcode="and"/>
<opset="and_ln23_1/33 "/>
</bind>
</comp>

<comp id="2821" class="1004" name="select_ln23_1_fu_2821">
<pin_list>
<pin id="2822" dir="0" index="0" bw="1" slack="0"/>
<pin id="2823" dir="0" index="1" bw="1" slack="0"/>
<pin id="2824" dir="0" index="2" bw="1" slack="0"/>
<pin id="2825" dir="1" index="3" bw="1" slack="0"/>
</pin_list>
<bind>
<opcode="select(49) " fcode="select"/>
<opset="select_ln23_1/33 "/>
</bind>
</comp>

<comp id="2829" class="1004" name="xor_ln23_2_fu_2829">
<pin_list>
<pin id="2830" dir="0" index="0" bw="1" slack="0"/>
<pin id="2831" dir="0" index="1" bw="1" slack="0"/>
<pin id="2832" dir="1" index="2" bw="1" slack="0"/>
</pin_list>
<bind>
<opcode="xor(25) " fcode="xor"/>
<opset="xor_ln23_2/33 "/>
</bind>
</comp>

<comp id="2835" class="1004" name="or_ln23_fu_2835">
<pin_list>
<pin id="2836" dir="0" index="0" bw="1" slack="0"/>
<pin id="2837" dir="0" index="1" bw="1" slack="0"/>
<pin id="2838" dir="1" index="2" bw="1" slack="0"/>
</pin_list>
<bind>
<opcode="or(24) " fcode="or"/>
<opset="or_ln23/33 "/>
</bind>
</comp>

<comp id="2841" class="1004" name="xor_ln23_3_fu_2841">
<pin_list>
<pin id="2842" dir="0" index="0" bw="1" slack="0"/>
<pin id="2843" dir="0" index="1" bw="1" slack="0"/>
<pin id="2844" dir="1" index="2" bw="1" slack="0"/>
</pin_list>
<bind>
<opcode="xor(25) " fcode="xor"/>
<opset="xor_ln23_3/33 "/>
</bind>
</comp>

<comp id="2847" class="1004" name="and_ln23_3_fu_2847">
<pin_list>
<pin id="2848" dir="0" index="0" bw="1" slack="0"/>
<pin id="2849" dir="0" index="1" bw="1" slack="0"/>
<pin id="2850" dir="1" index="2" bw="1" slack="1"/>
</pin_list>
<bind>
<opcode="and(23) " fcode="and"/>
<opset="and_ln23_3/33 "/>
</bind>
</comp>

<comp id="2853" class="1004" name="and_ln23_4_fu_2853">
<pin_list>
<pin id="2854" dir="0" index="0" bw="1" slack="0"/>
<pin id="2855" dir="0" index="1" bw="1" slack="0"/>
<pin id="2856" dir="1" index="2" bw="1" slack="1"/>
</pin_list>
<bind>
<opcode="and(23) " fcode="and"/>
<opset="and_ln23_4/33 "/>
</bind>
</comp>

<comp id="2859" class="1004" name="sext_ln23_8_fu_2859">
<pin_list>
<pin id="2860" dir="0" index="0" bw="65" slack="1"/>
<pin id="2861" dir="1" index="1" bw="66" slack="0"/>
</pin_list>
<bind>
<opcode="sext(35) " fcode="sext"/>
<opset="sext_ln23_8/33 "/>
</bind>
</comp>

<comp id="2862" class="1004" name="sext_ln23_9_fu_2862">
<pin_list>
<pin id="2863" dir="0" index="0" bw="64" slack="0"/>
<pin id="2864" dir="1" index="1" bw="66" slack="0"/>
</pin_list>
<bind>
<opcode="sext(35) " fcode="sext"/>
<opset="sext_ln23_9/33 "/>
</bind>
</comp>

<comp id="2866" class="1004" name="add_ln23_6_fu_2866">
<pin_list>
<pin id="2867" dir="0" index="0" bw="65" slack="0"/>
<pin id="2868" dir="0" index="1" bw="64" slack="0"/>
<pin id="2869" dir="1" index="2" bw="66" slack="0"/>
</pin_list>
<bind>
<opcode="add(8) " fcode="add"/>
<opset="add_ln23_6/33 "/>
</bind>
</comp>

<comp id="2872" class="1004" name="tmp_121_fu_2872">
<pin_list>
<pin id="2873" dir="0" index="0" bw="1" slack="0"/>
<pin id="2874" dir="0" index="1" bw="66" slack="0"/>
<pin id="2875" dir="0" index="2" bw="8" slack="0"/>
<pin id="2876" dir="1" index="3" bw="1" slack="0"/>
</pin_list>
<bind>
<opcode="bitselect(1000) " fcode="bitselect"/>
<opset="tmp_121/33 "/>
</bind>
</comp>

<comp id="2880" class="1004" name="trunc_ln23_3_fu_2880">
<pin_list>
<pin id="2881" dir="0" index="0" bw="32" slack="0"/>
<pin id="2882" dir="0" index="1" bw="66" slack="0"/>
<pin id="2883" dir="0" index="2" bw="6" slack="0"/>
<pin id="2884" dir="0" index="3" bw="7" slack="0"/>
<pin id="2885" dir="1" index="4" bw="32" slack="0"/>
</pin_list>
<bind>
<opcode="partselect(1002) " fcode="partselect"/>
<opset="trunc_ln23_3/33 "/>
</bind>
</comp>

<comp id="2890" class="1004" name="tmp_122_fu_2890">
<pin_list>
<pin id="2891" dir="0" index="0" bw="1" slack="0"/>
<pin id="2892" dir="0" index="1" bw="66" slack="0"/>
<pin id="2893" dir="0" index="2" bw="5" slack="0"/>
<pin id="2894" dir="1" index="3" bw="1" slack="0"/>
</pin_list>
<bind>
<opcode="bitselect(1000) " fcode="bitselect"/>
<opset="tmp_122/33 "/>
</bind>
</comp>

<comp id="2898" class="1004" name="tmp_123_fu_2898">
<pin_list>
<pin id="2899" dir="0" index="0" bw="1" slack="0"/>
<pin id="2900" dir="0" index="1" bw="66" slack="0"/>
<pin id="2901" dir="0" index="2" bw="7" slack="0"/>
<pin id="2902" dir="1" index="3" bw="1" slack="0"/>
</pin_list>
<bind>
<opcode="bitselect(1000) " fcode="bitselect"/>
<opset="tmp_123/33 "/>
</bind>
</comp>

<comp id="2906" class="1004" name="zext_ln23_1_fu_2906">
<pin_list>
<pin id="2907" dir="0" index="0" bw="1" slack="0"/>
<pin id="2908" dir="1" index="1" bw="32" slack="0"/>
</pin_list>
<bind>
<opcode="zext(34) " fcode="zext"/>
<opset="zext_ln23_1/33 "/>
</bind>
</comp>

<comp id="2910" class="1004" name="add_ln23_7_fu_2910">
<pin_list>
<pin id="2911" dir="0" index="0" bw="32" slack="0"/>
<pin id="2912" dir="0" index="1" bw="1" slack="0"/>
<pin id="2913" dir="1" index="2" bw="32" slack="0"/>
</pin_list>
<bind>
<opcode="add(8) " fcode="add"/>
<opset="add_ln23_7/33 "/>
</bind>
</comp>

<comp id="2916" class="1004" name="tmp_124_fu_2916">
<pin_list>
<pin id="2917" dir="0" index="0" bw="1" slack="0"/>
<pin id="2918" dir="0" index="1" bw="32" slack="0"/>
<pin id="2919" dir="0" index="2" bw="6" slack="0"/>
<pin id="2920" dir="1" index="3" bw="1" slack="0"/>
</pin_list>
<bind>
<opcode="bitselect(1000) " fcode="bitselect"/>
<opset="tmp_124/33 "/>
</bind>
</comp>

<comp id="2924" class="1004" name="xor_ln23_5_fu_2924">
<pin_list>
<pin id="2925" dir="0" index="0" bw="1" slack="0"/>
<pin id="2926" dir="0" index="1" bw="1" slack="0"/>
<pin id="2927" dir="1" index="2" bw="1" slack="0"/>
</pin_list>
<bind>
<opcode="xor(25) " fcode="xor"/>
<opset="xor_ln23_5/33 "/>
</bind>
</comp>

<comp id="2930" class="1004" name="and_ln23_6_fu_2930">
<pin_list>
<pin id="2931" dir="0" index="0" bw="1" slack="0"/>
<pin id="2932" dir="0" index="1" bw="1" slack="0"/>
<pin id="2933" dir="1" index="2" bw="1" slack="0"/>
</pin_list>
<bind>
<opcode="and(23) " fcode="and"/>
<opset="and_ln23_6/33 "/>
</bind>
</comp>

<comp id="2936" class="1004" name="tmp_125_fu_2936">
<pin_list>
<pin id="2937" dir="0" index="0" bw="1" slack="0"/>
<pin id="2938" dir="0" index="1" bw="66" slack="0"/>
<pin id="2939" dir="0" index="2" bw="7" slack="0"/>
<pin id="2940" dir="1" index="3" bw="1" slack="0"/>
</pin_list>
<bind>
<opcode="bitselect(1000) " fcode="bitselect"/>
<opset="tmp_125/33 "/>
</bind>
</comp>

<comp id="2944" class="1004" name="tmp_24_fu_2944">
<pin_list>
<pin id="2945" dir="0" index="0" bw="17" slack="0"/>
<pin id="2946" dir="0" index="1" bw="66" slack="0"/>
<pin id="2947" dir="0" index="2" bw="7" slack="0"/>
<pin id="2948" dir="0" index="3" bw="8" slack="0"/>
<pin id="2949" dir="1" index="4" bw="17" slack="0"/>
</pin_list>
<bind>
<opcode="partselect(1002) " fcode="partselect"/>
<opset="tmp_24/33 "/>
</bind>
</comp>

<comp id="2954" class="1004" name="icmp_ln23_3_fu_2954">
<pin_list>
<pin id="2955" dir="0" index="0" bw="17" slack="0"/>
<pin id="2956" dir="0" index="1" bw="1" slack="0"/>
<pin id="2957" dir="1" index="2" bw="1" slack="0"/>
</pin_list>
<bind>
<opcode="icmp(45) " fcode="icmp"/>
<opset="icmp_ln23_3/33 "/>
</bind>
</comp>

<comp id="2960" class="1004" name="tmp_25_fu_2960">
<pin_list>
<pin id="2961" dir="0" index="0" bw="18" slack="0"/>
<pin id="2962" dir="0" index="1" bw="66" slack="0"/>
<pin id="2963" dir="0" index="2" bw="7" slack="0"/>
<pin id="2964" dir="0" index="3" bw="8" slack="0"/>
<pin id="2965" dir="1" index="4" bw="18" slack="0"/>
</pin_list>
<bind>
<opcode="partselect(1002) " fcode="partselect"/>
<opset="tmp_25/33 "/>
</bind>
</comp>

<comp id="2970" class="1004" name="icmp_ln23_4_fu_2970">
<pin_list>
<pin id="2971" dir="0" index="0" bw="18" slack="0"/>
<pin id="2972" dir="0" index="1" bw="1" slack="0"/>
<pin id="2973" dir="1" index="2" bw="1" slack="0"/>
</pin_list>
<bind>
<opcode="icmp(45) " fcode="icmp"/>
<opset="icmp_ln23_4/33 "/>
</bind>
</comp>

<comp id="2976" class="1004" name="icmp_ln23_5_fu_2976">
<pin_list>
<pin id="2977" dir="0" index="0" bw="18" slack="0"/>
<pin id="2978" dir="0" index="1" bw="1" slack="0"/>
<pin id="2979" dir="1" index="2" bw="1" slack="0"/>
</pin_list>
<bind>
<opcode="icmp(45) " fcode="icmp"/>
<opset="icmp_ln23_5/33 "/>
</bind>
</comp>

<comp id="2982" class="1004" name="select_ln23_4_fu_2982">
<pin_list>
<pin id="2983" dir="0" index="0" bw="1" slack="0"/>
<pin id="2984" dir="0" index="1" bw="1" slack="0"/>
<pin id="2985" dir="0" index="2" bw="1" slack="0"/>
<pin id="2986" dir="1" index="3" bw="1" slack="0"/>
</pin_list>
<bind>
<opcode="select(49) " fcode="select"/>
<opset="select_ln23_4/33 "/>
</bind>
</comp>

<comp id="2990" class="1004" name="xor_ln23_6_fu_2990">
<pin_list>
<pin id="2991" dir="0" index="0" bw="1" slack="0"/>
<pin id="2992" dir="0" index="1" bw="1" slack="0"/>
<pin id="2993" dir="1" index="2" bw="1" slack="0"/>
</pin_list>
<bind>
<opcode="xor(25) " fcode="xor"/>
<opset="xor_ln23_6/33 "/>
</bind>
</comp>

<comp id="2996" class="1004" name="and_ln23_7_fu_2996">
<pin_list>
<pin id="2997" dir="0" index="0" bw="1" slack="0"/>
<pin id="2998" dir="0" index="1" bw="1" slack="0"/>
<pin id="2999" dir="1" index="2" bw="1" slack="0"/>
</pin_list>
<bind>
<opcode="and(23) " fcode="and"/>
<opset="and_ln23_7/33 "/>
</bind>
</comp>

<comp id="3002" class="1004" name="select_ln23_5_fu_3002">
<pin_list>
<pin id="3003" dir="0" index="0" bw="1" slack="0"/>
<pin id="3004" dir="0" index="1" bw="1" slack="0"/>
<pin id="3005" dir="0" index="2" bw="1" slack="0"/>
<pin id="3006" dir="1" index="3" bw="1" slack="0"/>
</pin_list>
<bind>
<opcode="select(49) " fcode="select"/>
<opset="select_ln23_5/33 "/>
</bind>
</comp>

<comp id="3010" class="1004" name="xor_ln23_7_fu_3010">
<pin_list>
<pin id="3011" dir="0" index="0" bw="1" slack="0"/>
<pin id="3012" dir="0" index="1" bw="1" slack="0"/>
<pin id="3013" dir="1" index="2" bw="1" slack="0"/>
</pin_list>
<bind>
<opcode="xor(25) " fcode="xor"/>
<opset="xor_ln23_7/33 "/>
</bind>
</comp>

<comp id="3016" class="1004" name="or_ln23_2_fu_3016">
<pin_list>
<pin id="3017" dir="0" index="0" bw="1" slack="0"/>
<pin id="3018" dir="0" index="1" bw="1" slack="0"/>
<pin id="3019" dir="1" index="2" bw="1" slack="0"/>
</pin_list>
<bind>
<opcode="or(24) " fcode="or"/>
<opset="or_ln23_2/33 "/>
</bind>
</comp>

<comp id="3022" class="1004" name="xor_ln23_8_fu_3022">
<pin_list>
<pin id="3023" dir="0" index="0" bw="1" slack="0"/>
<pin id="3024" dir="0" index="1" bw="1" slack="0"/>
<pin id="3025" dir="1" index="2" bw="1" slack="0"/>
</pin_list>
<bind>
<opcode="xor(25) " fcode="xor"/>
<opset="xor_ln23_8/33 "/>
</bind>
</comp>

<comp id="3028" class="1004" name="and_ln23_9_fu_3028">
<pin_list>
<pin id="3029" dir="0" index="0" bw="1" slack="0"/>
<pin id="3030" dir="0" index="1" bw="1" slack="0"/>
<pin id="3031" dir="1" index="2" bw="1" slack="1"/>
</pin_list>
<bind>
<opcode="and(23) " fcode="and"/>
<opset="and_ln23_9/33 "/>
</bind>
</comp>

<comp id="3034" class="1004" name="and_ln23_10_fu_3034">
<pin_list>
<pin id="3035" dir="0" index="0" bw="1" slack="0"/>
<pin id="3036" dir="0" index="1" bw="1" slack="0"/>
<pin id="3037" dir="1" index="2" bw="1" slack="1"/>
</pin_list>
<bind>
<opcode="and(23) " fcode="and"/>
<opset="and_ln23_10/33 "/>
</bind>
</comp>

<comp id="3040" class="1004" name="sext_ln23_13_fu_3040">
<pin_list>
<pin id="3041" dir="0" index="0" bw="65" slack="1"/>
<pin id="3042" dir="1" index="1" bw="66" slack="0"/>
</pin_list>
<bind>
<opcode="sext(35) " fcode="sext"/>
<opset="sext_ln23_13/33 "/>
</bind>
</comp>

<comp id="3043" class="1004" name="sext_ln23_14_fu_3043">
<pin_list>
<pin id="3044" dir="0" index="0" bw="64" slack="0"/>
<pin id="3045" dir="1" index="1" bw="66" slack="0"/>
</pin_list>
<bind>
<opcode="sext(35) " fcode="sext"/>
<opset="sext_ln23_14/33 "/>
</bind>
</comp>

<comp id="3047" class="1004" name="add_ln23_10_fu_3047">
<pin_list>
<pin id="3048" dir="0" index="0" bw="65" slack="0"/>
<pin id="3049" dir="0" index="1" bw="64" slack="0"/>
<pin id="3050" dir="1" index="2" bw="66" slack="0"/>
</pin_list>
<bind>
<opcode="add(8) " fcode="add"/>
<opset="add_ln23_10/33 "/>
</bind>
</comp>

<comp id="3053" class="1004" name="tmp_141_fu_3053">
<pin_list>
<pin id="3054" dir="0" index="0" bw="1" slack="0"/>
<pin id="3055" dir="0" index="1" bw="66" slack="0"/>
<pin id="3056" dir="0" index="2" bw="8" slack="0"/>
<pin id="3057" dir="1" index="3" bw="1" slack="0"/>
</pin_list>
<bind>
<opcode="bitselect(1000) " fcode="bitselect"/>
<opset="tmp_141/33 "/>
</bind>
</comp>

<comp id="3061" class="1004" name="trunc_ln23_5_fu_3061">
<pin_list>
<pin id="3062" dir="0" index="0" bw="32" slack="0"/>
<pin id="3063" dir="0" index="1" bw="66" slack="0"/>
<pin id="3064" dir="0" index="2" bw="6" slack="0"/>
<pin id="3065" dir="0" index="3" bw="7" slack="0"/>
<pin id="3066" dir="1" index="4" bw="32" slack="0"/>
</pin_list>
<bind>
<opcode="partselect(1002) " fcode="partselect"/>
<opset="trunc_ln23_5/33 "/>
</bind>
</comp>

<comp id="3071" class="1004" name="tmp_142_fu_3071">
<pin_list>
<pin id="3072" dir="0" index="0" bw="1" slack="0"/>
<pin id="3073" dir="0" index="1" bw="66" slack="0"/>
<pin id="3074" dir="0" index="2" bw="5" slack="0"/>
<pin id="3075" dir="1" index="3" bw="1" slack="0"/>
</pin_list>
<bind>
<opcode="bitselect(1000) " fcode="bitselect"/>
<opset="tmp_142/33 "/>
</bind>
</comp>

<comp id="3079" class="1004" name="tmp_143_fu_3079">
<pin_list>
<pin id="3080" dir="0" index="0" bw="1" slack="0"/>
<pin id="3081" dir="0" index="1" bw="66" slack="0"/>
<pin id="3082" dir="0" index="2" bw="7" slack="0"/>
<pin id="3083" dir="1" index="3" bw="1" slack="0"/>
</pin_list>
<bind>
<opcode="bitselect(1000) " fcode="bitselect"/>
<opset="tmp_143/33 "/>
</bind>
</comp>

<comp id="3087" class="1004" name="zext_ln23_2_fu_3087">
<pin_list>
<pin id="3088" dir="0" index="0" bw="1" slack="0"/>
<pin id="3089" dir="1" index="1" bw="32" slack="0"/>
</pin_list>
<bind>
<opcode="zext(34) " fcode="zext"/>
<opset="zext_ln23_2/33 "/>
</bind>
</comp>

<comp id="3091" class="1004" name="add_ln23_11_fu_3091">
<pin_list>
<pin id="3092" dir="0" index="0" bw="32" slack="0"/>
<pin id="3093" dir="0" index="1" bw="1" slack="0"/>
<pin id="3094" dir="1" index="2" bw="32" slack="0"/>
</pin_list>
<bind>
<opcode="add(8) " fcode="add"/>
<opset="add_ln23_11/33 "/>
</bind>
</comp>

<comp id="3097" class="1004" name="tmp_144_fu_3097">
<pin_list>
<pin id="3098" dir="0" index="0" bw="1" slack="0"/>
<pin id="3099" dir="0" index="1" bw="32" slack="0"/>
<pin id="3100" dir="0" index="2" bw="6" slack="0"/>
<pin id="3101" dir="1" index="3" bw="1" slack="0"/>
</pin_list>
<bind>
<opcode="bitselect(1000) " fcode="bitselect"/>
<opset="tmp_144/33 "/>
</bind>
</comp>

<comp id="3105" class="1004" name="xor_ln23_10_fu_3105">
<pin_list>
<pin id="3106" dir="0" index="0" bw="1" slack="0"/>
<pin id="3107" dir="0" index="1" bw="1" slack="0"/>
<pin id="3108" dir="1" index="2" bw="1" slack="0"/>
</pin_list>
<bind>
<opcode="xor(25) " fcode="xor"/>
<opset="xor_ln23_10/33 "/>
</bind>
</comp>

<comp id="3111" class="1004" name="and_ln23_12_fu_3111">
<pin_list>
<pin id="3112" dir="0" index="0" bw="1" slack="0"/>
<pin id="3113" dir="0" index="1" bw="1" slack="0"/>
<pin id="3114" dir="1" index="2" bw="1" slack="0"/>
</pin_list>
<bind>
<opcode="and(23) " fcode="and"/>
<opset="and_ln23_12/33 "/>
</bind>
</comp>

<comp id="3117" class="1004" name="tmp_145_fu_3117">
<pin_list>
<pin id="3118" dir="0" index="0" bw="1" slack="0"/>
<pin id="3119" dir="0" index="1" bw="66" slack="0"/>
<pin id="3120" dir="0" index="2" bw="7" slack="0"/>
<pin id="3121" dir="1" index="3" bw="1" slack="0"/>
</pin_list>
<bind>
<opcode="bitselect(1000) " fcode="bitselect"/>
<opset="tmp_145/33 "/>
</bind>
</comp>

<comp id="3125" class="1004" name="tmp_32_fu_3125">
<pin_list>
<pin id="3126" dir="0" index="0" bw="17" slack="0"/>
<pin id="3127" dir="0" index="1" bw="66" slack="0"/>
<pin id="3128" dir="0" index="2" bw="7" slack="0"/>
<pin id="3129" dir="0" index="3" bw="8" slack="0"/>
<pin id="3130" dir="1" index="4" bw="17" slack="0"/>
</pin_list>
<bind>
<opcode="partselect(1002) " fcode="partselect"/>
<opset="tmp_32/33 "/>
</bind>
</comp>

<comp id="3135" class="1004" name="icmp_ln23_6_fu_3135">
<pin_list>
<pin id="3136" dir="0" index="0" bw="17" slack="0"/>
<pin id="3137" dir="0" index="1" bw="1" slack="0"/>
<pin id="3138" dir="1" index="2" bw="1" slack="0"/>
</pin_list>
<bind>
<opcode="icmp(45) " fcode="icmp"/>
<opset="icmp_ln23_6/33 "/>
</bind>
</comp>

<comp id="3141" class="1004" name="tmp_33_fu_3141">
<pin_list>
<pin id="3142" dir="0" index="0" bw="18" slack="0"/>
<pin id="3143" dir="0" index="1" bw="66" slack="0"/>
<pin id="3144" dir="0" index="2" bw="7" slack="0"/>
<pin id="3145" dir="0" index="3" bw="8" slack="0"/>
<pin id="3146" dir="1" index="4" bw="18" slack="0"/>
</pin_list>
<bind>
<opcode="partselect(1002) " fcode="partselect"/>
<opset="tmp_33/33 "/>
</bind>
</comp>

<comp id="3151" class="1004" name="icmp_ln23_7_fu_3151">
<pin_list>
<pin id="3152" dir="0" index="0" bw="18" slack="0"/>
<pin id="3153" dir="0" index="1" bw="1" slack="0"/>
<pin id="3154" dir="1" index="2" bw="1" slack="0"/>
</pin_list>
<bind>
<opcode="icmp(45) " fcode="icmp"/>
<opset="icmp_ln23_7/33 "/>
</bind>
</comp>

<comp id="3157" class="1004" name="icmp_ln23_8_fu_3157">
<pin_list>
<pin id="3158" dir="0" index="0" bw="18" slack="0"/>
<pin id="3159" dir="0" index="1" bw="1" slack="0"/>
<pin id="3160" dir="1" index="2" bw="1" slack="0"/>
</pin_list>
<bind>
<opcode="icmp(45) " fcode="icmp"/>
<opset="icmp_ln23_8/33 "/>
</bind>
</comp>

<comp id="3163" class="1004" name="select_ln23_8_fu_3163">
<pin_list>
<pin id="3164" dir="0" index="0" bw="1" slack="0"/>
<pin id="3165" dir="0" index="1" bw="1" slack="0"/>
<pin id="3166" dir="0" index="2" bw="1" slack="0"/>
<pin id="3167" dir="1" index="3" bw="1" slack="0"/>
</pin_list>
<bind>
<opcode="select(49) " fcode="select"/>
<opset="select_ln23_8/33 "/>
</bind>
</comp>

<comp id="3171" class="1004" name="xor_ln23_11_fu_3171">
<pin_list>
<pin id="3172" dir="0" index="0" bw="1" slack="0"/>
<pin id="3173" dir="0" index="1" bw="1" slack="0"/>
<pin id="3174" dir="1" index="2" bw="1" slack="0"/>
</pin_list>
<bind>
<opcode="xor(25) " fcode="xor"/>
<opset="xor_ln23_11/33 "/>
</bind>
</comp>

<comp id="3177" class="1004" name="and_ln23_13_fu_3177">
<pin_list>
<pin id="3178" dir="0" index="0" bw="1" slack="0"/>
<pin id="3179" dir="0" index="1" bw="1" slack="0"/>
<pin id="3180" dir="1" index="2" bw="1" slack="0"/>
</pin_list>
<bind>
<opcode="and(23) " fcode="and"/>
<opset="and_ln23_13/33 "/>
</bind>
</comp>

<comp id="3183" class="1004" name="select_ln23_9_fu_3183">
<pin_list>
<pin id="3184" dir="0" index="0" bw="1" slack="0"/>
<pin id="3185" dir="0" index="1" bw="1" slack="0"/>
<pin id="3186" dir="0" index="2" bw="1" slack="0"/>
<pin id="3187" dir="1" index="3" bw="1" slack="0"/>
</pin_list>
<bind>
<opcode="select(49) " fcode="select"/>
<opset="select_ln23_9/33 "/>
</bind>
</comp>

<comp id="3191" class="1004" name="xor_ln23_12_fu_3191">
<pin_list>
<pin id="3192" dir="0" index="0" bw="1" slack="0"/>
<pin id="3193" dir="0" index="1" bw="1" slack="0"/>
<pin id="3194" dir="1" index="2" bw="1" slack="0"/>
</pin_list>
<bind>
<opcode="xor(25) " fcode="xor"/>
<opset="xor_ln23_12/33 "/>
</bind>
</comp>

<comp id="3197" class="1004" name="or_ln23_4_fu_3197">
<pin_list>
<pin id="3198" dir="0" index="0" bw="1" slack="0"/>
<pin id="3199" dir="0" index="1" bw="1" slack="0"/>
<pin id="3200" dir="1" index="2" bw="1" slack="0"/>
</pin_list>
<bind>
<opcode="or(24) " fcode="or"/>
<opset="or_ln23_4/33 "/>
</bind>
</comp>

<comp id="3203" class="1004" name="xor_ln23_13_fu_3203">
<pin_list>
<pin id="3204" dir="0" index="0" bw="1" slack="0"/>
<pin id="3205" dir="0" index="1" bw="1" slack="0"/>
<pin id="3206" dir="1" index="2" bw="1" slack="0"/>
</pin_list>
<bind>
<opcode="xor(25) " fcode="xor"/>
<opset="xor_ln23_13/33 "/>
</bind>
</comp>

<comp id="3209" class="1004" name="and_ln23_15_fu_3209">
<pin_list>
<pin id="3210" dir="0" index="0" bw="1" slack="0"/>
<pin id="3211" dir="0" index="1" bw="1" slack="0"/>
<pin id="3212" dir="1" index="2" bw="1" slack="1"/>
</pin_list>
<bind>
<opcode="and(23) " fcode="and"/>
<opset="and_ln23_15/33 "/>
</bind>
</comp>

<comp id="3215" class="1004" name="and_ln23_16_fu_3215">
<pin_list>
<pin id="3216" dir="0" index="0" bw="1" slack="0"/>
<pin id="3217" dir="0" index="1" bw="1" slack="0"/>
<pin id="3218" dir="1" index="2" bw="1" slack="1"/>
</pin_list>
<bind>
<opcode="and(23) " fcode="and"/>
<opset="and_ln23_16/33 "/>
</bind>
</comp>

<comp id="3221" class="1004" name="conv7_i316_i_fu_3221">
<pin_list>
<pin id="3222" dir="0" index="0" bw="32" slack="1"/>
<pin id="3223" dir="1" index="1" bw="64" slack="0"/>
</pin_list>
<bind>
<opcode="sext(35) " fcode="sext"/>
<opset="conv7_i316_i/34 "/>
</bind>
</comp>

<comp id="3228" class="1004" name="and_ln23_2_fu_3228">
<pin_list>
<pin id="3229" dir="0" index="0" bw="1" slack="1"/>
<pin id="3230" dir="0" index="1" bw="1" slack="1"/>
<pin id="3231" dir="1" index="2" bw="1" slack="0"/>
</pin_list>
<bind>
<opcode="and(23) " fcode="and"/>
<opset="and_ln23_2/34 "/>
</bind>
</comp>

<comp id="3232" class="1004" name="or_ln23_6_fu_3232">
<pin_list>
<pin id="3233" dir="0" index="0" bw="1" slack="0"/>
<pin id="3234" dir="0" index="1" bw="1" slack="1"/>
<pin id="3235" dir="1" index="2" bw="1" slack="0"/>
</pin_list>
<bind>
<opcode="or(24) " fcode="or"/>
<opset="or_ln23_6/34 "/>
</bind>
</comp>

<comp id="3237" class="1004" name="xor_ln23_4_fu_3237">
<pin_list>
<pin id="3238" dir="0" index="0" bw="1" slack="0"/>
<pin id="3239" dir="0" index="1" bw="1" slack="0"/>
<pin id="3240" dir="1" index="2" bw="1" slack="0"/>
</pin_list>
<bind>
<opcode="xor(25) " fcode="xor"/>
<opset="xor_ln23_4/34 "/>
</bind>
</comp>

<comp id="3243" class="1004" name="and_ln23_5_fu_3243">
<pin_list>
<pin id="3244" dir="0" index="0" bw="1" slack="1"/>
<pin id="3245" dir="0" index="1" bw="1" slack="0"/>
<pin id="3246" dir="1" index="2" bw="1" slack="0"/>
</pin_list>
<bind>
<opcode="and(23) " fcode="and"/>
<opset="and_ln23_5/34 "/>
</bind>
</comp>

<comp id="3248" class="1004" name="select_ln23_2_fu_3248">
<pin_list>
<pin id="3249" dir="0" index="0" bw="1" slack="1"/>
<pin id="3250" dir="0" index="1" bw="32" slack="0"/>
<pin id="3251" dir="0" index="2" bw="32" slack="0"/>
<pin id="3252" dir="1" index="3" bw="32" slack="0"/>
</pin_list>
<bind>
<opcode="select(49) " fcode="select"/>
<opset="select_ln23_2/34 "/>
</bind>
</comp>

<comp id="3255" class="1004" name="or_ln23_1_fu_3255">
<pin_list>
<pin id="3256" dir="0" index="0" bw="1" slack="1"/>
<pin id="3257" dir="0" index="1" bw="1" slack="0"/>
<pin id="3258" dir="1" index="2" bw="1" slack="0"/>
</pin_list>
<bind>
<opcode="or(24) " fcode="or"/>
<opset="or_ln23_1/34 "/>
</bind>
</comp>

<comp id="3260" class="1004" name="out_verts_z_fu_3260">
<pin_list>
<pin id="3261" dir="0" index="0" bw="1" slack="0"/>
<pin id="3262" dir="0" index="1" bw="32" slack="0"/>
<pin id="3263" dir="0" index="2" bw="32" slack="1"/>
<pin id="3264" dir="1" index="3" bw="32" slack="0"/>
</pin_list>
<bind>
<opcode="select(49) " fcode="select"/>
<opset="out_verts_z/34 "/>
</bind>
</comp>

<comp id="3268" class="1004" name="and_ln23_8_fu_3268">
<pin_list>
<pin id="3269" dir="0" index="0" bw="1" slack="1"/>
<pin id="3270" dir="0" index="1" bw="1" slack="1"/>
<pin id="3271" dir="1" index="2" bw="1" slack="0"/>
</pin_list>
<bind>
<opcode="and(23) " fcode="and"/>
<opset="and_ln23_8/34 "/>
</bind>
</comp>

<comp id="3272" class="1004" name="or_ln23_7_fu_3272">
<pin_list>
<pin id="3273" dir="0" index="0" bw="1" slack="0"/>
<pin id="3274" dir="0" index="1" bw="1" slack="1"/>
<pin id="3275" dir="1" index="2" bw="1" slack="0"/>
</pin_list>
<bind>
<opcode="or(24) " fcode="or"/>
<opset="or_ln23_7/34 "/>
</bind>
</comp>

<comp id="3277" class="1004" name="xor_ln23_9_fu_3277">
<pin_list>
<pin id="3278" dir="0" index="0" bw="1" slack="0"/>
<pin id="3279" dir="0" index="1" bw="1" slack="0"/>
<pin id="3280" dir="1" index="2" bw="1" slack="0"/>
</pin_list>
<bind>
<opcode="xor(25) " fcode="xor"/>
<opset="xor_ln23_9/34 "/>
</bind>
</comp>

<comp id="3283" class="1004" name="and_ln23_11_fu_3283">
<pin_list>
<pin id="3284" dir="0" index="0" bw="1" slack="1"/>
<pin id="3285" dir="0" index="1" bw="1" slack="0"/>
<pin id="3286" dir="1" index="2" bw="1" slack="0"/>
</pin_list>
<bind>
<opcode="and(23) " fcode="and"/>
<opset="and_ln23_11/34 "/>
</bind>
</comp>

<comp id="3288" class="1004" name="select_ln23_6_fu_3288">
<pin_list>
<pin id="3289" dir="0" index="0" bw="1" slack="1"/>
<pin id="3290" dir="0" index="1" bw="32" slack="0"/>
<pin id="3291" dir="0" index="2" bw="32" slack="0"/>
<pin id="3292" dir="1" index="3" bw="32" slack="0"/>
</pin_list>
<bind>
<opcode="select(49) " fcode="select"/>
<opset="select_ln23_6/34 "/>
</bind>
</comp>

<comp id="3295" class="1004" name="or_ln23_3_fu_3295">
<pin_list>
<pin id="3296" dir="0" index="0" bw="1" slack="1"/>
<pin id="3297" dir="0" index="1" bw="1" slack="0"/>
<pin id="3298" dir="1" index="2" bw="1" slack="0"/>
</pin_list>
<bind>
<opcode="or(24) " fcode="or"/>
<opset="or_ln23_3/34 "/>
</bind>
</comp>

<comp id="3300" class="1004" name="out_verts_z_3_fu_3300">
<pin_list>
<pin id="3301" dir="0" index="0" bw="1" slack="0"/>
<pin id="3302" dir="0" index="1" bw="32" slack="0"/>
<pin id="3303" dir="0" index="2" bw="32" slack="1"/>
<pin id="3304" dir="1" index="3" bw="32" slack="0"/>
</pin_list>
<bind>
<opcode="select(49) " fcode="select"/>
<opset="out_verts_z_3/34 "/>
</bind>
</comp>

<comp id="3308" class="1004" name="and_ln23_14_fu_3308">
<pin_list>
<pin id="3309" dir="0" index="0" bw="1" slack="1"/>
<pin id="3310" dir="0" index="1" bw="1" slack="1"/>
<pin id="3311" dir="1" index="2" bw="1" slack="0"/>
</pin_list>
<bind>
<opcode="and(23) " fcode="and"/>
<opset="and_ln23_14/34 "/>
</bind>
</comp>

<comp id="3312" class="1004" name="or_ln23_8_fu_3312">
<pin_list>
<pin id="3313" dir="0" index="0" bw="1" slack="0"/>
<pin id="3314" dir="0" index="1" bw="1" slack="1"/>
<pin id="3315" dir="1" index="2" bw="1" slack="0"/>
</pin_list>
<bind>
<opcode="or(24) " fcode="or"/>
<opset="or_ln23_8/34 "/>
</bind>
</comp>

<comp id="3317" class="1004" name="xor_ln23_14_fu_3317">
<pin_list>
<pin id="3318" dir="0" index="0" bw="1" slack="0"/>
<pin id="3319" dir="0" index="1" bw="1" slack="0"/>
<pin id="3320" dir="1" index="2" bw="1" slack="0"/>
</pin_list>
<bind>
<opcode="xor(25) " fcode="xor"/>
<opset="xor_ln23_14/34 "/>
</bind>
</comp>

<comp id="3323" class="1004" name="and_ln23_17_fu_3323">
<pin_list>
<pin id="3324" dir="0" index="0" bw="1" slack="1"/>
<pin id="3325" dir="0" index="1" bw="1" slack="0"/>
<pin id="3326" dir="1" index="2" bw="1" slack="0"/>
</pin_list>
<bind>
<opcode="and(23) " fcode="and"/>
<opset="and_ln23_17/34 "/>
</bind>
</comp>

<comp id="3328" class="1004" name="select_ln23_10_fu_3328">
<pin_list>
<pin id="3329" dir="0" index="0" bw="1" slack="1"/>
<pin id="3330" dir="0" index="1" bw="32" slack="0"/>
<pin id="3331" dir="0" index="2" bw="32" slack="0"/>
<pin id="3332" dir="1" index="3" bw="32" slack="0"/>
</pin_list>
<bind>
<opcode="select(49) " fcode="select"/>
<opset="select_ln23_10/34 "/>
</bind>
</comp>

<comp id="3335" class="1004" name="or_ln23_5_fu_3335">
<pin_list>
<pin id="3336" dir="0" index="0" bw="1" slack="1"/>
<pin id="3337" dir="0" index="1" bw="1" slack="0"/>
<pin id="3338" dir="1" index="2" bw="1" slack="0"/>
</pin_list>
<bind>
<opcode="or(24) " fcode="or"/>
<opset="or_ln23_5/34 "/>
</bind>
</comp>

<comp id="3340" class="1004" name="out_verts_z_4_fu_3340">
<pin_list>
<pin id="3341" dir="0" index="0" bw="1" slack="0"/>
<pin id="3342" dir="0" index="1" bw="32" slack="0"/>
<pin id="3343" dir="0" index="2" bw="32" slack="1"/>
<pin id="3344" dir="1" index="3" bw="32" slack="0"/>
</pin_list>
<bind>
<opcode="select(49) " fcode="select"/>
<opset="out_verts_z_4/34 "/>
</bind>
</comp>

<comp id="3348" class="1004" name="conv7_i277_i_fu_3348">
<pin_list>
<pin id="3349" dir="0" index="0" bw="32" slack="1"/>
<pin id="3350" dir="1" index="1" bw="64" slack="0"/>
</pin_list>
<bind>
<opcode="sext(35) " fcode="sext"/>
<opset="conv7_i277_i/35 "/>
</bind>
</comp>

<comp id="3355" class="1004" name="conv7_i191_i_fu_3355">
<pin_list>
<pin id="3356" dir="0" index="0" bw="32" slack="1"/>
<pin id="3357" dir="1" index="1" bw="64" slack="0"/>
</pin_list>
<bind>
<opcode="sext(35) " fcode="sext"/>
<opset="conv7_i191_i/36 "/>
</bind>
</comp>

<comp id="3362" class="1004" name="sext_ln24_fu_3362">
<pin_list>
<pin id="3363" dir="0" index="0" bw="64" slack="2"/>
<pin id="3364" dir="1" index="1" bw="65" slack="0"/>
</pin_list>
<bind>
<opcode="sext(35) " fcode="sext"/>
<opset="sext_ln24/36 "/>
</bind>
</comp>

<comp id="3366" class="1004" name="sext_ln24_1_fu_3366">
<pin_list>
<pin id="3367" dir="0" index="0" bw="64" slack="1"/>
<pin id="3368" dir="1" index="1" bw="65" slack="0"/>
</pin_list>
<bind>
<opcode="sext(35) " fcode="sext"/>
<opset="sext_ln24_1/36 "/>
</bind>
</comp>

<comp id="3370" class="1004" name="sext_ln24_2_fu_3370">
<pin_list>
<pin id="3371" dir="0" index="0" bw="64" slack="0"/>
<pin id="3372" dir="1" index="1" bw="65" slack="0"/>
</pin_list>
<bind>
<opcode="sext(35) " fcode="sext"/>
<opset="sext_ln24_2/36 "/>
</bind>
</comp>

<comp id="3374" class="1004" name="add_ln24_fu_3374">
<pin_list>
<pin id="3375" dir="0" index="0" bw="64" slack="0"/>
<pin id="3376" dir="0" index="1" bw="64" slack="0"/>
<pin id="3377" dir="1" index="2" bw="65" slack="0"/>
</pin_list>
<bind>
<opcode="add(8) " fcode="add"/>
<opset="add_ln24/36 "/>
</bind>
</comp>

<comp id="3380" class="1004" name="add_ln24_1_fu_3380">
<pin_list>
<pin id="3381" dir="0" index="0" bw="65" slack="0"/>
<pin id="3382" dir="0" index="1" bw="64" slack="0"/>
<pin id="3383" dir="1" index="2" bw="65" slack="1"/>
</pin_list>
<bind>
<opcode="add(8) " fcode="add"/>
<opset="add_ln24_1/36 "/>
</bind>
</comp>

<comp id="3386" class="1004" name="sext_ln24_5_fu_3386">
<pin_list>
<pin id="3387" dir="0" index="0" bw="64" slack="2"/>
<pin id="3388" dir="1" index="1" bw="65" slack="0"/>
</pin_list>
<bind>
<opcode="sext(35) " fcode="sext"/>
<opset="sext_ln24_5/36 "/>
</bind>
</comp>

<comp id="3390" class="1004" name="sext_ln24_6_fu_3390">
<pin_list>
<pin id="3391" dir="0" index="0" bw="64" slack="1"/>
<pin id="3392" dir="1" index="1" bw="65" slack="0"/>
</pin_list>
<bind>
<opcode="sext(35) " fcode="sext"/>
<opset="sext_ln24_6/36 "/>
</bind>
</comp>

<comp id="3394" class="1004" name="sext_ln24_7_fu_3394">
<pin_list>
<pin id="3395" dir="0" index="0" bw="64" slack="0"/>
<pin id="3396" dir="1" index="1" bw="65" slack="0"/>
</pin_list>
<bind>
<opcode="sext(35) " fcode="sext"/>
<opset="sext_ln24_7/36 "/>
</bind>
</comp>

<comp id="3398" class="1004" name="add_ln24_4_fu_3398">
<pin_list>
<pin id="3399" dir="0" index="0" bw="64" slack="0"/>
<pin id="3400" dir="0" index="1" bw="64" slack="0"/>
<pin id="3401" dir="1" index="2" bw="65" slack="0"/>
</pin_list>
<bind>
<opcode="add(8) " fcode="add"/>
<opset="add_ln24_4/36 "/>
</bind>
</comp>

<comp id="3404" class="1004" name="add_ln24_5_fu_3404">
<pin_list>
<pin id="3405" dir="0" index="0" bw="65" slack="0"/>
<pin id="3406" dir="0" index="1" bw="64" slack="0"/>
<pin id="3407" dir="1" index="2" bw="65" slack="1"/>
</pin_list>
<bind>
<opcode="add(8) " fcode="add"/>
<opset="add_ln24_5/36 "/>
</bind>
</comp>

<comp id="3410" class="1004" name="sext_ln24_10_fu_3410">
<pin_list>
<pin id="3411" dir="0" index="0" bw="64" slack="2"/>
<pin id="3412" dir="1" index="1" bw="65" slack="0"/>
</pin_list>
<bind>
<opcode="sext(35) " fcode="sext"/>
<opset="sext_ln24_10/36 "/>
</bind>
</comp>

<comp id="3414" class="1004" name="sext_ln24_11_fu_3414">
<pin_list>
<pin id="3415" dir="0" index="0" bw="64" slack="1"/>
<pin id="3416" dir="1" index="1" bw="65" slack="0"/>
</pin_list>
<bind>
<opcode="sext(35) " fcode="sext"/>
<opset="sext_ln24_11/36 "/>
</bind>
</comp>

<comp id="3418" class="1004" name="sext_ln24_12_fu_3418">
<pin_list>
<pin id="3419" dir="0" index="0" bw="64" slack="0"/>
<pin id="3420" dir="1" index="1" bw="65" slack="0"/>
</pin_list>
<bind>
<opcode="sext(35) " fcode="sext"/>
<opset="sext_ln24_12/36 "/>
</bind>
</comp>

<comp id="3422" class="1004" name="add_ln24_8_fu_3422">
<pin_list>
<pin id="3423" dir="0" index="0" bw="64" slack="0"/>
<pin id="3424" dir="0" index="1" bw="64" slack="0"/>
<pin id="3425" dir="1" index="2" bw="65" slack="0"/>
</pin_list>
<bind>
<opcode="add(8) " fcode="add"/>
<opset="add_ln24_8/36 "/>
</bind>
</comp>

<comp id="3428" class="1004" name="add_ln24_9_fu_3428">
<pin_list>
<pin id="3429" dir="0" index="0" bw="65" slack="0"/>
<pin id="3430" dir="0" index="1" bw="64" slack="0"/>
<pin id="3431" dir="1" index="2" bw="65" slack="1"/>
</pin_list>
<bind>
<opcode="add(8) " fcode="add"/>
<opset="add_ln24_9/36 "/>
</bind>
</comp>

<comp id="3434" class="1004" name="conv7_i105_i_fu_3434">
<pin_list>
<pin id="3435" dir="0" index="0" bw="32" slack="1"/>
<pin id="3436" dir="1" index="1" bw="64" slack="0"/>
</pin_list>
<bind>
<opcode="sext(35) " fcode="sext"/>
<opset="conv7_i105_i/37 "/>
</bind>
</comp>

<comp id="3441" class="1004" name="sext_ln24_3_fu_3441">
<pin_list>
<pin id="3442" dir="0" index="0" bw="65" slack="1"/>
<pin id="3443" dir="1" index="1" bw="66" slack="0"/>
</pin_list>
<bind>
<opcode="sext(35) " fcode="sext"/>
<opset="sext_ln24_3/37 "/>
</bind>
</comp>

<comp id="3444" class="1004" name="sext_ln24_4_fu_3444">
<pin_list>
<pin id="3445" dir="0" index="0" bw="64" slack="0"/>
<pin id="3446" dir="1" index="1" bw="66" slack="0"/>
</pin_list>
<bind>
<opcode="sext(35) " fcode="sext"/>
<opset="sext_ln24_4/37 "/>
</bind>
</comp>

<comp id="3448" class="1004" name="add_ln24_2_fu_3448">
<pin_list>
<pin id="3449" dir="0" index="0" bw="65" slack="0"/>
<pin id="3450" dir="0" index="1" bw="64" slack="0"/>
<pin id="3451" dir="1" index="2" bw="66" slack="0"/>
</pin_list>
<bind>
<opcode="add(8) " fcode="add"/>
<opset="add_ln24_2/37 "/>
</bind>
</comp>

<comp id="3454" class="1004" name="tmp_106_fu_3454">
<pin_list>
<pin id="3455" dir="0" index="0" bw="1" slack="0"/>
<pin id="3456" dir="0" index="1" bw="66" slack="0"/>
<pin id="3457" dir="0" index="2" bw="8" slack="0"/>
<pin id="3458" dir="1" index="3" bw="1" slack="0"/>
</pin_list>
<bind>
<opcode="bitselect(1000) " fcode="bitselect"/>
<opset="tmp_106/37 "/>
</bind>
</comp>

<comp id="3462" class="1004" name="trunc_ln24_1_fu_3462">
<pin_list>
<pin id="3463" dir="0" index="0" bw="32" slack="0"/>
<pin id="3464" dir="0" index="1" bw="66" slack="0"/>
<pin id="3465" dir="0" index="2" bw="6" slack="0"/>
<pin id="3466" dir="0" index="3" bw="7" slack="0"/>
<pin id="3467" dir="1" index="4" bw="32" slack="0"/>
</pin_list>
<bind>
<opcode="partselect(1002) " fcode="partselect"/>
<opset="trunc_ln24_1/37 "/>
</bind>
</comp>

<comp id="3472" class="1004" name="tmp_107_fu_3472">
<pin_list>
<pin id="3473" dir="0" index="0" bw="1" slack="0"/>
<pin id="3474" dir="0" index="1" bw="66" slack="0"/>
<pin id="3475" dir="0" index="2" bw="5" slack="0"/>
<pin id="3476" dir="1" index="3" bw="1" slack="0"/>
</pin_list>
<bind>
<opcode="bitselect(1000) " fcode="bitselect"/>
<opset="tmp_107/37 "/>
</bind>
</comp>

<comp id="3480" class="1004" name="tmp_108_fu_3480">
<pin_list>
<pin id="3481" dir="0" index="0" bw="1" slack="0"/>
<pin id="3482" dir="0" index="1" bw="66" slack="0"/>
<pin id="3483" dir="0" index="2" bw="7" slack="0"/>
<pin id="3484" dir="1" index="3" bw="1" slack="0"/>
</pin_list>
<bind>
<opcode="bitselect(1000) " fcode="bitselect"/>
<opset="tmp_108/37 "/>
</bind>
</comp>

<comp id="3488" class="1004" name="zext_ln24_fu_3488">
<pin_list>
<pin id="3489" dir="0" index="0" bw="1" slack="0"/>
<pin id="3490" dir="1" index="1" bw="32" slack="0"/>
</pin_list>
<bind>
<opcode="zext(34) " fcode="zext"/>
<opset="zext_ln24/37 "/>
</bind>
</comp>

<comp id="3492" class="1004" name="add_ln24_3_fu_3492">
<pin_list>
<pin id="3493" dir="0" index="0" bw="32" slack="0"/>
<pin id="3494" dir="0" index="1" bw="1" slack="0"/>
<pin id="3495" dir="1" index="2" bw="32" slack="0"/>
</pin_list>
<bind>
<opcode="add(8) " fcode="add"/>
<opset="add_ln24_3/37 "/>
</bind>
</comp>

<comp id="3498" class="1004" name="tmp_109_fu_3498">
<pin_list>
<pin id="3499" dir="0" index="0" bw="1" slack="0"/>
<pin id="3500" dir="0" index="1" bw="32" slack="0"/>
<pin id="3501" dir="0" index="2" bw="6" slack="0"/>
<pin id="3502" dir="1" index="3" bw="1" slack="0"/>
</pin_list>
<bind>
<opcode="bitselect(1000) " fcode="bitselect"/>
<opset="tmp_109/37 "/>
</bind>
</comp>

<comp id="3506" class="1004" name="xor_ln24_fu_3506">
<pin_list>
<pin id="3507" dir="0" index="0" bw="1" slack="0"/>
<pin id="3508" dir="0" index="1" bw="1" slack="0"/>
<pin id="3509" dir="1" index="2" bw="1" slack="0"/>
</pin_list>
<bind>
<opcode="xor(25) " fcode="xor"/>
<opset="xor_ln24/37 "/>
</bind>
</comp>

<comp id="3512" class="1004" name="and_ln24_fu_3512">
<pin_list>
<pin id="3513" dir="0" index="0" bw="1" slack="0"/>
<pin id="3514" dir="0" index="1" bw="1" slack="0"/>
<pin id="3515" dir="1" index="2" bw="1" slack="0"/>
</pin_list>
<bind>
<opcode="and(23) " fcode="and"/>
<opset="and_ln24/37 "/>
</bind>
</comp>

<comp id="3518" class="1004" name="tmp_110_fu_3518">
<pin_list>
<pin id="3519" dir="0" index="0" bw="1" slack="0"/>
<pin id="3520" dir="0" index="1" bw="66" slack="0"/>
<pin id="3521" dir="0" index="2" bw="7" slack="0"/>
<pin id="3522" dir="1" index="3" bw="1" slack="0"/>
</pin_list>
<bind>
<opcode="bitselect(1000) " fcode="bitselect"/>
<opset="tmp_110/37 "/>
</bind>
</comp>

<comp id="3526" class="1004" name="tmp_18_fu_3526">
<pin_list>
<pin id="3527" dir="0" index="0" bw="17" slack="0"/>
<pin id="3528" dir="0" index="1" bw="66" slack="0"/>
<pin id="3529" dir="0" index="2" bw="7" slack="0"/>
<pin id="3530" dir="0" index="3" bw="8" slack="0"/>
<pin id="3531" dir="1" index="4" bw="17" slack="0"/>
</pin_list>
<bind>
<opcode="partselect(1002) " fcode="partselect"/>
<opset="tmp_18/37 "/>
</bind>
</comp>

<comp id="3536" class="1004" name="icmp_ln24_fu_3536">
<pin_list>
<pin id="3537" dir="0" index="0" bw="17" slack="0"/>
<pin id="3538" dir="0" index="1" bw="1" slack="0"/>
<pin id="3539" dir="1" index="2" bw="1" slack="0"/>
</pin_list>
<bind>
<opcode="icmp(45) " fcode="icmp"/>
<opset="icmp_ln24/37 "/>
</bind>
</comp>

<comp id="3542" class="1004" name="tmp_19_fu_3542">
<pin_list>
<pin id="3543" dir="0" index="0" bw="18" slack="0"/>
<pin id="3544" dir="0" index="1" bw="66" slack="0"/>
<pin id="3545" dir="0" index="2" bw="7" slack="0"/>
<pin id="3546" dir="0" index="3" bw="8" slack="0"/>
<pin id="3547" dir="1" index="4" bw="18" slack="0"/>
</pin_list>
<bind>
<opcode="partselect(1002) " fcode="partselect"/>
<opset="tmp_19/37 "/>
</bind>
</comp>

<comp id="3552" class="1004" name="icmp_ln24_1_fu_3552">
<pin_list>
<pin id="3553" dir="0" index="0" bw="18" slack="0"/>
<pin id="3554" dir="0" index="1" bw="1" slack="0"/>
<pin id="3555" dir="1" index="2" bw="1" slack="0"/>
</pin_list>
<bind>
<opcode="icmp(45) " fcode="icmp"/>
<opset="icmp_ln24_1/37 "/>
</bind>
</comp>

<comp id="3558" class="1004" name="icmp_ln24_2_fu_3558">
<pin_list>
<pin id="3559" dir="0" index="0" bw="18" slack="0"/>
<pin id="3560" dir="0" index="1" bw="1" slack="0"/>
<pin id="3561" dir="1" index="2" bw="1" slack="0"/>
</pin_list>
<bind>
<opcode="icmp(45) " fcode="icmp"/>
<opset="icmp_ln24_2/37 "/>
</bind>
</comp>

<comp id="3564" class="1004" name="select_ln24_fu_3564">
<pin_list>
<pin id="3565" dir="0" index="0" bw="1" slack="0"/>
<pin id="3566" dir="0" index="1" bw="1" slack="0"/>
<pin id="3567" dir="0" index="2" bw="1" slack="0"/>
<pin id="3568" dir="1" index="3" bw="1" slack="0"/>
</pin_list>
<bind>
<opcode="select(49) " fcode="select"/>
<opset="select_ln24/37 "/>
</bind>
</comp>

<comp id="3572" class="1004" name="xor_ln24_1_fu_3572">
<pin_list>
<pin id="3573" dir="0" index="0" bw="1" slack="0"/>
<pin id="3574" dir="0" index="1" bw="1" slack="0"/>
<pin id="3575" dir="1" index="2" bw="1" slack="0"/>
</pin_list>
<bind>
<opcode="xor(25) " fcode="xor"/>
<opset="xor_ln24_1/37 "/>
</bind>
</comp>

<comp id="3578" class="1004" name="and_ln24_1_fu_3578">
<pin_list>
<pin id="3579" dir="0" index="0" bw="1" slack="0"/>
<pin id="3580" dir="0" index="1" bw="1" slack="0"/>
<pin id="3581" dir="1" index="2" bw="1" slack="0"/>
</pin_list>
<bind>
<opcode="and(23) " fcode="and"/>
<opset="and_ln24_1/37 "/>
</bind>
</comp>

<comp id="3584" class="1004" name="select_ln24_1_fu_3584">
<pin_list>
<pin id="3585" dir="0" index="0" bw="1" slack="0"/>
<pin id="3586" dir="0" index="1" bw="1" slack="0"/>
<pin id="3587" dir="0" index="2" bw="1" slack="0"/>
<pin id="3588" dir="1" index="3" bw="1" slack="0"/>
</pin_list>
<bind>
<opcode="select(49) " fcode="select"/>
<opset="select_ln24_1/37 "/>
</bind>
</comp>

<comp id="3592" class="1004" name="xor_ln24_2_fu_3592">
<pin_list>
<pin id="3593" dir="0" index="0" bw="1" slack="0"/>
<pin id="3594" dir="0" index="1" bw="1" slack="0"/>
<pin id="3595" dir="1" index="2" bw="1" slack="0"/>
</pin_list>
<bind>
<opcode="xor(25) " fcode="xor"/>
<opset="xor_ln24_2/37 "/>
</bind>
</comp>

<comp id="3598" class="1004" name="or_ln24_fu_3598">
<pin_list>
<pin id="3599" dir="0" index="0" bw="1" slack="0"/>
<pin id="3600" dir="0" index="1" bw="1" slack="0"/>
<pin id="3601" dir="1" index="2" bw="1" slack="0"/>
</pin_list>
<bind>
<opcode="or(24) " fcode="or"/>
<opset="or_ln24/37 "/>
</bind>
</comp>

<comp id="3604" class="1004" name="xor_ln24_3_fu_3604">
<pin_list>
<pin id="3605" dir="0" index="0" bw="1" slack="0"/>
<pin id="3606" dir="0" index="1" bw="1" slack="0"/>
<pin id="3607" dir="1" index="2" bw="1" slack="0"/>
</pin_list>
<bind>
<opcode="xor(25) " fcode="xor"/>
<opset="xor_ln24_3/37 "/>
</bind>
</comp>

<comp id="3610" class="1004" name="and_ln24_3_fu_3610">
<pin_list>
<pin id="3611" dir="0" index="0" bw="1" slack="0"/>
<pin id="3612" dir="0" index="1" bw="1" slack="0"/>
<pin id="3613" dir="1" index="2" bw="1" slack="1"/>
</pin_list>
<bind>
<opcode="and(23) " fcode="and"/>
<opset="and_ln24_3/37 "/>
</bind>
</comp>

<comp id="3616" class="1004" name="and_ln24_4_fu_3616">
<pin_list>
<pin id="3617" dir="0" index="0" bw="1" slack="0"/>
<pin id="3618" dir="0" index="1" bw="1" slack="0"/>
<pin id="3619" dir="1" index="2" bw="1" slack="1"/>
</pin_list>
<bind>
<opcode="and(23) " fcode="and"/>
<opset="and_ln24_4/37 "/>
</bind>
</comp>

<comp id="3622" class="1004" name="sext_ln24_8_fu_3622">
<pin_list>
<pin id="3623" dir="0" index="0" bw="65" slack="1"/>
<pin id="3624" dir="1" index="1" bw="66" slack="0"/>
</pin_list>
<bind>
<opcode="sext(35) " fcode="sext"/>
<opset="sext_ln24_8/37 "/>
</bind>
</comp>

<comp id="3625" class="1004" name="sext_ln24_9_fu_3625">
<pin_list>
<pin id="3626" dir="0" index="0" bw="64" slack="0"/>
<pin id="3627" dir="1" index="1" bw="66" slack="0"/>
</pin_list>
<bind>
<opcode="sext(35) " fcode="sext"/>
<opset="sext_ln24_9/37 "/>
</bind>
</comp>

<comp id="3629" class="1004" name="add_ln24_6_fu_3629">
<pin_list>
<pin id="3630" dir="0" index="0" bw="65" slack="0"/>
<pin id="3631" dir="0" index="1" bw="64" slack="0"/>
<pin id="3632" dir="1" index="2" bw="66" slack="0"/>
</pin_list>
<bind>
<opcode="add(8) " fcode="add"/>
<opset="add_ln24_6/37 "/>
</bind>
</comp>

<comp id="3635" class="1004" name="tmp_126_fu_3635">
<pin_list>
<pin id="3636" dir="0" index="0" bw="1" slack="0"/>
<pin id="3637" dir="0" index="1" bw="66" slack="0"/>
<pin id="3638" dir="0" index="2" bw="8" slack="0"/>
<pin id="3639" dir="1" index="3" bw="1" slack="0"/>
</pin_list>
<bind>
<opcode="bitselect(1000) " fcode="bitselect"/>
<opset="tmp_126/37 "/>
</bind>
</comp>

<comp id="3643" class="1004" name="trunc_ln24_3_fu_3643">
<pin_list>
<pin id="3644" dir="0" index="0" bw="32" slack="0"/>
<pin id="3645" dir="0" index="1" bw="66" slack="0"/>
<pin id="3646" dir="0" index="2" bw="6" slack="0"/>
<pin id="3647" dir="0" index="3" bw="7" slack="0"/>
<pin id="3648" dir="1" index="4" bw="32" slack="0"/>
</pin_list>
<bind>
<opcode="partselect(1002) " fcode="partselect"/>
<opset="trunc_ln24_3/37 "/>
</bind>
</comp>

<comp id="3653" class="1004" name="tmp_127_fu_3653">
<pin_list>
<pin id="3654" dir="0" index="0" bw="1" slack="0"/>
<pin id="3655" dir="0" index="1" bw="66" slack="0"/>
<pin id="3656" dir="0" index="2" bw="5" slack="0"/>
<pin id="3657" dir="1" index="3" bw="1" slack="0"/>
</pin_list>
<bind>
<opcode="bitselect(1000) " fcode="bitselect"/>
<opset="tmp_127/37 "/>
</bind>
</comp>

<comp id="3661" class="1004" name="tmp_128_fu_3661">
<pin_list>
<pin id="3662" dir="0" index="0" bw="1" slack="0"/>
<pin id="3663" dir="0" index="1" bw="66" slack="0"/>
<pin id="3664" dir="0" index="2" bw="7" slack="0"/>
<pin id="3665" dir="1" index="3" bw="1" slack="0"/>
</pin_list>
<bind>
<opcode="bitselect(1000) " fcode="bitselect"/>
<opset="tmp_128/37 "/>
</bind>
</comp>

<comp id="3669" class="1004" name="zext_ln24_1_fu_3669">
<pin_list>
<pin id="3670" dir="0" index="0" bw="1" slack="0"/>
<pin id="3671" dir="1" index="1" bw="32" slack="0"/>
</pin_list>
<bind>
<opcode="zext(34) " fcode="zext"/>
<opset="zext_ln24_1/37 "/>
</bind>
</comp>

<comp id="3673" class="1004" name="add_ln24_7_fu_3673">
<pin_list>
<pin id="3674" dir="0" index="0" bw="32" slack="0"/>
<pin id="3675" dir="0" index="1" bw="1" slack="0"/>
<pin id="3676" dir="1" index="2" bw="32" slack="0"/>
</pin_list>
<bind>
<opcode="add(8) " fcode="add"/>
<opset="add_ln24_7/37 "/>
</bind>
</comp>

<comp id="3679" class="1004" name="tmp_129_fu_3679">
<pin_list>
<pin id="3680" dir="0" index="0" bw="1" slack="0"/>
<pin id="3681" dir="0" index="1" bw="32" slack="0"/>
<pin id="3682" dir="0" index="2" bw="6" slack="0"/>
<pin id="3683" dir="1" index="3" bw="1" slack="0"/>
</pin_list>
<bind>
<opcode="bitselect(1000) " fcode="bitselect"/>
<opset="tmp_129/37 "/>
</bind>
</comp>

<comp id="3687" class="1004" name="xor_ln24_5_fu_3687">
<pin_list>
<pin id="3688" dir="0" index="0" bw="1" slack="0"/>
<pin id="3689" dir="0" index="1" bw="1" slack="0"/>
<pin id="3690" dir="1" index="2" bw="1" slack="0"/>
</pin_list>
<bind>
<opcode="xor(25) " fcode="xor"/>
<opset="xor_ln24_5/37 "/>
</bind>
</comp>

<comp id="3693" class="1004" name="and_ln24_6_fu_3693">
<pin_list>
<pin id="3694" dir="0" index="0" bw="1" slack="0"/>
<pin id="3695" dir="0" index="1" bw="1" slack="0"/>
<pin id="3696" dir="1" index="2" bw="1" slack="0"/>
</pin_list>
<bind>
<opcode="and(23) " fcode="and"/>
<opset="and_ln24_6/37 "/>
</bind>
</comp>

<comp id="3699" class="1004" name="tmp_130_fu_3699">
<pin_list>
<pin id="3700" dir="0" index="0" bw="1" slack="0"/>
<pin id="3701" dir="0" index="1" bw="66" slack="0"/>
<pin id="3702" dir="0" index="2" bw="7" slack="0"/>
<pin id="3703" dir="1" index="3" bw="1" slack="0"/>
</pin_list>
<bind>
<opcode="bitselect(1000) " fcode="bitselect"/>
<opset="tmp_130/37 "/>
</bind>
</comp>

<comp id="3707" class="1004" name="tmp_26_fu_3707">
<pin_list>
<pin id="3708" dir="0" index="0" bw="17" slack="0"/>
<pin id="3709" dir="0" index="1" bw="66" slack="0"/>
<pin id="3710" dir="0" index="2" bw="7" slack="0"/>
<pin id="3711" dir="0" index="3" bw="8" slack="0"/>
<pin id="3712" dir="1" index="4" bw="17" slack="0"/>
</pin_list>
<bind>
<opcode="partselect(1002) " fcode="partselect"/>
<opset="tmp_26/37 "/>
</bind>
</comp>

<comp id="3717" class="1004" name="icmp_ln24_3_fu_3717">
<pin_list>
<pin id="3718" dir="0" index="0" bw="17" slack="0"/>
<pin id="3719" dir="0" index="1" bw="1" slack="0"/>
<pin id="3720" dir="1" index="2" bw="1" slack="0"/>
</pin_list>
<bind>
<opcode="icmp(45) " fcode="icmp"/>
<opset="icmp_ln24_3/37 "/>
</bind>
</comp>

<comp id="3723" class="1004" name="tmp_27_fu_3723">
<pin_list>
<pin id="3724" dir="0" index="0" bw="18" slack="0"/>
<pin id="3725" dir="0" index="1" bw="66" slack="0"/>
<pin id="3726" dir="0" index="2" bw="7" slack="0"/>
<pin id="3727" dir="0" index="3" bw="8" slack="0"/>
<pin id="3728" dir="1" index="4" bw="18" slack="0"/>
</pin_list>
<bind>
<opcode="partselect(1002) " fcode="partselect"/>
<opset="tmp_27/37 "/>
</bind>
</comp>

<comp id="3733" class="1004" name="icmp_ln24_4_fu_3733">
<pin_list>
<pin id="3734" dir="0" index="0" bw="18" slack="0"/>
<pin id="3735" dir="0" index="1" bw="1" slack="0"/>
<pin id="3736" dir="1" index="2" bw="1" slack="0"/>
</pin_list>
<bind>
<opcode="icmp(45) " fcode="icmp"/>
<opset="icmp_ln24_4/37 "/>
</bind>
</comp>

<comp id="3739" class="1004" name="icmp_ln24_5_fu_3739">
<pin_list>
<pin id="3740" dir="0" index="0" bw="18" slack="0"/>
<pin id="3741" dir="0" index="1" bw="1" slack="0"/>
<pin id="3742" dir="1" index="2" bw="1" slack="0"/>
</pin_list>
<bind>
<opcode="icmp(45) " fcode="icmp"/>
<opset="icmp_ln24_5/37 "/>
</bind>
</comp>

<comp id="3745" class="1004" name="select_ln24_4_fu_3745">
<pin_list>
<pin id="3746" dir="0" index="0" bw="1" slack="0"/>
<pin id="3747" dir="0" index="1" bw="1" slack="0"/>
<pin id="3748" dir="0" index="2" bw="1" slack="0"/>
<pin id="3749" dir="1" index="3" bw="1" slack="0"/>
</pin_list>
<bind>
<opcode="select(49) " fcode="select"/>
<opset="select_ln24_4/37 "/>
</bind>
</comp>

<comp id="3753" class="1004" name="xor_ln24_6_fu_3753">
<pin_list>
<pin id="3754" dir="0" index="0" bw="1" slack="0"/>
<pin id="3755" dir="0" index="1" bw="1" slack="0"/>
<pin id="3756" dir="1" index="2" bw="1" slack="0"/>
</pin_list>
<bind>
<opcode="xor(25) " fcode="xor"/>
<opset="xor_ln24_6/37 "/>
</bind>
</comp>

<comp id="3759" class="1004" name="and_ln24_7_fu_3759">
<pin_list>
<pin id="3760" dir="0" index="0" bw="1" slack="0"/>
<pin id="3761" dir="0" index="1" bw="1" slack="0"/>
<pin id="3762" dir="1" index="2" bw="1" slack="0"/>
</pin_list>
<bind>
<opcode="and(23) " fcode="and"/>
<opset="and_ln24_7/37 "/>
</bind>
</comp>

<comp id="3765" class="1004" name="select_ln24_5_fu_3765">
<pin_list>
<pin id="3766" dir="0" index="0" bw="1" slack="0"/>
<pin id="3767" dir="0" index="1" bw="1" slack="0"/>
<pin id="3768" dir="0" index="2" bw="1" slack="0"/>
<pin id="3769" dir="1" index="3" bw="1" slack="0"/>
</pin_list>
<bind>
<opcode="select(49) " fcode="select"/>
<opset="select_ln24_5/37 "/>
</bind>
</comp>

<comp id="3773" class="1004" name="xor_ln24_7_fu_3773">
<pin_list>
<pin id="3774" dir="0" index="0" bw="1" slack="0"/>
<pin id="3775" dir="0" index="1" bw="1" slack="0"/>
<pin id="3776" dir="1" index="2" bw="1" slack="0"/>
</pin_list>
<bind>
<opcode="xor(25) " fcode="xor"/>
<opset="xor_ln24_7/37 "/>
</bind>
</comp>

<comp id="3779" class="1004" name="or_ln24_2_fu_3779">
<pin_list>
<pin id="3780" dir="0" index="0" bw="1" slack="0"/>
<pin id="3781" dir="0" index="1" bw="1" slack="0"/>
<pin id="3782" dir="1" index="2" bw="1" slack="0"/>
</pin_list>
<bind>
<opcode="or(24) " fcode="or"/>
<opset="or_ln24_2/37 "/>
</bind>
</comp>

<comp id="3785" class="1004" name="xor_ln24_8_fu_3785">
<pin_list>
<pin id="3786" dir="0" index="0" bw="1" slack="0"/>
<pin id="3787" dir="0" index="1" bw="1" slack="0"/>
<pin id="3788" dir="1" index="2" bw="1" slack="0"/>
</pin_list>
<bind>
<opcode="xor(25) " fcode="xor"/>
<opset="xor_ln24_8/37 "/>
</bind>
</comp>

<comp id="3791" class="1004" name="and_ln24_9_fu_3791">
<pin_list>
<pin id="3792" dir="0" index="0" bw="1" slack="0"/>
<pin id="3793" dir="0" index="1" bw="1" slack="0"/>
<pin id="3794" dir="1" index="2" bw="1" slack="1"/>
</pin_list>
<bind>
<opcode="and(23) " fcode="and"/>
<opset="and_ln24_9/37 "/>
</bind>
</comp>

<comp id="3797" class="1004" name="and_ln24_10_fu_3797">
<pin_list>
<pin id="3798" dir="0" index="0" bw="1" slack="0"/>
<pin id="3799" dir="0" index="1" bw="1" slack="0"/>
<pin id="3800" dir="1" index="2" bw="1" slack="1"/>
</pin_list>
<bind>
<opcode="and(23) " fcode="and"/>
<opset="and_ln24_10/37 "/>
</bind>
</comp>

<comp id="3803" class="1004" name="sext_ln24_13_fu_3803">
<pin_list>
<pin id="3804" dir="0" index="0" bw="65" slack="1"/>
<pin id="3805" dir="1" index="1" bw="66" slack="0"/>
</pin_list>
<bind>
<opcode="sext(35) " fcode="sext"/>
<opset="sext_ln24_13/37 "/>
</bind>
</comp>

<comp id="3806" class="1004" name="sext_ln24_14_fu_3806">
<pin_list>
<pin id="3807" dir="0" index="0" bw="64" slack="0"/>
<pin id="3808" dir="1" index="1" bw="66" slack="0"/>
</pin_list>
<bind>
<opcode="sext(35) " fcode="sext"/>
<opset="sext_ln24_14/37 "/>
</bind>
</comp>

<comp id="3810" class="1004" name="add_ln24_10_fu_3810">
<pin_list>
<pin id="3811" dir="0" index="0" bw="65" slack="0"/>
<pin id="3812" dir="0" index="1" bw="64" slack="0"/>
<pin id="3813" dir="1" index="2" bw="66" slack="0"/>
</pin_list>
<bind>
<opcode="add(8) " fcode="add"/>
<opset="add_ln24_10/37 "/>
</bind>
</comp>

<comp id="3816" class="1004" name="tmp_146_fu_3816">
<pin_list>
<pin id="3817" dir="0" index="0" bw="1" slack="0"/>
<pin id="3818" dir="0" index="1" bw="66" slack="0"/>
<pin id="3819" dir="0" index="2" bw="8" slack="0"/>
<pin id="3820" dir="1" index="3" bw="1" slack="0"/>
</pin_list>
<bind>
<opcode="bitselect(1000) " fcode="bitselect"/>
<opset="tmp_146/37 "/>
</bind>
</comp>

<comp id="3824" class="1004" name="trunc_ln24_5_fu_3824">
<pin_list>
<pin id="3825" dir="0" index="0" bw="32" slack="0"/>
<pin id="3826" dir="0" index="1" bw="66" slack="0"/>
<pin id="3827" dir="0" index="2" bw="6" slack="0"/>
<pin id="3828" dir="0" index="3" bw="7" slack="0"/>
<pin id="3829" dir="1" index="4" bw="32" slack="0"/>
</pin_list>
<bind>
<opcode="partselect(1002) " fcode="partselect"/>
<opset="trunc_ln24_5/37 "/>
</bind>
</comp>

<comp id="3834" class="1004" name="tmp_147_fu_3834">
<pin_list>
<pin id="3835" dir="0" index="0" bw="1" slack="0"/>
<pin id="3836" dir="0" index="1" bw="66" slack="0"/>
<pin id="3837" dir="0" index="2" bw="5" slack="0"/>
<pin id="3838" dir="1" index="3" bw="1" slack="0"/>
</pin_list>
<bind>
<opcode="bitselect(1000) " fcode="bitselect"/>
<opset="tmp_147/37 "/>
</bind>
</comp>

<comp id="3842" class="1004" name="tmp_148_fu_3842">
<pin_list>
<pin id="3843" dir="0" index="0" bw="1" slack="0"/>
<pin id="3844" dir="0" index="1" bw="66" slack="0"/>
<pin id="3845" dir="0" index="2" bw="7" slack="0"/>
<pin id="3846" dir="1" index="3" bw="1" slack="0"/>
</pin_list>
<bind>
<opcode="bitselect(1000) " fcode="bitselect"/>
<opset="tmp_148/37 "/>
</bind>
</comp>

<comp id="3850" class="1004" name="zext_ln24_2_fu_3850">
<pin_list>
<pin id="3851" dir="0" index="0" bw="1" slack="0"/>
<pin id="3852" dir="1" index="1" bw="32" slack="0"/>
</pin_list>
<bind>
<opcode="zext(34) " fcode="zext"/>
<opset="zext_ln24_2/37 "/>
</bind>
</comp>

<comp id="3854" class="1004" name="add_ln24_11_fu_3854">
<pin_list>
<pin id="3855" dir="0" index="0" bw="32" slack="0"/>
<pin id="3856" dir="0" index="1" bw="1" slack="0"/>
<pin id="3857" dir="1" index="2" bw="32" slack="0"/>
</pin_list>
<bind>
<opcode="add(8) " fcode="add"/>
<opset="add_ln24_11/37 "/>
</bind>
</comp>

<comp id="3860" class="1004" name="tmp_149_fu_3860">
<pin_list>
<pin id="3861" dir="0" index="0" bw="1" slack="0"/>
<pin id="3862" dir="0" index="1" bw="32" slack="0"/>
<pin id="3863" dir="0" index="2" bw="6" slack="0"/>
<pin id="3864" dir="1" index="3" bw="1" slack="0"/>
</pin_list>
<bind>
<opcode="bitselect(1000) " fcode="bitselect"/>
<opset="tmp_149/37 "/>
</bind>
</comp>

<comp id="3868" class="1004" name="xor_ln24_10_fu_3868">
<pin_list>
<pin id="3869" dir="0" index="0" bw="1" slack="0"/>
<pin id="3870" dir="0" index="1" bw="1" slack="0"/>
<pin id="3871" dir="1" index="2" bw="1" slack="0"/>
</pin_list>
<bind>
<opcode="xor(25) " fcode="xor"/>
<opset="xor_ln24_10/37 "/>
</bind>
</comp>

<comp id="3874" class="1004" name="and_ln24_12_fu_3874">
<pin_list>
<pin id="3875" dir="0" index="0" bw="1" slack="0"/>
<pin id="3876" dir="0" index="1" bw="1" slack="0"/>
<pin id="3877" dir="1" index="2" bw="1" slack="0"/>
</pin_list>
<bind>
<opcode="and(23) " fcode="and"/>
<opset="and_ln24_12/37 "/>
</bind>
</comp>

<comp id="3880" class="1004" name="tmp_150_fu_3880">
<pin_list>
<pin id="3881" dir="0" index="0" bw="1" slack="0"/>
<pin id="3882" dir="0" index="1" bw="66" slack="0"/>
<pin id="3883" dir="0" index="2" bw="7" slack="0"/>
<pin id="3884" dir="1" index="3" bw="1" slack="0"/>
</pin_list>
<bind>
<opcode="bitselect(1000) " fcode="bitselect"/>
<opset="tmp_150/37 "/>
</bind>
</comp>

<comp id="3888" class="1004" name="tmp_34_fu_3888">
<pin_list>
<pin id="3889" dir="0" index="0" bw="17" slack="0"/>
<pin id="3890" dir="0" index="1" bw="66" slack="0"/>
<pin id="3891" dir="0" index="2" bw="7" slack="0"/>
<pin id="3892" dir="0" index="3" bw="8" slack="0"/>
<pin id="3893" dir="1" index="4" bw="17" slack="0"/>
</pin_list>
<bind>
<opcode="partselect(1002) " fcode="partselect"/>
<opset="tmp_34/37 "/>
</bind>
</comp>

<comp id="3898" class="1004" name="icmp_ln24_6_fu_3898">
<pin_list>
<pin id="3899" dir="0" index="0" bw="17" slack="0"/>
<pin id="3900" dir="0" index="1" bw="1" slack="0"/>
<pin id="3901" dir="1" index="2" bw="1" slack="0"/>
</pin_list>
<bind>
<opcode="icmp(45) " fcode="icmp"/>
<opset="icmp_ln24_6/37 "/>
</bind>
</comp>

<comp id="3904" class="1004" name="tmp_35_fu_3904">
<pin_list>
<pin id="3905" dir="0" index="0" bw="18" slack="0"/>
<pin id="3906" dir="0" index="1" bw="66" slack="0"/>
<pin id="3907" dir="0" index="2" bw="7" slack="0"/>
<pin id="3908" dir="0" index="3" bw="8" slack="0"/>
<pin id="3909" dir="1" index="4" bw="18" slack="0"/>
</pin_list>
<bind>
<opcode="partselect(1002) " fcode="partselect"/>
<opset="tmp_35/37 "/>
</bind>
</comp>

<comp id="3914" class="1004" name="icmp_ln24_7_fu_3914">
<pin_list>
<pin id="3915" dir="0" index="0" bw="18" slack="0"/>
<pin id="3916" dir="0" index="1" bw="1" slack="0"/>
<pin id="3917" dir="1" index="2" bw="1" slack="0"/>
</pin_list>
<bind>
<opcode="icmp(45) " fcode="icmp"/>
<opset="icmp_ln24_7/37 "/>
</bind>
</comp>

<comp id="3920" class="1004" name="icmp_ln24_8_fu_3920">
<pin_list>
<pin id="3921" dir="0" index="0" bw="18" slack="0"/>
<pin id="3922" dir="0" index="1" bw="1" slack="0"/>
<pin id="3923" dir="1" index="2" bw="1" slack="0"/>
</pin_list>
<bind>
<opcode="icmp(45) " fcode="icmp"/>
<opset="icmp_ln24_8/37 "/>
</bind>
</comp>

<comp id="3926" class="1004" name="select_ln24_8_fu_3926">
<pin_list>
<pin id="3927" dir="0" index="0" bw="1" slack="0"/>
<pin id="3928" dir="0" index="1" bw="1" slack="0"/>
<pin id="3929" dir="0" index="2" bw="1" slack="0"/>
<pin id="3930" dir="1" index="3" bw="1" slack="0"/>
</pin_list>
<bind>
<opcode="select(49) " fcode="select"/>
<opset="select_ln24_8/37 "/>
</bind>
</comp>

<comp id="3934" class="1004" name="xor_ln24_11_fu_3934">
<pin_list>
<pin id="3935" dir="0" index="0" bw="1" slack="0"/>
<pin id="3936" dir="0" index="1" bw="1" slack="0"/>
<pin id="3937" dir="1" index="2" bw="1" slack="0"/>
</pin_list>
<bind>
<opcode="xor(25) " fcode="xor"/>
<opset="xor_ln24_11/37 "/>
</bind>
</comp>

<comp id="3940" class="1004" name="and_ln24_13_fu_3940">
<pin_list>
<pin id="3941" dir="0" index="0" bw="1" slack="0"/>
<pin id="3942" dir="0" index="1" bw="1" slack="0"/>
<pin id="3943" dir="1" index="2" bw="1" slack="0"/>
</pin_list>
<bind>
<opcode="and(23) " fcode="and"/>
<opset="and_ln24_13/37 "/>
</bind>
</comp>

<comp id="3946" class="1004" name="select_ln24_9_fu_3946">
<pin_list>
<pin id="3947" dir="0" index="0" bw="1" slack="0"/>
<pin id="3948" dir="0" index="1" bw="1" slack="0"/>
<pin id="3949" dir="0" index="2" bw="1" slack="0"/>
<pin id="3950" dir="1" index="3" bw="1" slack="0"/>
</pin_list>
<bind>
<opcode="select(49) " fcode="select"/>
<opset="select_ln24_9/37 "/>
</bind>
</comp>

<comp id="3954" class="1004" name="xor_ln24_12_fu_3954">
<pin_list>
<pin id="3955" dir="0" index="0" bw="1" slack="0"/>
<pin id="3956" dir="0" index="1" bw="1" slack="0"/>
<pin id="3957" dir="1" index="2" bw="1" slack="0"/>
</pin_list>
<bind>
<opcode="xor(25) " fcode="xor"/>
<opset="xor_ln24_12/37 "/>
</bind>
</comp>

<comp id="3960" class="1004" name="or_ln24_4_fu_3960">
<pin_list>
<pin id="3961" dir="0" index="0" bw="1" slack="0"/>
<pin id="3962" dir="0" index="1" bw="1" slack="0"/>
<pin id="3963" dir="1" index="2" bw="1" slack="0"/>
</pin_list>
<bind>
<opcode="or(24) " fcode="or"/>
<opset="or_ln24_4/37 "/>
</bind>
</comp>

<comp id="3966" class="1004" name="xor_ln24_13_fu_3966">
<pin_list>
<pin id="3967" dir="0" index="0" bw="1" slack="0"/>
<pin id="3968" dir="0" index="1" bw="1" slack="0"/>
<pin id="3969" dir="1" index="2" bw="1" slack="0"/>
</pin_list>
<bind>
<opcode="xor(25) " fcode="xor"/>
<opset="xor_ln24_13/37 "/>
</bind>
</comp>

<comp id="3972" class="1004" name="and_ln24_15_fu_3972">
<pin_list>
<pin id="3973" dir="0" index="0" bw="1" slack="0"/>
<pin id="3974" dir="0" index="1" bw="1" slack="0"/>
<pin id="3975" dir="1" index="2" bw="1" slack="1"/>
</pin_list>
<bind>
<opcode="and(23) " fcode="and"/>
<opset="and_ln24_15/37 "/>
</bind>
</comp>

<comp id="3978" class="1004" name="and_ln24_16_fu_3978">
<pin_list>
<pin id="3979" dir="0" index="0" bw="1" slack="0"/>
<pin id="3980" dir="0" index="1" bw="1" slack="0"/>
<pin id="3981" dir="1" index="2" bw="1" slack="1"/>
</pin_list>
<bind>
<opcode="and(23) " fcode="and"/>
<opset="and_ln24_16/37 "/>
</bind>
</comp>

<comp id="3984" class="1004" name="and_ln24_2_fu_3984">
<pin_list>
<pin id="3985" dir="0" index="0" bw="1" slack="1"/>
<pin id="3986" dir="0" index="1" bw="1" slack="1"/>
<pin id="3987" dir="1" index="2" bw="1" slack="0"/>
</pin_list>
<bind>
<opcode="and(23) " fcode="and"/>
<opset="and_ln24_2/38 "/>
</bind>
</comp>

<comp id="3988" class="1004" name="or_ln24_6_fu_3988">
<pin_list>
<pin id="3989" dir="0" index="0" bw="1" slack="0"/>
<pin id="3990" dir="0" index="1" bw="1" slack="1"/>
<pin id="3991" dir="1" index="2" bw="1" slack="0"/>
</pin_list>
<bind>
<opcode="or(24) " fcode="or"/>
<opset="or_ln24_6/38 "/>
</bind>
</comp>

<comp id="3993" class="1004" name="xor_ln24_4_fu_3993">
<pin_list>
<pin id="3994" dir="0" index="0" bw="1" slack="0"/>
<pin id="3995" dir="0" index="1" bw="1" slack="0"/>
<pin id="3996" dir="1" index="2" bw="1" slack="0"/>
</pin_list>
<bind>
<opcode="xor(25) " fcode="xor"/>
<opset="xor_ln24_4/38 "/>
</bind>
</comp>

<comp id="3999" class="1004" name="and_ln24_5_fu_3999">
<pin_list>
<pin id="4000" dir="0" index="0" bw="1" slack="1"/>
<pin id="4001" dir="0" index="1" bw="1" slack="0"/>
<pin id="4002" dir="1" index="2" bw="1" slack="0"/>
</pin_list>
<bind>
<opcode="and(23) " fcode="and"/>
<opset="and_ln24_5/38 "/>
</bind>
</comp>

<comp id="4004" class="1004" name="select_ln24_2_fu_4004">
<pin_list>
<pin id="4005" dir="0" index="0" bw="1" slack="1"/>
<pin id="4006" dir="0" index="1" bw="32" slack="0"/>
<pin id="4007" dir="0" index="2" bw="32" slack="0"/>
<pin id="4008" dir="1" index="3" bw="32" slack="0"/>
</pin_list>
<bind>
<opcode="select(49) " fcode="select"/>
<opset="select_ln24_2/38 "/>
</bind>
</comp>

<comp id="4011" class="1004" name="or_ln24_1_fu_4011">
<pin_list>
<pin id="4012" dir="0" index="0" bw="1" slack="1"/>
<pin id="4013" dir="0" index="1" bw="1" slack="0"/>
<pin id="4014" dir="1" index="2" bw="1" slack="0"/>
</pin_list>
<bind>
<opcode="or(24) " fcode="or"/>
<opset="or_ln24_1/38 "/>
</bind>
</comp>

<comp id="4016" class="1004" name="out_verts_w_fu_4016">
<pin_list>
<pin id="4017" dir="0" index="0" bw="1" slack="0"/>
<pin id="4018" dir="0" index="1" bw="32" slack="0"/>
<pin id="4019" dir="0" index="2" bw="32" slack="1"/>
<pin id="4020" dir="1" index="3" bw="32" slack="0"/>
</pin_list>
<bind>
<opcode="select(49) " fcode="select"/>
<opset="out_verts_w/38 "/>
</bind>
</comp>

<comp id="4024" class="1004" name="and_ln24_8_fu_4024">
<pin_list>
<pin id="4025" dir="0" index="0" bw="1" slack="1"/>
<pin id="4026" dir="0" index="1" bw="1" slack="1"/>
<pin id="4027" dir="1" index="2" bw="1" slack="0"/>
</pin_list>
<bind>
<opcode="and(23) " fcode="and"/>
<opset="and_ln24_8/38 "/>
</bind>
</comp>

<comp id="4028" class="1004" name="or_ln24_7_fu_4028">
<pin_list>
<pin id="4029" dir="0" index="0" bw="1" slack="0"/>
<pin id="4030" dir="0" index="1" bw="1" slack="1"/>
<pin id="4031" dir="1" index="2" bw="1" slack="0"/>
</pin_list>
<bind>
<opcode="or(24) " fcode="or"/>
<opset="or_ln24_7/38 "/>
</bind>
</comp>

<comp id="4033" class="1004" name="xor_ln24_9_fu_4033">
<pin_list>
<pin id="4034" dir="0" index="0" bw="1" slack="0"/>
<pin id="4035" dir="0" index="1" bw="1" slack="0"/>
<pin id="4036" dir="1" index="2" bw="1" slack="0"/>
</pin_list>
<bind>
<opcode="xor(25) " fcode="xor"/>
<opset="xor_ln24_9/38 "/>
</bind>
</comp>

<comp id="4039" class="1004" name="and_ln24_11_fu_4039">
<pin_list>
<pin id="4040" dir="0" index="0" bw="1" slack="1"/>
<pin id="4041" dir="0" index="1" bw="1" slack="0"/>
<pin id="4042" dir="1" index="2" bw="1" slack="0"/>
</pin_list>
<bind>
<opcode="and(23) " fcode="and"/>
<opset="and_ln24_11/38 "/>
</bind>
</comp>

<comp id="4044" class="1004" name="select_ln24_6_fu_4044">
<pin_list>
<pin id="4045" dir="0" index="0" bw="1" slack="1"/>
<pin id="4046" dir="0" index="1" bw="32" slack="0"/>
<pin id="4047" dir="0" index="2" bw="32" slack="0"/>
<pin id="4048" dir="1" index="3" bw="32" slack="0"/>
</pin_list>
<bind>
<opcode="select(49) " fcode="select"/>
<opset="select_ln24_6/38 "/>
</bind>
</comp>

<comp id="4051" class="1004" name="or_ln24_3_fu_4051">
<pin_list>
<pin id="4052" dir="0" index="0" bw="1" slack="1"/>
<pin id="4053" dir="0" index="1" bw="1" slack="0"/>
<pin id="4054" dir="1" index="2" bw="1" slack="0"/>
</pin_list>
<bind>
<opcode="or(24) " fcode="or"/>
<opset="or_ln24_3/38 "/>
</bind>
</comp>

<comp id="4056" class="1004" name="out_verts_w_2_fu_4056">
<pin_list>
<pin id="4057" dir="0" index="0" bw="1" slack="0"/>
<pin id="4058" dir="0" index="1" bw="32" slack="0"/>
<pin id="4059" dir="0" index="2" bw="32" slack="1"/>
<pin id="4060" dir="1" index="3" bw="32" slack="0"/>
</pin_list>
<bind>
<opcode="select(49) " fcode="select"/>
<opset="out_verts_w_2/38 "/>
</bind>
</comp>

<comp id="4064" class="1004" name="and_ln24_14_fu_4064">
<pin_list>
<pin id="4065" dir="0" index="0" bw="1" slack="1"/>
<pin id="4066" dir="0" index="1" bw="1" slack="1"/>
<pin id="4067" dir="1" index="2" bw="1" slack="0"/>
</pin_list>
<bind>
<opcode="and(23) " fcode="and"/>
<opset="and_ln24_14/38 "/>
</bind>
</comp>

<comp id="4068" class="1004" name="or_ln24_8_fu_4068">
<pin_list>
<pin id="4069" dir="0" index="0" bw="1" slack="0"/>
<pin id="4070" dir="0" index="1" bw="1" slack="1"/>
<pin id="4071" dir="1" index="2" bw="1" slack="0"/>
</pin_list>
<bind>
<opcode="or(24) " fcode="or"/>
<opset="or_ln24_8/38 "/>
</bind>
</comp>

<comp id="4073" class="1004" name="xor_ln24_14_fu_4073">
<pin_list>
<pin id="4074" dir="0" index="0" bw="1" slack="0"/>
<pin id="4075" dir="0" index="1" bw="1" slack="0"/>
<pin id="4076" dir="1" index="2" bw="1" slack="0"/>
</pin_list>
<bind>
<opcode="xor(25) " fcode="xor"/>
<opset="xor_ln24_14/38 "/>
</bind>
</comp>

<comp id="4079" class="1004" name="and_ln24_17_fu_4079">
<pin_list>
<pin id="4080" dir="0" index="0" bw="1" slack="1"/>
<pin id="4081" dir="0" index="1" bw="1" slack="0"/>
<pin id="4082" dir="1" index="2" bw="1" slack="0"/>
</pin_list>
<bind>
<opcode="and(23) " fcode="and"/>
<opset="and_ln24_17/38 "/>
</bind>
</comp>

<comp id="4084" class="1004" name="select_ln24_10_fu_4084">
<pin_list>
<pin id="4085" dir="0" index="0" bw="1" slack="1"/>
<pin id="4086" dir="0" index="1" bw="32" slack="0"/>
<pin id="4087" dir="0" index="2" bw="32" slack="0"/>
<pin id="4088" dir="1" index="3" bw="32" slack="0"/>
</pin_list>
<bind>
<opcode="select(49) " fcode="select"/>
<opset="select_ln24_10/38 "/>
</bind>
</comp>

<comp id="4091" class="1004" name="or_ln24_5_fu_4091">
<pin_list>
<pin id="4092" dir="0" index="0" bw="1" slack="1"/>
<pin id="4093" dir="0" index="1" bw="1" slack="0"/>
<pin id="4094" dir="1" index="2" bw="1" slack="0"/>
</pin_list>
<bind>
<opcode="or(24) " fcode="or"/>
<opset="or_ln24_5/38 "/>
</bind>
</comp>

<comp id="4096" class="1004" name="curr_tri_v2_w_fu_4096">
<pin_list>
<pin id="4097" dir="0" index="0" bw="1" slack="0"/>
<pin id="4098" dir="0" index="1" bw="32" slack="0"/>
<pin id="4099" dir="0" index="2" bw="32" slack="1"/>
<pin id="4100" dir="1" index="3" bw="32" slack="0"/>
</pin_list>
<bind>
<opcode="select(49) " fcode="select"/>
<opset="curr_tri_v2_w/38 "/>
</bind>
</comp>

<comp id="4104" class="1005" name="phi_mul_reg_4104">
<pin_list>
<pin id="4105" dir="0" index="0" bw="14" slack="0"/>
<pin id="4106" dir="1" index="1" bw="14" slack="0"/>
</pin_list>
<bind>
<opset="phi_mul "/>
</bind>
</comp>

<comp id="4111" class="1005" name="i4_reg_4111">
<pin_list>
<pin id="4112" dir="0" index="0" bw="7" slack="0"/>
<pin id="4113" dir="1" index="1" bw="7" slack="0"/>
</pin_list>
<bind>
<opset="i4 "/>
</bind>
</comp>

<comp id="4118" class="1005" name="gmem2_addr_reg_4118">
<pin_list>
<pin id="4119" dir="0" index="0" bw="32" slack="12"/>
<pin id="4120" dir="1" index="1" bw="32" slack="12"/>
</pin_list>
<bind>
<opset="gmem2_addr "/>
</bind>
</comp>

<comp id="4124" class="1005" name="trunc_ln13_reg_4124">
<pin_list>
<pin id="4125" dir="0" index="0" bw="7" slack="11"/>
<pin id="4126" dir="1" index="1" bw="7" slack="11"/>
</pin_list>
<bind>
<opset="trunc_ln13 "/>
</bind>
</comp>

<comp id="4129" class="1005" name="icmp_ln13_reg_4129">
<pin_list>
<pin id="4130" dir="0" index="0" bw="1" slack="1"/>
<pin id="4131" dir="1" index="1" bw="1" slack="2147483647"/>
</pin_list>
<bind>
<opset="icmp_ln13 "/>
</bind>
</comp>

<comp id="4133" class="1005" name="select_ln13_reg_4133">
<pin_list>
<pin id="4134" dir="0" index="0" bw="64" slack="1"/>
<pin id="4135" dir="1" index="1" bw="64" slack="1"/>
</pin_list>
<bind>
<opset="select_ln13 "/>
</bind>
</comp>

<comp id="4138" class="1005" name="trunc_ln13_1_reg_4138">
<pin_list>
<pin id="4139" dir="0" index="0" bw="57" slack="1"/>
<pin id="4140" dir="1" index="1" bw="57" slack="1"/>
</pin_list>
<bind>
<opset="trunc_ln13_1 "/>
</bind>
</comp>

<comp id="4143" class="1005" name="icmp_ln9_reg_4143">
<pin_list>
<pin id="4144" dir="0" index="0" bw="1" slack="37"/>
<pin id="4145" dir="1" index="1" bw="1" slack="2147483647"/>
</pin_list>
<bind>
<opset="icmp_ln9 "/>
</bind>
</comp>

<comp id="4147" class="1005" name="gmem0_addr_reg_4147">
<pin_list>
<pin id="4148" dir="0" index="0" bw="1024" slack="1"/>
<pin id="4149" dir="1" index="1" bw="1024" slack="1"/>
</pin_list>
<bind>
<opset="gmem0_addr "/>
</bind>
</comp>

<comp id="4153" class="1005" name="gmem0_addr_read_reg_4153">
<pin_list>
<pin id="4154" dir="0" index="0" bw="1024" slack="2"/>
<pin id="4155" dir="1" index="1" bw="1024" slack="2"/>
</pin_list>
<bind>
<opset="gmem0_addr_read "/>
</bind>
</comp>

<comp id="4158" class="1005" name="trunc_ln13_2_reg_4158">
<pin_list>
<pin id="4159" dir="0" index="0" bw="697" slack="1"/>
<pin id="4160" dir="1" index="1" bw="697" slack="1"/>
</pin_list>
<bind>
<opset="trunc_ln13_2 "/>
</bind>
</comp>

<comp id="4163" class="1005" name="curr_tri_v0_x_4_reg_4163">
<pin_list>
<pin id="4164" dir="0" index="0" bw="32" slack="10"/>
<pin id="4165" dir="1" index="1" bw="32" slack="10"/>
</pin_list>
<bind>
<opset="curr_tri_v0_x_4 "/>
</bind>
</comp>

<comp id="4169" class="1005" name="curr_tri_v0_y_4_reg_4169">
<pin_list>
<pin id="4170" dir="0" index="0" bw="32" slack="11"/>
<pin id="4171" dir="1" index="1" bw="32" slack="11"/>
</pin_list>
<bind>
<opset="curr_tri_v0_y_4 "/>
</bind>
</comp>

<comp id="4175" class="1005" name="curr_tri_v0_z_4_reg_4175">
<pin_list>
<pin id="4176" dir="0" index="0" bw="32" slack="12"/>
<pin id="4177" dir="1" index="1" bw="32" slack="12"/>
</pin_list>
<bind>
<opset="curr_tri_v0_z_4 "/>
</bind>
</comp>

<comp id="4181" class="1005" name="curr_tri_v0_w_2_reg_4181">
<pin_list>
<pin id="4182" dir="0" index="0" bw="32" slack="13"/>
<pin id="4183" dir="1" index="1" bw="32" slack="13"/>
</pin_list>
<bind>
<opset="curr_tri_v0_w_2 "/>
</bind>
</comp>

<comp id="4187" class="1005" name="curr_tri_v1_x_4_reg_4187">
<pin_list>
<pin id="4188" dir="0" index="0" bw="32" slack="10"/>
<pin id="4189" dir="1" index="1" bw="32" slack="10"/>
</pin_list>
<bind>
<opset="curr_tri_v1_x_4 "/>
</bind>
</comp>

<comp id="4193" class="1005" name="curr_tri_v1_y_4_reg_4193">
<pin_list>
<pin id="4194" dir="0" index="0" bw="32" slack="11"/>
<pin id="4195" dir="1" index="1" bw="32" slack="11"/>
</pin_list>
<bind>
<opset="curr_tri_v1_y_4 "/>
</bind>
</comp>

<comp id="4199" class="1005" name="curr_tri_v1_z_4_reg_4199">
<pin_list>
<pin id="4200" dir="0" index="0" bw="32" slack="12"/>
<pin id="4201" dir="1" index="1" bw="32" slack="12"/>
</pin_list>
<bind>
<opset="curr_tri_v1_z_4 "/>
</bind>
</comp>

<comp id="4205" class="1005" name="curr_tri_v1_w_2_reg_4205">
<pin_list>
<pin id="4206" dir="0" index="0" bw="32" slack="13"/>
<pin id="4207" dir="1" index="1" bw="32" slack="13"/>
</pin_list>
<bind>
<opset="curr_tri_v1_w_2 "/>
</bind>
</comp>

<comp id="4211" class="1005" name="curr_tri_v2_x_4_reg_4211">
<pin_list>
<pin id="4212" dir="0" index="0" bw="32" slack="10"/>
<pin id="4213" dir="1" index="1" bw="32" slack="10"/>
</pin_list>
<bind>
<opset="curr_tri_v2_x_4 "/>
</bind>
</comp>

<comp id="4217" class="1005" name="curr_tri_v2_y_4_reg_4217">
<pin_list>
<pin id="4218" dir="0" index="0" bw="32" slack="11"/>
<pin id="4219" dir="1" index="1" bw="32" slack="11"/>
</pin_list>
<bind>
<opset="curr_tri_v2_y_4 "/>
</bind>
</comp>

<comp id="4223" class="1005" name="curr_tri_v2_z_4_reg_4223">
<pin_list>
<pin id="4224" dir="0" index="0" bw="32" slack="12"/>
<pin id="4225" dir="1" index="1" bw="32" slack="12"/>
</pin_list>
<bind>
<opset="curr_tri_v2_z_4 "/>
</bind>
</comp>

<comp id="4229" class="1005" name="curr_tri_v2_w_3_reg_4229">
<pin_list>
<pin id="4230" dir="0" index="0" bw="32" slack="13"/>
<pin id="4231" dir="1" index="1" bw="32" slack="13"/>
</pin_list>
<bind>
<opset="curr_tri_v2_w_3 "/>
</bind>
</comp>

<comp id="4235" class="1005" name="curr_tri_n0_x_reg_4235">
<pin_list>
<pin id="4236" dir="0" index="0" bw="32" slack="26"/>
<pin id="4237" dir="1" index="1" bw="32" slack="26"/>
</pin_list>
<bind>
<opset="curr_tri_n0_x "/>
</bind>
</comp>

<comp id="4240" class="1005" name="curr_tri_n0_y_reg_4240">
<pin_list>
<pin id="4241" dir="0" index="0" bw="32" slack="26"/>
<pin id="4242" dir="1" index="1" bw="32" slack="26"/>
</pin_list>
<bind>
<opset="curr_tri_n0_y "/>
</bind>
</comp>

<comp id="4245" class="1005" name="curr_tri_n0_z_reg_4245">
<pin_list>
<pin id="4246" dir="0" index="0" bw="32" slack="26"/>
<pin id="4247" dir="1" index="1" bw="32" slack="26"/>
</pin_list>
<bind>
<opset="curr_tri_n0_z "/>
</bind>
</comp>

<comp id="4250" class="1005" name="curr_tri_n1_x_reg_4250">
<pin_list>
<pin id="4251" dir="0" index="0" bw="32" slack="26"/>
<pin id="4252" dir="1" index="1" bw="32" slack="26"/>
</pin_list>
<bind>
<opset="curr_tri_n1_x "/>
</bind>
</comp>

<comp id="4255" class="1005" name="curr_tri_n1_y_reg_4255">
<pin_list>
<pin id="4256" dir="0" index="0" bw="32" slack="26"/>
<pin id="4257" dir="1" index="1" bw="32" slack="26"/>
</pin_list>
<bind>
<opset="curr_tri_n1_y "/>
</bind>
</comp>

<comp id="4260" class="1005" name="curr_tri_n1_z_reg_4260">
<pin_list>
<pin id="4261" dir="0" index="0" bw="32" slack="26"/>
<pin id="4262" dir="1" index="1" bw="32" slack="26"/>
</pin_list>
<bind>
<opset="curr_tri_n1_z "/>
</bind>
</comp>

<comp id="4265" class="1005" name="curr_tri_n2_x_reg_4265">
<pin_list>
<pin id="4266" dir="0" index="0" bw="32" slack="26"/>
<pin id="4267" dir="1" index="1" bw="32" slack="26"/>
</pin_list>
<bind>
<opset="curr_tri_n2_x "/>
</bind>
</comp>

<comp id="4270" class="1005" name="curr_tri_n2_y_reg_4270">
<pin_list>
<pin id="4271" dir="0" index="0" bw="32" slack="26"/>
<pin id="4272" dir="1" index="1" bw="32" slack="26"/>
</pin_list>
<bind>
<opset="curr_tri_n2_y "/>
</bind>
</comp>

<comp id="4275" class="1005" name="curr_tri_n2_z_reg_4275">
<pin_list>
<pin id="4276" dir="0" index="0" bw="32" slack="26"/>
<pin id="4277" dir="1" index="1" bw="32" slack="26"/>
</pin_list>
<bind>
<opset="curr_tri_n2_z "/>
</bind>
</comp>

<comp id="4280" class="1005" name="curr_tri_color_reg_4280">
<pin_list>
<pin id="4281" dir="0" index="0" bw="32" slack="26"/>
<pin id="4282" dir="1" index="1" bw="32" slack="26"/>
</pin_list>
<bind>
<opset="curr_tri_color "/>
</bind>
</comp>

<comp id="4285" class="1005" name="curr_tri_is_active_reg_4285">
<pin_list>
<pin id="4286" dir="0" index="0" bw="1" slack="1"/>
<pin id="4287" dir="1" index="1" bw="1" slack="26"/>
</pin_list>
<bind>
<opset="curr_tri_is_active "/>
</bind>
</comp>

<comp id="4290" class="1005" name="sext_ln21_reg_4290">
<pin_list>
<pin id="4291" dir="0" index="0" bw="64" slack="4"/>
<pin id="4292" dir="1" index="1" bw="64" slack="4"/>
</pin_list>
<bind>
<opset="sext_ln21 "/>
</bind>
</comp>

<comp id="4295" class="1005" name="sext_ln21_9_reg_4295">
<pin_list>
<pin id="4296" dir="0" index="0" bw="64" slack="4"/>
<pin id="4297" dir="1" index="1" bw="64" slack="4"/>
</pin_list>
<bind>
<opset="sext_ln21_9 "/>
</bind>
</comp>

<comp id="4300" class="1005" name="sext_ln21_18_reg_4300">
<pin_list>
<pin id="4301" dir="0" index="0" bw="64" slack="4"/>
<pin id="4302" dir="1" index="1" bw="64" slack="4"/>
</pin_list>
<bind>
<opset="sext_ln21_18 "/>
</bind>
</comp>

<comp id="4305" class="1005" name="sext_ln21_1_reg_4305">
<pin_list>
<pin id="4306" dir="0" index="0" bw="64" slack="4"/>
<pin id="4307" dir="1" index="1" bw="64" slack="4"/>
</pin_list>
<bind>
<opset="sext_ln21_1 "/>
</bind>
</comp>

<comp id="4310" class="1005" name="sext_ln21_10_reg_4310">
<pin_list>
<pin id="4311" dir="0" index="0" bw="64" slack="4"/>
<pin id="4312" dir="1" index="1" bw="64" slack="4"/>
</pin_list>
<bind>
<opset="sext_ln21_10 "/>
</bind>
</comp>

<comp id="4315" class="1005" name="sext_ln21_19_reg_4315">
<pin_list>
<pin id="4316" dir="0" index="0" bw="64" slack="4"/>
<pin id="4317" dir="1" index="1" bw="64" slack="4"/>
</pin_list>
<bind>
<opset="sext_ln21_19 "/>
</bind>
</comp>

<comp id="4320" class="1005" name="sext_ln21_4_reg_4320">
<pin_list>
<pin id="4321" dir="0" index="0" bw="64" slack="4"/>
<pin id="4322" dir="1" index="1" bw="64" slack="4"/>
</pin_list>
<bind>
<opset="sext_ln21_4 "/>
</bind>
</comp>

<comp id="4325" class="1005" name="add_ln21_1_reg_4325">
<pin_list>
<pin id="4326" dir="0" index="0" bw="65" slack="1"/>
<pin id="4327" dir="1" index="1" bw="65" slack="1"/>
</pin_list>
<bind>
<opset="add_ln21_1 "/>
</bind>
</comp>

<comp id="4330" class="1005" name="sext_ln21_13_reg_4330">
<pin_list>
<pin id="4331" dir="0" index="0" bw="64" slack="4"/>
<pin id="4332" dir="1" index="1" bw="64" slack="4"/>
</pin_list>
<bind>
<opset="sext_ln21_13 "/>
</bind>
</comp>

<comp id="4335" class="1005" name="add_ln21_5_reg_4335">
<pin_list>
<pin id="4336" dir="0" index="0" bw="65" slack="1"/>
<pin id="4337" dir="1" index="1" bw="65" slack="1"/>
</pin_list>
<bind>
<opset="add_ln21_5 "/>
</bind>
</comp>

<comp id="4340" class="1005" name="sext_ln21_22_reg_4340">
<pin_list>
<pin id="4341" dir="0" index="0" bw="64" slack="4"/>
<pin id="4342" dir="1" index="1" bw="64" slack="4"/>
</pin_list>
<bind>
<opset="sext_ln21_22 "/>
</bind>
</comp>

<comp id="4345" class="1005" name="add_ln21_9_reg_4345">
<pin_list>
<pin id="4346" dir="0" index="0" bw="65" slack="1"/>
<pin id="4347" dir="1" index="1" bw="65" slack="1"/>
</pin_list>
<bind>
<opset="add_ln21_9 "/>
</bind>
</comp>

<comp id="4350" class="1005" name="sext_ln21_6_reg_4350">
<pin_list>
<pin id="4351" dir="0" index="0" bw="64" slack="4"/>
<pin id="4352" dir="1" index="1" bw="64" slack="4"/>
</pin_list>
<bind>
<opset="sext_ln21_6 "/>
</bind>
</comp>

<comp id="4355" class="1005" name="tmp_91_reg_4355">
<pin_list>
<pin id="4356" dir="0" index="0" bw="1" slack="1"/>
<pin id="4357" dir="1" index="1" bw="1" slack="1"/>
</pin_list>
<bind>
<opset="tmp_91 "/>
</bind>
</comp>

<comp id="4360" class="1005" name="add_ln21_3_reg_4360">
<pin_list>
<pin id="4361" dir="0" index="0" bw="32" slack="1"/>
<pin id="4362" dir="1" index="1" bw="32" slack="1"/>
</pin_list>
<bind>
<opset="add_ln21_3 "/>
</bind>
</comp>

<comp id="4365" class="1005" name="and_ln21_reg_4365">
<pin_list>
<pin id="4366" dir="0" index="0" bw="1" slack="1"/>
<pin id="4367" dir="1" index="1" bw="1" slack="1"/>
</pin_list>
<bind>
<opset="and_ln21 "/>
</bind>
</comp>

<comp id="4370" class="1005" name="icmp_ln21_1_reg_4370">
<pin_list>
<pin id="4371" dir="0" index="0" bw="1" slack="1"/>
<pin id="4372" dir="1" index="1" bw="1" slack="1"/>
</pin_list>
<bind>
<opset="icmp_ln21_1 "/>
</bind>
</comp>

<comp id="4375" class="1005" name="and_ln21_3_reg_4375">
<pin_list>
<pin id="4376" dir="0" index="0" bw="1" slack="1"/>
<pin id="4377" dir="1" index="1" bw="1" slack="1"/>
</pin_list>
<bind>
<opset="and_ln21_3 "/>
</bind>
</comp>

<comp id="4381" class="1005" name="and_ln21_4_reg_4381">
<pin_list>
<pin id="4382" dir="0" index="0" bw="1" slack="1"/>
<pin id="4383" dir="1" index="1" bw="1" slack="1"/>
</pin_list>
<bind>
<opset="and_ln21_4 "/>
</bind>
</comp>

<comp id="4386" class="1005" name="sext_ln21_15_reg_4386">
<pin_list>
<pin id="4387" dir="0" index="0" bw="64" slack="4"/>
<pin id="4388" dir="1" index="1" bw="64" slack="4"/>
</pin_list>
<bind>
<opset="sext_ln21_15 "/>
</bind>
</comp>

<comp id="4391" class="1005" name="tmp_111_reg_4391">
<pin_list>
<pin id="4392" dir="0" index="0" bw="1" slack="1"/>
<pin id="4393" dir="1" index="1" bw="1" slack="1"/>
</pin_list>
<bind>
<opset="tmp_111 "/>
</bind>
</comp>

<comp id="4396" class="1005" name="add_ln21_7_reg_4396">
<pin_list>
<pin id="4397" dir="0" index="0" bw="32" slack="1"/>
<pin id="4398" dir="1" index="1" bw="32" slack="1"/>
</pin_list>
<bind>
<opset="add_ln21_7 "/>
</bind>
</comp>

<comp id="4401" class="1005" name="and_ln21_6_reg_4401">
<pin_list>
<pin id="4402" dir="0" index="0" bw="1" slack="1"/>
<pin id="4403" dir="1" index="1" bw="1" slack="1"/>
</pin_list>
<bind>
<opset="and_ln21_6 "/>
</bind>
</comp>

<comp id="4406" class="1005" name="icmp_ln21_4_reg_4406">
<pin_list>
<pin id="4407" dir="0" index="0" bw="1" slack="1"/>
<pin id="4408" dir="1" index="1" bw="1" slack="1"/>
</pin_list>
<bind>
<opset="icmp_ln21_4 "/>
</bind>
</comp>

<comp id="4411" class="1005" name="and_ln21_9_reg_4411">
<pin_list>
<pin id="4412" dir="0" index="0" bw="1" slack="1"/>
<pin id="4413" dir="1" index="1" bw="1" slack="1"/>
</pin_list>
<bind>
<opset="and_ln21_9 "/>
</bind>
</comp>

<comp id="4417" class="1005" name="and_ln21_10_reg_4417">
<pin_list>
<pin id="4418" dir="0" index="0" bw="1" slack="1"/>
<pin id="4419" dir="1" index="1" bw="1" slack="1"/>
</pin_list>
<bind>
<opset="and_ln21_10 "/>
</bind>
</comp>

<comp id="4422" class="1005" name="sext_ln21_24_reg_4422">
<pin_list>
<pin id="4423" dir="0" index="0" bw="64" slack="4"/>
<pin id="4424" dir="1" index="1" bw="64" slack="4"/>
</pin_list>
<bind>
<opset="sext_ln21_24 "/>
</bind>
</comp>

<comp id="4427" class="1005" name="tmp_131_reg_4427">
<pin_list>
<pin id="4428" dir="0" index="0" bw="1" slack="1"/>
<pin id="4429" dir="1" index="1" bw="1" slack="1"/>
</pin_list>
<bind>
<opset="tmp_131 "/>
</bind>
</comp>

<comp id="4432" class="1005" name="add_ln21_11_reg_4432">
<pin_list>
<pin id="4433" dir="0" index="0" bw="32" slack="1"/>
<pin id="4434" dir="1" index="1" bw="32" slack="1"/>
</pin_list>
<bind>
<opset="add_ln21_11 "/>
</bind>
</comp>

<comp id="4437" class="1005" name="and_ln21_12_reg_4437">
<pin_list>
<pin id="4438" dir="0" index="0" bw="1" slack="1"/>
<pin id="4439" dir="1" index="1" bw="1" slack="1"/>
</pin_list>
<bind>
<opset="and_ln21_12 "/>
</bind>
</comp>

<comp id="4442" class="1005" name="icmp_ln21_7_reg_4442">
<pin_list>
<pin id="4443" dir="0" index="0" bw="1" slack="1"/>
<pin id="4444" dir="1" index="1" bw="1" slack="1"/>
</pin_list>
<bind>
<opset="icmp_ln21_7 "/>
</bind>
</comp>

<comp id="4447" class="1005" name="and_ln21_15_reg_4447">
<pin_list>
<pin id="4448" dir="0" index="0" bw="1" slack="1"/>
<pin id="4449" dir="1" index="1" bw="1" slack="1"/>
</pin_list>
<bind>
<opset="and_ln21_15 "/>
</bind>
</comp>

<comp id="4453" class="1005" name="and_ln21_16_reg_4453">
<pin_list>
<pin id="4454" dir="0" index="0" bw="1" slack="1"/>
<pin id="4455" dir="1" index="1" bw="1" slack="1"/>
</pin_list>
<bind>
<opset="and_ln21_16 "/>
</bind>
</comp>

<comp id="4458" class="1005" name="add_ln22_1_reg_4458">
<pin_list>
<pin id="4459" dir="0" index="0" bw="65" slack="1"/>
<pin id="4460" dir="1" index="1" bw="65" slack="1"/>
</pin_list>
<bind>
<opset="add_ln22_1 "/>
</bind>
</comp>

<comp id="4463" class="1005" name="add_ln22_5_reg_4463">
<pin_list>
<pin id="4464" dir="0" index="0" bw="65" slack="1"/>
<pin id="4465" dir="1" index="1" bw="65" slack="1"/>
</pin_list>
<bind>
<opset="add_ln22_5 "/>
</bind>
</comp>

<comp id="4468" class="1005" name="add_ln22_9_reg_4468">
<pin_list>
<pin id="4469" dir="0" index="0" bw="65" slack="1"/>
<pin id="4470" dir="1" index="1" bw="65" slack="1"/>
</pin_list>
<bind>
<opset="add_ln22_9 "/>
</bind>
</comp>

<comp id="4473" class="1005" name="tmp_96_reg_4473">
<pin_list>
<pin id="4474" dir="0" index="0" bw="1" slack="1"/>
<pin id="4475" dir="1" index="1" bw="1" slack="1"/>
</pin_list>
<bind>
<opset="tmp_96 "/>
</bind>
</comp>

<comp id="4478" class="1005" name="add_ln22_3_reg_4478">
<pin_list>
<pin id="4479" dir="0" index="0" bw="32" slack="1"/>
<pin id="4480" dir="1" index="1" bw="32" slack="1"/>
</pin_list>
<bind>
<opset="add_ln22_3 "/>
</bind>
</comp>

<comp id="4483" class="1005" name="and_ln22_reg_4483">
<pin_list>
<pin id="4484" dir="0" index="0" bw="1" slack="1"/>
<pin id="4485" dir="1" index="1" bw="1" slack="1"/>
</pin_list>
<bind>
<opset="and_ln22 "/>
</bind>
</comp>

<comp id="4488" class="1005" name="icmp_ln22_1_reg_4488">
<pin_list>
<pin id="4489" dir="0" index="0" bw="1" slack="1"/>
<pin id="4490" dir="1" index="1" bw="1" slack="1"/>
</pin_list>
<bind>
<opset="icmp_ln22_1 "/>
</bind>
</comp>

<comp id="4493" class="1005" name="and_ln22_3_reg_4493">
<pin_list>
<pin id="4494" dir="0" index="0" bw="1" slack="1"/>
<pin id="4495" dir="1" index="1" bw="1" slack="1"/>
</pin_list>
<bind>
<opset="and_ln22_3 "/>
</bind>
</comp>

<comp id="4499" class="1005" name="and_ln22_4_reg_4499">
<pin_list>
<pin id="4500" dir="0" index="0" bw="1" slack="1"/>
<pin id="4501" dir="1" index="1" bw="1" slack="1"/>
</pin_list>
<bind>
<opset="and_ln22_4 "/>
</bind>
</comp>

<comp id="4504" class="1005" name="tmp_116_reg_4504">
<pin_list>
<pin id="4505" dir="0" index="0" bw="1" slack="1"/>
<pin id="4506" dir="1" index="1" bw="1" slack="1"/>
</pin_list>
<bind>
<opset="tmp_116 "/>
</bind>
</comp>

<comp id="4509" class="1005" name="add_ln22_7_reg_4509">
<pin_list>
<pin id="4510" dir="0" index="0" bw="32" slack="1"/>
<pin id="4511" dir="1" index="1" bw="32" slack="1"/>
</pin_list>
<bind>
<opset="add_ln22_7 "/>
</bind>
</comp>

<comp id="4514" class="1005" name="and_ln22_6_reg_4514">
<pin_list>
<pin id="4515" dir="0" index="0" bw="1" slack="1"/>
<pin id="4516" dir="1" index="1" bw="1" slack="1"/>
</pin_list>
<bind>
<opset="and_ln22_6 "/>
</bind>
</comp>

<comp id="4519" class="1005" name="icmp_ln22_4_reg_4519">
<pin_list>
<pin id="4520" dir="0" index="0" bw="1" slack="1"/>
<pin id="4521" dir="1" index="1" bw="1" slack="1"/>
</pin_list>
<bind>
<opset="icmp_ln22_4 "/>
</bind>
</comp>

<comp id="4524" class="1005" name="and_ln22_9_reg_4524">
<pin_list>
<pin id="4525" dir="0" index="0" bw="1" slack="1"/>
<pin id="4526" dir="1" index="1" bw="1" slack="1"/>
</pin_list>
<bind>
<opset="and_ln22_9 "/>
</bind>
</comp>

<comp id="4530" class="1005" name="and_ln22_10_reg_4530">
<pin_list>
<pin id="4531" dir="0" index="0" bw="1" slack="1"/>
<pin id="4532" dir="1" index="1" bw="1" slack="1"/>
</pin_list>
<bind>
<opset="and_ln22_10 "/>
</bind>
</comp>

<comp id="4535" class="1005" name="tmp_136_reg_4535">
<pin_list>
<pin id="4536" dir="0" index="0" bw="1" slack="1"/>
<pin id="4537" dir="1" index="1" bw="1" slack="1"/>
</pin_list>
<bind>
<opset="tmp_136 "/>
</bind>
</comp>

<comp id="4540" class="1005" name="add_ln22_11_reg_4540">
<pin_list>
<pin id="4541" dir="0" index="0" bw="32" slack="1"/>
<pin id="4542" dir="1" index="1" bw="32" slack="1"/>
</pin_list>
<bind>
<opset="add_ln22_11 "/>
</bind>
</comp>

<comp id="4545" class="1005" name="and_ln22_12_reg_4545">
<pin_list>
<pin id="4546" dir="0" index="0" bw="1" slack="1"/>
<pin id="4547" dir="1" index="1" bw="1" slack="1"/>
</pin_list>
<bind>
<opset="and_ln22_12 "/>
</bind>
</comp>

<comp id="4550" class="1005" name="icmp_ln22_7_reg_4550">
<pin_list>
<pin id="4551" dir="0" index="0" bw="1" slack="1"/>
<pin id="4552" dir="1" index="1" bw="1" slack="1"/>
</pin_list>
<bind>
<opset="icmp_ln22_7 "/>
</bind>
</comp>

<comp id="4555" class="1005" name="and_ln22_15_reg_4555">
<pin_list>
<pin id="4556" dir="0" index="0" bw="1" slack="1"/>
<pin id="4557" dir="1" index="1" bw="1" slack="1"/>
</pin_list>
<bind>
<opset="and_ln22_15 "/>
</bind>
</comp>

<comp id="4561" class="1005" name="and_ln22_16_reg_4561">
<pin_list>
<pin id="4562" dir="0" index="0" bw="1" slack="1"/>
<pin id="4563" dir="1" index="1" bw="1" slack="1"/>
</pin_list>
<bind>
<opset="and_ln22_16 "/>
</bind>
</comp>

<comp id="4566" class="1005" name="add_ln23_1_reg_4566">
<pin_list>
<pin id="4567" dir="0" index="0" bw="65" slack="1"/>
<pin id="4568" dir="1" index="1" bw="65" slack="1"/>
</pin_list>
<bind>
<opset="add_ln23_1 "/>
</bind>
</comp>

<comp id="4571" class="1005" name="add_ln23_5_reg_4571">
<pin_list>
<pin id="4572" dir="0" index="0" bw="65" slack="1"/>
<pin id="4573" dir="1" index="1" bw="65" slack="1"/>
</pin_list>
<bind>
<opset="add_ln23_5 "/>
</bind>
</comp>

<comp id="4576" class="1005" name="add_ln23_9_reg_4576">
<pin_list>
<pin id="4577" dir="0" index="0" bw="65" slack="1"/>
<pin id="4578" dir="1" index="1" bw="65" slack="1"/>
</pin_list>
<bind>
<opset="add_ln23_9 "/>
</bind>
</comp>

<comp id="4581" class="1005" name="tmp_101_reg_4581">
<pin_list>
<pin id="4582" dir="0" index="0" bw="1" slack="1"/>
<pin id="4583" dir="1" index="1" bw="1" slack="1"/>
</pin_list>
<bind>
<opset="tmp_101 "/>
</bind>
</comp>

<comp id="4586" class="1005" name="add_ln23_3_reg_4586">
<pin_list>
<pin id="4587" dir="0" index="0" bw="32" slack="1"/>
<pin id="4588" dir="1" index="1" bw="32" slack="1"/>
</pin_list>
<bind>
<opset="add_ln23_3 "/>
</bind>
</comp>

<comp id="4591" class="1005" name="and_ln23_reg_4591">
<pin_list>
<pin id="4592" dir="0" index="0" bw="1" slack="1"/>
<pin id="4593" dir="1" index="1" bw="1" slack="1"/>
</pin_list>
<bind>
<opset="and_ln23 "/>
</bind>
</comp>

<comp id="4596" class="1005" name="icmp_ln23_1_reg_4596">
<pin_list>
<pin id="4597" dir="0" index="0" bw="1" slack="1"/>
<pin id="4598" dir="1" index="1" bw="1" slack="1"/>
</pin_list>
<bind>
<opset="icmp_ln23_1 "/>
</bind>
</comp>

<comp id="4601" class="1005" name="and_ln23_3_reg_4601">
<pin_list>
<pin id="4602" dir="0" index="0" bw="1" slack="1"/>
<pin id="4603" dir="1" index="1" bw="1" slack="1"/>
</pin_list>
<bind>
<opset="and_ln23_3 "/>
</bind>
</comp>

<comp id="4607" class="1005" name="and_ln23_4_reg_4607">
<pin_list>
<pin id="4608" dir="0" index="0" bw="1" slack="1"/>
<pin id="4609" dir="1" index="1" bw="1" slack="1"/>
</pin_list>
<bind>
<opset="and_ln23_4 "/>
</bind>
</comp>

<comp id="4612" class="1005" name="tmp_121_reg_4612">
<pin_list>
<pin id="4613" dir="0" index="0" bw="1" slack="1"/>
<pin id="4614" dir="1" index="1" bw="1" slack="1"/>
</pin_list>
<bind>
<opset="tmp_121 "/>
</bind>
</comp>

<comp id="4617" class="1005" name="add_ln23_7_reg_4617">
<pin_list>
<pin id="4618" dir="0" index="0" bw="32" slack="1"/>
<pin id="4619" dir="1" index="1" bw="32" slack="1"/>
</pin_list>
<bind>
<opset="add_ln23_7 "/>
</bind>
</comp>

<comp id="4622" class="1005" name="and_ln23_6_reg_4622">
<pin_list>
<pin id="4623" dir="0" index="0" bw="1" slack="1"/>
<pin id="4624" dir="1" index="1" bw="1" slack="1"/>
</pin_list>
<bind>
<opset="and_ln23_6 "/>
</bind>
</comp>

<comp id="4627" class="1005" name="icmp_ln23_4_reg_4627">
<pin_list>
<pin id="4628" dir="0" index="0" bw="1" slack="1"/>
<pin id="4629" dir="1" index="1" bw="1" slack="1"/>
</pin_list>
<bind>
<opset="icmp_ln23_4 "/>
</bind>
</comp>

<comp id="4632" class="1005" name="and_ln23_9_reg_4632">
<pin_list>
<pin id="4633" dir="0" index="0" bw="1" slack="1"/>
<pin id="4634" dir="1" index="1" bw="1" slack="1"/>
</pin_list>
<bind>
<opset="and_ln23_9 "/>
</bind>
</comp>

<comp id="4638" class="1005" name="and_ln23_10_reg_4638">
<pin_list>
<pin id="4639" dir="0" index="0" bw="1" slack="1"/>
<pin id="4640" dir="1" index="1" bw="1" slack="1"/>
</pin_list>
<bind>
<opset="and_ln23_10 "/>
</bind>
</comp>

<comp id="4643" class="1005" name="tmp_141_reg_4643">
<pin_list>
<pin id="4644" dir="0" index="0" bw="1" slack="1"/>
<pin id="4645" dir="1" index="1" bw="1" slack="1"/>
</pin_list>
<bind>
<opset="tmp_141 "/>
</bind>
</comp>

<comp id="4648" class="1005" name="add_ln23_11_reg_4648">
<pin_list>
<pin id="4649" dir="0" index="0" bw="32" slack="1"/>
<pin id="4650" dir="1" index="1" bw="32" slack="1"/>
</pin_list>
<bind>
<opset="add_ln23_11 "/>
</bind>
</comp>

<comp id="4653" class="1005" name="and_ln23_12_reg_4653">
<pin_list>
<pin id="4654" dir="0" index="0" bw="1" slack="1"/>
<pin id="4655" dir="1" index="1" bw="1" slack="1"/>
</pin_list>
<bind>
<opset="and_ln23_12 "/>
</bind>
</comp>

<comp id="4658" class="1005" name="icmp_ln23_7_reg_4658">
<pin_list>
<pin id="4659" dir="0" index="0" bw="1" slack="1"/>
<pin id="4660" dir="1" index="1" bw="1" slack="1"/>
</pin_list>
<bind>
<opset="icmp_ln23_7 "/>
</bind>
</comp>

<comp id="4663" class="1005" name="and_ln23_15_reg_4663">
<pin_list>
<pin id="4664" dir="0" index="0" bw="1" slack="1"/>
<pin id="4665" dir="1" index="1" bw="1" slack="1"/>
</pin_list>
<bind>
<opset="and_ln23_15 "/>
</bind>
</comp>

<comp id="4669" class="1005" name="and_ln23_16_reg_4669">
<pin_list>
<pin id="4670" dir="0" index="0" bw="1" slack="1"/>
<pin id="4671" dir="1" index="1" bw="1" slack="1"/>
</pin_list>
<bind>
<opset="and_ln23_16 "/>
</bind>
</comp>

<comp id="4674" class="1005" name="add_ln24_1_reg_4674">
<pin_list>
<pin id="4675" dir="0" index="0" bw="65" slack="1"/>
<pin id="4676" dir="1" index="1" bw="65" slack="1"/>
</pin_list>
<bind>
<opset="add_ln24_1 "/>
</bind>
</comp>

<comp id="4679" class="1005" name="add_ln24_5_reg_4679">
<pin_list>
<pin id="4680" dir="0" index="0" bw="65" slack="1"/>
<pin id="4681" dir="1" index="1" bw="65" slack="1"/>
</pin_list>
<bind>
<opset="add_ln24_5 "/>
</bind>
</comp>

<comp id="4684" class="1005" name="add_ln24_9_reg_4684">
<pin_list>
<pin id="4685" dir="0" index="0" bw="65" slack="1"/>
<pin id="4686" dir="1" index="1" bw="65" slack="1"/>
</pin_list>
<bind>
<opset="add_ln24_9 "/>
</bind>
</comp>

<comp id="4689" class="1005" name="tmp_106_reg_4689">
<pin_list>
<pin id="4690" dir="0" index="0" bw="1" slack="1"/>
<pin id="4691" dir="1" index="1" bw="1" slack="1"/>
</pin_list>
<bind>
<opset="tmp_106 "/>
</bind>
</comp>

<comp id="4694" class="1005" name="add_ln24_3_reg_4694">
<pin_list>
<pin id="4695" dir="0" index="0" bw="32" slack="1"/>
<pin id="4696" dir="1" index="1" bw="32" slack="1"/>
</pin_list>
<bind>
<opset="add_ln24_3 "/>
</bind>
</comp>

<comp id="4699" class="1005" name="and_ln24_reg_4699">
<pin_list>
<pin id="4700" dir="0" index="0" bw="1" slack="1"/>
<pin id="4701" dir="1" index="1" bw="1" slack="1"/>
</pin_list>
<bind>
<opset="and_ln24 "/>
</bind>
</comp>

<comp id="4704" class="1005" name="icmp_ln24_1_reg_4704">
<pin_list>
<pin id="4705" dir="0" index="0" bw="1" slack="1"/>
<pin id="4706" dir="1" index="1" bw="1" slack="1"/>
</pin_list>
<bind>
<opset="icmp_ln24_1 "/>
</bind>
</comp>

<comp id="4709" class="1005" name="and_ln24_3_reg_4709">
<pin_list>
<pin id="4710" dir="0" index="0" bw="1" slack="1"/>
<pin id="4711" dir="1" index="1" bw="1" slack="1"/>
</pin_list>
<bind>
<opset="and_ln24_3 "/>
</bind>
</comp>

<comp id="4715" class="1005" name="and_ln24_4_reg_4715">
<pin_list>
<pin id="4716" dir="0" index="0" bw="1" slack="1"/>
<pin id="4717" dir="1" index="1" bw="1" slack="1"/>
</pin_list>
<bind>
<opset="and_ln24_4 "/>
</bind>
</comp>

<comp id="4720" class="1005" name="tmp_126_reg_4720">
<pin_list>
<pin id="4721" dir="0" index="0" bw="1" slack="1"/>
<pin id="4722" dir="1" index="1" bw="1" slack="1"/>
</pin_list>
<bind>
<opset="tmp_126 "/>
</bind>
</comp>

<comp id="4725" class="1005" name="add_ln24_7_reg_4725">
<pin_list>
<pin id="4726" dir="0" index="0" bw="32" slack="1"/>
<pin id="4727" dir="1" index="1" bw="32" slack="1"/>
</pin_list>
<bind>
<opset="add_ln24_7 "/>
</bind>
</comp>

<comp id="4730" class="1005" name="and_ln24_6_reg_4730">
<pin_list>
<pin id="4731" dir="0" index="0" bw="1" slack="1"/>
<pin id="4732" dir="1" index="1" bw="1" slack="1"/>
</pin_list>
<bind>
<opset="and_ln24_6 "/>
</bind>
</comp>

<comp id="4735" class="1005" name="icmp_ln24_4_reg_4735">
<pin_list>
<pin id="4736" dir="0" index="0" bw="1" slack="1"/>
<pin id="4737" dir="1" index="1" bw="1" slack="1"/>
</pin_list>
<bind>
<opset="icmp_ln24_4 "/>
</bind>
</comp>

<comp id="4740" class="1005" name="and_ln24_9_reg_4740">
<pin_list>
<pin id="4741" dir="0" index="0" bw="1" slack="1"/>
<pin id="4742" dir="1" index="1" bw="1" slack="1"/>
</pin_list>
<bind>
<opset="and_ln24_9 "/>
</bind>
</comp>

<comp id="4746" class="1005" name="and_ln24_10_reg_4746">
<pin_list>
<pin id="4747" dir="0" index="0" bw="1" slack="1"/>
<pin id="4748" dir="1" index="1" bw="1" slack="1"/>
</pin_list>
<bind>
<opset="and_ln24_10 "/>
</bind>
</comp>

<comp id="4751" class="1005" name="tmp_146_reg_4751">
<pin_list>
<pin id="4752" dir="0" index="0" bw="1" slack="1"/>
<pin id="4753" dir="1" index="1" bw="1" slack="1"/>
</pin_list>
<bind>
<opset="tmp_146 "/>
</bind>
</comp>

<comp id="4756" class="1005" name="add_ln24_11_reg_4756">
<pin_list>
<pin id="4757" dir="0" index="0" bw="32" slack="1"/>
<pin id="4758" dir="1" index="1" bw="32" slack="1"/>
</pin_list>
<bind>
<opset="add_ln24_11 "/>
</bind>
</comp>

<comp id="4761" class="1005" name="and_ln24_12_reg_4761">
<pin_list>
<pin id="4762" dir="0" index="0" bw="1" slack="1"/>
<pin id="4763" dir="1" index="1" bw="1" slack="1"/>
</pin_list>
<bind>
<opset="and_ln24_12 "/>
</bind>
</comp>

<comp id="4766" class="1005" name="icmp_ln24_7_reg_4766">
<pin_list>
<pin id="4767" dir="0" index="0" bw="1" slack="1"/>
<pin id="4768" dir="1" index="1" bw="1" slack="1"/>
</pin_list>
<bind>
<opset="icmp_ln24_7 "/>
</bind>
</comp>

<comp id="4771" class="1005" name="and_ln24_15_reg_4771">
<pin_list>
<pin id="4772" dir="0" index="0" bw="1" slack="1"/>
<pin id="4773" dir="1" index="1" bw="1" slack="1"/>
</pin_list>
<bind>
<opset="and_ln24_15 "/>
</bind>
</comp>

<comp id="4777" class="1005" name="and_ln24_16_reg_4777">
<pin_list>
<pin id="4778" dir="0" index="0" bw="1" slack="1"/>
<pin id="4779" dir="1" index="1" bw="1" slack="1"/>
</pin_list>
<bind>
<opset="and_ln24_16 "/>
</bind>
</comp>

</comp_list>

<net_list>
<net id="261"><net_src comp="54" pin="0"/><net_sink comp="258" pin=0"/></net>

<net id="265"><net_src comp="54" pin="0"/><net_sink comp="262" pin=0"/></net>

<net id="270"><net_src comp="76" pin="0"/><net_sink comp="266" pin=0"/></net>

<net id="271"><net_src comp="6" pin="0"/><net_sink comp="266" pin=1"/></net>

<net id="276"><net_src comp="76" pin="0"/><net_sink comp="272" pin=0"/></net>

<net id="277"><net_src comp="2" pin="0"/><net_sink comp="272" pin=1"/></net>

<net id="283"><net_src comp="254" pin="0"/><net_sink comp="278" pin=0"/></net>

<net id="284"><net_src comp="8" pin="0"/><net_sink comp="278" pin=1"/></net>

<net id="290"><net_src comp="254" pin="0"/><net_sink comp="285" pin=0"/></net>

<net id="291"><net_src comp="10" pin="0"/><net_sink comp="285" pin=1"/></net>

<net id="297"><net_src comp="254" pin="0"/><net_sink comp="292" pin=0"/></net>

<net id="298"><net_src comp="12" pin="0"/><net_sink comp="292" pin=1"/></net>

<net id="304"><net_src comp="254" pin="0"/><net_sink comp="299" pin=0"/></net>

<net id="305"><net_src comp="14" pin="0"/><net_sink comp="299" pin=1"/></net>

<net id="311"><net_src comp="254" pin="0"/><net_sink comp="306" pin=0"/></net>

<net id="312"><net_src comp="16" pin="0"/><net_sink comp="306" pin=1"/></net>

<net id="318"><net_src comp="254" pin="0"/><net_sink comp="313" pin=0"/></net>

<net id="319"><net_src comp="18" pin="0"/><net_sink comp="313" pin=1"/></net>

<net id="325"><net_src comp="254" pin="0"/><net_sink comp="320" pin=0"/></net>

<net id="326"><net_src comp="20" pin="0"/><net_sink comp="320" pin=1"/></net>

<net id="332"><net_src comp="254" pin="0"/><net_sink comp="327" pin=0"/></net>

<net id="333"><net_src comp="22" pin="0"/><net_sink comp="327" pin=1"/></net>

<net id="339"><net_src comp="254" pin="0"/><net_sink comp="334" pin=0"/></net>

<net id="340"><net_src comp="24" pin="0"/><net_sink comp="334" pin=1"/></net>

<net id="346"><net_src comp="254" pin="0"/><net_sink comp="341" pin=0"/></net>

<net id="347"><net_src comp="26" pin="0"/><net_sink comp="341" pin=1"/></net>

<net id="353"><net_src comp="254" pin="0"/><net_sink comp="348" pin=0"/></net>

<net id="354"><net_src comp="28" pin="0"/><net_sink comp="348" pin=1"/></net>

<net id="360"><net_src comp="254" pin="0"/><net_sink comp="355" pin=0"/></net>

<net id="361"><net_src comp="30" pin="0"/><net_sink comp="355" pin=1"/></net>

<net id="367"><net_src comp="254" pin="0"/><net_sink comp="362" pin=0"/></net>

<net id="368"><net_src comp="32" pin="0"/><net_sink comp="362" pin=1"/></net>

<net id="374"><net_src comp="254" pin="0"/><net_sink comp="369" pin=0"/></net>

<net id="375"><net_src comp="34" pin="0"/><net_sink comp="369" pin=1"/></net>

<net id="381"><net_src comp="254" pin="0"/><net_sink comp="376" pin=0"/></net>

<net id="382"><net_src comp="36" pin="0"/><net_sink comp="376" pin=1"/></net>

<net id="388"><net_src comp="254" pin="0"/><net_sink comp="383" pin=0"/></net>

<net id="389"><net_src comp="38" pin="0"/><net_sink comp="383" pin=1"/></net>

<net id="395"><net_src comp="254" pin="0"/><net_sink comp="390" pin=0"/></net>

<net id="396"><net_src comp="40" pin="0"/><net_sink comp="390" pin=1"/></net>

<net id="402"><net_src comp="254" pin="0"/><net_sink comp="397" pin=0"/></net>

<net id="403"><net_src comp="42" pin="0"/><net_sink comp="397" pin=1"/></net>

<net id="409"><net_src comp="254" pin="0"/><net_sink comp="404" pin=0"/></net>

<net id="410"><net_src comp="44" pin="0"/><net_sink comp="404" pin=1"/></net>

<net id="416"><net_src comp="254" pin="0"/><net_sink comp="411" pin=0"/></net>

<net id="417"><net_src comp="46" pin="0"/><net_sink comp="411" pin=1"/></net>

<net id="423"><net_src comp="254" pin="0"/><net_sink comp="418" pin=0"/></net>

<net id="424"><net_src comp="48" pin="0"/><net_sink comp="418" pin=1"/></net>

<net id="430"><net_src comp="254" pin="0"/><net_sink comp="425" pin=0"/></net>

<net id="431"><net_src comp="50" pin="0"/><net_sink comp="425" pin=1"/></net>

<net id="437"><net_src comp="256" pin="0"/><net_sink comp="432" pin=0"/></net>

<net id="438"><net_src comp="52" pin="0"/><net_sink comp="432" pin=1"/></net>

<net id="444"><net_src comp="104" pin="0"/><net_sink comp="439" pin=0"/></net>

<net id="449"><net_src comp="116" pin="0"/><net_sink comp="445" pin=0"/></net>

<net id="455"><net_src comp="214" pin="0"/><net_sink comp="450" pin=0"/></net>

<net id="456"><net_src comp="216" pin="0"/><net_sink comp="450" pin=2"/></net>

<net id="461"><net_src comp="218" pin="0"/><net_sink comp="457" pin=0"/></net>

<net id="465"><net_src comp="118" pin="0"/><net_sink comp="462" pin=0"/></net>

<net id="472"><net_src comp="462" pin="1"/><net_sink comp="466" pin=2"/></net>

<net id="476"><net_src comp="473" pin="1"/><net_sink comp="278" pin=2"/></net>

<net id="483"><net_src comp="477" pin="4"/><net_sink comp="473" pin=0"/></net>

<net id="487"><net_src comp="484" pin="1"/><net_sink comp="306" pin=2"/></net>

<net id="494"><net_src comp="488" pin="4"/><net_sink comp="484" pin=0"/></net>

<net id="498"><net_src comp="495" pin="1"/><net_sink comp="334" pin=2"/></net>

<net id="505"><net_src comp="499" pin="4"/><net_sink comp="495" pin=0"/></net>

<net id="509"><net_src comp="506" pin="1"/><net_sink comp="285" pin=2"/></net>

<net id="516"><net_src comp="510" pin="4"/><net_sink comp="506" pin=0"/></net>

<net id="520"><net_src comp="517" pin="1"/><net_sink comp="313" pin=2"/></net>

<net id="527"><net_src comp="521" pin="4"/><net_sink comp="517" pin=0"/></net>

<net id="531"><net_src comp="528" pin="1"/><net_sink comp="341" pin=2"/></net>

<net id="538"><net_src comp="532" pin="4"/><net_sink comp="528" pin=0"/></net>

<net id="542"><net_src comp="539" pin="1"/><net_sink comp="292" pin=2"/></net>

<net id="549"><net_src comp="543" pin="4"/><net_sink comp="539" pin=0"/></net>

<net id="553"><net_src comp="550" pin="1"/><net_sink comp="320" pin=2"/></net>

<net id="560"><net_src comp="554" pin="4"/><net_sink comp="550" pin=0"/></net>

<net id="564"><net_src comp="561" pin="1"/><net_sink comp="348" pin=2"/></net>

<net id="571"><net_src comp="565" pin="4"/><net_sink comp="561" pin=0"/></net>

<net id="581"><net_src comp="575" pin="4"/><net_sink comp="299" pin=2"/></net>

<net id="591"><net_src comp="585" pin="4"/><net_sink comp="327" pin=2"/></net>

<net id="601"><net_src comp="595" pin="4"/><net_sink comp="355" pin=2"/></net>

<net id="617"><net_src comp="457" pin="2"/><net_sink comp="614" pin=0"/></net>

<net id="621"><net_src comp="602" pin="2"/><net_sink comp="618" pin=0"/></net>

<net id="625"><net_src comp="606" pin="2"/><net_sink comp="622" pin=0"/></net>

<net id="629"><net_src comp="610" pin="2"/><net_sink comp="626" pin=0"/></net>

<net id="633"><net_src comp="602" pin="2"/><net_sink comp="630" pin=0"/></net>

<net id="637"><net_src comp="606" pin="2"/><net_sink comp="634" pin=0"/></net>

<net id="641"><net_src comp="610" pin="2"/><net_sink comp="638" pin=0"/></net>

<net id="648"><net_src comp="78" pin="0"/><net_sink comp="642" pin=0"/></net>

<net id="649"><net_src comp="266" pin="2"/><net_sink comp="642" pin=1"/></net>

<net id="650"><net_src comp="80" pin="0"/><net_sink comp="642" pin=2"/></net>

<net id="651"><net_src comp="82" pin="0"/><net_sink comp="642" pin=3"/></net>

<net id="655"><net_src comp="642" pin="4"/><net_sink comp="652" pin=0"/></net>

<net id="660"><net_src comp="4" pin="0"/><net_sink comp="656" pin=0"/></net>

<net id="661"><net_src comp="652" pin="1"/><net_sink comp="656" pin=1"/></net>

<net id="666"><net_src comp="84" pin="0"/><net_sink comp="662" pin=0"/></net>

<net id="671"><net_src comp="86" pin="0"/><net_sink comp="667" pin=0"/></net>

<net id="682"><net_src comp="672" pin="1"/><net_sink comp="678" pin=0"/></net>

<net id="683"><net_src comp="88" pin="0"/><net_sink comp="678" pin=1"/></net>

<net id="687"><net_src comp="672" pin="1"/><net_sink comp="684" pin=0"/></net>

<net id="692"><net_src comp="684" pin="1"/><net_sink comp="688" pin=0"/></net>

<net id="693"><net_src comp="272" pin="2"/><net_sink comp="688" pin=1"/></net>

<net id="697"><net_src comp="688" pin="2"/><net_sink comp="694" pin=0"/></net>

<net id="702"><net_src comp="694" pin="1"/><net_sink comp="698" pin=0"/></net>

<net id="703"><net_src comp="90" pin="0"/><net_sink comp="698" pin=1"/></net>

<net id="709"><net_src comp="698" pin="2"/><net_sink comp="704" pin=0"/></net>

<net id="710"><net_src comp="92" pin="0"/><net_sink comp="704" pin=1"/></net>

<net id="711"><net_src comp="94" pin="0"/><net_sink comp="704" pin=2"/></net>

<net id="718"><net_src comp="96" pin="0"/><net_sink comp="712" pin=0"/></net>

<net id="719"><net_src comp="688" pin="2"/><net_sink comp="712" pin=1"/></net>

<net id="720"><net_src comp="98" pin="0"/><net_sink comp="712" pin=2"/></net>

<net id="721"><net_src comp="82" pin="0"/><net_sink comp="712" pin=3"/></net>

<net id="726"><net_src comp="675" pin="1"/><net_sink comp="722" pin=0"/></net>

<net id="727"><net_src comp="100" pin="0"/><net_sink comp="722" pin=1"/></net>

<net id="732"><net_src comp="675" pin="1"/><net_sink comp="728" pin=0"/></net>

<net id="733"><net_src comp="102" pin="0"/><net_sink comp="728" pin=1"/></net>

<net id="738"><net_src comp="722" pin="2"/><net_sink comp="734" pin=0"/></net>

<net id="743"><net_src comp="678" pin="2"/><net_sink comp="739" pin=0"/></net>

<net id="751"><net_src comp="0" pin="0"/><net_sink comp="747" pin=0"/></net>

<net id="752"><net_src comp="744" pin="1"/><net_sink comp="747" pin=1"/></net>

<net id="753"><net_src comp="747" pin="2"/><net_sink comp="439" pin=1"/></net>

<net id="757"><net_src comp="445" pin="2"/><net_sink comp="754" pin=0"/></net>

<net id="763"><net_src comp="120" pin="0"/><net_sink comp="758" pin=0"/></net>

<net id="764"><net_src comp="466" pin="4"/><net_sink comp="758" pin=1"/></net>

<net id="770"><net_src comp="122" pin="0"/><net_sink comp="765" pin=0"/></net>

<net id="771"><net_src comp="124" pin="0"/><net_sink comp="765" pin=2"/></net>

<net id="775"><net_src comp="765" pin="3"/><net_sink comp="772" pin=0"/></net>

<net id="780"><net_src comp="758" pin="3"/><net_sink comp="776" pin=0"/></net>

<net id="781"><net_src comp="772" pin="1"/><net_sink comp="776" pin=1"/></net>

<net id="785"><net_src comp="776" pin="2"/><net_sink comp="782" pin=0"/></net>

<net id="792"><net_src comp="126" pin="0"/><net_sink comp="786" pin=0"/></net>

<net id="793"><net_src comp="776" pin="2"/><net_sink comp="786" pin=1"/></net>

<net id="794"><net_src comp="128" pin="0"/><net_sink comp="786" pin=2"/></net>

<net id="795"><net_src comp="82" pin="0"/><net_sink comp="786" pin=3"/></net>

<net id="802"><net_src comp="126" pin="0"/><net_sink comp="796" pin=0"/></net>

<net id="803"><net_src comp="776" pin="2"/><net_sink comp="796" pin=1"/></net>

<net id="804"><net_src comp="130" pin="0"/><net_sink comp="796" pin=2"/></net>

<net id="805"><net_src comp="132" pin="0"/><net_sink comp="796" pin=3"/></net>

<net id="812"><net_src comp="126" pin="0"/><net_sink comp="806" pin=0"/></net>

<net id="813"><net_src comp="776" pin="2"/><net_sink comp="806" pin=1"/></net>

<net id="814"><net_src comp="134" pin="0"/><net_sink comp="806" pin=2"/></net>

<net id="815"><net_src comp="136" pin="0"/><net_sink comp="806" pin=3"/></net>

<net id="822"><net_src comp="126" pin="0"/><net_sink comp="816" pin=0"/></net>

<net id="823"><net_src comp="776" pin="2"/><net_sink comp="816" pin=1"/></net>

<net id="824"><net_src comp="138" pin="0"/><net_sink comp="816" pin=2"/></net>

<net id="825"><net_src comp="140" pin="0"/><net_sink comp="816" pin=3"/></net>

<net id="832"><net_src comp="126" pin="0"/><net_sink comp="826" pin=0"/></net>

<net id="833"><net_src comp="776" pin="2"/><net_sink comp="826" pin=1"/></net>

<net id="834"><net_src comp="142" pin="0"/><net_sink comp="826" pin=2"/></net>

<net id="835"><net_src comp="144" pin="0"/><net_sink comp="826" pin=3"/></net>

<net id="842"><net_src comp="126" pin="0"/><net_sink comp="836" pin=0"/></net>

<net id="843"><net_src comp="776" pin="2"/><net_sink comp="836" pin=1"/></net>

<net id="844"><net_src comp="146" pin="0"/><net_sink comp="836" pin=2"/></net>

<net id="845"><net_src comp="148" pin="0"/><net_sink comp="836" pin=3"/></net>

<net id="852"><net_src comp="126" pin="0"/><net_sink comp="846" pin=0"/></net>

<net id="853"><net_src comp="776" pin="2"/><net_sink comp="846" pin=1"/></net>

<net id="854"><net_src comp="150" pin="0"/><net_sink comp="846" pin=2"/></net>

<net id="855"><net_src comp="152" pin="0"/><net_sink comp="846" pin=3"/></net>

<net id="862"><net_src comp="126" pin="0"/><net_sink comp="856" pin=0"/></net>

<net id="863"><net_src comp="776" pin="2"/><net_sink comp="856" pin=1"/></net>

<net id="864"><net_src comp="154" pin="0"/><net_sink comp="856" pin=2"/></net>

<net id="865"><net_src comp="156" pin="0"/><net_sink comp="856" pin=3"/></net>

<net id="872"><net_src comp="126" pin="0"/><net_sink comp="866" pin=0"/></net>

<net id="873"><net_src comp="776" pin="2"/><net_sink comp="866" pin=1"/></net>

<net id="874"><net_src comp="158" pin="0"/><net_sink comp="866" pin=2"/></net>

<net id="875"><net_src comp="160" pin="0"/><net_sink comp="866" pin=3"/></net>

<net id="882"><net_src comp="126" pin="0"/><net_sink comp="876" pin=0"/></net>

<net id="883"><net_src comp="776" pin="2"/><net_sink comp="876" pin=1"/></net>

<net id="884"><net_src comp="162" pin="0"/><net_sink comp="876" pin=2"/></net>

<net id="885"><net_src comp="164" pin="0"/><net_sink comp="876" pin=3"/></net>

<net id="892"><net_src comp="126" pin="0"/><net_sink comp="886" pin=0"/></net>

<net id="893"><net_src comp="776" pin="2"/><net_sink comp="886" pin=1"/></net>

<net id="894"><net_src comp="166" pin="0"/><net_sink comp="886" pin=2"/></net>

<net id="895"><net_src comp="168" pin="0"/><net_sink comp="886" pin=3"/></net>

<net id="902"><net_src comp="126" pin="0"/><net_sink comp="896" pin=0"/></net>

<net id="903"><net_src comp="776" pin="2"/><net_sink comp="896" pin=1"/></net>

<net id="904"><net_src comp="170" pin="0"/><net_sink comp="896" pin=2"/></net>

<net id="905"><net_src comp="172" pin="0"/><net_sink comp="896" pin=3"/></net>

<net id="912"><net_src comp="126" pin="0"/><net_sink comp="906" pin=0"/></net>

<net id="913"><net_src comp="776" pin="2"/><net_sink comp="906" pin=1"/></net>

<net id="914"><net_src comp="174" pin="0"/><net_sink comp="906" pin=2"/></net>

<net id="915"><net_src comp="176" pin="0"/><net_sink comp="906" pin=3"/></net>

<net id="922"><net_src comp="126" pin="0"/><net_sink comp="916" pin=0"/></net>

<net id="923"><net_src comp="776" pin="2"/><net_sink comp="916" pin=1"/></net>

<net id="924"><net_src comp="178" pin="0"/><net_sink comp="916" pin=2"/></net>

<net id="925"><net_src comp="180" pin="0"/><net_sink comp="916" pin=3"/></net>

<net id="932"><net_src comp="126" pin="0"/><net_sink comp="926" pin=0"/></net>

<net id="933"><net_src comp="776" pin="2"/><net_sink comp="926" pin=1"/></net>

<net id="934"><net_src comp="182" pin="0"/><net_sink comp="926" pin=2"/></net>

<net id="935"><net_src comp="184" pin="0"/><net_sink comp="926" pin=3"/></net>

<net id="942"><net_src comp="126" pin="0"/><net_sink comp="936" pin=0"/></net>

<net id="943"><net_src comp="776" pin="2"/><net_sink comp="936" pin=1"/></net>

<net id="944"><net_src comp="186" pin="0"/><net_sink comp="936" pin=2"/></net>

<net id="945"><net_src comp="188" pin="0"/><net_sink comp="936" pin=3"/></net>

<net id="952"><net_src comp="126" pin="0"/><net_sink comp="946" pin=0"/></net>

<net id="953"><net_src comp="776" pin="2"/><net_sink comp="946" pin=1"/></net>

<net id="954"><net_src comp="190" pin="0"/><net_sink comp="946" pin=2"/></net>

<net id="955"><net_src comp="192" pin="0"/><net_sink comp="946" pin=3"/></net>

<net id="962"><net_src comp="126" pin="0"/><net_sink comp="956" pin=0"/></net>

<net id="963"><net_src comp="776" pin="2"/><net_sink comp="956" pin=1"/></net>

<net id="964"><net_src comp="194" pin="0"/><net_sink comp="956" pin=2"/></net>

<net id="965"><net_src comp="196" pin="0"/><net_sink comp="956" pin=3"/></net>

<net id="972"><net_src comp="126" pin="0"/><net_sink comp="966" pin=0"/></net>

<net id="973"><net_src comp="776" pin="2"/><net_sink comp="966" pin=1"/></net>

<net id="974"><net_src comp="198" pin="0"/><net_sink comp="966" pin=2"/></net>

<net id="975"><net_src comp="200" pin="0"/><net_sink comp="966" pin=3"/></net>

<net id="982"><net_src comp="126" pin="0"/><net_sink comp="976" pin=0"/></net>

<net id="983"><net_src comp="776" pin="2"/><net_sink comp="976" pin=1"/></net>

<net id="984"><net_src comp="202" pin="0"/><net_sink comp="976" pin=2"/></net>

<net id="985"><net_src comp="204" pin="0"/><net_sink comp="976" pin=3"/></net>

<net id="992"><net_src comp="126" pin="0"/><net_sink comp="986" pin=0"/></net>

<net id="993"><net_src comp="776" pin="2"/><net_sink comp="986" pin=1"/></net>

<net id="994"><net_src comp="206" pin="0"/><net_sink comp="986" pin=2"/></net>

<net id="995"><net_src comp="208" pin="0"/><net_sink comp="986" pin=3"/></net>

<net id="1001"><net_src comp="210" pin="0"/><net_sink comp="996" pin=0"/></net>

<net id="1002"><net_src comp="776" pin="2"/><net_sink comp="996" pin=1"/></net>

<net id="1003"><net_src comp="212" pin="0"/><net_sink comp="996" pin=2"/></net>

<net id="1007"><net_src comp="614" pin="1"/><net_sink comp="1004" pin=0"/></net>

<net id="1008"><net_src comp="1004" pin="1"/><net_sink comp="602" pin=0"/></net>

<net id="1009"><net_src comp="1004" pin="1"/><net_sink comp="606" pin=0"/></net>

<net id="1010"><net_src comp="1004" pin="1"/><net_sink comp="610" pin=0"/></net>

<net id="1014"><net_src comp="1011" pin="1"/><net_sink comp="602" pin=1"/></net>

<net id="1018"><net_src comp="1015" pin="1"/><net_sink comp="606" pin=1"/></net>

<net id="1022"><net_src comp="1019" pin="1"/><net_sink comp="610" pin=1"/></net>

<net id="1026"><net_src comp="614" pin="1"/><net_sink comp="1023" pin=0"/></net>

<net id="1027"><net_src comp="1023" pin="1"/><net_sink comp="602" pin=0"/></net>

<net id="1028"><net_src comp="1023" pin="1"/><net_sink comp="606" pin=0"/></net>

<net id="1029"><net_src comp="1023" pin="1"/><net_sink comp="610" pin=0"/></net>

<net id="1033"><net_src comp="1030" pin="1"/><net_sink comp="602" pin=1"/></net>

<net id="1037"><net_src comp="1034" pin="1"/><net_sink comp="606" pin=1"/></net>

<net id="1041"><net_src comp="1038" pin="1"/><net_sink comp="610" pin=1"/></net>

<net id="1045"><net_src comp="614" pin="1"/><net_sink comp="1042" pin=0"/></net>

<net id="1046"><net_src comp="1042" pin="1"/><net_sink comp="602" pin=0"/></net>

<net id="1047"><net_src comp="1042" pin="1"/><net_sink comp="606" pin=0"/></net>

<net id="1048"><net_src comp="1042" pin="1"/><net_sink comp="610" pin=0"/></net>

<net id="1052"><net_src comp="618" pin="1"/><net_sink comp="1049" pin=0"/></net>

<net id="1056"><net_src comp="630" pin="1"/><net_sink comp="1053" pin=0"/></net>

<net id="1060"><net_src comp="1057" pin="1"/><net_sink comp="602" pin=1"/></net>

<net id="1064"><net_src comp="602" pin="2"/><net_sink comp="1061" pin=0"/></net>

<net id="1069"><net_src comp="1049" pin="1"/><net_sink comp="1065" pin=0"/></net>

<net id="1070"><net_src comp="1061" pin="1"/><net_sink comp="1065" pin=1"/></net>

<net id="1075"><net_src comp="1065" pin="2"/><net_sink comp="1071" pin=0"/></net>

<net id="1076"><net_src comp="1053" pin="1"/><net_sink comp="1071" pin=1"/></net>

<net id="1080"><net_src comp="622" pin="1"/><net_sink comp="1077" pin=0"/></net>

<net id="1084"><net_src comp="634" pin="1"/><net_sink comp="1081" pin=0"/></net>

<net id="1088"><net_src comp="1085" pin="1"/><net_sink comp="606" pin=1"/></net>

<net id="1092"><net_src comp="606" pin="2"/><net_sink comp="1089" pin=0"/></net>

<net id="1097"><net_src comp="1077" pin="1"/><net_sink comp="1093" pin=0"/></net>

<net id="1098"><net_src comp="1089" pin="1"/><net_sink comp="1093" pin=1"/></net>

<net id="1103"><net_src comp="1093" pin="2"/><net_sink comp="1099" pin=0"/></net>

<net id="1104"><net_src comp="1081" pin="1"/><net_sink comp="1099" pin=1"/></net>

<net id="1108"><net_src comp="626" pin="1"/><net_sink comp="1105" pin=0"/></net>

<net id="1112"><net_src comp="638" pin="1"/><net_sink comp="1109" pin=0"/></net>

<net id="1116"><net_src comp="1113" pin="1"/><net_sink comp="610" pin=1"/></net>

<net id="1120"><net_src comp="610" pin="2"/><net_sink comp="1117" pin=0"/></net>

<net id="1125"><net_src comp="1105" pin="1"/><net_sink comp="1121" pin=0"/></net>

<net id="1126"><net_src comp="1117" pin="1"/><net_sink comp="1121" pin=1"/></net>

<net id="1131"><net_src comp="1121" pin="2"/><net_sink comp="1127" pin=0"/></net>

<net id="1132"><net_src comp="1109" pin="1"/><net_sink comp="1127" pin=1"/></net>

<net id="1136"><net_src comp="614" pin="1"/><net_sink comp="1133" pin=0"/></net>

<net id="1137"><net_src comp="1133" pin="1"/><net_sink comp="602" pin=0"/></net>

<net id="1138"><net_src comp="1133" pin="1"/><net_sink comp="606" pin=0"/></net>

<net id="1139"><net_src comp="1133" pin="1"/><net_sink comp="610" pin=0"/></net>

<net id="1143"><net_src comp="1140" pin="1"/><net_sink comp="602" pin=1"/></net>

<net id="1150"><net_src comp="602" pin="2"/><net_sink comp="1147" pin=0"/></net>

<net id="1155"><net_src comp="1144" pin="1"/><net_sink comp="1151" pin=0"/></net>

<net id="1156"><net_src comp="1147" pin="1"/><net_sink comp="1151" pin=1"/></net>

<net id="1162"><net_src comp="220" pin="0"/><net_sink comp="1157" pin=0"/></net>

<net id="1163"><net_src comp="1151" pin="2"/><net_sink comp="1157" pin=1"/></net>

<net id="1164"><net_src comp="222" pin="0"/><net_sink comp="1157" pin=2"/></net>

<net id="1171"><net_src comp="224" pin="0"/><net_sink comp="1165" pin=0"/></net>

<net id="1172"><net_src comp="1151" pin="2"/><net_sink comp="1165" pin=1"/></net>

<net id="1173"><net_src comp="72" pin="0"/><net_sink comp="1165" pin=2"/></net>

<net id="1174"><net_src comp="226" pin="0"/><net_sink comp="1165" pin=3"/></net>

<net id="1180"><net_src comp="220" pin="0"/><net_sink comp="1175" pin=0"/></net>

<net id="1181"><net_src comp="1151" pin="2"/><net_sink comp="1175" pin=1"/></net>

<net id="1182"><net_src comp="228" pin="0"/><net_sink comp="1175" pin=2"/></net>

<net id="1188"><net_src comp="220" pin="0"/><net_sink comp="1183" pin=0"/></net>

<net id="1189"><net_src comp="1151" pin="2"/><net_sink comp="1183" pin=1"/></net>

<net id="1190"><net_src comp="226" pin="0"/><net_sink comp="1183" pin=2"/></net>

<net id="1194"><net_src comp="1175" pin="3"/><net_sink comp="1191" pin=0"/></net>

<net id="1199"><net_src comp="1165" pin="4"/><net_sink comp="1195" pin=0"/></net>

<net id="1200"><net_src comp="1191" pin="1"/><net_sink comp="1195" pin=1"/></net>

<net id="1206"><net_src comp="230" pin="0"/><net_sink comp="1201" pin=0"/></net>

<net id="1207"><net_src comp="1195" pin="2"/><net_sink comp="1201" pin=1"/></net>

<net id="1208"><net_src comp="232" pin="0"/><net_sink comp="1201" pin=2"/></net>

<net id="1213"><net_src comp="1201" pin="3"/><net_sink comp="1209" pin=0"/></net>

<net id="1214"><net_src comp="234" pin="0"/><net_sink comp="1209" pin=1"/></net>

<net id="1219"><net_src comp="1183" pin="3"/><net_sink comp="1215" pin=0"/></net>

<net id="1220"><net_src comp="1209" pin="2"/><net_sink comp="1215" pin=1"/></net>

<net id="1226"><net_src comp="220" pin="0"/><net_sink comp="1221" pin=0"/></net>

<net id="1227"><net_src comp="1151" pin="2"/><net_sink comp="1221" pin=1"/></net>

<net id="1228"><net_src comp="236" pin="0"/><net_sink comp="1221" pin=2"/></net>

<net id="1235"><net_src comp="238" pin="0"/><net_sink comp="1229" pin=0"/></net>

<net id="1236"><net_src comp="1151" pin="2"/><net_sink comp="1229" pin=1"/></net>

<net id="1237"><net_src comp="240" pin="0"/><net_sink comp="1229" pin=2"/></net>

<net id="1238"><net_src comp="222" pin="0"/><net_sink comp="1229" pin=3"/></net>

<net id="1243"><net_src comp="1229" pin="4"/><net_sink comp="1239" pin=0"/></net>

<net id="1244"><net_src comp="242" pin="0"/><net_sink comp="1239" pin=1"/></net>

<net id="1251"><net_src comp="244" pin="0"/><net_sink comp="1245" pin=0"/></net>

<net id="1252"><net_src comp="1151" pin="2"/><net_sink comp="1245" pin=1"/></net>

<net id="1253"><net_src comp="236" pin="0"/><net_sink comp="1245" pin=2"/></net>

<net id="1254"><net_src comp="222" pin="0"/><net_sink comp="1245" pin=3"/></net>

<net id="1259"><net_src comp="1245" pin="4"/><net_sink comp="1255" pin=0"/></net>

<net id="1260"><net_src comp="246" pin="0"/><net_sink comp="1255" pin=1"/></net>

<net id="1265"><net_src comp="1245" pin="4"/><net_sink comp="1261" pin=0"/></net>

<net id="1266"><net_src comp="248" pin="0"/><net_sink comp="1261" pin=1"/></net>

<net id="1272"><net_src comp="1215" pin="2"/><net_sink comp="1267" pin=0"/></net>

<net id="1273"><net_src comp="1255" pin="2"/><net_sink comp="1267" pin=1"/></net>

<net id="1274"><net_src comp="1261" pin="2"/><net_sink comp="1267" pin=2"/></net>

<net id="1279"><net_src comp="1221" pin="3"/><net_sink comp="1275" pin=0"/></net>

<net id="1280"><net_src comp="234" pin="0"/><net_sink comp="1275" pin=1"/></net>

<net id="1285"><net_src comp="1239" pin="2"/><net_sink comp="1281" pin=0"/></net>

<net id="1286"><net_src comp="1275" pin="2"/><net_sink comp="1281" pin=1"/></net>

<net id="1292"><net_src comp="1215" pin="2"/><net_sink comp="1287" pin=0"/></net>

<net id="1293"><net_src comp="1281" pin="2"/><net_sink comp="1287" pin=1"/></net>

<net id="1294"><net_src comp="1255" pin="2"/><net_sink comp="1287" pin=2"/></net>

<net id="1299"><net_src comp="1267" pin="3"/><net_sink comp="1295" pin=0"/></net>

<net id="1300"><net_src comp="234" pin="0"/><net_sink comp="1295" pin=1"/></net>

<net id="1305"><net_src comp="1201" pin="3"/><net_sink comp="1301" pin=0"/></net>

<net id="1306"><net_src comp="1295" pin="2"/><net_sink comp="1301" pin=1"/></net>

<net id="1311"><net_src comp="1157" pin="3"/><net_sink comp="1307" pin=0"/></net>

<net id="1312"><net_src comp="234" pin="0"/><net_sink comp="1307" pin=1"/></net>

<net id="1317"><net_src comp="1301" pin="2"/><net_sink comp="1313" pin=0"/></net>

<net id="1318"><net_src comp="1307" pin="2"/><net_sink comp="1313" pin=1"/></net>

<net id="1323"><net_src comp="1201" pin="3"/><net_sink comp="1319" pin=0"/></net>

<net id="1324"><net_src comp="1287" pin="3"/><net_sink comp="1319" pin=1"/></net>

<net id="1328"><net_src comp="1325" pin="1"/><net_sink comp="606" pin=1"/></net>

<net id="1335"><net_src comp="606" pin="2"/><net_sink comp="1332" pin=0"/></net>

<net id="1340"><net_src comp="1329" pin="1"/><net_sink comp="1336" pin=0"/></net>

<net id="1341"><net_src comp="1332" pin="1"/><net_sink comp="1336" pin=1"/></net>

<net id="1347"><net_src comp="220" pin="0"/><net_sink comp="1342" pin=0"/></net>

<net id="1348"><net_src comp="1336" pin="2"/><net_sink comp="1342" pin=1"/></net>

<net id="1349"><net_src comp="222" pin="0"/><net_sink comp="1342" pin=2"/></net>

<net id="1356"><net_src comp="224" pin="0"/><net_sink comp="1350" pin=0"/></net>

<net id="1357"><net_src comp="1336" pin="2"/><net_sink comp="1350" pin=1"/></net>

<net id="1358"><net_src comp="72" pin="0"/><net_sink comp="1350" pin=2"/></net>

<net id="1359"><net_src comp="226" pin="0"/><net_sink comp="1350" pin=3"/></net>

<net id="1365"><net_src comp="220" pin="0"/><net_sink comp="1360" pin=0"/></net>

<net id="1366"><net_src comp="1336" pin="2"/><net_sink comp="1360" pin=1"/></net>

<net id="1367"><net_src comp="228" pin="0"/><net_sink comp="1360" pin=2"/></net>

<net id="1373"><net_src comp="220" pin="0"/><net_sink comp="1368" pin=0"/></net>

<net id="1374"><net_src comp="1336" pin="2"/><net_sink comp="1368" pin=1"/></net>

<net id="1375"><net_src comp="226" pin="0"/><net_sink comp="1368" pin=2"/></net>

<net id="1379"><net_src comp="1360" pin="3"/><net_sink comp="1376" pin=0"/></net>

<net id="1384"><net_src comp="1350" pin="4"/><net_sink comp="1380" pin=0"/></net>

<net id="1385"><net_src comp="1376" pin="1"/><net_sink comp="1380" pin=1"/></net>

<net id="1391"><net_src comp="230" pin="0"/><net_sink comp="1386" pin=0"/></net>

<net id="1392"><net_src comp="1380" pin="2"/><net_sink comp="1386" pin=1"/></net>

<net id="1393"><net_src comp="232" pin="0"/><net_sink comp="1386" pin=2"/></net>

<net id="1398"><net_src comp="1386" pin="3"/><net_sink comp="1394" pin=0"/></net>

<net id="1399"><net_src comp="234" pin="0"/><net_sink comp="1394" pin=1"/></net>

<net id="1404"><net_src comp="1368" pin="3"/><net_sink comp="1400" pin=0"/></net>

<net id="1405"><net_src comp="1394" pin="2"/><net_sink comp="1400" pin=1"/></net>

<net id="1411"><net_src comp="220" pin="0"/><net_sink comp="1406" pin=0"/></net>

<net id="1412"><net_src comp="1336" pin="2"/><net_sink comp="1406" pin=1"/></net>

<net id="1413"><net_src comp="236" pin="0"/><net_sink comp="1406" pin=2"/></net>

<net id="1420"><net_src comp="238" pin="0"/><net_sink comp="1414" pin=0"/></net>

<net id="1421"><net_src comp="1336" pin="2"/><net_sink comp="1414" pin=1"/></net>

<net id="1422"><net_src comp="240" pin="0"/><net_sink comp="1414" pin=2"/></net>

<net id="1423"><net_src comp="222" pin="0"/><net_sink comp="1414" pin=3"/></net>

<net id="1428"><net_src comp="1414" pin="4"/><net_sink comp="1424" pin=0"/></net>

<net id="1429"><net_src comp="242" pin="0"/><net_sink comp="1424" pin=1"/></net>

<net id="1436"><net_src comp="244" pin="0"/><net_sink comp="1430" pin=0"/></net>

<net id="1437"><net_src comp="1336" pin="2"/><net_sink comp="1430" pin=1"/></net>

<net id="1438"><net_src comp="236" pin="0"/><net_sink comp="1430" pin=2"/></net>

<net id="1439"><net_src comp="222" pin="0"/><net_sink comp="1430" pin=3"/></net>

<net id="1444"><net_src comp="1430" pin="4"/><net_sink comp="1440" pin=0"/></net>

<net id="1445"><net_src comp="246" pin="0"/><net_sink comp="1440" pin=1"/></net>

<net id="1450"><net_src comp="1430" pin="4"/><net_sink comp="1446" pin=0"/></net>

<net id="1451"><net_src comp="248" pin="0"/><net_sink comp="1446" pin=1"/></net>

<net id="1457"><net_src comp="1400" pin="2"/><net_sink comp="1452" pin=0"/></net>

<net id="1458"><net_src comp="1440" pin="2"/><net_sink comp="1452" pin=1"/></net>

<net id="1459"><net_src comp="1446" pin="2"/><net_sink comp="1452" pin=2"/></net>

<net id="1464"><net_src comp="1406" pin="3"/><net_sink comp="1460" pin=0"/></net>

<net id="1465"><net_src comp="234" pin="0"/><net_sink comp="1460" pin=1"/></net>

<net id="1470"><net_src comp="1424" pin="2"/><net_sink comp="1466" pin=0"/></net>

<net id="1471"><net_src comp="1460" pin="2"/><net_sink comp="1466" pin=1"/></net>

<net id="1477"><net_src comp="1400" pin="2"/><net_sink comp="1472" pin=0"/></net>

<net id="1478"><net_src comp="1466" pin="2"/><net_sink comp="1472" pin=1"/></net>

<net id="1479"><net_src comp="1440" pin="2"/><net_sink comp="1472" pin=2"/></net>

<net id="1484"><net_src comp="1452" pin="3"/><net_sink comp="1480" pin=0"/></net>

<net id="1485"><net_src comp="234" pin="0"/><net_sink comp="1480" pin=1"/></net>

<net id="1490"><net_src comp="1386" pin="3"/><net_sink comp="1486" pin=0"/></net>

<net id="1491"><net_src comp="1480" pin="2"/><net_sink comp="1486" pin=1"/></net>

<net id="1496"><net_src comp="1342" pin="3"/><net_sink comp="1492" pin=0"/></net>

<net id="1497"><net_src comp="234" pin="0"/><net_sink comp="1492" pin=1"/></net>

<net id="1502"><net_src comp="1486" pin="2"/><net_sink comp="1498" pin=0"/></net>

<net id="1503"><net_src comp="1492" pin="2"/><net_sink comp="1498" pin=1"/></net>

<net id="1508"><net_src comp="1386" pin="3"/><net_sink comp="1504" pin=0"/></net>

<net id="1509"><net_src comp="1472" pin="3"/><net_sink comp="1504" pin=1"/></net>

<net id="1513"><net_src comp="1510" pin="1"/><net_sink comp="610" pin=1"/></net>

<net id="1520"><net_src comp="610" pin="2"/><net_sink comp="1517" pin=0"/></net>

<net id="1525"><net_src comp="1514" pin="1"/><net_sink comp="1521" pin=0"/></net>

<net id="1526"><net_src comp="1517" pin="1"/><net_sink comp="1521" pin=1"/></net>

<net id="1532"><net_src comp="220" pin="0"/><net_sink comp="1527" pin=0"/></net>

<net id="1533"><net_src comp="1521" pin="2"/><net_sink comp="1527" pin=1"/></net>

<net id="1534"><net_src comp="222" pin="0"/><net_sink comp="1527" pin=2"/></net>

<net id="1541"><net_src comp="224" pin="0"/><net_sink comp="1535" pin=0"/></net>

<net id="1542"><net_src comp="1521" pin="2"/><net_sink comp="1535" pin=1"/></net>

<net id="1543"><net_src comp="72" pin="0"/><net_sink comp="1535" pin=2"/></net>

<net id="1544"><net_src comp="226" pin="0"/><net_sink comp="1535" pin=3"/></net>

<net id="1550"><net_src comp="220" pin="0"/><net_sink comp="1545" pin=0"/></net>

<net id="1551"><net_src comp="1521" pin="2"/><net_sink comp="1545" pin=1"/></net>

<net id="1552"><net_src comp="228" pin="0"/><net_sink comp="1545" pin=2"/></net>

<net id="1558"><net_src comp="220" pin="0"/><net_sink comp="1553" pin=0"/></net>

<net id="1559"><net_src comp="1521" pin="2"/><net_sink comp="1553" pin=1"/></net>

<net id="1560"><net_src comp="226" pin="0"/><net_sink comp="1553" pin=2"/></net>

<net id="1564"><net_src comp="1545" pin="3"/><net_sink comp="1561" pin=0"/></net>

<net id="1569"><net_src comp="1535" pin="4"/><net_sink comp="1565" pin=0"/></net>

<net id="1570"><net_src comp="1561" pin="1"/><net_sink comp="1565" pin=1"/></net>

<net id="1576"><net_src comp="230" pin="0"/><net_sink comp="1571" pin=0"/></net>

<net id="1577"><net_src comp="1565" pin="2"/><net_sink comp="1571" pin=1"/></net>

<net id="1578"><net_src comp="232" pin="0"/><net_sink comp="1571" pin=2"/></net>

<net id="1583"><net_src comp="1571" pin="3"/><net_sink comp="1579" pin=0"/></net>

<net id="1584"><net_src comp="234" pin="0"/><net_sink comp="1579" pin=1"/></net>

<net id="1589"><net_src comp="1553" pin="3"/><net_sink comp="1585" pin=0"/></net>

<net id="1590"><net_src comp="1579" pin="2"/><net_sink comp="1585" pin=1"/></net>

<net id="1596"><net_src comp="220" pin="0"/><net_sink comp="1591" pin=0"/></net>

<net id="1597"><net_src comp="1521" pin="2"/><net_sink comp="1591" pin=1"/></net>

<net id="1598"><net_src comp="236" pin="0"/><net_sink comp="1591" pin=2"/></net>

<net id="1605"><net_src comp="238" pin="0"/><net_sink comp="1599" pin=0"/></net>

<net id="1606"><net_src comp="1521" pin="2"/><net_sink comp="1599" pin=1"/></net>

<net id="1607"><net_src comp="240" pin="0"/><net_sink comp="1599" pin=2"/></net>

<net id="1608"><net_src comp="222" pin="0"/><net_sink comp="1599" pin=3"/></net>

<net id="1613"><net_src comp="1599" pin="4"/><net_sink comp="1609" pin=0"/></net>

<net id="1614"><net_src comp="242" pin="0"/><net_sink comp="1609" pin=1"/></net>

<net id="1621"><net_src comp="244" pin="0"/><net_sink comp="1615" pin=0"/></net>

<net id="1622"><net_src comp="1521" pin="2"/><net_sink comp="1615" pin=1"/></net>

<net id="1623"><net_src comp="236" pin="0"/><net_sink comp="1615" pin=2"/></net>

<net id="1624"><net_src comp="222" pin="0"/><net_sink comp="1615" pin=3"/></net>

<net id="1629"><net_src comp="1615" pin="4"/><net_sink comp="1625" pin=0"/></net>

<net id="1630"><net_src comp="246" pin="0"/><net_sink comp="1625" pin=1"/></net>

<net id="1635"><net_src comp="1615" pin="4"/><net_sink comp="1631" pin=0"/></net>

<net id="1636"><net_src comp="248" pin="0"/><net_sink comp="1631" pin=1"/></net>

<net id="1642"><net_src comp="1585" pin="2"/><net_sink comp="1637" pin=0"/></net>

<net id="1643"><net_src comp="1625" pin="2"/><net_sink comp="1637" pin=1"/></net>

<net id="1644"><net_src comp="1631" pin="2"/><net_sink comp="1637" pin=2"/></net>

<net id="1649"><net_src comp="1591" pin="3"/><net_sink comp="1645" pin=0"/></net>

<net id="1650"><net_src comp="234" pin="0"/><net_sink comp="1645" pin=1"/></net>

<net id="1655"><net_src comp="1609" pin="2"/><net_sink comp="1651" pin=0"/></net>

<net id="1656"><net_src comp="1645" pin="2"/><net_sink comp="1651" pin=1"/></net>

<net id="1662"><net_src comp="1585" pin="2"/><net_sink comp="1657" pin=0"/></net>

<net id="1663"><net_src comp="1651" pin="2"/><net_sink comp="1657" pin=1"/></net>

<net id="1664"><net_src comp="1625" pin="2"/><net_sink comp="1657" pin=2"/></net>

<net id="1669"><net_src comp="1637" pin="3"/><net_sink comp="1665" pin=0"/></net>

<net id="1670"><net_src comp="234" pin="0"/><net_sink comp="1665" pin=1"/></net>

<net id="1675"><net_src comp="1571" pin="3"/><net_sink comp="1671" pin=0"/></net>

<net id="1676"><net_src comp="1665" pin="2"/><net_sink comp="1671" pin=1"/></net>

<net id="1681"><net_src comp="1527" pin="3"/><net_sink comp="1677" pin=0"/></net>

<net id="1682"><net_src comp="234" pin="0"/><net_sink comp="1677" pin=1"/></net>

<net id="1687"><net_src comp="1671" pin="2"/><net_sink comp="1683" pin=0"/></net>

<net id="1688"><net_src comp="1677" pin="2"/><net_sink comp="1683" pin=1"/></net>

<net id="1693"><net_src comp="1571" pin="3"/><net_sink comp="1689" pin=0"/></net>

<net id="1694"><net_src comp="1657" pin="3"/><net_sink comp="1689" pin=1"/></net>

<net id="1698"><net_src comp="614" pin="1"/><net_sink comp="1695" pin=0"/></net>

<net id="1699"><net_src comp="1695" pin="1"/><net_sink comp="602" pin=0"/></net>

<net id="1700"><net_src comp="1695" pin="1"/><net_sink comp="606" pin=0"/></net>

<net id="1701"><net_src comp="1695" pin="1"/><net_sink comp="610" pin=0"/></net>

<net id="1710"><net_src comp="1702" pin="2"/><net_sink comp="1706" pin=0"/></net>

<net id="1715"><net_src comp="1706" pin="2"/><net_sink comp="1711" pin=0"/></net>

<net id="1716"><net_src comp="234" pin="0"/><net_sink comp="1711" pin=1"/></net>

<net id="1721"><net_src comp="1711" pin="2"/><net_sink comp="1717" pin=1"/></net>

<net id="1727"><net_src comp="250" pin="0"/><net_sink comp="1722" pin=1"/></net>

<net id="1728"><net_src comp="252" pin="0"/><net_sink comp="1722" pin=2"/></net>

<net id="1733"><net_src comp="1717" pin="2"/><net_sink comp="1729" pin=1"/></net>

<net id="1739"><net_src comp="1729" pin="2"/><net_sink comp="1734" pin=0"/></net>

<net id="1740"><net_src comp="1722" pin="3"/><net_sink comp="1734" pin=1"/></net>

<net id="1741"><net_src comp="1734" pin="3"/><net_sink comp="477" pin=0"/></net>

<net id="1750"><net_src comp="1742" pin="2"/><net_sink comp="1746" pin=0"/></net>

<net id="1755"><net_src comp="1746" pin="2"/><net_sink comp="1751" pin=0"/></net>

<net id="1756"><net_src comp="234" pin="0"/><net_sink comp="1751" pin=1"/></net>

<net id="1761"><net_src comp="1751" pin="2"/><net_sink comp="1757" pin=1"/></net>

<net id="1767"><net_src comp="250" pin="0"/><net_sink comp="1762" pin=1"/></net>

<net id="1768"><net_src comp="252" pin="0"/><net_sink comp="1762" pin=2"/></net>

<net id="1773"><net_src comp="1757" pin="2"/><net_sink comp="1769" pin=1"/></net>

<net id="1779"><net_src comp="1769" pin="2"/><net_sink comp="1774" pin=0"/></net>

<net id="1780"><net_src comp="1762" pin="3"/><net_sink comp="1774" pin=1"/></net>

<net id="1781"><net_src comp="1774" pin="3"/><net_sink comp="488" pin=0"/></net>

<net id="1790"><net_src comp="1782" pin="2"/><net_sink comp="1786" pin=0"/></net>

<net id="1795"><net_src comp="1786" pin="2"/><net_sink comp="1791" pin=0"/></net>

<net id="1796"><net_src comp="234" pin="0"/><net_sink comp="1791" pin=1"/></net>

<net id="1801"><net_src comp="1791" pin="2"/><net_sink comp="1797" pin=1"/></net>

<net id="1807"><net_src comp="250" pin="0"/><net_sink comp="1802" pin=1"/></net>

<net id="1808"><net_src comp="252" pin="0"/><net_sink comp="1802" pin=2"/></net>

<net id="1813"><net_src comp="1797" pin="2"/><net_sink comp="1809" pin=1"/></net>

<net id="1819"><net_src comp="1809" pin="2"/><net_sink comp="1814" pin=0"/></net>

<net id="1820"><net_src comp="1802" pin="3"/><net_sink comp="1814" pin=1"/></net>

<net id="1821"><net_src comp="1814" pin="3"/><net_sink comp="499" pin=0"/></net>

<net id="1825"><net_src comp="614" pin="1"/><net_sink comp="1822" pin=0"/></net>

<net id="1826"><net_src comp="1822" pin="1"/><net_sink comp="602" pin=0"/></net>

<net id="1827"><net_src comp="1822" pin="1"/><net_sink comp="606" pin=0"/></net>

<net id="1828"><net_src comp="1822" pin="1"/><net_sink comp="610" pin=0"/></net>

<net id="1832"><net_src comp="614" pin="1"/><net_sink comp="1829" pin=0"/></net>

<net id="1833"><net_src comp="1829" pin="1"/><net_sink comp="602" pin=0"/></net>

<net id="1834"><net_src comp="1829" pin="1"/><net_sink comp="606" pin=0"/></net>

<net id="1835"><net_src comp="1829" pin="1"/><net_sink comp="610" pin=0"/></net>

<net id="1839"><net_src comp="618" pin="1"/><net_sink comp="1836" pin=0"/></net>

<net id="1843"><net_src comp="630" pin="1"/><net_sink comp="1840" pin=0"/></net>

<net id="1847"><net_src comp="602" pin="2"/><net_sink comp="1844" pin=0"/></net>

<net id="1852"><net_src comp="1836" pin="1"/><net_sink comp="1848" pin=0"/></net>

<net id="1853"><net_src comp="1844" pin="1"/><net_sink comp="1848" pin=1"/></net>

<net id="1858"><net_src comp="1848" pin="2"/><net_sink comp="1854" pin=0"/></net>

<net id="1859"><net_src comp="1840" pin="1"/><net_sink comp="1854" pin=1"/></net>

<net id="1863"><net_src comp="622" pin="1"/><net_sink comp="1860" pin=0"/></net>

<net id="1867"><net_src comp="634" pin="1"/><net_sink comp="1864" pin=0"/></net>

<net id="1871"><net_src comp="606" pin="2"/><net_sink comp="1868" pin=0"/></net>

<net id="1876"><net_src comp="1860" pin="1"/><net_sink comp="1872" pin=0"/></net>

<net id="1877"><net_src comp="1868" pin="1"/><net_sink comp="1872" pin=1"/></net>

<net id="1882"><net_src comp="1872" pin="2"/><net_sink comp="1878" pin=0"/></net>

<net id="1883"><net_src comp="1864" pin="1"/><net_sink comp="1878" pin=1"/></net>

<net id="1887"><net_src comp="626" pin="1"/><net_sink comp="1884" pin=0"/></net>

<net id="1891"><net_src comp="638" pin="1"/><net_sink comp="1888" pin=0"/></net>

<net id="1895"><net_src comp="610" pin="2"/><net_sink comp="1892" pin=0"/></net>

<net id="1900"><net_src comp="1884" pin="1"/><net_sink comp="1896" pin=0"/></net>

<net id="1901"><net_src comp="1892" pin="1"/><net_sink comp="1896" pin=1"/></net>

<net id="1906"><net_src comp="1896" pin="2"/><net_sink comp="1902" pin=0"/></net>

<net id="1907"><net_src comp="1888" pin="1"/><net_sink comp="1902" pin=1"/></net>

<net id="1911"><net_src comp="614" pin="1"/><net_sink comp="1908" pin=0"/></net>

<net id="1912"><net_src comp="1908" pin="1"/><net_sink comp="602" pin=0"/></net>

<net id="1913"><net_src comp="1908" pin="1"/><net_sink comp="606" pin=0"/></net>

<net id="1914"><net_src comp="1908" pin="1"/><net_sink comp="610" pin=0"/></net>

<net id="1921"><net_src comp="602" pin="2"/><net_sink comp="1918" pin=0"/></net>

<net id="1926"><net_src comp="1915" pin="1"/><net_sink comp="1922" pin=0"/></net>

<net id="1927"><net_src comp="1918" pin="1"/><net_sink comp="1922" pin=1"/></net>

<net id="1933"><net_src comp="220" pin="0"/><net_sink comp="1928" pin=0"/></net>

<net id="1934"><net_src comp="1922" pin="2"/><net_sink comp="1928" pin=1"/></net>

<net id="1935"><net_src comp="222" pin="0"/><net_sink comp="1928" pin=2"/></net>

<net id="1942"><net_src comp="224" pin="0"/><net_sink comp="1936" pin=0"/></net>

<net id="1943"><net_src comp="1922" pin="2"/><net_sink comp="1936" pin=1"/></net>

<net id="1944"><net_src comp="72" pin="0"/><net_sink comp="1936" pin=2"/></net>

<net id="1945"><net_src comp="226" pin="0"/><net_sink comp="1936" pin=3"/></net>

<net id="1951"><net_src comp="220" pin="0"/><net_sink comp="1946" pin=0"/></net>

<net id="1952"><net_src comp="1922" pin="2"/><net_sink comp="1946" pin=1"/></net>

<net id="1953"><net_src comp="228" pin="0"/><net_sink comp="1946" pin=2"/></net>

<net id="1959"><net_src comp="220" pin="0"/><net_sink comp="1954" pin=0"/></net>

<net id="1960"><net_src comp="1922" pin="2"/><net_sink comp="1954" pin=1"/></net>

<net id="1961"><net_src comp="226" pin="0"/><net_sink comp="1954" pin=2"/></net>

<net id="1965"><net_src comp="1946" pin="3"/><net_sink comp="1962" pin=0"/></net>

<net id="1970"><net_src comp="1936" pin="4"/><net_sink comp="1966" pin=0"/></net>

<net id="1971"><net_src comp="1962" pin="1"/><net_sink comp="1966" pin=1"/></net>

<net id="1977"><net_src comp="230" pin="0"/><net_sink comp="1972" pin=0"/></net>

<net id="1978"><net_src comp="1966" pin="2"/><net_sink comp="1972" pin=1"/></net>

<net id="1979"><net_src comp="232" pin="0"/><net_sink comp="1972" pin=2"/></net>

<net id="1984"><net_src comp="1972" pin="3"/><net_sink comp="1980" pin=0"/></net>

<net id="1985"><net_src comp="234" pin="0"/><net_sink comp="1980" pin=1"/></net>

<net id="1990"><net_src comp="1954" pin="3"/><net_sink comp="1986" pin=0"/></net>

<net id="1991"><net_src comp="1980" pin="2"/><net_sink comp="1986" pin=1"/></net>

<net id="1997"><net_src comp="220" pin="0"/><net_sink comp="1992" pin=0"/></net>

<net id="1998"><net_src comp="1922" pin="2"/><net_sink comp="1992" pin=1"/></net>

<net id="1999"><net_src comp="236" pin="0"/><net_sink comp="1992" pin=2"/></net>

<net id="2006"><net_src comp="238" pin="0"/><net_sink comp="2000" pin=0"/></net>

<net id="2007"><net_src comp="1922" pin="2"/><net_sink comp="2000" pin=1"/></net>

<net id="2008"><net_src comp="240" pin="0"/><net_sink comp="2000" pin=2"/></net>

<net id="2009"><net_src comp="222" pin="0"/><net_sink comp="2000" pin=3"/></net>

<net id="2014"><net_src comp="2000" pin="4"/><net_sink comp="2010" pin=0"/></net>

<net id="2015"><net_src comp="242" pin="0"/><net_sink comp="2010" pin=1"/></net>

<net id="2022"><net_src comp="244" pin="0"/><net_sink comp="2016" pin=0"/></net>

<net id="2023"><net_src comp="1922" pin="2"/><net_sink comp="2016" pin=1"/></net>

<net id="2024"><net_src comp="236" pin="0"/><net_sink comp="2016" pin=2"/></net>

<net id="2025"><net_src comp="222" pin="0"/><net_sink comp="2016" pin=3"/></net>

<net id="2030"><net_src comp="2016" pin="4"/><net_sink comp="2026" pin=0"/></net>

<net id="2031"><net_src comp="246" pin="0"/><net_sink comp="2026" pin=1"/></net>

<net id="2036"><net_src comp="2016" pin="4"/><net_sink comp="2032" pin=0"/></net>

<net id="2037"><net_src comp="248" pin="0"/><net_sink comp="2032" pin=1"/></net>

<net id="2043"><net_src comp="1986" pin="2"/><net_sink comp="2038" pin=0"/></net>

<net id="2044"><net_src comp="2026" pin="2"/><net_sink comp="2038" pin=1"/></net>

<net id="2045"><net_src comp="2032" pin="2"/><net_sink comp="2038" pin=2"/></net>

<net id="2050"><net_src comp="1992" pin="3"/><net_sink comp="2046" pin=0"/></net>

<net id="2051"><net_src comp="234" pin="0"/><net_sink comp="2046" pin=1"/></net>

<net id="2056"><net_src comp="2010" pin="2"/><net_sink comp="2052" pin=0"/></net>

<net id="2057"><net_src comp="2046" pin="2"/><net_sink comp="2052" pin=1"/></net>

<net id="2063"><net_src comp="1986" pin="2"/><net_sink comp="2058" pin=0"/></net>

<net id="2064"><net_src comp="2052" pin="2"/><net_sink comp="2058" pin=1"/></net>

<net id="2065"><net_src comp="2026" pin="2"/><net_sink comp="2058" pin=2"/></net>

<net id="2070"><net_src comp="2038" pin="3"/><net_sink comp="2066" pin=0"/></net>

<net id="2071"><net_src comp="234" pin="0"/><net_sink comp="2066" pin=1"/></net>

<net id="2076"><net_src comp="1972" pin="3"/><net_sink comp="2072" pin=0"/></net>

<net id="2077"><net_src comp="2066" pin="2"/><net_sink comp="2072" pin=1"/></net>

<net id="2082"><net_src comp="1928" pin="3"/><net_sink comp="2078" pin=0"/></net>

<net id="2083"><net_src comp="234" pin="0"/><net_sink comp="2078" pin=1"/></net>

<net id="2088"><net_src comp="2072" pin="2"/><net_sink comp="2084" pin=0"/></net>

<net id="2089"><net_src comp="2078" pin="2"/><net_sink comp="2084" pin=1"/></net>

<net id="2094"><net_src comp="1972" pin="3"/><net_sink comp="2090" pin=0"/></net>

<net id="2095"><net_src comp="2058" pin="3"/><net_sink comp="2090" pin=1"/></net>

<net id="2102"><net_src comp="606" pin="2"/><net_sink comp="2099" pin=0"/></net>

<net id="2107"><net_src comp="2096" pin="1"/><net_sink comp="2103" pin=0"/></net>

<net id="2108"><net_src comp="2099" pin="1"/><net_sink comp="2103" pin=1"/></net>

<net id="2114"><net_src comp="220" pin="0"/><net_sink comp="2109" pin=0"/></net>

<net id="2115"><net_src comp="2103" pin="2"/><net_sink comp="2109" pin=1"/></net>

<net id="2116"><net_src comp="222" pin="0"/><net_sink comp="2109" pin=2"/></net>

<net id="2123"><net_src comp="224" pin="0"/><net_sink comp="2117" pin=0"/></net>

<net id="2124"><net_src comp="2103" pin="2"/><net_sink comp="2117" pin=1"/></net>

<net id="2125"><net_src comp="72" pin="0"/><net_sink comp="2117" pin=2"/></net>

<net id="2126"><net_src comp="226" pin="0"/><net_sink comp="2117" pin=3"/></net>

<net id="2132"><net_src comp="220" pin="0"/><net_sink comp="2127" pin=0"/></net>

<net id="2133"><net_src comp="2103" pin="2"/><net_sink comp="2127" pin=1"/></net>

<net id="2134"><net_src comp="228" pin="0"/><net_sink comp="2127" pin=2"/></net>

<net id="2140"><net_src comp="220" pin="0"/><net_sink comp="2135" pin=0"/></net>

<net id="2141"><net_src comp="2103" pin="2"/><net_sink comp="2135" pin=1"/></net>

<net id="2142"><net_src comp="226" pin="0"/><net_sink comp="2135" pin=2"/></net>

<net id="2146"><net_src comp="2127" pin="3"/><net_sink comp="2143" pin=0"/></net>

<net id="2151"><net_src comp="2117" pin="4"/><net_sink comp="2147" pin=0"/></net>

<net id="2152"><net_src comp="2143" pin="1"/><net_sink comp="2147" pin=1"/></net>

<net id="2158"><net_src comp="230" pin="0"/><net_sink comp="2153" pin=0"/></net>

<net id="2159"><net_src comp="2147" pin="2"/><net_sink comp="2153" pin=1"/></net>

<net id="2160"><net_src comp="232" pin="0"/><net_sink comp="2153" pin=2"/></net>

<net id="2165"><net_src comp="2153" pin="3"/><net_sink comp="2161" pin=0"/></net>

<net id="2166"><net_src comp="234" pin="0"/><net_sink comp="2161" pin=1"/></net>

<net id="2171"><net_src comp="2135" pin="3"/><net_sink comp="2167" pin=0"/></net>

<net id="2172"><net_src comp="2161" pin="2"/><net_sink comp="2167" pin=1"/></net>

<net id="2178"><net_src comp="220" pin="0"/><net_sink comp="2173" pin=0"/></net>

<net id="2179"><net_src comp="2103" pin="2"/><net_sink comp="2173" pin=1"/></net>

<net id="2180"><net_src comp="236" pin="0"/><net_sink comp="2173" pin=2"/></net>

<net id="2187"><net_src comp="238" pin="0"/><net_sink comp="2181" pin=0"/></net>

<net id="2188"><net_src comp="2103" pin="2"/><net_sink comp="2181" pin=1"/></net>

<net id="2189"><net_src comp="240" pin="0"/><net_sink comp="2181" pin=2"/></net>

<net id="2190"><net_src comp="222" pin="0"/><net_sink comp="2181" pin=3"/></net>

<net id="2195"><net_src comp="2181" pin="4"/><net_sink comp="2191" pin=0"/></net>

<net id="2196"><net_src comp="242" pin="0"/><net_sink comp="2191" pin=1"/></net>

<net id="2203"><net_src comp="244" pin="0"/><net_sink comp="2197" pin=0"/></net>

<net id="2204"><net_src comp="2103" pin="2"/><net_sink comp="2197" pin=1"/></net>

<net id="2205"><net_src comp="236" pin="0"/><net_sink comp="2197" pin=2"/></net>

<net id="2206"><net_src comp="222" pin="0"/><net_sink comp="2197" pin=3"/></net>

<net id="2211"><net_src comp="2197" pin="4"/><net_sink comp="2207" pin=0"/></net>

<net id="2212"><net_src comp="246" pin="0"/><net_sink comp="2207" pin=1"/></net>

<net id="2217"><net_src comp="2197" pin="4"/><net_sink comp="2213" pin=0"/></net>

<net id="2218"><net_src comp="248" pin="0"/><net_sink comp="2213" pin=1"/></net>

<net id="2224"><net_src comp="2167" pin="2"/><net_sink comp="2219" pin=0"/></net>

<net id="2225"><net_src comp="2207" pin="2"/><net_sink comp="2219" pin=1"/></net>

<net id="2226"><net_src comp="2213" pin="2"/><net_sink comp="2219" pin=2"/></net>

<net id="2231"><net_src comp="2173" pin="3"/><net_sink comp="2227" pin=0"/></net>

<net id="2232"><net_src comp="234" pin="0"/><net_sink comp="2227" pin=1"/></net>

<net id="2237"><net_src comp="2191" pin="2"/><net_sink comp="2233" pin=0"/></net>

<net id="2238"><net_src comp="2227" pin="2"/><net_sink comp="2233" pin=1"/></net>

<net id="2244"><net_src comp="2167" pin="2"/><net_sink comp="2239" pin=0"/></net>

<net id="2245"><net_src comp="2233" pin="2"/><net_sink comp="2239" pin=1"/></net>

<net id="2246"><net_src comp="2207" pin="2"/><net_sink comp="2239" pin=2"/></net>

<net id="2251"><net_src comp="2219" pin="3"/><net_sink comp="2247" pin=0"/></net>

<net id="2252"><net_src comp="234" pin="0"/><net_sink comp="2247" pin=1"/></net>

<net id="2257"><net_src comp="2153" pin="3"/><net_sink comp="2253" pin=0"/></net>

<net id="2258"><net_src comp="2247" pin="2"/><net_sink comp="2253" pin=1"/></net>

<net id="2263"><net_src comp="2109" pin="3"/><net_sink comp="2259" pin=0"/></net>

<net id="2264"><net_src comp="234" pin="0"/><net_sink comp="2259" pin=1"/></net>

<net id="2269"><net_src comp="2253" pin="2"/><net_sink comp="2265" pin=0"/></net>

<net id="2270"><net_src comp="2259" pin="2"/><net_sink comp="2265" pin=1"/></net>

<net id="2275"><net_src comp="2153" pin="3"/><net_sink comp="2271" pin=0"/></net>

<net id="2276"><net_src comp="2239" pin="3"/><net_sink comp="2271" pin=1"/></net>

<net id="2283"><net_src comp="610" pin="2"/><net_sink comp="2280" pin=0"/></net>

<net id="2288"><net_src comp="2277" pin="1"/><net_sink comp="2284" pin=0"/></net>

<net id="2289"><net_src comp="2280" pin="1"/><net_sink comp="2284" pin=1"/></net>

<net id="2295"><net_src comp="220" pin="0"/><net_sink comp="2290" pin=0"/></net>

<net id="2296"><net_src comp="2284" pin="2"/><net_sink comp="2290" pin=1"/></net>

<net id="2297"><net_src comp="222" pin="0"/><net_sink comp="2290" pin=2"/></net>

<net id="2304"><net_src comp="224" pin="0"/><net_sink comp="2298" pin=0"/></net>

<net id="2305"><net_src comp="2284" pin="2"/><net_sink comp="2298" pin=1"/></net>

<net id="2306"><net_src comp="72" pin="0"/><net_sink comp="2298" pin=2"/></net>

<net id="2307"><net_src comp="226" pin="0"/><net_sink comp="2298" pin=3"/></net>

<net id="2313"><net_src comp="220" pin="0"/><net_sink comp="2308" pin=0"/></net>

<net id="2314"><net_src comp="2284" pin="2"/><net_sink comp="2308" pin=1"/></net>

<net id="2315"><net_src comp="228" pin="0"/><net_sink comp="2308" pin=2"/></net>

<net id="2321"><net_src comp="220" pin="0"/><net_sink comp="2316" pin=0"/></net>

<net id="2322"><net_src comp="2284" pin="2"/><net_sink comp="2316" pin=1"/></net>

<net id="2323"><net_src comp="226" pin="0"/><net_sink comp="2316" pin=2"/></net>

<net id="2327"><net_src comp="2308" pin="3"/><net_sink comp="2324" pin=0"/></net>

<net id="2332"><net_src comp="2298" pin="4"/><net_sink comp="2328" pin=0"/></net>

<net id="2333"><net_src comp="2324" pin="1"/><net_sink comp="2328" pin=1"/></net>

<net id="2339"><net_src comp="230" pin="0"/><net_sink comp="2334" pin=0"/></net>

<net id="2340"><net_src comp="2328" pin="2"/><net_sink comp="2334" pin=1"/></net>

<net id="2341"><net_src comp="232" pin="0"/><net_sink comp="2334" pin=2"/></net>

<net id="2346"><net_src comp="2334" pin="3"/><net_sink comp="2342" pin=0"/></net>

<net id="2347"><net_src comp="234" pin="0"/><net_sink comp="2342" pin=1"/></net>

<net id="2352"><net_src comp="2316" pin="3"/><net_sink comp="2348" pin=0"/></net>

<net id="2353"><net_src comp="2342" pin="2"/><net_sink comp="2348" pin=1"/></net>

<net id="2359"><net_src comp="220" pin="0"/><net_sink comp="2354" pin=0"/></net>

<net id="2360"><net_src comp="2284" pin="2"/><net_sink comp="2354" pin=1"/></net>

<net id="2361"><net_src comp="236" pin="0"/><net_sink comp="2354" pin=2"/></net>

<net id="2368"><net_src comp="238" pin="0"/><net_sink comp="2362" pin=0"/></net>

<net id="2369"><net_src comp="2284" pin="2"/><net_sink comp="2362" pin=1"/></net>

<net id="2370"><net_src comp="240" pin="0"/><net_sink comp="2362" pin=2"/></net>

<net id="2371"><net_src comp="222" pin="0"/><net_sink comp="2362" pin=3"/></net>

<net id="2376"><net_src comp="2362" pin="4"/><net_sink comp="2372" pin=0"/></net>

<net id="2377"><net_src comp="242" pin="0"/><net_sink comp="2372" pin=1"/></net>

<net id="2384"><net_src comp="244" pin="0"/><net_sink comp="2378" pin=0"/></net>

<net id="2385"><net_src comp="2284" pin="2"/><net_sink comp="2378" pin=1"/></net>

<net id="2386"><net_src comp="236" pin="0"/><net_sink comp="2378" pin=2"/></net>

<net id="2387"><net_src comp="222" pin="0"/><net_sink comp="2378" pin=3"/></net>

<net id="2392"><net_src comp="2378" pin="4"/><net_sink comp="2388" pin=0"/></net>

<net id="2393"><net_src comp="246" pin="0"/><net_sink comp="2388" pin=1"/></net>

<net id="2398"><net_src comp="2378" pin="4"/><net_sink comp="2394" pin=0"/></net>

<net id="2399"><net_src comp="248" pin="0"/><net_sink comp="2394" pin=1"/></net>

<net id="2405"><net_src comp="2348" pin="2"/><net_sink comp="2400" pin=0"/></net>

<net id="2406"><net_src comp="2388" pin="2"/><net_sink comp="2400" pin=1"/></net>

<net id="2407"><net_src comp="2394" pin="2"/><net_sink comp="2400" pin=2"/></net>

<net id="2412"><net_src comp="2354" pin="3"/><net_sink comp="2408" pin=0"/></net>

<net id="2413"><net_src comp="234" pin="0"/><net_sink comp="2408" pin=1"/></net>

<net id="2418"><net_src comp="2372" pin="2"/><net_sink comp="2414" pin=0"/></net>

<net id="2419"><net_src comp="2408" pin="2"/><net_sink comp="2414" pin=1"/></net>

<net id="2425"><net_src comp="2348" pin="2"/><net_sink comp="2420" pin=0"/></net>

<net id="2426"><net_src comp="2414" pin="2"/><net_sink comp="2420" pin=1"/></net>

<net id="2427"><net_src comp="2388" pin="2"/><net_sink comp="2420" pin=2"/></net>

<net id="2432"><net_src comp="2400" pin="3"/><net_sink comp="2428" pin=0"/></net>

<net id="2433"><net_src comp="234" pin="0"/><net_sink comp="2428" pin=1"/></net>

<net id="2438"><net_src comp="2334" pin="3"/><net_sink comp="2434" pin=0"/></net>

<net id="2439"><net_src comp="2428" pin="2"/><net_sink comp="2434" pin=1"/></net>

<net id="2444"><net_src comp="2290" pin="3"/><net_sink comp="2440" pin=0"/></net>

<net id="2445"><net_src comp="234" pin="0"/><net_sink comp="2440" pin=1"/></net>

<net id="2450"><net_src comp="2434" pin="2"/><net_sink comp="2446" pin=0"/></net>

<net id="2451"><net_src comp="2440" pin="2"/><net_sink comp="2446" pin=1"/></net>

<net id="2456"><net_src comp="2334" pin="3"/><net_sink comp="2452" pin=0"/></net>

<net id="2457"><net_src comp="2420" pin="3"/><net_sink comp="2452" pin=1"/></net>

<net id="2461"><net_src comp="614" pin="1"/><net_sink comp="2458" pin=0"/></net>

<net id="2462"><net_src comp="2458" pin="1"/><net_sink comp="602" pin=0"/></net>

<net id="2463"><net_src comp="2458" pin="1"/><net_sink comp="606" pin=0"/></net>

<net id="2464"><net_src comp="2458" pin="1"/><net_sink comp="610" pin=0"/></net>

<net id="2473"><net_src comp="2465" pin="2"/><net_sink comp="2469" pin=0"/></net>

<net id="2478"><net_src comp="2469" pin="2"/><net_sink comp="2474" pin=0"/></net>

<net id="2479"><net_src comp="234" pin="0"/><net_sink comp="2474" pin=1"/></net>

<net id="2484"><net_src comp="2474" pin="2"/><net_sink comp="2480" pin=1"/></net>

<net id="2490"><net_src comp="250" pin="0"/><net_sink comp="2485" pin=1"/></net>

<net id="2491"><net_src comp="252" pin="0"/><net_sink comp="2485" pin=2"/></net>

<net id="2496"><net_src comp="2480" pin="2"/><net_sink comp="2492" pin=1"/></net>

<net id="2502"><net_src comp="2492" pin="2"/><net_sink comp="2497" pin=0"/></net>

<net id="2503"><net_src comp="2485" pin="3"/><net_sink comp="2497" pin=1"/></net>

<net id="2504"><net_src comp="2497" pin="3"/><net_sink comp="510" pin=0"/></net>

<net id="2513"><net_src comp="2505" pin="2"/><net_sink comp="2509" pin=0"/></net>

<net id="2518"><net_src comp="2509" pin="2"/><net_sink comp="2514" pin=0"/></net>

<net id="2519"><net_src comp="234" pin="0"/><net_sink comp="2514" pin=1"/></net>

<net id="2524"><net_src comp="2514" pin="2"/><net_sink comp="2520" pin=1"/></net>

<net id="2530"><net_src comp="250" pin="0"/><net_sink comp="2525" pin=1"/></net>

<net id="2531"><net_src comp="252" pin="0"/><net_sink comp="2525" pin=2"/></net>

<net id="2536"><net_src comp="2520" pin="2"/><net_sink comp="2532" pin=1"/></net>

<net id="2542"><net_src comp="2532" pin="2"/><net_sink comp="2537" pin=0"/></net>

<net id="2543"><net_src comp="2525" pin="3"/><net_sink comp="2537" pin=1"/></net>

<net id="2544"><net_src comp="2537" pin="3"/><net_sink comp="521" pin=0"/></net>

<net id="2553"><net_src comp="2545" pin="2"/><net_sink comp="2549" pin=0"/></net>

<net id="2558"><net_src comp="2549" pin="2"/><net_sink comp="2554" pin=0"/></net>

<net id="2559"><net_src comp="234" pin="0"/><net_sink comp="2554" pin=1"/></net>

<net id="2564"><net_src comp="2554" pin="2"/><net_sink comp="2560" pin=1"/></net>

<net id="2570"><net_src comp="250" pin="0"/><net_sink comp="2565" pin=1"/></net>

<net id="2571"><net_src comp="252" pin="0"/><net_sink comp="2565" pin=2"/></net>

<net id="2576"><net_src comp="2560" pin="2"/><net_sink comp="2572" pin=1"/></net>

<net id="2582"><net_src comp="2572" pin="2"/><net_sink comp="2577" pin=0"/></net>

<net id="2583"><net_src comp="2565" pin="3"/><net_sink comp="2577" pin=1"/></net>

<net id="2584"><net_src comp="2577" pin="3"/><net_sink comp="532" pin=0"/></net>

<net id="2588"><net_src comp="614" pin="1"/><net_sink comp="2585" pin=0"/></net>

<net id="2589"><net_src comp="2585" pin="1"/><net_sink comp="602" pin=0"/></net>

<net id="2590"><net_src comp="2585" pin="1"/><net_sink comp="606" pin=0"/></net>

<net id="2591"><net_src comp="2585" pin="1"/><net_sink comp="610" pin=0"/></net>

<net id="2595"><net_src comp="614" pin="1"/><net_sink comp="2592" pin=0"/></net>

<net id="2596"><net_src comp="2592" pin="1"/><net_sink comp="602" pin=0"/></net>

<net id="2597"><net_src comp="2592" pin="1"/><net_sink comp="606" pin=0"/></net>

<net id="2598"><net_src comp="2592" pin="1"/><net_sink comp="610" pin=0"/></net>

<net id="2602"><net_src comp="618" pin="1"/><net_sink comp="2599" pin=0"/></net>

<net id="2606"><net_src comp="630" pin="1"/><net_sink comp="2603" pin=0"/></net>

<net id="2610"><net_src comp="602" pin="2"/><net_sink comp="2607" pin=0"/></net>

<net id="2615"><net_src comp="2599" pin="1"/><net_sink comp="2611" pin=0"/></net>

<net id="2616"><net_src comp="2607" pin="1"/><net_sink comp="2611" pin=1"/></net>

<net id="2621"><net_src comp="2611" pin="2"/><net_sink comp="2617" pin=0"/></net>

<net id="2622"><net_src comp="2603" pin="1"/><net_sink comp="2617" pin=1"/></net>

<net id="2626"><net_src comp="622" pin="1"/><net_sink comp="2623" pin=0"/></net>

<net id="2630"><net_src comp="634" pin="1"/><net_sink comp="2627" pin=0"/></net>

<net id="2634"><net_src comp="606" pin="2"/><net_sink comp="2631" pin=0"/></net>

<net id="2639"><net_src comp="2623" pin="1"/><net_sink comp="2635" pin=0"/></net>

<net id="2640"><net_src comp="2631" pin="1"/><net_sink comp="2635" pin=1"/></net>

<net id="2645"><net_src comp="2635" pin="2"/><net_sink comp="2641" pin=0"/></net>

<net id="2646"><net_src comp="2627" pin="1"/><net_sink comp="2641" pin=1"/></net>

<net id="2650"><net_src comp="626" pin="1"/><net_sink comp="2647" pin=0"/></net>

<net id="2654"><net_src comp="638" pin="1"/><net_sink comp="2651" pin=0"/></net>

<net id="2658"><net_src comp="610" pin="2"/><net_sink comp="2655" pin=0"/></net>

<net id="2663"><net_src comp="2647" pin="1"/><net_sink comp="2659" pin=0"/></net>

<net id="2664"><net_src comp="2655" pin="1"/><net_sink comp="2659" pin=1"/></net>

<net id="2669"><net_src comp="2659" pin="2"/><net_sink comp="2665" pin=0"/></net>

<net id="2670"><net_src comp="2651" pin="1"/><net_sink comp="2665" pin=1"/></net>

<net id="2674"><net_src comp="614" pin="1"/><net_sink comp="2671" pin=0"/></net>

<net id="2675"><net_src comp="2671" pin="1"/><net_sink comp="602" pin=0"/></net>

<net id="2676"><net_src comp="2671" pin="1"/><net_sink comp="606" pin=0"/></net>

<net id="2677"><net_src comp="2671" pin="1"/><net_sink comp="610" pin=0"/></net>

<net id="2684"><net_src comp="602" pin="2"/><net_sink comp="2681" pin=0"/></net>

<net id="2689"><net_src comp="2678" pin="1"/><net_sink comp="2685" pin=0"/></net>

<net id="2690"><net_src comp="2681" pin="1"/><net_sink comp="2685" pin=1"/></net>

<net id="2696"><net_src comp="220" pin="0"/><net_sink comp="2691" pin=0"/></net>

<net id="2697"><net_src comp="2685" pin="2"/><net_sink comp="2691" pin=1"/></net>

<net id="2698"><net_src comp="222" pin="0"/><net_sink comp="2691" pin=2"/></net>

<net id="2705"><net_src comp="224" pin="0"/><net_sink comp="2699" pin=0"/></net>

<net id="2706"><net_src comp="2685" pin="2"/><net_sink comp="2699" pin=1"/></net>

<net id="2707"><net_src comp="72" pin="0"/><net_sink comp="2699" pin=2"/></net>

<net id="2708"><net_src comp="226" pin="0"/><net_sink comp="2699" pin=3"/></net>

<net id="2714"><net_src comp="220" pin="0"/><net_sink comp="2709" pin=0"/></net>

<net id="2715"><net_src comp="2685" pin="2"/><net_sink comp="2709" pin=1"/></net>

<net id="2716"><net_src comp="228" pin="0"/><net_sink comp="2709" pin=2"/></net>

<net id="2722"><net_src comp="220" pin="0"/><net_sink comp="2717" pin=0"/></net>

<net id="2723"><net_src comp="2685" pin="2"/><net_sink comp="2717" pin=1"/></net>

<net id="2724"><net_src comp="226" pin="0"/><net_sink comp="2717" pin=2"/></net>

<net id="2728"><net_src comp="2709" pin="3"/><net_sink comp="2725" pin=0"/></net>

<net id="2733"><net_src comp="2699" pin="4"/><net_sink comp="2729" pin=0"/></net>

<net id="2734"><net_src comp="2725" pin="1"/><net_sink comp="2729" pin=1"/></net>

<net id="2740"><net_src comp="230" pin="0"/><net_sink comp="2735" pin=0"/></net>

<net id="2741"><net_src comp="2729" pin="2"/><net_sink comp="2735" pin=1"/></net>

<net id="2742"><net_src comp="232" pin="0"/><net_sink comp="2735" pin=2"/></net>

<net id="2747"><net_src comp="2735" pin="3"/><net_sink comp="2743" pin=0"/></net>

<net id="2748"><net_src comp="234" pin="0"/><net_sink comp="2743" pin=1"/></net>

<net id="2753"><net_src comp="2717" pin="3"/><net_sink comp="2749" pin=0"/></net>

<net id="2754"><net_src comp="2743" pin="2"/><net_sink comp="2749" pin=1"/></net>

<net id="2760"><net_src comp="220" pin="0"/><net_sink comp="2755" pin=0"/></net>

<net id="2761"><net_src comp="2685" pin="2"/><net_sink comp="2755" pin=1"/></net>

<net id="2762"><net_src comp="236" pin="0"/><net_sink comp="2755" pin=2"/></net>

<net id="2769"><net_src comp="238" pin="0"/><net_sink comp="2763" pin=0"/></net>

<net id="2770"><net_src comp="2685" pin="2"/><net_sink comp="2763" pin=1"/></net>

<net id="2771"><net_src comp="240" pin="0"/><net_sink comp="2763" pin=2"/></net>

<net id="2772"><net_src comp="222" pin="0"/><net_sink comp="2763" pin=3"/></net>

<net id="2777"><net_src comp="2763" pin="4"/><net_sink comp="2773" pin=0"/></net>

<net id="2778"><net_src comp="242" pin="0"/><net_sink comp="2773" pin=1"/></net>

<net id="2785"><net_src comp="244" pin="0"/><net_sink comp="2779" pin=0"/></net>

<net id="2786"><net_src comp="2685" pin="2"/><net_sink comp="2779" pin=1"/></net>

<net id="2787"><net_src comp="236" pin="0"/><net_sink comp="2779" pin=2"/></net>

<net id="2788"><net_src comp="222" pin="0"/><net_sink comp="2779" pin=3"/></net>

<net id="2793"><net_src comp="2779" pin="4"/><net_sink comp="2789" pin=0"/></net>

<net id="2794"><net_src comp="246" pin="0"/><net_sink comp="2789" pin=1"/></net>

<net id="2799"><net_src comp="2779" pin="4"/><net_sink comp="2795" pin=0"/></net>

<net id="2800"><net_src comp="248" pin="0"/><net_sink comp="2795" pin=1"/></net>

<net id="2806"><net_src comp="2749" pin="2"/><net_sink comp="2801" pin=0"/></net>

<net id="2807"><net_src comp="2789" pin="2"/><net_sink comp="2801" pin=1"/></net>

<net id="2808"><net_src comp="2795" pin="2"/><net_sink comp="2801" pin=2"/></net>

<net id="2813"><net_src comp="2755" pin="3"/><net_sink comp="2809" pin=0"/></net>

<net id="2814"><net_src comp="234" pin="0"/><net_sink comp="2809" pin=1"/></net>

<net id="2819"><net_src comp="2773" pin="2"/><net_sink comp="2815" pin=0"/></net>

<net id="2820"><net_src comp="2809" pin="2"/><net_sink comp="2815" pin=1"/></net>

<net id="2826"><net_src comp="2749" pin="2"/><net_sink comp="2821" pin=0"/></net>

<net id="2827"><net_src comp="2815" pin="2"/><net_sink comp="2821" pin=1"/></net>

<net id="2828"><net_src comp="2789" pin="2"/><net_sink comp="2821" pin=2"/></net>

<net id="2833"><net_src comp="2801" pin="3"/><net_sink comp="2829" pin=0"/></net>

<net id="2834"><net_src comp="234" pin="0"/><net_sink comp="2829" pin=1"/></net>

<net id="2839"><net_src comp="2735" pin="3"/><net_sink comp="2835" pin=0"/></net>

<net id="2840"><net_src comp="2829" pin="2"/><net_sink comp="2835" pin=1"/></net>

<net id="2845"><net_src comp="2691" pin="3"/><net_sink comp="2841" pin=0"/></net>

<net id="2846"><net_src comp="234" pin="0"/><net_sink comp="2841" pin=1"/></net>

<net id="2851"><net_src comp="2835" pin="2"/><net_sink comp="2847" pin=0"/></net>

<net id="2852"><net_src comp="2841" pin="2"/><net_sink comp="2847" pin=1"/></net>

<net id="2857"><net_src comp="2735" pin="3"/><net_sink comp="2853" pin=0"/></net>

<net id="2858"><net_src comp="2821" pin="3"/><net_sink comp="2853" pin=1"/></net>

<net id="2865"><net_src comp="606" pin="2"/><net_sink comp="2862" pin=0"/></net>

<net id="2870"><net_src comp="2859" pin="1"/><net_sink comp="2866" pin=0"/></net>

<net id="2871"><net_src comp="2862" pin="1"/><net_sink comp="2866" pin=1"/></net>

<net id="2877"><net_src comp="220" pin="0"/><net_sink comp="2872" pin=0"/></net>

<net id="2878"><net_src comp="2866" pin="2"/><net_sink comp="2872" pin=1"/></net>

<net id="2879"><net_src comp="222" pin="0"/><net_sink comp="2872" pin=2"/></net>

<net id="2886"><net_src comp="224" pin="0"/><net_sink comp="2880" pin=0"/></net>

<net id="2887"><net_src comp="2866" pin="2"/><net_sink comp="2880" pin=1"/></net>

<net id="2888"><net_src comp="72" pin="0"/><net_sink comp="2880" pin=2"/></net>

<net id="2889"><net_src comp="226" pin="0"/><net_sink comp="2880" pin=3"/></net>

<net id="2895"><net_src comp="220" pin="0"/><net_sink comp="2890" pin=0"/></net>

<net id="2896"><net_src comp="2866" pin="2"/><net_sink comp="2890" pin=1"/></net>

<net id="2897"><net_src comp="228" pin="0"/><net_sink comp="2890" pin=2"/></net>

<net id="2903"><net_src comp="220" pin="0"/><net_sink comp="2898" pin=0"/></net>

<net id="2904"><net_src comp="2866" pin="2"/><net_sink comp="2898" pin=1"/></net>

<net id="2905"><net_src comp="226" pin="0"/><net_sink comp="2898" pin=2"/></net>

<net id="2909"><net_src comp="2890" pin="3"/><net_sink comp="2906" pin=0"/></net>

<net id="2914"><net_src comp="2880" pin="4"/><net_sink comp="2910" pin=0"/></net>

<net id="2915"><net_src comp="2906" pin="1"/><net_sink comp="2910" pin=1"/></net>

<net id="2921"><net_src comp="230" pin="0"/><net_sink comp="2916" pin=0"/></net>

<net id="2922"><net_src comp="2910" pin="2"/><net_sink comp="2916" pin=1"/></net>

<net id="2923"><net_src comp="232" pin="0"/><net_sink comp="2916" pin=2"/></net>

<net id="2928"><net_src comp="2916" pin="3"/><net_sink comp="2924" pin=0"/></net>

<net id="2929"><net_src comp="234" pin="0"/><net_sink comp="2924" pin=1"/></net>

<net id="2934"><net_src comp="2898" pin="3"/><net_sink comp="2930" pin=0"/></net>

<net id="2935"><net_src comp="2924" pin="2"/><net_sink comp="2930" pin=1"/></net>

<net id="2941"><net_src comp="220" pin="0"/><net_sink comp="2936" pin=0"/></net>

<net id="2942"><net_src comp="2866" pin="2"/><net_sink comp="2936" pin=1"/></net>

<net id="2943"><net_src comp="236" pin="0"/><net_sink comp="2936" pin=2"/></net>

<net id="2950"><net_src comp="238" pin="0"/><net_sink comp="2944" pin=0"/></net>

<net id="2951"><net_src comp="2866" pin="2"/><net_sink comp="2944" pin=1"/></net>

<net id="2952"><net_src comp="240" pin="0"/><net_sink comp="2944" pin=2"/></net>

<net id="2953"><net_src comp="222" pin="0"/><net_sink comp="2944" pin=3"/></net>

<net id="2958"><net_src comp="2944" pin="4"/><net_sink comp="2954" pin=0"/></net>

<net id="2959"><net_src comp="242" pin="0"/><net_sink comp="2954" pin=1"/></net>

<net id="2966"><net_src comp="244" pin="0"/><net_sink comp="2960" pin=0"/></net>

<net id="2967"><net_src comp="2866" pin="2"/><net_sink comp="2960" pin=1"/></net>

<net id="2968"><net_src comp="236" pin="0"/><net_sink comp="2960" pin=2"/></net>

<net id="2969"><net_src comp="222" pin="0"/><net_sink comp="2960" pin=3"/></net>

<net id="2974"><net_src comp="2960" pin="4"/><net_sink comp="2970" pin=0"/></net>

<net id="2975"><net_src comp="246" pin="0"/><net_sink comp="2970" pin=1"/></net>

<net id="2980"><net_src comp="2960" pin="4"/><net_sink comp="2976" pin=0"/></net>

<net id="2981"><net_src comp="248" pin="0"/><net_sink comp="2976" pin=1"/></net>

<net id="2987"><net_src comp="2930" pin="2"/><net_sink comp="2982" pin=0"/></net>

<net id="2988"><net_src comp="2970" pin="2"/><net_sink comp="2982" pin=1"/></net>

<net id="2989"><net_src comp="2976" pin="2"/><net_sink comp="2982" pin=2"/></net>

<net id="2994"><net_src comp="2936" pin="3"/><net_sink comp="2990" pin=0"/></net>

<net id="2995"><net_src comp="234" pin="0"/><net_sink comp="2990" pin=1"/></net>

<net id="3000"><net_src comp="2954" pin="2"/><net_sink comp="2996" pin=0"/></net>

<net id="3001"><net_src comp="2990" pin="2"/><net_sink comp="2996" pin=1"/></net>

<net id="3007"><net_src comp="2930" pin="2"/><net_sink comp="3002" pin=0"/></net>

<net id="3008"><net_src comp="2996" pin="2"/><net_sink comp="3002" pin=1"/></net>

<net id="3009"><net_src comp="2970" pin="2"/><net_sink comp="3002" pin=2"/></net>

<net id="3014"><net_src comp="2982" pin="3"/><net_sink comp="3010" pin=0"/></net>

<net id="3015"><net_src comp="234" pin="0"/><net_sink comp="3010" pin=1"/></net>

<net id="3020"><net_src comp="2916" pin="3"/><net_sink comp="3016" pin=0"/></net>

<net id="3021"><net_src comp="3010" pin="2"/><net_sink comp="3016" pin=1"/></net>

<net id="3026"><net_src comp="2872" pin="3"/><net_sink comp="3022" pin=0"/></net>

<net id="3027"><net_src comp="234" pin="0"/><net_sink comp="3022" pin=1"/></net>

<net id="3032"><net_src comp="3016" pin="2"/><net_sink comp="3028" pin=0"/></net>

<net id="3033"><net_src comp="3022" pin="2"/><net_sink comp="3028" pin=1"/></net>

<net id="3038"><net_src comp="2916" pin="3"/><net_sink comp="3034" pin=0"/></net>

<net id="3039"><net_src comp="3002" pin="3"/><net_sink comp="3034" pin=1"/></net>

<net id="3046"><net_src comp="610" pin="2"/><net_sink comp="3043" pin=0"/></net>

<net id="3051"><net_src comp="3040" pin="1"/><net_sink comp="3047" pin=0"/></net>

<net id="3052"><net_src comp="3043" pin="1"/><net_sink comp="3047" pin=1"/></net>

<net id="3058"><net_src comp="220" pin="0"/><net_sink comp="3053" pin=0"/></net>

<net id="3059"><net_src comp="3047" pin="2"/><net_sink comp="3053" pin=1"/></net>

<net id="3060"><net_src comp="222" pin="0"/><net_sink comp="3053" pin=2"/></net>

<net id="3067"><net_src comp="224" pin="0"/><net_sink comp="3061" pin=0"/></net>

<net id="3068"><net_src comp="3047" pin="2"/><net_sink comp="3061" pin=1"/></net>

<net id="3069"><net_src comp="72" pin="0"/><net_sink comp="3061" pin=2"/></net>

<net id="3070"><net_src comp="226" pin="0"/><net_sink comp="3061" pin=3"/></net>

<net id="3076"><net_src comp="220" pin="0"/><net_sink comp="3071" pin=0"/></net>

<net id="3077"><net_src comp="3047" pin="2"/><net_sink comp="3071" pin=1"/></net>

<net id="3078"><net_src comp="228" pin="0"/><net_sink comp="3071" pin=2"/></net>

<net id="3084"><net_src comp="220" pin="0"/><net_sink comp="3079" pin=0"/></net>

<net id="3085"><net_src comp="3047" pin="2"/><net_sink comp="3079" pin=1"/></net>

<net id="3086"><net_src comp="226" pin="0"/><net_sink comp="3079" pin=2"/></net>

<net id="3090"><net_src comp="3071" pin="3"/><net_sink comp="3087" pin=0"/></net>

<net id="3095"><net_src comp="3061" pin="4"/><net_sink comp="3091" pin=0"/></net>

<net id="3096"><net_src comp="3087" pin="1"/><net_sink comp="3091" pin=1"/></net>

<net id="3102"><net_src comp="230" pin="0"/><net_sink comp="3097" pin=0"/></net>

<net id="3103"><net_src comp="3091" pin="2"/><net_sink comp="3097" pin=1"/></net>

<net id="3104"><net_src comp="232" pin="0"/><net_sink comp="3097" pin=2"/></net>

<net id="3109"><net_src comp="3097" pin="3"/><net_sink comp="3105" pin=0"/></net>

<net id="3110"><net_src comp="234" pin="0"/><net_sink comp="3105" pin=1"/></net>

<net id="3115"><net_src comp="3079" pin="3"/><net_sink comp="3111" pin=0"/></net>

<net id="3116"><net_src comp="3105" pin="2"/><net_sink comp="3111" pin=1"/></net>

<net id="3122"><net_src comp="220" pin="0"/><net_sink comp="3117" pin=0"/></net>

<net id="3123"><net_src comp="3047" pin="2"/><net_sink comp="3117" pin=1"/></net>

<net id="3124"><net_src comp="236" pin="0"/><net_sink comp="3117" pin=2"/></net>

<net id="3131"><net_src comp="238" pin="0"/><net_sink comp="3125" pin=0"/></net>

<net id="3132"><net_src comp="3047" pin="2"/><net_sink comp="3125" pin=1"/></net>

<net id="3133"><net_src comp="240" pin="0"/><net_sink comp="3125" pin=2"/></net>

<net id="3134"><net_src comp="222" pin="0"/><net_sink comp="3125" pin=3"/></net>

<net id="3139"><net_src comp="3125" pin="4"/><net_sink comp="3135" pin=0"/></net>

<net id="3140"><net_src comp="242" pin="0"/><net_sink comp="3135" pin=1"/></net>

<net id="3147"><net_src comp="244" pin="0"/><net_sink comp="3141" pin=0"/></net>

<net id="3148"><net_src comp="3047" pin="2"/><net_sink comp="3141" pin=1"/></net>

<net id="3149"><net_src comp="236" pin="0"/><net_sink comp="3141" pin=2"/></net>

<net id="3150"><net_src comp="222" pin="0"/><net_sink comp="3141" pin=3"/></net>

<net id="3155"><net_src comp="3141" pin="4"/><net_sink comp="3151" pin=0"/></net>

<net id="3156"><net_src comp="246" pin="0"/><net_sink comp="3151" pin=1"/></net>

<net id="3161"><net_src comp="3141" pin="4"/><net_sink comp="3157" pin=0"/></net>

<net id="3162"><net_src comp="248" pin="0"/><net_sink comp="3157" pin=1"/></net>

<net id="3168"><net_src comp="3111" pin="2"/><net_sink comp="3163" pin=0"/></net>

<net id="3169"><net_src comp="3151" pin="2"/><net_sink comp="3163" pin=1"/></net>

<net id="3170"><net_src comp="3157" pin="2"/><net_sink comp="3163" pin=2"/></net>

<net id="3175"><net_src comp="3117" pin="3"/><net_sink comp="3171" pin=0"/></net>

<net id="3176"><net_src comp="234" pin="0"/><net_sink comp="3171" pin=1"/></net>

<net id="3181"><net_src comp="3135" pin="2"/><net_sink comp="3177" pin=0"/></net>

<net id="3182"><net_src comp="3171" pin="2"/><net_sink comp="3177" pin=1"/></net>

<net id="3188"><net_src comp="3111" pin="2"/><net_sink comp="3183" pin=0"/></net>

<net id="3189"><net_src comp="3177" pin="2"/><net_sink comp="3183" pin=1"/></net>

<net id="3190"><net_src comp="3151" pin="2"/><net_sink comp="3183" pin=2"/></net>

<net id="3195"><net_src comp="3163" pin="3"/><net_sink comp="3191" pin=0"/></net>

<net id="3196"><net_src comp="234" pin="0"/><net_sink comp="3191" pin=1"/></net>

<net id="3201"><net_src comp="3097" pin="3"/><net_sink comp="3197" pin=0"/></net>

<net id="3202"><net_src comp="3191" pin="2"/><net_sink comp="3197" pin=1"/></net>

<net id="3207"><net_src comp="3053" pin="3"/><net_sink comp="3203" pin=0"/></net>

<net id="3208"><net_src comp="234" pin="0"/><net_sink comp="3203" pin=1"/></net>

<net id="3213"><net_src comp="3197" pin="2"/><net_sink comp="3209" pin=0"/></net>

<net id="3214"><net_src comp="3203" pin="2"/><net_sink comp="3209" pin=1"/></net>

<net id="3219"><net_src comp="3097" pin="3"/><net_sink comp="3215" pin=0"/></net>

<net id="3220"><net_src comp="3183" pin="3"/><net_sink comp="3215" pin=1"/></net>

<net id="3224"><net_src comp="614" pin="1"/><net_sink comp="3221" pin=0"/></net>

<net id="3225"><net_src comp="3221" pin="1"/><net_sink comp="602" pin=0"/></net>

<net id="3226"><net_src comp="3221" pin="1"/><net_sink comp="606" pin=0"/></net>

<net id="3227"><net_src comp="3221" pin="1"/><net_sink comp="610" pin=0"/></net>

<net id="3236"><net_src comp="3228" pin="2"/><net_sink comp="3232" pin=0"/></net>

<net id="3241"><net_src comp="3232" pin="2"/><net_sink comp="3237" pin=0"/></net>

<net id="3242"><net_src comp="234" pin="0"/><net_sink comp="3237" pin=1"/></net>

<net id="3247"><net_src comp="3237" pin="2"/><net_sink comp="3243" pin=1"/></net>

<net id="3253"><net_src comp="250" pin="0"/><net_sink comp="3248" pin=1"/></net>

<net id="3254"><net_src comp="252" pin="0"/><net_sink comp="3248" pin=2"/></net>

<net id="3259"><net_src comp="3243" pin="2"/><net_sink comp="3255" pin=1"/></net>

<net id="3265"><net_src comp="3255" pin="2"/><net_sink comp="3260" pin=0"/></net>

<net id="3266"><net_src comp="3248" pin="3"/><net_sink comp="3260" pin=1"/></net>

<net id="3267"><net_src comp="3260" pin="3"/><net_sink comp="543" pin=0"/></net>

<net id="3276"><net_src comp="3268" pin="2"/><net_sink comp="3272" pin=0"/></net>

<net id="3281"><net_src comp="3272" pin="2"/><net_sink comp="3277" pin=0"/></net>

<net id="3282"><net_src comp="234" pin="0"/><net_sink comp="3277" pin=1"/></net>

<net id="3287"><net_src comp="3277" pin="2"/><net_sink comp="3283" pin=1"/></net>

<net id="3293"><net_src comp="250" pin="0"/><net_sink comp="3288" pin=1"/></net>

<net id="3294"><net_src comp="252" pin="0"/><net_sink comp="3288" pin=2"/></net>

<net id="3299"><net_src comp="3283" pin="2"/><net_sink comp="3295" pin=1"/></net>

<net id="3305"><net_src comp="3295" pin="2"/><net_sink comp="3300" pin=0"/></net>

<net id="3306"><net_src comp="3288" pin="3"/><net_sink comp="3300" pin=1"/></net>

<net id="3307"><net_src comp="3300" pin="3"/><net_sink comp="554" pin=0"/></net>

<net id="3316"><net_src comp="3308" pin="2"/><net_sink comp="3312" pin=0"/></net>

<net id="3321"><net_src comp="3312" pin="2"/><net_sink comp="3317" pin=0"/></net>

<net id="3322"><net_src comp="234" pin="0"/><net_sink comp="3317" pin=1"/></net>

<net id="3327"><net_src comp="3317" pin="2"/><net_sink comp="3323" pin=1"/></net>

<net id="3333"><net_src comp="250" pin="0"/><net_sink comp="3328" pin=1"/></net>

<net id="3334"><net_src comp="252" pin="0"/><net_sink comp="3328" pin=2"/></net>

<net id="3339"><net_src comp="3323" pin="2"/><net_sink comp="3335" pin=1"/></net>

<net id="3345"><net_src comp="3335" pin="2"/><net_sink comp="3340" pin=0"/></net>

<net id="3346"><net_src comp="3328" pin="3"/><net_sink comp="3340" pin=1"/></net>

<net id="3347"><net_src comp="3340" pin="3"/><net_sink comp="565" pin=0"/></net>

<net id="3351"><net_src comp="614" pin="1"/><net_sink comp="3348" pin=0"/></net>

<net id="3352"><net_src comp="3348" pin="1"/><net_sink comp="602" pin=0"/></net>

<net id="3353"><net_src comp="3348" pin="1"/><net_sink comp="606" pin=0"/></net>

<net id="3354"><net_src comp="3348" pin="1"/><net_sink comp="610" pin=0"/></net>

<net id="3358"><net_src comp="614" pin="1"/><net_sink comp="3355" pin=0"/></net>

<net id="3359"><net_src comp="3355" pin="1"/><net_sink comp="602" pin=0"/></net>

<net id="3360"><net_src comp="3355" pin="1"/><net_sink comp="606" pin=0"/></net>

<net id="3361"><net_src comp="3355" pin="1"/><net_sink comp="610" pin=0"/></net>

<net id="3365"><net_src comp="618" pin="1"/><net_sink comp="3362" pin=0"/></net>

<net id="3369"><net_src comp="630" pin="1"/><net_sink comp="3366" pin=0"/></net>

<net id="3373"><net_src comp="602" pin="2"/><net_sink comp="3370" pin=0"/></net>

<net id="3378"><net_src comp="3362" pin="1"/><net_sink comp="3374" pin=0"/></net>

<net id="3379"><net_src comp="3370" pin="1"/><net_sink comp="3374" pin=1"/></net>

<net id="3384"><net_src comp="3374" pin="2"/><net_sink comp="3380" pin=0"/></net>

<net id="3385"><net_src comp="3366" pin="1"/><net_sink comp="3380" pin=1"/></net>

<net id="3389"><net_src comp="622" pin="1"/><net_sink comp="3386" pin=0"/></net>

<net id="3393"><net_src comp="634" pin="1"/><net_sink comp="3390" pin=0"/></net>

<net id="3397"><net_src comp="606" pin="2"/><net_sink comp="3394" pin=0"/></net>

<net id="3402"><net_src comp="3386" pin="1"/><net_sink comp="3398" pin=0"/></net>

<net id="3403"><net_src comp="3394" pin="1"/><net_sink comp="3398" pin=1"/></net>

<net id="3408"><net_src comp="3398" pin="2"/><net_sink comp="3404" pin=0"/></net>

<net id="3409"><net_src comp="3390" pin="1"/><net_sink comp="3404" pin=1"/></net>

<net id="3413"><net_src comp="626" pin="1"/><net_sink comp="3410" pin=0"/></net>

<net id="3417"><net_src comp="638" pin="1"/><net_sink comp="3414" pin=0"/></net>

<net id="3421"><net_src comp="610" pin="2"/><net_sink comp="3418" pin=0"/></net>

<net id="3426"><net_src comp="3410" pin="1"/><net_sink comp="3422" pin=0"/></net>

<net id="3427"><net_src comp="3418" pin="1"/><net_sink comp="3422" pin=1"/></net>

<net id="3432"><net_src comp="3422" pin="2"/><net_sink comp="3428" pin=0"/></net>

<net id="3433"><net_src comp="3414" pin="1"/><net_sink comp="3428" pin=1"/></net>

<net id="3437"><net_src comp="614" pin="1"/><net_sink comp="3434" pin=0"/></net>

<net id="3438"><net_src comp="3434" pin="1"/><net_sink comp="602" pin=0"/></net>

<net id="3439"><net_src comp="3434" pin="1"/><net_sink comp="606" pin=0"/></net>

<net id="3440"><net_src comp="3434" pin="1"/><net_sink comp="610" pin=0"/></net>

<net id="3447"><net_src comp="602" pin="2"/><net_sink comp="3444" pin=0"/></net>

<net id="3452"><net_src comp="3441" pin="1"/><net_sink comp="3448" pin=0"/></net>

<net id="3453"><net_src comp="3444" pin="1"/><net_sink comp="3448" pin=1"/></net>

<net id="3459"><net_src comp="220" pin="0"/><net_sink comp="3454" pin=0"/></net>

<net id="3460"><net_src comp="3448" pin="2"/><net_sink comp="3454" pin=1"/></net>

<net id="3461"><net_src comp="222" pin="0"/><net_sink comp="3454" pin=2"/></net>

<net id="3468"><net_src comp="224" pin="0"/><net_sink comp="3462" pin=0"/></net>

<net id="3469"><net_src comp="3448" pin="2"/><net_sink comp="3462" pin=1"/></net>

<net id="3470"><net_src comp="72" pin="0"/><net_sink comp="3462" pin=2"/></net>

<net id="3471"><net_src comp="226" pin="0"/><net_sink comp="3462" pin=3"/></net>

<net id="3477"><net_src comp="220" pin="0"/><net_sink comp="3472" pin=0"/></net>

<net id="3478"><net_src comp="3448" pin="2"/><net_sink comp="3472" pin=1"/></net>

<net id="3479"><net_src comp="228" pin="0"/><net_sink comp="3472" pin=2"/></net>

<net id="3485"><net_src comp="220" pin="0"/><net_sink comp="3480" pin=0"/></net>

<net id="3486"><net_src comp="3448" pin="2"/><net_sink comp="3480" pin=1"/></net>

<net id="3487"><net_src comp="226" pin="0"/><net_sink comp="3480" pin=2"/></net>

<net id="3491"><net_src comp="3472" pin="3"/><net_sink comp="3488" pin=0"/></net>

<net id="3496"><net_src comp="3462" pin="4"/><net_sink comp="3492" pin=0"/></net>

<net id="3497"><net_src comp="3488" pin="1"/><net_sink comp="3492" pin=1"/></net>

<net id="3503"><net_src comp="230" pin="0"/><net_sink comp="3498" pin=0"/></net>

<net id="3504"><net_src comp="3492" pin="2"/><net_sink comp="3498" pin=1"/></net>

<net id="3505"><net_src comp="232" pin="0"/><net_sink comp="3498" pin=2"/></net>

<net id="3510"><net_src comp="3498" pin="3"/><net_sink comp="3506" pin=0"/></net>

<net id="3511"><net_src comp="234" pin="0"/><net_sink comp="3506" pin=1"/></net>

<net id="3516"><net_src comp="3480" pin="3"/><net_sink comp="3512" pin=0"/></net>

<net id="3517"><net_src comp="3506" pin="2"/><net_sink comp="3512" pin=1"/></net>

<net id="3523"><net_src comp="220" pin="0"/><net_sink comp="3518" pin=0"/></net>

<net id="3524"><net_src comp="3448" pin="2"/><net_sink comp="3518" pin=1"/></net>

<net id="3525"><net_src comp="236" pin="0"/><net_sink comp="3518" pin=2"/></net>

<net id="3532"><net_src comp="238" pin="0"/><net_sink comp="3526" pin=0"/></net>

<net id="3533"><net_src comp="3448" pin="2"/><net_sink comp="3526" pin=1"/></net>

<net id="3534"><net_src comp="240" pin="0"/><net_sink comp="3526" pin=2"/></net>

<net id="3535"><net_src comp="222" pin="0"/><net_sink comp="3526" pin=3"/></net>

<net id="3540"><net_src comp="3526" pin="4"/><net_sink comp="3536" pin=0"/></net>

<net id="3541"><net_src comp="242" pin="0"/><net_sink comp="3536" pin=1"/></net>

<net id="3548"><net_src comp="244" pin="0"/><net_sink comp="3542" pin=0"/></net>

<net id="3549"><net_src comp="3448" pin="2"/><net_sink comp="3542" pin=1"/></net>

<net id="3550"><net_src comp="236" pin="0"/><net_sink comp="3542" pin=2"/></net>

<net id="3551"><net_src comp="222" pin="0"/><net_sink comp="3542" pin=3"/></net>

<net id="3556"><net_src comp="3542" pin="4"/><net_sink comp="3552" pin=0"/></net>

<net id="3557"><net_src comp="246" pin="0"/><net_sink comp="3552" pin=1"/></net>

<net id="3562"><net_src comp="3542" pin="4"/><net_sink comp="3558" pin=0"/></net>

<net id="3563"><net_src comp="248" pin="0"/><net_sink comp="3558" pin=1"/></net>

<net id="3569"><net_src comp="3512" pin="2"/><net_sink comp="3564" pin=0"/></net>

<net id="3570"><net_src comp="3552" pin="2"/><net_sink comp="3564" pin=1"/></net>

<net id="3571"><net_src comp="3558" pin="2"/><net_sink comp="3564" pin=2"/></net>

<net id="3576"><net_src comp="3518" pin="3"/><net_sink comp="3572" pin=0"/></net>

<net id="3577"><net_src comp="234" pin="0"/><net_sink comp="3572" pin=1"/></net>

<net id="3582"><net_src comp="3536" pin="2"/><net_sink comp="3578" pin=0"/></net>

<net id="3583"><net_src comp="3572" pin="2"/><net_sink comp="3578" pin=1"/></net>

<net id="3589"><net_src comp="3512" pin="2"/><net_sink comp="3584" pin=0"/></net>

<net id="3590"><net_src comp="3578" pin="2"/><net_sink comp="3584" pin=1"/></net>

<net id="3591"><net_src comp="3552" pin="2"/><net_sink comp="3584" pin=2"/></net>

<net id="3596"><net_src comp="3564" pin="3"/><net_sink comp="3592" pin=0"/></net>

<net id="3597"><net_src comp="234" pin="0"/><net_sink comp="3592" pin=1"/></net>

<net id="3602"><net_src comp="3498" pin="3"/><net_sink comp="3598" pin=0"/></net>

<net id="3603"><net_src comp="3592" pin="2"/><net_sink comp="3598" pin=1"/></net>

<net id="3608"><net_src comp="3454" pin="3"/><net_sink comp="3604" pin=0"/></net>

<net id="3609"><net_src comp="234" pin="0"/><net_sink comp="3604" pin=1"/></net>

<net id="3614"><net_src comp="3598" pin="2"/><net_sink comp="3610" pin=0"/></net>

<net id="3615"><net_src comp="3604" pin="2"/><net_sink comp="3610" pin=1"/></net>

<net id="3620"><net_src comp="3498" pin="3"/><net_sink comp="3616" pin=0"/></net>

<net id="3621"><net_src comp="3584" pin="3"/><net_sink comp="3616" pin=1"/></net>

<net id="3628"><net_src comp="606" pin="2"/><net_sink comp="3625" pin=0"/></net>

<net id="3633"><net_src comp="3622" pin="1"/><net_sink comp="3629" pin=0"/></net>

<net id="3634"><net_src comp="3625" pin="1"/><net_sink comp="3629" pin=1"/></net>

<net id="3640"><net_src comp="220" pin="0"/><net_sink comp="3635" pin=0"/></net>

<net id="3641"><net_src comp="3629" pin="2"/><net_sink comp="3635" pin=1"/></net>

<net id="3642"><net_src comp="222" pin="0"/><net_sink comp="3635" pin=2"/></net>

<net id="3649"><net_src comp="224" pin="0"/><net_sink comp="3643" pin=0"/></net>

<net id="3650"><net_src comp="3629" pin="2"/><net_sink comp="3643" pin=1"/></net>

<net id="3651"><net_src comp="72" pin="0"/><net_sink comp="3643" pin=2"/></net>

<net id="3652"><net_src comp="226" pin="0"/><net_sink comp="3643" pin=3"/></net>

<net id="3658"><net_src comp="220" pin="0"/><net_sink comp="3653" pin=0"/></net>

<net id="3659"><net_src comp="3629" pin="2"/><net_sink comp="3653" pin=1"/></net>

<net id="3660"><net_src comp="228" pin="0"/><net_sink comp="3653" pin=2"/></net>

<net id="3666"><net_src comp="220" pin="0"/><net_sink comp="3661" pin=0"/></net>

<net id="3667"><net_src comp="3629" pin="2"/><net_sink comp="3661" pin=1"/></net>

<net id="3668"><net_src comp="226" pin="0"/><net_sink comp="3661" pin=2"/></net>

<net id="3672"><net_src comp="3653" pin="3"/><net_sink comp="3669" pin=0"/></net>

<net id="3677"><net_src comp="3643" pin="4"/><net_sink comp="3673" pin=0"/></net>

<net id="3678"><net_src comp="3669" pin="1"/><net_sink comp="3673" pin=1"/></net>

<net id="3684"><net_src comp="230" pin="0"/><net_sink comp="3679" pin=0"/></net>

<net id="3685"><net_src comp="3673" pin="2"/><net_sink comp="3679" pin=1"/></net>

<net id="3686"><net_src comp="232" pin="0"/><net_sink comp="3679" pin=2"/></net>

<net id="3691"><net_src comp="3679" pin="3"/><net_sink comp="3687" pin=0"/></net>

<net id="3692"><net_src comp="234" pin="0"/><net_sink comp="3687" pin=1"/></net>

<net id="3697"><net_src comp="3661" pin="3"/><net_sink comp="3693" pin=0"/></net>

<net id="3698"><net_src comp="3687" pin="2"/><net_sink comp="3693" pin=1"/></net>

<net id="3704"><net_src comp="220" pin="0"/><net_sink comp="3699" pin=0"/></net>

<net id="3705"><net_src comp="3629" pin="2"/><net_sink comp="3699" pin=1"/></net>

<net id="3706"><net_src comp="236" pin="0"/><net_sink comp="3699" pin=2"/></net>

<net id="3713"><net_src comp="238" pin="0"/><net_sink comp="3707" pin=0"/></net>

<net id="3714"><net_src comp="3629" pin="2"/><net_sink comp="3707" pin=1"/></net>

<net id="3715"><net_src comp="240" pin="0"/><net_sink comp="3707" pin=2"/></net>

<net id="3716"><net_src comp="222" pin="0"/><net_sink comp="3707" pin=3"/></net>

<net id="3721"><net_src comp="3707" pin="4"/><net_sink comp="3717" pin=0"/></net>

<net id="3722"><net_src comp="242" pin="0"/><net_sink comp="3717" pin=1"/></net>

<net id="3729"><net_src comp="244" pin="0"/><net_sink comp="3723" pin=0"/></net>

<net id="3730"><net_src comp="3629" pin="2"/><net_sink comp="3723" pin=1"/></net>

<net id="3731"><net_src comp="236" pin="0"/><net_sink comp="3723" pin=2"/></net>

<net id="3732"><net_src comp="222" pin="0"/><net_sink comp="3723" pin=3"/></net>

<net id="3737"><net_src comp="3723" pin="4"/><net_sink comp="3733" pin=0"/></net>

<net id="3738"><net_src comp="246" pin="0"/><net_sink comp="3733" pin=1"/></net>

<net id="3743"><net_src comp="3723" pin="4"/><net_sink comp="3739" pin=0"/></net>

<net id="3744"><net_src comp="248" pin="0"/><net_sink comp="3739" pin=1"/></net>

<net id="3750"><net_src comp="3693" pin="2"/><net_sink comp="3745" pin=0"/></net>

<net id="3751"><net_src comp="3733" pin="2"/><net_sink comp="3745" pin=1"/></net>

<net id="3752"><net_src comp="3739" pin="2"/><net_sink comp="3745" pin=2"/></net>

<net id="3757"><net_src comp="3699" pin="3"/><net_sink comp="3753" pin=0"/></net>

<net id="3758"><net_src comp="234" pin="0"/><net_sink comp="3753" pin=1"/></net>

<net id="3763"><net_src comp="3717" pin="2"/><net_sink comp="3759" pin=0"/></net>

<net id="3764"><net_src comp="3753" pin="2"/><net_sink comp="3759" pin=1"/></net>

<net id="3770"><net_src comp="3693" pin="2"/><net_sink comp="3765" pin=0"/></net>

<net id="3771"><net_src comp="3759" pin="2"/><net_sink comp="3765" pin=1"/></net>

<net id="3772"><net_src comp="3733" pin="2"/><net_sink comp="3765" pin=2"/></net>

<net id="3777"><net_src comp="3745" pin="3"/><net_sink comp="3773" pin=0"/></net>

<net id="3778"><net_src comp="234" pin="0"/><net_sink comp="3773" pin=1"/></net>

<net id="3783"><net_src comp="3679" pin="3"/><net_sink comp="3779" pin=0"/></net>

<net id="3784"><net_src comp="3773" pin="2"/><net_sink comp="3779" pin=1"/></net>

<net id="3789"><net_src comp="3635" pin="3"/><net_sink comp="3785" pin=0"/></net>

<net id="3790"><net_src comp="234" pin="0"/><net_sink comp="3785" pin=1"/></net>

<net id="3795"><net_src comp="3779" pin="2"/><net_sink comp="3791" pin=0"/></net>

<net id="3796"><net_src comp="3785" pin="2"/><net_sink comp="3791" pin=1"/></net>

<net id="3801"><net_src comp="3679" pin="3"/><net_sink comp="3797" pin=0"/></net>

<net id="3802"><net_src comp="3765" pin="3"/><net_sink comp="3797" pin=1"/></net>

<net id="3809"><net_src comp="610" pin="2"/><net_sink comp="3806" pin=0"/></net>

<net id="3814"><net_src comp="3803" pin="1"/><net_sink comp="3810" pin=0"/></net>

<net id="3815"><net_src comp="3806" pin="1"/><net_sink comp="3810" pin=1"/></net>

<net id="3821"><net_src comp="220" pin="0"/><net_sink comp="3816" pin=0"/></net>

<net id="3822"><net_src comp="3810" pin="2"/><net_sink comp="3816" pin=1"/></net>

<net id="3823"><net_src comp="222" pin="0"/><net_sink comp="3816" pin=2"/></net>

<net id="3830"><net_src comp="224" pin="0"/><net_sink comp="3824" pin=0"/></net>

<net id="3831"><net_src comp="3810" pin="2"/><net_sink comp="3824" pin=1"/></net>

<net id="3832"><net_src comp="72" pin="0"/><net_sink comp="3824" pin=2"/></net>

<net id="3833"><net_src comp="226" pin="0"/><net_sink comp="3824" pin=3"/></net>

<net id="3839"><net_src comp="220" pin="0"/><net_sink comp="3834" pin=0"/></net>

<net id="3840"><net_src comp="3810" pin="2"/><net_sink comp="3834" pin=1"/></net>

<net id="3841"><net_src comp="228" pin="0"/><net_sink comp="3834" pin=2"/></net>

<net id="3847"><net_src comp="220" pin="0"/><net_sink comp="3842" pin=0"/></net>

<net id="3848"><net_src comp="3810" pin="2"/><net_sink comp="3842" pin=1"/></net>

<net id="3849"><net_src comp="226" pin="0"/><net_sink comp="3842" pin=2"/></net>

<net id="3853"><net_src comp="3834" pin="3"/><net_sink comp="3850" pin=0"/></net>

<net id="3858"><net_src comp="3824" pin="4"/><net_sink comp="3854" pin=0"/></net>

<net id="3859"><net_src comp="3850" pin="1"/><net_sink comp="3854" pin=1"/></net>

<net id="3865"><net_src comp="230" pin="0"/><net_sink comp="3860" pin=0"/></net>

<net id="3866"><net_src comp="3854" pin="2"/><net_sink comp="3860" pin=1"/></net>

<net id="3867"><net_src comp="232" pin="0"/><net_sink comp="3860" pin=2"/></net>

<net id="3872"><net_src comp="3860" pin="3"/><net_sink comp="3868" pin=0"/></net>

<net id="3873"><net_src comp="234" pin="0"/><net_sink comp="3868" pin=1"/></net>

<net id="3878"><net_src comp="3842" pin="3"/><net_sink comp="3874" pin=0"/></net>

<net id="3879"><net_src comp="3868" pin="2"/><net_sink comp="3874" pin=1"/></net>

<net id="3885"><net_src comp="220" pin="0"/><net_sink comp="3880" pin=0"/></net>

<net id="3886"><net_src comp="3810" pin="2"/><net_sink comp="3880" pin=1"/></net>

<net id="3887"><net_src comp="236" pin="0"/><net_sink comp="3880" pin=2"/></net>

<net id="3894"><net_src comp="238" pin="0"/><net_sink comp="3888" pin=0"/></net>

<net id="3895"><net_src comp="3810" pin="2"/><net_sink comp="3888" pin=1"/></net>

<net id="3896"><net_src comp="240" pin="0"/><net_sink comp="3888" pin=2"/></net>

<net id="3897"><net_src comp="222" pin="0"/><net_sink comp="3888" pin=3"/></net>

<net id="3902"><net_src comp="3888" pin="4"/><net_sink comp="3898" pin=0"/></net>

<net id="3903"><net_src comp="242" pin="0"/><net_sink comp="3898" pin=1"/></net>

<net id="3910"><net_src comp="244" pin="0"/><net_sink comp="3904" pin=0"/></net>

<net id="3911"><net_src comp="3810" pin="2"/><net_sink comp="3904" pin=1"/></net>

<net id="3912"><net_src comp="236" pin="0"/><net_sink comp="3904" pin=2"/></net>

<net id="3913"><net_src comp="222" pin="0"/><net_sink comp="3904" pin=3"/></net>

<net id="3918"><net_src comp="3904" pin="4"/><net_sink comp="3914" pin=0"/></net>

<net id="3919"><net_src comp="246" pin="0"/><net_sink comp="3914" pin=1"/></net>

<net id="3924"><net_src comp="3904" pin="4"/><net_sink comp="3920" pin=0"/></net>

<net id="3925"><net_src comp="248" pin="0"/><net_sink comp="3920" pin=1"/></net>

<net id="3931"><net_src comp="3874" pin="2"/><net_sink comp="3926" pin=0"/></net>

<net id="3932"><net_src comp="3914" pin="2"/><net_sink comp="3926" pin=1"/></net>

<net id="3933"><net_src comp="3920" pin="2"/><net_sink comp="3926" pin=2"/></net>

<net id="3938"><net_src comp="3880" pin="3"/><net_sink comp="3934" pin=0"/></net>

<net id="3939"><net_src comp="234" pin="0"/><net_sink comp="3934" pin=1"/></net>

<net id="3944"><net_src comp="3898" pin="2"/><net_sink comp="3940" pin=0"/></net>

<net id="3945"><net_src comp="3934" pin="2"/><net_sink comp="3940" pin=1"/></net>

<net id="3951"><net_src comp="3874" pin="2"/><net_sink comp="3946" pin=0"/></net>

<net id="3952"><net_src comp="3940" pin="2"/><net_sink comp="3946" pin=1"/></net>

<net id="3953"><net_src comp="3914" pin="2"/><net_sink comp="3946" pin=2"/></net>

<net id="3958"><net_src comp="3926" pin="3"/><net_sink comp="3954" pin=0"/></net>

<net id="3959"><net_src comp="234" pin="0"/><net_sink comp="3954" pin=1"/></net>

<net id="3964"><net_src comp="3860" pin="3"/><net_sink comp="3960" pin=0"/></net>

<net id="3965"><net_src comp="3954" pin="2"/><net_sink comp="3960" pin=1"/></net>

<net id="3970"><net_src comp="3816" pin="3"/><net_sink comp="3966" pin=0"/></net>

<net id="3971"><net_src comp="234" pin="0"/><net_sink comp="3966" pin=1"/></net>

<net id="3976"><net_src comp="3960" pin="2"/><net_sink comp="3972" pin=0"/></net>

<net id="3977"><net_src comp="3966" pin="2"/><net_sink comp="3972" pin=1"/></net>

<net id="3982"><net_src comp="3860" pin="3"/><net_sink comp="3978" pin=0"/></net>

<net id="3983"><net_src comp="3946" pin="3"/><net_sink comp="3978" pin=1"/></net>

<net id="3992"><net_src comp="3984" pin="2"/><net_sink comp="3988" pin=0"/></net>

<net id="3997"><net_src comp="3988" pin="2"/><net_sink comp="3993" pin=0"/></net>

<net id="3998"><net_src comp="234" pin="0"/><net_sink comp="3993" pin=1"/></net>

<net id="4003"><net_src comp="3993" pin="2"/><net_sink comp="3999" pin=1"/></net>

<net id="4009"><net_src comp="250" pin="0"/><net_sink comp="4004" pin=1"/></net>

<net id="4010"><net_src comp="252" pin="0"/><net_sink comp="4004" pin=2"/></net>

<net id="4015"><net_src comp="3999" pin="2"/><net_sink comp="4011" pin=1"/></net>

<net id="4021"><net_src comp="4011" pin="2"/><net_sink comp="4016" pin=0"/></net>

<net id="4022"><net_src comp="4004" pin="3"/><net_sink comp="4016" pin=1"/></net>

<net id="4023"><net_src comp="4016" pin="3"/><net_sink comp="575" pin=0"/></net>

<net id="4032"><net_src comp="4024" pin="2"/><net_sink comp="4028" pin=0"/></net>

<net id="4037"><net_src comp="4028" pin="2"/><net_sink comp="4033" pin=0"/></net>

<net id="4038"><net_src comp="234" pin="0"/><net_sink comp="4033" pin=1"/></net>

<net id="4043"><net_src comp="4033" pin="2"/><net_sink comp="4039" pin=1"/></net>

<net id="4049"><net_src comp="250" pin="0"/><net_sink comp="4044" pin=1"/></net>

<net id="4050"><net_src comp="252" pin="0"/><net_sink comp="4044" pin=2"/></net>

<net id="4055"><net_src comp="4039" pin="2"/><net_sink comp="4051" pin=1"/></net>

<net id="4061"><net_src comp="4051" pin="2"/><net_sink comp="4056" pin=0"/></net>

<net id="4062"><net_src comp="4044" pin="3"/><net_sink comp="4056" pin=1"/></net>

<net id="4063"><net_src comp="4056" pin="3"/><net_sink comp="585" pin=0"/></net>

<net id="4072"><net_src comp="4064" pin="2"/><net_sink comp="4068" pin=0"/></net>

<net id="4077"><net_src comp="4068" pin="2"/><net_sink comp="4073" pin=0"/></net>

<net id="4078"><net_src comp="234" pin="0"/><net_sink comp="4073" pin=1"/></net>

<net id="4083"><net_src comp="4073" pin="2"/><net_sink comp="4079" pin=1"/></net>

<net id="4089"><net_src comp="250" pin="0"/><net_sink comp="4084" pin=1"/></net>

<net id="4090"><net_src comp="252" pin="0"/><net_sink comp="4084" pin=2"/></net>

<net id="4095"><net_src comp="4079" pin="2"/><net_sink comp="4091" pin=1"/></net>

<net id="4101"><net_src comp="4091" pin="2"/><net_sink comp="4096" pin=0"/></net>

<net id="4102"><net_src comp="4084" pin="3"/><net_sink comp="4096" pin=1"/></net>

<net id="4103"><net_src comp="4096" pin="3"/><net_sink comp="595" pin=0"/></net>

<net id="4107"><net_src comp="258" pin="1"/><net_sink comp="4104" pin=0"/></net>

<net id="4108"><net_src comp="4104" pin="1"/><net_sink comp="667" pin=1"/></net>

<net id="4109"><net_src comp="4104" pin="1"/><net_sink comp="672" pin=0"/></net>

<net id="4110"><net_src comp="4104" pin="1"/><net_sink comp="739" pin=1"/></net>

<net id="4114"><net_src comp="262" pin="1"/><net_sink comp="4111" pin=0"/></net>

<net id="4115"><net_src comp="4111" pin="1"/><net_sink comp="662" pin=1"/></net>

<net id="4116"><net_src comp="4111" pin="1"/><net_sink comp="675" pin=0"/></net>

<net id="4117"><net_src comp="4111" pin="1"/><net_sink comp="734" pin=1"/></net>

<net id="4121"><net_src comp="656" pin="2"/><net_sink comp="4118" pin=0"/></net>

<net id="4122"><net_src comp="4118" pin="1"/><net_sink comp="450" pin=1"/></net>

<net id="4123"><net_src comp="4118" pin="1"/><net_sink comp="457" pin=1"/></net>

<net id="4127"><net_src comp="694" pin="1"/><net_sink comp="4124" pin=0"/></net>

<net id="4128"><net_src comp="4124" pin="1"/><net_sink comp="765" pin=1"/></net>

<net id="4132"><net_src comp="698" pin="2"/><net_sink comp="4129" pin=0"/></net>

<net id="4136"><net_src comp="704" pin="3"/><net_sink comp="4133" pin=0"/></net>

<net id="4137"><net_src comp="4133" pin="1"/><net_sink comp="439" pin=2"/></net>

<net id="4141"><net_src comp="712" pin="4"/><net_sink comp="4138" pin=0"/></net>

<net id="4142"><net_src comp="4138" pin="1"/><net_sink comp="744" pin=0"/></net>

<net id="4146"><net_src comp="728" pin="2"/><net_sink comp="4143" pin=0"/></net>

<net id="4150"><net_src comp="747" pin="2"/><net_sink comp="4147" pin=0"/></net>

<net id="4151"><net_src comp="4147" pin="1"/><net_sink comp="439" pin=1"/></net>

<net id="4152"><net_src comp="4147" pin="1"/><net_sink comp="445" pin=1"/></net>

<net id="4156"><net_src comp="445" pin="2"/><net_sink comp="4153" pin=0"/></net>

<net id="4157"><net_src comp="4153" pin="1"/><net_sink comp="758" pin=2"/></net>

<net id="4161"><net_src comp="754" pin="1"/><net_sink comp="4158" pin=0"/></net>

<net id="4162"><net_src comp="4158" pin="1"/><net_sink comp="466" pin=0"/></net>

<net id="4166"><net_src comp="782" pin="1"/><net_sink comp="4163" pin=0"/></net>

<net id="4167"><net_src comp="4163" pin="1"/><net_sink comp="1011" pin=0"/></net>

<net id="4168"><net_src comp="4163" pin="1"/><net_sink comp="477" pin=2"/></net>

<net id="4172"><net_src comp="786" pin="4"/><net_sink comp="4169" pin=0"/></net>

<net id="4173"><net_src comp="4169" pin="1"/><net_sink comp="1030" pin=0"/></net>

<net id="4174"><net_src comp="4169" pin="1"/><net_sink comp="510" pin=2"/></net>

<net id="4178"><net_src comp="796" pin="4"/><net_sink comp="4175" pin=0"/></net>

<net id="4179"><net_src comp="4175" pin="1"/><net_sink comp="1057" pin=0"/></net>

<net id="4180"><net_src comp="4175" pin="1"/><net_sink comp="543" pin=2"/></net>

<net id="4184"><net_src comp="806" pin="4"/><net_sink comp="4181" pin=0"/></net>

<net id="4185"><net_src comp="4181" pin="1"/><net_sink comp="1140" pin=0"/></net>

<net id="4186"><net_src comp="4181" pin="1"/><net_sink comp="575" pin=2"/></net>

<net id="4190"><net_src comp="816" pin="4"/><net_sink comp="4187" pin=0"/></net>

<net id="4191"><net_src comp="4187" pin="1"/><net_sink comp="1015" pin=0"/></net>

<net id="4192"><net_src comp="4187" pin="1"/><net_sink comp="488" pin=2"/></net>

<net id="4196"><net_src comp="826" pin="4"/><net_sink comp="4193" pin=0"/></net>

<net id="4197"><net_src comp="4193" pin="1"/><net_sink comp="1034" pin=0"/></net>

<net id="4198"><net_src comp="4193" pin="1"/><net_sink comp="521" pin=2"/></net>

<net id="4202"><net_src comp="836" pin="4"/><net_sink comp="4199" pin=0"/></net>

<net id="4203"><net_src comp="4199" pin="1"/><net_sink comp="1085" pin=0"/></net>

<net id="4204"><net_src comp="4199" pin="1"/><net_sink comp="554" pin=2"/></net>

<net id="4208"><net_src comp="846" pin="4"/><net_sink comp="4205" pin=0"/></net>

<net id="4209"><net_src comp="4205" pin="1"/><net_sink comp="1325" pin=0"/></net>

<net id="4210"><net_src comp="4205" pin="1"/><net_sink comp="585" pin=2"/></net>

<net id="4214"><net_src comp="856" pin="4"/><net_sink comp="4211" pin=0"/></net>

<net id="4215"><net_src comp="4211" pin="1"/><net_sink comp="1019" pin=0"/></net>

<net id="4216"><net_src comp="4211" pin="1"/><net_sink comp="499" pin=2"/></net>

<net id="4220"><net_src comp="866" pin="4"/><net_sink comp="4217" pin=0"/></net>

<net id="4221"><net_src comp="4217" pin="1"/><net_sink comp="1038" pin=0"/></net>

<net id="4222"><net_src comp="4217" pin="1"/><net_sink comp="532" pin=2"/></net>

<net id="4226"><net_src comp="876" pin="4"/><net_sink comp="4223" pin=0"/></net>

<net id="4227"><net_src comp="4223" pin="1"/><net_sink comp="1113" pin=0"/></net>

<net id="4228"><net_src comp="4223" pin="1"/><net_sink comp="565" pin=2"/></net>

<net id="4232"><net_src comp="886" pin="4"/><net_sink comp="4229" pin=0"/></net>

<net id="4233"><net_src comp="4229" pin="1"/><net_sink comp="1510" pin=0"/></net>

<net id="4234"><net_src comp="4229" pin="1"/><net_sink comp="595" pin=2"/></net>

<net id="4238"><net_src comp="896" pin="4"/><net_sink comp="4235" pin=0"/></net>

<net id="4239"><net_src comp="4235" pin="1"/><net_sink comp="362" pin=2"/></net>

<net id="4243"><net_src comp="906" pin="4"/><net_sink comp="4240" pin=0"/></net>

<net id="4244"><net_src comp="4240" pin="1"/><net_sink comp="369" pin=2"/></net>

<net id="4248"><net_src comp="916" pin="4"/><net_sink comp="4245" pin=0"/></net>

<net id="4249"><net_src comp="4245" pin="1"/><net_sink comp="376" pin=2"/></net>

<net id="4253"><net_src comp="926" pin="4"/><net_sink comp="4250" pin=0"/></net>

<net id="4254"><net_src comp="4250" pin="1"/><net_sink comp="383" pin=2"/></net>

<net id="4258"><net_src comp="936" pin="4"/><net_sink comp="4255" pin=0"/></net>

<net id="4259"><net_src comp="4255" pin="1"/><net_sink comp="390" pin=2"/></net>

<net id="4263"><net_src comp="946" pin="4"/><net_sink comp="4260" pin=0"/></net>

<net id="4264"><net_src comp="4260" pin="1"/><net_sink comp="397" pin=2"/></net>

<net id="4268"><net_src comp="956" pin="4"/><net_sink comp="4265" pin=0"/></net>

<net id="4269"><net_src comp="4265" pin="1"/><net_sink comp="404" pin=2"/></net>

<net id="4273"><net_src comp="966" pin="4"/><net_sink comp="4270" pin=0"/></net>

<net id="4274"><net_src comp="4270" pin="1"/><net_sink comp="411" pin=2"/></net>

<net id="4278"><net_src comp="976" pin="4"/><net_sink comp="4275" pin=0"/></net>

<net id="4279"><net_src comp="4275" pin="1"/><net_sink comp="418" pin=2"/></net>

<net id="4283"><net_src comp="986" pin="4"/><net_sink comp="4280" pin=0"/></net>

<net id="4284"><net_src comp="4280" pin="1"/><net_sink comp="425" pin=2"/></net>

<net id="4288"><net_src comp="996" pin="3"/><net_sink comp="4285" pin=0"/></net>

<net id="4289"><net_src comp="4285" pin="1"/><net_sink comp="432" pin=2"/></net>

<net id="4293"><net_src comp="1011" pin="1"/><net_sink comp="4290" pin=0"/></net>

<net id="4294"><net_src comp="4290" pin="1"/><net_sink comp="602" pin=1"/></net>

<net id="4298"><net_src comp="1015" pin="1"/><net_sink comp="4295" pin=0"/></net>

<net id="4299"><net_src comp="4295" pin="1"/><net_sink comp="606" pin=1"/></net>

<net id="4303"><net_src comp="1019" pin="1"/><net_sink comp="4300" pin=0"/></net>

<net id="4304"><net_src comp="4300" pin="1"/><net_sink comp="610" pin=1"/></net>

<net id="4308"><net_src comp="1030" pin="1"/><net_sink comp="4305" pin=0"/></net>

<net id="4309"><net_src comp="4305" pin="1"/><net_sink comp="602" pin=1"/></net>

<net id="4313"><net_src comp="1034" pin="1"/><net_sink comp="4310" pin=0"/></net>

<net id="4314"><net_src comp="4310" pin="1"/><net_sink comp="606" pin=1"/></net>

<net id="4318"><net_src comp="1038" pin="1"/><net_sink comp="4315" pin=0"/></net>

<net id="4319"><net_src comp="4315" pin="1"/><net_sink comp="610" pin=1"/></net>

<net id="4323"><net_src comp="1057" pin="1"/><net_sink comp="4320" pin=0"/></net>

<net id="4324"><net_src comp="4320" pin="1"/><net_sink comp="602" pin=1"/></net>

<net id="4328"><net_src comp="1071" pin="2"/><net_sink comp="4325" pin=0"/></net>

<net id="4329"><net_src comp="4325" pin="1"/><net_sink comp="1144" pin=0"/></net>

<net id="4333"><net_src comp="1085" pin="1"/><net_sink comp="4330" pin=0"/></net>

<net id="4334"><net_src comp="4330" pin="1"/><net_sink comp="606" pin=1"/></net>

<net id="4338"><net_src comp="1099" pin="2"/><net_sink comp="4335" pin=0"/></net>

<net id="4339"><net_src comp="4335" pin="1"/><net_sink comp="1329" pin=0"/></net>

<net id="4343"><net_src comp="1113" pin="1"/><net_sink comp="4340" pin=0"/></net>

<net id="4344"><net_src comp="4340" pin="1"/><net_sink comp="610" pin=1"/></net>

<net id="4348"><net_src comp="1127" pin="2"/><net_sink comp="4345" pin=0"/></net>

<net id="4349"><net_src comp="4345" pin="1"/><net_sink comp="1514" pin=0"/></net>

<net id="4353"><net_src comp="1140" pin="1"/><net_sink comp="4350" pin=0"/></net>

<net id="4354"><net_src comp="4350" pin="1"/><net_sink comp="602" pin=1"/></net>

<net id="4358"><net_src comp="1157" pin="3"/><net_sink comp="4355" pin=0"/></net>

<net id="4359"><net_src comp="4355" pin="1"/><net_sink comp="1717" pin=0"/></net>

<net id="4363"><net_src comp="1195" pin="2"/><net_sink comp="4360" pin=0"/></net>

<net id="4364"><net_src comp="4360" pin="1"/><net_sink comp="1734" pin=2"/></net>

<net id="4368"><net_src comp="1215" pin="2"/><net_sink comp="4365" pin=0"/></net>

<net id="4369"><net_src comp="4365" pin="1"/><net_sink comp="1702" pin=0"/></net>

<net id="4373"><net_src comp="1255" pin="2"/><net_sink comp="4370" pin=0"/></net>

<net id="4374"><net_src comp="4370" pin="1"/><net_sink comp="1702" pin=1"/></net>

<net id="4378"><net_src comp="1313" pin="2"/><net_sink comp="4375" pin=0"/></net>

<net id="4379"><net_src comp="4375" pin="1"/><net_sink comp="1722" pin=0"/></net>

<net id="4380"><net_src comp="4375" pin="1"/><net_sink comp="1729" pin=0"/></net>

<net id="4384"><net_src comp="1319" pin="2"/><net_sink comp="4381" pin=0"/></net>

<net id="4385"><net_src comp="4381" pin="1"/><net_sink comp="1706" pin=1"/></net>

<net id="4389"><net_src comp="1325" pin="1"/><net_sink comp="4386" pin=0"/></net>

<net id="4390"><net_src comp="4386" pin="1"/><net_sink comp="606" pin=1"/></net>

<net id="4394"><net_src comp="1342" pin="3"/><net_sink comp="4391" pin=0"/></net>

<net id="4395"><net_src comp="4391" pin="1"/><net_sink comp="1757" pin=0"/></net>

<net id="4399"><net_src comp="1380" pin="2"/><net_sink comp="4396" pin=0"/></net>

<net id="4400"><net_src comp="4396" pin="1"/><net_sink comp="1774" pin=2"/></net>

<net id="4404"><net_src comp="1400" pin="2"/><net_sink comp="4401" pin=0"/></net>

<net id="4405"><net_src comp="4401" pin="1"/><net_sink comp="1742" pin=0"/></net>

<net id="4409"><net_src comp="1440" pin="2"/><net_sink comp="4406" pin=0"/></net>

<net id="4410"><net_src comp="4406" pin="1"/><net_sink comp="1742" pin=1"/></net>

<net id="4414"><net_src comp="1498" pin="2"/><net_sink comp="4411" pin=0"/></net>

<net id="4415"><net_src comp="4411" pin="1"/><net_sink comp="1762" pin=0"/></net>

<net id="4416"><net_src comp="4411" pin="1"/><net_sink comp="1769" pin=0"/></net>

<net id="4420"><net_src comp="1504" pin="2"/><net_sink comp="4417" pin=0"/></net>

<net id="4421"><net_src comp="4417" pin="1"/><net_sink comp="1746" pin=1"/></net>

<net id="4425"><net_src comp="1510" pin="1"/><net_sink comp="4422" pin=0"/></net>

<net id="4426"><net_src comp="4422" pin="1"/><net_sink comp="610" pin=1"/></net>

<net id="4430"><net_src comp="1527" pin="3"/><net_sink comp="4427" pin=0"/></net>

<net id="4431"><net_src comp="4427" pin="1"/><net_sink comp="1797" pin=0"/></net>

<net id="4435"><net_src comp="1565" pin="2"/><net_sink comp="4432" pin=0"/></net>

<net id="4436"><net_src comp="4432" pin="1"/><net_sink comp="1814" pin=2"/></net>

<net id="4440"><net_src comp="1585" pin="2"/><net_sink comp="4437" pin=0"/></net>

<net id="4441"><net_src comp="4437" pin="1"/><net_sink comp="1782" pin=0"/></net>

<net id="4445"><net_src comp="1625" pin="2"/><net_sink comp="4442" pin=0"/></net>

<net id="4446"><net_src comp="4442" pin="1"/><net_sink comp="1782" pin=1"/></net>

<net id="4450"><net_src comp="1683" pin="2"/><net_sink comp="4447" pin=0"/></net>

<net id="4451"><net_src comp="4447" pin="1"/><net_sink comp="1802" pin=0"/></net>

<net id="4452"><net_src comp="4447" pin="1"/><net_sink comp="1809" pin=0"/></net>

<net id="4456"><net_src comp="1689" pin="2"/><net_sink comp="4453" pin=0"/></net>

<net id="4457"><net_src comp="4453" pin="1"/><net_sink comp="1786" pin=1"/></net>

<net id="4461"><net_src comp="1854" pin="2"/><net_sink comp="4458" pin=0"/></net>

<net id="4462"><net_src comp="4458" pin="1"/><net_sink comp="1915" pin=0"/></net>

<net id="4466"><net_src comp="1878" pin="2"/><net_sink comp="4463" pin=0"/></net>

<net id="4467"><net_src comp="4463" pin="1"/><net_sink comp="2096" pin=0"/></net>

<net id="4471"><net_src comp="1902" pin="2"/><net_sink comp="4468" pin=0"/></net>

<net id="4472"><net_src comp="4468" pin="1"/><net_sink comp="2277" pin=0"/></net>

<net id="4476"><net_src comp="1928" pin="3"/><net_sink comp="4473" pin=0"/></net>

<net id="4477"><net_src comp="4473" pin="1"/><net_sink comp="2480" pin=0"/></net>

<net id="4481"><net_src comp="1966" pin="2"/><net_sink comp="4478" pin=0"/></net>

<net id="4482"><net_src comp="4478" pin="1"/><net_sink comp="2497" pin=2"/></net>

<net id="4486"><net_src comp="1986" pin="2"/><net_sink comp="4483" pin=0"/></net>

<net id="4487"><net_src comp="4483" pin="1"/><net_sink comp="2465" pin=0"/></net>

<net id="4491"><net_src comp="2026" pin="2"/><net_sink comp="4488" pin=0"/></net>

<net id="4492"><net_src comp="4488" pin="1"/><net_sink comp="2465" pin=1"/></net>

<net id="4496"><net_src comp="2084" pin="2"/><net_sink comp="4493" pin=0"/></net>

<net id="4497"><net_src comp="4493" pin="1"/><net_sink comp="2485" pin=0"/></net>

<net id="4498"><net_src comp="4493" pin="1"/><net_sink comp="2492" pin=0"/></net>

<net id="4502"><net_src comp="2090" pin="2"/><net_sink comp="4499" pin=0"/></net>

<net id="4503"><net_src comp="4499" pin="1"/><net_sink comp="2469" pin=1"/></net>

<net id="4507"><net_src comp="2109" pin="3"/><net_sink comp="4504" pin=0"/></net>

<net id="4508"><net_src comp="4504" pin="1"/><net_sink comp="2520" pin=0"/></net>

<net id="4512"><net_src comp="2147" pin="2"/><net_sink comp="4509" pin=0"/></net>

<net id="4513"><net_src comp="4509" pin="1"/><net_sink comp="2537" pin=2"/></net>

<net id="4517"><net_src comp="2167" pin="2"/><net_sink comp="4514" pin=0"/></net>

<net id="4518"><net_src comp="4514" pin="1"/><net_sink comp="2505" pin=0"/></net>

<net id="4522"><net_src comp="2207" pin="2"/><net_sink comp="4519" pin=0"/></net>

<net id="4523"><net_src comp="4519" pin="1"/><net_sink comp="2505" pin=1"/></net>

<net id="4527"><net_src comp="2265" pin="2"/><net_sink comp="4524" pin=0"/></net>

<net id="4528"><net_src comp="4524" pin="1"/><net_sink comp="2525" pin=0"/></net>

<net id="4529"><net_src comp="4524" pin="1"/><net_sink comp="2532" pin=0"/></net>

<net id="4533"><net_src comp="2271" pin="2"/><net_sink comp="4530" pin=0"/></net>

<net id="4534"><net_src comp="4530" pin="1"/><net_sink comp="2509" pin=1"/></net>

<net id="4538"><net_src comp="2290" pin="3"/><net_sink comp="4535" pin=0"/></net>

<net id="4539"><net_src comp="4535" pin="1"/><net_sink comp="2560" pin=0"/></net>

<net id="4543"><net_src comp="2328" pin="2"/><net_sink comp="4540" pin=0"/></net>

<net id="4544"><net_src comp="4540" pin="1"/><net_sink comp="2577" pin=2"/></net>

<net id="4548"><net_src comp="2348" pin="2"/><net_sink comp="4545" pin=0"/></net>

<net id="4549"><net_src comp="4545" pin="1"/><net_sink comp="2545" pin=0"/></net>

<net id="4553"><net_src comp="2388" pin="2"/><net_sink comp="4550" pin=0"/></net>

<net id="4554"><net_src comp="4550" pin="1"/><net_sink comp="2545" pin=1"/></net>

<net id="4558"><net_src comp="2446" pin="2"/><net_sink comp="4555" pin=0"/></net>

<net id="4559"><net_src comp="4555" pin="1"/><net_sink comp="2565" pin=0"/></net>

<net id="4560"><net_src comp="4555" pin="1"/><net_sink comp="2572" pin=0"/></net>

<net id="4564"><net_src comp="2452" pin="2"/><net_sink comp="4561" pin=0"/></net>

<net id="4565"><net_src comp="4561" pin="1"/><net_sink comp="2549" pin=1"/></net>

<net id="4569"><net_src comp="2617" pin="2"/><net_sink comp="4566" pin=0"/></net>

<net id="4570"><net_src comp="4566" pin="1"/><net_sink comp="2678" pin=0"/></net>

<net id="4574"><net_src comp="2641" pin="2"/><net_sink comp="4571" pin=0"/></net>

<net id="4575"><net_src comp="4571" pin="1"/><net_sink comp="2859" pin=0"/></net>

<net id="4579"><net_src comp="2665" pin="2"/><net_sink comp="4576" pin=0"/></net>

<net id="4580"><net_src comp="4576" pin="1"/><net_sink comp="3040" pin=0"/></net>

<net id="4584"><net_src comp="2691" pin="3"/><net_sink comp="4581" pin=0"/></net>

<net id="4585"><net_src comp="4581" pin="1"/><net_sink comp="3243" pin=0"/></net>

<net id="4589"><net_src comp="2729" pin="2"/><net_sink comp="4586" pin=0"/></net>

<net id="4590"><net_src comp="4586" pin="1"/><net_sink comp="3260" pin=2"/></net>

<net id="4594"><net_src comp="2749" pin="2"/><net_sink comp="4591" pin=0"/></net>

<net id="4595"><net_src comp="4591" pin="1"/><net_sink comp="3228" pin=0"/></net>

<net id="4599"><net_src comp="2789" pin="2"/><net_sink comp="4596" pin=0"/></net>

<net id="4600"><net_src comp="4596" pin="1"/><net_sink comp="3228" pin=1"/></net>

<net id="4604"><net_src comp="2847" pin="2"/><net_sink comp="4601" pin=0"/></net>

<net id="4605"><net_src comp="4601" pin="1"/><net_sink comp="3248" pin=0"/></net>

<net id="4606"><net_src comp="4601" pin="1"/><net_sink comp="3255" pin=0"/></net>

<net id="4610"><net_src comp="2853" pin="2"/><net_sink comp="4607" pin=0"/></net>

<net id="4611"><net_src comp="4607" pin="1"/><net_sink comp="3232" pin=1"/></net>

<net id="4615"><net_src comp="2872" pin="3"/><net_sink comp="4612" pin=0"/></net>

<net id="4616"><net_src comp="4612" pin="1"/><net_sink comp="3283" pin=0"/></net>

<net id="4620"><net_src comp="2910" pin="2"/><net_sink comp="4617" pin=0"/></net>

<net id="4621"><net_src comp="4617" pin="1"/><net_sink comp="3300" pin=2"/></net>

<net id="4625"><net_src comp="2930" pin="2"/><net_sink comp="4622" pin=0"/></net>

<net id="4626"><net_src comp="4622" pin="1"/><net_sink comp="3268" pin=0"/></net>

<net id="4630"><net_src comp="2970" pin="2"/><net_sink comp="4627" pin=0"/></net>

<net id="4631"><net_src comp="4627" pin="1"/><net_sink comp="3268" pin=1"/></net>

<net id="4635"><net_src comp="3028" pin="2"/><net_sink comp="4632" pin=0"/></net>

<net id="4636"><net_src comp="4632" pin="1"/><net_sink comp="3288" pin=0"/></net>

<net id="4637"><net_src comp="4632" pin="1"/><net_sink comp="3295" pin=0"/></net>

<net id="4641"><net_src comp="3034" pin="2"/><net_sink comp="4638" pin=0"/></net>

<net id="4642"><net_src comp="4638" pin="1"/><net_sink comp="3272" pin=1"/></net>

<net id="4646"><net_src comp="3053" pin="3"/><net_sink comp="4643" pin=0"/></net>

<net id="4647"><net_src comp="4643" pin="1"/><net_sink comp="3323" pin=0"/></net>

<net id="4651"><net_src comp="3091" pin="2"/><net_sink comp="4648" pin=0"/></net>

<net id="4652"><net_src comp="4648" pin="1"/><net_sink comp="3340" pin=2"/></net>

<net id="4656"><net_src comp="3111" pin="2"/><net_sink comp="4653" pin=0"/></net>

<net id="4657"><net_src comp="4653" pin="1"/><net_sink comp="3308" pin=0"/></net>

<net id="4661"><net_src comp="3151" pin="2"/><net_sink comp="4658" pin=0"/></net>

<net id="4662"><net_src comp="4658" pin="1"/><net_sink comp="3308" pin=1"/></net>

<net id="4666"><net_src comp="3209" pin="2"/><net_sink comp="4663" pin=0"/></net>

<net id="4667"><net_src comp="4663" pin="1"/><net_sink comp="3328" pin=0"/></net>

<net id="4668"><net_src comp="4663" pin="1"/><net_sink comp="3335" pin=0"/></net>

<net id="4672"><net_src comp="3215" pin="2"/><net_sink comp="4669" pin=0"/></net>

<net id="4673"><net_src comp="4669" pin="1"/><net_sink comp="3312" pin=1"/></net>

<net id="4677"><net_src comp="3380" pin="2"/><net_sink comp="4674" pin=0"/></net>

<net id="4678"><net_src comp="4674" pin="1"/><net_sink comp="3441" pin=0"/></net>

<net id="4682"><net_src comp="3404" pin="2"/><net_sink comp="4679" pin=0"/></net>

<net id="4683"><net_src comp="4679" pin="1"/><net_sink comp="3622" pin=0"/></net>

<net id="4687"><net_src comp="3428" pin="2"/><net_sink comp="4684" pin=0"/></net>

<net id="4688"><net_src comp="4684" pin="1"/><net_sink comp="3803" pin=0"/></net>

<net id="4692"><net_src comp="3454" pin="3"/><net_sink comp="4689" pin=0"/></net>

<net id="4693"><net_src comp="4689" pin="1"/><net_sink comp="3999" pin=0"/></net>

<net id="4697"><net_src comp="3492" pin="2"/><net_sink comp="4694" pin=0"/></net>

<net id="4698"><net_src comp="4694" pin="1"/><net_sink comp="4016" pin=2"/></net>

<net id="4702"><net_src comp="3512" pin="2"/><net_sink comp="4699" pin=0"/></net>

<net id="4703"><net_src comp="4699" pin="1"/><net_sink comp="3984" pin=0"/></net>

<net id="4707"><net_src comp="3552" pin="2"/><net_sink comp="4704" pin=0"/></net>

<net id="4708"><net_src comp="4704" pin="1"/><net_sink comp="3984" pin=1"/></net>

<net id="4712"><net_src comp="3610" pin="2"/><net_sink comp="4709" pin=0"/></net>

<net id="4713"><net_src comp="4709" pin="1"/><net_sink comp="4004" pin=0"/></net>

<net id="4714"><net_src comp="4709" pin="1"/><net_sink comp="4011" pin=0"/></net>

<net id="4718"><net_src comp="3616" pin="2"/><net_sink comp="4715" pin=0"/></net>

<net id="4719"><net_src comp="4715" pin="1"/><net_sink comp="3988" pin=1"/></net>

<net id="4723"><net_src comp="3635" pin="3"/><net_sink comp="4720" pin=0"/></net>

<net id="4724"><net_src comp="4720" pin="1"/><net_sink comp="4039" pin=0"/></net>

<net id="4728"><net_src comp="3673" pin="2"/><net_sink comp="4725" pin=0"/></net>

<net id="4729"><net_src comp="4725" pin="1"/><net_sink comp="4056" pin=2"/></net>

<net id="4733"><net_src comp="3693" pin="2"/><net_sink comp="4730" pin=0"/></net>

<net id="4734"><net_src comp="4730" pin="1"/><net_sink comp="4024" pin=0"/></net>

<net id="4738"><net_src comp="3733" pin="2"/><net_sink comp="4735" pin=0"/></net>

<net id="4739"><net_src comp="4735" pin="1"/><net_sink comp="4024" pin=1"/></net>

<net id="4743"><net_src comp="3791" pin="2"/><net_sink comp="4740" pin=0"/></net>

<net id="4744"><net_src comp="4740" pin="1"/><net_sink comp="4044" pin=0"/></net>

<net id="4745"><net_src comp="4740" pin="1"/><net_sink comp="4051" pin=0"/></net>

<net id="4749"><net_src comp="3797" pin="2"/><net_sink comp="4746" pin=0"/></net>

<net id="4750"><net_src comp="4746" pin="1"/><net_sink comp="4028" pin=1"/></net>

<net id="4754"><net_src comp="3816" pin="3"/><net_sink comp="4751" pin=0"/></net>

<net id="4755"><net_src comp="4751" pin="1"/><net_sink comp="4079" pin=0"/></net>

<net id="4759"><net_src comp="3854" pin="2"/><net_sink comp="4756" pin=0"/></net>

<net id="4760"><net_src comp="4756" pin="1"/><net_sink comp="4096" pin=2"/></net>

<net id="4764"><net_src comp="3874" pin="2"/><net_sink comp="4761" pin=0"/></net>

<net id="4765"><net_src comp="4761" pin="1"/><net_sink comp="4064" pin=0"/></net>

<net id="4769"><net_src comp="3914" pin="2"/><net_sink comp="4766" pin=0"/></net>

<net id="4770"><net_src comp="4766" pin="1"/><net_sink comp="4064" pin=1"/></net>

<net id="4774"><net_src comp="3972" pin="2"/><net_sink comp="4771" pin=0"/></net>

<net id="4775"><net_src comp="4771" pin="1"/><net_sink comp="4084" pin=0"/></net>

<net id="4776"><net_src comp="4771" pin="1"/><net_sink comp="4091" pin=0"/></net>

<net id="4780"><net_src comp="3978" pin="2"/><net_sink comp="4777" pin=0"/></net>

<net id="4781"><net_src comp="4777" pin="1"/><net_sink comp="4068" pin=1"/></net>

</net_list>

</model> 
---------------- Datapath Model END ------------------

* FSMD analyzer results:
  - Output states:
	Port: clip_tris_v0_x | {38 }
	Port: clip_tris_v0_y | {38 }
	Port: clip_tris_v0_z | {38 }
	Port: clip_tris_v0_w | {38 }
	Port: clip_tris_v1_x | {38 }
	Port: clip_tris_v1_y | {38 }
	Port: clip_tris_v1_z | {38 }
	Port: clip_tris_v1_w | {38 }
	Port: clip_tris_v2_x | {38 }
	Port: clip_tris_v2_y | {38 }
	Port: clip_tris_v2_z | {38 }
	Port: clip_tris_v2_w | {38 }
	Port: clip_tris_n0_x | {38 }
	Port: clip_tris_n0_y | {38 }
	Port: clip_tris_n0_z | {38 }
	Port: clip_tris_n1_x | {38 }
	Port: clip_tris_n1_y | {38 }
	Port: clip_tris_n1_z | {38 }
	Port: clip_tris_n2_x | {38 }
	Port: clip_tris_n2_y | {38 }
	Port: clip_tris_n2_z | {38 }
	Port: clip_tris_color | {38 }
	Port: clip_tris_is_active | {38 }
 - Input state : 
	Port: k1_vertex_transform : gmem0 | {2 3 4 5 6 7 8 9 10 11 }
	Port: k1_vertex_transform : in_tris | {1 }
	Port: k1_vertex_transform : gmem2 | {13 14 15 16 17 18 19 20 21 22 23 24 25 26 27 28 29 30 31 32 33 34 35 36 }
	Port: k1_vertex_transform : mvp | {1 }
  - Chain level:
	State 1
		p_cast_cast_i : 1
		gmem2_addr : 2
		store_ln0 : 1
		store_ln0 : 1
		phi_mul_load : 1
		i4_load : 1
		add_ln13_1 : 2
		zext_ln13 : 2
		add_ln13 : 3
		trunc_ln13 : 4
		icmp_ln13 : 5
		select_ln13 : 6
		trunc_ln13_1 : 4
		i : 2
		br_ln13 : 6
		icmp_ln9 : 2
		store_ln9 : 3
		store_ln13 : 3
		br_ln9 : 3
	State 2
		gmem0_addr : 1
		empty : 2
	State 3
	State 4
	State 5
	State 6
	State 7
	State 8
	State 9
	State 10
	State 11
	State 12
		tmp_i : 1
		zext_ln13_1 : 1
		lshr_ln13 : 2
		curr_tri_v0_x_4 : 3
		curr_tri_v0_y_4 : 3
		curr_tri_v0_z_4 : 3
		curr_tri_v0_w_2 : 3
		curr_tri_v1_x_4 : 3
		curr_tri_v1_y_4 : 3
		curr_tri_v1_z_4 : 3
		curr_tri_v1_w_2 : 3
		curr_tri_v2_x_4 : 3
		curr_tri_v2_y_4 : 3
		curr_tri_v2_z_4 : 3
		curr_tri_v2_w_3 : 3
		curr_tri_n0_x : 3
		curr_tri_n0_y : 3
		curr_tri_n0_z : 3
		curr_tri_n1_x : 3
		curr_tri_n1_y : 3
		curr_tri_n1_z : 3
		curr_tri_n2_x : 3
		curr_tri_n2_y : 3
		curr_tri_n2_z : 3
		curr_tri_color : 3
		curr_tri_is_active : 3
		br_ln16 : 4
	State 13
	State 14
	State 15
	State 16
	State 17
	State 18
	State 19
	State 20
	State 21
	State 22
		mul_ln21 : 1
		mul_ln21_4 : 1
		mul_ln21_8 : 1
	State 23
		mul_ln21_1 : 1
		mul_ln21_5 : 1
		mul_ln21_9 : 1
	State 24
		mul_ln21_2 : 1
		sext_ln21_5 : 2
		add_ln21 : 3
		add_ln21_1 : 4
		mul_ln21_6 : 1
		sext_ln21_14 : 2
		add_ln21_4 : 3
		add_ln21_5 : 4
		mul_ln21_10 : 1
		sext_ln21_23 : 2
		add_ln21_8 : 3
		add_ln21_9 : 4
	State 25
		mul_ln21_3 : 1
		sext_ln21_8 : 2
		add_ln21_2 : 3
		tmp_91 : 4
		trunc_ln21_1 : 4
		tmp_92 : 4
		tmp_93 : 4
		zext_ln21 : 5
		add_ln21_3 : 6
		tmp_94 : 7
		xor_ln21 : 8
		and_ln21 : 8
		tmp_95 : 4
		tmp : 4
		icmp_ln21 : 5
		tmp_s : 4
		icmp_ln21_1 : 5
		icmp_ln21_2 : 5
		select_ln21 : 8
		xor_ln21_1 : 5
		and_ln21_1 : 6
		select_ln21_1 : 8
		xor_ln21_2 : 9
		or_ln21 : 9
		xor_ln21_3 : 5
		and_ln21_3 : 9
		and_ln21_4 : 9
		mul_ln21_7 : 1
		sext_ln21_17 : 2
		add_ln21_6 : 3
		tmp_111 : 4
		trunc_ln21_3 : 4
		tmp_112 : 4
		tmp_113 : 4
		zext_ln21_1 : 5
		add_ln21_7 : 6
		tmp_114 : 7
		xor_ln21_5 : 8
		and_ln21_6 : 8
		tmp_115 : 4
		tmp_20 : 4
		icmp_ln21_3 : 5
		tmp_21 : 4
		icmp_ln21_4 : 5
		icmp_ln21_5 : 5
		select_ln21_4 : 8
		xor_ln21_6 : 5
		and_ln21_7 : 6
		select_ln21_5 : 8
		xor_ln21_7 : 9
		or_ln21_2 : 9
		xor_ln21_8 : 5
		and_ln21_9 : 9
		and_ln21_10 : 9
		mul_ln21_11 : 1
		sext_ln21_26 : 2
		add_ln21_10 : 3
		tmp_131 : 4
		trunc_ln21_5 : 4
		tmp_132 : 4
		tmp_133 : 4
		zext_ln21_2 : 5
		add_ln21_11 : 6
		tmp_134 : 7
		xor_ln21_10 : 8
		and_ln21_12 : 8
		tmp_135 : 4
		tmp_28 : 4
		icmp_ln21_6 : 5
		tmp_29 : 4
		icmp_ln21_7 : 5
		icmp_ln21_8 : 5
		select_ln21_8 : 8
		xor_ln21_11 : 5
		and_ln21_13 : 6
		select_ln21_9 : 8
		xor_ln21_12 : 9
		or_ln21_4 : 9
		xor_ln21_13 : 5
		and_ln21_15 : 9
		and_ln21_16 : 9
	State 26
		mul_ln22 : 1
		mul_ln22_4 : 1
		mul_ln22_8 : 1
		curr_tri_v0_x_3 : 1
		curr_tri_v1_x_3 : 1
		curr_tri_v2_x_3 : 1
	State 27
		mul_ln22_1 : 1
		mul_ln22_5 : 1
		mul_ln22_9 : 1
	State 28
		mul_ln22_2 : 1
		sext_ln22_2 : 2
		add_ln22 : 3
		add_ln22_1 : 4
		mul_ln22_6 : 1
		sext_ln22_7 : 2
		add_ln22_4 : 3
		add_ln22_5 : 4
		mul_ln22_10 : 1
		sext_ln22_12 : 2
		add_ln22_8 : 3
		add_ln22_9 : 4
	State 29
		mul_ln22_3 : 1
		sext_ln22_4 : 2
		add_ln22_2 : 3
		tmp_96 : 4
		trunc_ln22_1 : 4
		tmp_97 : 4
		tmp_98 : 4
		zext_ln22 : 5
		add_ln22_3 : 6
		tmp_99 : 7
		xor_ln22 : 8
		and_ln22 : 8
		tmp_100 : 4
		tmp_14 : 4
		icmp_ln22 : 5
		tmp_15 : 4
		icmp_ln22_1 : 5
		icmp_ln22_2 : 5
		select_ln22 : 8
		xor_ln22_1 : 5
		and_ln22_1 : 6
		select_ln22_1 : 8
		xor_ln22_2 : 9
		or_ln22 : 9
		xor_ln22_3 : 5
		and_ln22_3 : 9
		and_ln22_4 : 9
		mul_ln22_7 : 1
		sext_ln22_9 : 2
		add_ln22_6 : 3
		tmp_116 : 4
		trunc_ln22_3 : 4
		tmp_117 : 4
		tmp_118 : 4
		zext_ln22_1 : 5
		add_ln22_7 : 6
		tmp_119 : 7
		xor_ln22_5 : 8
		and_ln22_6 : 8
		tmp_120 : 4
		tmp_22 : 4
		icmp_ln22_3 : 5
		tmp_23 : 4
		icmp_ln22_4 : 5
		icmp_ln22_5 : 5
		select_ln22_4 : 8
		xor_ln22_6 : 5
		and_ln22_7 : 6
		select_ln22_5 : 8
		xor_ln22_7 : 9
		or_ln22_2 : 9
		xor_ln22_8 : 5
		and_ln22_9 : 9
		and_ln22_10 : 9
		mul_ln22_11 : 1
		sext_ln22_14 : 2
		add_ln22_10 : 3
		tmp_136 : 4
		trunc_ln22_5 : 4
		tmp_137 : 4
		tmp_138 : 4
		zext_ln22_2 : 5
		add_ln22_11 : 6
		tmp_139 : 7
		xor_ln22_10 : 8
		and_ln22_12 : 8
		tmp_140 : 4
		tmp_30 : 4
		icmp_ln22_6 : 5
		tmp_31 : 4
		icmp_ln22_7 : 5
		icmp_ln22_8 : 5
		select_ln22_8 : 8
		xor_ln22_11 : 5
		and_ln22_13 : 6
		select_ln22_9 : 8
		xor_ln22_12 : 9
		or_ln22_4 : 9
		xor_ln22_13 : 5
		and_ln22_15 : 9
		and_ln22_16 : 9
	State 30
		mul_ln23 : 1
		mul_ln23_4 : 1
		mul_ln23_8 : 1
		curr_tri_v0_y_3 : 1
		curr_tri_v1_y_3 : 1
		curr_tri_v2_y_3 : 1
	State 31
		mul_ln23_1 : 1
		mul_ln23_5 : 1
		mul_ln23_9 : 1
	State 32
		mul_ln23_2 : 1
		sext_ln23_2 : 2
		add_ln23 : 3
		add_ln23_1 : 4
		mul_ln23_6 : 1
		sext_ln23_7 : 2
		add_ln23_4 : 3
		add_ln23_5 : 4
		mul_ln23_10 : 1
		sext_ln23_12 : 2
		add_ln23_8 : 3
		add_ln23_9 : 4
	State 33
		mul_ln23_3 : 1
		sext_ln23_4 : 2
		add_ln23_2 : 3
		tmp_101 : 4
		trunc_ln23_1 : 4
		tmp_102 : 4
		tmp_103 : 4
		zext_ln23 : 5
		add_ln23_3 : 6
		tmp_104 : 7
		xor_ln23 : 8
		and_ln23 : 8
		tmp_105 : 4
		tmp_16 : 4
		icmp_ln23 : 5
		tmp_17 : 4
		icmp_ln23_1 : 5
		icmp_ln23_2 : 5
		select_ln23 : 8
		xor_ln23_1 : 5
		and_ln23_1 : 6
		select_ln23_1 : 8
		xor_ln23_2 : 9
		or_ln23 : 9
		xor_ln23_3 : 5
		and_ln23_3 : 9
		and_ln23_4 : 9
		mul_ln23_7 : 1
		sext_ln23_9 : 2
		add_ln23_6 : 3
		tmp_121 : 4
		trunc_ln23_3 : 4
		tmp_122 : 4
		tmp_123 : 4
		zext_ln23_1 : 5
		add_ln23_7 : 6
		tmp_124 : 7
		xor_ln23_5 : 8
		and_ln23_6 : 8
		tmp_125 : 4
		tmp_24 : 4
		icmp_ln23_3 : 5
		tmp_25 : 4
		icmp_ln23_4 : 5
		icmp_ln23_5 : 5
		select_ln23_4 : 8
		xor_ln23_6 : 5
		and_ln23_7 : 6
		select_ln23_5 : 8
		xor_ln23_7 : 9
		or_ln23_2 : 9
		xor_ln23_8 : 5
		and_ln23_9 : 9
		and_ln23_10 : 9
		mul_ln23_11 : 1
		sext_ln23_14 : 2
		add_ln23_10 : 3
		tmp_141 : 4
		trunc_ln23_5 : 4
		tmp_142 : 4
		tmp_143 : 4
		zext_ln23_2 : 5
		add_ln23_11 : 6
		tmp_144 : 7
		xor_ln23_10 : 8
		and_ln23_12 : 8
		tmp_145 : 4
		tmp_32 : 4
		icmp_ln23_6 : 5
		tmp_33 : 4
		icmp_ln23_7 : 5
		icmp_ln23_8 : 5
		select_ln23_8 : 8
		xor_ln23_11 : 5
		and_ln23_13 : 6
		select_ln23_9 : 8
		xor_ln23_12 : 9
		or_ln23_4 : 9
		xor_ln23_13 : 5
		and_ln23_15 : 9
		and_ln23_16 : 9
	State 34
		mul_ln24 : 1
		mul_ln24_4 : 1
		mul_ln24_8 : 1
		curr_tri_v0_z_3 : 1
		curr_tri_v1_z_3 : 1
		curr_tri_v2_z_3 : 1
	State 35
		mul_ln24_1 : 1
		mul_ln24_5 : 1
		mul_ln24_9 : 1
	State 36
		mul_ln24_2 : 1
		sext_ln24_2 : 2
		add_ln24 : 3
		add_ln24_1 : 4
		mul_ln24_6 : 1
		sext_ln24_7 : 2
		add_ln24_4 : 3
		add_ln24_5 : 4
		mul_ln24_10 : 1
		sext_ln24_12 : 2
		add_ln24_8 : 3
		add_ln24_9 : 4
	State 37
		mul_ln24_3 : 1
		sext_ln24_4 : 2
		add_ln24_2 : 3
		tmp_106 : 4
		trunc_ln24_1 : 4
		tmp_107 : 4
		tmp_108 : 4
		zext_ln24 : 5
		add_ln24_3 : 6
		tmp_109 : 7
		xor_ln24 : 8
		and_ln24 : 8
		tmp_110 : 4
		tmp_18 : 4
		icmp_ln24 : 5
		tmp_19 : 4
		icmp_ln24_1 : 5
		icmp_ln24_2 : 5
		select_ln24 : 8
		xor_ln24_1 : 5
		and_ln24_1 : 6
		select_ln24_1 : 8
		xor_ln24_2 : 9
		or_ln24 : 9
		xor_ln24_3 : 5
		and_ln24_3 : 9
		and_ln24_4 : 9
		mul_ln24_7 : 1
		sext_ln24_9 : 2
		add_ln24_6 : 3
		tmp_126 : 4
		trunc_ln24_3 : 4
		tmp_127 : 4
		tmp_128 : 4
		zext_ln24_1 : 5
		add_ln24_7 : 6
		tmp_129 : 7
		xor_ln24_5 : 8
		and_ln24_6 : 8
		tmp_130 : 4
		tmp_26 : 4
		icmp_ln24_3 : 5
		tmp_27 : 4
		icmp_ln24_4 : 5
		icmp_ln24_5 : 5
		select_ln24_4 : 8
		xor_ln24_6 : 5
		and_ln24_7 : 6
		select_ln24_5 : 8
		xor_ln24_7 : 9
		or_ln24_2 : 9
		xor_ln24_8 : 5
		and_ln24_9 : 9
		and_ln24_10 : 9
		mul_ln24_11 : 1
		sext_ln24_14 : 2
		add_ln24_10 : 3
		tmp_146 : 4
		trunc_ln24_5 : 4
		tmp_147 : 4
		tmp_148 : 4
		zext_ln24_2 : 5
		add_ln24_11 : 6
		tmp_149 : 7
		xor_ln24_10 : 8
		and_ln24_12 : 8
		tmp_150 : 4
		tmp_34 : 4
		icmp_ln24_6 : 5
		tmp_35 : 4
		icmp_ln24_7 : 5
		icmp_ln24_8 : 5
		select_ln24_8 : 8
		xor_ln24_11 : 5
		and_ln24_13 : 6
		select_ln24_9 : 8
		xor_ln24_12 : 9
		or_ln24_4 : 9
		xor_ln24_13 : 5
		and_ln24_15 : 9
		and_ln24_16 : 9
	State 38
		curr_tri_v0_w_1 : 1
		curr_tri_v1_w_1 : 1
		curr_tri_v2_w_1 : 1
		write_ln33 : 2
		write_ln33 : 2
		write_ln33 : 2


============================================================
+ Verbose Summary: Datapath Resource usage 
============================================================

* Functional unit list:
|----------|---------------------------|---------|---------|---------|
| Operation|      Functional Unit      |   DSP   |    FF   |   LUT   |
|----------|---------------------------|---------|---------|---------|
|          |     add_ln13_1_fu_678     |    0    |    0    |    21   |
|          |      add_ln13_fu_688      |    0    |    0    |    71   |
|          |          i_fu_722         |    0    |    0    |    14   |
|          |      add_ln21_fu_1065     |    0    |    0    |    64   |
|          |     add_ln21_1_fu_1071    |    0    |    0    |    65   |
|          |     add_ln21_4_fu_1093    |    0    |    0    |    64   |
|          |     add_ln21_5_fu_1099    |    0    |    0    |    65   |
|          |     add_ln21_8_fu_1121    |    0    |    0    |    64   |
|          |     add_ln21_9_fu_1127    |    0    |    0    |    65   |
|          |     add_ln21_2_fu_1151    |    0    |    0    |    72   |
|          |     add_ln21_3_fu_1195    |    0    |    0    |    39   |
|          |     add_ln21_6_fu_1336    |    0    |    0    |    72   |
|          |     add_ln21_7_fu_1380    |    0    |    0    |    39   |
|          |    add_ln21_10_fu_1521    |    0    |    0    |    72   |
|          |    add_ln21_11_fu_1565    |    0    |    0    |    39   |
|          |      add_ln22_fu_1848     |    0    |    0    |    64   |
|          |     add_ln22_1_fu_1854    |    0    |    0    |    65   |
|          |     add_ln22_4_fu_1872    |    0    |    0    |    64   |
|          |     add_ln22_5_fu_1878    |    0    |    0    |    65   |
|          |     add_ln22_8_fu_1896    |    0    |    0    |    64   |
|          |     add_ln22_9_fu_1902    |    0    |    0    |    65   |
|          |     add_ln22_2_fu_1922    |    0    |    0    |    72   |
|          |     add_ln22_3_fu_1966    |    0    |    0    |    39   |
|          |     add_ln22_6_fu_2103    |    0    |    0    |    72   |
|          |     add_ln22_7_fu_2147    |    0    |    0    |    39   |
|    add   |    add_ln22_10_fu_2284    |    0    |    0    |    72   |
|          |    add_ln22_11_fu_2328    |    0    |    0    |    39   |
|          |      add_ln23_fu_2611     |    0    |    0    |    64   |
|          |     add_ln23_1_fu_2617    |    0    |    0    |    65   |
|          |     add_ln23_4_fu_2635    |    0    |    0    |    64   |
|          |     add_ln23_5_fu_2641    |    0    |    0    |    65   |
|          |     add_ln23_8_fu_2659    |    0    |    0    |    64   |
|          |     add_ln23_9_fu_2665    |    0    |    0    |    65   |
|          |     add_ln23_2_fu_2685    |    0    |    0    |    72   |
|          |     add_ln23_3_fu_2729    |    0    |    0    |    39   |
|          |     add_ln23_6_fu_2866    |    0    |    0    |    72   |
|          |     add_ln23_7_fu_2910    |    0    |    0    |    39   |
|          |    add_ln23_10_fu_3047    |    0    |    0    |    72   |
|          |    add_ln23_11_fu_3091    |    0    |    0    |    39   |
|          |      add_ln24_fu_3374     |    0    |    0    |    64   |
|          |     add_ln24_1_fu_3380    |    0    |    0    |    65   |
|          |     add_ln24_4_fu_3398    |    0    |    0    |    64   |
|          |     add_ln24_5_fu_3404    |    0    |    0    |    65   |
|          |     add_ln24_8_fu_3422    |    0    |    0    |    64   |
|          |     add_ln24_9_fu_3428    |    0    |    0    |    65   |
|          |     add_ln24_2_fu_3448    |    0    |    0    |    72   |
|          |     add_ln24_3_fu_3492    |    0    |    0    |    39   |
|          |     add_ln24_6_fu_3629    |    0    |    0    |    72   |
|          |     add_ln24_7_fu_3673    |    0    |    0    |    39   |
|          |    add_ln24_10_fu_3810    |    0    |    0    |    72   |
|          |    add_ln24_11_fu_3854    |    0    |    0    |    39   |
|----------|---------------------------|---------|---------|---------|
|   lshr   |      lshr_ln13_fu_776     |    0    |    0    |   2171  |
|----------|---------------------------|---------|---------|---------|
|          |      icmp_ln13_fu_698     |    0    |    0    |    14   |
|          |      icmp_ln9_fu_728      |    0    |    0    |    14   |
|          |     icmp_ln21_fu_1239     |    0    |    0    |    24   |
|          |    icmp_ln21_1_fu_1255    |    0    |    0    |    25   |
|          |    icmp_ln21_2_fu_1261    |    0    |    0    |    25   |
|          |    icmp_ln21_3_fu_1424    |    0    |    0    |    24   |
|          |    icmp_ln21_4_fu_1440    |    0    |    0    |    25   |
|          |    icmp_ln21_5_fu_1446    |    0    |    0    |    25   |
|          |    icmp_ln21_6_fu_1609    |    0    |    0    |    24   |
|          |    icmp_ln21_7_fu_1625    |    0    |    0    |    25   |
|          |    icmp_ln21_8_fu_1631    |    0    |    0    |    25   |
|          |     icmp_ln22_fu_2010     |    0    |    0    |    24   |
|          |    icmp_ln22_1_fu_2026    |    0    |    0    |    25   |
|          |    icmp_ln22_2_fu_2032    |    0    |    0    |    25   |
|          |    icmp_ln22_3_fu_2191    |    0    |    0    |    24   |
|          |    icmp_ln22_4_fu_2207    |    0    |    0    |    25   |
|          |    icmp_ln22_5_fu_2213    |    0    |    0    |    25   |
|          |    icmp_ln22_6_fu_2372    |    0    |    0    |    24   |
|   icmp   |    icmp_ln22_7_fu_2388    |    0    |    0    |    25   |
|          |    icmp_ln22_8_fu_2394    |    0    |    0    |    25   |
|          |     icmp_ln23_fu_2773     |    0    |    0    |    24   |
|          |    icmp_ln23_1_fu_2789    |    0    |    0    |    25   |
|          |    icmp_ln23_2_fu_2795    |    0    |    0    |    25   |
|          |    icmp_ln23_3_fu_2954    |    0    |    0    |    24   |
|          |    icmp_ln23_4_fu_2970    |    0    |    0    |    25   |
|          |    icmp_ln23_5_fu_2976    |    0    |    0    |    25   |
|          |    icmp_ln23_6_fu_3135    |    0    |    0    |    24   |
|          |    icmp_ln23_7_fu_3151    |    0    |    0    |    25   |
|          |    icmp_ln23_8_fu_3157    |    0    |    0    |    25   |
|          |     icmp_ln24_fu_3536     |    0    |    0    |    24   |
|          |    icmp_ln24_1_fu_3552    |    0    |    0    |    25   |
|          |    icmp_ln24_2_fu_3558    |    0    |    0    |    25   |
|          |    icmp_ln24_3_fu_3717    |    0    |    0    |    24   |
|          |    icmp_ln24_4_fu_3733    |    0    |    0    |    25   |
|          |    icmp_ln24_5_fu_3739    |    0    |    0    |    25   |
|          |    icmp_ln24_6_fu_3898    |    0    |    0    |    24   |
|          |    icmp_ln24_7_fu_3914    |    0    |    0    |    25   |
|          |    icmp_ln24_8_fu_3920    |    0    |    0    |    25   |
|----------|---------------------------|---------|---------|---------|
|          |     select_ln13_fu_704    |    0    |    0    |    3    |
|          |    select_ln21_fu_1267    |    0    |    0    |    2    |
|          |   select_ln21_1_fu_1287   |    0    |    0    |    2    |
|          |   select_ln21_4_fu_1452   |    0    |    0    |    2    |
|          |   select_ln21_5_fu_1472   |    0    |    0    |    2    |
|          |   select_ln21_8_fu_1637   |    0    |    0    |    2    |
|          |   select_ln21_9_fu_1657   |    0    |    0    |    2    |
|          |   select_ln21_2_fu_1722   |    0    |    0    |    32   |
|          |    out_verts_x_fu_1734    |    0    |    0    |    32   |
|          |   select_ln21_6_fu_1762   |    0    |    0    |    32   |
|          |   out_verts_x_3_fu_1774   |    0    |    0    |    32   |
|          |   select_ln21_10_fu_1802  |    0    |    0    |    32   |
|          |   out_verts_x_4_fu_1814   |    0    |    0    |    32   |
|          |    select_ln22_fu_2038    |    0    |    0    |    2    |
|          |   select_ln22_1_fu_2058   |    0    |    0    |    2    |
|          |   select_ln22_4_fu_2219   |    0    |    0    |    2    |
|          |   select_ln22_5_fu_2239   |    0    |    0    |    2    |
|          |   select_ln22_8_fu_2400   |    0    |    0    |    2    |
|          |   select_ln22_9_fu_2420   |    0    |    0    |    2    |
|          |   select_ln22_2_fu_2485   |    0    |    0    |    32   |
|          |    out_verts_y_fu_2497    |    0    |    0    |    32   |
|          |   select_ln22_6_fu_2525   |    0    |    0    |    32   |
|          |   out_verts_y_3_fu_2537   |    0    |    0    |    32   |
|          |   select_ln22_10_fu_2565  |    0    |    0    |    32   |
|  select  |   out_verts_y_4_fu_2577   |    0    |    0    |    32   |
|          |    select_ln23_fu_2801    |    0    |    0    |    2    |
|          |   select_ln23_1_fu_2821   |    0    |    0    |    2    |
|          |   select_ln23_4_fu_2982   |    0    |    0    |    2    |
|          |   select_ln23_5_fu_3002   |    0    |    0    |    2    |
|          |   select_ln23_8_fu_3163   |    0    |    0    |    2    |
|          |   select_ln23_9_fu_3183   |    0    |    0    |    2    |
|          |   select_ln23_2_fu_3248   |    0    |    0    |    32   |
|          |    out_verts_z_fu_3260    |    0    |    0    |    32   |
|          |   select_ln23_6_fu_3288   |    0    |    0    |    32   |
|          |   out_verts_z_3_fu_3300   |    0    |    0    |    32   |
|          |   select_ln23_10_fu_3328  |    0    |    0    |    32   |
|          |   out_verts_z_4_fu_3340   |    0    |    0    |    32   |
|          |    select_ln24_fu_3564    |    0    |    0    |    2    |
|          |   select_ln24_1_fu_3584   |    0    |    0    |    2    |
|          |   select_ln24_4_fu_3745   |    0    |    0    |    2    |
|          |   select_ln24_5_fu_3765   |    0    |    0    |    2    |
|          |   select_ln24_8_fu_3926   |    0    |    0    |    2    |
|          |   select_ln24_9_fu_3946   |    0    |    0    |    2    |
|          |   select_ln24_2_fu_4004   |    0    |    0    |    32   |
|          |    out_verts_w_fu_4016    |    0    |    0    |    32   |
|          |   select_ln24_6_fu_4044   |    0    |    0    |    32   |
|          |   out_verts_w_2_fu_4056   |    0    |    0    |    32   |
|          |   select_ln24_10_fu_4084  |    0    |    0    |    32   |
|          |   curr_tri_v2_w_fu_4096   |    0    |    0    |    32   |
|----------|---------------------------|---------|---------|---------|
|          |      and_ln21_fu_1215     |    0    |    0    |    2    |
|          |     and_ln21_1_fu_1281    |    0    |    0    |    2    |
|          |     and_ln21_3_fu_1313    |    0    |    0    |    2    |
|          |     and_ln21_4_fu_1319    |    0    |    0    |    2    |
|          |     and_ln21_6_fu_1400    |    0    |    0    |    2    |
|          |     and_ln21_7_fu_1466    |    0    |    0    |    2    |
|          |     and_ln21_9_fu_1498    |    0    |    0    |    2    |
|          |    and_ln21_10_fu_1504    |    0    |    0    |    2    |
|          |    and_ln21_12_fu_1585    |    0    |    0    |    2    |
|          |    and_ln21_13_fu_1651    |    0    |    0    |    2    |
|          |    and_ln21_15_fu_1683    |    0    |    0    |    2    |
|          |    and_ln21_16_fu_1689    |    0    |    0    |    2    |
|          |     and_ln21_2_fu_1702    |    0    |    0    |    2    |
|          |     and_ln21_5_fu_1717    |    0    |    0    |    2    |
|          |     and_ln21_8_fu_1742    |    0    |    0    |    2    |
|          |    and_ln21_11_fu_1757    |    0    |    0    |    2    |
|          |    and_ln21_14_fu_1782    |    0    |    0    |    2    |
|          |    and_ln21_17_fu_1797    |    0    |    0    |    2    |
|          |      and_ln22_fu_1986     |    0    |    0    |    2    |
|          |     and_ln22_1_fu_2052    |    0    |    0    |    2    |
|          |     and_ln22_3_fu_2084    |    0    |    0    |    2    |
|          |     and_ln22_4_fu_2090    |    0    |    0    |    2    |
|          |     and_ln22_6_fu_2167    |    0    |    0    |    2    |
|          |     and_ln22_7_fu_2233    |    0    |    0    |    2    |
|          |     and_ln22_9_fu_2265    |    0    |    0    |    2    |
|          |    and_ln22_10_fu_2271    |    0    |    0    |    2    |
|          |    and_ln22_12_fu_2348    |    0    |    0    |    2    |
|          |    and_ln22_13_fu_2414    |    0    |    0    |    2    |
|          |    and_ln22_15_fu_2446    |    0    |    0    |    2    |
|          |    and_ln22_16_fu_2452    |    0    |    0    |    2    |
|          |     and_ln22_2_fu_2465    |    0    |    0    |    2    |
|          |     and_ln22_5_fu_2480    |    0    |    0    |    2    |
|          |     and_ln22_8_fu_2505    |    0    |    0    |    2    |
|          |    and_ln22_11_fu_2520    |    0    |    0    |    2    |
|          |    and_ln22_14_fu_2545    |    0    |    0    |    2    |
|    and   |    and_ln22_17_fu_2560    |    0    |    0    |    2    |
|          |      and_ln23_fu_2749     |    0    |    0    |    2    |
|          |     and_ln23_1_fu_2815    |    0    |    0    |    2    |
|          |     and_ln23_3_fu_2847    |    0    |    0    |    2    |
|          |     and_ln23_4_fu_2853    |    0    |    0    |    2    |
|          |     and_ln23_6_fu_2930    |    0    |    0    |    2    |
|          |     and_ln23_7_fu_2996    |    0    |    0    |    2    |
|          |     and_ln23_9_fu_3028    |    0    |    0    |    2    |
|          |    and_ln23_10_fu_3034    |    0    |    0    |    2    |
|          |    and_ln23_12_fu_3111    |    0    |    0    |    2    |
|          |    and_ln23_13_fu_3177    |    0    |    0    |    2    |
|          |    and_ln23_15_fu_3209    |    0    |    0    |    2    |
|          |    and_ln23_16_fu_3215    |    0    |    0    |    2    |
|          |     and_ln23_2_fu_3228    |    0    |    0    |    2    |
|          |     and_ln23_5_fu_3243    |    0    |    0    |    2    |
|          |     and_ln23_8_fu_3268    |    0    |    0    |    2    |
|          |    and_ln23_11_fu_3283    |    0    |    0    |    2    |
|          |    and_ln23_14_fu_3308    |    0    |    0    |    2    |
|          |    and_ln23_17_fu_3323    |    0    |    0    |    2    |
|          |      and_ln24_fu_3512     |    0    |    0    |    2    |
|          |     and_ln24_1_fu_3578    |    0    |    0    |    2    |
|          |     and_ln24_3_fu_3610    |    0    |    0    |    2    |
|          |     and_ln24_4_fu_3616    |    0    |    0    |    2    |
|          |     and_ln24_6_fu_3693    |    0    |    0    |    2    |
|          |     and_ln24_7_fu_3759    |    0    |    0    |    2    |
|          |     and_ln24_9_fu_3791    |    0    |    0    |    2    |
|          |    and_ln24_10_fu_3797    |    0    |    0    |    2    |
|          |    and_ln24_12_fu_3874    |    0    |    0    |    2    |
|          |    and_ln24_13_fu_3940    |    0    |    0    |    2    |
|          |    and_ln24_15_fu_3972    |    0    |    0    |    2    |
|          |    and_ln24_16_fu_3978    |    0    |    0    |    2    |
|          |     and_ln24_2_fu_3984    |    0    |    0    |    2    |
|          |     and_ln24_5_fu_3999    |    0    |    0    |    2    |
|          |     and_ln24_8_fu_4024    |    0    |    0    |    2    |
|          |    and_ln24_11_fu_4039    |    0    |    0    |    2    |
|          |    and_ln24_14_fu_4064    |    0    |    0    |    2    |
|          |    and_ln24_17_fu_4079    |    0    |    0    |    2    |
|----------|---------------------------|---------|---------|---------|
|          |      xor_ln21_fu_1209     |    0    |    0    |    2    |
|          |     xor_ln21_1_fu_1275    |    0    |    0    |    2    |
|          |     xor_ln21_2_fu_1295    |    0    |    0    |    2    |
|          |     xor_ln21_3_fu_1307    |    0    |    0    |    2    |
|          |     xor_ln21_5_fu_1394    |    0    |    0    |    2    |
|          |     xor_ln21_6_fu_1460    |    0    |    0    |    2    |
|          |     xor_ln21_7_fu_1480    |    0    |    0    |    2    |
|          |     xor_ln21_8_fu_1492    |    0    |    0    |    2    |
|          |    xor_ln21_10_fu_1579    |    0    |    0    |    2    |
|          |    xor_ln21_11_fu_1645    |    0    |    0    |    2    |
|          |    xor_ln21_12_fu_1665    |    0    |    0    |    2    |
|          |    xor_ln21_13_fu_1677    |    0    |    0    |    2    |
|          |     xor_ln21_4_fu_1711    |    0    |    0    |    2    |
|          |     xor_ln21_9_fu_1751    |    0    |    0    |    2    |
|          |    xor_ln21_14_fu_1791    |    0    |    0    |    2    |
|          |      xor_ln22_fu_1980     |    0    |    0    |    2    |
|          |     xor_ln22_1_fu_2046    |    0    |    0    |    2    |
|          |     xor_ln22_2_fu_2066    |    0    |    0    |    2    |
|          |     xor_ln22_3_fu_2078    |    0    |    0    |    2    |
|          |     xor_ln22_5_fu_2161    |    0    |    0    |    2    |
|          |     xor_ln22_6_fu_2227    |    0    |    0    |    2    |
|          |     xor_ln22_7_fu_2247    |    0    |    0    |    2    |
|          |     xor_ln22_8_fu_2259    |    0    |    0    |    2    |
|          |    xor_ln22_10_fu_2342    |    0    |    0    |    2    |
|          |    xor_ln22_11_fu_2408    |    0    |    0    |    2    |
|          |    xor_ln22_12_fu_2428    |    0    |    0    |    2    |
|          |    xor_ln22_13_fu_2440    |    0    |    0    |    2    |
|          |     xor_ln22_4_fu_2474    |    0    |    0    |    2    |
|          |     xor_ln22_9_fu_2514    |    0    |    0    |    2    |
|    xor   |    xor_ln22_14_fu_2554    |    0    |    0    |    2    |
|          |      xor_ln23_fu_2743     |    0    |    0    |    2    |
|          |     xor_ln23_1_fu_2809    |    0    |    0    |    2    |
|          |     xor_ln23_2_fu_2829    |    0    |    0    |    2    |
|          |     xor_ln23_3_fu_2841    |    0    |    0    |    2    |
|          |     xor_ln23_5_fu_2924    |    0    |    0    |    2    |
|          |     xor_ln23_6_fu_2990    |    0    |    0    |    2    |
|          |     xor_ln23_7_fu_3010    |    0    |    0    |    2    |
|          |     xor_ln23_8_fu_3022    |    0    |    0    |    2    |
|          |    xor_ln23_10_fu_3105    |    0    |    0    |    2    |
|          |    xor_ln23_11_fu_3171    |    0    |    0    |    2    |
|          |    xor_ln23_12_fu_3191    |    0    |    0    |    2    |
|          |    xor_ln23_13_fu_3203    |    0    |    0    |    2    |
|          |     xor_ln23_4_fu_3237    |    0    |    0    |    2    |
|          |     xor_ln23_9_fu_3277    |    0    |    0    |    2    |
|          |    xor_ln23_14_fu_3317    |    0    |    0    |    2    |
|          |      xor_ln24_fu_3506     |    0    |    0    |    2    |
|          |     xor_ln24_1_fu_3572    |    0    |    0    |    2    |
|          |     xor_ln24_2_fu_3592    |    0    |    0    |    2    |
|          |     xor_ln24_3_fu_3604    |    0    |    0    |    2    |
|          |     xor_ln24_5_fu_3687    |    0    |    0    |    2    |
|          |     xor_ln24_6_fu_3753    |    0    |    0    |    2    |
|          |     xor_ln24_7_fu_3773    |    0    |    0    |    2    |
|          |     xor_ln24_8_fu_3785    |    0    |    0    |    2    |
|          |    xor_ln24_10_fu_3868    |    0    |    0    |    2    |
|          |    xor_ln24_11_fu_3934    |    0    |    0    |    2    |
|          |    xor_ln24_12_fu_3954    |    0    |    0    |    2    |
|          |    xor_ln24_13_fu_3966    |    0    |    0    |    2    |
|          |     xor_ln24_4_fu_3993    |    0    |    0    |    2    |
|          |     xor_ln24_9_fu_4033    |    0    |    0    |    2    |
|          |    xor_ln24_14_fu_4073    |    0    |    0    |    2    |
|----------|---------------------------|---------|---------|---------|
|          |         grp_fu_602        |    4    |    0    |    20   |
|    mul   |         grp_fu_606        |    4    |    0    |    20   |
|          |         grp_fu_610        |    4    |    0    |    20   |
|----------|---------------------------|---------|---------|---------|
|          |      or_ln21_fu_1301      |    0    |    0    |    2    |
|          |     or_ln21_2_fu_1486     |    0    |    0    |    2    |
|          |     or_ln21_4_fu_1671     |    0    |    0    |    2    |
|          |     or_ln21_6_fu_1706     |    0    |    0    |    2    |
|          |     or_ln21_1_fu_1729     |    0    |    0    |    2    |
|          |     or_ln21_7_fu_1746     |    0    |    0    |    2    |
|          |     or_ln21_3_fu_1769     |    0    |    0    |    2    |
|          |     or_ln21_8_fu_1786     |    0    |    0    |    2    |
|          |     or_ln21_5_fu_1809     |    0    |    0    |    2    |
|          |      or_ln22_fu_2072      |    0    |    0    |    2    |
|          |     or_ln22_2_fu_2253     |    0    |    0    |    2    |
|          |     or_ln22_4_fu_2434     |    0    |    0    |    2    |
|          |     or_ln22_6_fu_2469     |    0    |    0    |    2    |
|          |     or_ln22_1_fu_2492     |    0    |    0    |    2    |
|          |     or_ln22_7_fu_2509     |    0    |    0    |    2    |
|          |     or_ln22_3_fu_2532     |    0    |    0    |    2    |
|          |     or_ln22_8_fu_2549     |    0    |    0    |    2    |
|    or    |     or_ln22_5_fu_2572     |    0    |    0    |    2    |
|          |      or_ln23_fu_2835      |    0    |    0    |    2    |
|          |     or_ln23_2_fu_3016     |    0    |    0    |    2    |
|          |     or_ln23_4_fu_3197     |    0    |    0    |    2    |
|          |     or_ln23_6_fu_3232     |    0    |    0    |    2    |
|          |     or_ln23_1_fu_3255     |    0    |    0    |    2    |
|          |     or_ln23_7_fu_3272     |    0    |    0    |    2    |
|          |     or_ln23_3_fu_3295     |    0    |    0    |    2    |
|          |     or_ln23_8_fu_3312     |    0    |    0    |    2    |
|          |     or_ln23_5_fu_3335     |    0    |    0    |    2    |
|          |      or_ln24_fu_3598      |    0    |    0    |    2    |
|          |     or_ln24_2_fu_3779     |    0    |    0    |    2    |
|          |     or_ln24_4_fu_3960     |    0    |    0    |    2    |
|          |     or_ln24_6_fu_3988     |    0    |    0    |    2    |
|          |     or_ln24_1_fu_4011     |    0    |    0    |    2    |
|          |     or_ln24_7_fu_4028     |    0    |    0    |    2    |
|          |     or_ln24_3_fu_4051     |    0    |    0    |    2    |
|          |     or_ln24_8_fu_4068     |    0    |    0    |    2    |
|          |     or_ln24_5_fu_4091     |    0    |    0    |    2    |
|----------|---------------------------|---------|---------|---------|
|          |    mvp_read_read_fu_266   |    0    |    0    |    0    |
|   read   |  in_tris_read_read_fu_272 |    0    |    0    |    0    |
|          |      grp_read_fu_445      |    0    |    0    |    0    |
|          |      grp_read_fu_457      |    0    |    0    |    0    |
|----------|---------------------------|---------|---------|---------|
|          |  write_ln33_write_fu_278  |    0    |    0    |    0    |
|          |  write_ln33_write_fu_285  |    0    |    0    |    0    |
|          |  write_ln33_write_fu_292  |    0    |    0    |    0    |
|          |  write_ln33_write_fu_299  |    0    |    0    |    0    |
|          |  write_ln33_write_fu_306  |    0    |    0    |    0    |
|          |  write_ln33_write_fu_313  |    0    |    0    |    0    |
|          |  write_ln33_write_fu_320  |    0    |    0    |    0    |
|          |  write_ln33_write_fu_327  |    0    |    0    |    0    |
|          |  write_ln33_write_fu_334  |    0    |    0    |    0    |
|          |  write_ln33_write_fu_341  |    0    |    0    |    0    |
|          |  write_ln33_write_fu_348  |    0    |    0    |    0    |
|   write  |  write_ln33_write_fu_355  |    0    |    0    |    0    |
|          |  write_ln33_write_fu_362  |    0    |    0    |    0    |
|          |  write_ln33_write_fu_369  |    0    |    0    |    0    |
|          |  write_ln33_write_fu_376  |    0    |    0    |    0    |
|          |  write_ln33_write_fu_383  |    0    |    0    |    0    |
|          |  write_ln33_write_fu_390  |    0    |    0    |    0    |
|          |  write_ln33_write_fu_397  |    0    |    0    |    0    |
|          |  write_ln33_write_fu_404  |    0    |    0    |    0    |
|          |  write_ln33_write_fu_411  |    0    |    0    |    0    |
|          |  write_ln33_write_fu_418  |    0    |    0    |    0    |
|          |  write_ln33_write_fu_425  |    0    |    0    |    0    |
|          |  write_ln33_write_fu_432  |    0    |    0    |    0    |
|----------|---------------------------|---------|---------|---------|
|  readreq |     grp_readreq_fu_439    |    0    |    0    |    0    |
|          |     grp_readreq_fu_450    |    0    |    0    |    0    |
|----------|---------------------------|---------|---------|---------|
|          |      p_cast_i_fu_642      |    0    |    0    |    0    |
|          |    trunc_ln13_1_fu_712    |    0    |    0    |    0    |
|          |   curr_tri_v0_y_4_fu_786  |    0    |    0    |    0    |
|          |   curr_tri_v0_z_4_fu_796  |    0    |    0    |    0    |
|          |   curr_tri_v0_w_2_fu_806  |    0    |    0    |    0    |
|          |   curr_tri_v1_x_4_fu_816  |    0    |    0    |    0    |
|          |   curr_tri_v1_y_4_fu_826  |    0    |    0    |    0    |
|          |   curr_tri_v1_z_4_fu_836  |    0    |    0    |    0    |
|          |   curr_tri_v1_w_2_fu_846  |    0    |    0    |    0    |
|          |   curr_tri_v2_x_4_fu_856  |    0    |    0    |    0    |
|          |   curr_tri_v2_y_4_fu_866  |    0    |    0    |    0    |
|          |   curr_tri_v2_z_4_fu_876  |    0    |    0    |    0    |
|          |   curr_tri_v2_w_3_fu_886  |    0    |    0    |    0    |
|          |    curr_tri_n0_x_fu_896   |    0    |    0    |    0    |
|          |    curr_tri_n0_y_fu_906   |    0    |    0    |    0    |
|          |    curr_tri_n0_z_fu_916   |    0    |    0    |    0    |
|          |    curr_tri_n1_x_fu_926   |    0    |    0    |    0    |
|          |    curr_tri_n1_y_fu_936   |    0    |    0    |    0    |
|          |    curr_tri_n1_z_fu_946   |    0    |    0    |    0    |
|          |    curr_tri_n2_x_fu_956   |    0    |    0    |    0    |
|          |    curr_tri_n2_y_fu_966   |    0    |    0    |    0    |
|          |    curr_tri_n2_z_fu_976   |    0    |    0    |    0    |
|          |   curr_tri_color_fu_986   |    0    |    0    |    0    |
|          |    trunc_ln21_1_fu_1165   |    0    |    0    |    0    |
|          |        tmp_fu_1229        |    0    |    0    |    0    |
|          |       tmp_s_fu_1245       |    0    |    0    |    0    |
|          |    trunc_ln21_3_fu_1350   |    0    |    0    |    0    |
|          |       tmp_20_fu_1414      |    0    |    0    |    0    |
|          |       tmp_21_fu_1430      |    0    |    0    |    0    |
|partselect|    trunc_ln21_5_fu_1535   |    0    |    0    |    0    |
|          |       tmp_28_fu_1599      |    0    |    0    |    0    |
|          |       tmp_29_fu_1615      |    0    |    0    |    0    |
|          |    trunc_ln22_1_fu_1936   |    0    |    0    |    0    |
|          |       tmp_14_fu_2000      |    0    |    0    |    0    |
|          |       tmp_15_fu_2016      |    0    |    0    |    0    |
|          |    trunc_ln22_3_fu_2117   |    0    |    0    |    0    |
|          |       tmp_22_fu_2181      |    0    |    0    |    0    |
|          |       tmp_23_fu_2197      |    0    |    0    |    0    |
|          |    trunc_ln22_5_fu_2298   |    0    |    0    |    0    |
|          |       tmp_30_fu_2362      |    0    |    0    |    0    |
|          |       tmp_31_fu_2378      |    0    |    0    |    0    |
|          |    trunc_ln23_1_fu_2699   |    0    |    0    |    0    |
|          |       tmp_16_fu_2763      |    0    |    0    |    0    |
|          |       tmp_17_fu_2779      |    0    |    0    |    0    |
|          |    trunc_ln23_3_fu_2880   |    0    |    0    |    0    |
|          |       tmp_24_fu_2944      |    0    |    0    |    0    |
|          |       tmp_25_fu_2960      |    0    |    0    |    0    |
|          |    trunc_ln23_5_fu_3061   |    0    |    0    |    0    |
|          |       tmp_32_fu_3125      |    0    |    0    |    0    |
|          |       tmp_33_fu_3141      |    0    |    0    |    0    |
|          |    trunc_ln24_1_fu_3462   |    0    |    0    |    0    |
|          |       tmp_18_fu_3526      |    0    |    0    |    0    |
|          |       tmp_19_fu_3542      |    0    |    0    |    0    |
|          |    trunc_ln24_3_fu_3643   |    0    |    0    |    0    |
|          |       tmp_26_fu_3707      |    0    |    0    |    0    |
|          |       tmp_27_fu_3723      |    0    |    0    |    0    |
|          |    trunc_ln24_5_fu_3824   |    0    |    0    |    0    |
|          |       tmp_34_fu_3888      |    0    |    0    |    0    |
|          |       tmp_35_fu_3904      |    0    |    0    |    0    |
|----------|---------------------------|---------|---------|---------|
|          |    p_cast_cast_i_fu_652   |    0    |    0    |    0    |
|          |      sext_ln13_fu_744     |    0    |    0    |    0    |
|          |     conv7_i_i_fu_1004     |    0    |    0    |    0    |
|          |     sext_ln21_fu_1011     |    0    |    0    |    0    |
|          |    sext_ln21_9_fu_1015    |    0    |    0    |    0    |
|          |    sext_ln21_18_fu_1019   |    0    |    0    |    0    |
|          |   conv7_i1495_i_fu_1023   |    0    |    0    |    0    |
|          |    sext_ln21_1_fu_1030    |    0    |    0    |    0    |
|          |    sext_ln21_10_fu_1034   |    0    |    0    |    0    |
|          |    sext_ln21_19_fu_1038   |    0    |    0    |    0    |
|          |   conv7_i1406_i_fu_1042   |    0    |    0    |    0    |
|          |    sext_ln21_2_fu_1049    |    0    |    0    |    0    |
|          |    sext_ln21_3_fu_1053    |    0    |    0    |    0    |
|          |    sext_ln21_4_fu_1057    |    0    |    0    |    0    |
|          |    sext_ln21_5_fu_1061    |    0    |    0    |    0    |
|          |    sext_ln21_11_fu_1077   |    0    |    0    |    0    |
|          |    sext_ln21_12_fu_1081   |    0    |    0    |    0    |
|          |    sext_ln21_13_fu_1085   |    0    |    0    |    0    |
|          |    sext_ln21_14_fu_1089   |    0    |    0    |    0    |
|          |    sext_ln21_20_fu_1105   |    0    |    0    |    0    |
|          |    sext_ln21_21_fu_1109   |    0    |    0    |    0    |
|          |    sext_ln21_22_fu_1113   |    0    |    0    |    0    |
|          |    sext_ln21_23_fu_1117   |    0    |    0    |    0    |
|          |   conv7_i1317_i_fu_1133   |    0    |    0    |    0    |
|          |    sext_ln21_6_fu_1140    |    0    |    0    |    0    |
|          |    sext_ln21_7_fu_1144    |    0    |    0    |    0    |
|          |    sext_ln21_8_fu_1147    |    0    |    0    |    0    |
|          |    sext_ln21_15_fu_1325   |    0    |    0    |    0    |
|          |    sext_ln21_16_fu_1329   |    0    |    0    |    0    |
|          |    sext_ln21_17_fu_1332   |    0    |    0    |    0    |
|          |    sext_ln21_24_fu_1510   |    0    |    0    |    0    |
|          |    sext_ln21_25_fu_1514   |    0    |    0    |    0    |
|          |    sext_ln21_26_fu_1517   |    0    |    0    |    0    |
|          |   conv7_i1128_i_fu_1695   |    0    |    0    |    0    |
|          |   conv7_i1089_i_fu_1822   |    0    |    0    |    0    |
|          |   conv7_i1000_i_fu_1829   |    0    |    0    |    0    |
|          |     sext_ln22_fu_1836     |    0    |    0    |    0    |
|          |    sext_ln22_1_fu_1840    |    0    |    0    |    0    |
|          |    sext_ln22_2_fu_1844    |    0    |    0    |    0    |
|          |    sext_ln22_5_fu_1860    |    0    |    0    |    0    |
|          |    sext_ln22_6_fu_1864    |    0    |    0    |    0    |
|          |    sext_ln22_7_fu_1868    |    0    |    0    |    0    |
|          |    sext_ln22_10_fu_1884   |    0    |    0    |    0    |
|          |    sext_ln22_11_fu_1888   |    0    |    0    |    0    |
|   sext   |    sext_ln22_12_fu_1892   |    0    |    0    |    0    |
|          |    conv7_i911_i_fu_1908   |    0    |    0    |    0    |
|          |    sext_ln22_3_fu_1915    |    0    |    0    |    0    |
|          |    sext_ln22_4_fu_1918    |    0    |    0    |    0    |
|          |    sext_ln22_8_fu_2096    |    0    |    0    |    0    |
|          |    sext_ln22_9_fu_2099    |    0    |    0    |    0    |
|          |    sext_ln22_13_fu_2277   |    0    |    0    |    0    |
|          |    sext_ln22_14_fu_2280   |    0    |    0    |    0    |
|          |    conv7_i722_i_fu_2458   |    0    |    0    |    0    |
|          |    conv7_i683_i_fu_2585   |    0    |    0    |    0    |
|          |    conv7_i594_i_fu_2592   |    0    |    0    |    0    |
|          |     sext_ln23_fu_2599     |    0    |    0    |    0    |
|          |    sext_ln23_1_fu_2603    |    0    |    0    |    0    |
|          |    sext_ln23_2_fu_2607    |    0    |    0    |    0    |
|          |    sext_ln23_5_fu_2623    |    0    |    0    |    0    |
|          |    sext_ln23_6_fu_2627    |    0    |    0    |    0    |
|          |    sext_ln23_7_fu_2631    |    0    |    0    |    0    |
|          |    sext_ln23_10_fu_2647   |    0    |    0    |    0    |
|          |    sext_ln23_11_fu_2651   |    0    |    0    |    0    |
|          |    sext_ln23_12_fu_2655   |    0    |    0    |    0    |
|          |    conv7_i505_i_fu_2671   |    0    |    0    |    0    |
|          |    sext_ln23_3_fu_2678    |    0    |    0    |    0    |
|          |    sext_ln23_4_fu_2681    |    0    |    0    |    0    |
|          |    sext_ln23_8_fu_2859    |    0    |    0    |    0    |
|          |    sext_ln23_9_fu_2862    |    0    |    0    |    0    |
|          |    sext_ln23_13_fu_3040   |    0    |    0    |    0    |
|          |    sext_ln23_14_fu_3043   |    0    |    0    |    0    |
|          |    conv7_i316_i_fu_3221   |    0    |    0    |    0    |
|          |    conv7_i277_i_fu_3348   |    0    |    0    |    0    |
|          |    conv7_i191_i_fu_3355   |    0    |    0    |    0    |
|          |     sext_ln24_fu_3362     |    0    |    0    |    0    |
|          |    sext_ln24_1_fu_3366    |    0    |    0    |    0    |
|          |    sext_ln24_2_fu_3370    |    0    |    0    |    0    |
|          |    sext_ln24_5_fu_3386    |    0    |    0    |    0    |
|          |    sext_ln24_6_fu_3390    |    0    |    0    |    0    |
|          |    sext_ln24_7_fu_3394    |    0    |    0    |    0    |
|          |    sext_ln24_10_fu_3410   |    0    |    0    |    0    |
|          |    sext_ln24_11_fu_3414   |    0    |    0    |    0    |
|          |    sext_ln24_12_fu_3418   |    0    |    0    |    0    |
|          |    conv7_i105_i_fu_3434   |    0    |    0    |    0    |
|          |    sext_ln24_3_fu_3441    |    0    |    0    |    0    |
|          |    sext_ln24_4_fu_3444    |    0    |    0    |    0    |
|          |    sext_ln24_8_fu_3622    |    0    |    0    |    0    |
|          |    sext_ln24_9_fu_3625    |    0    |    0    |    0    |
|          |    sext_ln24_13_fu_3803   |    0    |    0    |    0    |
|          |    sext_ln24_14_fu_3806   |    0    |    0    |    0    |
|----------|---------------------------|---------|---------|---------|
|          |      zext_ln13_fu_684     |    0    |    0    |    0    |
|          |     zext_ln13_1_fu_772    |    0    |    0    |    0    |
|          |     zext_ln21_fu_1191     |    0    |    0    |    0    |
|          |    zext_ln21_1_fu_1376    |    0    |    0    |    0    |
|          |    zext_ln21_2_fu_1561    |    0    |    0    |    0    |
|          |     zext_ln22_fu_1962     |    0    |    0    |    0    |
|   zext   |    zext_ln22_1_fu_2143    |    0    |    0    |    0    |
|          |    zext_ln22_2_fu_2324    |    0    |    0    |    0    |
|          |     zext_ln23_fu_2725     |    0    |    0    |    0    |
|          |    zext_ln23_1_fu_2906    |    0    |    0    |    0    |
|          |    zext_ln23_2_fu_3087    |    0    |    0    |    0    |
|          |     zext_ln24_fu_3488     |    0    |    0    |    0    |
|          |    zext_ln24_1_fu_3669    |    0    |    0    |    0    |
|          |    zext_ln24_2_fu_3850    |    0    |    0    |    0    |
|----------|---------------------------|---------|---------|---------|
|          |     trunc_ln13_fu_694     |    0    |    0    |    0    |
|   trunc  |    trunc_ln13_2_fu_754    |    0    |    0    |    0    |
|          |   curr_tri_v0_x_4_fu_782  |    0    |    0    |    0    |
|----------|---------------------------|---------|---------|---------|
|bitconcatenate|        tmp_i_fu_758       |    0    |    0    |    0    |
|          |       shl_ln_fu_765       |    0    |    0    |    0    |
|----------|---------------------------|---------|---------|---------|
|          | curr_tri_is_active_fu_996 |    0    |    0    |    0    |
|          |       tmp_91_fu_1157      |    0    |    0    |    0    |
|          |       tmp_92_fu_1175      |    0    |    0    |    0    |
|          |       tmp_93_fu_1183      |    0    |    0    |    0    |
|          |       tmp_94_fu_1201      |    0    |    0    |    0    |
|          |       tmp_95_fu_1221      |    0    |    0    |    0    |
|          |      tmp_111_fu_1342      |    0    |    0    |    0    |
|          |      tmp_112_fu_1360      |    0    |    0    |    0    |
|          |      tmp_113_fu_1368      |    0    |    0    |    0    |
|          |      tmp_114_fu_1386      |    0    |    0    |    0    |
|          |      tmp_115_fu_1406      |    0    |    0    |    0    |
|          |      tmp_131_fu_1527      |    0    |    0    |    0    |
|          |      tmp_132_fu_1545      |    0    |    0    |    0    |
|          |      tmp_133_fu_1553      |    0    |    0    |    0    |
|          |      tmp_134_fu_1571      |    0    |    0    |    0    |
|          |      tmp_135_fu_1591      |    0    |    0    |    0    |
|          |       tmp_96_fu_1928      |    0    |    0    |    0    |
|          |       tmp_97_fu_1946      |    0    |    0    |    0    |
|          |       tmp_98_fu_1954      |    0    |    0    |    0    |
|          |       tmp_99_fu_1972      |    0    |    0    |    0    |
|          |      tmp_100_fu_1992      |    0    |    0    |    0    |
|          |      tmp_116_fu_2109      |    0    |    0    |    0    |
|          |      tmp_117_fu_2127      |    0    |    0    |    0    |
|          |      tmp_118_fu_2135      |    0    |    0    |    0    |
|          |      tmp_119_fu_2153      |    0    |    0    |    0    |
|          |      tmp_120_fu_2173      |    0    |    0    |    0    |
|          |      tmp_136_fu_2290      |    0    |    0    |    0    |
|          |      tmp_137_fu_2308      |    0    |    0    |    0    |
|          |      tmp_138_fu_2316      |    0    |    0    |    0    |
|          |      tmp_139_fu_2334      |    0    |    0    |    0    |
| bitselect|      tmp_140_fu_2354      |    0    |    0    |    0    |
|          |      tmp_101_fu_2691      |    0    |    0    |    0    |
|          |      tmp_102_fu_2709      |    0    |    0    |    0    |
|          |      tmp_103_fu_2717      |    0    |    0    |    0    |
|          |      tmp_104_fu_2735      |    0    |    0    |    0    |
|          |      tmp_105_fu_2755      |    0    |    0    |    0    |
|          |      tmp_121_fu_2872      |    0    |    0    |    0    |
|          |      tmp_122_fu_2890      |    0    |    0    |    0    |
|          |      tmp_123_fu_2898      |    0    |    0    |    0    |
|          |      tmp_124_fu_2916      |    0    |    0    |    0    |
|          |      tmp_125_fu_2936      |    0    |    0    |    0    |
|          |      tmp_141_fu_3053      |    0    |    0    |    0    |
|          |      tmp_142_fu_3071      |    0    |    0    |    0    |
|          |      tmp_143_fu_3079      |    0    |    0    |    0    |
|          |      tmp_144_fu_3097      |    0    |    0    |    0    |
|          |      tmp_145_fu_3117      |    0    |    0    |    0    |
|          |      tmp_106_fu_3454      |    0    |    0    |    0    |
|          |      tmp_107_fu_3472      |    0    |    0    |    0    |
|          |      tmp_108_fu_3480      |    0    |    0    |    0    |
|          |      tmp_109_fu_3498      |    0    |    0    |    0    |
|          |      tmp_110_fu_3518      |    0    |    0    |    0    |
|          |      tmp_126_fu_3635      |    0    |    0    |    0    |
|          |      tmp_127_fu_3653      |    0    |    0    |    0    |
|          |      tmp_128_fu_3661      |    0    |    0    |    0    |
|          |      tmp_129_fu_3679      |    0    |    0    |    0    |
|          |      tmp_130_fu_3699      |    0    |    0    |    0    |
|          |      tmp_146_fu_3816      |    0    |    0    |    0    |
|          |      tmp_147_fu_3834      |    0    |    0    |    0    |
|          |      tmp_148_fu_3842      |    0    |    0    |    0    |
|          |      tmp_149_fu_3860      |    0    |    0    |    0    |
|          |      tmp_150_fu_3880      |    0    |    0    |    0    |
|----------|---------------------------|---------|---------|---------|
|   Total  |                           |    12   |    0    |   7288  |
|----------|---------------------------|---------|---------|---------|

Memories:
N/A

* Register list:
+---------------------------+--------+
|                           |   FF   |
+---------------------------+--------+
|    add_ln21_11_reg_4432   |   32   |
|    add_ln21_1_reg_4325    |   65   |
|    add_ln21_3_reg_4360    |   32   |
|    add_ln21_5_reg_4335    |   65   |
|    add_ln21_7_reg_4396    |   32   |
|    add_ln21_9_reg_4345    |   65   |
|    add_ln22_11_reg_4540   |   32   |
|    add_ln22_1_reg_4458    |   65   |
|    add_ln22_3_reg_4478    |   32   |
|    add_ln22_5_reg_4463    |   65   |
|    add_ln22_7_reg_4509    |   32   |
|    add_ln22_9_reg_4468    |   65   |
|    add_ln23_11_reg_4648   |   32   |
|    add_ln23_1_reg_4566    |   65   |
|    add_ln23_3_reg_4586    |   32   |
|    add_ln23_5_reg_4571    |   65   |
|    add_ln23_7_reg_4617    |   32   |
|    add_ln23_9_reg_4576    |   65   |
|    add_ln24_11_reg_4756   |   32   |
|    add_ln24_1_reg_4674    |   65   |
|    add_ln24_3_reg_4694    |   32   |
|    add_ln24_5_reg_4679    |   65   |
|    add_ln24_7_reg_4725    |   32   |
|    add_ln24_9_reg_4684    |   65   |
|    and_ln21_10_reg_4417   |    1   |
|    and_ln21_12_reg_4437   |    1   |
|    and_ln21_15_reg_4447   |    1   |
|    and_ln21_16_reg_4453   |    1   |
|    and_ln21_3_reg_4375    |    1   |
|    and_ln21_4_reg_4381    |    1   |
|    and_ln21_6_reg_4401    |    1   |
|    and_ln21_9_reg_4411    |    1   |
|     and_ln21_reg_4365     |    1   |
|    and_ln22_10_reg_4530   |    1   |
|    and_ln22_12_reg_4545   |    1   |
|    and_ln22_15_reg_4555   |    1   |
|    and_ln22_16_reg_4561   |    1   |
|    and_ln22_3_reg_4493    |    1   |
|    and_ln22_4_reg_4499    |    1   |
|    and_ln22_6_reg_4514    |    1   |
|    and_ln22_9_reg_4524    |    1   |
|     and_ln22_reg_4483     |    1   |
|    and_ln23_10_reg_4638   |    1   |
|    and_ln23_12_reg_4653   |    1   |
|    and_ln23_15_reg_4663   |    1   |
|    and_ln23_16_reg_4669   |    1   |
|    and_ln23_3_reg_4601    |    1   |
|    and_ln23_4_reg_4607    |    1   |
|    and_ln23_6_reg_4622    |    1   |
|    and_ln23_9_reg_4632    |    1   |
|     and_ln23_reg_4591     |    1   |
|    and_ln24_10_reg_4746   |    1   |
|    and_ln24_12_reg_4761   |    1   |
|    and_ln24_15_reg_4771   |    1   |
|    and_ln24_16_reg_4777   |    1   |
|    and_ln24_3_reg_4709    |    1   |
|    and_ln24_4_reg_4715    |    1   |
|    and_ln24_6_reg_4730    |    1   |
|    and_ln24_9_reg_4740    |    1   |
|     and_ln24_reg_4699     |    1   |
|  curr_tri_color_reg_4280  |   32   |
|curr_tri_is_active_reg_4285|    1   |
|   curr_tri_n0_x_reg_4235  |   32   |
|   curr_tri_n0_y_reg_4240  |   32   |
|   curr_tri_n0_z_reg_4245  |   32   |
|   curr_tri_n1_x_reg_4250  |   32   |
|   curr_tri_n1_y_reg_4255  |   32   |
|   curr_tri_n1_z_reg_4260  |   32   |
|   curr_tri_n2_x_reg_4265  |   32   |
|   curr_tri_n2_y_reg_4270  |   32   |
|   curr_tri_n2_z_reg_4275  |   32   |
|  curr_tri_v0_w_1_reg_572  |   32   |
|  curr_tri_v0_w_2_reg_4181 |   32   |
|  curr_tri_v0_x_3_reg_473  |   32   |
|  curr_tri_v0_x_4_reg_4163 |   32   |
|  curr_tri_v0_y_3_reg_506  |   32   |
|  curr_tri_v0_y_4_reg_4169 |   32   |
|  curr_tri_v0_z_3_reg_539  |   32   |
|  curr_tri_v0_z_4_reg_4175 |   32   |
|  curr_tri_v1_w_1_reg_582  |   32   |
|  curr_tri_v1_w_2_reg_4205 |   32   |
|  curr_tri_v1_x_3_reg_484  |   32   |
|  curr_tri_v1_x_4_reg_4187 |   32   |
|  curr_tri_v1_y_3_reg_517  |   32   |
|  curr_tri_v1_y_4_reg_4193 |   32   |
|  curr_tri_v1_z_3_reg_550  |   32   |
|  curr_tri_v1_z_4_reg_4199 |   32   |
|  curr_tri_v2_w_1_reg_592  |   32   |
|  curr_tri_v2_w_3_reg_4229 |   32   |
|  curr_tri_v2_x_3_reg_495  |   32   |
|  curr_tri_v2_x_4_reg_4211 |   32   |
|  curr_tri_v2_y_3_reg_528  |   32   |
|  curr_tri_v2_y_4_reg_4217 |   32   |
|  curr_tri_v2_z_3_reg_561  |   32   |
|  curr_tri_v2_z_4_reg_4223 |   32   |
|  gmem0_addr_read_reg_4153 |  1024  |
|    gmem0_addr_reg_4147    |  1024  |
|    gmem2_addr_reg_4118    |   32   |
|        i4_reg_4111        |    7   |
|     icmp_ln13_reg_4129    |    1   |
|    icmp_ln21_1_reg_4370   |    1   |
|    icmp_ln21_4_reg_4406   |    1   |
|    icmp_ln21_7_reg_4442   |    1   |
|    icmp_ln22_1_reg_4488   |    1   |
|    icmp_ln22_4_reg_4519   |    1   |
|    icmp_ln22_7_reg_4550   |    1   |
|    icmp_ln23_1_reg_4596   |    1   |
|    icmp_ln23_4_reg_4627   |    1   |
|    icmp_ln23_7_reg_4658   |    1   |
|    icmp_ln24_1_reg_4704   |    1   |
|    icmp_ln24_4_reg_4735   |    1   |
|    icmp_ln24_7_reg_4766   |    1   |
|     icmp_ln9_reg_4143     |    1   |
|      phi_ln13_reg_462     |   697  |
|      phi_mul_reg_4104     |   14   |
|          reg_614          |   32   |
|          reg_618          |   64   |
|          reg_622          |   64   |
|          reg_626          |   64   |
|          reg_630          |   64   |
|          reg_634          |   64   |
|          reg_638          |   64   |
|    select_ln13_reg_4133   |   64   |
|   sext_ln21_10_reg_4310   |   64   |
|   sext_ln21_13_reg_4330   |   64   |
|   sext_ln21_15_reg_4386   |   64   |
|   sext_ln21_18_reg_4300   |   64   |
|   sext_ln21_19_reg_4315   |   64   |
|    sext_ln21_1_reg_4305   |   64   |
|   sext_ln21_22_reg_4340   |   64   |
|   sext_ln21_24_reg_4422   |   64   |
|    sext_ln21_4_reg_4320   |   64   |
|    sext_ln21_6_reg_4350   |   64   |
|    sext_ln21_9_reg_4295   |   64   |
|     sext_ln21_reg_4290    |   64   |
|      tmp_101_reg_4581     |    1   |
|      tmp_106_reg_4689     |    1   |
|      tmp_111_reg_4391     |    1   |
|      tmp_116_reg_4504     |    1   |
|      tmp_121_reg_4612     |    1   |
|      tmp_126_reg_4720     |    1   |
|      tmp_131_reg_4427     |    1   |
|      tmp_136_reg_4535     |    1   |
|      tmp_141_reg_4643     |    1   |
|      tmp_146_reg_4751     |    1   |
|      tmp_91_reg_4355      |    1   |
|      tmp_96_reg_4473      |    1   |
|   trunc_ln13_1_reg_4138   |   57   |
|   trunc_ln13_2_reg_4158   |   697  |
|    trunc_ln13_reg_4124    |    7   |
+---------------------------+--------+
|           Total           |  7122  |
+---------------------------+--------+

* Multiplexer (MUX) list: 
|--------------------|------|------|------|--------||---------||---------||---------|
|        Comp        |  Pin | Size |  BW  | S x BW ||  Delay  ||    FF   ||   LUT   |
|--------------------|------|------|------|--------||---------||---------||---------|
| grp_readreq_fu_439 |  p1  |   2  | 1024 |  2048  ||    0    ||    9    |
|     grp_fu_602     |  p0  |  16  |  32  |   512  ||    0    ||    65   |
|     grp_fu_602     |  p1  |   8  |  32  |   256  ||    0    ||    43   |
|     grp_fu_606     |  p0  |  16  |  32  |   512  ||    0    ||    65   |
|     grp_fu_606     |  p1  |   8  |  32  |   256  ||    0    ||    43   |
|     grp_fu_610     |  p0  |  16  |  32  |   512  ||    0    ||    65   |
|     grp_fu_610     |  p1  |   8  |  32  |   256  ||    0    ||    43   |
|--------------------|------|------|------|--------||---------||---------||---------|
|        Total       |      |      |      |  4352  ||   4.71  ||    0    ||   333   |
|--------------------|------|------|------|--------||---------||---------||---------|



* Summary:
+-----------+--------+--------+--------+--------+
|           |   DSP  |  Delay |   FF   |   LUT  |
+-----------+--------+--------+--------+--------+
|  Function |   12   |    -   |    0   |  7288  |
|   Memory  |    -   |    -   |    -   |    -   |
|Multiplexer|    -   |    4   |    0   |   333  |
|  Register |    -   |    -   |  7122  |    -   |
+-----------+--------+--------+--------+--------+
|   Total   |   12   |    4   |  7122  |  7621  |
+-----------+--------+--------+--------+--------+
