

================================================================
== Vitis HLS Report for 'k1_vertex_transform_Pipeline_VITIS_LOOP_10_1'
================================================================
* Date:           Mon Mar 30 23:31:06 2026

* Version:        2025.1.1 (Build 6214317 on Sep 11 2025)
* Project:        project_1
* Solution:       hls (Vivado IP Flow Target)
* Product family: zynquplus
* Target device:  xczu3eg-sbva484-1-e


================================================================
== Performance Estimates
================================================================
+ Timing: 
    * Summary: 
    +--------+----------+----------+------------+
    |  Clock |  Target  | Estimated| Uncertainty|
    +--------+----------+----------+------------+
    |ap_clk  |  10.00 ns|  7.300 ns|     2.70 ns|
    +--------+----------+----------+------------+

+ Latency: 
    * Summary: 
    +---------+---------+-----------+-----------+------+------+------------------------------------------------+
    |  Latency (cycles) |   Latency (absolute)  |   Interval  |                    Pipeline                    |
    |   min   |   max   |    min    |    max    |  min |  max |                      Type                      |
    +---------+---------+-----------+-----------+------+------+------------------------------------------------+
    |     2327|     2327|  23.270 us|  23.270 us|  2304|  2304|  loop auto-rewind stp (delay=0 clock cycles(s))|
    +---------+---------+-----------+-----------+------+------+------------------------------------------------+

    + Detail: 
        * Instance: 
        N/A

        * Loop: 
        +-------------------+---------+---------+----------+-----------+-----------+------+----------+
        |                   |  Latency (cycles) | Iteration|  Initiation Interval  | Trip |          |
        |     Loop Name     |   min   |   max   |  Latency |  achieved |   target  | Count| Pipelined|
        +-------------------+---------+---------+----------+-----------+-----------+------+----------+
        |- VITIS_LOOP_10_1  |     2325|     2325|        40|         18|          1|   128|       yes|
        +-------------------+---------+---------+----------+-----------+-----------+------+----------+

============================================================
+ Verbose Summary: Synthesis Manager
============================================================
InlineROM: 1
ExposeGlobal: 0
============================================================
+ Verbose Summary: CDFG Model
============================================================
IsTopModel: 0
ResetActiveHigh: 1
IsCombinational: 0
IsDatapathOnly: 0
HasWiredReturn: 1
HasMFsm: 2
HasVarLatency: 1
IsPipeline: 0
IsRtlPipelined: 0
IsInstanceOverlapped: 0
IsDontTouch: 0
HasImplIP: 0
IsGatedGlobalClock: 0

+ Individual pipeline summary: 
  * Pipeline-0: initiation interval (II) = 18, depth = 40


============================================================
+ Verbose Summary: Schedule
============================================================
* Number of FSM states : 40
* Pipeline : 1
  Pipeline-0 : II = 18, D = 40, States = { 1 2 3 4 5 6 7 8 9 10 11 12 13 14 15 16 17 18 19 20 21 22 23 24 25 26 27 28 29 30 31 32 33 34 35 36 37 38 39 40 }
* Dataflow Pipeline: 0

* FSM state transitions: 
1 --> 2 
2 --> 3 
3 --> 4 
4 --> 5 
5 --> 6 
6 --> 7 
7 --> 8 
8 --> 9 
9 --> 10 
10 --> 11 
11 --> 12 
12 --> 13 
13 --> 14 
14 --> 15 
15 --> 16 
16 --> 17 
17 --> 18 
18 --> 19 
19 --> 20 
20 --> 21 
21 --> 22 
22 --> 23 
23 --> 24 
24 --> 25 
25 --> 26 
26 --> 27 
27 --> 28 
28 --> 29 
29 --> 30 
30 --> 31 
31 --> 32 
32 --> 33 
33 --> 34 
34 --> 35 
35 --> 36 
36 --> 37 
37 --> 38 
38 --> 39 
39 --> 40 
40 --> 

* FSM state operations: 

State 1 <SV = 0> <Delay = 3.13>
ST_1 : Operation 43 [1/1] (0.00ns)   --->   "%phi_mul = alloca i32 1"   --->   Operation 43 'alloca' 'phi_mul' <Predicate = true> <Delay = 0.00>
ST_1 : Operation 44 [1/1] (0.00ns)   --->   "%i237 = alloca i32 1"   --->   Operation 44 'alloca' 'i237' <Predicate = true> <Delay = 0.00>
ST_1 : Operation 45 [1/1] (0.00ns)   --->   "%conv7_i109_i_read = read i32 @_ssdm_op_Read.ap_auto.i32, i32 %conv7_i109_i"   --->   Operation 45 'read' 'conv7_i109_i_read' <Predicate = true> <Delay = 0.00>
ST_1 : Operation 46 [1/1] (0.00ns)   --->   "%conv7_i195_i_read = read i32 @_ssdm_op_Read.ap_auto.i32, i32 %conv7_i195_i"   --->   Operation 46 'read' 'conv7_i195_i_read' <Predicate = true> <Delay = 0.00>
ST_1 : Operation 47 [1/1] (0.00ns)   --->   "%conv7_i281_i_read = read i32 @_ssdm_op_Read.ap_auto.i32, i32 %conv7_i281_i"   --->   Operation 47 'read' 'conv7_i281_i_read' <Predicate = true> <Delay = 0.00>
ST_1 : Operation 48 [1/1] (0.00ns)   --->   "%conv7_i320_i_read = read i32 @_ssdm_op_Read.ap_auto.i32, i32 %conv7_i320_i"   --->   Operation 48 'read' 'conv7_i320_i_read' <Predicate = true> <Delay = 0.00>
ST_1 : Operation 49 [1/1] (0.00ns)   --->   "%conv7_i509_i_read = read i32 @_ssdm_op_Read.ap_auto.i32, i32 %conv7_i509_i"   --->   Operation 49 'read' 'conv7_i509_i_read' <Predicate = true> <Delay = 0.00>
ST_1 : Operation 50 [1/1] (0.00ns)   --->   "%conv7_i598_i_read = read i32 @_ssdm_op_Read.ap_auto.i32, i32 %conv7_i598_i"   --->   Operation 50 'read' 'conv7_i598_i_read' <Predicate = true> <Delay = 0.00>
ST_1 : Operation 51 [1/1] (0.00ns)   --->   "%conv7_i687_i_read = read i32 @_ssdm_op_Read.ap_auto.i32, i32 %conv7_i687_i"   --->   Operation 51 'read' 'conv7_i687_i_read' <Predicate = true> <Delay = 0.00>
ST_1 : Operation 52 [1/1] (0.00ns)   --->   "%conv7_i726_i_read = read i32 @_ssdm_op_Read.ap_auto.i32, i32 %conv7_i726_i"   --->   Operation 52 'read' 'conv7_i726_i_read' <Predicate = true> <Delay = 0.00>
ST_1 : Operation 53 [1/1] (0.00ns)   --->   "%conv7_i915_i_read = read i32 @_ssdm_op_Read.ap_auto.i32, i32 %conv7_i915_i"   --->   Operation 53 'read' 'conv7_i915_i_read' <Predicate = true> <Delay = 0.00>
ST_1 : Operation 54 [1/1] (0.00ns)   --->   "%conv7_i1004_i_read = read i32 @_ssdm_op_Read.ap_auto.i32, i32 %conv7_i1004_i"   --->   Operation 54 'read' 'conv7_i1004_i_read' <Predicate = true> <Delay = 0.00>
ST_1 : Operation 55 [1/1] (0.00ns)   --->   "%conv7_i1093_i_read = read i32 @_ssdm_op_Read.ap_auto.i32, i32 %conv7_i1093_i"   --->   Operation 55 'read' 'conv7_i1093_i_read' <Predicate = true> <Delay = 0.00>
ST_1 : Operation 56 [1/1] (0.00ns)   --->   "%conv7_i1132_i_read = read i32 @_ssdm_op_Read.ap_auto.i32, i32 %conv7_i1132_i"   --->   Operation 56 'read' 'conv7_i1132_i_read' <Predicate = true> <Delay = 0.00>
ST_1 : Operation 57 [1/1] (0.00ns)   --->   "%conv7_i1321_i_read = read i32 @_ssdm_op_Read.ap_auto.i32, i32 %conv7_i1321_i"   --->   Operation 57 'read' 'conv7_i1321_i_read' <Predicate = true> <Delay = 0.00>
ST_1 : Operation 58 [1/1] (0.00ns)   --->   "%conv7_i1410_i_read = read i32 @_ssdm_op_Read.ap_auto.i32, i32 %conv7_i1410_i"   --->   Operation 58 'read' 'conv7_i1410_i_read' <Predicate = true> <Delay = 0.00>
ST_1 : Operation 59 [1/1] (0.00ns)   --->   "%conv7_i1499_i_read = read i32 @_ssdm_op_Read.ap_auto.i32, i32 %conv7_i1499_i"   --->   Operation 59 'read' 'conv7_i1499_i_read' <Predicate = true> <Delay = 0.00>
ST_1 : Operation 60 [1/1] (0.00ns)   --->   "%conv7_i_i_read = read i32 @_ssdm_op_Read.ap_auto.i32, i32 %conv7_i_i"   --->   Operation 60 'read' 'conv7_i_i_read' <Predicate = true> <Delay = 0.00>
ST_1 : Operation 61 [1/1] (0.00ns)   --->   "%in_tris_read = read i64 @_ssdm_op_Read.ap_auto.i64, i64 %in_tris"   --->   Operation 61 'read' 'in_tris_read' <Predicate = true> <Delay = 0.00>
ST_1 : Operation 62 [1/1] (0.00ns)   --->   "%conv7_i109_i_cast = sext i32 %conv7_i109_i_read"   --->   Operation 62 'sext' 'conv7_i109_i_cast' <Predicate = true> <Delay = 0.00>
ST_1 : Operation 63 [1/1] (0.00ns)   --->   "%conv7_i195_i_cast = sext i32 %conv7_i195_i_read"   --->   Operation 63 'sext' 'conv7_i195_i_cast' <Predicate = true> <Delay = 0.00>
ST_1 : Operation 64 [1/1] (0.00ns)   --->   "%conv7_i281_i_cast = sext i32 %conv7_i281_i_read"   --->   Operation 64 'sext' 'conv7_i281_i_cast' <Predicate = true> <Delay = 0.00>
ST_1 : Operation 65 [1/1] (0.00ns)   --->   "%conv7_i320_i_cast = sext i32 %conv7_i320_i_read"   --->   Operation 65 'sext' 'conv7_i320_i_cast' <Predicate = true> <Delay = 0.00>
ST_1 : Operation 66 [1/1] (0.00ns)   --->   "%conv7_i509_i_cast = sext i32 %conv7_i509_i_read"   --->   Operation 66 'sext' 'conv7_i509_i_cast' <Predicate = true> <Delay = 0.00>
ST_1 : Operation 67 [1/1] (0.00ns)   --->   "%conv7_i598_i_cast = sext i32 %conv7_i598_i_read"   --->   Operation 67 'sext' 'conv7_i598_i_cast' <Predicate = true> <Delay = 0.00>
ST_1 : Operation 68 [1/1] (0.00ns)   --->   "%conv7_i687_i_cast = sext i32 %conv7_i687_i_read"   --->   Operation 68 'sext' 'conv7_i687_i_cast' <Predicate = true> <Delay = 0.00>
ST_1 : Operation 69 [1/1] (0.00ns)   --->   "%conv7_i726_i_cast = sext i32 %conv7_i726_i_read"   --->   Operation 69 'sext' 'conv7_i726_i_cast' <Predicate = true> <Delay = 0.00>
ST_1 : Operation 70 [1/1] (0.00ns)   --->   "%conv7_i915_i_cast = sext i32 %conv7_i915_i_read"   --->   Operation 70 'sext' 'conv7_i915_i_cast' <Predicate = true> <Delay = 0.00>
ST_1 : Operation 71 [1/1] (0.00ns)   --->   "%conv7_i1004_i_cast = sext i32 %conv7_i1004_i_read"   --->   Operation 71 'sext' 'conv7_i1004_i_cast' <Predicate = true> <Delay = 0.00>
ST_1 : Operation 72 [1/1] (0.00ns)   --->   "%conv7_i1093_i_cast = sext i32 %conv7_i1093_i_read"   --->   Operation 72 'sext' 'conv7_i1093_i_cast' <Predicate = true> <Delay = 0.00>
ST_1 : Operation 73 [1/1] (0.00ns)   --->   "%conv7_i1132_i_cast = sext i32 %conv7_i1132_i_read"   --->   Operation 73 'sext' 'conv7_i1132_i_cast' <Predicate = true> <Delay = 0.00>
ST_1 : Operation 74 [1/1] (0.00ns)   --->   "%conv7_i1321_i_cast = sext i32 %conv7_i1321_i_read"   --->   Operation 74 'sext' 'conv7_i1321_i_cast' <Predicate = true> <Delay = 0.00>
ST_1 : Operation 75 [1/1] (0.00ns)   --->   "%conv7_i1410_i_cast = sext i32 %conv7_i1410_i_read"   --->   Operation 75 'sext' 'conv7_i1410_i_cast' <Predicate = true> <Delay = 0.00>
ST_1 : Operation 76 [1/1] (0.00ns)   --->   "%conv7_i1499_i_cast = sext i32 %conv7_i1499_i_read"   --->   Operation 76 'sext' 'conv7_i1499_i_cast' <Predicate = true> <Delay = 0.00>
ST_1 : Operation 77 [1/1] (0.00ns)   --->   "%conv7_i_i_cast = sext i32 %conv7_i_i_read"   --->   Operation 77 'sext' 'conv7_i_i_cast' <Predicate = true> <Delay = 0.00>
ST_1 : Operation 78 [1/1] (0.00ns)   --->   "%specinterface_ln0 = specinterface void @_ssdm_op_SpecInterface, i1024 %gmem0, void @empty_16, i32 0, i32 0, void @empty_11, i32 0, i32 0, void @empty_19, void @empty_6, void @empty_11, i32 16, i32 16, i32 16, i32 16, void @empty_11, void @empty_11, i32 4294967295, i32 0, i32 0"   --->   Operation 78 'specinterface' 'specinterface_ln0' <Predicate = true> <Delay = 0.00>
ST_1 : Operation 79 [1/1] (0.48ns)   --->   "%store_ln0 = store i7 0, i7 %i237"   --->   Operation 79 'store' 'store_ln0' <Predicate = true> <Delay = 0.48>
ST_1 : Operation 80 [1/1] (0.48ns)   --->   "%store_ln0 = store i14 0, i14 %phi_mul"   --->   Operation 80 'store' 'store_ln0' <Predicate = true> <Delay = 0.48>
ST_1 : Operation 81 [1/1] (0.00ns)   --->   "%br_ln0 = br void %for.body.split.i"   --->   Operation 81 'br' 'br_ln0' <Predicate = true> <Delay = 0.00>
ST_1 : Operation 82 [1/1] (0.00ns)   --->   "%phi_mul_load = load i14 %phi_mul" [top.cpp:13]   --->   Operation 82 'load' 'phi_mul_load' <Predicate = true> <Delay = 0.00>
ST_1 : Operation 83 [1/1] (0.98ns)   --->   "%add_ln13_1 = add i14 %phi_mul_load, i14 92" [top.cpp:13]   --->   Operation 83 'add' 'add_ln13_1' <Predicate = true> <Delay = 0.98> <CoreInst = "Adder">   --->   Core 1 'Adder' <Latency = 0> <II = 1> <Delay = 0.98> <FuncUnit> <Opcode : 'add' 'sub'> <InPorts = 2> <OutPorts = 1>
ST_1 : Operation 84 [1/1] (0.00ns)   --->   "%zext_ln13 = zext i14 %phi_mul_load" [top.cpp:13]   --->   Operation 84 'zext' 'zext_ln13' <Predicate = true> <Delay = 0.00>
ST_1 : Operation 85 [1/1] (1.47ns)   --->   "%add_ln13 = add i64 %zext_ln13, i64 %in_tris_read" [top.cpp:13]   --->   Operation 85 'add' 'add_ln13' <Predicate = true> <Delay = 1.47> <CoreInst = "Adder">   --->   Core 1 'Adder' <Latency = 0> <II = 1> <Delay = 1.47> <FuncUnit> <Opcode : 'add' 'sub'> <InPorts = 2> <OutPorts = 1>
ST_1 : Operation 86 [1/1] (0.00ns)   --->   "%trunc_ln13 = trunc i64 %add_ln13" [top.cpp:13]   --->   Operation 86 'trunc' 'trunc_ln13' <Predicate = true> <Delay = 0.00>
ST_1 : Operation 87 [1/1] (0.89ns)   --->   "%icmp_ln13 = icmp_ugt  i7 %trunc_ln13, i7 36" [top.cpp:13]   --->   Operation 87 'icmp' 'icmp_ln13' <Predicate = true> <Delay = 0.89> <CoreInst = "Cmp">   --->   Core 9 'Cmp' <Latency = 0> <II = 1> <Delay = 0.89> <FuncUnit> <Opcode : 'seteq' 'setne' 'setle' 'setge' 'setlt' 'setgt'> <InPorts = 2> <OutPorts = 1>
ST_1 : Operation 88 [1/1] (0.27ns)   --->   "%select_ln13 = select i1 %icmp_ln13, i64 2, i64 1" [top.cpp:13]   --->   Operation 88 'select' 'select_ln13' <Predicate = true> <Delay = 0.27> <CoreInst = "Sel">   --->   Core 73 'Sel' <Latency = 0> <II = 1> <Delay = 0.27> <FuncUnit> <Opcode : 'select'> <InPorts = 3> <OutPorts = 1>
ST_1 : Operation 89 [1/1] (0.00ns)   --->   "%trunc_ln13_1 = partselect i57 @_ssdm_op_PartSelect.i57.i64.i32.i32, i64 %add_ln13, i32 7, i32 63" [top.cpp:13]   --->   Operation 89 'partselect' 'trunc_ln13_1' <Predicate = true> <Delay = 0.00>
ST_1 : Operation 90 [1/1] (0.00ns)   --->   "%br_ln13 = br i1 %icmp_ln13, void %for.body.split._crit_edge.i, void" [top.cpp:13]   --->   Operation 90 'br' 'br_ln13' <Predicate = true> <Delay = 0.00>
ST_1 : Operation 91 [1/1] (0.48ns)   --->   "%store_ln13 = store i14 %add_ln13_1, i14 %phi_mul" [top.cpp:13]   --->   Operation 91 'store' 'store_ln13' <Predicate = true> <Delay = 0.48>

State 2 <SV = 1> <Delay = 7.30>
ST_2 : Operation 92 [1/1] (0.00ns)   --->   "%sext_ln13 = sext i57 %trunc_ln13_1" [top.cpp:13]   --->   Operation 92 'sext' 'sext_ln13' <Predicate = true> <Delay = 0.00>
ST_2 : Operation 93 [1/1] (0.00ns)   --->   "%gmem0_addr = getelementptr i1024 %gmem0, i64 %sext_ln13" [top.cpp:13]   --->   Operation 93 'getelementptr' 'gmem0_addr' <Predicate = true> <Delay = 0.00>
ST_2 : Operation 94 [8/8] (7.30ns)   --->   "%empty = readreq i1 @_ssdm_op_ReadReq.m_axi.p1i1024, i1024 %gmem0_addr, i64 %select_ln13" [top.cpp:13]   --->   Operation 94 'readreq' 'empty' <Predicate = true> <Delay = 7.30> <CoreInst = "m_axi">   --->   Core 119 'm_axi' <Latency = 6> <II = 1> <Delay = 1.00> <Adapter> <Opcode : 'read' 'write' 'readreq' 'writereq' 'writeresp'>

State 3 <SV = 2> <Delay = 7.30>
ST_3 : Operation 95 [7/8] (7.30ns)   --->   "%empty = readreq i1 @_ssdm_op_ReadReq.m_axi.p1i1024, i1024 %gmem0_addr, i64 %select_ln13" [top.cpp:13]   --->   Operation 95 'readreq' 'empty' <Predicate = true> <Delay = 7.30> <CoreInst = "m_axi">   --->   Core 119 'm_axi' <Latency = 6> <II = 1> <Delay = 1.00> <Adapter> <Opcode : 'read' 'write' 'readreq' 'writereq' 'writeresp'>
ST_3 : Operation 96 [1/1] (1.47ns)   --->   "%add_ln15 = add i64 %add_ln13, i64 88" [top.cpp:15]   --->   Operation 96 'add' 'add_ln15' <Predicate = true> <Delay = 1.47> <CoreInst = "Adder">   --->   Core 1 'Adder' <Latency = 0> <II = 1> <Delay = 1.47> <FuncUnit> <Opcode : 'add' 'sub'> <InPorts = 2> <OutPorts = 1>
ST_3 : Operation 97 [1/1] (0.00ns)   --->   "%trunc_ln2 = partselect i57 @_ssdm_op_PartSelect.i57.i64.i32.i32, i64 %add_ln15, i32 7, i32 63" [top.cpp:15]   --->   Operation 97 'partselect' 'trunc_ln2' <Predicate = true> <Delay = 0.00>
ST_3 : Operation 98 [1/1] (0.00ns)   --->   "%trunc_ln15_1 = trunc i64 %add_ln15" [top.cpp:15]   --->   Operation 98 'trunc' 'trunc_ln15_1' <Predicate = true> <Delay = 0.00>

State 4 <SV = 3> <Delay = 7.30>
ST_4 : Operation 99 [6/8] (7.30ns)   --->   "%empty = readreq i1 @_ssdm_op_ReadReq.m_axi.p1i1024, i1024 %gmem0_addr, i64 %select_ln13" [top.cpp:13]   --->   Operation 99 'readreq' 'empty' <Predicate = true> <Delay = 7.30> <CoreInst = "m_axi">   --->   Core 119 'm_axi' <Latency = 6> <II = 1> <Delay = 1.00> <Adapter> <Opcode : 'read' 'write' 'readreq' 'writereq' 'writeresp'>
ST_4 : Operation 100 [1/1] (0.00ns)   --->   "%sext_ln15 = sext i57 %trunc_ln2" [top.cpp:15]   --->   Operation 100 'sext' 'sext_ln15' <Predicate = true> <Delay = 0.00>
ST_4 : Operation 101 [1/1] (0.00ns)   --->   "%gmem0_addr_1 = getelementptr i1024 %gmem0, i64 %sext_ln15" [top.cpp:15]   --->   Operation 101 'getelementptr' 'gmem0_addr_1' <Predicate = true> <Delay = 0.00>
ST_4 : Operation 102 [8/8] (7.30ns)   --->   "%gmem0_load_req = readreq i1 @_ssdm_op_ReadReq.m_axi.i1024P1A, i1024 %gmem0_addr_1, i64 1" [top.cpp:15]   --->   Operation 102 'readreq' 'gmem0_load_req' <Predicate = true> <Delay = 7.30> <CoreInst = "m_axi">   --->   Core 119 'm_axi' <Latency = 6> <II = 1> <Delay = 1.00> <Adapter> <Opcode : 'read' 'write' 'readreq' 'writereq' 'writeresp'>

State 5 <SV = 4> <Delay = 7.30>
ST_5 : Operation 103 [5/8] (7.30ns)   --->   "%empty = readreq i1 @_ssdm_op_ReadReq.m_axi.p1i1024, i1024 %gmem0_addr, i64 %select_ln13" [top.cpp:13]   --->   Operation 103 'readreq' 'empty' <Predicate = true> <Delay = 7.30> <CoreInst = "m_axi">   --->   Core 119 'm_axi' <Latency = 6> <II = 1> <Delay = 1.00> <Adapter> <Opcode : 'read' 'write' 'readreq' 'writereq' 'writeresp'>
ST_5 : Operation 104 [7/8] (7.30ns)   --->   "%gmem0_load_req = readreq i1 @_ssdm_op_ReadReq.m_axi.i1024P1A, i1024 %gmem0_addr_1, i64 1" [top.cpp:15]   --->   Operation 104 'readreq' 'gmem0_load_req' <Predicate = true> <Delay = 7.30> <CoreInst = "m_axi">   --->   Core 119 'm_axi' <Latency = 6> <II = 1> <Delay = 1.00> <Adapter> <Opcode : 'read' 'write' 'readreq' 'writereq' 'writeresp'>

State 6 <SV = 5> <Delay = 7.30>
ST_6 : Operation 105 [4/8] (7.30ns)   --->   "%empty = readreq i1 @_ssdm_op_ReadReq.m_axi.p1i1024, i1024 %gmem0_addr, i64 %select_ln13" [top.cpp:13]   --->   Operation 105 'readreq' 'empty' <Predicate = true> <Delay = 7.30> <CoreInst = "m_axi">   --->   Core 119 'm_axi' <Latency = 6> <II = 1> <Delay = 1.00> <Adapter> <Opcode : 'read' 'write' 'readreq' 'writereq' 'writeresp'>
ST_6 : Operation 106 [6/8] (7.30ns)   --->   "%gmem0_load_req = readreq i1 @_ssdm_op_ReadReq.m_axi.i1024P1A, i1024 %gmem0_addr_1, i64 1" [top.cpp:15]   --->   Operation 106 'readreq' 'gmem0_load_req' <Predicate = true> <Delay = 7.30> <CoreInst = "m_axi">   --->   Core 119 'm_axi' <Latency = 6> <II = 1> <Delay = 1.00> <Adapter> <Opcode : 'read' 'write' 'readreq' 'writereq' 'writeresp'>

State 7 <SV = 6> <Delay = 7.30>
ST_7 : Operation 107 [3/8] (7.30ns)   --->   "%empty = readreq i1 @_ssdm_op_ReadReq.m_axi.p1i1024, i1024 %gmem0_addr, i64 %select_ln13" [top.cpp:13]   --->   Operation 107 'readreq' 'empty' <Predicate = true> <Delay = 7.30> <CoreInst = "m_axi">   --->   Core 119 'm_axi' <Latency = 6> <II = 1> <Delay = 1.00> <Adapter> <Opcode : 'read' 'write' 'readreq' 'writereq' 'writeresp'>
ST_7 : Operation 108 [5/8] (7.30ns)   --->   "%gmem0_load_req = readreq i1 @_ssdm_op_ReadReq.m_axi.i1024P1A, i1024 %gmem0_addr_1, i64 1" [top.cpp:15]   --->   Operation 108 'readreq' 'gmem0_load_req' <Predicate = true> <Delay = 7.30> <CoreInst = "m_axi">   --->   Core 119 'm_axi' <Latency = 6> <II = 1> <Delay = 1.00> <Adapter> <Opcode : 'read' 'write' 'readreq' 'writereq' 'writeresp'>

State 8 <SV = 7> <Delay = 7.30>
ST_8 : Operation 109 [2/8] (7.30ns)   --->   "%empty = readreq i1 @_ssdm_op_ReadReq.m_axi.p1i1024, i1024 %gmem0_addr, i64 %select_ln13" [top.cpp:13]   --->   Operation 109 'readreq' 'empty' <Predicate = true> <Delay = 7.30> <CoreInst = "m_axi">   --->   Core 119 'm_axi' <Latency = 6> <II = 1> <Delay = 1.00> <Adapter> <Opcode : 'read' 'write' 'readreq' 'writereq' 'writeresp'>
ST_8 : Operation 110 [4/8] (7.30ns)   --->   "%gmem0_load_req = readreq i1 @_ssdm_op_ReadReq.m_axi.i1024P1A, i1024 %gmem0_addr_1, i64 1" [top.cpp:15]   --->   Operation 110 'readreq' 'gmem0_load_req' <Predicate = true> <Delay = 7.30> <CoreInst = "m_axi">   --->   Core 119 'm_axi' <Latency = 6> <II = 1> <Delay = 1.00> <Adapter> <Opcode : 'read' 'write' 'readreq' 'writereq' 'writeresp'>

State 9 <SV = 8> <Delay = 7.30>
ST_9 : Operation 111 [1/8] (7.30ns)   --->   "%empty = readreq i1 @_ssdm_op_ReadReq.m_axi.p1i1024, i1024 %gmem0_addr, i64 %select_ln13" [top.cpp:13]   --->   Operation 111 'readreq' 'empty' <Predicate = true> <Delay = 7.30> <CoreInst = "m_axi">   --->   Core 119 'm_axi' <Latency = 6> <II = 1> <Delay = 1.00> <Adapter> <Opcode : 'read' 'write' 'readreq' 'writereq' 'writeresp'>
ST_9 : Operation 112 [3/8] (7.30ns)   --->   "%gmem0_load_req = readreq i1 @_ssdm_op_ReadReq.m_axi.i1024P1A, i1024 %gmem0_addr_1, i64 1" [top.cpp:15]   --->   Operation 112 'readreq' 'gmem0_load_req' <Predicate = true> <Delay = 7.30> <CoreInst = "m_axi">   --->   Core 119 'm_axi' <Latency = 6> <II = 1> <Delay = 1.00> <Adapter> <Opcode : 'read' 'write' 'readreq' 'writereq' 'writeresp'>

State 10 <SV = 9> <Delay = 7.30>
ST_10 : Operation 113 [1/1] (7.30ns)   --->   "%gmem0_addr_read = read i1024 @_ssdm_op_Read.m_axi.p1i1024, i1024 %gmem0_addr" [top.cpp:13]   --->   Operation 113 'read' 'gmem0_addr_read' <Predicate = true> <Delay = 7.30> <CoreInst = "m_axi">   --->   Core 119 'm_axi' <Latency = 3> <II = 1> <Delay = 1.00> <Adapter> <Opcode : 'read' 'write' 'readreq' 'writereq' 'writeresp'>
ST_10 : Operation 114 [2/8] (7.30ns)   --->   "%gmem0_load_req = readreq i1 @_ssdm_op_ReadReq.m_axi.i1024P1A, i1024 %gmem0_addr_1, i64 1" [top.cpp:15]   --->   Operation 114 'readreq' 'gmem0_load_req' <Predicate = true> <Delay = 7.30> <CoreInst = "m_axi">   --->   Core 119 'm_axi' <Latency = 6> <II = 1> <Delay = 1.00> <Adapter> <Opcode : 'read' 'write' 'readreq' 'writereq' 'writeresp'>

State 11 <SV = 10> <Delay = 7.30>
ST_11 : Operation 115 [1/1] (7.30ns)   --->   "%gmem0_addr_read_1 = read i1024 @_ssdm_op_Read.m_axi.p1i1024, i1024 %gmem0_addr" [top.cpp:13]   --->   Operation 115 'read' 'gmem0_addr_read_1' <Predicate = (icmp_ln13)> <Delay = 7.30> <CoreInst = "m_axi">   --->   Core 119 'm_axi' <Latency = 3> <II = 1> <Delay = 1.00> <Adapter> <Opcode : 'read' 'write' 'readreq' 'writereq' 'writeresp'>
ST_11 : Operation 116 [1/1] (0.00ns)   --->   "%trunc_ln13_2 = trunc i1024 %gmem0_addr_read_1" [top.cpp:13]   --->   Operation 116 'trunc' 'trunc_ln13_2' <Predicate = (icmp_ln13)> <Delay = 0.00>
ST_11 : Operation 117 [1/1] (0.00ns)   --->   "%br_ln13 = br void %for.body.split._crit_edge.i" [top.cpp:13]   --->   Operation 117 'br' 'br_ln13' <Predicate = (icmp_ln13)> <Delay = 0.00>
ST_11 : Operation 118 [1/8] (7.30ns)   --->   "%gmem0_load_req = readreq i1 @_ssdm_op_ReadReq.m_axi.i1024P1A, i1024 %gmem0_addr_1, i64 1" [top.cpp:15]   --->   Operation 118 'readreq' 'gmem0_load_req' <Predicate = true> <Delay = 7.30> <CoreInst = "m_axi">   --->   Core 119 'm_axi' <Latency = 6> <II = 1> <Delay = 1.00> <Adapter> <Opcode : 'read' 'write' 'readreq' 'writereq' 'writeresp'>

State 12 <SV = 11> <Delay = 7.30>
ST_12 : Operation 119 [1/1] (0.00ns)   --->   "%i237_load = load i7 %i237" [top.cpp:10]   --->   Operation 119 'load' 'i237_load' <Predicate = true> <Delay = 0.00>
ST_12 : Operation 120 [1/1] (0.00ns)   --->   "%zext_ln10 = zext i7 %i237_load" [top.cpp:10]   --->   Operation 120 'zext' 'zext_ln10' <Predicate = true> <Delay = 0.00>
ST_12 : Operation 121 [1/1] (0.00ns)   --->   "%specpipeline_ln11 = specpipeline void @_ssdm_op_SpecPipeline, i32 1, i32 0, i32 0, i32 0, void @empty_11" [top.cpp:11]   --->   Operation 121 'specpipeline' 'specpipeline_ln11' <Predicate = true> <Delay = 0.00>
ST_12 : Operation 122 [1/1] (0.00ns)   --->   "%speclooptripcount_ln10 = speclooptripcount void @_ssdm_op_SpecLoopTripCount, i64 128, i64 128, i64 128" [top.cpp:10]   --->   Operation 122 'speclooptripcount' 'speclooptripcount_ln10' <Predicate = true> <Delay = 0.00>
ST_12 : Operation 123 [1/1] (0.00ns)   --->   "%specloopname_ln10 = specloopname void @_ssdm_op_SpecLoopName, void @empty_21" [top.cpp:10]   --->   Operation 123 'specloopname' 'specloopname_ln10' <Predicate = true> <Delay = 0.00>
ST_12 : Operation 124 [1/1] (0.00ns)   --->   "%clip_tris_v0_x_addr = getelementptr i32 %clip_tris_v0_x, i64 0, i64 %zext_ln10" [top.cpp:13]   --->   Operation 124 'getelementptr' 'clip_tris_v0_x_addr' <Predicate = true> <Delay = 0.00>
ST_12 : Operation 125 [1/1] (0.00ns)   --->   "%clip_tris_v0_y_addr = getelementptr i32 %clip_tris_v0_y, i64 0, i64 %zext_ln10" [top.cpp:13]   --->   Operation 125 'getelementptr' 'clip_tris_v0_y_addr' <Predicate = true> <Delay = 0.00>
ST_12 : Operation 126 [1/1] (0.00ns)   --->   "%clip_tris_v0_z_addr = getelementptr i32 %clip_tris_v0_z, i64 0, i64 %zext_ln10" [top.cpp:13]   --->   Operation 126 'getelementptr' 'clip_tris_v0_z_addr' <Predicate = true> <Delay = 0.00>
ST_12 : Operation 127 [1/1] (0.00ns)   --->   "%clip_tris_v0_w_addr = getelementptr i32 %clip_tris_v0_w, i64 0, i64 %zext_ln10" [top.cpp:13]   --->   Operation 127 'getelementptr' 'clip_tris_v0_w_addr' <Predicate = true> <Delay = 0.00>
ST_12 : Operation 128 [1/1] (0.00ns)   --->   "%clip_tris_v1_x_addr = getelementptr i32 %clip_tris_v1_x, i64 0, i64 %zext_ln10" [top.cpp:13]   --->   Operation 128 'getelementptr' 'clip_tris_v1_x_addr' <Predicate = true> <Delay = 0.00>
ST_12 : Operation 129 [1/1] (0.00ns)   --->   "%clip_tris_v1_y_addr = getelementptr i32 %clip_tris_v1_y, i64 0, i64 %zext_ln10" [top.cpp:13]   --->   Operation 129 'getelementptr' 'clip_tris_v1_y_addr' <Predicate = true> <Delay = 0.00>
ST_12 : Operation 130 [1/1] (0.00ns)   --->   "%clip_tris_v1_z_addr = getelementptr i32 %clip_tris_v1_z, i64 0, i64 %zext_ln10" [top.cpp:13]   --->   Operation 130 'getelementptr' 'clip_tris_v1_z_addr' <Predicate = true> <Delay = 0.00>
ST_12 : Operation 131 [1/1] (0.00ns)   --->   "%clip_tris_v1_w_addr = getelementptr i32 %clip_tris_v1_w, i64 0, i64 %zext_ln10" [top.cpp:13]   --->   Operation 131 'getelementptr' 'clip_tris_v1_w_addr' <Predicate = true> <Delay = 0.00>
ST_12 : Operation 132 [1/1] (0.00ns)   --->   "%clip_tris_v2_x_addr = getelementptr i32 %clip_tris_v2_x, i64 0, i64 %zext_ln10" [top.cpp:13]   --->   Operation 132 'getelementptr' 'clip_tris_v2_x_addr' <Predicate = true> <Delay = 0.00>
ST_12 : Operation 133 [1/1] (0.00ns)   --->   "%clip_tris_v2_y_addr = getelementptr i32 %clip_tris_v2_y, i64 0, i64 %zext_ln10" [top.cpp:13]   --->   Operation 133 'getelementptr' 'clip_tris_v2_y_addr' <Predicate = true> <Delay = 0.00>
ST_12 : Operation 134 [1/1] (0.00ns)   --->   "%clip_tris_v2_z_addr = getelementptr i32 %clip_tris_v2_z, i64 0, i64 %zext_ln10" [top.cpp:13]   --->   Operation 134 'getelementptr' 'clip_tris_v2_z_addr' <Predicate = true> <Delay = 0.00>
ST_12 : Operation 135 [1/1] (0.00ns)   --->   "%clip_tris_v2_w_addr = getelementptr i32 %clip_tris_v2_w, i64 0, i64 %zext_ln10" [top.cpp:13]   --->   Operation 135 'getelementptr' 'clip_tris_v2_w_addr' <Predicate = true> <Delay = 0.00>
ST_12 : Operation 136 [1/1] (0.00ns)   --->   "%clip_tris_n0_x_addr = getelementptr i32 %clip_tris_n0_x, i64 0, i64 %zext_ln10" [top.cpp:13]   --->   Operation 136 'getelementptr' 'clip_tris_n0_x_addr' <Predicate = true> <Delay = 0.00>
ST_12 : Operation 137 [1/1] (0.00ns)   --->   "%clip_tris_n0_y_addr = getelementptr i32 %clip_tris_n0_y, i64 0, i64 %zext_ln10" [top.cpp:13]   --->   Operation 137 'getelementptr' 'clip_tris_n0_y_addr' <Predicate = true> <Delay = 0.00>
ST_12 : Operation 138 [1/1] (0.00ns)   --->   "%clip_tris_n0_z_addr = getelementptr i32 %clip_tris_n0_z, i64 0, i64 %zext_ln10" [top.cpp:13]   --->   Operation 138 'getelementptr' 'clip_tris_n0_z_addr' <Predicate = true> <Delay = 0.00>
ST_12 : Operation 139 [1/1] (0.00ns)   --->   "%clip_tris_n1_x_addr = getelementptr i32 %clip_tris_n1_x, i64 0, i64 %zext_ln10" [top.cpp:13]   --->   Operation 139 'getelementptr' 'clip_tris_n1_x_addr' <Predicate = true> <Delay = 0.00>
ST_12 : Operation 140 [1/1] (0.00ns)   --->   "%clip_tris_n1_y_addr = getelementptr i32 %clip_tris_n1_y, i64 0, i64 %zext_ln10" [top.cpp:13]   --->   Operation 140 'getelementptr' 'clip_tris_n1_y_addr' <Predicate = true> <Delay = 0.00>
ST_12 : Operation 141 [1/1] (0.00ns)   --->   "%clip_tris_n1_z_addr = getelementptr i32 %clip_tris_n1_z, i64 0, i64 %zext_ln10" [top.cpp:13]   --->   Operation 141 'getelementptr' 'clip_tris_n1_z_addr' <Predicate = true> <Delay = 0.00>
ST_12 : Operation 142 [1/1] (0.00ns)   --->   "%clip_tris_n2_x_addr = getelementptr i32 %clip_tris_n2_x, i64 0, i64 %zext_ln10" [top.cpp:13]   --->   Operation 142 'getelementptr' 'clip_tris_n2_x_addr' <Predicate = true> <Delay = 0.00>
ST_12 : Operation 143 [1/1] (0.00ns)   --->   "%clip_tris_n2_y_addr = getelementptr i32 %clip_tris_n2_y, i64 0, i64 %zext_ln10" [top.cpp:13]   --->   Operation 143 'getelementptr' 'clip_tris_n2_y_addr' <Predicate = true> <Delay = 0.00>
ST_12 : Operation 144 [1/1] (0.00ns)   --->   "%clip_tris_n2_z_addr = getelementptr i32 %clip_tris_n2_z, i64 0, i64 %zext_ln10" [top.cpp:13]   --->   Operation 144 'getelementptr' 'clip_tris_n2_z_addr' <Predicate = true> <Delay = 0.00>
ST_12 : Operation 145 [1/1] (0.00ns)   --->   "%clip_tris_is_active_addr = getelementptr i1 %clip_tris_is_active, i64 0, i64 %zext_ln10" [top.cpp:13]   --->   Operation 145 'getelementptr' 'clip_tris_is_active_addr' <Predicate = true> <Delay = 0.00>
ST_12 : Operation 146 [1/1] (0.89ns)   --->   "%i = add i7 %i237_load, i7 1" [top.cpp:10]   --->   Operation 146 'add' 'i' <Predicate = true> <Delay = 0.89> <CoreInst = "Adder">   --->   Core 1 'Adder' <Latency = 0> <II = 1> <Delay = 0.89> <FuncUnit> <Opcode : 'add' 'sub'> <InPorts = 2> <OutPorts = 1>
ST_12 : Operation 147 [1/1] (0.00ns) (grouped into LUT with out node lshr_ln13)   --->   "%phi_ln13 = phi i697 %trunc_ln13_2, void, i697 0, void %for.body.split.i" [top.cpp:13]   --->   Operation 147 'phi' 'phi_ln13' <Predicate = true> <Delay = 0.00>
ST_12 : Operation 148 [1/1] (0.00ns) (grouped into LUT with out node lshr_ln13)   --->   "%tmp_i = bitconcatenate i1721 @_ssdm_op_BitConcatenate.i1721.i697.i1024, i697 %phi_ln13, i1024 %gmem0_addr_read" [top.cpp:13]   --->   Operation 148 'bitconcatenate' 'tmp_i' <Predicate = true> <Delay = 0.00>
ST_12 : Operation 149 [1/1] (0.00ns)   --->   "%shl_ln = bitconcatenate i10 @_ssdm_op_BitConcatenate.i10.i7.i3, i7 %trunc_ln13, i3 0" [top.cpp:13]   --->   Operation 149 'bitconcatenate' 'shl_ln' <Predicate = true> <Delay = 0.00>
ST_12 : Operation 150 [1/1] (0.00ns) (grouped into LUT with out node lshr_ln13)   --->   "%zext_ln13_2 = zext i10 %shl_ln" [top.cpp:13]   --->   Operation 150 'zext' 'zext_ln13_2' <Predicate = true> <Delay = 0.00>
ST_12 : Operation 151 [1/1] (2.13ns) (out node of the LUT)   --->   "%lshr_ln13 = lshr i1721 %tmp_i, i1721 %zext_ln13_2" [top.cpp:13]   --->   Operation 151 'lshr' 'lshr_ln13' <Predicate = true> <Delay = 2.13> <CoreInst = "Shifter">   --->   Core 75 'Shifter' <Latency = 0> <II = 1> <Delay = 2.13> <FuncUnit> <Opcode : 'shl' 'lshr' 'ashr'> <InPorts = 2> <OutPorts = 1>
ST_12 : Operation 152 [1/1] (0.00ns)   --->   "%trunc_ln13_3 = trunc i1721 %lshr_ln13" [top.cpp:13]   --->   Operation 152 'trunc' 'trunc_ln13_3' <Predicate = true> <Delay = 0.00>
ST_12 : Operation 153 [1/1] ( I:1.35ns O:1.35ns )   --->   "%store_ln13 = store i32 %trunc_ln13_3, i7 %clip_tris_v0_x_addr" [top.cpp:13]   --->   Operation 153 'store' 'store_ln13' <Predicate = true> <Delay = 1.35> <CoreInst = "RAM">   --->   Core 82 'RAM' <Latency = 1> <II = 1> <Delay = 1.35> <Storage> <Opcode : 'load' 'store'> <Ports = 2> <Width = 32> <Depth = 128> <RAM>
ST_12 : Operation 154 [1/1] (0.00ns)   --->   "%tmp_i_56 = partselect i32 @_ssdm_op_PartSelect.i32.i1721.i32.i32, i1721 %lshr_ln13, i32 32, i32 63" [top.cpp:13]   --->   Operation 154 'partselect' 'tmp_i_56' <Predicate = true> <Delay = 0.00>
ST_12 : Operation 155 [1/1] ( I:1.35ns O:1.35ns )   --->   "%store_ln13 = store i32 %tmp_i_56, i7 %clip_tris_v0_y_addr" [top.cpp:13]   --->   Operation 155 'store' 'store_ln13' <Predicate = true> <Delay = 1.35> <CoreInst = "RAM">   --->   Core 82 'RAM' <Latency = 1> <II = 1> <Delay = 1.35> <Storage> <Opcode : 'load' 'store'> <Ports = 2> <Width = 32> <Depth = 128> <RAM>
ST_12 : Operation 156 [1/1] (0.00ns)   --->   "%tmp_112_i = partselect i32 @_ssdm_op_PartSelect.i32.i1721.i32.i32, i1721 %lshr_ln13, i32 64, i32 95" [top.cpp:13]   --->   Operation 156 'partselect' 'tmp_112_i' <Predicate = true> <Delay = 0.00>
ST_12 : Operation 157 [1/1] ( I:1.35ns O:1.35ns )   --->   "%store_ln13 = store i32 %tmp_112_i, i7 %clip_tris_v0_z_addr" [top.cpp:13]   --->   Operation 157 'store' 'store_ln13' <Predicate = true> <Delay = 1.35> <CoreInst = "RAM">   --->   Core 82 'RAM' <Latency = 1> <II = 1> <Delay = 1.35> <Storage> <Opcode : 'load' 'store'> <Ports = 2> <Width = 32> <Depth = 128> <RAM>
ST_12 : Operation 158 [1/1] (0.00ns)   --->   "%tmp_113_i = partselect i32 @_ssdm_op_PartSelect.i32.i1721.i32.i32, i1721 %lshr_ln13, i32 96, i32 127" [top.cpp:13]   --->   Operation 158 'partselect' 'tmp_113_i' <Predicate = true> <Delay = 0.00>
ST_12 : Operation 159 [1/1] ( I:1.35ns O:1.35ns )   --->   "%store_ln13 = store i32 %tmp_113_i, i7 %clip_tris_v0_w_addr" [top.cpp:13]   --->   Operation 159 'store' 'store_ln13' <Predicate = true> <Delay = 1.35> <CoreInst = "RAM">   --->   Core 82 'RAM' <Latency = 1> <II = 1> <Delay = 1.35> <Storage> <Opcode : 'load' 'store'> <Ports = 2> <Width = 32> <Depth = 128> <RAM>
ST_12 : Operation 160 [1/1] (0.00ns)   --->   "%tmp_114_i = partselect i32 @_ssdm_op_PartSelect.i32.i1721.i32.i32, i1721 %lshr_ln13, i32 128, i32 159" [top.cpp:13]   --->   Operation 160 'partselect' 'tmp_114_i' <Predicate = true> <Delay = 0.00>
ST_12 : Operation 161 [1/1] ( I:1.35ns O:1.35ns )   --->   "%store_ln13 = store i32 %tmp_114_i, i7 %clip_tris_v1_x_addr" [top.cpp:13]   --->   Operation 161 'store' 'store_ln13' <Predicate = true> <Delay = 1.35> <CoreInst = "RAM">   --->   Core 82 'RAM' <Latency = 1> <II = 1> <Delay = 1.35> <Storage> <Opcode : 'load' 'store'> <Ports = 2> <Width = 32> <Depth = 128> <RAM>
ST_12 : Operation 162 [1/1] (0.00ns)   --->   "%tmp_115_i = partselect i32 @_ssdm_op_PartSelect.i32.i1721.i32.i32, i1721 %lshr_ln13, i32 160, i32 191" [top.cpp:13]   --->   Operation 162 'partselect' 'tmp_115_i' <Predicate = true> <Delay = 0.00>
ST_12 : Operation 163 [1/1] ( I:1.35ns O:1.35ns )   --->   "%store_ln13 = store i32 %tmp_115_i, i7 %clip_tris_v1_y_addr" [top.cpp:13]   --->   Operation 163 'store' 'store_ln13' <Predicate = true> <Delay = 1.35> <CoreInst = "RAM">   --->   Core 82 'RAM' <Latency = 1> <II = 1> <Delay = 1.35> <Storage> <Opcode : 'load' 'store'> <Ports = 2> <Width = 32> <Depth = 128> <RAM>
ST_12 : Operation 164 [1/1] (0.00ns)   --->   "%tmp_116_i = partselect i32 @_ssdm_op_PartSelect.i32.i1721.i32.i32, i1721 %lshr_ln13, i32 192, i32 223" [top.cpp:13]   --->   Operation 164 'partselect' 'tmp_116_i' <Predicate = true> <Delay = 0.00>
ST_12 : Operation 165 [1/1] ( I:1.35ns O:1.35ns )   --->   "%store_ln13 = store i32 %tmp_116_i, i7 %clip_tris_v1_z_addr" [top.cpp:13]   --->   Operation 165 'store' 'store_ln13' <Predicate = true> <Delay = 1.35> <CoreInst = "RAM">   --->   Core 82 'RAM' <Latency = 1> <II = 1> <Delay = 1.35> <Storage> <Opcode : 'load' 'store'> <Ports = 2> <Width = 32> <Depth = 128> <RAM>
ST_12 : Operation 166 [1/1] (0.00ns)   --->   "%tmp_117_i = partselect i32 @_ssdm_op_PartSelect.i32.i1721.i32.i32, i1721 %lshr_ln13, i32 224, i32 255" [top.cpp:13]   --->   Operation 166 'partselect' 'tmp_117_i' <Predicate = true> <Delay = 0.00>
ST_12 : Operation 167 [1/1] ( I:1.35ns O:1.35ns )   --->   "%store_ln13 = store i32 %tmp_117_i, i7 %clip_tris_v1_w_addr" [top.cpp:13]   --->   Operation 167 'store' 'store_ln13' <Predicate = true> <Delay = 1.35> <CoreInst = "RAM">   --->   Core 82 'RAM' <Latency = 1> <II = 1> <Delay = 1.35> <Storage> <Opcode : 'load' 'store'> <Ports = 2> <Width = 32> <Depth = 128> <RAM>
ST_12 : Operation 168 [1/1] (0.00ns)   --->   "%tmp_118_i = partselect i32 @_ssdm_op_PartSelect.i32.i1721.i32.i32, i1721 %lshr_ln13, i32 256, i32 287" [top.cpp:13]   --->   Operation 168 'partselect' 'tmp_118_i' <Predicate = true> <Delay = 0.00>
ST_12 : Operation 169 [1/1] ( I:1.35ns O:1.35ns )   --->   "%store_ln13 = store i32 %tmp_118_i, i7 %clip_tris_v2_x_addr" [top.cpp:13]   --->   Operation 169 'store' 'store_ln13' <Predicate = true> <Delay = 1.35> <CoreInst = "RAM">   --->   Core 82 'RAM' <Latency = 1> <II = 1> <Delay = 1.35> <Storage> <Opcode : 'load' 'store'> <Ports = 2> <Width = 32> <Depth = 128> <RAM>
ST_12 : Operation 170 [1/1] (0.00ns)   --->   "%tmp_119_i = partselect i32 @_ssdm_op_PartSelect.i32.i1721.i32.i32, i1721 %lshr_ln13, i32 288, i32 319" [top.cpp:13]   --->   Operation 170 'partselect' 'tmp_119_i' <Predicate = true> <Delay = 0.00>
ST_12 : Operation 171 [1/1] ( I:1.35ns O:1.35ns )   --->   "%store_ln13 = store i32 %tmp_119_i, i7 %clip_tris_v2_y_addr" [top.cpp:13]   --->   Operation 171 'store' 'store_ln13' <Predicate = true> <Delay = 1.35> <CoreInst = "RAM">   --->   Core 82 'RAM' <Latency = 1> <II = 1> <Delay = 1.35> <Storage> <Opcode : 'load' 'store'> <Ports = 2> <Width = 32> <Depth = 128> <RAM>
ST_12 : Operation 172 [1/1] (0.00ns)   --->   "%tmp_120_i = partselect i32 @_ssdm_op_PartSelect.i32.i1721.i32.i32, i1721 %lshr_ln13, i32 320, i32 351" [top.cpp:13]   --->   Operation 172 'partselect' 'tmp_120_i' <Predicate = true> <Delay = 0.00>
ST_12 : Operation 173 [1/1] ( I:1.35ns O:1.35ns )   --->   "%store_ln13 = store i32 %tmp_120_i, i7 %clip_tris_v2_z_addr" [top.cpp:13]   --->   Operation 173 'store' 'store_ln13' <Predicate = true> <Delay = 1.35> <CoreInst = "RAM">   --->   Core 82 'RAM' <Latency = 1> <II = 1> <Delay = 1.35> <Storage> <Opcode : 'load' 'store'> <Ports = 2> <Width = 32> <Depth = 128> <RAM>
ST_12 : Operation 174 [1/1] (0.00ns)   --->   "%tmp_121_i = partselect i32 @_ssdm_op_PartSelect.i32.i1721.i32.i32, i1721 %lshr_ln13, i32 352, i32 383" [top.cpp:13]   --->   Operation 174 'partselect' 'tmp_121_i' <Predicate = true> <Delay = 0.00>
ST_12 : Operation 175 [1/1] ( I:1.35ns O:1.35ns )   --->   "%store_ln13 = store i32 %tmp_121_i, i7 %clip_tris_v2_w_addr" [top.cpp:13]   --->   Operation 175 'store' 'store_ln13' <Predicate = true> <Delay = 1.35> <CoreInst = "RAM">   --->   Core 82 'RAM' <Latency = 1> <II = 1> <Delay = 1.35> <Storage> <Opcode : 'load' 'store'> <Ports = 2> <Width = 32> <Depth = 128> <RAM>
ST_12 : Operation 176 [1/1] (0.00ns)   --->   "%tmp_122_i = partselect i32 @_ssdm_op_PartSelect.i32.i1721.i32.i32, i1721 %lshr_ln13, i32 384, i32 415" [top.cpp:13]   --->   Operation 176 'partselect' 'tmp_122_i' <Predicate = true> <Delay = 0.00>
ST_12 : Operation 177 [1/1] ( I:1.35ns O:1.35ns )   --->   "%store_ln13 = store i32 %tmp_122_i, i7 %clip_tris_n0_x_addr" [top.cpp:13]   --->   Operation 177 'store' 'store_ln13' <Predicate = true> <Delay = 1.35> <CoreInst = "RAM">   --->   Core 82 'RAM' <Latency = 1> <II = 1> <Delay = 1.35> <Storage> <Opcode : 'load' 'store'> <Ports = 2> <Width = 32> <Depth = 128> <RAM>
ST_12 : Operation 178 [1/1] (0.00ns)   --->   "%tmp_123_i = partselect i32 @_ssdm_op_PartSelect.i32.i1721.i32.i32, i1721 %lshr_ln13, i32 416, i32 447" [top.cpp:13]   --->   Operation 178 'partselect' 'tmp_123_i' <Predicate = true> <Delay = 0.00>
ST_12 : Operation 179 [1/1] ( I:1.35ns O:1.35ns )   --->   "%store_ln13 = store i32 %tmp_123_i, i7 %clip_tris_n0_y_addr" [top.cpp:13]   --->   Operation 179 'store' 'store_ln13' <Predicate = true> <Delay = 1.35> <CoreInst = "RAM">   --->   Core 82 'RAM' <Latency = 1> <II = 1> <Delay = 1.35> <Storage> <Opcode : 'load' 'store'> <Ports = 2> <Width = 32> <Depth = 128> <RAM>
ST_12 : Operation 180 [1/1] (0.00ns)   --->   "%tmp_124_i = partselect i32 @_ssdm_op_PartSelect.i32.i1721.i32.i32, i1721 %lshr_ln13, i32 448, i32 479" [top.cpp:13]   --->   Operation 180 'partselect' 'tmp_124_i' <Predicate = true> <Delay = 0.00>
ST_12 : Operation 181 [1/1] ( I:1.35ns O:1.35ns )   --->   "%store_ln13 = store i32 %tmp_124_i, i7 %clip_tris_n0_z_addr" [top.cpp:13]   --->   Operation 181 'store' 'store_ln13' <Predicate = true> <Delay = 1.35> <CoreInst = "RAM">   --->   Core 82 'RAM' <Latency = 1> <II = 1> <Delay = 1.35> <Storage> <Opcode : 'load' 'store'> <Ports = 2> <Width = 32> <Depth = 128> <RAM>
ST_12 : Operation 182 [1/1] (0.00ns)   --->   "%tmp_125_i = partselect i32 @_ssdm_op_PartSelect.i32.i1721.i32.i32, i1721 %lshr_ln13, i32 480, i32 511" [top.cpp:13]   --->   Operation 182 'partselect' 'tmp_125_i' <Predicate = true> <Delay = 0.00>
ST_12 : Operation 183 [1/1] ( I:1.35ns O:1.35ns )   --->   "%store_ln13 = store i32 %tmp_125_i, i7 %clip_tris_n1_x_addr" [top.cpp:13]   --->   Operation 183 'store' 'store_ln13' <Predicate = true> <Delay = 1.35> <CoreInst = "RAM">   --->   Core 82 'RAM' <Latency = 1> <II = 1> <Delay = 1.35> <Storage> <Opcode : 'load' 'store'> <Ports = 2> <Width = 32> <Depth = 128> <RAM>
ST_12 : Operation 184 [1/1] (0.00ns)   --->   "%tmp_126_i = partselect i32 @_ssdm_op_PartSelect.i32.i1721.i32.i32, i1721 %lshr_ln13, i32 512, i32 543" [top.cpp:13]   --->   Operation 184 'partselect' 'tmp_126_i' <Predicate = true> <Delay = 0.00>
ST_12 : Operation 185 [1/1] ( I:1.35ns O:1.35ns )   --->   "%store_ln13 = store i32 %tmp_126_i, i7 %clip_tris_n1_y_addr" [top.cpp:13]   --->   Operation 185 'store' 'store_ln13' <Predicate = true> <Delay = 1.35> <CoreInst = "RAM">   --->   Core 82 'RAM' <Latency = 1> <II = 1> <Delay = 1.35> <Storage> <Opcode : 'load' 'store'> <Ports = 2> <Width = 32> <Depth = 128> <RAM>
ST_12 : Operation 186 [1/1] (0.00ns)   --->   "%tmp_127_i = partselect i32 @_ssdm_op_PartSelect.i32.i1721.i32.i32, i1721 %lshr_ln13, i32 544, i32 575" [top.cpp:13]   --->   Operation 186 'partselect' 'tmp_127_i' <Predicate = true> <Delay = 0.00>
ST_12 : Operation 187 [1/1] ( I:1.35ns O:1.35ns )   --->   "%store_ln13 = store i32 %tmp_127_i, i7 %clip_tris_n1_z_addr" [top.cpp:13]   --->   Operation 187 'store' 'store_ln13' <Predicate = true> <Delay = 1.35> <CoreInst = "RAM">   --->   Core 82 'RAM' <Latency = 1> <II = 1> <Delay = 1.35> <Storage> <Opcode : 'load' 'store'> <Ports = 2> <Width = 32> <Depth = 128> <RAM>
ST_12 : Operation 188 [1/1] (0.00ns)   --->   "%tmp_128_i = partselect i32 @_ssdm_op_PartSelect.i32.i1721.i32.i32, i1721 %lshr_ln13, i32 576, i32 607" [top.cpp:13]   --->   Operation 188 'partselect' 'tmp_128_i' <Predicate = true> <Delay = 0.00>
ST_12 : Operation 189 [1/1] ( I:1.35ns O:1.35ns )   --->   "%store_ln13 = store i32 %tmp_128_i, i7 %clip_tris_n2_x_addr" [top.cpp:13]   --->   Operation 189 'store' 'store_ln13' <Predicate = true> <Delay = 1.35> <CoreInst = "RAM">   --->   Core 82 'RAM' <Latency = 1> <II = 1> <Delay = 1.35> <Storage> <Opcode : 'load' 'store'> <Ports = 2> <Width = 32> <Depth = 128> <RAM>
ST_12 : Operation 190 [1/1] (0.00ns)   --->   "%tmp_129_i = partselect i32 @_ssdm_op_PartSelect.i32.i1721.i32.i32, i1721 %lshr_ln13, i32 608, i32 639" [top.cpp:13]   --->   Operation 190 'partselect' 'tmp_129_i' <Predicate = true> <Delay = 0.00>
ST_12 : Operation 191 [1/1] ( I:1.35ns O:1.35ns )   --->   "%store_ln13 = store i32 %tmp_129_i, i7 %clip_tris_n2_y_addr" [top.cpp:13]   --->   Operation 191 'store' 'store_ln13' <Predicate = true> <Delay = 1.35> <CoreInst = "RAM">   --->   Core 82 'RAM' <Latency = 1> <II = 1> <Delay = 1.35> <Storage> <Opcode : 'load' 'store'> <Ports = 2> <Width = 32> <Depth = 128> <RAM>
ST_12 : Operation 192 [1/1] (0.00ns)   --->   "%tmp_130_i = partselect i32 @_ssdm_op_PartSelect.i32.i1721.i32.i32, i1721 %lshr_ln13, i32 640, i32 671" [top.cpp:13]   --->   Operation 192 'partselect' 'tmp_130_i' <Predicate = true> <Delay = 0.00>
ST_12 : Operation 193 [1/1] ( I:1.35ns O:1.35ns )   --->   "%store_ln13 = store i32 %tmp_130_i, i7 %clip_tris_n2_z_addr" [top.cpp:13]   --->   Operation 193 'store' 'store_ln13' <Predicate = true> <Delay = 1.35> <CoreInst = "RAM">   --->   Core 82 'RAM' <Latency = 1> <II = 1> <Delay = 1.35> <Storage> <Opcode : 'load' 'store'> <Ports = 2> <Width = 32> <Depth = 128> <RAM>
ST_12 : Operation 194 [1/1] (0.00ns)   --->   "%tmp_93 = bitselect i1 @_ssdm_op_BitSelect.i1.i1721.i32, i1721 %lshr_ln13, i32 704" [top.cpp:13]   --->   Operation 194 'bitselect' 'tmp_93' <Predicate = true> <Delay = 0.00>
ST_12 : Operation 195 [1/1] ( I:0.79ns O:0.79ns )   --->   "%store_ln13 = store i1 %tmp_93, i7 %clip_tris_is_active_addr" [top.cpp:13]   --->   Operation 195 'store' 'store_ln13' <Predicate = true> <Delay = 0.79> <CoreInst = "RAM">   --->   Core 82 'RAM' <Latency = 1> <II = 1> <Delay = 0.79> <Storage> <Opcode : 'load' 'store'> <Ports = 2> <Width = 1> <Depth = 128> <RAM>
ST_12 : Operation 196 [1/1] (7.30ns)   --->   "%gmem0_addr_1_read = read i1024 @_ssdm_op_Read.m_axi.i1024P1A, i1024 %gmem0_addr_1" [top.cpp:15]   --->   Operation 196 'read' 'gmem0_addr_1_read' <Predicate = true> <Delay = 7.30> <CoreInst = "m_axi">   --->   Core 119 'm_axi' <Latency = 3> <II = 1> <Delay = 1.00> <Adapter> <Opcode : 'read' 'write' 'readreq' 'writereq' 'writeresp'>
ST_12 : Operation 197 [1/1] (0.00ns)   --->   "%trunc_ln15 = trunc i1024 %gmem0_addr_1_read" [top.cpp:15]   --->   Operation 197 'trunc' 'trunc_ln15' <Predicate = true> <Delay = 0.00>
ST_12 : Operation 198 [1/1] (0.89ns)   --->   "%icmp_ln10 = icmp_eq  i7 %i237_load, i7 127" [top.cpp:10]   --->   Operation 198 'icmp' 'icmp_ln10' <Predicate = true> <Delay = 0.89> <CoreInst = "Cmp">   --->   Core 9 'Cmp' <Latency = 0> <II = 1> <Delay = 0.89> <FuncUnit> <Opcode : 'seteq' 'setne' 'setle' 'setge' 'setlt' 'setgt'> <InPorts = 2> <OutPorts = 1>
ST_12 : Operation 199 [1/1] (0.48ns)   --->   "%store_ln10 = store i7 %i, i7 %i237" [top.cpp:10]   --->   Operation 199 'store' 'store_ln10' <Predicate = true> <Delay = 0.48>
ST_12 : Operation 200 [1/1] (0.00ns)   --->   "%br_ln10 = br i1 %icmp_ln10, void %for.body.split.i, void %k1_vertex_transform.exit.exitStub" [top.cpp:10]   --->   Operation 200 'br' 'br_ln10' <Predicate = true> <Delay = 0.00>

State 13 <SV = 12> <Delay = 2.13>
ST_13 : Operation 201 [1/1] (0.00ns)   --->   "%shl_ln1 = bitconcatenate i10 @_ssdm_op_BitConcatenate.i10.i7.i3, i7 %trunc_ln15_1, i3 0" [top.cpp:15]   --->   Operation 201 'bitconcatenate' 'shl_ln1' <Predicate = true> <Delay = 0.00>
ST_13 : Operation 202 [1/1] (0.00ns)   --->   "%zext_ln15 = zext i10 %shl_ln1" [top.cpp:15]   --->   Operation 202 'zext' 'zext_ln15' <Predicate = true> <Delay = 0.00>
ST_13 : Operation 203 [1/1] (2.13ns)   --->   "%lshr_ln15 = lshr i1017 %trunc_ln15, i1017 %zext_ln15" [top.cpp:15]   --->   Operation 203 'lshr' 'lshr_ln15' <Predicate = true> <Delay = 2.13> <CoreInst = "Shifter">   --->   Core 75 'Shifter' <Latency = 0> <II = 1> <Delay = 2.13> <FuncUnit> <Opcode : 'shl' 'lshr' 'ashr'> <InPorts = 2> <OutPorts = 1>
ST_13 : Operation 204 [1/1] (0.00ns)   --->   "%trunc_ln15_2 = trunc i1017 %lshr_ln15" [top.cpp:15]   --->   Operation 204 'trunc' 'trunc_ln15_2' <Predicate = true> <Delay = 0.00>
ST_13 : Operation 205 [1/1] (0.00ns)   --->   "%br_ln15 = br i1 %trunc_ln15_2, void %for.inc146.i, void %VITIS_LOOP_19_2.i" [top.cpp:15]   --->   Operation 205 'br' 'br_ln15' <Predicate = true> <Delay = 0.00>
ST_13 : Operation 206 [1/1] (0.89ns)   --->   "%icmp_ln16 = icmp_ugt  i7 %trunc_ln13, i7 112" [top.cpp:16]   --->   Operation 206 'icmp' 'icmp_ln16' <Predicate = (trunc_ln15_2)> <Delay = 0.89> <CoreInst = "Cmp">   --->   Core 9 'Cmp' <Latency = 0> <II = 1> <Delay = 0.89> <FuncUnit> <Opcode : 'seteq' 'setne' 'setle' 'setge' 'setlt' 'setgt'> <InPorts = 2> <OutPorts = 1>
ST_13 : Operation 207 [1/1] (0.27ns)   --->   "%select_ln16 = select i1 %icmp_ln16, i64 2, i64 1" [top.cpp:16]   --->   Operation 207 'select' 'select_ln16' <Predicate = (trunc_ln15_2)> <Delay = 0.27> <CoreInst = "Sel">   --->   Core 73 'Sel' <Latency = 0> <II = 1> <Delay = 0.27> <FuncUnit> <Opcode : 'select'> <InPorts = 3> <OutPorts = 1>
ST_13 : Operation 208 [1/1] (0.00ns)   --->   "%br_ln16 = br i1 %icmp_ln16, void %VITIS_LOOP_19_2._crit_edge.i, void" [top.cpp:16]   --->   Operation 208 'br' 'br_ln16' <Predicate = (trunc_ln15_2)> <Delay = 0.00>

State 14 <SV = 13> <Delay = 7.30>
ST_14 : Operation 209 [8/8] (7.30ns)   --->   "%empty_59 = readreq i1 @_ssdm_op_ReadReq.m_axi.p1i1024, i1024 %gmem0_addr, i64 %select_ln16" [top.cpp:16]   --->   Operation 209 'readreq' 'empty_59' <Predicate = (trunc_ln15_2)> <Delay = 7.30> <CoreInst = "m_axi">   --->   Core 119 'm_axi' <Latency = 6> <II = 1> <Delay = 1.00> <Adapter> <Opcode : 'read' 'write' 'readreq' 'writereq' 'writeresp'>

State 15 <SV = 14> <Delay = 7.30>
ST_15 : Operation 210 [7/8] (7.30ns)   --->   "%empty_59 = readreq i1 @_ssdm_op_ReadReq.m_axi.p1i1024, i1024 %gmem0_addr, i64 %select_ln16" [top.cpp:16]   --->   Operation 210 'readreq' 'empty_59' <Predicate = (trunc_ln15_2)> <Delay = 7.30> <CoreInst = "m_axi">   --->   Core 119 'm_axi' <Latency = 6> <II = 1> <Delay = 1.00> <Adapter> <Opcode : 'read' 'write' 'readreq' 'writereq' 'writeresp'>
ST_15 : Operation 211 [1/1] (1.47ns)   --->   "%add_ln16 = add i64 %add_ln13, i64 16" [top.cpp:16]   --->   Operation 211 'add' 'add_ln16' <Predicate = (trunc_ln15_2)> <Delay = 1.47> <CoreInst = "Adder">   --->   Core 1 'Adder' <Latency = 0> <II = 1> <Delay = 1.47> <FuncUnit> <Opcode : 'add' 'sub'> <InPorts = 2> <OutPorts = 1>
ST_15 : Operation 212 [1/1] (0.00ns)   --->   "%trunc_ln16_2 = trunc i64 %add_ln16" [top.cpp:16]   --->   Operation 212 'trunc' 'trunc_ln16_2' <Predicate = (trunc_ln15_2)> <Delay = 0.00>
ST_15 : Operation 213 [1/1] (0.89ns)   --->   "%icmp_ln16_1 = icmp_ugt  i7 %trunc_ln16_2, i7 112" [top.cpp:16]   --->   Operation 213 'icmp' 'icmp_ln16_1' <Predicate = (trunc_ln15_2)> <Delay = 0.89> <CoreInst = "Cmp">   --->   Core 9 'Cmp' <Latency = 0> <II = 1> <Delay = 0.89> <FuncUnit> <Opcode : 'seteq' 'setne' 'setle' 'setge' 'setlt' 'setgt'> <InPorts = 2> <OutPorts = 1>
ST_15 : Operation 214 [1/1] (0.27ns)   --->   "%select_ln16_1 = select i1 %icmp_ln16_1, i64 2, i64 1" [top.cpp:16]   --->   Operation 214 'select' 'select_ln16_1' <Predicate = (trunc_ln15_2)> <Delay = 0.27> <CoreInst = "Sel">   --->   Core 73 'Sel' <Latency = 0> <II = 1> <Delay = 0.27> <FuncUnit> <Opcode : 'select'> <InPorts = 3> <OutPorts = 1>
ST_15 : Operation 215 [1/1] (0.00ns)   --->   "%trunc_ln16_3 = partselect i57 @_ssdm_op_PartSelect.i57.i64.i32.i32, i64 %add_ln16, i32 7, i32 63" [top.cpp:16]   --->   Operation 215 'partselect' 'trunc_ln16_3' <Predicate = (trunc_ln15_2)> <Delay = 0.00>
ST_15 : Operation 216 [1/1] (0.00ns)   --->   "%br_ln16 = br i1 %icmp_ln16_1, void %._crit_edge.i, void" [top.cpp:16]   --->   Operation 216 'br' 'br_ln16' <Predicate = (trunc_ln15_2)> <Delay = 0.00>

State 16 <SV = 15> <Delay = 7.30>
ST_16 : Operation 217 [6/8] (7.30ns)   --->   "%empty_59 = readreq i1 @_ssdm_op_ReadReq.m_axi.p1i1024, i1024 %gmem0_addr, i64 %select_ln16" [top.cpp:16]   --->   Operation 217 'readreq' 'empty_59' <Predicate = (trunc_ln15_2)> <Delay = 7.30> <CoreInst = "m_axi">   --->   Core 119 'm_axi' <Latency = 6> <II = 1> <Delay = 1.00> <Adapter> <Opcode : 'read' 'write' 'readreq' 'writereq' 'writeresp'>
ST_16 : Operation 218 [1/1] (0.00ns)   --->   "%sext_ln16 = sext i57 %trunc_ln16_3" [top.cpp:16]   --->   Operation 218 'sext' 'sext_ln16' <Predicate = (trunc_ln15_2)> <Delay = 0.00>
ST_16 : Operation 219 [1/1] (0.00ns)   --->   "%gmem0_addr_2 = getelementptr i1024 %gmem0, i64 %sext_ln16" [top.cpp:16]   --->   Operation 219 'getelementptr' 'gmem0_addr_2' <Predicate = (trunc_ln15_2)> <Delay = 0.00>
ST_16 : Operation 220 [8/8] (7.30ns)   --->   "%empty_58 = readreq i1 @_ssdm_op_ReadReq.m_axi.p1i1024, i1024 %gmem0_addr_2, i64 %select_ln16_1" [top.cpp:16]   --->   Operation 220 'readreq' 'empty_58' <Predicate = (trunc_ln15_2)> <Delay = 7.30> <CoreInst = "m_axi">   --->   Core 119 'm_axi' <Latency = 6> <II = 1> <Delay = 1.00> <Adapter> <Opcode : 'read' 'write' 'readreq' 'writereq' 'writeresp'>

State 17 <SV = 16> <Delay = 7.30>
ST_17 : Operation 221 [5/8] (7.30ns)   --->   "%empty_59 = readreq i1 @_ssdm_op_ReadReq.m_axi.p1i1024, i1024 %gmem0_addr, i64 %select_ln16" [top.cpp:16]   --->   Operation 221 'readreq' 'empty_59' <Predicate = (trunc_ln15_2)> <Delay = 7.30> <CoreInst = "m_axi">   --->   Core 119 'm_axi' <Latency = 6> <II = 1> <Delay = 1.00> <Adapter> <Opcode : 'read' 'write' 'readreq' 'writereq' 'writeresp'>
ST_17 : Operation 222 [7/8] (7.30ns)   --->   "%empty_58 = readreq i1 @_ssdm_op_ReadReq.m_axi.p1i1024, i1024 %gmem0_addr_2, i64 %select_ln16_1" [top.cpp:16]   --->   Operation 222 'readreq' 'empty_58' <Predicate = (trunc_ln15_2)> <Delay = 7.30> <CoreInst = "m_axi">   --->   Core 119 'm_axi' <Latency = 6> <II = 1> <Delay = 1.00> <Adapter> <Opcode : 'read' 'write' 'readreq' 'writereq' 'writeresp'>
ST_17 : Operation 223 [1/1] (1.47ns)   --->   "%add_ln16_1 = add i64 %add_ln13, i64 32" [top.cpp:16]   --->   Operation 223 'add' 'add_ln16_1' <Predicate = (trunc_ln15_2)> <Delay = 1.47> <CoreInst = "Adder">   --->   Core 1 'Adder' <Latency = 0> <II = 1> <Delay = 1.47> <FuncUnit> <Opcode : 'add' 'sub'> <InPorts = 2> <OutPorts = 1>
ST_17 : Operation 224 [1/1] (0.00ns)   --->   "%trunc_ln16_6 = trunc i64 %add_ln16_1" [top.cpp:16]   --->   Operation 224 'trunc' 'trunc_ln16_6' <Predicate = (trunc_ln15_2)> <Delay = 0.00>
ST_17 : Operation 225 [1/1] (0.89ns)   --->   "%icmp_ln16_2 = icmp_ugt  i7 %trunc_ln16_6, i7 112" [top.cpp:16]   --->   Operation 225 'icmp' 'icmp_ln16_2' <Predicate = (trunc_ln15_2)> <Delay = 0.89> <CoreInst = "Cmp">   --->   Core 9 'Cmp' <Latency = 0> <II = 1> <Delay = 0.89> <FuncUnit> <Opcode : 'seteq' 'setne' 'setle' 'setge' 'setlt' 'setgt'> <InPorts = 2> <OutPorts = 1>
ST_17 : Operation 226 [1/1] (0.27ns)   --->   "%select_ln16_2 = select i1 %icmp_ln16_2, i64 2, i64 1" [top.cpp:16]   --->   Operation 226 'select' 'select_ln16_2' <Predicate = (trunc_ln15_2)> <Delay = 0.27> <CoreInst = "Sel">   --->   Core 73 'Sel' <Latency = 0> <II = 1> <Delay = 0.27> <FuncUnit> <Opcode : 'select'> <InPorts = 3> <OutPorts = 1>
ST_17 : Operation 227 [1/1] (0.00ns)   --->   "%trunc_ln16_7 = partselect i57 @_ssdm_op_PartSelect.i57.i64.i32.i32, i64 %add_ln16_1, i32 7, i32 63" [top.cpp:16]   --->   Operation 227 'partselect' 'trunc_ln16_7' <Predicate = (trunc_ln15_2)> <Delay = 0.00>
ST_17 : Operation 228 [1/1] (0.00ns)   --->   "%br_ln16 = br i1 %icmp_ln16_2, void %._crit_edge1.i, void" [top.cpp:16]   --->   Operation 228 'br' 'br_ln16' <Predicate = (trunc_ln15_2)> <Delay = 0.00>

State 18 <SV = 17> <Delay = 7.30>
ST_18 : Operation 229 [4/8] (7.30ns)   --->   "%empty_59 = readreq i1 @_ssdm_op_ReadReq.m_axi.p1i1024, i1024 %gmem0_addr, i64 %select_ln16" [top.cpp:16]   --->   Operation 229 'readreq' 'empty_59' <Predicate = (trunc_ln15_2)> <Delay = 7.30> <CoreInst = "m_axi">   --->   Core 119 'm_axi' <Latency = 6> <II = 1> <Delay = 1.00> <Adapter> <Opcode : 'read' 'write' 'readreq' 'writereq' 'writeresp'>
ST_18 : Operation 230 [6/8] (7.30ns)   --->   "%empty_58 = readreq i1 @_ssdm_op_ReadReq.m_axi.p1i1024, i1024 %gmem0_addr_2, i64 %select_ln16_1" [top.cpp:16]   --->   Operation 230 'readreq' 'empty_58' <Predicate = (trunc_ln15_2)> <Delay = 7.30> <CoreInst = "m_axi">   --->   Core 119 'm_axi' <Latency = 6> <II = 1> <Delay = 1.00> <Adapter> <Opcode : 'read' 'write' 'readreq' 'writereq' 'writeresp'>
ST_18 : Operation 231 [1/1] (0.00ns)   --->   "%sext_ln16_1 = sext i57 %trunc_ln16_7" [top.cpp:16]   --->   Operation 231 'sext' 'sext_ln16_1' <Predicate = (trunc_ln15_2)> <Delay = 0.00>
ST_18 : Operation 232 [1/1] (0.00ns)   --->   "%gmem0_addr_3 = getelementptr i1024 %gmem0, i64 %sext_ln16_1" [top.cpp:16]   --->   Operation 232 'getelementptr' 'gmem0_addr_3' <Predicate = (trunc_ln15_2)> <Delay = 0.00>
ST_18 : Operation 233 [8/8] (7.30ns)   --->   "%empty_57 = readreq i1 @_ssdm_op_ReadReq.m_axi.p1i1024, i1024 %gmem0_addr_3, i64 %select_ln16_2" [top.cpp:16]   --->   Operation 233 'readreq' 'empty_57' <Predicate = (trunc_ln15_2)> <Delay = 7.30> <CoreInst = "m_axi">   --->   Core 119 'm_axi' <Latency = 6> <II = 1> <Delay = 1.00> <Adapter> <Opcode : 'read' 'write' 'readreq' 'writereq' 'writeresp'>

State 19 <SV = 18> <Delay = 7.30>
ST_19 : Operation 234 [3/8] (7.30ns)   --->   "%empty_59 = readreq i1 @_ssdm_op_ReadReq.m_axi.p1i1024, i1024 %gmem0_addr, i64 %select_ln16" [top.cpp:16]   --->   Operation 234 'readreq' 'empty_59' <Predicate = (trunc_ln15_2)> <Delay = 7.30> <CoreInst = "m_axi">   --->   Core 119 'm_axi' <Latency = 6> <II = 1> <Delay = 1.00> <Adapter> <Opcode : 'read' 'write' 'readreq' 'writereq' 'writeresp'>
ST_19 : Operation 235 [5/8] (7.30ns)   --->   "%empty_58 = readreq i1 @_ssdm_op_ReadReq.m_axi.p1i1024, i1024 %gmem0_addr_2, i64 %select_ln16_1" [top.cpp:16]   --->   Operation 235 'readreq' 'empty_58' <Predicate = (trunc_ln15_2)> <Delay = 7.30> <CoreInst = "m_axi">   --->   Core 119 'm_axi' <Latency = 6> <II = 1> <Delay = 1.00> <Adapter> <Opcode : 'read' 'write' 'readreq' 'writereq' 'writeresp'>
ST_19 : Operation 236 [7/8] (7.30ns)   --->   "%empty_57 = readreq i1 @_ssdm_op_ReadReq.m_axi.p1i1024, i1024 %gmem0_addr_3, i64 %select_ln16_2" [top.cpp:16]   --->   Operation 236 'readreq' 'empty_57' <Predicate = (trunc_ln15_2)> <Delay = 7.30> <CoreInst = "m_axi">   --->   Core 119 'm_axi' <Latency = 6> <II = 1> <Delay = 1.00> <Adapter> <Opcode : 'read' 'write' 'readreq' 'writereq' 'writeresp'>

State 20 <SV = 19> <Delay = 7.30>
ST_20 : Operation 237 [2/8] (7.30ns)   --->   "%empty_59 = readreq i1 @_ssdm_op_ReadReq.m_axi.p1i1024, i1024 %gmem0_addr, i64 %select_ln16" [top.cpp:16]   --->   Operation 237 'readreq' 'empty_59' <Predicate = (trunc_ln15_2)> <Delay = 7.30> <CoreInst = "m_axi">   --->   Core 119 'm_axi' <Latency = 6> <II = 1> <Delay = 1.00> <Adapter> <Opcode : 'read' 'write' 'readreq' 'writereq' 'writeresp'>
ST_20 : Operation 238 [4/8] (7.30ns)   --->   "%empty_58 = readreq i1 @_ssdm_op_ReadReq.m_axi.p1i1024, i1024 %gmem0_addr_2, i64 %select_ln16_1" [top.cpp:16]   --->   Operation 238 'readreq' 'empty_58' <Predicate = (trunc_ln15_2)> <Delay = 7.30> <CoreInst = "m_axi">   --->   Core 119 'm_axi' <Latency = 6> <II = 1> <Delay = 1.00> <Adapter> <Opcode : 'read' 'write' 'readreq' 'writereq' 'writeresp'>
ST_20 : Operation 239 [6/8] (7.30ns)   --->   "%empty_57 = readreq i1 @_ssdm_op_ReadReq.m_axi.p1i1024, i1024 %gmem0_addr_3, i64 %select_ln16_2" [top.cpp:16]   --->   Operation 239 'readreq' 'empty_57' <Predicate = (trunc_ln15_2)> <Delay = 7.30> <CoreInst = "m_axi">   --->   Core 119 'm_axi' <Latency = 6> <II = 1> <Delay = 1.00> <Adapter> <Opcode : 'read' 'write' 'readreq' 'writereq' 'writeresp'>

State 21 <SV = 20> <Delay = 7.30>
ST_21 : Operation 240 [1/8] (7.30ns)   --->   "%empty_59 = readreq i1 @_ssdm_op_ReadReq.m_axi.p1i1024, i1024 %gmem0_addr, i64 %select_ln16" [top.cpp:16]   --->   Operation 240 'readreq' 'empty_59' <Predicate = (trunc_ln15_2)> <Delay = 7.30> <CoreInst = "m_axi">   --->   Core 119 'm_axi' <Latency = 6> <II = 1> <Delay = 1.00> <Adapter> <Opcode : 'read' 'write' 'readreq' 'writereq' 'writeresp'>
ST_21 : Operation 241 [3/8] (7.30ns)   --->   "%empty_58 = readreq i1 @_ssdm_op_ReadReq.m_axi.p1i1024, i1024 %gmem0_addr_2, i64 %select_ln16_1" [top.cpp:16]   --->   Operation 241 'readreq' 'empty_58' <Predicate = (trunc_ln15_2)> <Delay = 7.30> <CoreInst = "m_axi">   --->   Core 119 'm_axi' <Latency = 6> <II = 1> <Delay = 1.00> <Adapter> <Opcode : 'read' 'write' 'readreq' 'writereq' 'writeresp'>
ST_21 : Operation 242 [5/8] (7.30ns)   --->   "%empty_57 = readreq i1 @_ssdm_op_ReadReq.m_axi.p1i1024, i1024 %gmem0_addr_3, i64 %select_ln16_2" [top.cpp:16]   --->   Operation 242 'readreq' 'empty_57' <Predicate = (trunc_ln15_2)> <Delay = 7.30> <CoreInst = "m_axi">   --->   Core 119 'm_axi' <Latency = 6> <II = 1> <Delay = 1.00> <Adapter> <Opcode : 'read' 'write' 'readreq' 'writereq' 'writeresp'>

State 22 <SV = 21> <Delay = 7.30>
ST_22 : Operation 243 [1/1] (7.30ns)   --->   "%gmem0_addr_read_2 = read i1024 @_ssdm_op_Read.m_axi.p1i1024, i1024 %gmem0_addr" [top.cpp:16]   --->   Operation 243 'read' 'gmem0_addr_read_2' <Predicate = (trunc_ln15_2)> <Delay = 7.30> <CoreInst = "m_axi">   --->   Core 119 'm_axi' <Latency = 3> <II = 1> <Delay = 1.00> <Adapter> <Opcode : 'read' 'write' 'readreq' 'writereq' 'writeresp'>
ST_22 : Operation 244 [2/8] (7.30ns)   --->   "%empty_58 = readreq i1 @_ssdm_op_ReadReq.m_axi.p1i1024, i1024 %gmem0_addr_2, i64 %select_ln16_1" [top.cpp:16]   --->   Operation 244 'readreq' 'empty_58' <Predicate = (trunc_ln15_2)> <Delay = 7.30> <CoreInst = "m_axi">   --->   Core 119 'm_axi' <Latency = 6> <II = 1> <Delay = 1.00> <Adapter> <Opcode : 'read' 'write' 'readreq' 'writereq' 'writeresp'>
ST_22 : Operation 245 [4/8] (7.30ns)   --->   "%empty_57 = readreq i1 @_ssdm_op_ReadReq.m_axi.p1i1024, i1024 %gmem0_addr_3, i64 %select_ln16_2" [top.cpp:16]   --->   Operation 245 'readreq' 'empty_57' <Predicate = (trunc_ln15_2)> <Delay = 7.30> <CoreInst = "m_axi">   --->   Core 119 'm_axi' <Latency = 6> <II = 1> <Delay = 1.00> <Adapter> <Opcode : 'read' 'write' 'readreq' 'writereq' 'writeresp'>

State 23 <SV = 22> <Delay = 7.30>
ST_23 : Operation 246 [1/1] (7.30ns)   --->   "%gmem0_addr_read_3 = read i1024 @_ssdm_op_Read.m_axi.p1i1024, i1024 %gmem0_addr" [top.cpp:16]   --->   Operation 246 'read' 'gmem0_addr_read_3' <Predicate = (trunc_ln15_2 & icmp_ln16)> <Delay = 7.30> <CoreInst = "m_axi">   --->   Core 119 'm_axi' <Latency = 3> <II = 1> <Delay = 1.00> <Adapter> <Opcode : 'read' 'write' 'readreq' 'writereq' 'writeresp'>
ST_23 : Operation 247 [1/1] (0.00ns)   --->   "%trunc_ln16 = trunc i1024 %gmem0_addr_read_3" [top.cpp:16]   --->   Operation 247 'trunc' 'trunc_ln16' <Predicate = (trunc_ln15_2 & icmp_ln16)> <Delay = 0.00>
ST_23 : Operation 248 [1/1] (0.00ns)   --->   "%br_ln16 = br void %VITIS_LOOP_19_2._crit_edge.i" [top.cpp:16]   --->   Operation 248 'br' 'br_ln16' <Predicate = (trunc_ln15_2 & icmp_ln16)> <Delay = 0.00>
ST_23 : Operation 249 [1/8] (7.30ns)   --->   "%empty_58 = readreq i1 @_ssdm_op_ReadReq.m_axi.p1i1024, i1024 %gmem0_addr_2, i64 %select_ln16_1" [top.cpp:16]   --->   Operation 249 'readreq' 'empty_58' <Predicate = (trunc_ln15_2)> <Delay = 7.30> <CoreInst = "m_axi">   --->   Core 119 'm_axi' <Latency = 6> <II = 1> <Delay = 1.00> <Adapter> <Opcode : 'read' 'write' 'readreq' 'writereq' 'writeresp'>
ST_23 : Operation 250 [3/8] (7.30ns)   --->   "%empty_57 = readreq i1 @_ssdm_op_ReadReq.m_axi.p1i1024, i1024 %gmem0_addr_3, i64 %select_ln16_2" [top.cpp:16]   --->   Operation 250 'readreq' 'empty_57' <Predicate = (trunc_ln15_2)> <Delay = 7.30> <CoreInst = "m_axi">   --->   Core 119 'm_axi' <Latency = 6> <II = 1> <Delay = 1.00> <Adapter> <Opcode : 'read' 'write' 'readreq' 'writereq' 'writeresp'>

State 24 <SV = 23> <Delay = 7.30>
ST_24 : Operation 251 [1/1] (0.00ns)   --->   "%zext_ln13_1 = zext i10 %shl_ln" [top.cpp:13]   --->   Operation 251 'zext' 'zext_ln13_1' <Predicate = true> <Delay = 0.00>
ST_24 : Operation 252 [1/1] (0.00ns) (grouped into LUT with out node lshr_ln16)   --->   "%phi_ln16 = phi i120 %trunc_ln16, void, i120 0, void %VITIS_LOOP_19_2.i" [top.cpp:16]   --->   Operation 252 'phi' 'phi_ln16' <Predicate = (trunc_ln15_2)> <Delay = 0.00>
ST_24 : Operation 253 [1/1] (0.00ns) (grouped into LUT with out node lshr_ln16)   --->   "%tmp_133_i = bitconcatenate i1144 @_ssdm_op_BitConcatenate.i1144.i120.i1024, i120 %phi_ln16, i1024 %gmem0_addr_read_2" [top.cpp:16]   --->   Operation 253 'bitconcatenate' 'tmp_133_i' <Predicate = (trunc_ln15_2)> <Delay = 0.00>
ST_24 : Operation 254 [1/1] (2.13ns) (out node of the LUT)   --->   "%lshr_ln16 = lshr i1144 %tmp_133_i, i1144 %zext_ln13_1" [top.cpp:16]   --->   Operation 254 'lshr' 'lshr_ln16' <Predicate = (trunc_ln15_2)> <Delay = 2.13> <CoreInst = "Shifter">   --->   Core 75 'Shifter' <Latency = 0> <II = 1> <Delay = 2.13> <FuncUnit> <Opcode : 'shl' 'lshr' 'ashr'> <InPorts = 2> <OutPorts = 1>
ST_24 : Operation 255 [1/1] (0.00ns)   --->   "%verts_x = trunc i1144 %lshr_ln16" [top.cpp:16]   --->   Operation 255 'trunc' 'verts_x' <Predicate = (trunc_ln15_2)> <Delay = 0.00>
ST_24 : Operation 256 [1/1] (0.00ns)   --->   "%verts_y = partselect i32 @_ssdm_op_PartSelect.i32.i1144.i32.i32, i1144 %lshr_ln16, i32 32, i32 63" [top.cpp:16]   --->   Operation 256 'partselect' 'verts_y' <Predicate = (trunc_ln15_2)> <Delay = 0.00>
ST_24 : Operation 257 [1/1] (0.00ns)   --->   "%verts_z = partselect i32 @_ssdm_op_PartSelect.i32.i1144.i32.i32, i1144 %lshr_ln16, i32 64, i32 95" [top.cpp:16]   --->   Operation 257 'partselect' 'verts_z' <Predicate = (trunc_ln15_2)> <Delay = 0.00>
ST_24 : Operation 258 [1/1] (0.00ns)   --->   "%verts_w = partselect i32 @_ssdm_op_PartSelect.i32.i1144.i32.i32, i1144 %lshr_ln16, i32 96, i32 127" [top.cpp:16]   --->   Operation 258 'partselect' 'verts_w' <Predicate = (trunc_ln15_2)> <Delay = 0.00>
ST_24 : Operation 259 [1/1] (7.30ns)   --->   "%gmem0_addr_2_read = read i1024 @_ssdm_op_Read.m_axi.p1i1024, i1024 %gmem0_addr_2" [top.cpp:16]   --->   Operation 259 'read' 'gmem0_addr_2_read' <Predicate = (trunc_ln15_2)> <Delay = 7.30> <CoreInst = "m_axi">   --->   Core 119 'm_axi' <Latency = 3> <II = 1> <Delay = 1.00> <Adapter> <Opcode : 'read' 'write' 'readreq' 'writereq' 'writeresp'>
ST_24 : Operation 260 [2/8] (7.30ns)   --->   "%empty_57 = readreq i1 @_ssdm_op_ReadReq.m_axi.p1i1024, i1024 %gmem0_addr_3, i64 %select_ln16_2" [top.cpp:16]   --->   Operation 260 'readreq' 'empty_57' <Predicate = (trunc_ln15_2)> <Delay = 7.30> <CoreInst = "m_axi">   --->   Core 119 'm_axi' <Latency = 6> <II = 1> <Delay = 1.00> <Adapter> <Opcode : 'read' 'write' 'readreq' 'writereq' 'writeresp'>
ST_24 : Operation 261 [1/1] (0.00ns)   --->   "%sext_ln20 = sext i32 %verts_x" [top.cpp:20]   --->   Operation 261 'sext' 'sext_ln20' <Predicate = (trunc_ln15_2)> <Delay = 0.00>
ST_24 : Operation 262 [1/1] (3.88ns)   --->   "%mul_ln20 = mul i64 %sext_ln20, i64 %conv7_i_i_cast" [top.cpp:20]   --->   Operation 262 'mul' 'mul_ln20' <Predicate = (trunc_ln15_2)> <Delay = 3.88> <CoreInst = "Multiplier">   --->   Core 3 'Multiplier' <Latency = 0> <II = 1> <Delay = 3.88> <FuncUnit> <Opcode : 'mul'> <InPorts = 2> <OutPorts = 1>
ST_24 : Operation 263 [1/1] (0.00ns)   --->   "%sext_ln20_1 = sext i32 %verts_y" [top.cpp:20]   --->   Operation 263 'sext' 'sext_ln20_1' <Predicate = (trunc_ln15_2)> <Delay = 0.00>
ST_24 : Operation 264 [1/1] (3.88ns)   --->   "%mul_ln20_1 = mul i64 %sext_ln20_1, i64 %conv7_i1499_i_cast" [top.cpp:20]   --->   Operation 264 'mul' 'mul_ln20_1' <Predicate = (trunc_ln15_2)> <Delay = 3.88> <CoreInst = "Multiplier">   --->   Core 3 'Multiplier' <Latency = 0> <II = 1> <Delay = 3.88> <FuncUnit> <Opcode : 'mul'> <InPorts = 2> <OutPorts = 1>
ST_24 : Operation 265 [1/1] (0.00ns)   --->   "%sext_ln20_2 = sext i64 %mul_ln20" [top.cpp:20]   --->   Operation 265 'sext' 'sext_ln20_2' <Predicate = (trunc_ln15_2)> <Delay = 0.00>
ST_24 : Operation 266 [1/1] (0.00ns)   --->   "%sext_ln20_3 = sext i64 %mul_ln20_1" [top.cpp:20]   --->   Operation 266 'sext' 'sext_ln20_3' <Predicate = (trunc_ln15_2)> <Delay = 0.00>
ST_24 : Operation 267 [1/1] (0.00ns)   --->   "%sext_ln20_4 = sext i32 %verts_z" [top.cpp:20]   --->   Operation 267 'sext' 'sext_ln20_4' <Predicate = (trunc_ln15_2)> <Delay = 0.00>
ST_24 : Operation 268 [1/1] (3.88ns)   --->   "%mul_ln20_2 = mul i64 %sext_ln20_4, i64 %conv7_i1410_i_cast" [top.cpp:20]   --->   Operation 268 'mul' 'mul_ln20_2' <Predicate = (trunc_ln15_2)> <Delay = 3.88> <CoreInst = "Multiplier">   --->   Core 3 'Multiplier' <Latency = 0> <II = 1> <Delay = 3.88> <FuncUnit> <Opcode : 'mul'> <InPorts = 2> <OutPorts = 1>
ST_24 : Operation 269 [1/1] (0.00ns)   --->   "%sext_ln20_5 = sext i64 %mul_ln20_2" [top.cpp:20]   --->   Operation 269 'sext' 'sext_ln20_5' <Predicate = (trunc_ln15_2)> <Delay = 0.00>
ST_24 : Operation 270 [1/1] (0.00ns) (grouped into TernaryAdder)   --->   "%add_ln20 = add i65 %sext_ln20_3, i65 %sext_ln20_5" [top.cpp:20]   --->   Operation 270 'add' 'add_ln20' <Predicate = (trunc_ln15_2)> <Delay = 0.00> <CoreInst = "TAddSub">   --->   Core 10 'TAddSub' <Latency = 0> <II = 1> <Delay = 0.50> <IPBlock> <Opcode : 'add' 'sub'> <InPorts = 3> <OutPorts = 1> <Sync> <CReg>
ST_24 : Operation 271 [1/1] (1.01ns) (root node of TernaryAdder)   --->   "%add_ln20_1 = add i65 %add_ln20, i65 %sext_ln20_2" [top.cpp:20]   --->   Operation 271 'add' 'add_ln20_1' <Predicate = (trunc_ln15_2)> <Delay = 1.01> <CoreInst = "TAddSub">   --->   Core 10 'TAddSub' <Latency = 0> <II = 1> <Delay = 0.50> <IPBlock> <Opcode : 'add' 'sub'> <InPorts = 3> <OutPorts = 1> <Sync> <CReg>

State 25 <SV = 24> <Delay = 7.30>
ST_25 : Operation 272 [1/1] (7.30ns)   --->   "%gmem0_addr_2_read_1 = read i1024 @_ssdm_op_Read.m_axi.p1i1024, i1024 %gmem0_addr_2" [top.cpp:16]   --->   Operation 272 'read' 'gmem0_addr_2_read_1' <Predicate = (trunc_ln15_2 & icmp_ln16_1)> <Delay = 7.30> <CoreInst = "m_axi">   --->   Core 119 'm_axi' <Latency = 3> <II = 1> <Delay = 1.00> <Adapter> <Opcode : 'read' 'write' 'readreq' 'writereq' 'writeresp'>
ST_25 : Operation 273 [1/1] (0.00ns)   --->   "%trunc_ln16_4 = trunc i1024 %gmem0_addr_2_read_1" [top.cpp:16]   --->   Operation 273 'trunc' 'trunc_ln16_4' <Predicate = (trunc_ln15_2 & icmp_ln16_1)> <Delay = 0.00>
ST_25 : Operation 274 [1/1] (0.00ns)   --->   "%br_ln16 = br void %._crit_edge.i" [top.cpp:16]   --->   Operation 274 'br' 'br_ln16' <Predicate = (trunc_ln15_2 & icmp_ln16_1)> <Delay = 0.00>
ST_25 : Operation 275 [1/8] (7.30ns)   --->   "%empty_57 = readreq i1 @_ssdm_op_ReadReq.m_axi.p1i1024, i1024 %gmem0_addr_3, i64 %select_ln16_2" [top.cpp:16]   --->   Operation 275 'readreq' 'empty_57' <Predicate = (trunc_ln15_2)> <Delay = 7.30> <CoreInst = "m_axi">   --->   Core 119 'm_axi' <Latency = 6> <II = 1> <Delay = 1.00> <Adapter> <Opcode : 'read' 'write' 'readreq' 'writereq' 'writeresp'>
ST_25 : Operation 276 [1/1] (0.00ns)   --->   "%sext_ln20_6 = sext i32 %verts_w" [top.cpp:20]   --->   Operation 276 'sext' 'sext_ln20_6' <Predicate = (trunc_ln15_2)> <Delay = 0.00>
ST_25 : Operation 277 [1/1] (3.88ns)   --->   "%mul_ln20_3 = mul i64 %sext_ln20_6, i64 %conv7_i1321_i_cast" [top.cpp:20]   --->   Operation 277 'mul' 'mul_ln20_3' <Predicate = (trunc_ln15_2)> <Delay = 3.88> <CoreInst = "Multiplier">   --->   Core 3 'Multiplier' <Latency = 0> <II = 1> <Delay = 3.88> <FuncUnit> <Opcode : 'mul'> <InPorts = 2> <OutPorts = 1>
ST_25 : Operation 278 [1/1] (0.00ns)   --->   "%sext_ln20_7 = sext i65 %add_ln20_1" [top.cpp:20]   --->   Operation 278 'sext' 'sext_ln20_7' <Predicate = (trunc_ln15_2)> <Delay = 0.00>
ST_25 : Operation 279 [1/1] (0.00ns)   --->   "%sext_ln20_8 = sext i64 %mul_ln20_3" [top.cpp:20]   --->   Operation 279 'sext' 'sext_ln20_8' <Predicate = (trunc_ln15_2)> <Delay = 0.00>
ST_25 : Operation 280 [1/1] (1.47ns)   --->   "%add_ln20_2 = add i66 %sext_ln20_7, i66 %sext_ln20_8" [top.cpp:20]   --->   Operation 280 'add' 'add_ln20_2' <Predicate = (trunc_ln15_2)> <Delay = 1.47> <CoreInst = "Adder">   --->   Core 1 'Adder' <Latency = 0> <II = 1> <Delay = 1.47> <FuncUnit> <Opcode : 'add' 'sub'> <InPorts = 2> <OutPorts = 1>
ST_25 : Operation 281 [1/1] (0.00ns)   --->   "%tmp_94 = bitselect i1 @_ssdm_op_BitSelect.i1.i66.i32, i66 %add_ln20_2, i32 65" [top.cpp:20]   --->   Operation 281 'bitselect' 'tmp_94' <Predicate = (trunc_ln15_2)> <Delay = 0.00>
ST_25 : Operation 282 [1/1] (0.00ns)   --->   "%trunc_ln20_1 = partselect i32 @_ssdm_op_PartSelect.i32.i66.i32.i32, i66 %add_ln20_2, i32 16, i32 47" [top.cpp:20]   --->   Operation 282 'partselect' 'trunc_ln20_1' <Predicate = (trunc_ln15_2)> <Delay = 0.00>
ST_25 : Operation 283 [1/1] (0.00ns)   --->   "%tmp_95 = bitselect i1 @_ssdm_op_BitSelect.i1.i66.i32, i66 %add_ln20_2, i32 15" [top.cpp:20]   --->   Operation 283 'bitselect' 'tmp_95' <Predicate = (trunc_ln15_2)> <Delay = 0.00>
ST_25 : Operation 284 [1/1] (0.00ns) (grouped into LUT with out node and_ln20)   --->   "%tmp_96 = bitselect i1 @_ssdm_op_BitSelect.i1.i66.i32, i66 %add_ln20_2, i32 47" [top.cpp:20]   --->   Operation 284 'bitselect' 'tmp_96' <Predicate = (trunc_ln15_2)> <Delay = 0.00>
ST_25 : Operation 285 [1/1] (0.00ns)   --->   "%zext_ln20 = zext i1 %tmp_95" [top.cpp:20]   --->   Operation 285 'zext' 'zext_ln20' <Predicate = (trunc_ln15_2)> <Delay = 0.00>
ST_25 : Operation 286 [1/1] (1.20ns)   --->   "%add_ln20_3 = add i32 %trunc_ln20_1, i32 %zext_ln20" [top.cpp:20]   --->   Operation 286 'add' 'add_ln20_3' <Predicate = (trunc_ln15_2)> <Delay = 1.20> <CoreInst = "Adder">   --->   Core 1 'Adder' <Latency = 0> <II = 1> <Delay = 1.20> <FuncUnit> <Opcode : 'add' 'sub'> <InPorts = 2> <OutPorts = 1>
ST_25 : Operation 287 [1/1] (0.00ns)   --->   "%tmp_97 = bitselect i1 @_ssdm_op_BitSelect.i1.i32.i32, i32 %add_ln20_3, i32 31" [top.cpp:20]   --->   Operation 287 'bitselect' 'tmp_97' <Predicate = (trunc_ln15_2)> <Delay = 0.00>
ST_25 : Operation 288 [1/1] (0.00ns) (grouped into LUT with out node and_ln20)   --->   "%xor_ln20 = xor i1 %tmp_97, i1 1" [top.cpp:20]   --->   Operation 288 'xor' 'xor_ln20' <Predicate = (trunc_ln15_2)> <Delay = 0.00> <CoreInst = "LogicGate">   --->   Core 74 'LogicGate' <Latency = 0> <II = 1> <Delay = 0.33> <FuncUnit> <Opcode : 'and' 'or' 'xor'> <InPorts = 2> <OutPorts = 1>
ST_25 : Operation 289 [1/1] (0.33ns) (out node of the LUT)   --->   "%and_ln20 = and i1 %tmp_96, i1 %xor_ln20" [top.cpp:20]   --->   Operation 289 'and' 'and_ln20' <Predicate = (trunc_ln15_2)> <Delay = 0.33> <CoreInst = "LogicGate">   --->   Core 74 'LogicGate' <Latency = 0> <II = 1> <Delay = 0.33> <FuncUnit> <Opcode : 'and' 'or' 'xor'> <InPorts = 2> <OutPorts = 1>
ST_25 : Operation 290 [1/1] (0.00ns) (grouped into LUT with out node and_ln20_4)   --->   "%tmp_98 = bitselect i1 @_ssdm_op_BitSelect.i1.i66.i32, i66 %add_ln20_2, i32 48" [top.cpp:20]   --->   Operation 290 'bitselect' 'tmp_98' <Predicate = (trunc_ln15_2)> <Delay = 0.00>
ST_25 : Operation 291 [1/1] (0.00ns)   --->   "%tmp = partselect i17 @_ssdm_op_PartSelect.i17.i66.i32.i32, i66 %add_ln20_2, i32 49, i32 65" [top.cpp:20]   --->   Operation 291 'partselect' 'tmp' <Predicate = (trunc_ln15_2)> <Delay = 0.00>
ST_25 : Operation 292 [1/1] (1.02ns)   --->   "%icmp_ln20 = icmp_eq  i17 %tmp, i17 131071" [top.cpp:20]   --->   Operation 292 'icmp' 'icmp_ln20' <Predicate = (trunc_ln15_2)> <Delay = 1.02> <CoreInst = "Cmp">   --->   Core 9 'Cmp' <Latency = 0> <II = 1> <Delay = 1.02> <FuncUnit> <Opcode : 'seteq' 'setne' 'setle' 'setge' 'setlt' 'setgt'> <InPorts = 2> <OutPorts = 1>
ST_25 : Operation 293 [1/1] (0.00ns)   --->   "%tmp_s = partselect i18 @_ssdm_op_PartSelect.i18.i66.i32.i32, i66 %add_ln20_2, i32 48, i32 65" [top.cpp:20]   --->   Operation 293 'partselect' 'tmp_s' <Predicate = (trunc_ln15_2)> <Delay = 0.00>
ST_25 : Operation 294 [1/1] (1.03ns)   --->   "%icmp_ln20_1 = icmp_eq  i18 %tmp_s, i18 262143" [top.cpp:20]   --->   Operation 294 'icmp' 'icmp_ln20_1' <Predicate = (trunc_ln15_2)> <Delay = 1.03> <CoreInst = "Cmp">   --->   Core 9 'Cmp' <Latency = 0> <II = 1> <Delay = 1.03> <FuncUnit> <Opcode : 'seteq' 'setne' 'setle' 'setge' 'setlt' 'setgt'> <InPorts = 2> <OutPorts = 1>
ST_25 : Operation 295 [1/1] (1.03ns)   --->   "%icmp_ln20_2 = icmp_eq  i18 %tmp_s, i18 0" [top.cpp:20]   --->   Operation 295 'icmp' 'icmp_ln20_2' <Predicate = (trunc_ln15_2)> <Delay = 1.03> <CoreInst = "Cmp">   --->   Core 9 'Cmp' <Latency = 0> <II = 1> <Delay = 1.03> <FuncUnit> <Opcode : 'seteq' 'setne' 'setle' 'setge' 'setlt' 'setgt'> <InPorts = 2> <OutPorts = 1>
ST_25 : Operation 296 [1/1] (0.00ns) (grouped into LUT with out node and_ln20_3)   --->   "%select_ln20 = select i1 %and_ln20, i1 %icmp_ln20_1, i1 %icmp_ln20_2" [top.cpp:20]   --->   Operation 296 'select' 'select_ln20' <Predicate = (trunc_ln15_2)> <Delay = 0.00> <CoreInst = "Sel">   --->   Core 73 'Sel' <Latency = 0> <II = 1> <Delay = 0.26> <FuncUnit> <Opcode : 'select'> <InPorts = 3> <OutPorts = 1>
ST_25 : Operation 297 [1/1] (0.00ns) (grouped into LUT with out node and_ln20_4)   --->   "%xor_ln20_1 = xor i1 %tmp_98, i1 1" [top.cpp:20]   --->   Operation 297 'xor' 'xor_ln20_1' <Predicate = (trunc_ln15_2)> <Delay = 0.00> <CoreInst = "LogicGate">   --->   Core 74 'LogicGate' <Latency = 0> <II = 1> <Delay = 0.33> <FuncUnit> <Opcode : 'and' 'or' 'xor'> <InPorts = 2> <OutPorts = 1>
ST_25 : Operation 298 [1/1] (0.00ns) (grouped into LUT with out node and_ln20_4)   --->   "%and_ln20_1 = and i1 %icmp_ln20, i1 %xor_ln20_1" [top.cpp:20]   --->   Operation 298 'and' 'and_ln20_1' <Predicate = (trunc_ln15_2)> <Delay = 0.00> <CoreInst = "LogicGate">   --->   Core 74 'LogicGate' <Latency = 0> <II = 1> <Delay = 0.33> <FuncUnit> <Opcode : 'and' 'or' 'xor'> <InPorts = 2> <OutPorts = 1>
ST_25 : Operation 299 [1/1] (0.00ns) (grouped into LUT with out node and_ln20_4)   --->   "%select_ln20_1 = select i1 %and_ln20, i1 %and_ln20_1, i1 %icmp_ln20_1" [top.cpp:20]   --->   Operation 299 'select' 'select_ln20_1' <Predicate = (trunc_ln15_2)> <Delay = 0.00> <CoreInst = "Sel">   --->   Core 73 'Sel' <Latency = 0> <II = 1> <Delay = 0.26> <FuncUnit> <Opcode : 'select'> <InPorts = 3> <OutPorts = 1>
ST_25 : Operation 300 [1/1] (0.00ns) (grouped into LUT with out node and_ln20_3)   --->   "%xor_ln20_2 = xor i1 %select_ln20, i1 1" [top.cpp:20]   --->   Operation 300 'xor' 'xor_ln20_2' <Predicate = (trunc_ln15_2)> <Delay = 0.00> <CoreInst = "LogicGate">   --->   Core 74 'LogicGate' <Latency = 0> <II = 1> <Delay = 0.33> <FuncUnit> <Opcode : 'and' 'or' 'xor'> <InPorts = 2> <OutPorts = 1>
ST_25 : Operation 301 [1/1] (0.00ns) (grouped into LUT with out node and_ln20_3)   --->   "%or_ln20 = or i1 %tmp_97, i1 %xor_ln20_2" [top.cpp:20]   --->   Operation 301 'or' 'or_ln20' <Predicate = (trunc_ln15_2)> <Delay = 0.00> <CoreInst = "LogicGate">   --->   Core 74 'LogicGate' <Latency = 0> <II = 1> <Delay = 0.33> <FuncUnit> <Opcode : 'and' 'or' 'xor'> <InPorts = 2> <OutPorts = 1>
ST_25 : Operation 302 [1/1] (0.00ns) (grouped into LUT with out node and_ln20_3)   --->   "%xor_ln20_3 = xor i1 %tmp_94, i1 1" [top.cpp:20]   --->   Operation 302 'xor' 'xor_ln20_3' <Predicate = (trunc_ln15_2)> <Delay = 0.00> <CoreInst = "LogicGate">   --->   Core 74 'LogicGate' <Latency = 0> <II = 1> <Delay = 0.33> <FuncUnit> <Opcode : 'and' 'or' 'xor'> <InPorts = 2> <OutPorts = 1>
ST_25 : Operation 303 [1/1] (0.33ns) (out node of the LUT)   --->   "%and_ln20_3 = and i1 %or_ln20, i1 %xor_ln20_3" [top.cpp:20]   --->   Operation 303 'and' 'and_ln20_3' <Predicate = (trunc_ln15_2)> <Delay = 0.33> <CoreInst = "LogicGate">   --->   Core 74 'LogicGate' <Latency = 0> <II = 1> <Delay = 0.33> <FuncUnit> <Opcode : 'and' 'or' 'xor'> <InPorts = 2> <OutPorts = 1>
ST_25 : Operation 304 [1/1] (0.33ns) (out node of the LUT)   --->   "%and_ln20_4 = and i1 %tmp_97, i1 %select_ln20_1" [top.cpp:20]   --->   Operation 304 'and' 'and_ln20_4' <Predicate = (trunc_ln15_2)> <Delay = 0.33> <CoreInst = "LogicGate">   --->   Core 74 'LogicGate' <Latency = 0> <II = 1> <Delay = 0.33> <FuncUnit> <Opcode : 'and' 'or' 'xor'> <InPorts = 2> <OutPorts = 1>
ST_25 : Operation 305 [1/1] (3.88ns)   --->   "%mul_ln21 = mul i64 %sext_ln20, i64 %conv7_i1132_i_cast" [top.cpp:21]   --->   Operation 305 'mul' 'mul_ln21' <Predicate = (trunc_ln15_2)> <Delay = 3.88> <CoreInst = "Multiplier">   --->   Core 3 'Multiplier' <Latency = 0> <II = 1> <Delay = 3.88> <FuncUnit> <Opcode : 'mul'> <InPorts = 2> <OutPorts = 1>
ST_25 : Operation 306 [1/1] (3.88ns)   --->   "%mul_ln21_1 = mul i64 %sext_ln20_1, i64 %conv7_i1093_i_cast" [top.cpp:21]   --->   Operation 306 'mul' 'mul_ln21_1' <Predicate = (trunc_ln15_2)> <Delay = 3.88> <CoreInst = "Multiplier">   --->   Core 3 'Multiplier' <Latency = 0> <II = 1> <Delay = 3.88> <FuncUnit> <Opcode : 'mul'> <InPorts = 2> <OutPorts = 1>

State 26 <SV = 25> <Delay = 7.30>
ST_26 : Operation 307 [1/1] (0.00ns) (grouped into LUT with out node lshr_ln16_1)   --->   "%phi_ln16_1 = phi i120 %trunc_ln16_4, void, i120 0, void %VITIS_LOOP_19_2._crit_edge.i" [top.cpp:16]   --->   Operation 307 'phi' 'phi_ln16_1' <Predicate = (trunc_ln15_2)> <Delay = 0.00>
ST_26 : Operation 308 [1/1] (0.00ns) (grouped into LUT with out node lshr_ln16_1)   --->   "%tmp_134_i = bitconcatenate i1144 @_ssdm_op_BitConcatenate.i1144.i120.i1024, i120 %phi_ln16_1, i1024 %gmem0_addr_2_read" [top.cpp:16]   --->   Operation 308 'bitconcatenate' 'tmp_134_i' <Predicate = (trunc_ln15_2)> <Delay = 0.00>
ST_26 : Operation 309 [1/1] (0.00ns) (grouped into LUT with out node lshr_ln16_1)   --->   "%shl_ln2 = bitconcatenate i10 @_ssdm_op_BitConcatenate.i10.i7.i3, i7 %trunc_ln16_2, i3 0" [top.cpp:16]   --->   Operation 309 'bitconcatenate' 'shl_ln2' <Predicate = (trunc_ln15_2)> <Delay = 0.00>
ST_26 : Operation 310 [1/1] (0.00ns) (grouped into LUT with out node lshr_ln16_1)   --->   "%zext_ln16 = zext i10 %shl_ln2" [top.cpp:16]   --->   Operation 310 'zext' 'zext_ln16' <Predicate = (trunc_ln15_2)> <Delay = 0.00>
ST_26 : Operation 311 [1/1] (2.13ns) (out node of the LUT)   --->   "%lshr_ln16_1 = lshr i1144 %tmp_134_i, i1144 %zext_ln16" [top.cpp:16]   --->   Operation 311 'lshr' 'lshr_ln16_1' <Predicate = (trunc_ln15_2)> <Delay = 2.13> <CoreInst = "Shifter">   --->   Core 75 'Shifter' <Latency = 0> <II = 1> <Delay = 2.13> <FuncUnit> <Opcode : 'shl' 'lshr' 'ashr'> <InPorts = 2> <OutPorts = 1>
ST_26 : Operation 312 [1/1] (0.00ns)   --->   "%verts_x_1 = trunc i1144 %lshr_ln16_1" [top.cpp:16]   --->   Operation 312 'trunc' 'verts_x_1' <Predicate = (trunc_ln15_2)> <Delay = 0.00>
ST_26 : Operation 313 [1/1] (0.00ns)   --->   "%verts_y_1 = partselect i32 @_ssdm_op_PartSelect.i32.i1144.i32.i32, i1144 %lshr_ln16_1, i32 32, i32 63" [top.cpp:16]   --->   Operation 313 'partselect' 'verts_y_1' <Predicate = (trunc_ln15_2)> <Delay = 0.00>
ST_26 : Operation 314 [1/1] (0.00ns)   --->   "%verts_z_1 = partselect i32 @_ssdm_op_PartSelect.i32.i1144.i32.i32, i1144 %lshr_ln16_1, i32 64, i32 95" [top.cpp:16]   --->   Operation 314 'partselect' 'verts_z_1' <Predicate = (trunc_ln15_2)> <Delay = 0.00>
ST_26 : Operation 315 [1/1] (0.00ns)   --->   "%verts_w_1 = partselect i32 @_ssdm_op_PartSelect.i32.i1144.i32.i32, i1144 %lshr_ln16_1, i32 96, i32 127" [top.cpp:16]   --->   Operation 315 'partselect' 'verts_w_1' <Predicate = (trunc_ln15_2)> <Delay = 0.00>
ST_26 : Operation 316 [1/1] (7.30ns)   --->   "%gmem0_addr_3_read = read i1024 @_ssdm_op_Read.m_axi.p1i1024, i1024 %gmem0_addr_3" [top.cpp:16]   --->   Operation 316 'read' 'gmem0_addr_3_read' <Predicate = (trunc_ln15_2)> <Delay = 7.30> <CoreInst = "m_axi">   --->   Core 119 'm_axi' <Latency = 3> <II = 1> <Delay = 1.00> <Adapter> <Opcode : 'read' 'write' 'readreq' 'writereq' 'writeresp'>
ST_26 : Operation 317 [1/1] (0.00ns) (grouped into LUT with out node or_ln20_1)   --->   "%and_ln20_2 = and i1 %and_ln20, i1 %icmp_ln20_1" [top.cpp:20]   --->   Operation 317 'and' 'and_ln20_2' <Predicate = (trunc_ln15_2)> <Delay = 0.00> <CoreInst = "LogicGate">   --->   Core 74 'LogicGate' <Latency = 0> <II = 1> <Delay = 0.33> <FuncUnit> <Opcode : 'and' 'or' 'xor'> <InPorts = 2> <OutPorts = 1>
ST_26 : Operation 318 [1/1] (0.00ns) (grouped into LUT with out node or_ln20_1)   --->   "%or_ln20_6 = or i1 %and_ln20_2, i1 %and_ln20_4" [top.cpp:20]   --->   Operation 318 'or' 'or_ln20_6' <Predicate = (trunc_ln15_2)> <Delay = 0.00> <CoreInst = "LogicGate">   --->   Core 74 'LogicGate' <Latency = 0> <II = 1> <Delay = 0.33> <FuncUnit> <Opcode : 'and' 'or' 'xor'> <InPorts = 2> <OutPorts = 1>
ST_26 : Operation 319 [1/1] (0.00ns) (grouped into LUT with out node or_ln20_1)   --->   "%xor_ln20_4 = xor i1 %or_ln20_6, i1 1" [top.cpp:20]   --->   Operation 319 'xor' 'xor_ln20_4' <Predicate = (trunc_ln15_2)> <Delay = 0.00> <CoreInst = "LogicGate">   --->   Core 74 'LogicGate' <Latency = 0> <II = 1> <Delay = 0.33> <FuncUnit> <Opcode : 'and' 'or' 'xor'> <InPorts = 2> <OutPorts = 1>
ST_26 : Operation 320 [1/1] (0.00ns) (grouped into LUT with out node or_ln20_1)   --->   "%and_ln20_5 = and i1 %tmp_94, i1 %xor_ln20_4" [top.cpp:20]   --->   Operation 320 'and' 'and_ln20_5' <Predicate = (trunc_ln15_2)> <Delay = 0.00> <CoreInst = "LogicGate">   --->   Core 74 'LogicGate' <Latency = 0> <II = 1> <Delay = 0.33> <FuncUnit> <Opcode : 'and' 'or' 'xor'> <InPorts = 2> <OutPorts = 1>
ST_26 : Operation 321 [1/1] (0.00ns) (grouped into LUT with out node out_verts_x)   --->   "%select_ln20_2 = select i1 %and_ln20_3, i32 2147483647, i32 2147483648" [top.cpp:20]   --->   Operation 321 'select' 'select_ln20_2' <Predicate = (trunc_ln15_2)> <Delay = 0.00> <CoreInst = "Sel">   --->   Core 73 'Sel' <Latency = 0> <II = 1> <Delay = 0.52> <FuncUnit> <Opcode : 'select'> <InPorts = 3> <OutPorts = 1>
ST_26 : Operation 322 [1/1] (0.33ns) (out node of the LUT)   --->   "%or_ln20_1 = or i1 %and_ln20_3, i1 %and_ln20_5" [top.cpp:20]   --->   Operation 322 'or' 'or_ln20_1' <Predicate = (trunc_ln15_2)> <Delay = 0.33> <CoreInst = "LogicGate">   --->   Core 74 'LogicGate' <Latency = 0> <II = 1> <Delay = 0.33> <FuncUnit> <Opcode : 'and' 'or' 'xor'> <InPorts = 2> <OutPorts = 1>
ST_26 : Operation 323 [1/1] (0.52ns) (out node of the LUT)   --->   "%out_verts_x = select i1 %or_ln20_1, i32 %select_ln20_2, i32 %add_ln20_3" [top.cpp:20]   --->   Operation 323 'select' 'out_verts_x' <Predicate = (trunc_ln15_2)> <Delay = 0.52> <CoreInst = "Sel">   --->   Core 73 'Sel' <Latency = 0> <II = 1> <Delay = 0.52> <FuncUnit> <Opcode : 'select'> <InPorts = 3> <OutPorts = 1>
ST_26 : Operation 324 [1/1] (0.00ns)   --->   "%sext_ln21 = sext i64 %mul_ln21" [top.cpp:21]   --->   Operation 324 'sext' 'sext_ln21' <Predicate = (trunc_ln15_2)> <Delay = 0.00>
ST_26 : Operation 325 [1/1] (0.00ns)   --->   "%sext_ln21_1 = sext i64 %mul_ln21_1" [top.cpp:21]   --->   Operation 325 'sext' 'sext_ln21_1' <Predicate = (trunc_ln15_2)> <Delay = 0.00>
ST_26 : Operation 326 [1/1] (3.88ns)   --->   "%mul_ln21_2 = mul i64 %sext_ln20_4, i64 %conv7_i1004_i_cast" [top.cpp:21]   --->   Operation 326 'mul' 'mul_ln21_2' <Predicate = (trunc_ln15_2)> <Delay = 3.88> <CoreInst = "Multiplier">   --->   Core 3 'Multiplier' <Latency = 0> <II = 1> <Delay = 3.88> <FuncUnit> <Opcode : 'mul'> <InPorts = 2> <OutPorts = 1>
ST_26 : Operation 327 [1/1] (0.00ns)   --->   "%sext_ln21_2 = sext i64 %mul_ln21_2" [top.cpp:21]   --->   Operation 327 'sext' 'sext_ln21_2' <Predicate = (trunc_ln15_2)> <Delay = 0.00>
ST_26 : Operation 328 [1/1] (0.00ns) (grouped into TernaryAdder)   --->   "%add_ln21 = add i65 %sext_ln21_1, i65 %sext_ln21_2" [top.cpp:21]   --->   Operation 328 'add' 'add_ln21' <Predicate = (trunc_ln15_2)> <Delay = 0.00> <CoreInst = "TAddSub">   --->   Core 10 'TAddSub' <Latency = 0> <II = 1> <Delay = 0.50> <IPBlock> <Opcode : 'add' 'sub'> <InPorts = 3> <OutPorts = 1> <Sync> <CReg>
ST_26 : Operation 329 [1/1] (1.01ns) (root node of TernaryAdder)   --->   "%add_ln21_1 = add i65 %add_ln21, i65 %sext_ln21" [top.cpp:21]   --->   Operation 329 'add' 'add_ln21_1' <Predicate = (trunc_ln15_2)> <Delay = 1.01> <CoreInst = "TAddSub">   --->   Core 10 'TAddSub' <Latency = 0> <II = 1> <Delay = 0.50> <IPBlock> <Opcode : 'add' 'sub'> <InPorts = 3> <OutPorts = 1> <Sync> <CReg>
ST_26 : Operation 330 [1/1] (3.88ns)   --->   "%mul_ln21_3 = mul i64 %sext_ln20_6, i64 %conv7_i915_i_cast" [top.cpp:21]   --->   Operation 330 'mul' 'mul_ln21_3' <Predicate = (trunc_ln15_2)> <Delay = 3.88> <CoreInst = "Multiplier">   --->   Core 3 'Multiplier' <Latency = 0> <II = 1> <Delay = 3.88> <FuncUnit> <Opcode : 'mul'> <InPorts = 2> <OutPorts = 1>
ST_26 : Operation 331 [1/1] (3.88ns)   --->   "%mul_ln22 = mul i64 %sext_ln20, i64 %conv7_i726_i_cast" [top.cpp:22]   --->   Operation 331 'mul' 'mul_ln22' <Predicate = (trunc_ln15_2)> <Delay = 3.88> <CoreInst = "Multiplier">   --->   Core 3 'Multiplier' <Latency = 0> <II = 1> <Delay = 3.88> <FuncUnit> <Opcode : 'mul'> <InPorts = 2> <OutPorts = 1>
ST_26 : Operation 332 [1/1] ( I:1.35ns O:1.35ns )   --->   "%store_ln26 = store i32 %out_verts_x, i7 %clip_tris_v0_x_addr" [top.cpp:26]   --->   Operation 332 'store' 'store_ln26' <Predicate = (trunc_ln15_2)> <Delay = 1.35> <CoreInst = "RAM">   --->   Core 82 'RAM' <Latency = 1> <II = 1> <Delay = 1.35> <Storage> <Opcode : 'load' 'store'> <Ports = 2> <Width = 32> <Depth = 128> <RAM>

State 27 <SV = 26> <Delay = 7.30>
ST_27 : Operation 333 [1/1] (7.30ns)   --->   "%gmem0_addr_3_read_1 = read i1024 @_ssdm_op_Read.m_axi.p1i1024, i1024 %gmem0_addr_3" [top.cpp:16]   --->   Operation 333 'read' 'gmem0_addr_3_read_1' <Predicate = (trunc_ln15_2 & icmp_ln16_2)> <Delay = 7.30> <CoreInst = "m_axi">   --->   Core 119 'm_axi' <Latency = 3> <II = 1> <Delay = 1.00> <Adapter> <Opcode : 'read' 'write' 'readreq' 'writereq' 'writeresp'>
ST_27 : Operation 334 [1/1] (0.00ns)   --->   "%trunc_ln16_8 = trunc i1024 %gmem0_addr_3_read_1" [top.cpp:16]   --->   Operation 334 'trunc' 'trunc_ln16_8' <Predicate = (trunc_ln15_2 & icmp_ln16_2)> <Delay = 0.00>
ST_27 : Operation 335 [1/1] (0.00ns)   --->   "%br_ln16 = br void %._crit_edge1.i" [top.cpp:16]   --->   Operation 335 'br' 'br_ln16' <Predicate = (trunc_ln15_2 & icmp_ln16_2)> <Delay = 0.00>
ST_27 : Operation 336 [1/1] (0.00ns)   --->   "%sext_ln21_3 = sext i65 %add_ln21_1" [top.cpp:21]   --->   Operation 336 'sext' 'sext_ln21_3' <Predicate = (trunc_ln15_2)> <Delay = 0.00>
ST_27 : Operation 337 [1/1] (0.00ns)   --->   "%sext_ln21_4 = sext i64 %mul_ln21_3" [top.cpp:21]   --->   Operation 337 'sext' 'sext_ln21_4' <Predicate = (trunc_ln15_2)> <Delay = 0.00>
ST_27 : Operation 338 [1/1] (1.47ns)   --->   "%add_ln21_2 = add i66 %sext_ln21_3, i66 %sext_ln21_4" [top.cpp:21]   --->   Operation 338 'add' 'add_ln21_2' <Predicate = (trunc_ln15_2)> <Delay = 1.47> <CoreInst = "Adder">   --->   Core 1 'Adder' <Latency = 0> <II = 1> <Delay = 1.47> <FuncUnit> <Opcode : 'add' 'sub'> <InPorts = 2> <OutPorts = 1>
ST_27 : Operation 339 [1/1] (0.00ns)   --->   "%tmp_99 = bitselect i1 @_ssdm_op_BitSelect.i1.i66.i32, i66 %add_ln21_2, i32 65" [top.cpp:21]   --->   Operation 339 'bitselect' 'tmp_99' <Predicate = (trunc_ln15_2)> <Delay = 0.00>
ST_27 : Operation 340 [1/1] (0.00ns)   --->   "%trunc_ln21_1 = partselect i32 @_ssdm_op_PartSelect.i32.i66.i32.i32, i66 %add_ln21_2, i32 16, i32 47" [top.cpp:21]   --->   Operation 340 'partselect' 'trunc_ln21_1' <Predicate = (trunc_ln15_2)> <Delay = 0.00>
ST_27 : Operation 341 [1/1] (0.00ns)   --->   "%tmp_100 = bitselect i1 @_ssdm_op_BitSelect.i1.i66.i32, i66 %add_ln21_2, i32 15" [top.cpp:21]   --->   Operation 341 'bitselect' 'tmp_100' <Predicate = (trunc_ln15_2)> <Delay = 0.00>
ST_27 : Operation 342 [1/1] (0.00ns) (grouped into LUT with out node and_ln21)   --->   "%tmp_101 = bitselect i1 @_ssdm_op_BitSelect.i1.i66.i32, i66 %add_ln21_2, i32 47" [top.cpp:21]   --->   Operation 342 'bitselect' 'tmp_101' <Predicate = (trunc_ln15_2)> <Delay = 0.00>
ST_27 : Operation 343 [1/1] (0.00ns)   --->   "%zext_ln21 = zext i1 %tmp_100" [top.cpp:21]   --->   Operation 343 'zext' 'zext_ln21' <Predicate = (trunc_ln15_2)> <Delay = 0.00>
ST_27 : Operation 344 [1/1] (1.20ns)   --->   "%add_ln21_3 = add i32 %trunc_ln21_1, i32 %zext_ln21" [top.cpp:21]   --->   Operation 344 'add' 'add_ln21_3' <Predicate = (trunc_ln15_2)> <Delay = 1.20> <CoreInst = "Adder">   --->   Core 1 'Adder' <Latency = 0> <II = 1> <Delay = 1.20> <FuncUnit> <Opcode : 'add' 'sub'> <InPorts = 2> <OutPorts = 1>
ST_27 : Operation 345 [1/1] (0.00ns)   --->   "%tmp_102 = bitselect i1 @_ssdm_op_BitSelect.i1.i32.i32, i32 %add_ln21_3, i32 31" [top.cpp:21]   --->   Operation 345 'bitselect' 'tmp_102' <Predicate = (trunc_ln15_2)> <Delay = 0.00>
ST_27 : Operation 346 [1/1] (0.00ns) (grouped into LUT with out node and_ln21)   --->   "%xor_ln21 = xor i1 %tmp_102, i1 1" [top.cpp:21]   --->   Operation 346 'xor' 'xor_ln21' <Predicate = (trunc_ln15_2)> <Delay = 0.00> <CoreInst = "LogicGate">   --->   Core 74 'LogicGate' <Latency = 0> <II = 1> <Delay = 0.33> <FuncUnit> <Opcode : 'and' 'or' 'xor'> <InPorts = 2> <OutPorts = 1>
ST_27 : Operation 347 [1/1] (0.33ns) (out node of the LUT)   --->   "%and_ln21 = and i1 %tmp_101, i1 %xor_ln21" [top.cpp:21]   --->   Operation 347 'and' 'and_ln21' <Predicate = (trunc_ln15_2)> <Delay = 0.33> <CoreInst = "LogicGate">   --->   Core 74 'LogicGate' <Latency = 0> <II = 1> <Delay = 0.33> <FuncUnit> <Opcode : 'and' 'or' 'xor'> <InPorts = 2> <OutPorts = 1>
ST_27 : Operation 348 [1/1] (0.00ns) (grouped into LUT with out node and_ln21_4)   --->   "%tmp_103 = bitselect i1 @_ssdm_op_BitSelect.i1.i66.i32, i66 %add_ln21_2, i32 48" [top.cpp:21]   --->   Operation 348 'bitselect' 'tmp_103' <Predicate = (trunc_ln15_2)> <Delay = 0.00>
ST_27 : Operation 349 [1/1] (0.00ns)   --->   "%tmp_15 = partselect i17 @_ssdm_op_PartSelect.i17.i66.i32.i32, i66 %add_ln21_2, i32 49, i32 65" [top.cpp:21]   --->   Operation 349 'partselect' 'tmp_15' <Predicate = (trunc_ln15_2)> <Delay = 0.00>
ST_27 : Operation 350 [1/1] (1.02ns)   --->   "%icmp_ln21 = icmp_eq  i17 %tmp_15, i17 131071" [top.cpp:21]   --->   Operation 350 'icmp' 'icmp_ln21' <Predicate = (trunc_ln15_2)> <Delay = 1.02> <CoreInst = "Cmp">   --->   Core 9 'Cmp' <Latency = 0> <II = 1> <Delay = 1.02> <FuncUnit> <Opcode : 'seteq' 'setne' 'setle' 'setge' 'setlt' 'setgt'> <InPorts = 2> <OutPorts = 1>
ST_27 : Operation 351 [1/1] (0.00ns)   --->   "%tmp_16 = partselect i18 @_ssdm_op_PartSelect.i18.i66.i32.i32, i66 %add_ln21_2, i32 48, i32 65" [top.cpp:21]   --->   Operation 351 'partselect' 'tmp_16' <Predicate = (trunc_ln15_2)> <Delay = 0.00>
ST_27 : Operation 352 [1/1] (1.03ns)   --->   "%icmp_ln21_1 = icmp_eq  i18 %tmp_16, i18 262143" [top.cpp:21]   --->   Operation 352 'icmp' 'icmp_ln21_1' <Predicate = (trunc_ln15_2)> <Delay = 1.03> <CoreInst = "Cmp">   --->   Core 9 'Cmp' <Latency = 0> <II = 1> <Delay = 1.03> <FuncUnit> <Opcode : 'seteq' 'setne' 'setle' 'setge' 'setlt' 'setgt'> <InPorts = 2> <OutPorts = 1>
ST_27 : Operation 353 [1/1] (1.03ns)   --->   "%icmp_ln21_2 = icmp_eq  i18 %tmp_16, i18 0" [top.cpp:21]   --->   Operation 353 'icmp' 'icmp_ln21_2' <Predicate = (trunc_ln15_2)> <Delay = 1.03> <CoreInst = "Cmp">   --->   Core 9 'Cmp' <Latency = 0> <II = 1> <Delay = 1.03> <FuncUnit> <Opcode : 'seteq' 'setne' 'setle' 'setge' 'setlt' 'setgt'> <InPorts = 2> <OutPorts = 1>
ST_27 : Operation 354 [1/1] (0.00ns) (grouped into LUT with out node and_ln21_3)   --->   "%select_ln21 = select i1 %and_ln21, i1 %icmp_ln21_1, i1 %icmp_ln21_2" [top.cpp:21]   --->   Operation 354 'select' 'select_ln21' <Predicate = (trunc_ln15_2)> <Delay = 0.00> <CoreInst = "Sel">   --->   Core 73 'Sel' <Latency = 0> <II = 1> <Delay = 0.26> <FuncUnit> <Opcode : 'select'> <InPorts = 3> <OutPorts = 1>
ST_27 : Operation 355 [1/1] (0.00ns) (grouped into LUT with out node and_ln21_4)   --->   "%xor_ln21_1 = xor i1 %tmp_103, i1 1" [top.cpp:21]   --->   Operation 355 'xor' 'xor_ln21_1' <Predicate = (trunc_ln15_2)> <Delay = 0.00> <CoreInst = "LogicGate">   --->   Core 74 'LogicGate' <Latency = 0> <II = 1> <Delay = 0.33> <FuncUnit> <Opcode : 'and' 'or' 'xor'> <InPorts = 2> <OutPorts = 1>
ST_27 : Operation 356 [1/1] (0.00ns) (grouped into LUT with out node and_ln21_4)   --->   "%and_ln21_1 = and i1 %icmp_ln21, i1 %xor_ln21_1" [top.cpp:21]   --->   Operation 356 'and' 'and_ln21_1' <Predicate = (trunc_ln15_2)> <Delay = 0.00> <CoreInst = "LogicGate">   --->   Core 74 'LogicGate' <Latency = 0> <II = 1> <Delay = 0.33> <FuncUnit> <Opcode : 'and' 'or' 'xor'> <InPorts = 2> <OutPorts = 1>
ST_27 : Operation 357 [1/1] (0.00ns) (grouped into LUT with out node and_ln21_4)   --->   "%select_ln21_1 = select i1 %and_ln21, i1 %and_ln21_1, i1 %icmp_ln21_1" [top.cpp:21]   --->   Operation 357 'select' 'select_ln21_1' <Predicate = (trunc_ln15_2)> <Delay = 0.00> <CoreInst = "Sel">   --->   Core 73 'Sel' <Latency = 0> <II = 1> <Delay = 0.26> <FuncUnit> <Opcode : 'select'> <InPorts = 3> <OutPorts = 1>
ST_27 : Operation 358 [1/1] (0.00ns) (grouped into LUT with out node or_ln21_1)   --->   "%and_ln21_2 = and i1 %and_ln21, i1 %icmp_ln21_1" [top.cpp:21]   --->   Operation 358 'and' 'and_ln21_2' <Predicate = (trunc_ln15_2)> <Delay = 0.00> <CoreInst = "LogicGate">   --->   Core 74 'LogicGate' <Latency = 0> <II = 1> <Delay = 0.33> <FuncUnit> <Opcode : 'and' 'or' 'xor'> <InPorts = 2> <OutPorts = 1>
ST_27 : Operation 359 [1/1] (0.00ns) (grouped into LUT with out node and_ln21_3)   --->   "%xor_ln21_2 = xor i1 %select_ln21, i1 1" [top.cpp:21]   --->   Operation 359 'xor' 'xor_ln21_2' <Predicate = (trunc_ln15_2)> <Delay = 0.00> <CoreInst = "LogicGate">   --->   Core 74 'LogicGate' <Latency = 0> <II = 1> <Delay = 0.33> <FuncUnit> <Opcode : 'and' 'or' 'xor'> <InPorts = 2> <OutPorts = 1>
ST_27 : Operation 360 [1/1] (0.00ns) (grouped into LUT with out node and_ln21_3)   --->   "%or_ln21 = or i1 %tmp_102, i1 %xor_ln21_2" [top.cpp:21]   --->   Operation 360 'or' 'or_ln21' <Predicate = (trunc_ln15_2)> <Delay = 0.00> <CoreInst = "LogicGate">   --->   Core 74 'LogicGate' <Latency = 0> <II = 1> <Delay = 0.33> <FuncUnit> <Opcode : 'and' 'or' 'xor'> <InPorts = 2> <OutPorts = 1>
ST_27 : Operation 361 [1/1] (0.00ns) (grouped into LUT with out node and_ln21_3)   --->   "%xor_ln21_3 = xor i1 %tmp_99, i1 1" [top.cpp:21]   --->   Operation 361 'xor' 'xor_ln21_3' <Predicate = (trunc_ln15_2)> <Delay = 0.00> <CoreInst = "LogicGate">   --->   Core 74 'LogicGate' <Latency = 0> <II = 1> <Delay = 0.33> <FuncUnit> <Opcode : 'and' 'or' 'xor'> <InPorts = 2> <OutPorts = 1>
ST_27 : Operation 362 [1/1] (0.33ns) (out node of the LUT)   --->   "%and_ln21_3 = and i1 %or_ln21, i1 %xor_ln21_3" [top.cpp:21]   --->   Operation 362 'and' 'and_ln21_3' <Predicate = (trunc_ln15_2)> <Delay = 0.33> <CoreInst = "LogicGate">   --->   Core 74 'LogicGate' <Latency = 0> <II = 1> <Delay = 0.33> <FuncUnit> <Opcode : 'and' 'or' 'xor'> <InPorts = 2> <OutPorts = 1>
ST_27 : Operation 363 [1/1] (0.33ns) (out node of the LUT)   --->   "%and_ln21_4 = and i1 %tmp_102, i1 %select_ln21_1" [top.cpp:21]   --->   Operation 363 'and' 'and_ln21_4' <Predicate = (trunc_ln15_2)> <Delay = 0.33> <CoreInst = "LogicGate">   --->   Core 74 'LogicGate' <Latency = 0> <II = 1> <Delay = 0.33> <FuncUnit> <Opcode : 'and' 'or' 'xor'> <InPorts = 2> <OutPorts = 1>
ST_27 : Operation 364 [1/1] (0.00ns) (grouped into LUT with out node or_ln21_1)   --->   "%or_ln21_6 = or i1 %and_ln21_2, i1 %and_ln21_4" [top.cpp:21]   --->   Operation 364 'or' 'or_ln21_6' <Predicate = (trunc_ln15_2)> <Delay = 0.00> <CoreInst = "LogicGate">   --->   Core 74 'LogicGate' <Latency = 0> <II = 1> <Delay = 0.33> <FuncUnit> <Opcode : 'and' 'or' 'xor'> <InPorts = 2> <OutPorts = 1>
ST_27 : Operation 365 [1/1] (0.00ns) (grouped into LUT with out node or_ln21_1)   --->   "%xor_ln21_4 = xor i1 %or_ln21_6, i1 1" [top.cpp:21]   --->   Operation 365 'xor' 'xor_ln21_4' <Predicate = (trunc_ln15_2)> <Delay = 0.00> <CoreInst = "LogicGate">   --->   Core 74 'LogicGate' <Latency = 0> <II = 1> <Delay = 0.33> <FuncUnit> <Opcode : 'and' 'or' 'xor'> <InPorts = 2> <OutPorts = 1>
ST_27 : Operation 366 [1/1] (0.00ns) (grouped into LUT with out node or_ln21_1)   --->   "%and_ln21_5 = and i1 %tmp_99, i1 %xor_ln21_4" [top.cpp:21]   --->   Operation 366 'and' 'and_ln21_5' <Predicate = (trunc_ln15_2)> <Delay = 0.00> <CoreInst = "LogicGate">   --->   Core 74 'LogicGate' <Latency = 0> <II = 1> <Delay = 0.33> <FuncUnit> <Opcode : 'and' 'or' 'xor'> <InPorts = 2> <OutPorts = 1>
ST_27 : Operation 367 [1/1] (0.00ns) (grouped into LUT with out node out_verts_y)   --->   "%select_ln21_2 = select i1 %and_ln21_3, i32 2147483647, i32 2147483648" [top.cpp:21]   --->   Operation 367 'select' 'select_ln21_2' <Predicate = (trunc_ln15_2)> <Delay = 0.00> <CoreInst = "Sel">   --->   Core 73 'Sel' <Latency = 0> <II = 1> <Delay = 0.52> <FuncUnit> <Opcode : 'select'> <InPorts = 3> <OutPorts = 1>
ST_27 : Operation 368 [1/1] (0.33ns) (out node of the LUT)   --->   "%or_ln21_1 = or i1 %and_ln21_3, i1 %and_ln21_5" [top.cpp:21]   --->   Operation 368 'or' 'or_ln21_1' <Predicate = (trunc_ln15_2)> <Delay = 0.33> <CoreInst = "LogicGate">   --->   Core 74 'LogicGate' <Latency = 0> <II = 1> <Delay = 0.33> <FuncUnit> <Opcode : 'and' 'or' 'xor'> <InPorts = 2> <OutPorts = 1>
ST_27 : Operation 369 [1/1] (0.52ns) (out node of the LUT)   --->   "%out_verts_y = select i1 %or_ln21_1, i32 %select_ln21_2, i32 %add_ln21_3" [top.cpp:21]   --->   Operation 369 'select' 'out_verts_y' <Predicate = (trunc_ln15_2)> <Delay = 0.52> <CoreInst = "Sel">   --->   Core 73 'Sel' <Latency = 0> <II = 1> <Delay = 0.52> <FuncUnit> <Opcode : 'select'> <InPorts = 3> <OutPorts = 1>
ST_27 : Operation 370 [1/1] (3.88ns)   --->   "%mul_ln22_1 = mul i64 %sext_ln20_1, i64 %conv7_i687_i_cast" [top.cpp:22]   --->   Operation 370 'mul' 'mul_ln22_1' <Predicate = (trunc_ln15_2)> <Delay = 3.88> <CoreInst = "Multiplier">   --->   Core 3 'Multiplier' <Latency = 0> <II = 1> <Delay = 3.88> <FuncUnit> <Opcode : 'mul'> <InPorts = 2> <OutPorts = 1>
ST_27 : Operation 371 [1/1] (0.00ns)   --->   "%sext_ln22 = sext i64 %mul_ln22" [top.cpp:22]   --->   Operation 371 'sext' 'sext_ln22' <Predicate = (trunc_ln15_2)> <Delay = 0.00>
ST_27 : Operation 372 [1/1] (0.00ns)   --->   "%sext_ln22_1 = sext i64 %mul_ln22_1" [top.cpp:22]   --->   Operation 372 'sext' 'sext_ln22_1' <Predicate = (trunc_ln15_2)> <Delay = 0.00>
ST_27 : Operation 373 [1/1] (3.88ns)   --->   "%mul_ln22_2 = mul i64 %sext_ln20_4, i64 %conv7_i598_i_cast" [top.cpp:22]   --->   Operation 373 'mul' 'mul_ln22_2' <Predicate = (trunc_ln15_2)> <Delay = 3.88> <CoreInst = "Multiplier">   --->   Core 3 'Multiplier' <Latency = 0> <II = 1> <Delay = 3.88> <FuncUnit> <Opcode : 'mul'> <InPorts = 2> <OutPorts = 1>
ST_27 : Operation 374 [1/1] (0.00ns)   --->   "%sext_ln22_2 = sext i64 %mul_ln22_2" [top.cpp:22]   --->   Operation 374 'sext' 'sext_ln22_2' <Predicate = (trunc_ln15_2)> <Delay = 0.00>
ST_27 : Operation 375 [1/1] (0.00ns) (grouped into TernaryAdder)   --->   "%add_ln22 = add i65 %sext_ln22_1, i65 %sext_ln22_2" [top.cpp:22]   --->   Operation 375 'add' 'add_ln22' <Predicate = (trunc_ln15_2)> <Delay = 0.00> <CoreInst = "TAddSub">   --->   Core 10 'TAddSub' <Latency = 0> <II = 1> <Delay = 0.50> <IPBlock> <Opcode : 'add' 'sub'> <InPorts = 3> <OutPorts = 1> <Sync> <CReg>
ST_27 : Operation 376 [1/1] (1.01ns) (root node of TernaryAdder)   --->   "%add_ln22_1 = add i65 %add_ln22, i65 %sext_ln22" [top.cpp:22]   --->   Operation 376 'add' 'add_ln22_1' <Predicate = (trunc_ln15_2)> <Delay = 1.01> <CoreInst = "TAddSub">   --->   Core 10 'TAddSub' <Latency = 0> <II = 1> <Delay = 0.50> <IPBlock> <Opcode : 'add' 'sub'> <InPorts = 3> <OutPorts = 1> <Sync> <CReg>
ST_27 : Operation 377 [1/1] (3.88ns)   --->   "%mul_ln22_3 = mul i64 %sext_ln20_6, i64 %conv7_i509_i_cast" [top.cpp:22]   --->   Operation 377 'mul' 'mul_ln22_3' <Predicate = (trunc_ln15_2)> <Delay = 3.88> <CoreInst = "Multiplier">   --->   Core 3 'Multiplier' <Latency = 0> <II = 1> <Delay = 3.88> <FuncUnit> <Opcode : 'mul'> <InPorts = 2> <OutPorts = 1>
ST_27 : Operation 378 [1/1] ( I:1.35ns O:1.35ns )   --->   "%store_ln26 = store i32 %out_verts_y, i7 %clip_tris_v0_y_addr" [top.cpp:26]   --->   Operation 378 'store' 'store_ln26' <Predicate = (trunc_ln15_2)> <Delay = 1.35> <CoreInst = "RAM">   --->   Core 82 'RAM' <Latency = 1> <II = 1> <Delay = 1.35> <Storage> <Opcode : 'load' 'store'> <Ports = 2> <Width = 32> <Depth = 128> <RAM>

State 28 <SV = 27> <Delay = 5.54>
ST_28 : Operation 379 [1/1] (0.00ns) (grouped into LUT with out node lshr_ln16_2)   --->   "%phi_ln16_2 = phi i120 %trunc_ln16_8, void, i120 0, void %._crit_edge.i" [top.cpp:16]   --->   Operation 379 'phi' 'phi_ln16_2' <Predicate = (trunc_ln15_2)> <Delay = 0.00>
ST_28 : Operation 380 [1/1] (0.00ns) (grouped into LUT with out node lshr_ln16_2)   --->   "%tmp_135_i = bitconcatenate i1144 @_ssdm_op_BitConcatenate.i1144.i120.i1024, i120 %phi_ln16_2, i1024 %gmem0_addr_3_read" [top.cpp:16]   --->   Operation 380 'bitconcatenate' 'tmp_135_i' <Predicate = (trunc_ln15_2)> <Delay = 0.00>
ST_28 : Operation 381 [1/1] (0.00ns) (grouped into LUT with out node lshr_ln16_2)   --->   "%shl_ln16_1 = bitconcatenate i10 @_ssdm_op_BitConcatenate.i10.i7.i3, i7 %trunc_ln16_6, i3 0" [top.cpp:16]   --->   Operation 381 'bitconcatenate' 'shl_ln16_1' <Predicate = (trunc_ln15_2)> <Delay = 0.00>
ST_28 : Operation 382 [1/1] (0.00ns) (grouped into LUT with out node lshr_ln16_2)   --->   "%zext_ln16_1 = zext i10 %shl_ln16_1" [top.cpp:16]   --->   Operation 382 'zext' 'zext_ln16_1' <Predicate = (trunc_ln15_2)> <Delay = 0.00>
ST_28 : Operation 383 [1/1] (2.13ns) (out node of the LUT)   --->   "%lshr_ln16_2 = lshr i1144 %tmp_135_i, i1144 %zext_ln16_1" [top.cpp:16]   --->   Operation 383 'lshr' 'lshr_ln16_2' <Predicate = (trunc_ln15_2)> <Delay = 2.13> <CoreInst = "Shifter">   --->   Core 75 'Shifter' <Latency = 0> <II = 1> <Delay = 2.13> <FuncUnit> <Opcode : 'shl' 'lshr' 'ashr'> <InPorts = 2> <OutPorts = 1>
ST_28 : Operation 384 [1/1] (0.00ns)   --->   "%verts_x_2 = trunc i1144 %lshr_ln16_2" [top.cpp:16]   --->   Operation 384 'trunc' 'verts_x_2' <Predicate = (trunc_ln15_2)> <Delay = 0.00>
ST_28 : Operation 385 [1/1] (0.00ns)   --->   "%verts_y_2 = partselect i32 @_ssdm_op_PartSelect.i32.i1144.i32.i32, i1144 %lshr_ln16_2, i32 32, i32 63" [top.cpp:16]   --->   Operation 385 'partselect' 'verts_y_2' <Predicate = (trunc_ln15_2)> <Delay = 0.00>
ST_28 : Operation 386 [1/1] (0.00ns)   --->   "%verts_z_2 = partselect i32 @_ssdm_op_PartSelect.i32.i1144.i32.i32, i1144 %lshr_ln16_2, i32 64, i32 95" [top.cpp:16]   --->   Operation 386 'partselect' 'verts_z_2' <Predicate = (trunc_ln15_2)> <Delay = 0.00>
ST_28 : Operation 387 [1/1] (0.00ns)   --->   "%verts_w_2 = partselect i32 @_ssdm_op_PartSelect.i32.i1144.i32.i32, i1144 %lshr_ln16_2, i32 96, i32 127" [top.cpp:16]   --->   Operation 387 'partselect' 'verts_w_2' <Predicate = (trunc_ln15_2)> <Delay = 0.00>
ST_28 : Operation 388 [1/1] (0.00ns)   --->   "%sext_ln22_3 = sext i65 %add_ln22_1" [top.cpp:22]   --->   Operation 388 'sext' 'sext_ln22_3' <Predicate = (trunc_ln15_2)> <Delay = 0.00>
ST_28 : Operation 389 [1/1] (0.00ns)   --->   "%sext_ln22_4 = sext i64 %mul_ln22_3" [top.cpp:22]   --->   Operation 389 'sext' 'sext_ln22_4' <Predicate = (trunc_ln15_2)> <Delay = 0.00>
ST_28 : Operation 390 [1/1] (1.47ns)   --->   "%add_ln22_2 = add i66 %sext_ln22_3, i66 %sext_ln22_4" [top.cpp:22]   --->   Operation 390 'add' 'add_ln22_2' <Predicate = (trunc_ln15_2)> <Delay = 1.47> <CoreInst = "Adder">   --->   Core 1 'Adder' <Latency = 0> <II = 1> <Delay = 1.47> <FuncUnit> <Opcode : 'add' 'sub'> <InPorts = 2> <OutPorts = 1>
ST_28 : Operation 391 [1/1] (0.00ns)   --->   "%tmp_104 = bitselect i1 @_ssdm_op_BitSelect.i1.i66.i32, i66 %add_ln22_2, i32 65" [top.cpp:22]   --->   Operation 391 'bitselect' 'tmp_104' <Predicate = (trunc_ln15_2)> <Delay = 0.00>
ST_28 : Operation 392 [1/1] (0.00ns)   --->   "%trunc_ln22_1 = partselect i32 @_ssdm_op_PartSelect.i32.i66.i32.i32, i66 %add_ln22_2, i32 16, i32 47" [top.cpp:22]   --->   Operation 392 'partselect' 'trunc_ln22_1' <Predicate = (trunc_ln15_2)> <Delay = 0.00>
ST_28 : Operation 393 [1/1] (0.00ns)   --->   "%tmp_105 = bitselect i1 @_ssdm_op_BitSelect.i1.i66.i32, i66 %add_ln22_2, i32 15" [top.cpp:22]   --->   Operation 393 'bitselect' 'tmp_105' <Predicate = (trunc_ln15_2)> <Delay = 0.00>
ST_28 : Operation 394 [1/1] (0.00ns) (grouped into LUT with out node and_ln22)   --->   "%tmp_106 = bitselect i1 @_ssdm_op_BitSelect.i1.i66.i32, i66 %add_ln22_2, i32 47" [top.cpp:22]   --->   Operation 394 'bitselect' 'tmp_106' <Predicate = (trunc_ln15_2)> <Delay = 0.00>
ST_28 : Operation 395 [1/1] (0.00ns)   --->   "%zext_ln22 = zext i1 %tmp_105" [top.cpp:22]   --->   Operation 395 'zext' 'zext_ln22' <Predicate = (trunc_ln15_2)> <Delay = 0.00>
ST_28 : Operation 396 [1/1] (1.20ns)   --->   "%add_ln22_3 = add i32 %trunc_ln22_1, i32 %zext_ln22" [top.cpp:22]   --->   Operation 396 'add' 'add_ln22_3' <Predicate = (trunc_ln15_2)> <Delay = 1.20> <CoreInst = "Adder">   --->   Core 1 'Adder' <Latency = 0> <II = 1> <Delay = 1.20> <FuncUnit> <Opcode : 'add' 'sub'> <InPorts = 2> <OutPorts = 1>
ST_28 : Operation 397 [1/1] (0.00ns)   --->   "%tmp_107 = bitselect i1 @_ssdm_op_BitSelect.i1.i32.i32, i32 %add_ln22_3, i32 31" [top.cpp:22]   --->   Operation 397 'bitselect' 'tmp_107' <Predicate = (trunc_ln15_2)> <Delay = 0.00>
ST_28 : Operation 398 [1/1] (0.00ns) (grouped into LUT with out node and_ln22)   --->   "%xor_ln22 = xor i1 %tmp_107, i1 1" [top.cpp:22]   --->   Operation 398 'xor' 'xor_ln22' <Predicate = (trunc_ln15_2)> <Delay = 0.00> <CoreInst = "LogicGate">   --->   Core 74 'LogicGate' <Latency = 0> <II = 1> <Delay = 0.33> <FuncUnit> <Opcode : 'and' 'or' 'xor'> <InPorts = 2> <OutPorts = 1>
ST_28 : Operation 399 [1/1] (0.33ns) (out node of the LUT)   --->   "%and_ln22 = and i1 %tmp_106, i1 %xor_ln22" [top.cpp:22]   --->   Operation 399 'and' 'and_ln22' <Predicate = (trunc_ln15_2)> <Delay = 0.33> <CoreInst = "LogicGate">   --->   Core 74 'LogicGate' <Latency = 0> <II = 1> <Delay = 0.33> <FuncUnit> <Opcode : 'and' 'or' 'xor'> <InPorts = 2> <OutPorts = 1>
ST_28 : Operation 400 [1/1] (0.00ns) (grouped into LUT with out node and_ln22_4)   --->   "%tmp_108 = bitselect i1 @_ssdm_op_BitSelect.i1.i66.i32, i66 %add_ln22_2, i32 48" [top.cpp:22]   --->   Operation 400 'bitselect' 'tmp_108' <Predicate = (trunc_ln15_2)> <Delay = 0.00>
ST_28 : Operation 401 [1/1] (0.00ns)   --->   "%tmp_17 = partselect i17 @_ssdm_op_PartSelect.i17.i66.i32.i32, i66 %add_ln22_2, i32 49, i32 65" [top.cpp:22]   --->   Operation 401 'partselect' 'tmp_17' <Predicate = (trunc_ln15_2)> <Delay = 0.00>
ST_28 : Operation 402 [1/1] (1.02ns)   --->   "%icmp_ln22 = icmp_eq  i17 %tmp_17, i17 131071" [top.cpp:22]   --->   Operation 402 'icmp' 'icmp_ln22' <Predicate = (trunc_ln15_2)> <Delay = 1.02> <CoreInst = "Cmp">   --->   Core 9 'Cmp' <Latency = 0> <II = 1> <Delay = 1.02> <FuncUnit> <Opcode : 'seteq' 'setne' 'setle' 'setge' 'setlt' 'setgt'> <InPorts = 2> <OutPorts = 1>
ST_28 : Operation 403 [1/1] (0.00ns)   --->   "%tmp_18 = partselect i18 @_ssdm_op_PartSelect.i18.i66.i32.i32, i66 %add_ln22_2, i32 48, i32 65" [top.cpp:22]   --->   Operation 403 'partselect' 'tmp_18' <Predicate = (trunc_ln15_2)> <Delay = 0.00>
ST_28 : Operation 404 [1/1] (1.03ns)   --->   "%icmp_ln22_1 = icmp_eq  i18 %tmp_18, i18 262143" [top.cpp:22]   --->   Operation 404 'icmp' 'icmp_ln22_1' <Predicate = (trunc_ln15_2)> <Delay = 1.03> <CoreInst = "Cmp">   --->   Core 9 'Cmp' <Latency = 0> <II = 1> <Delay = 1.03> <FuncUnit> <Opcode : 'seteq' 'setne' 'setle' 'setge' 'setlt' 'setgt'> <InPorts = 2> <OutPorts = 1>
ST_28 : Operation 405 [1/1] (1.03ns)   --->   "%icmp_ln22_2 = icmp_eq  i18 %tmp_18, i18 0" [top.cpp:22]   --->   Operation 405 'icmp' 'icmp_ln22_2' <Predicate = (trunc_ln15_2)> <Delay = 1.03> <CoreInst = "Cmp">   --->   Core 9 'Cmp' <Latency = 0> <II = 1> <Delay = 1.03> <FuncUnit> <Opcode : 'seteq' 'setne' 'setle' 'setge' 'setlt' 'setgt'> <InPorts = 2> <OutPorts = 1>
ST_28 : Operation 406 [1/1] (0.00ns) (grouped into LUT with out node and_ln22_3)   --->   "%select_ln22 = select i1 %and_ln22, i1 %icmp_ln22_1, i1 %icmp_ln22_2" [top.cpp:22]   --->   Operation 406 'select' 'select_ln22' <Predicate = (trunc_ln15_2)> <Delay = 0.00> <CoreInst = "Sel">   --->   Core 73 'Sel' <Latency = 0> <II = 1> <Delay = 0.26> <FuncUnit> <Opcode : 'select'> <InPorts = 3> <OutPorts = 1>
ST_28 : Operation 407 [1/1] (0.00ns) (grouped into LUT with out node and_ln22_4)   --->   "%xor_ln22_1 = xor i1 %tmp_108, i1 1" [top.cpp:22]   --->   Operation 407 'xor' 'xor_ln22_1' <Predicate = (trunc_ln15_2)> <Delay = 0.00> <CoreInst = "LogicGate">   --->   Core 74 'LogicGate' <Latency = 0> <II = 1> <Delay = 0.33> <FuncUnit> <Opcode : 'and' 'or' 'xor'> <InPorts = 2> <OutPorts = 1>
ST_28 : Operation 408 [1/1] (0.00ns) (grouped into LUT with out node and_ln22_4)   --->   "%and_ln22_1 = and i1 %icmp_ln22, i1 %xor_ln22_1" [top.cpp:22]   --->   Operation 408 'and' 'and_ln22_1' <Predicate = (trunc_ln15_2)> <Delay = 0.00> <CoreInst = "LogicGate">   --->   Core 74 'LogicGate' <Latency = 0> <II = 1> <Delay = 0.33> <FuncUnit> <Opcode : 'and' 'or' 'xor'> <InPorts = 2> <OutPorts = 1>
ST_28 : Operation 409 [1/1] (0.00ns) (grouped into LUT with out node and_ln22_4)   --->   "%select_ln22_1 = select i1 %and_ln22, i1 %and_ln22_1, i1 %icmp_ln22_1" [top.cpp:22]   --->   Operation 409 'select' 'select_ln22_1' <Predicate = (trunc_ln15_2)> <Delay = 0.00> <CoreInst = "Sel">   --->   Core 73 'Sel' <Latency = 0> <II = 1> <Delay = 0.26> <FuncUnit> <Opcode : 'select'> <InPorts = 3> <OutPorts = 1>
ST_28 : Operation 410 [1/1] (0.00ns) (grouped into LUT with out node or_ln22_1)   --->   "%and_ln22_2 = and i1 %and_ln22, i1 %icmp_ln22_1" [top.cpp:22]   --->   Operation 410 'and' 'and_ln22_2' <Predicate = (trunc_ln15_2)> <Delay = 0.00> <CoreInst = "LogicGate">   --->   Core 74 'LogicGate' <Latency = 0> <II = 1> <Delay = 0.33> <FuncUnit> <Opcode : 'and' 'or' 'xor'> <InPorts = 2> <OutPorts = 1>
ST_28 : Operation 411 [1/1] (0.00ns) (grouped into LUT with out node and_ln22_3)   --->   "%xor_ln22_2 = xor i1 %select_ln22, i1 1" [top.cpp:22]   --->   Operation 411 'xor' 'xor_ln22_2' <Predicate = (trunc_ln15_2)> <Delay = 0.00> <CoreInst = "LogicGate">   --->   Core 74 'LogicGate' <Latency = 0> <II = 1> <Delay = 0.33> <FuncUnit> <Opcode : 'and' 'or' 'xor'> <InPorts = 2> <OutPorts = 1>
ST_28 : Operation 412 [1/1] (0.00ns) (grouped into LUT with out node and_ln22_3)   --->   "%or_ln22 = or i1 %tmp_107, i1 %xor_ln22_2" [top.cpp:22]   --->   Operation 412 'or' 'or_ln22' <Predicate = (trunc_ln15_2)> <Delay = 0.00> <CoreInst = "LogicGate">   --->   Core 74 'LogicGate' <Latency = 0> <II = 1> <Delay = 0.33> <FuncUnit> <Opcode : 'and' 'or' 'xor'> <InPorts = 2> <OutPorts = 1>
ST_28 : Operation 413 [1/1] (0.00ns) (grouped into LUT with out node and_ln22_3)   --->   "%xor_ln22_3 = xor i1 %tmp_104, i1 1" [top.cpp:22]   --->   Operation 413 'xor' 'xor_ln22_3' <Predicate = (trunc_ln15_2)> <Delay = 0.00> <CoreInst = "LogicGate">   --->   Core 74 'LogicGate' <Latency = 0> <II = 1> <Delay = 0.33> <FuncUnit> <Opcode : 'and' 'or' 'xor'> <InPorts = 2> <OutPorts = 1>
ST_28 : Operation 414 [1/1] (0.33ns) (out node of the LUT)   --->   "%and_ln22_3 = and i1 %or_ln22, i1 %xor_ln22_3" [top.cpp:22]   --->   Operation 414 'and' 'and_ln22_3' <Predicate = (trunc_ln15_2)> <Delay = 0.33> <CoreInst = "LogicGate">   --->   Core 74 'LogicGate' <Latency = 0> <II = 1> <Delay = 0.33> <FuncUnit> <Opcode : 'and' 'or' 'xor'> <InPorts = 2> <OutPorts = 1>
ST_28 : Operation 415 [1/1] (0.33ns) (out node of the LUT)   --->   "%and_ln22_4 = and i1 %tmp_107, i1 %select_ln22_1" [top.cpp:22]   --->   Operation 415 'and' 'and_ln22_4' <Predicate = (trunc_ln15_2)> <Delay = 0.33> <CoreInst = "LogicGate">   --->   Core 74 'LogicGate' <Latency = 0> <II = 1> <Delay = 0.33> <FuncUnit> <Opcode : 'and' 'or' 'xor'> <InPorts = 2> <OutPorts = 1>
ST_28 : Operation 416 [1/1] (0.00ns) (grouped into LUT with out node or_ln22_1)   --->   "%or_ln22_6 = or i1 %and_ln22_2, i1 %and_ln22_4" [top.cpp:22]   --->   Operation 416 'or' 'or_ln22_6' <Predicate = (trunc_ln15_2)> <Delay = 0.00> <CoreInst = "LogicGate">   --->   Core 74 'LogicGate' <Latency = 0> <II = 1> <Delay = 0.33> <FuncUnit> <Opcode : 'and' 'or' 'xor'> <InPorts = 2> <OutPorts = 1>
ST_28 : Operation 417 [1/1] (0.00ns) (grouped into LUT with out node or_ln22_1)   --->   "%xor_ln22_4 = xor i1 %or_ln22_6, i1 1" [top.cpp:22]   --->   Operation 417 'xor' 'xor_ln22_4' <Predicate = (trunc_ln15_2)> <Delay = 0.00> <CoreInst = "LogicGate">   --->   Core 74 'LogicGate' <Latency = 0> <II = 1> <Delay = 0.33> <FuncUnit> <Opcode : 'and' 'or' 'xor'> <InPorts = 2> <OutPorts = 1>
ST_28 : Operation 418 [1/1] (0.00ns) (grouped into LUT with out node or_ln22_1)   --->   "%and_ln22_5 = and i1 %tmp_104, i1 %xor_ln22_4" [top.cpp:22]   --->   Operation 418 'and' 'and_ln22_5' <Predicate = (trunc_ln15_2)> <Delay = 0.00> <CoreInst = "LogicGate">   --->   Core 74 'LogicGate' <Latency = 0> <II = 1> <Delay = 0.33> <FuncUnit> <Opcode : 'and' 'or' 'xor'> <InPorts = 2> <OutPorts = 1>
ST_28 : Operation 419 [1/1] (0.00ns) (grouped into LUT with out node out_verts_z)   --->   "%select_ln22_2 = select i1 %and_ln22_3, i32 2147483647, i32 2147483648" [top.cpp:22]   --->   Operation 419 'select' 'select_ln22_2' <Predicate = (trunc_ln15_2)> <Delay = 0.00> <CoreInst = "Sel">   --->   Core 73 'Sel' <Latency = 0> <II = 1> <Delay = 0.52> <FuncUnit> <Opcode : 'select'> <InPorts = 3> <OutPorts = 1>
ST_28 : Operation 420 [1/1] (0.33ns) (out node of the LUT)   --->   "%or_ln22_1 = or i1 %and_ln22_3, i1 %and_ln22_5" [top.cpp:22]   --->   Operation 420 'or' 'or_ln22_1' <Predicate = (trunc_ln15_2)> <Delay = 0.33> <CoreInst = "LogicGate">   --->   Core 74 'LogicGate' <Latency = 0> <II = 1> <Delay = 0.33> <FuncUnit> <Opcode : 'and' 'or' 'xor'> <InPorts = 2> <OutPorts = 1>
ST_28 : Operation 421 [1/1] (0.52ns) (out node of the LUT)   --->   "%out_verts_z = select i1 %or_ln22_1, i32 %select_ln22_2, i32 %add_ln22_3" [top.cpp:22]   --->   Operation 421 'select' 'out_verts_z' <Predicate = (trunc_ln15_2)> <Delay = 0.52> <CoreInst = "Sel">   --->   Core 73 'Sel' <Latency = 0> <II = 1> <Delay = 0.52> <FuncUnit> <Opcode : 'select'> <InPorts = 3> <OutPorts = 1>
ST_28 : Operation 422 [1/1] (3.88ns)   --->   "%mul_ln23 = mul i64 %sext_ln20, i64 %conv7_i320_i_cast" [top.cpp:23]   --->   Operation 422 'mul' 'mul_ln23' <Predicate = (trunc_ln15_2)> <Delay = 3.88> <CoreInst = "Multiplier">   --->   Core 3 'Multiplier' <Latency = 0> <II = 1> <Delay = 3.88> <FuncUnit> <Opcode : 'mul'> <InPorts = 2> <OutPorts = 1>
ST_28 : Operation 423 [1/1] (3.88ns)   --->   "%mul_ln23_1 = mul i64 %sext_ln20_1, i64 %conv7_i281_i_cast" [top.cpp:23]   --->   Operation 423 'mul' 'mul_ln23_1' <Predicate = (trunc_ln15_2)> <Delay = 3.88> <CoreInst = "Multiplier">   --->   Core 3 'Multiplier' <Latency = 0> <II = 1> <Delay = 3.88> <FuncUnit> <Opcode : 'mul'> <InPorts = 2> <OutPorts = 1>
ST_28 : Operation 424 [1/1] (0.00ns)   --->   "%sext_ln23 = sext i64 %mul_ln23" [top.cpp:23]   --->   Operation 424 'sext' 'sext_ln23' <Predicate = (trunc_ln15_2)> <Delay = 0.00>
ST_28 : Operation 425 [1/1] (0.00ns)   --->   "%sext_ln23_1 = sext i64 %mul_ln23_1" [top.cpp:23]   --->   Operation 425 'sext' 'sext_ln23_1' <Predicate = (trunc_ln15_2)> <Delay = 0.00>
ST_28 : Operation 426 [1/1] (3.88ns)   --->   "%mul_ln23_2 = mul i64 %sext_ln20_4, i64 %conv7_i195_i_cast" [top.cpp:23]   --->   Operation 426 'mul' 'mul_ln23_2' <Predicate = (trunc_ln15_2)> <Delay = 3.88> <CoreInst = "Multiplier">   --->   Core 3 'Multiplier' <Latency = 0> <II = 1> <Delay = 3.88> <FuncUnit> <Opcode : 'mul'> <InPorts = 2> <OutPorts = 1>
ST_28 : Operation 427 [1/1] (0.00ns)   --->   "%sext_ln23_2 = sext i64 %mul_ln23_2" [top.cpp:23]   --->   Operation 427 'sext' 'sext_ln23_2' <Predicate = (trunc_ln15_2)> <Delay = 0.00>
ST_28 : Operation 428 [1/1] (0.00ns) (grouped into TernaryAdder)   --->   "%add_ln23 = add i65 %sext_ln23_1, i65 %sext_ln23_2" [top.cpp:23]   --->   Operation 428 'add' 'add_ln23' <Predicate = (trunc_ln15_2)> <Delay = 0.00> <CoreInst = "TAddSub">   --->   Core 10 'TAddSub' <Latency = 0> <II = 1> <Delay = 0.50> <IPBlock> <Opcode : 'add' 'sub'> <InPorts = 3> <OutPorts = 1> <Sync> <CReg>
ST_28 : Operation 429 [1/1] (1.01ns) (root node of TernaryAdder)   --->   "%add_ln23_1 = add i65 %add_ln23, i65 %sext_ln23" [top.cpp:23]   --->   Operation 429 'add' 'add_ln23_1' <Predicate = (trunc_ln15_2)> <Delay = 1.01> <CoreInst = "TAddSub">   --->   Core 10 'TAddSub' <Latency = 0> <II = 1> <Delay = 0.50> <IPBlock> <Opcode : 'add' 'sub'> <InPorts = 3> <OutPorts = 1> <Sync> <CReg>
ST_28 : Operation 430 [1/1] ( I:1.35ns O:1.35ns )   --->   "%store_ln26 = store i32 %out_verts_z, i7 %clip_tris_v0_z_addr" [top.cpp:26]   --->   Operation 430 'store' 'store_ln26' <Predicate = (trunc_ln15_2)> <Delay = 1.35> <CoreInst = "RAM">   --->   Core 82 'RAM' <Latency = 1> <II = 1> <Delay = 1.35> <Storage> <Opcode : 'load' 'store'> <Ports = 2> <Width = 32> <Depth = 128> <RAM>

State 29 <SV = 28> <Delay = 7.21>
ST_29 : Operation 431 [1/1] (3.88ns)   --->   "%mul_ln23_3 = mul i64 %sext_ln20_6, i64 %conv7_i109_i_cast" [top.cpp:23]   --->   Operation 431 'mul' 'mul_ln23_3' <Predicate = (trunc_ln15_2)> <Delay = 3.88> <CoreInst = "Multiplier">   --->   Core 3 'Multiplier' <Latency = 0> <II = 1> <Delay = 3.88> <FuncUnit> <Opcode : 'mul'> <InPorts = 2> <OutPorts = 1>
ST_29 : Operation 432 [1/1] (0.00ns)   --->   "%sext_ln23_3 = sext i65 %add_ln23_1" [top.cpp:23]   --->   Operation 432 'sext' 'sext_ln23_3' <Predicate = (trunc_ln15_2)> <Delay = 0.00>
ST_29 : Operation 433 [1/1] (0.00ns)   --->   "%sext_ln23_4 = sext i64 %mul_ln23_3" [top.cpp:23]   --->   Operation 433 'sext' 'sext_ln23_4' <Predicate = (trunc_ln15_2)> <Delay = 0.00>
ST_29 : Operation 434 [1/1] (1.47ns)   --->   "%add_ln23_2 = add i66 %sext_ln23_3, i66 %sext_ln23_4" [top.cpp:23]   --->   Operation 434 'add' 'add_ln23_2' <Predicate = (trunc_ln15_2)> <Delay = 1.47> <CoreInst = "Adder">   --->   Core 1 'Adder' <Latency = 0> <II = 1> <Delay = 1.47> <FuncUnit> <Opcode : 'add' 'sub'> <InPorts = 2> <OutPorts = 1>
ST_29 : Operation 435 [1/1] (0.00ns)   --->   "%tmp_109 = bitselect i1 @_ssdm_op_BitSelect.i1.i66.i32, i66 %add_ln23_2, i32 65" [top.cpp:23]   --->   Operation 435 'bitselect' 'tmp_109' <Predicate = (trunc_ln15_2)> <Delay = 0.00>
ST_29 : Operation 436 [1/1] (0.00ns)   --->   "%trunc_ln23_1 = partselect i32 @_ssdm_op_PartSelect.i32.i66.i32.i32, i66 %add_ln23_2, i32 16, i32 47" [top.cpp:23]   --->   Operation 436 'partselect' 'trunc_ln23_1' <Predicate = (trunc_ln15_2)> <Delay = 0.00>
ST_29 : Operation 437 [1/1] (0.00ns)   --->   "%tmp_110 = bitselect i1 @_ssdm_op_BitSelect.i1.i66.i32, i66 %add_ln23_2, i32 15" [top.cpp:23]   --->   Operation 437 'bitselect' 'tmp_110' <Predicate = (trunc_ln15_2)> <Delay = 0.00>
ST_29 : Operation 438 [1/1] (0.00ns) (grouped into LUT with out node and_ln23)   --->   "%tmp_111 = bitselect i1 @_ssdm_op_BitSelect.i1.i66.i32, i66 %add_ln23_2, i32 47" [top.cpp:23]   --->   Operation 438 'bitselect' 'tmp_111' <Predicate = (trunc_ln15_2)> <Delay = 0.00>
ST_29 : Operation 439 [1/1] (0.00ns)   --->   "%zext_ln23 = zext i1 %tmp_110" [top.cpp:23]   --->   Operation 439 'zext' 'zext_ln23' <Predicate = (trunc_ln15_2)> <Delay = 0.00>
ST_29 : Operation 440 [1/1] (1.20ns)   --->   "%add_ln23_3 = add i32 %trunc_ln23_1, i32 %zext_ln23" [top.cpp:23]   --->   Operation 440 'add' 'add_ln23_3' <Predicate = (trunc_ln15_2)> <Delay = 1.20> <CoreInst = "Adder">   --->   Core 1 'Adder' <Latency = 0> <II = 1> <Delay = 1.20> <FuncUnit> <Opcode : 'add' 'sub'> <InPorts = 2> <OutPorts = 1>
ST_29 : Operation 441 [1/1] (0.00ns)   --->   "%tmp_112 = bitselect i1 @_ssdm_op_BitSelect.i1.i32.i32, i32 %add_ln23_3, i32 31" [top.cpp:23]   --->   Operation 441 'bitselect' 'tmp_112' <Predicate = (trunc_ln15_2)> <Delay = 0.00>
ST_29 : Operation 442 [1/1] (0.00ns) (grouped into LUT with out node and_ln23)   --->   "%xor_ln23 = xor i1 %tmp_112, i1 1" [top.cpp:23]   --->   Operation 442 'xor' 'xor_ln23' <Predicate = (trunc_ln15_2)> <Delay = 0.00> <CoreInst = "LogicGate">   --->   Core 74 'LogicGate' <Latency = 0> <II = 1> <Delay = 0.33> <FuncUnit> <Opcode : 'and' 'or' 'xor'> <InPorts = 2> <OutPorts = 1>
ST_29 : Operation 443 [1/1] (0.33ns) (out node of the LUT)   --->   "%and_ln23 = and i1 %tmp_111, i1 %xor_ln23" [top.cpp:23]   --->   Operation 443 'and' 'and_ln23' <Predicate = (trunc_ln15_2)> <Delay = 0.33> <CoreInst = "LogicGate">   --->   Core 74 'LogicGate' <Latency = 0> <II = 1> <Delay = 0.33> <FuncUnit> <Opcode : 'and' 'or' 'xor'> <InPorts = 2> <OutPorts = 1>
ST_29 : Operation 444 [1/1] (0.00ns) (grouped into LUT with out node and_ln23_4)   --->   "%tmp_113 = bitselect i1 @_ssdm_op_BitSelect.i1.i66.i32, i66 %add_ln23_2, i32 48" [top.cpp:23]   --->   Operation 444 'bitselect' 'tmp_113' <Predicate = (trunc_ln15_2)> <Delay = 0.00>
ST_29 : Operation 445 [1/1] (0.00ns)   --->   "%tmp_19 = partselect i17 @_ssdm_op_PartSelect.i17.i66.i32.i32, i66 %add_ln23_2, i32 49, i32 65" [top.cpp:23]   --->   Operation 445 'partselect' 'tmp_19' <Predicate = (trunc_ln15_2)> <Delay = 0.00>
ST_29 : Operation 446 [1/1] (1.02ns)   --->   "%icmp_ln23 = icmp_eq  i17 %tmp_19, i17 131071" [top.cpp:23]   --->   Operation 446 'icmp' 'icmp_ln23' <Predicate = (trunc_ln15_2)> <Delay = 1.02> <CoreInst = "Cmp">   --->   Core 9 'Cmp' <Latency = 0> <II = 1> <Delay = 1.02> <FuncUnit> <Opcode : 'seteq' 'setne' 'setle' 'setge' 'setlt' 'setgt'> <InPorts = 2> <OutPorts = 1>
ST_29 : Operation 447 [1/1] (0.00ns)   --->   "%tmp_20 = partselect i18 @_ssdm_op_PartSelect.i18.i66.i32.i32, i66 %add_ln23_2, i32 48, i32 65" [top.cpp:23]   --->   Operation 447 'partselect' 'tmp_20' <Predicate = (trunc_ln15_2)> <Delay = 0.00>
ST_29 : Operation 448 [1/1] (1.03ns)   --->   "%icmp_ln23_1 = icmp_eq  i18 %tmp_20, i18 262143" [top.cpp:23]   --->   Operation 448 'icmp' 'icmp_ln23_1' <Predicate = (trunc_ln15_2)> <Delay = 1.03> <CoreInst = "Cmp">   --->   Core 9 'Cmp' <Latency = 0> <II = 1> <Delay = 1.03> <FuncUnit> <Opcode : 'seteq' 'setne' 'setle' 'setge' 'setlt' 'setgt'> <InPorts = 2> <OutPorts = 1>
ST_29 : Operation 449 [1/1] (1.03ns)   --->   "%icmp_ln23_2 = icmp_eq  i18 %tmp_20, i18 0" [top.cpp:23]   --->   Operation 449 'icmp' 'icmp_ln23_2' <Predicate = (trunc_ln15_2)> <Delay = 1.03> <CoreInst = "Cmp">   --->   Core 9 'Cmp' <Latency = 0> <II = 1> <Delay = 1.03> <FuncUnit> <Opcode : 'seteq' 'setne' 'setle' 'setge' 'setlt' 'setgt'> <InPorts = 2> <OutPorts = 1>
ST_29 : Operation 450 [1/1] (0.00ns) (grouped into LUT with out node and_ln23_3)   --->   "%select_ln23 = select i1 %and_ln23, i1 %icmp_ln23_1, i1 %icmp_ln23_2" [top.cpp:23]   --->   Operation 450 'select' 'select_ln23' <Predicate = (trunc_ln15_2)> <Delay = 0.00> <CoreInst = "Sel">   --->   Core 73 'Sel' <Latency = 0> <II = 1> <Delay = 0.26> <FuncUnit> <Opcode : 'select'> <InPorts = 3> <OutPorts = 1>
ST_29 : Operation 451 [1/1] (0.00ns) (grouped into LUT with out node and_ln23_4)   --->   "%xor_ln23_1 = xor i1 %tmp_113, i1 1" [top.cpp:23]   --->   Operation 451 'xor' 'xor_ln23_1' <Predicate = (trunc_ln15_2)> <Delay = 0.00> <CoreInst = "LogicGate">   --->   Core 74 'LogicGate' <Latency = 0> <II = 1> <Delay = 0.33> <FuncUnit> <Opcode : 'and' 'or' 'xor'> <InPorts = 2> <OutPorts = 1>
ST_29 : Operation 452 [1/1] (0.00ns) (grouped into LUT with out node and_ln23_4)   --->   "%and_ln23_1 = and i1 %icmp_ln23, i1 %xor_ln23_1" [top.cpp:23]   --->   Operation 452 'and' 'and_ln23_1' <Predicate = (trunc_ln15_2)> <Delay = 0.00> <CoreInst = "LogicGate">   --->   Core 74 'LogicGate' <Latency = 0> <II = 1> <Delay = 0.33> <FuncUnit> <Opcode : 'and' 'or' 'xor'> <InPorts = 2> <OutPorts = 1>
ST_29 : Operation 453 [1/1] (0.00ns) (grouped into LUT with out node and_ln23_4)   --->   "%select_ln23_1 = select i1 %and_ln23, i1 %and_ln23_1, i1 %icmp_ln23_1" [top.cpp:23]   --->   Operation 453 'select' 'select_ln23_1' <Predicate = (trunc_ln15_2)> <Delay = 0.00> <CoreInst = "Sel">   --->   Core 73 'Sel' <Latency = 0> <II = 1> <Delay = 0.26> <FuncUnit> <Opcode : 'select'> <InPorts = 3> <OutPorts = 1>
ST_29 : Operation 454 [1/1] (0.00ns) (grouped into LUT with out node and_ln23_3)   --->   "%xor_ln23_2 = xor i1 %select_ln23, i1 1" [top.cpp:23]   --->   Operation 454 'xor' 'xor_ln23_2' <Predicate = (trunc_ln15_2)> <Delay = 0.00> <CoreInst = "LogicGate">   --->   Core 74 'LogicGate' <Latency = 0> <II = 1> <Delay = 0.33> <FuncUnit> <Opcode : 'and' 'or' 'xor'> <InPorts = 2> <OutPorts = 1>
ST_29 : Operation 455 [1/1] (0.00ns) (grouped into LUT with out node and_ln23_3)   --->   "%or_ln23 = or i1 %tmp_112, i1 %xor_ln23_2" [top.cpp:23]   --->   Operation 455 'or' 'or_ln23' <Predicate = (trunc_ln15_2)> <Delay = 0.00> <CoreInst = "LogicGate">   --->   Core 74 'LogicGate' <Latency = 0> <II = 1> <Delay = 0.33> <FuncUnit> <Opcode : 'and' 'or' 'xor'> <InPorts = 2> <OutPorts = 1>
ST_29 : Operation 456 [1/1] (0.00ns) (grouped into LUT with out node and_ln23_3)   --->   "%xor_ln23_3 = xor i1 %tmp_109, i1 1" [top.cpp:23]   --->   Operation 456 'xor' 'xor_ln23_3' <Predicate = (trunc_ln15_2)> <Delay = 0.00> <CoreInst = "LogicGate">   --->   Core 74 'LogicGate' <Latency = 0> <II = 1> <Delay = 0.33> <FuncUnit> <Opcode : 'and' 'or' 'xor'> <InPorts = 2> <OutPorts = 1>
ST_29 : Operation 457 [1/1] (0.33ns) (out node of the LUT)   --->   "%and_ln23_3 = and i1 %or_ln23, i1 %xor_ln23_3" [top.cpp:23]   --->   Operation 457 'and' 'and_ln23_3' <Predicate = (trunc_ln15_2)> <Delay = 0.33> <CoreInst = "LogicGate">   --->   Core 74 'LogicGate' <Latency = 0> <II = 1> <Delay = 0.33> <FuncUnit> <Opcode : 'and' 'or' 'xor'> <InPorts = 2> <OutPorts = 1>
ST_29 : Operation 458 [1/1] (0.33ns) (out node of the LUT)   --->   "%and_ln23_4 = and i1 %tmp_112, i1 %select_ln23_1" [top.cpp:23]   --->   Operation 458 'and' 'and_ln23_4' <Predicate = (trunc_ln15_2)> <Delay = 0.33> <CoreInst = "LogicGate">   --->   Core 74 'LogicGate' <Latency = 0> <II = 1> <Delay = 0.33> <FuncUnit> <Opcode : 'and' 'or' 'xor'> <InPorts = 2> <OutPorts = 1>
ST_29 : Operation 459 [1/1] (0.00ns)   --->   "%sext_ln20_9 = sext i32 %verts_x_1" [top.cpp:20]   --->   Operation 459 'sext' 'sext_ln20_9' <Predicate = (trunc_ln15_2)> <Delay = 0.00>
ST_29 : Operation 460 [1/1] (3.88ns)   --->   "%mul_ln20_4 = mul i64 %sext_ln20_9, i64 %conv7_i_i_cast" [top.cpp:20]   --->   Operation 460 'mul' 'mul_ln20_4' <Predicate = (trunc_ln15_2)> <Delay = 3.88> <CoreInst = "Multiplier">   --->   Core 3 'Multiplier' <Latency = 0> <II = 1> <Delay = 3.88> <FuncUnit> <Opcode : 'mul'> <InPorts = 2> <OutPorts = 1>
ST_29 : Operation 461 [1/1] (0.00ns)   --->   "%sext_ln20_10 = sext i32 %verts_y_1" [top.cpp:20]   --->   Operation 461 'sext' 'sext_ln20_10' <Predicate = (trunc_ln15_2)> <Delay = 0.00>
ST_29 : Operation 462 [1/1] (3.88ns)   --->   "%mul_ln20_5 = mul i64 %sext_ln20_10, i64 %conv7_i1499_i_cast" [top.cpp:20]   --->   Operation 462 'mul' 'mul_ln20_5' <Predicate = (trunc_ln15_2)> <Delay = 3.88> <CoreInst = "Multiplier">   --->   Core 3 'Multiplier' <Latency = 0> <II = 1> <Delay = 3.88> <FuncUnit> <Opcode : 'mul'> <InPorts = 2> <OutPorts = 1>

State 30 <SV = 29> <Delay = 4.89>
ST_30 : Operation 463 [1/1] (0.00ns) (grouped into LUT with out node or_ln23_1)   --->   "%and_ln23_2 = and i1 %and_ln23, i1 %icmp_ln23_1" [top.cpp:23]   --->   Operation 463 'and' 'and_ln23_2' <Predicate = (trunc_ln15_2)> <Delay = 0.00> <CoreInst = "LogicGate">   --->   Core 74 'LogicGate' <Latency = 0> <II = 1> <Delay = 0.33> <FuncUnit> <Opcode : 'and' 'or' 'xor'> <InPorts = 2> <OutPorts = 1>
ST_30 : Operation 464 [1/1] (0.00ns) (grouped into LUT with out node or_ln23_1)   --->   "%or_ln23_6 = or i1 %and_ln23_2, i1 %and_ln23_4" [top.cpp:23]   --->   Operation 464 'or' 'or_ln23_6' <Predicate = (trunc_ln15_2)> <Delay = 0.00> <CoreInst = "LogicGate">   --->   Core 74 'LogicGate' <Latency = 0> <II = 1> <Delay = 0.33> <FuncUnit> <Opcode : 'and' 'or' 'xor'> <InPorts = 2> <OutPorts = 1>
ST_30 : Operation 465 [1/1] (0.00ns) (grouped into LUT with out node or_ln23_1)   --->   "%xor_ln23_4 = xor i1 %or_ln23_6, i1 1" [top.cpp:23]   --->   Operation 465 'xor' 'xor_ln23_4' <Predicate = (trunc_ln15_2)> <Delay = 0.00> <CoreInst = "LogicGate">   --->   Core 74 'LogicGate' <Latency = 0> <II = 1> <Delay = 0.33> <FuncUnit> <Opcode : 'and' 'or' 'xor'> <InPorts = 2> <OutPorts = 1>
ST_30 : Operation 466 [1/1] (0.00ns) (grouped into LUT with out node or_ln23_1)   --->   "%and_ln23_5 = and i1 %tmp_109, i1 %xor_ln23_4" [top.cpp:23]   --->   Operation 466 'and' 'and_ln23_5' <Predicate = (trunc_ln15_2)> <Delay = 0.00> <CoreInst = "LogicGate">   --->   Core 74 'LogicGate' <Latency = 0> <II = 1> <Delay = 0.33> <FuncUnit> <Opcode : 'and' 'or' 'xor'> <InPorts = 2> <OutPorts = 1>
ST_30 : Operation 467 [1/1] (0.00ns) (grouped into LUT with out node out_verts_w)   --->   "%select_ln23_2 = select i1 %and_ln23_3, i32 2147483647, i32 2147483648" [top.cpp:23]   --->   Operation 467 'select' 'select_ln23_2' <Predicate = (trunc_ln15_2)> <Delay = 0.00> <CoreInst = "Sel">   --->   Core 73 'Sel' <Latency = 0> <II = 1> <Delay = 0.52> <FuncUnit> <Opcode : 'select'> <InPorts = 3> <OutPorts = 1>
ST_30 : Operation 468 [1/1] (0.33ns) (out node of the LUT)   --->   "%or_ln23_1 = or i1 %and_ln23_3, i1 %and_ln23_5" [top.cpp:23]   --->   Operation 468 'or' 'or_ln23_1' <Predicate = (trunc_ln15_2)> <Delay = 0.33> <CoreInst = "LogicGate">   --->   Core 74 'LogicGate' <Latency = 0> <II = 1> <Delay = 0.33> <FuncUnit> <Opcode : 'and' 'or' 'xor'> <InPorts = 2> <OutPorts = 1>
ST_30 : Operation 469 [1/1] (0.52ns) (out node of the LUT)   --->   "%out_verts_w = select i1 %or_ln23_1, i32 %select_ln23_2, i32 %add_ln23_3" [top.cpp:23]   --->   Operation 469 'select' 'out_verts_w' <Predicate = (trunc_ln15_2)> <Delay = 0.52> <CoreInst = "Sel">   --->   Core 73 'Sel' <Latency = 0> <II = 1> <Delay = 0.52> <FuncUnit> <Opcode : 'select'> <InPorts = 3> <OutPorts = 1>
ST_30 : Operation 470 [1/1] (0.00ns)   --->   "%sext_ln20_11 = sext i64 %mul_ln20_4" [top.cpp:20]   --->   Operation 470 'sext' 'sext_ln20_11' <Predicate = (trunc_ln15_2)> <Delay = 0.00>
ST_30 : Operation 471 [1/1] (0.00ns)   --->   "%sext_ln20_12 = sext i64 %mul_ln20_5" [top.cpp:20]   --->   Operation 471 'sext' 'sext_ln20_12' <Predicate = (trunc_ln15_2)> <Delay = 0.00>
ST_30 : Operation 472 [1/1] (0.00ns)   --->   "%sext_ln20_13 = sext i32 %verts_z_1" [top.cpp:20]   --->   Operation 472 'sext' 'sext_ln20_13' <Predicate = (trunc_ln15_2)> <Delay = 0.00>
ST_30 : Operation 473 [1/1] (3.88ns)   --->   "%mul_ln20_6 = mul i64 %sext_ln20_13, i64 %conv7_i1410_i_cast" [top.cpp:20]   --->   Operation 473 'mul' 'mul_ln20_6' <Predicate = (trunc_ln15_2)> <Delay = 3.88> <CoreInst = "Multiplier">   --->   Core 3 'Multiplier' <Latency = 0> <II = 1> <Delay = 3.88> <FuncUnit> <Opcode : 'mul'> <InPorts = 2> <OutPorts = 1>
ST_30 : Operation 474 [1/1] (0.00ns)   --->   "%sext_ln20_14 = sext i64 %mul_ln20_6" [top.cpp:20]   --->   Operation 474 'sext' 'sext_ln20_14' <Predicate = (trunc_ln15_2)> <Delay = 0.00>
ST_30 : Operation 475 [1/1] (0.00ns) (grouped into TernaryAdder)   --->   "%add_ln20_4 = add i65 %sext_ln20_12, i65 %sext_ln20_14" [top.cpp:20]   --->   Operation 475 'add' 'add_ln20_4' <Predicate = (trunc_ln15_2)> <Delay = 0.00> <CoreInst = "TAddSub">   --->   Core 10 'TAddSub' <Latency = 0> <II = 1> <Delay = 0.50> <IPBlock> <Opcode : 'add' 'sub'> <InPorts = 3> <OutPorts = 1> <Sync> <CReg>
ST_30 : Operation 476 [1/1] (1.01ns) (root node of TernaryAdder)   --->   "%add_ln20_5 = add i65 %add_ln20_4, i65 %sext_ln20_11" [top.cpp:20]   --->   Operation 476 'add' 'add_ln20_5' <Predicate = (trunc_ln15_2)> <Delay = 1.01> <CoreInst = "TAddSub">   --->   Core 10 'TAddSub' <Latency = 0> <II = 1> <Delay = 0.50> <IPBlock> <Opcode : 'add' 'sub'> <InPorts = 3> <OutPorts = 1> <Sync> <CReg>
ST_30 : Operation 477 [1/1] (0.00ns)   --->   "%sext_ln20_15 = sext i32 %verts_w_1" [top.cpp:20]   --->   Operation 477 'sext' 'sext_ln20_15' <Predicate = (trunc_ln15_2)> <Delay = 0.00>
ST_30 : Operation 478 [1/1] (3.88ns)   --->   "%mul_ln20_7 = mul i64 %sext_ln20_15, i64 %conv7_i1321_i_cast" [top.cpp:20]   --->   Operation 478 'mul' 'mul_ln20_7' <Predicate = (trunc_ln15_2)> <Delay = 3.88> <CoreInst = "Multiplier">   --->   Core 3 'Multiplier' <Latency = 0> <II = 1> <Delay = 3.88> <FuncUnit> <Opcode : 'mul'> <InPorts = 2> <OutPorts = 1>
ST_30 : Operation 479 [1/1] (3.88ns)   --->   "%mul_ln21_4 = mul i64 %sext_ln20_9, i64 %conv7_i1132_i_cast" [top.cpp:21]   --->   Operation 479 'mul' 'mul_ln21_4' <Predicate = (trunc_ln15_2)> <Delay = 3.88> <CoreInst = "Multiplier">   --->   Core 3 'Multiplier' <Latency = 0> <II = 1> <Delay = 3.88> <FuncUnit> <Opcode : 'mul'> <InPorts = 2> <OutPorts = 1>
ST_30 : Operation 480 [1/1] ( I:1.35ns O:1.35ns )   --->   "%store_ln26 = store i32 %out_verts_w, i7 %clip_tris_v0_w_addr" [top.cpp:26]   --->   Operation 480 'store' 'store_ln26' <Predicate = (trunc_ln15_2)> <Delay = 1.35> <CoreInst = "RAM">   --->   Core 82 'RAM' <Latency = 1> <II = 1> <Delay = 1.35> <Storage> <Opcode : 'load' 'store'> <Ports = 2> <Width = 32> <Depth = 128> <RAM>

State 31 <SV = 30> <Delay = 5.54>
ST_31 : Operation 481 [1/1] (0.00ns)   --->   "%sext_ln20_16 = sext i65 %add_ln20_5" [top.cpp:20]   --->   Operation 481 'sext' 'sext_ln20_16' <Predicate = (trunc_ln15_2)> <Delay = 0.00>
ST_31 : Operation 482 [1/1] (0.00ns)   --->   "%sext_ln20_17 = sext i64 %mul_ln20_7" [top.cpp:20]   --->   Operation 482 'sext' 'sext_ln20_17' <Predicate = (trunc_ln15_2)> <Delay = 0.00>
ST_31 : Operation 483 [1/1] (1.47ns)   --->   "%add_ln20_6 = add i66 %sext_ln20_16, i66 %sext_ln20_17" [top.cpp:20]   --->   Operation 483 'add' 'add_ln20_6' <Predicate = (trunc_ln15_2)> <Delay = 1.47> <CoreInst = "Adder">   --->   Core 1 'Adder' <Latency = 0> <II = 1> <Delay = 1.47> <FuncUnit> <Opcode : 'add' 'sub'> <InPorts = 2> <OutPorts = 1>
ST_31 : Operation 484 [1/1] (0.00ns)   --->   "%tmp_114 = bitselect i1 @_ssdm_op_BitSelect.i1.i66.i32, i66 %add_ln20_6, i32 65" [top.cpp:20]   --->   Operation 484 'bitselect' 'tmp_114' <Predicate = (trunc_ln15_2)> <Delay = 0.00>
ST_31 : Operation 485 [1/1] (0.00ns)   --->   "%trunc_ln20_3 = partselect i32 @_ssdm_op_PartSelect.i32.i66.i32.i32, i66 %add_ln20_6, i32 16, i32 47" [top.cpp:20]   --->   Operation 485 'partselect' 'trunc_ln20_3' <Predicate = (trunc_ln15_2)> <Delay = 0.00>
ST_31 : Operation 486 [1/1] (0.00ns)   --->   "%tmp_115 = bitselect i1 @_ssdm_op_BitSelect.i1.i66.i32, i66 %add_ln20_6, i32 15" [top.cpp:20]   --->   Operation 486 'bitselect' 'tmp_115' <Predicate = (trunc_ln15_2)> <Delay = 0.00>
ST_31 : Operation 487 [1/1] (0.00ns) (grouped into LUT with out node and_ln20_6)   --->   "%tmp_116 = bitselect i1 @_ssdm_op_BitSelect.i1.i66.i32, i66 %add_ln20_6, i32 47" [top.cpp:20]   --->   Operation 487 'bitselect' 'tmp_116' <Predicate = (trunc_ln15_2)> <Delay = 0.00>
ST_31 : Operation 488 [1/1] (0.00ns)   --->   "%zext_ln20_1 = zext i1 %tmp_115" [top.cpp:20]   --->   Operation 488 'zext' 'zext_ln20_1' <Predicate = (trunc_ln15_2)> <Delay = 0.00>
ST_31 : Operation 489 [1/1] (1.20ns)   --->   "%add_ln20_7 = add i32 %trunc_ln20_3, i32 %zext_ln20_1" [top.cpp:20]   --->   Operation 489 'add' 'add_ln20_7' <Predicate = (trunc_ln15_2)> <Delay = 1.20> <CoreInst = "Adder">   --->   Core 1 'Adder' <Latency = 0> <II = 1> <Delay = 1.20> <FuncUnit> <Opcode : 'add' 'sub'> <InPorts = 2> <OutPorts = 1>
ST_31 : Operation 490 [1/1] (0.00ns)   --->   "%tmp_117 = bitselect i1 @_ssdm_op_BitSelect.i1.i32.i32, i32 %add_ln20_7, i32 31" [top.cpp:20]   --->   Operation 490 'bitselect' 'tmp_117' <Predicate = (trunc_ln15_2)> <Delay = 0.00>
ST_31 : Operation 491 [1/1] (0.00ns) (grouped into LUT with out node and_ln20_6)   --->   "%xor_ln20_5 = xor i1 %tmp_117, i1 1" [top.cpp:20]   --->   Operation 491 'xor' 'xor_ln20_5' <Predicate = (trunc_ln15_2)> <Delay = 0.00> <CoreInst = "LogicGate">   --->   Core 74 'LogicGate' <Latency = 0> <II = 1> <Delay = 0.33> <FuncUnit> <Opcode : 'and' 'or' 'xor'> <InPorts = 2> <OutPorts = 1>
ST_31 : Operation 492 [1/1] (0.33ns) (out node of the LUT)   --->   "%and_ln20_6 = and i1 %tmp_116, i1 %xor_ln20_5" [top.cpp:20]   --->   Operation 492 'and' 'and_ln20_6' <Predicate = (trunc_ln15_2)> <Delay = 0.33> <CoreInst = "LogicGate">   --->   Core 74 'LogicGate' <Latency = 0> <II = 1> <Delay = 0.33> <FuncUnit> <Opcode : 'and' 'or' 'xor'> <InPorts = 2> <OutPorts = 1>
ST_31 : Operation 493 [1/1] (0.00ns) (grouped into LUT with out node and_ln20_10)   --->   "%tmp_118 = bitselect i1 @_ssdm_op_BitSelect.i1.i66.i32, i66 %add_ln20_6, i32 48" [top.cpp:20]   --->   Operation 493 'bitselect' 'tmp_118' <Predicate = (trunc_ln15_2)> <Delay = 0.00>
ST_31 : Operation 494 [1/1] (0.00ns)   --->   "%tmp_21 = partselect i17 @_ssdm_op_PartSelect.i17.i66.i32.i32, i66 %add_ln20_6, i32 49, i32 65" [top.cpp:20]   --->   Operation 494 'partselect' 'tmp_21' <Predicate = (trunc_ln15_2)> <Delay = 0.00>
ST_31 : Operation 495 [1/1] (1.02ns)   --->   "%icmp_ln20_3 = icmp_eq  i17 %tmp_21, i17 131071" [top.cpp:20]   --->   Operation 495 'icmp' 'icmp_ln20_3' <Predicate = (trunc_ln15_2)> <Delay = 1.02> <CoreInst = "Cmp">   --->   Core 9 'Cmp' <Latency = 0> <II = 1> <Delay = 1.02> <FuncUnit> <Opcode : 'seteq' 'setne' 'setle' 'setge' 'setlt' 'setgt'> <InPorts = 2> <OutPorts = 1>
ST_31 : Operation 496 [1/1] (0.00ns)   --->   "%tmp_22 = partselect i18 @_ssdm_op_PartSelect.i18.i66.i32.i32, i66 %add_ln20_6, i32 48, i32 65" [top.cpp:20]   --->   Operation 496 'partselect' 'tmp_22' <Predicate = (trunc_ln15_2)> <Delay = 0.00>
ST_31 : Operation 497 [1/1] (1.03ns)   --->   "%icmp_ln20_4 = icmp_eq  i18 %tmp_22, i18 262143" [top.cpp:20]   --->   Operation 497 'icmp' 'icmp_ln20_4' <Predicate = (trunc_ln15_2)> <Delay = 1.03> <CoreInst = "Cmp">   --->   Core 9 'Cmp' <Latency = 0> <II = 1> <Delay = 1.03> <FuncUnit> <Opcode : 'seteq' 'setne' 'setle' 'setge' 'setlt' 'setgt'> <InPorts = 2> <OutPorts = 1>
ST_31 : Operation 498 [1/1] (1.03ns)   --->   "%icmp_ln20_5 = icmp_eq  i18 %tmp_22, i18 0" [top.cpp:20]   --->   Operation 498 'icmp' 'icmp_ln20_5' <Predicate = (trunc_ln15_2)> <Delay = 1.03> <CoreInst = "Cmp">   --->   Core 9 'Cmp' <Latency = 0> <II = 1> <Delay = 1.03> <FuncUnit> <Opcode : 'seteq' 'setne' 'setle' 'setge' 'setlt' 'setgt'> <InPorts = 2> <OutPorts = 1>
ST_31 : Operation 499 [1/1] (0.00ns) (grouped into LUT with out node and_ln20_9)   --->   "%select_ln20_4 = select i1 %and_ln20_6, i1 %icmp_ln20_4, i1 %icmp_ln20_5" [top.cpp:20]   --->   Operation 499 'select' 'select_ln20_4' <Predicate = (trunc_ln15_2)> <Delay = 0.00> <CoreInst = "Sel">   --->   Core 73 'Sel' <Latency = 0> <II = 1> <Delay = 0.26> <FuncUnit> <Opcode : 'select'> <InPorts = 3> <OutPorts = 1>
ST_31 : Operation 500 [1/1] (0.00ns) (grouped into LUT with out node and_ln20_10)   --->   "%xor_ln20_6 = xor i1 %tmp_118, i1 1" [top.cpp:20]   --->   Operation 500 'xor' 'xor_ln20_6' <Predicate = (trunc_ln15_2)> <Delay = 0.00> <CoreInst = "LogicGate">   --->   Core 74 'LogicGate' <Latency = 0> <II = 1> <Delay = 0.33> <FuncUnit> <Opcode : 'and' 'or' 'xor'> <InPorts = 2> <OutPorts = 1>
ST_31 : Operation 501 [1/1] (0.00ns) (grouped into LUT with out node and_ln20_10)   --->   "%and_ln20_7 = and i1 %icmp_ln20_3, i1 %xor_ln20_6" [top.cpp:20]   --->   Operation 501 'and' 'and_ln20_7' <Predicate = (trunc_ln15_2)> <Delay = 0.00> <CoreInst = "LogicGate">   --->   Core 74 'LogicGate' <Latency = 0> <II = 1> <Delay = 0.33> <FuncUnit> <Opcode : 'and' 'or' 'xor'> <InPorts = 2> <OutPorts = 1>
ST_31 : Operation 502 [1/1] (0.00ns) (grouped into LUT with out node and_ln20_10)   --->   "%select_ln20_5 = select i1 %and_ln20_6, i1 %and_ln20_7, i1 %icmp_ln20_4" [top.cpp:20]   --->   Operation 502 'select' 'select_ln20_5' <Predicate = (trunc_ln15_2)> <Delay = 0.00> <CoreInst = "Sel">   --->   Core 73 'Sel' <Latency = 0> <II = 1> <Delay = 0.26> <FuncUnit> <Opcode : 'select'> <InPorts = 3> <OutPorts = 1>
ST_31 : Operation 503 [1/1] (0.00ns) (grouped into LUT with out node or_ln20_3)   --->   "%and_ln20_8 = and i1 %and_ln20_6, i1 %icmp_ln20_4" [top.cpp:20]   --->   Operation 503 'and' 'and_ln20_8' <Predicate = (trunc_ln15_2)> <Delay = 0.00> <CoreInst = "LogicGate">   --->   Core 74 'LogicGate' <Latency = 0> <II = 1> <Delay = 0.33> <FuncUnit> <Opcode : 'and' 'or' 'xor'> <InPorts = 2> <OutPorts = 1>
ST_31 : Operation 504 [1/1] (0.00ns) (grouped into LUT with out node and_ln20_9)   --->   "%xor_ln20_7 = xor i1 %select_ln20_4, i1 1" [top.cpp:20]   --->   Operation 504 'xor' 'xor_ln20_7' <Predicate = (trunc_ln15_2)> <Delay = 0.00> <CoreInst = "LogicGate">   --->   Core 74 'LogicGate' <Latency = 0> <II = 1> <Delay = 0.33> <FuncUnit> <Opcode : 'and' 'or' 'xor'> <InPorts = 2> <OutPorts = 1>
ST_31 : Operation 505 [1/1] (0.00ns) (grouped into LUT with out node and_ln20_9)   --->   "%or_ln20_2 = or i1 %tmp_117, i1 %xor_ln20_7" [top.cpp:20]   --->   Operation 505 'or' 'or_ln20_2' <Predicate = (trunc_ln15_2)> <Delay = 0.00> <CoreInst = "LogicGate">   --->   Core 74 'LogicGate' <Latency = 0> <II = 1> <Delay = 0.33> <FuncUnit> <Opcode : 'and' 'or' 'xor'> <InPorts = 2> <OutPorts = 1>
ST_31 : Operation 506 [1/1] (0.00ns) (grouped into LUT with out node and_ln20_9)   --->   "%xor_ln20_8 = xor i1 %tmp_114, i1 1" [top.cpp:20]   --->   Operation 506 'xor' 'xor_ln20_8' <Predicate = (trunc_ln15_2)> <Delay = 0.00> <CoreInst = "LogicGate">   --->   Core 74 'LogicGate' <Latency = 0> <II = 1> <Delay = 0.33> <FuncUnit> <Opcode : 'and' 'or' 'xor'> <InPorts = 2> <OutPorts = 1>
ST_31 : Operation 507 [1/1] (0.33ns) (out node of the LUT)   --->   "%and_ln20_9 = and i1 %or_ln20_2, i1 %xor_ln20_8" [top.cpp:20]   --->   Operation 507 'and' 'and_ln20_9' <Predicate = (trunc_ln15_2)> <Delay = 0.33> <CoreInst = "LogicGate">   --->   Core 74 'LogicGate' <Latency = 0> <II = 1> <Delay = 0.33> <FuncUnit> <Opcode : 'and' 'or' 'xor'> <InPorts = 2> <OutPorts = 1>
ST_31 : Operation 508 [1/1] (0.33ns) (out node of the LUT)   --->   "%and_ln20_10 = and i1 %tmp_117, i1 %select_ln20_5" [top.cpp:20]   --->   Operation 508 'and' 'and_ln20_10' <Predicate = (trunc_ln15_2)> <Delay = 0.33> <CoreInst = "LogicGate">   --->   Core 74 'LogicGate' <Latency = 0> <II = 1> <Delay = 0.33> <FuncUnit> <Opcode : 'and' 'or' 'xor'> <InPorts = 2> <OutPorts = 1>
ST_31 : Operation 509 [1/1] (0.00ns) (grouped into LUT with out node or_ln20_3)   --->   "%or_ln20_7 = or i1 %and_ln20_8, i1 %and_ln20_10" [top.cpp:20]   --->   Operation 509 'or' 'or_ln20_7' <Predicate = (trunc_ln15_2)> <Delay = 0.00> <CoreInst = "LogicGate">   --->   Core 74 'LogicGate' <Latency = 0> <II = 1> <Delay = 0.33> <FuncUnit> <Opcode : 'and' 'or' 'xor'> <InPorts = 2> <OutPorts = 1>
ST_31 : Operation 510 [1/1] (0.00ns) (grouped into LUT with out node or_ln20_3)   --->   "%xor_ln20_9 = xor i1 %or_ln20_7, i1 1" [top.cpp:20]   --->   Operation 510 'xor' 'xor_ln20_9' <Predicate = (trunc_ln15_2)> <Delay = 0.00> <CoreInst = "LogicGate">   --->   Core 74 'LogicGate' <Latency = 0> <II = 1> <Delay = 0.33> <FuncUnit> <Opcode : 'and' 'or' 'xor'> <InPorts = 2> <OutPorts = 1>
ST_31 : Operation 511 [1/1] (0.00ns) (grouped into LUT with out node or_ln20_3)   --->   "%and_ln20_11 = and i1 %tmp_114, i1 %xor_ln20_9" [top.cpp:20]   --->   Operation 511 'and' 'and_ln20_11' <Predicate = (trunc_ln15_2)> <Delay = 0.00> <CoreInst = "LogicGate">   --->   Core 74 'LogicGate' <Latency = 0> <II = 1> <Delay = 0.33> <FuncUnit> <Opcode : 'and' 'or' 'xor'> <InPorts = 2> <OutPorts = 1>
ST_31 : Operation 512 [1/1] (0.00ns) (grouped into LUT with out node out_verts_x_1)   --->   "%select_ln20_6 = select i1 %and_ln20_9, i32 2147483647, i32 2147483648" [top.cpp:20]   --->   Operation 512 'select' 'select_ln20_6' <Predicate = (trunc_ln15_2)> <Delay = 0.00> <CoreInst = "Sel">   --->   Core 73 'Sel' <Latency = 0> <II = 1> <Delay = 0.52> <FuncUnit> <Opcode : 'select'> <InPorts = 3> <OutPorts = 1>
ST_31 : Operation 513 [1/1] (0.33ns) (out node of the LUT)   --->   "%or_ln20_3 = or i1 %and_ln20_9, i1 %and_ln20_11" [top.cpp:20]   --->   Operation 513 'or' 'or_ln20_3' <Predicate = (trunc_ln15_2)> <Delay = 0.33> <CoreInst = "LogicGate">   --->   Core 74 'LogicGate' <Latency = 0> <II = 1> <Delay = 0.33> <FuncUnit> <Opcode : 'and' 'or' 'xor'> <InPorts = 2> <OutPorts = 1>
ST_31 : Operation 514 [1/1] (0.52ns) (out node of the LUT)   --->   "%out_verts_x_1 = select i1 %or_ln20_3, i32 %select_ln20_6, i32 %add_ln20_7" [top.cpp:20]   --->   Operation 514 'select' 'out_verts_x_1' <Predicate = (trunc_ln15_2)> <Delay = 0.52> <CoreInst = "Sel">   --->   Core 73 'Sel' <Latency = 0> <II = 1> <Delay = 0.52> <FuncUnit> <Opcode : 'select'> <InPorts = 3> <OutPorts = 1>
ST_31 : Operation 515 [1/1] (3.88ns)   --->   "%mul_ln21_5 = mul i64 %sext_ln20_10, i64 %conv7_i1093_i_cast" [top.cpp:21]   --->   Operation 515 'mul' 'mul_ln21_5' <Predicate = (trunc_ln15_2)> <Delay = 3.88> <CoreInst = "Multiplier">   --->   Core 3 'Multiplier' <Latency = 0> <II = 1> <Delay = 3.88> <FuncUnit> <Opcode : 'mul'> <InPorts = 2> <OutPorts = 1>
ST_31 : Operation 516 [1/1] (0.00ns)   --->   "%sext_ln21_5 = sext i64 %mul_ln21_4" [top.cpp:21]   --->   Operation 516 'sext' 'sext_ln21_5' <Predicate = (trunc_ln15_2)> <Delay = 0.00>
ST_31 : Operation 517 [1/1] (0.00ns)   --->   "%sext_ln21_6 = sext i64 %mul_ln21_5" [top.cpp:21]   --->   Operation 517 'sext' 'sext_ln21_6' <Predicate = (trunc_ln15_2)> <Delay = 0.00>
ST_31 : Operation 518 [1/1] (3.88ns)   --->   "%mul_ln21_6 = mul i64 %sext_ln20_13, i64 %conv7_i1004_i_cast" [top.cpp:21]   --->   Operation 518 'mul' 'mul_ln21_6' <Predicate = (trunc_ln15_2)> <Delay = 3.88> <CoreInst = "Multiplier">   --->   Core 3 'Multiplier' <Latency = 0> <II = 1> <Delay = 3.88> <FuncUnit> <Opcode : 'mul'> <InPorts = 2> <OutPorts = 1>
ST_31 : Operation 519 [1/1] (0.00ns)   --->   "%sext_ln21_7 = sext i64 %mul_ln21_6" [top.cpp:21]   --->   Operation 519 'sext' 'sext_ln21_7' <Predicate = (trunc_ln15_2)> <Delay = 0.00>
ST_31 : Operation 520 [1/1] (0.00ns) (grouped into TernaryAdder)   --->   "%add_ln21_4 = add i65 %sext_ln21_6, i65 %sext_ln21_7" [top.cpp:21]   --->   Operation 520 'add' 'add_ln21_4' <Predicate = (trunc_ln15_2)> <Delay = 0.00> <CoreInst = "TAddSub">   --->   Core 10 'TAddSub' <Latency = 0> <II = 1> <Delay = 0.50> <IPBlock> <Opcode : 'add' 'sub'> <InPorts = 3> <OutPorts = 1> <Sync> <CReg>
ST_31 : Operation 521 [1/1] (1.01ns) (root node of TernaryAdder)   --->   "%add_ln21_5 = add i65 %add_ln21_4, i65 %sext_ln21_5" [top.cpp:21]   --->   Operation 521 'add' 'add_ln21_5' <Predicate = (trunc_ln15_2)> <Delay = 1.01> <CoreInst = "TAddSub">   --->   Core 10 'TAddSub' <Latency = 0> <II = 1> <Delay = 0.50> <IPBlock> <Opcode : 'add' 'sub'> <InPorts = 3> <OutPorts = 1> <Sync> <CReg>
ST_31 : Operation 522 [1/1] (3.88ns)   --->   "%mul_ln21_7 = mul i64 %sext_ln20_15, i64 %conv7_i915_i_cast" [top.cpp:21]   --->   Operation 522 'mul' 'mul_ln21_7' <Predicate = (trunc_ln15_2)> <Delay = 3.88> <CoreInst = "Multiplier">   --->   Core 3 'Multiplier' <Latency = 0> <II = 1> <Delay = 3.88> <FuncUnit> <Opcode : 'mul'> <InPorts = 2> <OutPorts = 1>
ST_31 : Operation 523 [1/1] ( I:1.35ns O:1.35ns )   --->   "%store_ln27 = store i32 %out_verts_x_1, i7 %clip_tris_v1_x_addr" [top.cpp:27]   --->   Operation 523 'store' 'store_ln27' <Predicate = (trunc_ln15_2)> <Delay = 1.35> <CoreInst = "RAM">   --->   Core 82 'RAM' <Latency = 1> <II = 1> <Delay = 1.35> <Storage> <Opcode : 'load' 'store'> <Ports = 2> <Width = 32> <Depth = 128> <RAM>

State 32 <SV = 31> <Delay = 5.54>
ST_32 : Operation 524 [1/1] (0.00ns)   --->   "%sext_ln21_8 = sext i65 %add_ln21_5" [top.cpp:21]   --->   Operation 524 'sext' 'sext_ln21_8' <Predicate = (trunc_ln15_2)> <Delay = 0.00>
ST_32 : Operation 525 [1/1] (0.00ns)   --->   "%sext_ln21_9 = sext i64 %mul_ln21_7" [top.cpp:21]   --->   Operation 525 'sext' 'sext_ln21_9' <Predicate = (trunc_ln15_2)> <Delay = 0.00>
ST_32 : Operation 526 [1/1] (1.47ns)   --->   "%add_ln21_6 = add i66 %sext_ln21_8, i66 %sext_ln21_9" [top.cpp:21]   --->   Operation 526 'add' 'add_ln21_6' <Predicate = (trunc_ln15_2)> <Delay = 1.47> <CoreInst = "Adder">   --->   Core 1 'Adder' <Latency = 0> <II = 1> <Delay = 1.47> <FuncUnit> <Opcode : 'add' 'sub'> <InPorts = 2> <OutPorts = 1>
ST_32 : Operation 527 [1/1] (0.00ns)   --->   "%tmp_119 = bitselect i1 @_ssdm_op_BitSelect.i1.i66.i32, i66 %add_ln21_6, i32 65" [top.cpp:21]   --->   Operation 527 'bitselect' 'tmp_119' <Predicate = (trunc_ln15_2)> <Delay = 0.00>
ST_32 : Operation 528 [1/1] (0.00ns)   --->   "%trunc_ln21_3 = partselect i32 @_ssdm_op_PartSelect.i32.i66.i32.i32, i66 %add_ln21_6, i32 16, i32 47" [top.cpp:21]   --->   Operation 528 'partselect' 'trunc_ln21_3' <Predicate = (trunc_ln15_2)> <Delay = 0.00>
ST_32 : Operation 529 [1/1] (0.00ns)   --->   "%tmp_120 = bitselect i1 @_ssdm_op_BitSelect.i1.i66.i32, i66 %add_ln21_6, i32 15" [top.cpp:21]   --->   Operation 529 'bitselect' 'tmp_120' <Predicate = (trunc_ln15_2)> <Delay = 0.00>
ST_32 : Operation 530 [1/1] (0.00ns) (grouped into LUT with out node and_ln21_6)   --->   "%tmp_121 = bitselect i1 @_ssdm_op_BitSelect.i1.i66.i32, i66 %add_ln21_6, i32 47" [top.cpp:21]   --->   Operation 530 'bitselect' 'tmp_121' <Predicate = (trunc_ln15_2)> <Delay = 0.00>
ST_32 : Operation 531 [1/1] (0.00ns)   --->   "%zext_ln21_1 = zext i1 %tmp_120" [top.cpp:21]   --->   Operation 531 'zext' 'zext_ln21_1' <Predicate = (trunc_ln15_2)> <Delay = 0.00>
ST_32 : Operation 532 [1/1] (1.20ns)   --->   "%add_ln21_7 = add i32 %trunc_ln21_3, i32 %zext_ln21_1" [top.cpp:21]   --->   Operation 532 'add' 'add_ln21_7' <Predicate = (trunc_ln15_2)> <Delay = 1.20> <CoreInst = "Adder">   --->   Core 1 'Adder' <Latency = 0> <II = 1> <Delay = 1.20> <FuncUnit> <Opcode : 'add' 'sub'> <InPorts = 2> <OutPorts = 1>
ST_32 : Operation 533 [1/1] (0.00ns)   --->   "%tmp_122 = bitselect i1 @_ssdm_op_BitSelect.i1.i32.i32, i32 %add_ln21_7, i32 31" [top.cpp:21]   --->   Operation 533 'bitselect' 'tmp_122' <Predicate = (trunc_ln15_2)> <Delay = 0.00>
ST_32 : Operation 534 [1/1] (0.00ns) (grouped into LUT with out node and_ln21_6)   --->   "%xor_ln21_5 = xor i1 %tmp_122, i1 1" [top.cpp:21]   --->   Operation 534 'xor' 'xor_ln21_5' <Predicate = (trunc_ln15_2)> <Delay = 0.00> <CoreInst = "LogicGate">   --->   Core 74 'LogicGate' <Latency = 0> <II = 1> <Delay = 0.33> <FuncUnit> <Opcode : 'and' 'or' 'xor'> <InPorts = 2> <OutPorts = 1>
ST_32 : Operation 535 [1/1] (0.33ns) (out node of the LUT)   --->   "%and_ln21_6 = and i1 %tmp_121, i1 %xor_ln21_5" [top.cpp:21]   --->   Operation 535 'and' 'and_ln21_6' <Predicate = (trunc_ln15_2)> <Delay = 0.33> <CoreInst = "LogicGate">   --->   Core 74 'LogicGate' <Latency = 0> <II = 1> <Delay = 0.33> <FuncUnit> <Opcode : 'and' 'or' 'xor'> <InPorts = 2> <OutPorts = 1>
ST_32 : Operation 536 [1/1] (0.00ns) (grouped into LUT with out node and_ln21_10)   --->   "%tmp_123 = bitselect i1 @_ssdm_op_BitSelect.i1.i66.i32, i66 %add_ln21_6, i32 48" [top.cpp:21]   --->   Operation 536 'bitselect' 'tmp_123' <Predicate = (trunc_ln15_2)> <Delay = 0.00>
ST_32 : Operation 537 [1/1] (0.00ns)   --->   "%tmp_23 = partselect i17 @_ssdm_op_PartSelect.i17.i66.i32.i32, i66 %add_ln21_6, i32 49, i32 65" [top.cpp:21]   --->   Operation 537 'partselect' 'tmp_23' <Predicate = (trunc_ln15_2)> <Delay = 0.00>
ST_32 : Operation 538 [1/1] (1.02ns)   --->   "%icmp_ln21_3 = icmp_eq  i17 %tmp_23, i17 131071" [top.cpp:21]   --->   Operation 538 'icmp' 'icmp_ln21_3' <Predicate = (trunc_ln15_2)> <Delay = 1.02> <CoreInst = "Cmp">   --->   Core 9 'Cmp' <Latency = 0> <II = 1> <Delay = 1.02> <FuncUnit> <Opcode : 'seteq' 'setne' 'setle' 'setge' 'setlt' 'setgt'> <InPorts = 2> <OutPorts = 1>
ST_32 : Operation 539 [1/1] (0.00ns)   --->   "%tmp_24 = partselect i18 @_ssdm_op_PartSelect.i18.i66.i32.i32, i66 %add_ln21_6, i32 48, i32 65" [top.cpp:21]   --->   Operation 539 'partselect' 'tmp_24' <Predicate = (trunc_ln15_2)> <Delay = 0.00>
ST_32 : Operation 540 [1/1] (1.03ns)   --->   "%icmp_ln21_4 = icmp_eq  i18 %tmp_24, i18 262143" [top.cpp:21]   --->   Operation 540 'icmp' 'icmp_ln21_4' <Predicate = (trunc_ln15_2)> <Delay = 1.03> <CoreInst = "Cmp">   --->   Core 9 'Cmp' <Latency = 0> <II = 1> <Delay = 1.03> <FuncUnit> <Opcode : 'seteq' 'setne' 'setle' 'setge' 'setlt' 'setgt'> <InPorts = 2> <OutPorts = 1>
ST_32 : Operation 541 [1/1] (1.03ns)   --->   "%icmp_ln21_5 = icmp_eq  i18 %tmp_24, i18 0" [top.cpp:21]   --->   Operation 541 'icmp' 'icmp_ln21_5' <Predicate = (trunc_ln15_2)> <Delay = 1.03> <CoreInst = "Cmp">   --->   Core 9 'Cmp' <Latency = 0> <II = 1> <Delay = 1.03> <FuncUnit> <Opcode : 'seteq' 'setne' 'setle' 'setge' 'setlt' 'setgt'> <InPorts = 2> <OutPorts = 1>
ST_32 : Operation 542 [1/1] (0.00ns) (grouped into LUT with out node and_ln21_9)   --->   "%select_ln21_4 = select i1 %and_ln21_6, i1 %icmp_ln21_4, i1 %icmp_ln21_5" [top.cpp:21]   --->   Operation 542 'select' 'select_ln21_4' <Predicate = (trunc_ln15_2)> <Delay = 0.00> <CoreInst = "Sel">   --->   Core 73 'Sel' <Latency = 0> <II = 1> <Delay = 0.26> <FuncUnit> <Opcode : 'select'> <InPorts = 3> <OutPorts = 1>
ST_32 : Operation 543 [1/1] (0.00ns) (grouped into LUT with out node and_ln21_10)   --->   "%xor_ln21_6 = xor i1 %tmp_123, i1 1" [top.cpp:21]   --->   Operation 543 'xor' 'xor_ln21_6' <Predicate = (trunc_ln15_2)> <Delay = 0.00> <CoreInst = "LogicGate">   --->   Core 74 'LogicGate' <Latency = 0> <II = 1> <Delay = 0.33> <FuncUnit> <Opcode : 'and' 'or' 'xor'> <InPorts = 2> <OutPorts = 1>
ST_32 : Operation 544 [1/1] (0.00ns) (grouped into LUT with out node and_ln21_10)   --->   "%and_ln21_7 = and i1 %icmp_ln21_3, i1 %xor_ln21_6" [top.cpp:21]   --->   Operation 544 'and' 'and_ln21_7' <Predicate = (trunc_ln15_2)> <Delay = 0.00> <CoreInst = "LogicGate">   --->   Core 74 'LogicGate' <Latency = 0> <II = 1> <Delay = 0.33> <FuncUnit> <Opcode : 'and' 'or' 'xor'> <InPorts = 2> <OutPorts = 1>
ST_32 : Operation 545 [1/1] (0.00ns) (grouped into LUT with out node and_ln21_10)   --->   "%select_ln21_5 = select i1 %and_ln21_6, i1 %and_ln21_7, i1 %icmp_ln21_4" [top.cpp:21]   --->   Operation 545 'select' 'select_ln21_5' <Predicate = (trunc_ln15_2)> <Delay = 0.00> <CoreInst = "Sel">   --->   Core 73 'Sel' <Latency = 0> <II = 1> <Delay = 0.26> <FuncUnit> <Opcode : 'select'> <InPorts = 3> <OutPorts = 1>
ST_32 : Operation 546 [1/1] (0.00ns) (grouped into LUT with out node or_ln21_3)   --->   "%and_ln21_8 = and i1 %and_ln21_6, i1 %icmp_ln21_4" [top.cpp:21]   --->   Operation 546 'and' 'and_ln21_8' <Predicate = (trunc_ln15_2)> <Delay = 0.00> <CoreInst = "LogicGate">   --->   Core 74 'LogicGate' <Latency = 0> <II = 1> <Delay = 0.33> <FuncUnit> <Opcode : 'and' 'or' 'xor'> <InPorts = 2> <OutPorts = 1>
ST_32 : Operation 547 [1/1] (0.00ns) (grouped into LUT with out node and_ln21_9)   --->   "%xor_ln21_7 = xor i1 %select_ln21_4, i1 1" [top.cpp:21]   --->   Operation 547 'xor' 'xor_ln21_7' <Predicate = (trunc_ln15_2)> <Delay = 0.00> <CoreInst = "LogicGate">   --->   Core 74 'LogicGate' <Latency = 0> <II = 1> <Delay = 0.33> <FuncUnit> <Opcode : 'and' 'or' 'xor'> <InPorts = 2> <OutPorts = 1>
ST_32 : Operation 548 [1/1] (0.00ns) (grouped into LUT with out node and_ln21_9)   --->   "%or_ln21_2 = or i1 %tmp_122, i1 %xor_ln21_7" [top.cpp:21]   --->   Operation 548 'or' 'or_ln21_2' <Predicate = (trunc_ln15_2)> <Delay = 0.00> <CoreInst = "LogicGate">   --->   Core 74 'LogicGate' <Latency = 0> <II = 1> <Delay = 0.33> <FuncUnit> <Opcode : 'and' 'or' 'xor'> <InPorts = 2> <OutPorts = 1>
ST_32 : Operation 549 [1/1] (0.00ns) (grouped into LUT with out node and_ln21_9)   --->   "%xor_ln21_8 = xor i1 %tmp_119, i1 1" [top.cpp:21]   --->   Operation 549 'xor' 'xor_ln21_8' <Predicate = (trunc_ln15_2)> <Delay = 0.00> <CoreInst = "LogicGate">   --->   Core 74 'LogicGate' <Latency = 0> <II = 1> <Delay = 0.33> <FuncUnit> <Opcode : 'and' 'or' 'xor'> <InPorts = 2> <OutPorts = 1>
ST_32 : Operation 550 [1/1] (0.33ns) (out node of the LUT)   --->   "%and_ln21_9 = and i1 %or_ln21_2, i1 %xor_ln21_8" [top.cpp:21]   --->   Operation 550 'and' 'and_ln21_9' <Predicate = (trunc_ln15_2)> <Delay = 0.33> <CoreInst = "LogicGate">   --->   Core 74 'LogicGate' <Latency = 0> <II = 1> <Delay = 0.33> <FuncUnit> <Opcode : 'and' 'or' 'xor'> <InPorts = 2> <OutPorts = 1>
ST_32 : Operation 551 [1/1] (0.33ns) (out node of the LUT)   --->   "%and_ln21_10 = and i1 %tmp_122, i1 %select_ln21_5" [top.cpp:21]   --->   Operation 551 'and' 'and_ln21_10' <Predicate = (trunc_ln15_2)> <Delay = 0.33> <CoreInst = "LogicGate">   --->   Core 74 'LogicGate' <Latency = 0> <II = 1> <Delay = 0.33> <FuncUnit> <Opcode : 'and' 'or' 'xor'> <InPorts = 2> <OutPorts = 1>
ST_32 : Operation 552 [1/1] (0.00ns) (grouped into LUT with out node or_ln21_3)   --->   "%or_ln21_7 = or i1 %and_ln21_8, i1 %and_ln21_10" [top.cpp:21]   --->   Operation 552 'or' 'or_ln21_7' <Predicate = (trunc_ln15_2)> <Delay = 0.00> <CoreInst = "LogicGate">   --->   Core 74 'LogicGate' <Latency = 0> <II = 1> <Delay = 0.33> <FuncUnit> <Opcode : 'and' 'or' 'xor'> <InPorts = 2> <OutPorts = 1>
ST_32 : Operation 553 [1/1] (0.00ns) (grouped into LUT with out node or_ln21_3)   --->   "%xor_ln21_9 = xor i1 %or_ln21_7, i1 1" [top.cpp:21]   --->   Operation 553 'xor' 'xor_ln21_9' <Predicate = (trunc_ln15_2)> <Delay = 0.00> <CoreInst = "LogicGate">   --->   Core 74 'LogicGate' <Latency = 0> <II = 1> <Delay = 0.33> <FuncUnit> <Opcode : 'and' 'or' 'xor'> <InPorts = 2> <OutPorts = 1>
ST_32 : Operation 554 [1/1] (0.00ns) (grouped into LUT with out node or_ln21_3)   --->   "%and_ln21_11 = and i1 %tmp_119, i1 %xor_ln21_9" [top.cpp:21]   --->   Operation 554 'and' 'and_ln21_11' <Predicate = (trunc_ln15_2)> <Delay = 0.00> <CoreInst = "LogicGate">   --->   Core 74 'LogicGate' <Latency = 0> <II = 1> <Delay = 0.33> <FuncUnit> <Opcode : 'and' 'or' 'xor'> <InPorts = 2> <OutPorts = 1>
ST_32 : Operation 555 [1/1] (0.00ns) (grouped into LUT with out node out_verts_y_1)   --->   "%select_ln21_6 = select i1 %and_ln21_9, i32 2147483647, i32 2147483648" [top.cpp:21]   --->   Operation 555 'select' 'select_ln21_6' <Predicate = (trunc_ln15_2)> <Delay = 0.00> <CoreInst = "Sel">   --->   Core 73 'Sel' <Latency = 0> <II = 1> <Delay = 0.52> <FuncUnit> <Opcode : 'select'> <InPorts = 3> <OutPorts = 1>
ST_32 : Operation 556 [1/1] (0.33ns) (out node of the LUT)   --->   "%or_ln21_3 = or i1 %and_ln21_9, i1 %and_ln21_11" [top.cpp:21]   --->   Operation 556 'or' 'or_ln21_3' <Predicate = (trunc_ln15_2)> <Delay = 0.33> <CoreInst = "LogicGate">   --->   Core 74 'LogicGate' <Latency = 0> <II = 1> <Delay = 0.33> <FuncUnit> <Opcode : 'and' 'or' 'xor'> <InPorts = 2> <OutPorts = 1>
ST_32 : Operation 557 [1/1] (0.52ns) (out node of the LUT)   --->   "%out_verts_y_1 = select i1 %or_ln21_3, i32 %select_ln21_6, i32 %add_ln21_7" [top.cpp:21]   --->   Operation 557 'select' 'out_verts_y_1' <Predicate = (trunc_ln15_2)> <Delay = 0.52> <CoreInst = "Sel">   --->   Core 73 'Sel' <Latency = 0> <II = 1> <Delay = 0.52> <FuncUnit> <Opcode : 'select'> <InPorts = 3> <OutPorts = 1>
ST_32 : Operation 558 [1/1] (3.88ns)   --->   "%mul_ln22_4 = mul i64 %sext_ln20_9, i64 %conv7_i726_i_cast" [top.cpp:22]   --->   Operation 558 'mul' 'mul_ln22_4' <Predicate = (trunc_ln15_2)> <Delay = 3.88> <CoreInst = "Multiplier">   --->   Core 3 'Multiplier' <Latency = 0> <II = 1> <Delay = 3.88> <FuncUnit> <Opcode : 'mul'> <InPorts = 2> <OutPorts = 1>
ST_32 : Operation 559 [1/1] (3.88ns)   --->   "%mul_ln22_5 = mul i64 %sext_ln20_10, i64 %conv7_i687_i_cast" [top.cpp:22]   --->   Operation 559 'mul' 'mul_ln22_5' <Predicate = (trunc_ln15_2)> <Delay = 3.88> <CoreInst = "Multiplier">   --->   Core 3 'Multiplier' <Latency = 0> <II = 1> <Delay = 3.88> <FuncUnit> <Opcode : 'mul'> <InPorts = 2> <OutPorts = 1>
ST_32 : Operation 560 [1/1] (0.00ns)   --->   "%sext_ln22_5 = sext i64 %mul_ln22_4" [top.cpp:22]   --->   Operation 560 'sext' 'sext_ln22_5' <Predicate = (trunc_ln15_2)> <Delay = 0.00>
ST_32 : Operation 561 [1/1] (0.00ns)   --->   "%sext_ln22_6 = sext i64 %mul_ln22_5" [top.cpp:22]   --->   Operation 561 'sext' 'sext_ln22_6' <Predicate = (trunc_ln15_2)> <Delay = 0.00>
ST_32 : Operation 562 [1/1] (3.88ns)   --->   "%mul_ln22_6 = mul i64 %sext_ln20_13, i64 %conv7_i598_i_cast" [top.cpp:22]   --->   Operation 562 'mul' 'mul_ln22_6' <Predicate = (trunc_ln15_2)> <Delay = 3.88> <CoreInst = "Multiplier">   --->   Core 3 'Multiplier' <Latency = 0> <II = 1> <Delay = 3.88> <FuncUnit> <Opcode : 'mul'> <InPorts = 2> <OutPorts = 1>
ST_32 : Operation 563 [1/1] (0.00ns)   --->   "%sext_ln22_7 = sext i64 %mul_ln22_6" [top.cpp:22]   --->   Operation 563 'sext' 'sext_ln22_7' <Predicate = (trunc_ln15_2)> <Delay = 0.00>
ST_32 : Operation 564 [1/1] (0.00ns) (grouped into TernaryAdder)   --->   "%add_ln22_4 = add i65 %sext_ln22_6, i65 %sext_ln22_7" [top.cpp:22]   --->   Operation 564 'add' 'add_ln22_4' <Predicate = (trunc_ln15_2)> <Delay = 0.00> <CoreInst = "TAddSub">   --->   Core 10 'TAddSub' <Latency = 0> <II = 1> <Delay = 0.50> <IPBlock> <Opcode : 'add' 'sub'> <InPorts = 3> <OutPorts = 1> <Sync> <CReg>
ST_32 : Operation 565 [1/1] (1.01ns) (root node of TernaryAdder)   --->   "%add_ln22_5 = add i65 %add_ln22_4, i65 %sext_ln22_5" [top.cpp:22]   --->   Operation 565 'add' 'add_ln22_5' <Predicate = (trunc_ln15_2)> <Delay = 1.01> <CoreInst = "TAddSub">   --->   Core 10 'TAddSub' <Latency = 0> <II = 1> <Delay = 0.50> <IPBlock> <Opcode : 'add' 'sub'> <InPorts = 3> <OutPorts = 1> <Sync> <CReg>
ST_32 : Operation 566 [1/1] ( I:1.35ns O:1.35ns )   --->   "%store_ln27 = store i32 %out_verts_y_1, i7 %clip_tris_v1_y_addr" [top.cpp:27]   --->   Operation 566 'store' 'store_ln27' <Predicate = (trunc_ln15_2)> <Delay = 1.35> <CoreInst = "RAM">   --->   Core 82 'RAM' <Latency = 1> <II = 1> <Delay = 1.35> <Storage> <Opcode : 'load' 'store'> <Ports = 2> <Width = 32> <Depth = 128> <RAM>

State 33 <SV = 32> <Delay = 7.21>
ST_33 : Operation 567 [1/1] (3.88ns)   --->   "%mul_ln22_7 = mul i64 %sext_ln20_15, i64 %conv7_i509_i_cast" [top.cpp:22]   --->   Operation 567 'mul' 'mul_ln22_7' <Predicate = (trunc_ln15_2)> <Delay = 3.88> <CoreInst = "Multiplier">   --->   Core 3 'Multiplier' <Latency = 0> <II = 1> <Delay = 3.88> <FuncUnit> <Opcode : 'mul'> <InPorts = 2> <OutPorts = 1>
ST_33 : Operation 568 [1/1] (0.00ns)   --->   "%sext_ln22_8 = sext i65 %add_ln22_5" [top.cpp:22]   --->   Operation 568 'sext' 'sext_ln22_8' <Predicate = (trunc_ln15_2)> <Delay = 0.00>
ST_33 : Operation 569 [1/1] (0.00ns)   --->   "%sext_ln22_9 = sext i64 %mul_ln22_7" [top.cpp:22]   --->   Operation 569 'sext' 'sext_ln22_9' <Predicate = (trunc_ln15_2)> <Delay = 0.00>
ST_33 : Operation 570 [1/1] (1.47ns)   --->   "%add_ln22_6 = add i66 %sext_ln22_8, i66 %sext_ln22_9" [top.cpp:22]   --->   Operation 570 'add' 'add_ln22_6' <Predicate = (trunc_ln15_2)> <Delay = 1.47> <CoreInst = "Adder">   --->   Core 1 'Adder' <Latency = 0> <II = 1> <Delay = 1.47> <FuncUnit> <Opcode : 'add' 'sub'> <InPorts = 2> <OutPorts = 1>
ST_33 : Operation 571 [1/1] (0.00ns)   --->   "%tmp_124 = bitselect i1 @_ssdm_op_BitSelect.i1.i66.i32, i66 %add_ln22_6, i32 65" [top.cpp:22]   --->   Operation 571 'bitselect' 'tmp_124' <Predicate = (trunc_ln15_2)> <Delay = 0.00>
ST_33 : Operation 572 [1/1] (0.00ns)   --->   "%trunc_ln22_3 = partselect i32 @_ssdm_op_PartSelect.i32.i66.i32.i32, i66 %add_ln22_6, i32 16, i32 47" [top.cpp:22]   --->   Operation 572 'partselect' 'trunc_ln22_3' <Predicate = (trunc_ln15_2)> <Delay = 0.00>
ST_33 : Operation 573 [1/1] (0.00ns)   --->   "%tmp_125 = bitselect i1 @_ssdm_op_BitSelect.i1.i66.i32, i66 %add_ln22_6, i32 15" [top.cpp:22]   --->   Operation 573 'bitselect' 'tmp_125' <Predicate = (trunc_ln15_2)> <Delay = 0.00>
ST_33 : Operation 574 [1/1] (0.00ns) (grouped into LUT with out node and_ln22_6)   --->   "%tmp_126 = bitselect i1 @_ssdm_op_BitSelect.i1.i66.i32, i66 %add_ln22_6, i32 47" [top.cpp:22]   --->   Operation 574 'bitselect' 'tmp_126' <Predicate = (trunc_ln15_2)> <Delay = 0.00>
ST_33 : Operation 575 [1/1] (0.00ns)   --->   "%zext_ln22_1 = zext i1 %tmp_125" [top.cpp:22]   --->   Operation 575 'zext' 'zext_ln22_1' <Predicate = (trunc_ln15_2)> <Delay = 0.00>
ST_33 : Operation 576 [1/1] (1.20ns)   --->   "%add_ln22_7 = add i32 %trunc_ln22_3, i32 %zext_ln22_1" [top.cpp:22]   --->   Operation 576 'add' 'add_ln22_7' <Predicate = (trunc_ln15_2)> <Delay = 1.20> <CoreInst = "Adder">   --->   Core 1 'Adder' <Latency = 0> <II = 1> <Delay = 1.20> <FuncUnit> <Opcode : 'add' 'sub'> <InPorts = 2> <OutPorts = 1>
ST_33 : Operation 577 [1/1] (0.00ns)   --->   "%tmp_127 = bitselect i1 @_ssdm_op_BitSelect.i1.i32.i32, i32 %add_ln22_7, i32 31" [top.cpp:22]   --->   Operation 577 'bitselect' 'tmp_127' <Predicate = (trunc_ln15_2)> <Delay = 0.00>
ST_33 : Operation 578 [1/1] (0.00ns) (grouped into LUT with out node and_ln22_6)   --->   "%xor_ln22_5 = xor i1 %tmp_127, i1 1" [top.cpp:22]   --->   Operation 578 'xor' 'xor_ln22_5' <Predicate = (trunc_ln15_2)> <Delay = 0.00> <CoreInst = "LogicGate">   --->   Core 74 'LogicGate' <Latency = 0> <II = 1> <Delay = 0.33> <FuncUnit> <Opcode : 'and' 'or' 'xor'> <InPorts = 2> <OutPorts = 1>
ST_33 : Operation 579 [1/1] (0.33ns) (out node of the LUT)   --->   "%and_ln22_6 = and i1 %tmp_126, i1 %xor_ln22_5" [top.cpp:22]   --->   Operation 579 'and' 'and_ln22_6' <Predicate = (trunc_ln15_2)> <Delay = 0.33> <CoreInst = "LogicGate">   --->   Core 74 'LogicGate' <Latency = 0> <II = 1> <Delay = 0.33> <FuncUnit> <Opcode : 'and' 'or' 'xor'> <InPorts = 2> <OutPorts = 1>
ST_33 : Operation 580 [1/1] (0.00ns) (grouped into LUT with out node and_ln22_10)   --->   "%tmp_128 = bitselect i1 @_ssdm_op_BitSelect.i1.i66.i32, i66 %add_ln22_6, i32 48" [top.cpp:22]   --->   Operation 580 'bitselect' 'tmp_128' <Predicate = (trunc_ln15_2)> <Delay = 0.00>
ST_33 : Operation 581 [1/1] (0.00ns)   --->   "%tmp_25 = partselect i17 @_ssdm_op_PartSelect.i17.i66.i32.i32, i66 %add_ln22_6, i32 49, i32 65" [top.cpp:22]   --->   Operation 581 'partselect' 'tmp_25' <Predicate = (trunc_ln15_2)> <Delay = 0.00>
ST_33 : Operation 582 [1/1] (1.02ns)   --->   "%icmp_ln22_3 = icmp_eq  i17 %tmp_25, i17 131071" [top.cpp:22]   --->   Operation 582 'icmp' 'icmp_ln22_3' <Predicate = (trunc_ln15_2)> <Delay = 1.02> <CoreInst = "Cmp">   --->   Core 9 'Cmp' <Latency = 0> <II = 1> <Delay = 1.02> <FuncUnit> <Opcode : 'seteq' 'setne' 'setle' 'setge' 'setlt' 'setgt'> <InPorts = 2> <OutPorts = 1>
ST_33 : Operation 583 [1/1] (0.00ns)   --->   "%tmp_26 = partselect i18 @_ssdm_op_PartSelect.i18.i66.i32.i32, i66 %add_ln22_6, i32 48, i32 65" [top.cpp:22]   --->   Operation 583 'partselect' 'tmp_26' <Predicate = (trunc_ln15_2)> <Delay = 0.00>
ST_33 : Operation 584 [1/1] (1.03ns)   --->   "%icmp_ln22_4 = icmp_eq  i18 %tmp_26, i18 262143" [top.cpp:22]   --->   Operation 584 'icmp' 'icmp_ln22_4' <Predicate = (trunc_ln15_2)> <Delay = 1.03> <CoreInst = "Cmp">   --->   Core 9 'Cmp' <Latency = 0> <II = 1> <Delay = 1.03> <FuncUnit> <Opcode : 'seteq' 'setne' 'setle' 'setge' 'setlt' 'setgt'> <InPorts = 2> <OutPorts = 1>
ST_33 : Operation 585 [1/1] (1.03ns)   --->   "%icmp_ln22_5 = icmp_eq  i18 %tmp_26, i18 0" [top.cpp:22]   --->   Operation 585 'icmp' 'icmp_ln22_5' <Predicate = (trunc_ln15_2)> <Delay = 1.03> <CoreInst = "Cmp">   --->   Core 9 'Cmp' <Latency = 0> <II = 1> <Delay = 1.03> <FuncUnit> <Opcode : 'seteq' 'setne' 'setle' 'setge' 'setlt' 'setgt'> <InPorts = 2> <OutPorts = 1>
ST_33 : Operation 586 [1/1] (0.00ns) (grouped into LUT with out node and_ln22_9)   --->   "%select_ln22_4 = select i1 %and_ln22_6, i1 %icmp_ln22_4, i1 %icmp_ln22_5" [top.cpp:22]   --->   Operation 586 'select' 'select_ln22_4' <Predicate = (trunc_ln15_2)> <Delay = 0.00> <CoreInst = "Sel">   --->   Core 73 'Sel' <Latency = 0> <II = 1> <Delay = 0.26> <FuncUnit> <Opcode : 'select'> <InPorts = 3> <OutPorts = 1>
ST_33 : Operation 587 [1/1] (0.00ns) (grouped into LUT with out node and_ln22_10)   --->   "%xor_ln22_6 = xor i1 %tmp_128, i1 1" [top.cpp:22]   --->   Operation 587 'xor' 'xor_ln22_6' <Predicate = (trunc_ln15_2)> <Delay = 0.00> <CoreInst = "LogicGate">   --->   Core 74 'LogicGate' <Latency = 0> <II = 1> <Delay = 0.33> <FuncUnit> <Opcode : 'and' 'or' 'xor'> <InPorts = 2> <OutPorts = 1>
ST_33 : Operation 588 [1/1] (0.00ns) (grouped into LUT with out node and_ln22_10)   --->   "%and_ln22_7 = and i1 %icmp_ln22_3, i1 %xor_ln22_6" [top.cpp:22]   --->   Operation 588 'and' 'and_ln22_7' <Predicate = (trunc_ln15_2)> <Delay = 0.00> <CoreInst = "LogicGate">   --->   Core 74 'LogicGate' <Latency = 0> <II = 1> <Delay = 0.33> <FuncUnit> <Opcode : 'and' 'or' 'xor'> <InPorts = 2> <OutPorts = 1>
ST_33 : Operation 589 [1/1] (0.00ns) (grouped into LUT with out node and_ln22_10)   --->   "%select_ln22_5 = select i1 %and_ln22_6, i1 %and_ln22_7, i1 %icmp_ln22_4" [top.cpp:22]   --->   Operation 589 'select' 'select_ln22_5' <Predicate = (trunc_ln15_2)> <Delay = 0.00> <CoreInst = "Sel">   --->   Core 73 'Sel' <Latency = 0> <II = 1> <Delay = 0.26> <FuncUnit> <Opcode : 'select'> <InPorts = 3> <OutPorts = 1>
ST_33 : Operation 590 [1/1] (0.00ns) (grouped into LUT with out node and_ln22_9)   --->   "%xor_ln22_7 = xor i1 %select_ln22_4, i1 1" [top.cpp:22]   --->   Operation 590 'xor' 'xor_ln22_7' <Predicate = (trunc_ln15_2)> <Delay = 0.00> <CoreInst = "LogicGate">   --->   Core 74 'LogicGate' <Latency = 0> <II = 1> <Delay = 0.33> <FuncUnit> <Opcode : 'and' 'or' 'xor'> <InPorts = 2> <OutPorts = 1>
ST_33 : Operation 591 [1/1] (0.00ns) (grouped into LUT with out node and_ln22_9)   --->   "%or_ln22_2 = or i1 %tmp_127, i1 %xor_ln22_7" [top.cpp:22]   --->   Operation 591 'or' 'or_ln22_2' <Predicate = (trunc_ln15_2)> <Delay = 0.00> <CoreInst = "LogicGate">   --->   Core 74 'LogicGate' <Latency = 0> <II = 1> <Delay = 0.33> <FuncUnit> <Opcode : 'and' 'or' 'xor'> <InPorts = 2> <OutPorts = 1>
ST_33 : Operation 592 [1/1] (0.00ns) (grouped into LUT with out node and_ln22_9)   --->   "%xor_ln22_8 = xor i1 %tmp_124, i1 1" [top.cpp:22]   --->   Operation 592 'xor' 'xor_ln22_8' <Predicate = (trunc_ln15_2)> <Delay = 0.00> <CoreInst = "LogicGate">   --->   Core 74 'LogicGate' <Latency = 0> <II = 1> <Delay = 0.33> <FuncUnit> <Opcode : 'and' 'or' 'xor'> <InPorts = 2> <OutPorts = 1>
ST_33 : Operation 593 [1/1] (0.33ns) (out node of the LUT)   --->   "%and_ln22_9 = and i1 %or_ln22_2, i1 %xor_ln22_8" [top.cpp:22]   --->   Operation 593 'and' 'and_ln22_9' <Predicate = (trunc_ln15_2)> <Delay = 0.33> <CoreInst = "LogicGate">   --->   Core 74 'LogicGate' <Latency = 0> <II = 1> <Delay = 0.33> <FuncUnit> <Opcode : 'and' 'or' 'xor'> <InPorts = 2> <OutPorts = 1>
ST_33 : Operation 594 [1/1] (0.33ns) (out node of the LUT)   --->   "%and_ln22_10 = and i1 %tmp_127, i1 %select_ln22_5" [top.cpp:22]   --->   Operation 594 'and' 'and_ln22_10' <Predicate = (trunc_ln15_2)> <Delay = 0.33> <CoreInst = "LogicGate">   --->   Core 74 'LogicGate' <Latency = 0> <II = 1> <Delay = 0.33> <FuncUnit> <Opcode : 'and' 'or' 'xor'> <InPorts = 2> <OutPorts = 1>
ST_33 : Operation 595 [1/1] (3.88ns)   --->   "%mul_ln23_4 = mul i64 %sext_ln20_9, i64 %conv7_i320_i_cast" [top.cpp:23]   --->   Operation 595 'mul' 'mul_ln23_4' <Predicate = (trunc_ln15_2)> <Delay = 3.88> <CoreInst = "Multiplier">   --->   Core 3 'Multiplier' <Latency = 0> <II = 1> <Delay = 3.88> <FuncUnit> <Opcode : 'mul'> <InPorts = 2> <OutPorts = 1>
ST_33 : Operation 596 [1/1] (3.88ns)   --->   "%mul_ln23_5 = mul i64 %sext_ln20_10, i64 %conv7_i281_i_cast" [top.cpp:23]   --->   Operation 596 'mul' 'mul_ln23_5' <Predicate = (trunc_ln15_2)> <Delay = 3.88> <CoreInst = "Multiplier">   --->   Core 3 'Multiplier' <Latency = 0> <II = 1> <Delay = 3.88> <FuncUnit> <Opcode : 'mul'> <InPorts = 2> <OutPorts = 1>

State 34 <SV = 33> <Delay = 4.89>
ST_34 : Operation 597 [1/1] (0.00ns) (grouped into LUT with out node or_ln22_3)   --->   "%and_ln22_8 = and i1 %and_ln22_6, i1 %icmp_ln22_4" [top.cpp:22]   --->   Operation 597 'and' 'and_ln22_8' <Predicate = (trunc_ln15_2)> <Delay = 0.00> <CoreInst = "LogicGate">   --->   Core 74 'LogicGate' <Latency = 0> <II = 1> <Delay = 0.33> <FuncUnit> <Opcode : 'and' 'or' 'xor'> <InPorts = 2> <OutPorts = 1>
ST_34 : Operation 598 [1/1] (0.00ns) (grouped into LUT with out node or_ln22_3)   --->   "%or_ln22_7 = or i1 %and_ln22_8, i1 %and_ln22_10" [top.cpp:22]   --->   Operation 598 'or' 'or_ln22_7' <Predicate = (trunc_ln15_2)> <Delay = 0.00> <CoreInst = "LogicGate">   --->   Core 74 'LogicGate' <Latency = 0> <II = 1> <Delay = 0.33> <FuncUnit> <Opcode : 'and' 'or' 'xor'> <InPorts = 2> <OutPorts = 1>
ST_34 : Operation 599 [1/1] (0.00ns) (grouped into LUT with out node or_ln22_3)   --->   "%xor_ln22_9 = xor i1 %or_ln22_7, i1 1" [top.cpp:22]   --->   Operation 599 'xor' 'xor_ln22_9' <Predicate = (trunc_ln15_2)> <Delay = 0.00> <CoreInst = "LogicGate">   --->   Core 74 'LogicGate' <Latency = 0> <II = 1> <Delay = 0.33> <FuncUnit> <Opcode : 'and' 'or' 'xor'> <InPorts = 2> <OutPorts = 1>
ST_34 : Operation 600 [1/1] (0.00ns) (grouped into LUT with out node or_ln22_3)   --->   "%and_ln22_11 = and i1 %tmp_124, i1 %xor_ln22_9" [top.cpp:22]   --->   Operation 600 'and' 'and_ln22_11' <Predicate = (trunc_ln15_2)> <Delay = 0.00> <CoreInst = "LogicGate">   --->   Core 74 'LogicGate' <Latency = 0> <II = 1> <Delay = 0.33> <FuncUnit> <Opcode : 'and' 'or' 'xor'> <InPorts = 2> <OutPorts = 1>
ST_34 : Operation 601 [1/1] (0.00ns) (grouped into LUT with out node out_verts_z_1)   --->   "%select_ln22_6 = select i1 %and_ln22_9, i32 2147483647, i32 2147483648" [top.cpp:22]   --->   Operation 601 'select' 'select_ln22_6' <Predicate = (trunc_ln15_2)> <Delay = 0.00> <CoreInst = "Sel">   --->   Core 73 'Sel' <Latency = 0> <II = 1> <Delay = 0.52> <FuncUnit> <Opcode : 'select'> <InPorts = 3> <OutPorts = 1>
ST_34 : Operation 602 [1/1] (0.33ns) (out node of the LUT)   --->   "%or_ln22_3 = or i1 %and_ln22_9, i1 %and_ln22_11" [top.cpp:22]   --->   Operation 602 'or' 'or_ln22_3' <Predicate = (trunc_ln15_2)> <Delay = 0.33> <CoreInst = "LogicGate">   --->   Core 74 'LogicGate' <Latency = 0> <II = 1> <Delay = 0.33> <FuncUnit> <Opcode : 'and' 'or' 'xor'> <InPorts = 2> <OutPorts = 1>
ST_34 : Operation 603 [1/1] (0.52ns) (out node of the LUT)   --->   "%out_verts_z_1 = select i1 %or_ln22_3, i32 %select_ln22_6, i32 %add_ln22_7" [top.cpp:22]   --->   Operation 603 'select' 'out_verts_z_1' <Predicate = (trunc_ln15_2)> <Delay = 0.52> <CoreInst = "Sel">   --->   Core 73 'Sel' <Latency = 0> <II = 1> <Delay = 0.52> <FuncUnit> <Opcode : 'select'> <InPorts = 3> <OutPorts = 1>
ST_34 : Operation 604 [1/1] (0.00ns)   --->   "%sext_ln23_5 = sext i64 %mul_ln23_4" [top.cpp:23]   --->   Operation 604 'sext' 'sext_ln23_5' <Predicate = (trunc_ln15_2)> <Delay = 0.00>
ST_34 : Operation 605 [1/1] (0.00ns)   --->   "%sext_ln23_6 = sext i64 %mul_ln23_5" [top.cpp:23]   --->   Operation 605 'sext' 'sext_ln23_6' <Predicate = (trunc_ln15_2)> <Delay = 0.00>
ST_34 : Operation 606 [1/1] (3.88ns)   --->   "%mul_ln23_6 = mul i64 %sext_ln20_13, i64 %conv7_i195_i_cast" [top.cpp:23]   --->   Operation 606 'mul' 'mul_ln23_6' <Predicate = (trunc_ln15_2)> <Delay = 3.88> <CoreInst = "Multiplier">   --->   Core 3 'Multiplier' <Latency = 0> <II = 1> <Delay = 3.88> <FuncUnit> <Opcode : 'mul'> <InPorts = 2> <OutPorts = 1>
ST_34 : Operation 607 [1/1] (0.00ns)   --->   "%sext_ln23_7 = sext i64 %mul_ln23_6" [top.cpp:23]   --->   Operation 607 'sext' 'sext_ln23_7' <Predicate = (trunc_ln15_2)> <Delay = 0.00>
ST_34 : Operation 608 [1/1] (0.00ns) (grouped into TernaryAdder)   --->   "%add_ln23_4 = add i65 %sext_ln23_6, i65 %sext_ln23_7" [top.cpp:23]   --->   Operation 608 'add' 'add_ln23_4' <Predicate = (trunc_ln15_2)> <Delay = 0.00> <CoreInst = "TAddSub">   --->   Core 10 'TAddSub' <Latency = 0> <II = 1> <Delay = 0.50> <IPBlock> <Opcode : 'add' 'sub'> <InPorts = 3> <OutPorts = 1> <Sync> <CReg>
ST_34 : Operation 609 [1/1] (1.01ns) (root node of TernaryAdder)   --->   "%add_ln23_5 = add i65 %add_ln23_4, i65 %sext_ln23_5" [top.cpp:23]   --->   Operation 609 'add' 'add_ln23_5' <Predicate = (trunc_ln15_2)> <Delay = 1.01> <CoreInst = "TAddSub">   --->   Core 10 'TAddSub' <Latency = 0> <II = 1> <Delay = 0.50> <IPBlock> <Opcode : 'add' 'sub'> <InPorts = 3> <OutPorts = 1> <Sync> <CReg>
ST_34 : Operation 610 [1/1] (3.88ns)   --->   "%mul_ln23_7 = mul i64 %sext_ln20_15, i64 %conv7_i109_i_cast" [top.cpp:23]   --->   Operation 610 'mul' 'mul_ln23_7' <Predicate = (trunc_ln15_2)> <Delay = 3.88> <CoreInst = "Multiplier">   --->   Core 3 'Multiplier' <Latency = 0> <II = 1> <Delay = 3.88> <FuncUnit> <Opcode : 'mul'> <InPorts = 2> <OutPorts = 1>
ST_34 : Operation 611 [1/1] (0.00ns)   --->   "%sext_ln20_18 = sext i32 %verts_x_2" [top.cpp:20]   --->   Operation 611 'sext' 'sext_ln20_18' <Predicate = (trunc_ln15_2)> <Delay = 0.00>
ST_34 : Operation 612 [1/1] (3.88ns)   --->   "%mul_ln20_8 = mul i64 %sext_ln20_18, i64 %conv7_i_i_cast" [top.cpp:20]   --->   Operation 612 'mul' 'mul_ln20_8' <Predicate = (trunc_ln15_2)> <Delay = 3.88> <CoreInst = "Multiplier">   --->   Core 3 'Multiplier' <Latency = 0> <II = 1> <Delay = 3.88> <FuncUnit> <Opcode : 'mul'> <InPorts = 2> <OutPorts = 1>
ST_34 : Operation 613 [1/1] ( I:1.35ns O:1.35ns )   --->   "%store_ln27 = store i32 %out_verts_z_1, i7 %clip_tris_v1_z_addr" [top.cpp:27]   --->   Operation 613 'store' 'store_ln27' <Predicate = (trunc_ln15_2)> <Delay = 1.35> <CoreInst = "RAM">   --->   Core 82 'RAM' <Latency = 1> <II = 1> <Delay = 1.35> <Storage> <Opcode : 'load' 'store'> <Ports = 2> <Width = 32> <Depth = 128> <RAM>

State 35 <SV = 34> <Delay = 5.54>
ST_35 : Operation 614 [1/1] (0.00ns)   --->   "%sext_ln23_8 = sext i65 %add_ln23_5" [top.cpp:23]   --->   Operation 614 'sext' 'sext_ln23_8' <Predicate = (trunc_ln15_2)> <Delay = 0.00>
ST_35 : Operation 615 [1/1] (0.00ns)   --->   "%sext_ln23_9 = sext i64 %mul_ln23_7" [top.cpp:23]   --->   Operation 615 'sext' 'sext_ln23_9' <Predicate = (trunc_ln15_2)> <Delay = 0.00>
ST_35 : Operation 616 [1/1] (1.47ns)   --->   "%add_ln23_6 = add i66 %sext_ln23_8, i66 %sext_ln23_9" [top.cpp:23]   --->   Operation 616 'add' 'add_ln23_6' <Predicate = (trunc_ln15_2)> <Delay = 1.47> <CoreInst = "Adder">   --->   Core 1 'Adder' <Latency = 0> <II = 1> <Delay = 1.47> <FuncUnit> <Opcode : 'add' 'sub'> <InPorts = 2> <OutPorts = 1>
ST_35 : Operation 617 [1/1] (0.00ns)   --->   "%tmp_129 = bitselect i1 @_ssdm_op_BitSelect.i1.i66.i32, i66 %add_ln23_6, i32 65" [top.cpp:23]   --->   Operation 617 'bitselect' 'tmp_129' <Predicate = (trunc_ln15_2)> <Delay = 0.00>
ST_35 : Operation 618 [1/1] (0.00ns)   --->   "%trunc_ln23_3 = partselect i32 @_ssdm_op_PartSelect.i32.i66.i32.i32, i66 %add_ln23_6, i32 16, i32 47" [top.cpp:23]   --->   Operation 618 'partselect' 'trunc_ln23_3' <Predicate = (trunc_ln15_2)> <Delay = 0.00>
ST_35 : Operation 619 [1/1] (0.00ns)   --->   "%tmp_130 = bitselect i1 @_ssdm_op_BitSelect.i1.i66.i32, i66 %add_ln23_6, i32 15" [top.cpp:23]   --->   Operation 619 'bitselect' 'tmp_130' <Predicate = (trunc_ln15_2)> <Delay = 0.00>
ST_35 : Operation 620 [1/1] (0.00ns) (grouped into LUT with out node and_ln23_6)   --->   "%tmp_131 = bitselect i1 @_ssdm_op_BitSelect.i1.i66.i32, i66 %add_ln23_6, i32 47" [top.cpp:23]   --->   Operation 620 'bitselect' 'tmp_131' <Predicate = (trunc_ln15_2)> <Delay = 0.00>
ST_35 : Operation 621 [1/1] (0.00ns)   --->   "%zext_ln23_1 = zext i1 %tmp_130" [top.cpp:23]   --->   Operation 621 'zext' 'zext_ln23_1' <Predicate = (trunc_ln15_2)> <Delay = 0.00>
ST_35 : Operation 622 [1/1] (1.20ns)   --->   "%add_ln23_7 = add i32 %trunc_ln23_3, i32 %zext_ln23_1" [top.cpp:23]   --->   Operation 622 'add' 'add_ln23_7' <Predicate = (trunc_ln15_2)> <Delay = 1.20> <CoreInst = "Adder">   --->   Core 1 'Adder' <Latency = 0> <II = 1> <Delay = 1.20> <FuncUnit> <Opcode : 'add' 'sub'> <InPorts = 2> <OutPorts = 1>
ST_35 : Operation 623 [1/1] (0.00ns)   --->   "%tmp_132 = bitselect i1 @_ssdm_op_BitSelect.i1.i32.i32, i32 %add_ln23_7, i32 31" [top.cpp:23]   --->   Operation 623 'bitselect' 'tmp_132' <Predicate = (trunc_ln15_2)> <Delay = 0.00>
ST_35 : Operation 624 [1/1] (0.00ns) (grouped into LUT with out node and_ln23_6)   --->   "%xor_ln23_5 = xor i1 %tmp_132, i1 1" [top.cpp:23]   --->   Operation 624 'xor' 'xor_ln23_5' <Predicate = (trunc_ln15_2)> <Delay = 0.00> <CoreInst = "LogicGate">   --->   Core 74 'LogicGate' <Latency = 0> <II = 1> <Delay = 0.33> <FuncUnit> <Opcode : 'and' 'or' 'xor'> <InPorts = 2> <OutPorts = 1>
ST_35 : Operation 625 [1/1] (0.33ns) (out node of the LUT)   --->   "%and_ln23_6 = and i1 %tmp_131, i1 %xor_ln23_5" [top.cpp:23]   --->   Operation 625 'and' 'and_ln23_6' <Predicate = (trunc_ln15_2)> <Delay = 0.33> <CoreInst = "LogicGate">   --->   Core 74 'LogicGate' <Latency = 0> <II = 1> <Delay = 0.33> <FuncUnit> <Opcode : 'and' 'or' 'xor'> <InPorts = 2> <OutPorts = 1>
ST_35 : Operation 626 [1/1] (0.00ns) (grouped into LUT with out node and_ln23_10)   --->   "%tmp_133 = bitselect i1 @_ssdm_op_BitSelect.i1.i66.i32, i66 %add_ln23_6, i32 48" [top.cpp:23]   --->   Operation 626 'bitselect' 'tmp_133' <Predicate = (trunc_ln15_2)> <Delay = 0.00>
ST_35 : Operation 627 [1/1] (0.00ns)   --->   "%tmp_27 = partselect i17 @_ssdm_op_PartSelect.i17.i66.i32.i32, i66 %add_ln23_6, i32 49, i32 65" [top.cpp:23]   --->   Operation 627 'partselect' 'tmp_27' <Predicate = (trunc_ln15_2)> <Delay = 0.00>
ST_35 : Operation 628 [1/1] (1.02ns)   --->   "%icmp_ln23_3 = icmp_eq  i17 %tmp_27, i17 131071" [top.cpp:23]   --->   Operation 628 'icmp' 'icmp_ln23_3' <Predicate = (trunc_ln15_2)> <Delay = 1.02> <CoreInst = "Cmp">   --->   Core 9 'Cmp' <Latency = 0> <II = 1> <Delay = 1.02> <FuncUnit> <Opcode : 'seteq' 'setne' 'setle' 'setge' 'setlt' 'setgt'> <InPorts = 2> <OutPorts = 1>
ST_35 : Operation 629 [1/1] (0.00ns)   --->   "%tmp_28 = partselect i18 @_ssdm_op_PartSelect.i18.i66.i32.i32, i66 %add_ln23_6, i32 48, i32 65" [top.cpp:23]   --->   Operation 629 'partselect' 'tmp_28' <Predicate = (trunc_ln15_2)> <Delay = 0.00>
ST_35 : Operation 630 [1/1] (1.03ns)   --->   "%icmp_ln23_4 = icmp_eq  i18 %tmp_28, i18 262143" [top.cpp:23]   --->   Operation 630 'icmp' 'icmp_ln23_4' <Predicate = (trunc_ln15_2)> <Delay = 1.03> <CoreInst = "Cmp">   --->   Core 9 'Cmp' <Latency = 0> <II = 1> <Delay = 1.03> <FuncUnit> <Opcode : 'seteq' 'setne' 'setle' 'setge' 'setlt' 'setgt'> <InPorts = 2> <OutPorts = 1>
ST_35 : Operation 631 [1/1] (1.03ns)   --->   "%icmp_ln23_5 = icmp_eq  i18 %tmp_28, i18 0" [top.cpp:23]   --->   Operation 631 'icmp' 'icmp_ln23_5' <Predicate = (trunc_ln15_2)> <Delay = 1.03> <CoreInst = "Cmp">   --->   Core 9 'Cmp' <Latency = 0> <II = 1> <Delay = 1.03> <FuncUnit> <Opcode : 'seteq' 'setne' 'setle' 'setge' 'setlt' 'setgt'> <InPorts = 2> <OutPorts = 1>
ST_35 : Operation 632 [1/1] (0.00ns) (grouped into LUT with out node and_ln23_9)   --->   "%select_ln23_4 = select i1 %and_ln23_6, i1 %icmp_ln23_4, i1 %icmp_ln23_5" [top.cpp:23]   --->   Operation 632 'select' 'select_ln23_4' <Predicate = (trunc_ln15_2)> <Delay = 0.00> <CoreInst = "Sel">   --->   Core 73 'Sel' <Latency = 0> <II = 1> <Delay = 0.26> <FuncUnit> <Opcode : 'select'> <InPorts = 3> <OutPorts = 1>
ST_35 : Operation 633 [1/1] (0.00ns) (grouped into LUT with out node and_ln23_10)   --->   "%xor_ln23_6 = xor i1 %tmp_133, i1 1" [top.cpp:23]   --->   Operation 633 'xor' 'xor_ln23_6' <Predicate = (trunc_ln15_2)> <Delay = 0.00> <CoreInst = "LogicGate">   --->   Core 74 'LogicGate' <Latency = 0> <II = 1> <Delay = 0.33> <FuncUnit> <Opcode : 'and' 'or' 'xor'> <InPorts = 2> <OutPorts = 1>
ST_35 : Operation 634 [1/1] (0.00ns) (grouped into LUT with out node and_ln23_10)   --->   "%and_ln23_7 = and i1 %icmp_ln23_3, i1 %xor_ln23_6" [top.cpp:23]   --->   Operation 634 'and' 'and_ln23_7' <Predicate = (trunc_ln15_2)> <Delay = 0.00> <CoreInst = "LogicGate">   --->   Core 74 'LogicGate' <Latency = 0> <II = 1> <Delay = 0.33> <FuncUnit> <Opcode : 'and' 'or' 'xor'> <InPorts = 2> <OutPorts = 1>
ST_35 : Operation 635 [1/1] (0.00ns) (grouped into LUT with out node and_ln23_10)   --->   "%select_ln23_5 = select i1 %and_ln23_6, i1 %and_ln23_7, i1 %icmp_ln23_4" [top.cpp:23]   --->   Operation 635 'select' 'select_ln23_5' <Predicate = (trunc_ln15_2)> <Delay = 0.00> <CoreInst = "Sel">   --->   Core 73 'Sel' <Latency = 0> <II = 1> <Delay = 0.26> <FuncUnit> <Opcode : 'select'> <InPorts = 3> <OutPorts = 1>
ST_35 : Operation 636 [1/1] (0.00ns) (grouped into LUT with out node or_ln23_3)   --->   "%and_ln23_8 = and i1 %and_ln23_6, i1 %icmp_ln23_4" [top.cpp:23]   --->   Operation 636 'and' 'and_ln23_8' <Predicate = (trunc_ln15_2)> <Delay = 0.00> <CoreInst = "LogicGate">   --->   Core 74 'LogicGate' <Latency = 0> <II = 1> <Delay = 0.33> <FuncUnit> <Opcode : 'and' 'or' 'xor'> <InPorts = 2> <OutPorts = 1>
ST_35 : Operation 637 [1/1] (0.00ns) (grouped into LUT with out node and_ln23_9)   --->   "%xor_ln23_7 = xor i1 %select_ln23_4, i1 1" [top.cpp:23]   --->   Operation 637 'xor' 'xor_ln23_7' <Predicate = (trunc_ln15_2)> <Delay = 0.00> <CoreInst = "LogicGate">   --->   Core 74 'LogicGate' <Latency = 0> <II = 1> <Delay = 0.33> <FuncUnit> <Opcode : 'and' 'or' 'xor'> <InPorts = 2> <OutPorts = 1>
ST_35 : Operation 638 [1/1] (0.00ns) (grouped into LUT with out node and_ln23_9)   --->   "%or_ln23_2 = or i1 %tmp_132, i1 %xor_ln23_7" [top.cpp:23]   --->   Operation 638 'or' 'or_ln23_2' <Predicate = (trunc_ln15_2)> <Delay = 0.00> <CoreInst = "LogicGate">   --->   Core 74 'LogicGate' <Latency = 0> <II = 1> <Delay = 0.33> <FuncUnit> <Opcode : 'and' 'or' 'xor'> <InPorts = 2> <OutPorts = 1>
ST_35 : Operation 639 [1/1] (0.00ns) (grouped into LUT with out node and_ln23_9)   --->   "%xor_ln23_8 = xor i1 %tmp_129, i1 1" [top.cpp:23]   --->   Operation 639 'xor' 'xor_ln23_8' <Predicate = (trunc_ln15_2)> <Delay = 0.00> <CoreInst = "LogicGate">   --->   Core 74 'LogicGate' <Latency = 0> <II = 1> <Delay = 0.33> <FuncUnit> <Opcode : 'and' 'or' 'xor'> <InPorts = 2> <OutPorts = 1>
ST_35 : Operation 640 [1/1] (0.33ns) (out node of the LUT)   --->   "%and_ln23_9 = and i1 %or_ln23_2, i1 %xor_ln23_8" [top.cpp:23]   --->   Operation 640 'and' 'and_ln23_9' <Predicate = (trunc_ln15_2)> <Delay = 0.33> <CoreInst = "LogicGate">   --->   Core 74 'LogicGate' <Latency = 0> <II = 1> <Delay = 0.33> <FuncUnit> <Opcode : 'and' 'or' 'xor'> <InPorts = 2> <OutPorts = 1>
ST_35 : Operation 641 [1/1] (0.33ns) (out node of the LUT)   --->   "%and_ln23_10 = and i1 %tmp_132, i1 %select_ln23_5" [top.cpp:23]   --->   Operation 641 'and' 'and_ln23_10' <Predicate = (trunc_ln15_2)> <Delay = 0.33> <CoreInst = "LogicGate">   --->   Core 74 'LogicGate' <Latency = 0> <II = 1> <Delay = 0.33> <FuncUnit> <Opcode : 'and' 'or' 'xor'> <InPorts = 2> <OutPorts = 1>
ST_35 : Operation 642 [1/1] (0.00ns) (grouped into LUT with out node or_ln23_3)   --->   "%or_ln23_7 = or i1 %and_ln23_8, i1 %and_ln23_10" [top.cpp:23]   --->   Operation 642 'or' 'or_ln23_7' <Predicate = (trunc_ln15_2)> <Delay = 0.00> <CoreInst = "LogicGate">   --->   Core 74 'LogicGate' <Latency = 0> <II = 1> <Delay = 0.33> <FuncUnit> <Opcode : 'and' 'or' 'xor'> <InPorts = 2> <OutPorts = 1>
ST_35 : Operation 643 [1/1] (0.00ns) (grouped into LUT with out node or_ln23_3)   --->   "%xor_ln23_9 = xor i1 %or_ln23_7, i1 1" [top.cpp:23]   --->   Operation 643 'xor' 'xor_ln23_9' <Predicate = (trunc_ln15_2)> <Delay = 0.00> <CoreInst = "LogicGate">   --->   Core 74 'LogicGate' <Latency = 0> <II = 1> <Delay = 0.33> <FuncUnit> <Opcode : 'and' 'or' 'xor'> <InPorts = 2> <OutPorts = 1>
ST_35 : Operation 644 [1/1] (0.00ns) (grouped into LUT with out node or_ln23_3)   --->   "%and_ln23_11 = and i1 %tmp_129, i1 %xor_ln23_9" [top.cpp:23]   --->   Operation 644 'and' 'and_ln23_11' <Predicate = (trunc_ln15_2)> <Delay = 0.00> <CoreInst = "LogicGate">   --->   Core 74 'LogicGate' <Latency = 0> <II = 1> <Delay = 0.33> <FuncUnit> <Opcode : 'and' 'or' 'xor'> <InPorts = 2> <OutPorts = 1>
ST_35 : Operation 645 [1/1] (0.00ns) (grouped into LUT with out node out_verts_w_1)   --->   "%select_ln23_6 = select i1 %and_ln23_9, i32 2147483647, i32 2147483648" [top.cpp:23]   --->   Operation 645 'select' 'select_ln23_6' <Predicate = (trunc_ln15_2)> <Delay = 0.00> <CoreInst = "Sel">   --->   Core 73 'Sel' <Latency = 0> <II = 1> <Delay = 0.52> <FuncUnit> <Opcode : 'select'> <InPorts = 3> <OutPorts = 1>
ST_35 : Operation 646 [1/1] (0.33ns) (out node of the LUT)   --->   "%or_ln23_3 = or i1 %and_ln23_9, i1 %and_ln23_11" [top.cpp:23]   --->   Operation 646 'or' 'or_ln23_3' <Predicate = (trunc_ln15_2)> <Delay = 0.33> <CoreInst = "LogicGate">   --->   Core 74 'LogicGate' <Latency = 0> <II = 1> <Delay = 0.33> <FuncUnit> <Opcode : 'and' 'or' 'xor'> <InPorts = 2> <OutPorts = 1>
ST_35 : Operation 647 [1/1] (0.52ns) (out node of the LUT)   --->   "%out_verts_w_1 = select i1 %or_ln23_3, i32 %select_ln23_6, i32 %add_ln23_7" [top.cpp:23]   --->   Operation 647 'select' 'out_verts_w_1' <Predicate = (trunc_ln15_2)> <Delay = 0.52> <CoreInst = "Sel">   --->   Core 73 'Sel' <Latency = 0> <II = 1> <Delay = 0.52> <FuncUnit> <Opcode : 'select'> <InPorts = 3> <OutPorts = 1>
ST_35 : Operation 648 [1/1] (0.00ns)   --->   "%sext_ln20_19 = sext i32 %verts_y_2" [top.cpp:20]   --->   Operation 648 'sext' 'sext_ln20_19' <Predicate = (trunc_ln15_2)> <Delay = 0.00>
ST_35 : Operation 649 [1/1] (3.88ns)   --->   "%mul_ln20_9 = mul i64 %sext_ln20_19, i64 %conv7_i1499_i_cast" [top.cpp:20]   --->   Operation 649 'mul' 'mul_ln20_9' <Predicate = (trunc_ln15_2)> <Delay = 3.88> <CoreInst = "Multiplier">   --->   Core 3 'Multiplier' <Latency = 0> <II = 1> <Delay = 3.88> <FuncUnit> <Opcode : 'mul'> <InPorts = 2> <OutPorts = 1>
ST_35 : Operation 650 [1/1] (0.00ns)   --->   "%sext_ln20_20 = sext i64 %mul_ln20_8" [top.cpp:20]   --->   Operation 650 'sext' 'sext_ln20_20' <Predicate = (trunc_ln15_2)> <Delay = 0.00>
ST_35 : Operation 651 [1/1] (0.00ns)   --->   "%sext_ln20_21 = sext i64 %mul_ln20_9" [top.cpp:20]   --->   Operation 651 'sext' 'sext_ln20_21' <Predicate = (trunc_ln15_2)> <Delay = 0.00>
ST_35 : Operation 652 [1/1] (0.00ns)   --->   "%sext_ln20_22 = sext i32 %verts_z_2" [top.cpp:20]   --->   Operation 652 'sext' 'sext_ln20_22' <Predicate = (trunc_ln15_2)> <Delay = 0.00>
ST_35 : Operation 653 [1/1] (3.88ns)   --->   "%mul_ln20_10 = mul i64 %sext_ln20_22, i64 %conv7_i1410_i_cast" [top.cpp:20]   --->   Operation 653 'mul' 'mul_ln20_10' <Predicate = (trunc_ln15_2)> <Delay = 3.88> <CoreInst = "Multiplier">   --->   Core 3 'Multiplier' <Latency = 0> <II = 1> <Delay = 3.88> <FuncUnit> <Opcode : 'mul'> <InPorts = 2> <OutPorts = 1>
ST_35 : Operation 654 [1/1] (0.00ns)   --->   "%sext_ln20_23 = sext i64 %mul_ln20_10" [top.cpp:20]   --->   Operation 654 'sext' 'sext_ln20_23' <Predicate = (trunc_ln15_2)> <Delay = 0.00>
ST_35 : Operation 655 [1/1] (0.00ns) (grouped into TernaryAdder)   --->   "%add_ln20_8 = add i65 %sext_ln20_21, i65 %sext_ln20_23" [top.cpp:20]   --->   Operation 655 'add' 'add_ln20_8' <Predicate = (trunc_ln15_2)> <Delay = 0.00> <CoreInst = "TAddSub">   --->   Core 10 'TAddSub' <Latency = 0> <II = 1> <Delay = 0.50> <IPBlock> <Opcode : 'add' 'sub'> <InPorts = 3> <OutPorts = 1> <Sync> <CReg>
ST_35 : Operation 656 [1/1] (1.01ns) (root node of TernaryAdder)   --->   "%add_ln20_9 = add i65 %add_ln20_8, i65 %sext_ln20_20" [top.cpp:20]   --->   Operation 656 'add' 'add_ln20_9' <Predicate = (trunc_ln15_2)> <Delay = 1.01> <CoreInst = "TAddSub">   --->   Core 10 'TAddSub' <Latency = 0> <II = 1> <Delay = 0.50> <IPBlock> <Opcode : 'add' 'sub'> <InPorts = 3> <OutPorts = 1> <Sync> <CReg>
ST_35 : Operation 657 [1/1] (0.00ns)   --->   "%sext_ln20_24 = sext i32 %verts_w_2" [top.cpp:20]   --->   Operation 657 'sext' 'sext_ln20_24' <Predicate = (trunc_ln15_2)> <Delay = 0.00>
ST_35 : Operation 658 [1/1] (3.88ns)   --->   "%mul_ln20_11 = mul i64 %sext_ln20_24, i64 %conv7_i1321_i_cast" [top.cpp:20]   --->   Operation 658 'mul' 'mul_ln20_11' <Predicate = (trunc_ln15_2)> <Delay = 3.88> <CoreInst = "Multiplier">   --->   Core 3 'Multiplier' <Latency = 0> <II = 1> <Delay = 3.88> <FuncUnit> <Opcode : 'mul'> <InPorts = 2> <OutPorts = 1>
ST_35 : Operation 659 [1/1] ( I:1.35ns O:1.35ns )   --->   "%store_ln27 = store i32 %out_verts_w_1, i7 %clip_tris_v1_w_addr" [top.cpp:27]   --->   Operation 659 'store' 'store_ln27' <Predicate = (trunc_ln15_2)> <Delay = 1.35> <CoreInst = "RAM">   --->   Core 82 'RAM' <Latency = 1> <II = 1> <Delay = 1.35> <Storage> <Opcode : 'load' 'store'> <Ports = 2> <Width = 32> <Depth = 128> <RAM>

State 36 <SV = 35> <Delay = 5.54>
ST_36 : Operation 660 [1/1] (0.00ns)   --->   "%sext_ln20_25 = sext i65 %add_ln20_9" [top.cpp:20]   --->   Operation 660 'sext' 'sext_ln20_25' <Predicate = (trunc_ln15_2)> <Delay = 0.00>
ST_36 : Operation 661 [1/1] (0.00ns)   --->   "%sext_ln20_26 = sext i64 %mul_ln20_11" [top.cpp:20]   --->   Operation 661 'sext' 'sext_ln20_26' <Predicate = (trunc_ln15_2)> <Delay = 0.00>
ST_36 : Operation 662 [1/1] (1.47ns)   --->   "%add_ln20_10 = add i66 %sext_ln20_25, i66 %sext_ln20_26" [top.cpp:20]   --->   Operation 662 'add' 'add_ln20_10' <Predicate = (trunc_ln15_2)> <Delay = 1.47> <CoreInst = "Adder">   --->   Core 1 'Adder' <Latency = 0> <II = 1> <Delay = 1.47> <FuncUnit> <Opcode : 'add' 'sub'> <InPorts = 2> <OutPorts = 1>
ST_36 : Operation 663 [1/1] (0.00ns)   --->   "%tmp_134 = bitselect i1 @_ssdm_op_BitSelect.i1.i66.i32, i66 %add_ln20_10, i32 65" [top.cpp:20]   --->   Operation 663 'bitselect' 'tmp_134' <Predicate = (trunc_ln15_2)> <Delay = 0.00>
ST_36 : Operation 664 [1/1] (0.00ns)   --->   "%trunc_ln20_5 = partselect i32 @_ssdm_op_PartSelect.i32.i66.i32.i32, i66 %add_ln20_10, i32 16, i32 47" [top.cpp:20]   --->   Operation 664 'partselect' 'trunc_ln20_5' <Predicate = (trunc_ln15_2)> <Delay = 0.00>
ST_36 : Operation 665 [1/1] (0.00ns)   --->   "%tmp_135 = bitselect i1 @_ssdm_op_BitSelect.i1.i66.i32, i66 %add_ln20_10, i32 15" [top.cpp:20]   --->   Operation 665 'bitselect' 'tmp_135' <Predicate = (trunc_ln15_2)> <Delay = 0.00>
ST_36 : Operation 666 [1/1] (0.00ns) (grouped into LUT with out node and_ln20_12)   --->   "%tmp_136 = bitselect i1 @_ssdm_op_BitSelect.i1.i66.i32, i66 %add_ln20_10, i32 47" [top.cpp:20]   --->   Operation 666 'bitselect' 'tmp_136' <Predicate = (trunc_ln15_2)> <Delay = 0.00>
ST_36 : Operation 667 [1/1] (0.00ns)   --->   "%zext_ln20_2 = zext i1 %tmp_135" [top.cpp:20]   --->   Operation 667 'zext' 'zext_ln20_2' <Predicate = (trunc_ln15_2)> <Delay = 0.00>
ST_36 : Operation 668 [1/1] (1.20ns)   --->   "%add_ln20_11 = add i32 %trunc_ln20_5, i32 %zext_ln20_2" [top.cpp:20]   --->   Operation 668 'add' 'add_ln20_11' <Predicate = (trunc_ln15_2)> <Delay = 1.20> <CoreInst = "Adder">   --->   Core 1 'Adder' <Latency = 0> <II = 1> <Delay = 1.20> <FuncUnit> <Opcode : 'add' 'sub'> <InPorts = 2> <OutPorts = 1>
ST_36 : Operation 669 [1/1] (0.00ns)   --->   "%tmp_137 = bitselect i1 @_ssdm_op_BitSelect.i1.i32.i32, i32 %add_ln20_11, i32 31" [top.cpp:20]   --->   Operation 669 'bitselect' 'tmp_137' <Predicate = (trunc_ln15_2)> <Delay = 0.00>
ST_36 : Operation 670 [1/1] (0.00ns) (grouped into LUT with out node and_ln20_12)   --->   "%xor_ln20_10 = xor i1 %tmp_137, i1 1" [top.cpp:20]   --->   Operation 670 'xor' 'xor_ln20_10' <Predicate = (trunc_ln15_2)> <Delay = 0.00> <CoreInst = "LogicGate">   --->   Core 74 'LogicGate' <Latency = 0> <II = 1> <Delay = 0.33> <FuncUnit> <Opcode : 'and' 'or' 'xor'> <InPorts = 2> <OutPorts = 1>
ST_36 : Operation 671 [1/1] (0.33ns) (out node of the LUT)   --->   "%and_ln20_12 = and i1 %tmp_136, i1 %xor_ln20_10" [top.cpp:20]   --->   Operation 671 'and' 'and_ln20_12' <Predicate = (trunc_ln15_2)> <Delay = 0.33> <CoreInst = "LogicGate">   --->   Core 74 'LogicGate' <Latency = 0> <II = 1> <Delay = 0.33> <FuncUnit> <Opcode : 'and' 'or' 'xor'> <InPorts = 2> <OutPorts = 1>
ST_36 : Operation 672 [1/1] (0.00ns) (grouped into LUT with out node and_ln20_16)   --->   "%tmp_138 = bitselect i1 @_ssdm_op_BitSelect.i1.i66.i32, i66 %add_ln20_10, i32 48" [top.cpp:20]   --->   Operation 672 'bitselect' 'tmp_138' <Predicate = (trunc_ln15_2)> <Delay = 0.00>
ST_36 : Operation 673 [1/1] (0.00ns)   --->   "%tmp_29 = partselect i17 @_ssdm_op_PartSelect.i17.i66.i32.i32, i66 %add_ln20_10, i32 49, i32 65" [top.cpp:20]   --->   Operation 673 'partselect' 'tmp_29' <Predicate = (trunc_ln15_2)> <Delay = 0.00>
ST_36 : Operation 674 [1/1] (1.02ns)   --->   "%icmp_ln20_6 = icmp_eq  i17 %tmp_29, i17 131071" [top.cpp:20]   --->   Operation 674 'icmp' 'icmp_ln20_6' <Predicate = (trunc_ln15_2)> <Delay = 1.02> <CoreInst = "Cmp">   --->   Core 9 'Cmp' <Latency = 0> <II = 1> <Delay = 1.02> <FuncUnit> <Opcode : 'seteq' 'setne' 'setle' 'setge' 'setlt' 'setgt'> <InPorts = 2> <OutPorts = 1>
ST_36 : Operation 675 [1/1] (0.00ns)   --->   "%tmp_30 = partselect i18 @_ssdm_op_PartSelect.i18.i66.i32.i32, i66 %add_ln20_10, i32 48, i32 65" [top.cpp:20]   --->   Operation 675 'partselect' 'tmp_30' <Predicate = (trunc_ln15_2)> <Delay = 0.00>
ST_36 : Operation 676 [1/1] (1.03ns)   --->   "%icmp_ln20_7 = icmp_eq  i18 %tmp_30, i18 262143" [top.cpp:20]   --->   Operation 676 'icmp' 'icmp_ln20_7' <Predicate = (trunc_ln15_2)> <Delay = 1.03> <CoreInst = "Cmp">   --->   Core 9 'Cmp' <Latency = 0> <II = 1> <Delay = 1.03> <FuncUnit> <Opcode : 'seteq' 'setne' 'setle' 'setge' 'setlt' 'setgt'> <InPorts = 2> <OutPorts = 1>
ST_36 : Operation 677 [1/1] (1.03ns)   --->   "%icmp_ln20_8 = icmp_eq  i18 %tmp_30, i18 0" [top.cpp:20]   --->   Operation 677 'icmp' 'icmp_ln20_8' <Predicate = (trunc_ln15_2)> <Delay = 1.03> <CoreInst = "Cmp">   --->   Core 9 'Cmp' <Latency = 0> <II = 1> <Delay = 1.03> <FuncUnit> <Opcode : 'seteq' 'setne' 'setle' 'setge' 'setlt' 'setgt'> <InPorts = 2> <OutPorts = 1>
ST_36 : Operation 678 [1/1] (0.00ns) (grouped into LUT with out node and_ln20_15)   --->   "%select_ln20_8 = select i1 %and_ln20_12, i1 %icmp_ln20_7, i1 %icmp_ln20_8" [top.cpp:20]   --->   Operation 678 'select' 'select_ln20_8' <Predicate = (trunc_ln15_2)> <Delay = 0.00> <CoreInst = "Sel">   --->   Core 73 'Sel' <Latency = 0> <II = 1> <Delay = 0.26> <FuncUnit> <Opcode : 'select'> <InPorts = 3> <OutPorts = 1>
ST_36 : Operation 679 [1/1] (0.00ns) (grouped into LUT with out node and_ln20_16)   --->   "%xor_ln20_11 = xor i1 %tmp_138, i1 1" [top.cpp:20]   --->   Operation 679 'xor' 'xor_ln20_11' <Predicate = (trunc_ln15_2)> <Delay = 0.00> <CoreInst = "LogicGate">   --->   Core 74 'LogicGate' <Latency = 0> <II = 1> <Delay = 0.33> <FuncUnit> <Opcode : 'and' 'or' 'xor'> <InPorts = 2> <OutPorts = 1>
ST_36 : Operation 680 [1/1] (0.00ns) (grouped into LUT with out node and_ln20_16)   --->   "%and_ln20_13 = and i1 %icmp_ln20_6, i1 %xor_ln20_11" [top.cpp:20]   --->   Operation 680 'and' 'and_ln20_13' <Predicate = (trunc_ln15_2)> <Delay = 0.00> <CoreInst = "LogicGate">   --->   Core 74 'LogicGate' <Latency = 0> <II = 1> <Delay = 0.33> <FuncUnit> <Opcode : 'and' 'or' 'xor'> <InPorts = 2> <OutPorts = 1>
ST_36 : Operation 681 [1/1] (0.00ns) (grouped into LUT with out node and_ln20_16)   --->   "%select_ln20_9 = select i1 %and_ln20_12, i1 %and_ln20_13, i1 %icmp_ln20_7" [top.cpp:20]   --->   Operation 681 'select' 'select_ln20_9' <Predicate = (trunc_ln15_2)> <Delay = 0.00> <CoreInst = "Sel">   --->   Core 73 'Sel' <Latency = 0> <II = 1> <Delay = 0.26> <FuncUnit> <Opcode : 'select'> <InPorts = 3> <OutPorts = 1>
ST_36 : Operation 682 [1/1] (0.00ns) (grouped into LUT with out node or_ln20_5)   --->   "%and_ln20_14 = and i1 %and_ln20_12, i1 %icmp_ln20_7" [top.cpp:20]   --->   Operation 682 'and' 'and_ln20_14' <Predicate = (trunc_ln15_2)> <Delay = 0.00> <CoreInst = "LogicGate">   --->   Core 74 'LogicGate' <Latency = 0> <II = 1> <Delay = 0.33> <FuncUnit> <Opcode : 'and' 'or' 'xor'> <InPorts = 2> <OutPorts = 1>
ST_36 : Operation 683 [1/1] (0.00ns) (grouped into LUT with out node and_ln20_15)   --->   "%xor_ln20_12 = xor i1 %select_ln20_8, i1 1" [top.cpp:20]   --->   Operation 683 'xor' 'xor_ln20_12' <Predicate = (trunc_ln15_2)> <Delay = 0.00> <CoreInst = "LogicGate">   --->   Core 74 'LogicGate' <Latency = 0> <II = 1> <Delay = 0.33> <FuncUnit> <Opcode : 'and' 'or' 'xor'> <InPorts = 2> <OutPorts = 1>
ST_36 : Operation 684 [1/1] (0.00ns) (grouped into LUT with out node and_ln20_15)   --->   "%or_ln20_4 = or i1 %tmp_137, i1 %xor_ln20_12" [top.cpp:20]   --->   Operation 684 'or' 'or_ln20_4' <Predicate = (trunc_ln15_2)> <Delay = 0.00> <CoreInst = "LogicGate">   --->   Core 74 'LogicGate' <Latency = 0> <II = 1> <Delay = 0.33> <FuncUnit> <Opcode : 'and' 'or' 'xor'> <InPorts = 2> <OutPorts = 1>
ST_36 : Operation 685 [1/1] (0.00ns) (grouped into LUT with out node and_ln20_15)   --->   "%xor_ln20_13 = xor i1 %tmp_134, i1 1" [top.cpp:20]   --->   Operation 685 'xor' 'xor_ln20_13' <Predicate = (trunc_ln15_2)> <Delay = 0.00> <CoreInst = "LogicGate">   --->   Core 74 'LogicGate' <Latency = 0> <II = 1> <Delay = 0.33> <FuncUnit> <Opcode : 'and' 'or' 'xor'> <InPorts = 2> <OutPorts = 1>
ST_36 : Operation 686 [1/1] (0.33ns) (out node of the LUT)   --->   "%and_ln20_15 = and i1 %or_ln20_4, i1 %xor_ln20_13" [top.cpp:20]   --->   Operation 686 'and' 'and_ln20_15' <Predicate = (trunc_ln15_2)> <Delay = 0.33> <CoreInst = "LogicGate">   --->   Core 74 'LogicGate' <Latency = 0> <II = 1> <Delay = 0.33> <FuncUnit> <Opcode : 'and' 'or' 'xor'> <InPorts = 2> <OutPorts = 1>
ST_36 : Operation 687 [1/1] (0.33ns) (out node of the LUT)   --->   "%and_ln20_16 = and i1 %tmp_137, i1 %select_ln20_9" [top.cpp:20]   --->   Operation 687 'and' 'and_ln20_16' <Predicate = (trunc_ln15_2)> <Delay = 0.33> <CoreInst = "LogicGate">   --->   Core 74 'LogicGate' <Latency = 0> <II = 1> <Delay = 0.33> <FuncUnit> <Opcode : 'and' 'or' 'xor'> <InPorts = 2> <OutPorts = 1>
ST_36 : Operation 688 [1/1] (0.00ns) (grouped into LUT with out node or_ln20_5)   --->   "%or_ln20_8 = or i1 %and_ln20_14, i1 %and_ln20_16" [top.cpp:20]   --->   Operation 688 'or' 'or_ln20_8' <Predicate = (trunc_ln15_2)> <Delay = 0.00> <CoreInst = "LogicGate">   --->   Core 74 'LogicGate' <Latency = 0> <II = 1> <Delay = 0.33> <FuncUnit> <Opcode : 'and' 'or' 'xor'> <InPorts = 2> <OutPorts = 1>
ST_36 : Operation 689 [1/1] (0.00ns) (grouped into LUT with out node or_ln20_5)   --->   "%xor_ln20_14 = xor i1 %or_ln20_8, i1 1" [top.cpp:20]   --->   Operation 689 'xor' 'xor_ln20_14' <Predicate = (trunc_ln15_2)> <Delay = 0.00> <CoreInst = "LogicGate">   --->   Core 74 'LogicGate' <Latency = 0> <II = 1> <Delay = 0.33> <FuncUnit> <Opcode : 'and' 'or' 'xor'> <InPorts = 2> <OutPorts = 1>
ST_36 : Operation 690 [1/1] (0.00ns) (grouped into LUT with out node or_ln20_5)   --->   "%and_ln20_17 = and i1 %tmp_134, i1 %xor_ln20_14" [top.cpp:20]   --->   Operation 690 'and' 'and_ln20_17' <Predicate = (trunc_ln15_2)> <Delay = 0.00> <CoreInst = "LogicGate">   --->   Core 74 'LogicGate' <Latency = 0> <II = 1> <Delay = 0.33> <FuncUnit> <Opcode : 'and' 'or' 'xor'> <InPorts = 2> <OutPorts = 1>
ST_36 : Operation 691 [1/1] (0.00ns) (grouped into LUT with out node out_verts_x_2)   --->   "%select_ln20_10 = select i1 %and_ln20_15, i32 2147483647, i32 2147483648" [top.cpp:20]   --->   Operation 691 'select' 'select_ln20_10' <Predicate = (trunc_ln15_2)> <Delay = 0.00> <CoreInst = "Sel">   --->   Core 73 'Sel' <Latency = 0> <II = 1> <Delay = 0.52> <FuncUnit> <Opcode : 'select'> <InPorts = 3> <OutPorts = 1>
ST_36 : Operation 692 [1/1] (0.33ns) (out node of the LUT)   --->   "%or_ln20_5 = or i1 %and_ln20_15, i1 %and_ln20_17" [top.cpp:20]   --->   Operation 692 'or' 'or_ln20_5' <Predicate = (trunc_ln15_2)> <Delay = 0.33> <CoreInst = "LogicGate">   --->   Core 74 'LogicGate' <Latency = 0> <II = 1> <Delay = 0.33> <FuncUnit> <Opcode : 'and' 'or' 'xor'> <InPorts = 2> <OutPorts = 1>
ST_36 : Operation 693 [1/1] (0.52ns) (out node of the LUT)   --->   "%out_verts_x_2 = select i1 %or_ln20_5, i32 %select_ln20_10, i32 %add_ln20_11" [top.cpp:20]   --->   Operation 693 'select' 'out_verts_x_2' <Predicate = (trunc_ln15_2)> <Delay = 0.52> <CoreInst = "Sel">   --->   Core 73 'Sel' <Latency = 0> <II = 1> <Delay = 0.52> <FuncUnit> <Opcode : 'select'> <InPorts = 3> <OutPorts = 1>
ST_36 : Operation 694 [1/1] (3.88ns)   --->   "%mul_ln21_8 = mul i64 %sext_ln20_18, i64 %conv7_i1132_i_cast" [top.cpp:21]   --->   Operation 694 'mul' 'mul_ln21_8' <Predicate = (trunc_ln15_2)> <Delay = 3.88> <CoreInst = "Multiplier">   --->   Core 3 'Multiplier' <Latency = 0> <II = 1> <Delay = 3.88> <FuncUnit> <Opcode : 'mul'> <InPorts = 2> <OutPorts = 1>
ST_36 : Operation 695 [1/1] (3.88ns)   --->   "%mul_ln21_9 = mul i64 %sext_ln20_19, i64 %conv7_i1093_i_cast" [top.cpp:21]   --->   Operation 695 'mul' 'mul_ln21_9' <Predicate = (trunc_ln15_2)> <Delay = 3.88> <CoreInst = "Multiplier">   --->   Core 3 'Multiplier' <Latency = 0> <II = 1> <Delay = 3.88> <FuncUnit> <Opcode : 'mul'> <InPorts = 2> <OutPorts = 1>
ST_36 : Operation 696 [1/1] (0.00ns)   --->   "%sext_ln21_10 = sext i64 %mul_ln21_8" [top.cpp:21]   --->   Operation 696 'sext' 'sext_ln21_10' <Predicate = (trunc_ln15_2)> <Delay = 0.00>
ST_36 : Operation 697 [1/1] (0.00ns)   --->   "%sext_ln21_11 = sext i64 %mul_ln21_9" [top.cpp:21]   --->   Operation 697 'sext' 'sext_ln21_11' <Predicate = (trunc_ln15_2)> <Delay = 0.00>
ST_36 : Operation 698 [1/1] (3.88ns)   --->   "%mul_ln21_10 = mul i64 %sext_ln20_22, i64 %conv7_i1004_i_cast" [top.cpp:21]   --->   Operation 698 'mul' 'mul_ln21_10' <Predicate = (trunc_ln15_2)> <Delay = 3.88> <CoreInst = "Multiplier">   --->   Core 3 'Multiplier' <Latency = 0> <II = 1> <Delay = 3.88> <FuncUnit> <Opcode : 'mul'> <InPorts = 2> <OutPorts = 1>
ST_36 : Operation 699 [1/1] (0.00ns)   --->   "%sext_ln21_12 = sext i64 %mul_ln21_10" [top.cpp:21]   --->   Operation 699 'sext' 'sext_ln21_12' <Predicate = (trunc_ln15_2)> <Delay = 0.00>
ST_36 : Operation 700 [1/1] (0.00ns) (grouped into TernaryAdder)   --->   "%add_ln21_8 = add i65 %sext_ln21_11, i65 %sext_ln21_12" [top.cpp:21]   --->   Operation 700 'add' 'add_ln21_8' <Predicate = (trunc_ln15_2)> <Delay = 0.00> <CoreInst = "TAddSub">   --->   Core 10 'TAddSub' <Latency = 0> <II = 1> <Delay = 0.50> <IPBlock> <Opcode : 'add' 'sub'> <InPorts = 3> <OutPorts = 1> <Sync> <CReg>
ST_36 : Operation 701 [1/1] (1.01ns) (root node of TernaryAdder)   --->   "%add_ln21_9 = add i65 %add_ln21_8, i65 %sext_ln21_10" [top.cpp:21]   --->   Operation 701 'add' 'add_ln21_9' <Predicate = (trunc_ln15_2)> <Delay = 1.01> <CoreInst = "TAddSub">   --->   Core 10 'TAddSub' <Latency = 0> <II = 1> <Delay = 0.50> <IPBlock> <Opcode : 'add' 'sub'> <InPorts = 3> <OutPorts = 1> <Sync> <CReg>
ST_36 : Operation 702 [1/1] ( I:1.35ns O:1.35ns )   --->   "%store_ln28 = store i32 %out_verts_x_2, i7 %clip_tris_v2_x_addr" [top.cpp:28]   --->   Operation 702 'store' 'store_ln28' <Predicate = (trunc_ln15_2)> <Delay = 1.35> <CoreInst = "RAM">   --->   Core 82 'RAM' <Latency = 1> <II = 1> <Delay = 1.35> <Storage> <Opcode : 'load' 'store'> <Ports = 2> <Width = 32> <Depth = 128> <RAM>

State 37 <SV = 36> <Delay = 7.21>
ST_37 : Operation 703 [1/1] (3.88ns)   --->   "%mul_ln21_11 = mul i64 %sext_ln20_24, i64 %conv7_i915_i_cast" [top.cpp:21]   --->   Operation 703 'mul' 'mul_ln21_11' <Predicate = (trunc_ln15_2)> <Delay = 3.88> <CoreInst = "Multiplier">   --->   Core 3 'Multiplier' <Latency = 0> <II = 1> <Delay = 3.88> <FuncUnit> <Opcode : 'mul'> <InPorts = 2> <OutPorts = 1>
ST_37 : Operation 704 [1/1] (0.00ns)   --->   "%sext_ln21_13 = sext i65 %add_ln21_9" [top.cpp:21]   --->   Operation 704 'sext' 'sext_ln21_13' <Predicate = (trunc_ln15_2)> <Delay = 0.00>
ST_37 : Operation 705 [1/1] (0.00ns)   --->   "%sext_ln21_14 = sext i64 %mul_ln21_11" [top.cpp:21]   --->   Operation 705 'sext' 'sext_ln21_14' <Predicate = (trunc_ln15_2)> <Delay = 0.00>
ST_37 : Operation 706 [1/1] (1.47ns)   --->   "%add_ln21_10 = add i66 %sext_ln21_13, i66 %sext_ln21_14" [top.cpp:21]   --->   Operation 706 'add' 'add_ln21_10' <Predicate = (trunc_ln15_2)> <Delay = 1.47> <CoreInst = "Adder">   --->   Core 1 'Adder' <Latency = 0> <II = 1> <Delay = 1.47> <FuncUnit> <Opcode : 'add' 'sub'> <InPorts = 2> <OutPorts = 1>
ST_37 : Operation 707 [1/1] (0.00ns)   --->   "%tmp_139 = bitselect i1 @_ssdm_op_BitSelect.i1.i66.i32, i66 %add_ln21_10, i32 65" [top.cpp:21]   --->   Operation 707 'bitselect' 'tmp_139' <Predicate = (trunc_ln15_2)> <Delay = 0.00>
ST_37 : Operation 708 [1/1] (0.00ns)   --->   "%trunc_ln21_5 = partselect i32 @_ssdm_op_PartSelect.i32.i66.i32.i32, i66 %add_ln21_10, i32 16, i32 47" [top.cpp:21]   --->   Operation 708 'partselect' 'trunc_ln21_5' <Predicate = (trunc_ln15_2)> <Delay = 0.00>
ST_37 : Operation 709 [1/1] (0.00ns)   --->   "%tmp_140 = bitselect i1 @_ssdm_op_BitSelect.i1.i66.i32, i66 %add_ln21_10, i32 15" [top.cpp:21]   --->   Operation 709 'bitselect' 'tmp_140' <Predicate = (trunc_ln15_2)> <Delay = 0.00>
ST_37 : Operation 710 [1/1] (0.00ns) (grouped into LUT with out node and_ln21_12)   --->   "%tmp_141 = bitselect i1 @_ssdm_op_BitSelect.i1.i66.i32, i66 %add_ln21_10, i32 47" [top.cpp:21]   --->   Operation 710 'bitselect' 'tmp_141' <Predicate = (trunc_ln15_2)> <Delay = 0.00>
ST_37 : Operation 711 [1/1] (0.00ns)   --->   "%zext_ln21_2 = zext i1 %tmp_140" [top.cpp:21]   --->   Operation 711 'zext' 'zext_ln21_2' <Predicate = (trunc_ln15_2)> <Delay = 0.00>
ST_37 : Operation 712 [1/1] (1.20ns)   --->   "%add_ln21_11 = add i32 %trunc_ln21_5, i32 %zext_ln21_2" [top.cpp:21]   --->   Operation 712 'add' 'add_ln21_11' <Predicate = (trunc_ln15_2)> <Delay = 1.20> <CoreInst = "Adder">   --->   Core 1 'Adder' <Latency = 0> <II = 1> <Delay = 1.20> <FuncUnit> <Opcode : 'add' 'sub'> <InPorts = 2> <OutPorts = 1>
ST_37 : Operation 713 [1/1] (0.00ns)   --->   "%tmp_142 = bitselect i1 @_ssdm_op_BitSelect.i1.i32.i32, i32 %add_ln21_11, i32 31" [top.cpp:21]   --->   Operation 713 'bitselect' 'tmp_142' <Predicate = (trunc_ln15_2)> <Delay = 0.00>
ST_37 : Operation 714 [1/1] (0.00ns) (grouped into LUT with out node and_ln21_12)   --->   "%xor_ln21_10 = xor i1 %tmp_142, i1 1" [top.cpp:21]   --->   Operation 714 'xor' 'xor_ln21_10' <Predicate = (trunc_ln15_2)> <Delay = 0.00> <CoreInst = "LogicGate">   --->   Core 74 'LogicGate' <Latency = 0> <II = 1> <Delay = 0.33> <FuncUnit> <Opcode : 'and' 'or' 'xor'> <InPorts = 2> <OutPorts = 1>
ST_37 : Operation 715 [1/1] (0.33ns) (out node of the LUT)   --->   "%and_ln21_12 = and i1 %tmp_141, i1 %xor_ln21_10" [top.cpp:21]   --->   Operation 715 'and' 'and_ln21_12' <Predicate = (trunc_ln15_2)> <Delay = 0.33> <CoreInst = "LogicGate">   --->   Core 74 'LogicGate' <Latency = 0> <II = 1> <Delay = 0.33> <FuncUnit> <Opcode : 'and' 'or' 'xor'> <InPorts = 2> <OutPorts = 1>
ST_37 : Operation 716 [1/1] (0.00ns) (grouped into LUT with out node and_ln21_16)   --->   "%tmp_143 = bitselect i1 @_ssdm_op_BitSelect.i1.i66.i32, i66 %add_ln21_10, i32 48" [top.cpp:21]   --->   Operation 716 'bitselect' 'tmp_143' <Predicate = (trunc_ln15_2)> <Delay = 0.00>
ST_37 : Operation 717 [1/1] (0.00ns)   --->   "%tmp_31 = partselect i17 @_ssdm_op_PartSelect.i17.i66.i32.i32, i66 %add_ln21_10, i32 49, i32 65" [top.cpp:21]   --->   Operation 717 'partselect' 'tmp_31' <Predicate = (trunc_ln15_2)> <Delay = 0.00>
ST_37 : Operation 718 [1/1] (1.02ns)   --->   "%icmp_ln21_6 = icmp_eq  i17 %tmp_31, i17 131071" [top.cpp:21]   --->   Operation 718 'icmp' 'icmp_ln21_6' <Predicate = (trunc_ln15_2)> <Delay = 1.02> <CoreInst = "Cmp">   --->   Core 9 'Cmp' <Latency = 0> <II = 1> <Delay = 1.02> <FuncUnit> <Opcode : 'seteq' 'setne' 'setle' 'setge' 'setlt' 'setgt'> <InPorts = 2> <OutPorts = 1>
ST_37 : Operation 719 [1/1] (0.00ns)   --->   "%tmp_32 = partselect i18 @_ssdm_op_PartSelect.i18.i66.i32.i32, i66 %add_ln21_10, i32 48, i32 65" [top.cpp:21]   --->   Operation 719 'partselect' 'tmp_32' <Predicate = (trunc_ln15_2)> <Delay = 0.00>
ST_37 : Operation 720 [1/1] (1.03ns)   --->   "%icmp_ln21_7 = icmp_eq  i18 %tmp_32, i18 262143" [top.cpp:21]   --->   Operation 720 'icmp' 'icmp_ln21_7' <Predicate = (trunc_ln15_2)> <Delay = 1.03> <CoreInst = "Cmp">   --->   Core 9 'Cmp' <Latency = 0> <II = 1> <Delay = 1.03> <FuncUnit> <Opcode : 'seteq' 'setne' 'setle' 'setge' 'setlt' 'setgt'> <InPorts = 2> <OutPorts = 1>
ST_37 : Operation 721 [1/1] (1.03ns)   --->   "%icmp_ln21_8 = icmp_eq  i18 %tmp_32, i18 0" [top.cpp:21]   --->   Operation 721 'icmp' 'icmp_ln21_8' <Predicate = (trunc_ln15_2)> <Delay = 1.03> <CoreInst = "Cmp">   --->   Core 9 'Cmp' <Latency = 0> <II = 1> <Delay = 1.03> <FuncUnit> <Opcode : 'seteq' 'setne' 'setle' 'setge' 'setlt' 'setgt'> <InPorts = 2> <OutPorts = 1>
ST_37 : Operation 722 [1/1] (0.00ns) (grouped into LUT with out node and_ln21_15)   --->   "%select_ln21_8 = select i1 %and_ln21_12, i1 %icmp_ln21_7, i1 %icmp_ln21_8" [top.cpp:21]   --->   Operation 722 'select' 'select_ln21_8' <Predicate = (trunc_ln15_2)> <Delay = 0.00> <CoreInst = "Sel">   --->   Core 73 'Sel' <Latency = 0> <II = 1> <Delay = 0.26> <FuncUnit> <Opcode : 'select'> <InPorts = 3> <OutPorts = 1>
ST_37 : Operation 723 [1/1] (0.00ns) (grouped into LUT with out node and_ln21_16)   --->   "%xor_ln21_11 = xor i1 %tmp_143, i1 1" [top.cpp:21]   --->   Operation 723 'xor' 'xor_ln21_11' <Predicate = (trunc_ln15_2)> <Delay = 0.00> <CoreInst = "LogicGate">   --->   Core 74 'LogicGate' <Latency = 0> <II = 1> <Delay = 0.33> <FuncUnit> <Opcode : 'and' 'or' 'xor'> <InPorts = 2> <OutPorts = 1>
ST_37 : Operation 724 [1/1] (0.00ns) (grouped into LUT with out node and_ln21_16)   --->   "%and_ln21_13 = and i1 %icmp_ln21_6, i1 %xor_ln21_11" [top.cpp:21]   --->   Operation 724 'and' 'and_ln21_13' <Predicate = (trunc_ln15_2)> <Delay = 0.00> <CoreInst = "LogicGate">   --->   Core 74 'LogicGate' <Latency = 0> <II = 1> <Delay = 0.33> <FuncUnit> <Opcode : 'and' 'or' 'xor'> <InPorts = 2> <OutPorts = 1>
ST_37 : Operation 725 [1/1] (0.00ns) (grouped into LUT with out node and_ln21_16)   --->   "%select_ln21_9 = select i1 %and_ln21_12, i1 %and_ln21_13, i1 %icmp_ln21_7" [top.cpp:21]   --->   Operation 725 'select' 'select_ln21_9' <Predicate = (trunc_ln15_2)> <Delay = 0.00> <CoreInst = "Sel">   --->   Core 73 'Sel' <Latency = 0> <II = 1> <Delay = 0.26> <FuncUnit> <Opcode : 'select'> <InPorts = 3> <OutPorts = 1>
ST_37 : Operation 726 [1/1] (0.00ns) (grouped into LUT with out node and_ln21_15)   --->   "%xor_ln21_12 = xor i1 %select_ln21_8, i1 1" [top.cpp:21]   --->   Operation 726 'xor' 'xor_ln21_12' <Predicate = (trunc_ln15_2)> <Delay = 0.00> <CoreInst = "LogicGate">   --->   Core 74 'LogicGate' <Latency = 0> <II = 1> <Delay = 0.33> <FuncUnit> <Opcode : 'and' 'or' 'xor'> <InPorts = 2> <OutPorts = 1>
ST_37 : Operation 727 [1/1] (0.00ns) (grouped into LUT with out node and_ln21_15)   --->   "%or_ln21_4 = or i1 %tmp_142, i1 %xor_ln21_12" [top.cpp:21]   --->   Operation 727 'or' 'or_ln21_4' <Predicate = (trunc_ln15_2)> <Delay = 0.00> <CoreInst = "LogicGate">   --->   Core 74 'LogicGate' <Latency = 0> <II = 1> <Delay = 0.33> <FuncUnit> <Opcode : 'and' 'or' 'xor'> <InPorts = 2> <OutPorts = 1>
ST_37 : Operation 728 [1/1] (0.00ns) (grouped into LUT with out node and_ln21_15)   --->   "%xor_ln21_13 = xor i1 %tmp_139, i1 1" [top.cpp:21]   --->   Operation 728 'xor' 'xor_ln21_13' <Predicate = (trunc_ln15_2)> <Delay = 0.00> <CoreInst = "LogicGate">   --->   Core 74 'LogicGate' <Latency = 0> <II = 1> <Delay = 0.33> <FuncUnit> <Opcode : 'and' 'or' 'xor'> <InPorts = 2> <OutPorts = 1>
ST_37 : Operation 729 [1/1] (0.33ns) (out node of the LUT)   --->   "%and_ln21_15 = and i1 %or_ln21_4, i1 %xor_ln21_13" [top.cpp:21]   --->   Operation 729 'and' 'and_ln21_15' <Predicate = (trunc_ln15_2)> <Delay = 0.33> <CoreInst = "LogicGate">   --->   Core 74 'LogicGate' <Latency = 0> <II = 1> <Delay = 0.33> <FuncUnit> <Opcode : 'and' 'or' 'xor'> <InPorts = 2> <OutPorts = 1>
ST_37 : Operation 730 [1/1] (0.33ns) (out node of the LUT)   --->   "%and_ln21_16 = and i1 %tmp_142, i1 %select_ln21_9" [top.cpp:21]   --->   Operation 730 'and' 'and_ln21_16' <Predicate = (trunc_ln15_2)> <Delay = 0.33> <CoreInst = "LogicGate">   --->   Core 74 'LogicGate' <Latency = 0> <II = 1> <Delay = 0.33> <FuncUnit> <Opcode : 'and' 'or' 'xor'> <InPorts = 2> <OutPorts = 1>
ST_37 : Operation 731 [1/1] (3.88ns)   --->   "%mul_ln22_8 = mul i64 %sext_ln20_18, i64 %conv7_i726_i_cast" [top.cpp:22]   --->   Operation 731 'mul' 'mul_ln22_8' <Predicate = (trunc_ln15_2)> <Delay = 3.88> <CoreInst = "Multiplier">   --->   Core 3 'Multiplier' <Latency = 0> <II = 1> <Delay = 3.88> <FuncUnit> <Opcode : 'mul'> <InPorts = 2> <OutPorts = 1>
ST_37 : Operation 732 [1/1] (3.88ns)   --->   "%mul_ln22_9 = mul i64 %sext_ln20_19, i64 %conv7_i687_i_cast" [top.cpp:22]   --->   Operation 732 'mul' 'mul_ln22_9' <Predicate = (trunc_ln15_2)> <Delay = 3.88> <CoreInst = "Multiplier">   --->   Core 3 'Multiplier' <Latency = 0> <II = 1> <Delay = 3.88> <FuncUnit> <Opcode : 'mul'> <InPorts = 2> <OutPorts = 1>

State 38 <SV = 37> <Delay = 4.89>
ST_38 : Operation 733 [1/1] (0.00ns) (grouped into LUT with out node or_ln21_5)   --->   "%and_ln21_14 = and i1 %and_ln21_12, i1 %icmp_ln21_7" [top.cpp:21]   --->   Operation 733 'and' 'and_ln21_14' <Predicate = (trunc_ln15_2)> <Delay = 0.00> <CoreInst = "LogicGate">   --->   Core 74 'LogicGate' <Latency = 0> <II = 1> <Delay = 0.33> <FuncUnit> <Opcode : 'and' 'or' 'xor'> <InPorts = 2> <OutPorts = 1>
ST_38 : Operation 734 [1/1] (0.00ns) (grouped into LUT with out node or_ln21_5)   --->   "%or_ln21_8 = or i1 %and_ln21_14, i1 %and_ln21_16" [top.cpp:21]   --->   Operation 734 'or' 'or_ln21_8' <Predicate = (trunc_ln15_2)> <Delay = 0.00> <CoreInst = "LogicGate">   --->   Core 74 'LogicGate' <Latency = 0> <II = 1> <Delay = 0.33> <FuncUnit> <Opcode : 'and' 'or' 'xor'> <InPorts = 2> <OutPorts = 1>
ST_38 : Operation 735 [1/1] (0.00ns) (grouped into LUT with out node or_ln21_5)   --->   "%xor_ln21_14 = xor i1 %or_ln21_8, i1 1" [top.cpp:21]   --->   Operation 735 'xor' 'xor_ln21_14' <Predicate = (trunc_ln15_2)> <Delay = 0.00> <CoreInst = "LogicGate">   --->   Core 74 'LogicGate' <Latency = 0> <II = 1> <Delay = 0.33> <FuncUnit> <Opcode : 'and' 'or' 'xor'> <InPorts = 2> <OutPorts = 1>
ST_38 : Operation 736 [1/1] (0.00ns) (grouped into LUT with out node or_ln21_5)   --->   "%and_ln21_17 = and i1 %tmp_139, i1 %xor_ln21_14" [top.cpp:21]   --->   Operation 736 'and' 'and_ln21_17' <Predicate = (trunc_ln15_2)> <Delay = 0.00> <CoreInst = "LogicGate">   --->   Core 74 'LogicGate' <Latency = 0> <II = 1> <Delay = 0.33> <FuncUnit> <Opcode : 'and' 'or' 'xor'> <InPorts = 2> <OutPorts = 1>
ST_38 : Operation 737 [1/1] (0.00ns) (grouped into LUT with out node out_verts_y_2)   --->   "%select_ln21_10 = select i1 %and_ln21_15, i32 2147483647, i32 2147483648" [top.cpp:21]   --->   Operation 737 'select' 'select_ln21_10' <Predicate = (trunc_ln15_2)> <Delay = 0.00> <CoreInst = "Sel">   --->   Core 73 'Sel' <Latency = 0> <II = 1> <Delay = 0.52> <FuncUnit> <Opcode : 'select'> <InPorts = 3> <OutPorts = 1>
ST_38 : Operation 738 [1/1] (0.33ns) (out node of the LUT)   --->   "%or_ln21_5 = or i1 %and_ln21_15, i1 %and_ln21_17" [top.cpp:21]   --->   Operation 738 'or' 'or_ln21_5' <Predicate = (trunc_ln15_2)> <Delay = 0.33> <CoreInst = "LogicGate">   --->   Core 74 'LogicGate' <Latency = 0> <II = 1> <Delay = 0.33> <FuncUnit> <Opcode : 'and' 'or' 'xor'> <InPorts = 2> <OutPorts = 1>
ST_38 : Operation 739 [1/1] (0.52ns) (out node of the LUT)   --->   "%out_verts_y_2 = select i1 %or_ln21_5, i32 %select_ln21_10, i32 %add_ln21_11" [top.cpp:21]   --->   Operation 739 'select' 'out_verts_y_2' <Predicate = (trunc_ln15_2)> <Delay = 0.52> <CoreInst = "Sel">   --->   Core 73 'Sel' <Latency = 0> <II = 1> <Delay = 0.52> <FuncUnit> <Opcode : 'select'> <InPorts = 3> <OutPorts = 1>
ST_38 : Operation 740 [1/1] (0.00ns)   --->   "%sext_ln22_10 = sext i64 %mul_ln22_8" [top.cpp:22]   --->   Operation 740 'sext' 'sext_ln22_10' <Predicate = (trunc_ln15_2)> <Delay = 0.00>
ST_38 : Operation 741 [1/1] (0.00ns)   --->   "%sext_ln22_11 = sext i64 %mul_ln22_9" [top.cpp:22]   --->   Operation 741 'sext' 'sext_ln22_11' <Predicate = (trunc_ln15_2)> <Delay = 0.00>
ST_38 : Operation 742 [1/1] (3.88ns)   --->   "%mul_ln22_10 = mul i64 %sext_ln20_22, i64 %conv7_i598_i_cast" [top.cpp:22]   --->   Operation 742 'mul' 'mul_ln22_10' <Predicate = (trunc_ln15_2)> <Delay = 3.88> <CoreInst = "Multiplier">   --->   Core 3 'Multiplier' <Latency = 0> <II = 1> <Delay = 3.88> <FuncUnit> <Opcode : 'mul'> <InPorts = 2> <OutPorts = 1>
ST_38 : Operation 743 [1/1] (0.00ns)   --->   "%sext_ln22_12 = sext i64 %mul_ln22_10" [top.cpp:22]   --->   Operation 743 'sext' 'sext_ln22_12' <Predicate = (trunc_ln15_2)> <Delay = 0.00>
ST_38 : Operation 744 [1/1] (0.00ns) (grouped into TernaryAdder)   --->   "%add_ln22_8 = add i65 %sext_ln22_11, i65 %sext_ln22_12" [top.cpp:22]   --->   Operation 744 'add' 'add_ln22_8' <Predicate = (trunc_ln15_2)> <Delay = 0.00> <CoreInst = "TAddSub">   --->   Core 10 'TAddSub' <Latency = 0> <II = 1> <Delay = 0.50> <IPBlock> <Opcode : 'add' 'sub'> <InPorts = 3> <OutPorts = 1> <Sync> <CReg>
ST_38 : Operation 745 [1/1] (1.01ns) (root node of TernaryAdder)   --->   "%add_ln22_9 = add i65 %add_ln22_8, i65 %sext_ln22_10" [top.cpp:22]   --->   Operation 745 'add' 'add_ln22_9' <Predicate = (trunc_ln15_2)> <Delay = 1.01> <CoreInst = "TAddSub">   --->   Core 10 'TAddSub' <Latency = 0> <II = 1> <Delay = 0.50> <IPBlock> <Opcode : 'add' 'sub'> <InPorts = 3> <OutPorts = 1> <Sync> <CReg>
ST_38 : Operation 746 [1/1] (3.88ns)   --->   "%mul_ln22_11 = mul i64 %sext_ln20_24, i64 %conv7_i509_i_cast" [top.cpp:22]   --->   Operation 746 'mul' 'mul_ln22_11' <Predicate = (trunc_ln15_2)> <Delay = 3.88> <CoreInst = "Multiplier">   --->   Core 3 'Multiplier' <Latency = 0> <II = 1> <Delay = 3.88> <FuncUnit> <Opcode : 'mul'> <InPorts = 2> <OutPorts = 1>
ST_38 : Operation 747 [1/1] (3.88ns)   --->   "%mul_ln23_8 = mul i64 %sext_ln20_18, i64 %conv7_i320_i_cast" [top.cpp:23]   --->   Operation 747 'mul' 'mul_ln23_8' <Predicate = (trunc_ln15_2)> <Delay = 3.88> <CoreInst = "Multiplier">   --->   Core 3 'Multiplier' <Latency = 0> <II = 1> <Delay = 3.88> <FuncUnit> <Opcode : 'mul'> <InPorts = 2> <OutPorts = 1>
ST_38 : Operation 748 [1/1] ( I:1.35ns O:1.35ns )   --->   "%store_ln28 = store i32 %out_verts_y_2, i7 %clip_tris_v2_y_addr" [top.cpp:28]   --->   Operation 748 'store' 'store_ln28' <Predicate = (trunc_ln15_2)> <Delay = 1.35> <CoreInst = "RAM">   --->   Core 82 'RAM' <Latency = 1> <II = 1> <Delay = 1.35> <Storage> <Opcode : 'load' 'store'> <Ports = 2> <Width = 32> <Depth = 128> <RAM>

State 39 <SV = 38> <Delay = 5.54>
ST_39 : Operation 749 [1/1] (0.00ns)   --->   "%sext_ln22_13 = sext i65 %add_ln22_9" [top.cpp:22]   --->   Operation 749 'sext' 'sext_ln22_13' <Predicate = (trunc_ln15_2)> <Delay = 0.00>
ST_39 : Operation 750 [1/1] (0.00ns)   --->   "%sext_ln22_14 = sext i64 %mul_ln22_11" [top.cpp:22]   --->   Operation 750 'sext' 'sext_ln22_14' <Predicate = (trunc_ln15_2)> <Delay = 0.00>
ST_39 : Operation 751 [1/1] (1.47ns)   --->   "%add_ln22_10 = add i66 %sext_ln22_13, i66 %sext_ln22_14" [top.cpp:22]   --->   Operation 751 'add' 'add_ln22_10' <Predicate = (trunc_ln15_2)> <Delay = 1.47> <CoreInst = "Adder">   --->   Core 1 'Adder' <Latency = 0> <II = 1> <Delay = 1.47> <FuncUnit> <Opcode : 'add' 'sub'> <InPorts = 2> <OutPorts = 1>
ST_39 : Operation 752 [1/1] (0.00ns)   --->   "%tmp_144 = bitselect i1 @_ssdm_op_BitSelect.i1.i66.i32, i66 %add_ln22_10, i32 65" [top.cpp:22]   --->   Operation 752 'bitselect' 'tmp_144' <Predicate = (trunc_ln15_2)> <Delay = 0.00>
ST_39 : Operation 753 [1/1] (0.00ns)   --->   "%trunc_ln22_5 = partselect i32 @_ssdm_op_PartSelect.i32.i66.i32.i32, i66 %add_ln22_10, i32 16, i32 47" [top.cpp:22]   --->   Operation 753 'partselect' 'trunc_ln22_5' <Predicate = (trunc_ln15_2)> <Delay = 0.00>
ST_39 : Operation 754 [1/1] (0.00ns)   --->   "%tmp_145 = bitselect i1 @_ssdm_op_BitSelect.i1.i66.i32, i66 %add_ln22_10, i32 15" [top.cpp:22]   --->   Operation 754 'bitselect' 'tmp_145' <Predicate = (trunc_ln15_2)> <Delay = 0.00>
ST_39 : Operation 755 [1/1] (0.00ns) (grouped into LUT with out node and_ln22_12)   --->   "%tmp_146 = bitselect i1 @_ssdm_op_BitSelect.i1.i66.i32, i66 %add_ln22_10, i32 47" [top.cpp:22]   --->   Operation 755 'bitselect' 'tmp_146' <Predicate = (trunc_ln15_2)> <Delay = 0.00>
ST_39 : Operation 756 [1/1] (0.00ns)   --->   "%zext_ln22_2 = zext i1 %tmp_145" [top.cpp:22]   --->   Operation 756 'zext' 'zext_ln22_2' <Predicate = (trunc_ln15_2)> <Delay = 0.00>
ST_39 : Operation 757 [1/1] (1.20ns)   --->   "%add_ln22_11 = add i32 %trunc_ln22_5, i32 %zext_ln22_2" [top.cpp:22]   --->   Operation 757 'add' 'add_ln22_11' <Predicate = (trunc_ln15_2)> <Delay = 1.20> <CoreInst = "Adder">   --->   Core 1 'Adder' <Latency = 0> <II = 1> <Delay = 1.20> <FuncUnit> <Opcode : 'add' 'sub'> <InPorts = 2> <OutPorts = 1>
ST_39 : Operation 758 [1/1] (0.00ns)   --->   "%tmp_147 = bitselect i1 @_ssdm_op_BitSelect.i1.i32.i32, i32 %add_ln22_11, i32 31" [top.cpp:22]   --->   Operation 758 'bitselect' 'tmp_147' <Predicate = (trunc_ln15_2)> <Delay = 0.00>
ST_39 : Operation 759 [1/1] (0.00ns) (grouped into LUT with out node and_ln22_12)   --->   "%xor_ln22_10 = xor i1 %tmp_147, i1 1" [top.cpp:22]   --->   Operation 759 'xor' 'xor_ln22_10' <Predicate = (trunc_ln15_2)> <Delay = 0.00> <CoreInst = "LogicGate">   --->   Core 74 'LogicGate' <Latency = 0> <II = 1> <Delay = 0.33> <FuncUnit> <Opcode : 'and' 'or' 'xor'> <InPorts = 2> <OutPorts = 1>
ST_39 : Operation 760 [1/1] (0.33ns) (out node of the LUT)   --->   "%and_ln22_12 = and i1 %tmp_146, i1 %xor_ln22_10" [top.cpp:22]   --->   Operation 760 'and' 'and_ln22_12' <Predicate = (trunc_ln15_2)> <Delay = 0.33> <CoreInst = "LogicGate">   --->   Core 74 'LogicGate' <Latency = 0> <II = 1> <Delay = 0.33> <FuncUnit> <Opcode : 'and' 'or' 'xor'> <InPorts = 2> <OutPorts = 1>
ST_39 : Operation 761 [1/1] (0.00ns) (grouped into LUT with out node and_ln22_16)   --->   "%tmp_148 = bitselect i1 @_ssdm_op_BitSelect.i1.i66.i32, i66 %add_ln22_10, i32 48" [top.cpp:22]   --->   Operation 761 'bitselect' 'tmp_148' <Predicate = (trunc_ln15_2)> <Delay = 0.00>
ST_39 : Operation 762 [1/1] (0.00ns)   --->   "%tmp_33 = partselect i17 @_ssdm_op_PartSelect.i17.i66.i32.i32, i66 %add_ln22_10, i32 49, i32 65" [top.cpp:22]   --->   Operation 762 'partselect' 'tmp_33' <Predicate = (trunc_ln15_2)> <Delay = 0.00>
ST_39 : Operation 763 [1/1] (1.02ns)   --->   "%icmp_ln22_6 = icmp_eq  i17 %tmp_33, i17 131071" [top.cpp:22]   --->   Operation 763 'icmp' 'icmp_ln22_6' <Predicate = (trunc_ln15_2)> <Delay = 1.02> <CoreInst = "Cmp">   --->   Core 9 'Cmp' <Latency = 0> <II = 1> <Delay = 1.02> <FuncUnit> <Opcode : 'seteq' 'setne' 'setle' 'setge' 'setlt' 'setgt'> <InPorts = 2> <OutPorts = 1>
ST_39 : Operation 764 [1/1] (0.00ns)   --->   "%tmp_34 = partselect i18 @_ssdm_op_PartSelect.i18.i66.i32.i32, i66 %add_ln22_10, i32 48, i32 65" [top.cpp:22]   --->   Operation 764 'partselect' 'tmp_34' <Predicate = (trunc_ln15_2)> <Delay = 0.00>
ST_39 : Operation 765 [1/1] (1.03ns)   --->   "%icmp_ln22_7 = icmp_eq  i18 %tmp_34, i18 262143" [top.cpp:22]   --->   Operation 765 'icmp' 'icmp_ln22_7' <Predicate = (trunc_ln15_2)> <Delay = 1.03> <CoreInst = "Cmp">   --->   Core 9 'Cmp' <Latency = 0> <II = 1> <Delay = 1.03> <FuncUnit> <Opcode : 'seteq' 'setne' 'setle' 'setge' 'setlt' 'setgt'> <InPorts = 2> <OutPorts = 1>
ST_39 : Operation 766 [1/1] (1.03ns)   --->   "%icmp_ln22_8 = icmp_eq  i18 %tmp_34, i18 0" [top.cpp:22]   --->   Operation 766 'icmp' 'icmp_ln22_8' <Predicate = (trunc_ln15_2)> <Delay = 1.03> <CoreInst = "Cmp">   --->   Core 9 'Cmp' <Latency = 0> <II = 1> <Delay = 1.03> <FuncUnit> <Opcode : 'seteq' 'setne' 'setle' 'setge' 'setlt' 'setgt'> <InPorts = 2> <OutPorts = 1>
ST_39 : Operation 767 [1/1] (0.00ns) (grouped into LUT with out node and_ln22_15)   --->   "%select_ln22_8 = select i1 %and_ln22_12, i1 %icmp_ln22_7, i1 %icmp_ln22_8" [top.cpp:22]   --->   Operation 767 'select' 'select_ln22_8' <Predicate = (trunc_ln15_2)> <Delay = 0.00> <CoreInst = "Sel">   --->   Core 73 'Sel' <Latency = 0> <II = 1> <Delay = 0.26> <FuncUnit> <Opcode : 'select'> <InPorts = 3> <OutPorts = 1>
ST_39 : Operation 768 [1/1] (0.00ns) (grouped into LUT with out node and_ln22_16)   --->   "%xor_ln22_11 = xor i1 %tmp_148, i1 1" [top.cpp:22]   --->   Operation 768 'xor' 'xor_ln22_11' <Predicate = (trunc_ln15_2)> <Delay = 0.00> <CoreInst = "LogicGate">   --->   Core 74 'LogicGate' <Latency = 0> <II = 1> <Delay = 0.33> <FuncUnit> <Opcode : 'and' 'or' 'xor'> <InPorts = 2> <OutPorts = 1>
ST_39 : Operation 769 [1/1] (0.00ns) (grouped into LUT with out node and_ln22_16)   --->   "%and_ln22_13 = and i1 %icmp_ln22_6, i1 %xor_ln22_11" [top.cpp:22]   --->   Operation 769 'and' 'and_ln22_13' <Predicate = (trunc_ln15_2)> <Delay = 0.00> <CoreInst = "LogicGate">   --->   Core 74 'LogicGate' <Latency = 0> <II = 1> <Delay = 0.33> <FuncUnit> <Opcode : 'and' 'or' 'xor'> <InPorts = 2> <OutPorts = 1>
ST_39 : Operation 770 [1/1] (0.00ns) (grouped into LUT with out node and_ln22_16)   --->   "%select_ln22_9 = select i1 %and_ln22_12, i1 %and_ln22_13, i1 %icmp_ln22_7" [top.cpp:22]   --->   Operation 770 'select' 'select_ln22_9' <Predicate = (trunc_ln15_2)> <Delay = 0.00> <CoreInst = "Sel">   --->   Core 73 'Sel' <Latency = 0> <II = 1> <Delay = 0.26> <FuncUnit> <Opcode : 'select'> <InPorts = 3> <OutPorts = 1>
ST_39 : Operation 771 [1/1] (0.00ns) (grouped into LUT with out node or_ln22_5)   --->   "%and_ln22_14 = and i1 %and_ln22_12, i1 %icmp_ln22_7" [top.cpp:22]   --->   Operation 771 'and' 'and_ln22_14' <Predicate = (trunc_ln15_2)> <Delay = 0.00> <CoreInst = "LogicGate">   --->   Core 74 'LogicGate' <Latency = 0> <II = 1> <Delay = 0.33> <FuncUnit> <Opcode : 'and' 'or' 'xor'> <InPorts = 2> <OutPorts = 1>
ST_39 : Operation 772 [1/1] (0.00ns) (grouped into LUT with out node and_ln22_15)   --->   "%xor_ln22_12 = xor i1 %select_ln22_8, i1 1" [top.cpp:22]   --->   Operation 772 'xor' 'xor_ln22_12' <Predicate = (trunc_ln15_2)> <Delay = 0.00> <CoreInst = "LogicGate">   --->   Core 74 'LogicGate' <Latency = 0> <II = 1> <Delay = 0.33> <FuncUnit> <Opcode : 'and' 'or' 'xor'> <InPorts = 2> <OutPorts = 1>
ST_39 : Operation 773 [1/1] (0.00ns) (grouped into LUT with out node and_ln22_15)   --->   "%or_ln22_4 = or i1 %tmp_147, i1 %xor_ln22_12" [top.cpp:22]   --->   Operation 773 'or' 'or_ln22_4' <Predicate = (trunc_ln15_2)> <Delay = 0.00> <CoreInst = "LogicGate">   --->   Core 74 'LogicGate' <Latency = 0> <II = 1> <Delay = 0.33> <FuncUnit> <Opcode : 'and' 'or' 'xor'> <InPorts = 2> <OutPorts = 1>
ST_39 : Operation 774 [1/1] (0.00ns) (grouped into LUT with out node and_ln22_15)   --->   "%xor_ln22_13 = xor i1 %tmp_144, i1 1" [top.cpp:22]   --->   Operation 774 'xor' 'xor_ln22_13' <Predicate = (trunc_ln15_2)> <Delay = 0.00> <CoreInst = "LogicGate">   --->   Core 74 'LogicGate' <Latency = 0> <II = 1> <Delay = 0.33> <FuncUnit> <Opcode : 'and' 'or' 'xor'> <InPorts = 2> <OutPorts = 1>
ST_39 : Operation 775 [1/1] (0.33ns) (out node of the LUT)   --->   "%and_ln22_15 = and i1 %or_ln22_4, i1 %xor_ln22_13" [top.cpp:22]   --->   Operation 775 'and' 'and_ln22_15' <Predicate = (trunc_ln15_2)> <Delay = 0.33> <CoreInst = "LogicGate">   --->   Core 74 'LogicGate' <Latency = 0> <II = 1> <Delay = 0.33> <FuncUnit> <Opcode : 'and' 'or' 'xor'> <InPorts = 2> <OutPorts = 1>
ST_39 : Operation 776 [1/1] (0.33ns) (out node of the LUT)   --->   "%and_ln22_16 = and i1 %tmp_147, i1 %select_ln22_9" [top.cpp:22]   --->   Operation 776 'and' 'and_ln22_16' <Predicate = (trunc_ln15_2)> <Delay = 0.33> <CoreInst = "LogicGate">   --->   Core 74 'LogicGate' <Latency = 0> <II = 1> <Delay = 0.33> <FuncUnit> <Opcode : 'and' 'or' 'xor'> <InPorts = 2> <OutPorts = 1>
ST_39 : Operation 777 [1/1] (0.00ns) (grouped into LUT with out node or_ln22_5)   --->   "%or_ln22_8 = or i1 %and_ln22_14, i1 %and_ln22_16" [top.cpp:22]   --->   Operation 777 'or' 'or_ln22_8' <Predicate = (trunc_ln15_2)> <Delay = 0.00> <CoreInst = "LogicGate">   --->   Core 74 'LogicGate' <Latency = 0> <II = 1> <Delay = 0.33> <FuncUnit> <Opcode : 'and' 'or' 'xor'> <InPorts = 2> <OutPorts = 1>
ST_39 : Operation 778 [1/1] (0.00ns) (grouped into LUT with out node or_ln22_5)   --->   "%xor_ln22_14 = xor i1 %or_ln22_8, i1 1" [top.cpp:22]   --->   Operation 778 'xor' 'xor_ln22_14' <Predicate = (trunc_ln15_2)> <Delay = 0.00> <CoreInst = "LogicGate">   --->   Core 74 'LogicGate' <Latency = 0> <II = 1> <Delay = 0.33> <FuncUnit> <Opcode : 'and' 'or' 'xor'> <InPorts = 2> <OutPorts = 1>
ST_39 : Operation 779 [1/1] (0.00ns) (grouped into LUT with out node or_ln22_5)   --->   "%and_ln22_17 = and i1 %tmp_144, i1 %xor_ln22_14" [top.cpp:22]   --->   Operation 779 'and' 'and_ln22_17' <Predicate = (trunc_ln15_2)> <Delay = 0.00> <CoreInst = "LogicGate">   --->   Core 74 'LogicGate' <Latency = 0> <II = 1> <Delay = 0.33> <FuncUnit> <Opcode : 'and' 'or' 'xor'> <InPorts = 2> <OutPorts = 1>
ST_39 : Operation 780 [1/1] (0.00ns) (grouped into LUT with out node out_verts_z_2)   --->   "%select_ln22_10 = select i1 %and_ln22_15, i32 2147483647, i32 2147483648" [top.cpp:22]   --->   Operation 780 'select' 'select_ln22_10' <Predicate = (trunc_ln15_2)> <Delay = 0.00> <CoreInst = "Sel">   --->   Core 73 'Sel' <Latency = 0> <II = 1> <Delay = 0.52> <FuncUnit> <Opcode : 'select'> <InPorts = 3> <OutPorts = 1>
ST_39 : Operation 781 [1/1] (0.33ns) (out node of the LUT)   --->   "%or_ln22_5 = or i1 %and_ln22_15, i1 %and_ln22_17" [top.cpp:22]   --->   Operation 781 'or' 'or_ln22_5' <Predicate = (trunc_ln15_2)> <Delay = 0.33> <CoreInst = "LogicGate">   --->   Core 74 'LogicGate' <Latency = 0> <II = 1> <Delay = 0.33> <FuncUnit> <Opcode : 'and' 'or' 'xor'> <InPorts = 2> <OutPorts = 1>
ST_39 : Operation 782 [1/1] (0.52ns) (out node of the LUT)   --->   "%out_verts_z_2 = select i1 %or_ln22_5, i32 %select_ln22_10, i32 %add_ln22_11" [top.cpp:22]   --->   Operation 782 'select' 'out_verts_z_2' <Predicate = (trunc_ln15_2)> <Delay = 0.52> <CoreInst = "Sel">   --->   Core 73 'Sel' <Latency = 0> <II = 1> <Delay = 0.52> <FuncUnit> <Opcode : 'select'> <InPorts = 3> <OutPorts = 1>
ST_39 : Operation 783 [1/1] (3.88ns)   --->   "%mul_ln23_9 = mul i64 %sext_ln20_19, i64 %conv7_i281_i_cast" [top.cpp:23]   --->   Operation 783 'mul' 'mul_ln23_9' <Predicate = (trunc_ln15_2)> <Delay = 3.88> <CoreInst = "Multiplier">   --->   Core 3 'Multiplier' <Latency = 0> <II = 1> <Delay = 3.88> <FuncUnit> <Opcode : 'mul'> <InPorts = 2> <OutPorts = 1>
ST_39 : Operation 784 [1/1] (0.00ns)   --->   "%sext_ln23_10 = sext i64 %mul_ln23_8" [top.cpp:23]   --->   Operation 784 'sext' 'sext_ln23_10' <Predicate = (trunc_ln15_2)> <Delay = 0.00>
ST_39 : Operation 785 [1/1] (0.00ns)   --->   "%sext_ln23_11 = sext i64 %mul_ln23_9" [top.cpp:23]   --->   Operation 785 'sext' 'sext_ln23_11' <Predicate = (trunc_ln15_2)> <Delay = 0.00>
ST_39 : Operation 786 [1/1] (3.88ns)   --->   "%mul_ln23_10 = mul i64 %sext_ln20_22, i64 %conv7_i195_i_cast" [top.cpp:23]   --->   Operation 786 'mul' 'mul_ln23_10' <Predicate = (trunc_ln15_2)> <Delay = 3.88> <CoreInst = "Multiplier">   --->   Core 3 'Multiplier' <Latency = 0> <II = 1> <Delay = 3.88> <FuncUnit> <Opcode : 'mul'> <InPorts = 2> <OutPorts = 1>
ST_39 : Operation 787 [1/1] (0.00ns)   --->   "%sext_ln23_12 = sext i64 %mul_ln23_10" [top.cpp:23]   --->   Operation 787 'sext' 'sext_ln23_12' <Predicate = (trunc_ln15_2)> <Delay = 0.00>
ST_39 : Operation 788 [1/1] (0.00ns) (grouped into TernaryAdder)   --->   "%add_ln23_8 = add i65 %sext_ln23_11, i65 %sext_ln23_12" [top.cpp:23]   --->   Operation 788 'add' 'add_ln23_8' <Predicate = (trunc_ln15_2)> <Delay = 0.00> <CoreInst = "TAddSub">   --->   Core 10 'TAddSub' <Latency = 0> <II = 1> <Delay = 0.50> <IPBlock> <Opcode : 'add' 'sub'> <InPorts = 3> <OutPorts = 1> <Sync> <CReg>
ST_39 : Operation 789 [1/1] (1.01ns) (root node of TernaryAdder)   --->   "%add_ln23_9 = add i65 %add_ln23_8, i65 %sext_ln23_10" [top.cpp:23]   --->   Operation 789 'add' 'add_ln23_9' <Predicate = (trunc_ln15_2)> <Delay = 1.01> <CoreInst = "TAddSub">   --->   Core 10 'TAddSub' <Latency = 0> <II = 1> <Delay = 0.50> <IPBlock> <Opcode : 'add' 'sub'> <InPorts = 3> <OutPorts = 1> <Sync> <CReg>
ST_39 : Operation 790 [1/1] (3.88ns)   --->   "%mul_ln23_11 = mul i64 %sext_ln20_24, i64 %conv7_i109_i_cast" [top.cpp:23]   --->   Operation 790 'mul' 'mul_ln23_11' <Predicate = (trunc_ln15_2)> <Delay = 3.88> <CoreInst = "Multiplier">   --->   Core 3 'Multiplier' <Latency = 0> <II = 1> <Delay = 3.88> <FuncUnit> <Opcode : 'mul'> <InPorts = 2> <OutPorts = 1>
ST_39 : Operation 791 [1/1] ( I:1.35ns O:1.35ns )   --->   "%store_ln28 = store i32 %out_verts_z_2, i7 %clip_tris_v2_z_addr" [top.cpp:28]   --->   Operation 791 'store' 'store_ln28' <Predicate = (trunc_ln15_2)> <Delay = 1.35> <CoreInst = "RAM">   --->   Core 82 'RAM' <Latency = 1> <II = 1> <Delay = 1.35> <Storage> <Opcode : 'load' 'store'> <Ports = 2> <Width = 32> <Depth = 128> <RAM>

State 40 <SV = 39> <Delay = 5.54>
ST_40 : Operation 792 [1/1] (0.00ns)   --->   "%sext_ln23_13 = sext i65 %add_ln23_9" [top.cpp:23]   --->   Operation 792 'sext' 'sext_ln23_13' <Predicate = (trunc_ln15_2)> <Delay = 0.00>
ST_40 : Operation 793 [1/1] (0.00ns)   --->   "%sext_ln23_14 = sext i64 %mul_ln23_11" [top.cpp:23]   --->   Operation 793 'sext' 'sext_ln23_14' <Predicate = (trunc_ln15_2)> <Delay = 0.00>
ST_40 : Operation 794 [1/1] (1.47ns)   --->   "%add_ln23_10 = add i66 %sext_ln23_13, i66 %sext_ln23_14" [top.cpp:23]   --->   Operation 794 'add' 'add_ln23_10' <Predicate = (trunc_ln15_2)> <Delay = 1.47> <CoreInst = "Adder">   --->   Core 1 'Adder' <Latency = 0> <II = 1> <Delay = 1.47> <FuncUnit> <Opcode : 'add' 'sub'> <InPorts = 2> <OutPorts = 1>
ST_40 : Operation 795 [1/1] (0.00ns)   --->   "%tmp_149 = bitselect i1 @_ssdm_op_BitSelect.i1.i66.i32, i66 %add_ln23_10, i32 65" [top.cpp:23]   --->   Operation 795 'bitselect' 'tmp_149' <Predicate = (trunc_ln15_2)> <Delay = 0.00>
ST_40 : Operation 796 [1/1] (0.00ns)   --->   "%trunc_ln23_5 = partselect i32 @_ssdm_op_PartSelect.i32.i66.i32.i32, i66 %add_ln23_10, i32 16, i32 47" [top.cpp:23]   --->   Operation 796 'partselect' 'trunc_ln23_5' <Predicate = (trunc_ln15_2)> <Delay = 0.00>
ST_40 : Operation 797 [1/1] (0.00ns)   --->   "%tmp_150 = bitselect i1 @_ssdm_op_BitSelect.i1.i66.i32, i66 %add_ln23_10, i32 15" [top.cpp:23]   --->   Operation 797 'bitselect' 'tmp_150' <Predicate = (trunc_ln15_2)> <Delay = 0.00>
ST_40 : Operation 798 [1/1] (0.00ns) (grouped into LUT with out node and_ln23_12)   --->   "%tmp_151 = bitselect i1 @_ssdm_op_BitSelect.i1.i66.i32, i66 %add_ln23_10, i32 47" [top.cpp:23]   --->   Operation 798 'bitselect' 'tmp_151' <Predicate = (trunc_ln15_2)> <Delay = 0.00>
ST_40 : Operation 799 [1/1] (0.00ns)   --->   "%zext_ln23_2 = zext i1 %tmp_150" [top.cpp:23]   --->   Operation 799 'zext' 'zext_ln23_2' <Predicate = (trunc_ln15_2)> <Delay = 0.00>
ST_40 : Operation 800 [1/1] (1.20ns)   --->   "%add_ln23_11 = add i32 %trunc_ln23_5, i32 %zext_ln23_2" [top.cpp:23]   --->   Operation 800 'add' 'add_ln23_11' <Predicate = (trunc_ln15_2)> <Delay = 1.20> <CoreInst = "Adder">   --->   Core 1 'Adder' <Latency = 0> <II = 1> <Delay = 1.20> <FuncUnit> <Opcode : 'add' 'sub'> <InPorts = 2> <OutPorts = 1>
ST_40 : Operation 801 [1/1] (0.00ns)   --->   "%tmp_152 = bitselect i1 @_ssdm_op_BitSelect.i1.i32.i32, i32 %add_ln23_11, i32 31" [top.cpp:23]   --->   Operation 801 'bitselect' 'tmp_152' <Predicate = (trunc_ln15_2)> <Delay = 0.00>
ST_40 : Operation 802 [1/1] (0.00ns) (grouped into LUT with out node and_ln23_12)   --->   "%xor_ln23_10 = xor i1 %tmp_152, i1 1" [top.cpp:23]   --->   Operation 802 'xor' 'xor_ln23_10' <Predicate = (trunc_ln15_2)> <Delay = 0.00> <CoreInst = "LogicGate">   --->   Core 74 'LogicGate' <Latency = 0> <II = 1> <Delay = 0.33> <FuncUnit> <Opcode : 'and' 'or' 'xor'> <InPorts = 2> <OutPorts = 1>
ST_40 : Operation 803 [1/1] (0.33ns) (out node of the LUT)   --->   "%and_ln23_12 = and i1 %tmp_151, i1 %xor_ln23_10" [top.cpp:23]   --->   Operation 803 'and' 'and_ln23_12' <Predicate = (trunc_ln15_2)> <Delay = 0.33> <CoreInst = "LogicGate">   --->   Core 74 'LogicGate' <Latency = 0> <II = 1> <Delay = 0.33> <FuncUnit> <Opcode : 'and' 'or' 'xor'> <InPorts = 2> <OutPorts = 1>
ST_40 : Operation 804 [1/1] (0.00ns) (grouped into LUT with out node and_ln23_16)   --->   "%tmp_153 = bitselect i1 @_ssdm_op_BitSelect.i1.i66.i32, i66 %add_ln23_10, i32 48" [top.cpp:23]   --->   Operation 804 'bitselect' 'tmp_153' <Predicate = (trunc_ln15_2)> <Delay = 0.00>
ST_40 : Operation 805 [1/1] (0.00ns)   --->   "%tmp_35 = partselect i17 @_ssdm_op_PartSelect.i17.i66.i32.i32, i66 %add_ln23_10, i32 49, i32 65" [top.cpp:23]   --->   Operation 805 'partselect' 'tmp_35' <Predicate = (trunc_ln15_2)> <Delay = 0.00>
ST_40 : Operation 806 [1/1] (1.02ns)   --->   "%icmp_ln23_6 = icmp_eq  i17 %tmp_35, i17 131071" [top.cpp:23]   --->   Operation 806 'icmp' 'icmp_ln23_6' <Predicate = (trunc_ln15_2)> <Delay = 1.02> <CoreInst = "Cmp">   --->   Core 9 'Cmp' <Latency = 0> <II = 1> <Delay = 1.02> <FuncUnit> <Opcode : 'seteq' 'setne' 'setle' 'setge' 'setlt' 'setgt'> <InPorts = 2> <OutPorts = 1>
ST_40 : Operation 807 [1/1] (0.00ns)   --->   "%tmp_36 = partselect i18 @_ssdm_op_PartSelect.i18.i66.i32.i32, i66 %add_ln23_10, i32 48, i32 65" [top.cpp:23]   --->   Operation 807 'partselect' 'tmp_36' <Predicate = (trunc_ln15_2)> <Delay = 0.00>
ST_40 : Operation 808 [1/1] (1.03ns)   --->   "%icmp_ln23_7 = icmp_eq  i18 %tmp_36, i18 262143" [top.cpp:23]   --->   Operation 808 'icmp' 'icmp_ln23_7' <Predicate = (trunc_ln15_2)> <Delay = 1.03> <CoreInst = "Cmp">   --->   Core 9 'Cmp' <Latency = 0> <II = 1> <Delay = 1.03> <FuncUnit> <Opcode : 'seteq' 'setne' 'setle' 'setge' 'setlt' 'setgt'> <InPorts = 2> <OutPorts = 1>
ST_40 : Operation 809 [1/1] (1.03ns)   --->   "%icmp_ln23_8 = icmp_eq  i18 %tmp_36, i18 0" [top.cpp:23]   --->   Operation 809 'icmp' 'icmp_ln23_8' <Predicate = (trunc_ln15_2)> <Delay = 1.03> <CoreInst = "Cmp">   --->   Core 9 'Cmp' <Latency = 0> <II = 1> <Delay = 1.03> <FuncUnit> <Opcode : 'seteq' 'setne' 'setle' 'setge' 'setlt' 'setgt'> <InPorts = 2> <OutPorts = 1>
ST_40 : Operation 810 [1/1] (0.00ns) (grouped into LUT with out node and_ln23_15)   --->   "%select_ln23_8 = select i1 %and_ln23_12, i1 %icmp_ln23_7, i1 %icmp_ln23_8" [top.cpp:23]   --->   Operation 810 'select' 'select_ln23_8' <Predicate = (trunc_ln15_2)> <Delay = 0.00> <CoreInst = "Sel">   --->   Core 73 'Sel' <Latency = 0> <II = 1> <Delay = 0.26> <FuncUnit> <Opcode : 'select'> <InPorts = 3> <OutPorts = 1>
ST_40 : Operation 811 [1/1] (0.00ns) (grouped into LUT with out node and_ln23_16)   --->   "%xor_ln23_11 = xor i1 %tmp_153, i1 1" [top.cpp:23]   --->   Operation 811 'xor' 'xor_ln23_11' <Predicate = (trunc_ln15_2)> <Delay = 0.00> <CoreInst = "LogicGate">   --->   Core 74 'LogicGate' <Latency = 0> <II = 1> <Delay = 0.33> <FuncUnit> <Opcode : 'and' 'or' 'xor'> <InPorts = 2> <OutPorts = 1>
ST_40 : Operation 812 [1/1] (0.00ns) (grouped into LUT with out node and_ln23_16)   --->   "%and_ln23_13 = and i1 %icmp_ln23_6, i1 %xor_ln23_11" [top.cpp:23]   --->   Operation 812 'and' 'and_ln23_13' <Predicate = (trunc_ln15_2)> <Delay = 0.00> <CoreInst = "LogicGate">   --->   Core 74 'LogicGate' <Latency = 0> <II = 1> <Delay = 0.33> <FuncUnit> <Opcode : 'and' 'or' 'xor'> <InPorts = 2> <OutPorts = 1>
ST_40 : Operation 813 [1/1] (0.00ns) (grouped into LUT with out node and_ln23_16)   --->   "%select_ln23_9 = select i1 %and_ln23_12, i1 %and_ln23_13, i1 %icmp_ln23_7" [top.cpp:23]   --->   Operation 813 'select' 'select_ln23_9' <Predicate = (trunc_ln15_2)> <Delay = 0.00> <CoreInst = "Sel">   --->   Core 73 'Sel' <Latency = 0> <II = 1> <Delay = 0.26> <FuncUnit> <Opcode : 'select'> <InPorts = 3> <OutPorts = 1>
ST_40 : Operation 814 [1/1] (0.00ns) (grouped into LUT with out node or_ln23_5)   --->   "%and_ln23_14 = and i1 %and_ln23_12, i1 %icmp_ln23_7" [top.cpp:23]   --->   Operation 814 'and' 'and_ln23_14' <Predicate = (trunc_ln15_2)> <Delay = 0.00> <CoreInst = "LogicGate">   --->   Core 74 'LogicGate' <Latency = 0> <II = 1> <Delay = 0.33> <FuncUnit> <Opcode : 'and' 'or' 'xor'> <InPorts = 2> <OutPorts = 1>
ST_40 : Operation 815 [1/1] (0.00ns) (grouped into LUT with out node and_ln23_15)   --->   "%xor_ln23_12 = xor i1 %select_ln23_8, i1 1" [top.cpp:23]   --->   Operation 815 'xor' 'xor_ln23_12' <Predicate = (trunc_ln15_2)> <Delay = 0.00> <CoreInst = "LogicGate">   --->   Core 74 'LogicGate' <Latency = 0> <II = 1> <Delay = 0.33> <FuncUnit> <Opcode : 'and' 'or' 'xor'> <InPorts = 2> <OutPorts = 1>
ST_40 : Operation 816 [1/1] (0.00ns) (grouped into LUT with out node and_ln23_15)   --->   "%or_ln23_4 = or i1 %tmp_152, i1 %xor_ln23_12" [top.cpp:23]   --->   Operation 816 'or' 'or_ln23_4' <Predicate = (trunc_ln15_2)> <Delay = 0.00> <CoreInst = "LogicGate">   --->   Core 74 'LogicGate' <Latency = 0> <II = 1> <Delay = 0.33> <FuncUnit> <Opcode : 'and' 'or' 'xor'> <InPorts = 2> <OutPorts = 1>
ST_40 : Operation 817 [1/1] (0.00ns) (grouped into LUT with out node and_ln23_15)   --->   "%xor_ln23_13 = xor i1 %tmp_149, i1 1" [top.cpp:23]   --->   Operation 817 'xor' 'xor_ln23_13' <Predicate = (trunc_ln15_2)> <Delay = 0.00> <CoreInst = "LogicGate">   --->   Core 74 'LogicGate' <Latency = 0> <II = 1> <Delay = 0.33> <FuncUnit> <Opcode : 'and' 'or' 'xor'> <InPorts = 2> <OutPorts = 1>
ST_40 : Operation 818 [1/1] (0.33ns) (out node of the LUT)   --->   "%and_ln23_15 = and i1 %or_ln23_4, i1 %xor_ln23_13" [top.cpp:23]   --->   Operation 818 'and' 'and_ln23_15' <Predicate = (trunc_ln15_2)> <Delay = 0.33> <CoreInst = "LogicGate">   --->   Core 74 'LogicGate' <Latency = 0> <II = 1> <Delay = 0.33> <FuncUnit> <Opcode : 'and' 'or' 'xor'> <InPorts = 2> <OutPorts = 1>
ST_40 : Operation 819 [1/1] (0.33ns) (out node of the LUT)   --->   "%and_ln23_16 = and i1 %tmp_152, i1 %select_ln23_9" [top.cpp:23]   --->   Operation 819 'and' 'and_ln23_16' <Predicate = (trunc_ln15_2)> <Delay = 0.33> <CoreInst = "LogicGate">   --->   Core 74 'LogicGate' <Latency = 0> <II = 1> <Delay = 0.33> <FuncUnit> <Opcode : 'and' 'or' 'xor'> <InPorts = 2> <OutPorts = 1>
ST_40 : Operation 820 [1/1] (0.00ns) (grouped into LUT with out node or_ln23_5)   --->   "%or_ln23_8 = or i1 %and_ln23_14, i1 %and_ln23_16" [top.cpp:23]   --->   Operation 820 'or' 'or_ln23_8' <Predicate = (trunc_ln15_2)> <Delay = 0.00> <CoreInst = "LogicGate">   --->   Core 74 'LogicGate' <Latency = 0> <II = 1> <Delay = 0.33> <FuncUnit> <Opcode : 'and' 'or' 'xor'> <InPorts = 2> <OutPorts = 1>
ST_40 : Operation 821 [1/1] (0.00ns) (grouped into LUT with out node or_ln23_5)   --->   "%xor_ln23_14 = xor i1 %or_ln23_8, i1 1" [top.cpp:23]   --->   Operation 821 'xor' 'xor_ln23_14' <Predicate = (trunc_ln15_2)> <Delay = 0.00> <CoreInst = "LogicGate">   --->   Core 74 'LogicGate' <Latency = 0> <II = 1> <Delay = 0.33> <FuncUnit> <Opcode : 'and' 'or' 'xor'> <InPorts = 2> <OutPorts = 1>
ST_40 : Operation 822 [1/1] (0.00ns) (grouped into LUT with out node or_ln23_5)   --->   "%and_ln23_17 = and i1 %tmp_149, i1 %xor_ln23_14" [top.cpp:23]   --->   Operation 822 'and' 'and_ln23_17' <Predicate = (trunc_ln15_2)> <Delay = 0.00> <CoreInst = "LogicGate">   --->   Core 74 'LogicGate' <Latency = 0> <II = 1> <Delay = 0.33> <FuncUnit> <Opcode : 'and' 'or' 'xor'> <InPorts = 2> <OutPorts = 1>
ST_40 : Operation 823 [1/1] (0.00ns) (grouped into LUT with out node select_ln23_11)   --->   "%select_ln23_10 = select i1 %and_ln23_15, i32 2147483647, i32 2147483648" [top.cpp:23]   --->   Operation 823 'select' 'select_ln23_10' <Predicate = (trunc_ln15_2)> <Delay = 0.00> <CoreInst = "Sel">   --->   Core 73 'Sel' <Latency = 0> <II = 1> <Delay = 0.52> <FuncUnit> <Opcode : 'select'> <InPorts = 3> <OutPorts = 1>
ST_40 : Operation 824 [1/1] (0.33ns) (out node of the LUT)   --->   "%or_ln23_5 = or i1 %and_ln23_15, i1 %and_ln23_17" [top.cpp:23]   --->   Operation 824 'or' 'or_ln23_5' <Predicate = (trunc_ln15_2)> <Delay = 0.33> <CoreInst = "LogicGate">   --->   Core 74 'LogicGate' <Latency = 0> <II = 1> <Delay = 0.33> <FuncUnit> <Opcode : 'and' 'or' 'xor'> <InPorts = 2> <OutPorts = 1>
ST_40 : Operation 825 [1/1] (0.52ns) (out node of the LUT)   --->   "%select_ln23_11 = select i1 %or_ln23_5, i32 %select_ln23_10, i32 %add_ln23_11" [top.cpp:23]   --->   Operation 825 'select' 'select_ln23_11' <Predicate = (trunc_ln15_2)> <Delay = 0.52> <CoreInst = "Sel">   --->   Core 73 'Sel' <Latency = 0> <II = 1> <Delay = 0.52> <FuncUnit> <Opcode : 'select'> <InPorts = 3> <OutPorts = 1>
ST_40 : Operation 826 [1/1] ( I:1.35ns O:1.35ns )   --->   "%store_ln28 = store i32 %select_ln23_11, i7 %clip_tris_v2_w_addr" [top.cpp:28]   --->   Operation 826 'store' 'store_ln28' <Predicate = (trunc_ln15_2)> <Delay = 1.35> <CoreInst = "RAM">   --->   Core 82 'RAM' <Latency = 1> <II = 1> <Delay = 1.35> <Storage> <Opcode : 'load' 'store'> <Ports = 2> <Width = 32> <Depth = 128> <RAM>
ST_40 : Operation 827 [1/1] (0.00ns)   --->   "%br_ln29 = br void %for.inc146.i" [top.cpp:29]   --->   Operation 827 'br' 'br_ln29' <Predicate = (trunc_ln15_2)> <Delay = 0.00>
ST_40 : Operation 828 [1/1] (0.48ns)   --->   "%ret_ln0 = ret"   --->   Operation 828 'ret' 'ret_ln0' <Predicate = (icmp_ln10)> <Delay = 0.48>


============================================================
+ Verbose Summary: Timing violations
============================================================
Target clock period: 10.000ns, clock uncertainty: 2.700ns.

 <State 1>: 3.131ns
The critical path consists of the following:
	'store' operation 0 bit ('store_ln0') of constant 0 on local variable 'phi_mul' [78]  (0.489 ns)
	'load' operation 14 bit ('phi_mul_load', top.cpp:13) on local variable 'phi_mul' [81]  (0.000 ns)
	'add' operation 64 bit ('add_ln13', top.cpp:13) [89]  (1.470 ns)
	'icmp' operation 1 bit ('icmp_ln13', top.cpp:13) [113]  (0.897 ns)
	'select' operation 64 bit ('select_ln13', top.cpp:13) [114]  (0.275 ns)

 <State 2>: 7.300ns
The critical path consists of the following:
	'getelementptr' operation 1024 bit ('gmem0_addr', top.cpp:13) [117]  (0.000 ns)
	bus request operation ('empty', top.cpp:13) on port 'gmem0' (top.cpp:13) [118]  (7.300 ns)

 <State 3>: 7.300ns
The critical path consists of the following:
	bus request operation ('empty', top.cpp:13) on port 'gmem0' (top.cpp:13) [118]  (7.300 ns)

 <State 4>: 7.300ns
The critical path consists of the following:
	bus request operation ('empty', top.cpp:13) on port 'gmem0' (top.cpp:13) [118]  (7.300 ns)

 <State 5>: 7.300ns
The critical path consists of the following:
	bus request operation ('empty', top.cpp:13) on port 'gmem0' (top.cpp:13) [118]  (7.300 ns)

 <State 6>: 7.300ns
The critical path consists of the following:
	bus request operation ('empty', top.cpp:13) on port 'gmem0' (top.cpp:13) [118]  (7.300 ns)

 <State 7>: 7.300ns
The critical path consists of the following:
	bus request operation ('empty', top.cpp:13) on port 'gmem0' (top.cpp:13) [118]  (7.300 ns)

 <State 8>: 7.300ns
The critical path consists of the following:
	bus request operation ('empty', top.cpp:13) on port 'gmem0' (top.cpp:13) [118]  (7.300 ns)

 <State 9>: 7.300ns
The critical path consists of the following:
	bus request operation ('empty', top.cpp:13) on port 'gmem0' (top.cpp:13) [118]  (7.300 ns)

 <State 10>: 7.300ns
The critical path consists of the following:
	bus read operation ('gmem0_addr_read', top.cpp:13) on port 'gmem0' (top.cpp:13) [119]  (7.300 ns)

 <State 11>: 7.300ns
The critical path consists of the following:
	bus read operation ('gmem0_addr_read_1', top.cpp:13) on port 'gmem0' (top.cpp:13) [123]  (7.300 ns)

 <State 12>: 7.300ns
The critical path consists of the following:
	bus read operation ('gmem0_addr_1_read', top.cpp:15) on port 'gmem0' (top.cpp:15) [182]  (7.300 ns)

 <State 13>: 2.133ns
The critical path consists of the following:
	'lshr' operation 1017 bit ('lshr_ln15', top.cpp:15) [187]  (2.133 ns)
	multiplexor before 'phi' operation 120 bit ('phi_ln16', top.cpp:16) with incoming values : ('trunc_ln16', top.cpp:16) [201]  (0.000 ns)

 <State 14>: 7.300ns
The critical path consists of the following:
	bus request operation ('empty_59', top.cpp:16) on port 'gmem0' (top.cpp:16) [193]  (7.300 ns)

 <State 15>: 7.300ns
The critical path consists of the following:
	bus request operation ('empty_59', top.cpp:16) on port 'gmem0' (top.cpp:16) [193]  (7.300 ns)

 <State 16>: 7.300ns
The critical path consists of the following:
	bus request operation ('empty_59', top.cpp:16) on port 'gmem0' (top.cpp:16) [193]  (7.300 ns)

 <State 17>: 7.300ns
The critical path consists of the following:
	bus request operation ('empty_59', top.cpp:16) on port 'gmem0' (top.cpp:16) [193]  (7.300 ns)

 <State 18>: 7.300ns
The critical path consists of the following:
	bus request operation ('empty_59', top.cpp:16) on port 'gmem0' (top.cpp:16) [193]  (7.300 ns)

 <State 19>: 7.300ns
The critical path consists of the following:
	bus request operation ('empty_59', top.cpp:16) on port 'gmem0' (top.cpp:16) [193]  (7.300 ns)

 <State 20>: 7.300ns
The critical path consists of the following:
	bus request operation ('empty_59', top.cpp:16) on port 'gmem0' (top.cpp:16) [193]  (7.300 ns)

 <State 21>: 7.300ns
The critical path consists of the following:
	bus request operation ('empty_59', top.cpp:16) on port 'gmem0' (top.cpp:16) [193]  (7.300 ns)

 <State 22>: 7.300ns
The critical path consists of the following:
	bus read operation ('gmem0_addr_read_2', top.cpp:16) on port 'gmem0' (top.cpp:16) [194]  (7.300 ns)

 <State 23>: 7.300ns
The critical path consists of the following:
	bus read operation ('gmem0_addr_read_3', top.cpp:16) on port 'gmem0' (top.cpp:16) [197]  (7.300 ns)

 <State 24>: 7.300ns
The critical path consists of the following:
	bus read operation ('gmem0_addr_2_read', top.cpp:16) on port 'gmem0' (top.cpp:16) [216]  (7.300 ns)

 <State 25>: 7.300ns
The critical path consists of the following:
	bus read operation ('gmem0_addr_2_read_1', top.cpp:16) on port 'gmem0' (top.cpp:16) [219]  (7.300 ns)

 <State 26>: 7.300ns
The critical path consists of the following:
	bus read operation ('gmem0_addr_3_read', top.cpp:16) on port 'gmem0' (top.cpp:16) [240]  (7.300 ns)

 <State 27>: 7.300ns
The critical path consists of the following:
	bus read operation ('gmem0_addr_3_read_1', top.cpp:16) on port 'gmem0' (top.cpp:16) [243]  (7.300 ns)

 <State 28>: 5.547ns
The critical path consists of the following:
	'add' operation 66 bit ('add_ln22_2', top.cpp:22) [357]  (1.474 ns)
	'add' operation 32 bit ('add_ln22_3', top.cpp:22) [363]  (1.203 ns)
	'xor' operation 1 bit ('xor_ln22', top.cpp:22) [365]  (0.000 ns)
	'and' operation 1 bit ('and_ln22', top.cpp:22) [366]  (0.331 ns)
	'select' operation 1 bit ('select_ln22', top.cpp:22) [373]  (0.000 ns)
	'xor' operation 1 bit ('xor_ln22_2', top.cpp:22) [378]  (0.000 ns)
	'or' operation 1 bit ('or_ln22', top.cpp:22) [379]  (0.000 ns)
	'and' operation 1 bit ('and_ln22_3', top.cpp:22) [381]  (0.331 ns)
	'or' operation 1 bit ('or_ln22_1', top.cpp:22) [387]  (0.331 ns)
	'select' operation 32 bit ('out_verts.z', top.cpp:22) [388]  (0.525 ns)
	'store' operation 0 bit ('store_ln26', top.cpp:26) of variable 'out_verts.z', top.cpp:22 on array 'clip_tris_v0_z' [786]  (1.352 ns)

 <State 29>: 7.219ns
The critical path consists of the following:
	'mul' operation 64 bit ('mul_ln23_3', top.cpp:23) [397]  (3.880 ns)
	'add' operation 66 bit ('add_ln23_2', top.cpp:23) [400]  (1.474 ns)
	'add' operation 32 bit ('add_ln23_3', top.cpp:23) [406]  (1.203 ns)
	'xor' operation 1 bit ('xor_ln23', top.cpp:23) [408]  (0.000 ns)
	'and' operation 1 bit ('and_ln23', top.cpp:23) [409]  (0.331 ns)
	'select' operation 1 bit ('select_ln23', top.cpp:23) [416]  (0.000 ns)
	'xor' operation 1 bit ('xor_ln23_2', top.cpp:23) [421]  (0.000 ns)
	'or' operation 1 bit ('or_ln23', top.cpp:23) [422]  (0.000 ns)
	'and' operation 1 bit ('and_ln23_3', top.cpp:23) [424]  (0.331 ns)

 <State 30>: 4.893ns
The critical path consists of the following:
	'mul' operation 64 bit ('mul_ln20_6', top.cpp:20) [439]  (3.880 ns)
	'add' operation 65 bit ('add_ln20_4', top.cpp:20) [441]  (0.000 ns)
	'add' operation 65 bit ('add_ln20_5', top.cpp:20) [442]  (1.013 ns)

 <State 31>: 5.547ns
The critical path consists of the following:
	'add' operation 66 bit ('add_ln20_6', top.cpp:20) [447]  (1.474 ns)
	'add' operation 32 bit ('add_ln20_7', top.cpp:20) [453]  (1.203 ns)
	'xor' operation 1 bit ('xor_ln20_5', top.cpp:20) [455]  (0.000 ns)
	'and' operation 1 bit ('and_ln20_6', top.cpp:20) [456]  (0.331 ns)
	'select' operation 1 bit ('select_ln20_4', top.cpp:20) [463]  (0.000 ns)
	'xor' operation 1 bit ('xor_ln20_7', top.cpp:20) [468]  (0.000 ns)
	'or' operation 1 bit ('or_ln20_2', top.cpp:20) [469]  (0.000 ns)
	'and' operation 1 bit ('and_ln20_9', top.cpp:20) [471]  (0.331 ns)
	'or' operation 1 bit ('or_ln20_3', top.cpp:20) [477]  (0.331 ns)
	'select' operation 32 bit ('out_verts.x', top.cpp:20) [478]  (0.525 ns)
	'store' operation 0 bit ('store_ln27', top.cpp:27) of variable 'out_verts.x', top.cpp:20 on array 'clip_tris_v1_x' [788]  (1.352 ns)

 <State 32>: 5.547ns
The critical path consists of the following:
	'add' operation 66 bit ('add_ln21_6', top.cpp:21) [490]  (1.474 ns)
	'add' operation 32 bit ('add_ln21_7', top.cpp:21) [496]  (1.203 ns)
	'xor' operation 1 bit ('xor_ln21_5', top.cpp:21) [498]  (0.000 ns)
	'and' operation 1 bit ('and_ln21_6', top.cpp:21) [499]  (0.331 ns)
	'select' operation 1 bit ('select_ln21_4', top.cpp:21) [506]  (0.000 ns)
	'xor' operation 1 bit ('xor_ln21_7', top.cpp:21) [511]  (0.000 ns)
	'or' operation 1 bit ('or_ln21_2', top.cpp:21) [512]  (0.000 ns)
	'and' operation 1 bit ('and_ln21_9', top.cpp:21) [514]  (0.331 ns)
	'or' operation 1 bit ('or_ln21_3', top.cpp:21) [520]  (0.331 ns)
	'select' operation 32 bit ('out_verts.y', top.cpp:21) [521]  (0.525 ns)
	'store' operation 0 bit ('store_ln27', top.cpp:27) of variable 'out_verts.y', top.cpp:21 on array 'clip_tris_v1_y' [789]  (1.352 ns)

 <State 33>: 7.219ns
The critical path consists of the following:
	'mul' operation 64 bit ('mul_ln22_7', top.cpp:22) [530]  (3.880 ns)
	'add' operation 66 bit ('add_ln22_6', top.cpp:22) [533]  (1.474 ns)
	'add' operation 32 bit ('add_ln22_7', top.cpp:22) [539]  (1.203 ns)
	'xor' operation 1 bit ('xor_ln22_5', top.cpp:22) [541]  (0.000 ns)
	'and' operation 1 bit ('and_ln22_6', top.cpp:22) [542]  (0.331 ns)
	'select' operation 1 bit ('select_ln22_4', top.cpp:22) [549]  (0.000 ns)
	'xor' operation 1 bit ('xor_ln22_7', top.cpp:22) [554]  (0.000 ns)
	'or' operation 1 bit ('or_ln22_2', top.cpp:22) [555]  (0.000 ns)
	'and' operation 1 bit ('and_ln22_9', top.cpp:22) [557]  (0.331 ns)

 <State 34>: 4.893ns
The critical path consists of the following:
	'mul' operation 64 bit ('mul_ln23_6', top.cpp:23) [569]  (3.880 ns)
	'add' operation 65 bit ('add_ln23_4', top.cpp:23) [571]  (0.000 ns)
	'add' operation 65 bit ('add_ln23_5', top.cpp:23) [572]  (1.013 ns)

 <State 35>: 5.547ns
The critical path consists of the following:
	'add' operation 66 bit ('add_ln23_6', top.cpp:23) [576]  (1.474 ns)
	'add' operation 32 bit ('add_ln23_7', top.cpp:23) [582]  (1.203 ns)
	'xor' operation 1 bit ('xor_ln23_5', top.cpp:23) [584]  (0.000 ns)
	'and' operation 1 bit ('and_ln23_6', top.cpp:23) [585]  (0.331 ns)
	'select' operation 1 bit ('select_ln23_4', top.cpp:23) [592]  (0.000 ns)
	'xor' operation 1 bit ('xor_ln23_7', top.cpp:23) [597]  (0.000 ns)
	'or' operation 1 bit ('or_ln23_2', top.cpp:23) [598]  (0.000 ns)
	'and' operation 1 bit ('and_ln23_9', top.cpp:23) [600]  (0.331 ns)
	'or' operation 1 bit ('or_ln23_3', top.cpp:23) [606]  (0.331 ns)
	'select' operation 32 bit ('out_verts.w', top.cpp:23) [607]  (0.525 ns)
	'store' operation 0 bit ('store_ln27', top.cpp:27) of variable 'out_verts.w', top.cpp:23 on array 'clip_tris_v1_w' [791]  (1.352 ns)

 <State 36>: 5.547ns
The critical path consists of the following:
	'add' operation 66 bit ('add_ln20_10', top.cpp:20) [623]  (1.474 ns)
	'add' operation 32 bit ('add_ln20_11', top.cpp:20) [629]  (1.203 ns)
	'xor' operation 1 bit ('xor_ln20_10', top.cpp:20) [631]  (0.000 ns)
	'and' operation 1 bit ('and_ln20_12', top.cpp:20) [632]  (0.331 ns)
	'select' operation 1 bit ('select_ln20_8', top.cpp:20) [639]  (0.000 ns)
	'xor' operation 1 bit ('xor_ln20_12', top.cpp:20) [644]  (0.000 ns)
	'or' operation 1 bit ('or_ln20_4', top.cpp:20) [645]  (0.000 ns)
	'and' operation 1 bit ('and_ln20_15', top.cpp:20) [647]  (0.331 ns)
	'or' operation 1 bit ('or_ln20_5', top.cpp:20) [653]  (0.331 ns)
	'select' operation 32 bit ('out_verts.x', top.cpp:20) [654]  (0.525 ns)
	'store' operation 0 bit ('store_ln28', top.cpp:28) of variable 'out_verts.x', top.cpp:20 on array 'clip_tris_v2_x' [792]  (1.352 ns)

 <State 37>: 7.219ns
The critical path consists of the following:
	'mul' operation 64 bit ('mul_ln21_11', top.cpp:21) [663]  (3.880 ns)
	'add' operation 66 bit ('add_ln21_10', top.cpp:21) [666]  (1.474 ns)
	'add' operation 32 bit ('add_ln21_11', top.cpp:21) [672]  (1.203 ns)
	'xor' operation 1 bit ('xor_ln21_10', top.cpp:21) [674]  (0.000 ns)
	'and' operation 1 bit ('and_ln21_12', top.cpp:21) [675]  (0.331 ns)
	'select' operation 1 bit ('select_ln21_8', top.cpp:21) [682]  (0.000 ns)
	'xor' operation 1 bit ('xor_ln21_12', top.cpp:21) [687]  (0.000 ns)
	'or' operation 1 bit ('or_ln21_4', top.cpp:21) [688]  (0.000 ns)
	'and' operation 1 bit ('and_ln21_15', top.cpp:21) [690]  (0.331 ns)

 <State 38>: 4.893ns
The critical path consists of the following:
	'mul' operation 64 bit ('mul_ln22_10', top.cpp:22) [702]  (3.880 ns)
	'add' operation 65 bit ('add_ln22_8', top.cpp:22) [704]  (0.000 ns)
	'add' operation 65 bit ('add_ln22_9', top.cpp:22) [705]  (1.013 ns)

 <State 39>: 5.547ns
The critical path consists of the following:
	'add' operation 66 bit ('add_ln22_10', top.cpp:22) [709]  (1.474 ns)
	'add' operation 32 bit ('add_ln22_11', top.cpp:22) [715]  (1.203 ns)
	'xor' operation 1 bit ('xor_ln22_10', top.cpp:22) [717]  (0.000 ns)
	'and' operation 1 bit ('and_ln22_12', top.cpp:22) [718]  (0.331 ns)
	'select' operation 1 bit ('select_ln22_8', top.cpp:22) [725]  (0.000 ns)
	'xor' operation 1 bit ('xor_ln22_12', top.cpp:22) [730]  (0.000 ns)
	'or' operation 1 bit ('or_ln22_4', top.cpp:22) [731]  (0.000 ns)
	'and' operation 1 bit ('and_ln22_15', top.cpp:22) [733]  (0.331 ns)
	'or' operation 1 bit ('or_ln22_5', top.cpp:22) [739]  (0.331 ns)
	'select' operation 32 bit ('out_verts.z', top.cpp:22) [740]  (0.525 ns)
	'store' operation 0 bit ('store_ln28', top.cpp:28) of variable 'out_verts.z', top.cpp:22 on array 'clip_tris_v2_z' [794]  (1.352 ns)

 <State 40>: 5.547ns
The critical path consists of the following:
	'add' operation 66 bit ('add_ln23_10', top.cpp:23) [752]  (1.474 ns)
	'add' operation 32 bit ('add_ln23_11', top.cpp:23) [758]  (1.203 ns)
	'xor' operation 1 bit ('xor_ln23_10', top.cpp:23) [760]  (0.000 ns)
	'and' operation 1 bit ('and_ln23_12', top.cpp:23) [761]  (0.331 ns)
	'select' operation 1 bit ('select_ln23_8', top.cpp:23) [768]  (0.000 ns)
	'xor' operation 1 bit ('xor_ln23_12', top.cpp:23) [773]  (0.000 ns)
	'or' operation 1 bit ('or_ln23_4', top.cpp:23) [774]  (0.000 ns)
	'and' operation 1 bit ('and_ln23_15', top.cpp:23) [776]  (0.331 ns)
	'or' operation 1 bit ('or_ln23_5', top.cpp:23) [782]  (0.331 ns)
	'select' operation 32 bit ('select_ln23_11', top.cpp:23) [783]  (0.525 ns)
	'store' operation 0 bit ('store_ln28', top.cpp:28) of variable 'select_ln23_11', top.cpp:23 on array 'clip_tris_v2_w' [795]  (1.352 ns)


============================================================
+ Verbose Summary: Binding
============================================================
N/A
* FSMD analyzer results:
  - Output states:
 - Input state : 
  - Chain level:
	State 1
	State 2
	State 3
	State 4
	State 5
	State 6
	State 7
	State 8
	State 9
	State 10
	State 11
	State 12
	State 13
	State 14
	State 15
	State 16
	State 17
	State 18
	State 19
	State 20
	State 21
	State 22
	State 23
	State 24
	State 25
	State 26
	State 27
	State 28
	State 29
	State 30
	State 31
	State 32
	State 33
	State 34
	State 35
	State 36
	State 37
	State 38
	State 39
	State 40


============================================================
+ Verbose Summary: Datapath Resource usage 
============================================================
N/A
