

================================================================
== Vitis HLS Report for 'k3_bounding_box'
================================================================
* Date:           Mon Mar 30 23:31:10 2026

* Version:        2025.1.1 (Build 6214317 on Sep 11 2025)
* Project:        project_1
* Solution:       hls (Vivado IP Flow Target)
* Product family: zynquplus
* Target device:  xczu3eg-sbva484-1-e


================================================================
== Performance Estimates
================================================================
+ Timing: 
    * Summary: 
    +--------+----------+----------+------------+
    |  Clock |  Target  | Estimated| Uncertainty|
    +--------+----------+----------+------------+
    |ap_clk  |  10.00 ns|  6.644 ns|     2.70 ns|
    +--------+----------+----------+------------+

+ Latency: 
    * Summary: 
    +---------+---------+----------+----------+-----+-----+------------------------------------------------+
    |  Latency (cycles) |  Latency (absolute) |  Interval |                    Pipeline                    |
    |   min   |   max   |    min   |    max   | min | max |                      Type                      |
    +---------+---------+----------+----------+-----+-----+------------------------------------------------+
    |      132|      132|  1.320 us|  1.320 us|  129|  129|  loop auto-rewind stp (delay=0 clock cycles(s))|
    +---------+---------+----------+----------+-----+-----+------------------------------------------------+

    + Detail: 
        * Instance: 
        N/A

        * Loop: 
        +-------------------+---------+---------+----------+-----------+-----------+------+----------+
        |                   |  Latency (cycles) | Iteration|  Initiation Interval  | Trip |          |
        |     Loop Name     |   min   |   max   |  Latency |  achieved |   target  | Count| Pipelined|
        +-------------------+---------+---------+----------+-----------+-----------+------+----------+
        |- VITIS_LOOP_75_1  |      130|      130|         4|          1|          1|   128|       yes|
        +-------------------+---------+---------+----------+-----------+-----------+------+----------+



================================================================
== Utilization Estimates
================================================================
* Summary: 
+-----------------+---------+-----+--------+-------+-----+
|       Name      | BRAM_18K| DSP |   FF   |  LUT  | URAM|
+-----------------+---------+-----+--------+-------+-----+
|DSP              |        -|    -|       -|      -|    -|
|Expression       |        -|    -|       0|    841|    -|
|FIFO             |        -|    -|       -|      -|    -|
|Instance         |        -|    -|       0|     18|    -|
|Memory           |        -|    -|       -|      -|    -|
|Multiplexer      |        -|    -|       0|     36|    -|
|Register         |        -|    -|     121|     32|    -|
+-----------------+---------+-----+--------+-------+-----+
|Total            |        0|    0|     121|    927|    0|
+-----------------+---------+-----+--------+-------+-----+
|Available        |      432|  360|  141120|  70560|    0|
+-----------------+---------+-----+--------+-------+-----+
|Utilization (%)  |        0|    0|      ~0|      1|    0|
+-----------------+---------+-----+--------+-------+-----+

+ Detail: 
    * Instance: 
    +---------------------------+----------------------+---------+----+---+----+-----+
    |          Instance         |        Module        | BRAM_18K| DSP| FF| LUT| URAM|
    +---------------------------+----------------------+---------+----+---+----+-----+
    |sparsemux_7_2_16_1_1_U120  |sparsemux_7_2_16_1_1  |        0|   0|  0|   9|    0|
    |sparsemux_7_2_16_1_1_U121  |sparsemux_7_2_16_1_1  |        0|   0|  0|   9|    0|
    +---------------------------+----------------------+---------+----+---+----+-----+
    |Total                      |                      |        0|   0|  0|  18|    0|
    +---------------------------+----------------------+---------+----+---+----+-----+

    * DSP: 
    N/A

    * Memory: 
    N/A

    * FIFO: 
    N/A

    * Expression: 
    +-----------------------+----------+----+---+----+------------+------------+
    |     Variable Name     | Operation| DSP| FF| LUT| Bitwidth P0| Bitwidth P1|
    +-----------------------+----------+----+---+----+------------+------------+
    |add_ln75_fu_295_p2     |         +|   0|  0|  15|           8|           1|
    |add_ln97_fu_482_p2     |         +|   0|  0|  23|          16|           1|
    |add_ln99_fu_595_p2     |         +|   0|  0|  23|          16|           1|
    |and_ln97_fu_502_p2     |       and|   0|  0|   2|           1|           1|
    |and_ln99_fu_615_p2     |       and|   0|  0|   2|           1|           1|
    |icmp_ln75_fu_289_p2    |      icmp|   0|  0|  16|           8|           9|
    |icmp_ln84_fu_311_p2    |      icmp|   0|  0|  39|          32|          32|
    |icmp_ln85_fu_325_p2    |      icmp|   0|  0|  39|          32|          32|
    |icmp_ln86_fu_339_p2    |      icmp|   0|  0|  39|          32|          32|
    |icmp_ln87_fu_353_p2    |      icmp|   0|  0|  39|          32|          32|
    |icmp_ln90_fu_367_p2    |      icmp|   0|  0|  39|          32|          32|
    |icmp_ln91_fu_381_p2    |      icmp|   0|  0|  39|          32|          32|
    |icmp_ln92_fu_395_p2    |      icmp|   0|  0|  39|          32|          32|
    |icmp_ln93_fu_409_p2    |      icmp|   0|  0|  39|          32|          32|
    |icmp_ln97_1_fu_476_p2  |      icmp|   0|  0|  23|          16|           1|
    |icmp_ln97_fu_450_p2    |      icmp|   0|  0|  39|          32|          22|
    |icmp_ln99_1_fu_589_p2  |      icmp|   0|  0|  23|          16|           1|
    |icmp_ln99_fu_563_p2    |      icmp|   0|  0|  39|          32|          22|
    |cond109_i_fu_516_p4    |    select|   0|  0|  16|           1|          16|
    |cond119_i_fu_554_p3    |    select|   0|  0|  15|           1|           1|
    |cond129_i_fu_629_p4    |    select|   0|  0|  16|           1|          16|
    |cond_i_fu_441_p3       |    select|   0|  0|  15|           1|           1|
    |max_x_1_fu_345_p3      |    select|   0|  0|  32|           1|          32|
    |max_x_3_fu_359_p3      |    select|   0|  0|  32|           1|          32|
    |max_y_1_fu_401_p3      |    select|   0|  0|  32|           1|          32|
    |max_y_3_fu_415_p3      |    select|   0|  0|  32|           1|          32|
    |min_x_3_fu_331_p3      |    select|   0|  0|  32|           1|          32|
    |min_x_fu_317_p3        |    select|   0|  0|  32|           1|          32|
    |min_y_3_fu_387_p3      |    select|   0|  0|  32|           1|          32|
    |min_y_fu_373_p3        |    select|   0|  0|  32|           1|          32|
    |ap_enable_pp0          |       xor|   0|  0|   2|           1|           2|
    |xor_ln97_fu_496_p2     |       xor|   0|  0|   2|           1|           2|
    |xor_ln99_fu_609_p2     |       xor|   0|  0|   2|           1|           2|
    +-----------------------+----------+----+---+----+------------+------------+
    |Total                  |          |   0|  0| 841|         417|         612|
    +-----------------------+----------+----+---+----+------------+------------+

    * Multiplexer: 
    +-------------------------+----+-----------+-----+-----------+
    |           Name          | LUT| Input Size| Bits| Total Bits|
    +-------------------------+----+-----------+-----+-----------+
    |ap_done_int              |   9|          2|    1|          2|
    |ap_enable_reg_pp0_iter1  |   9|          2|    1|          2|
    |ap_sig_allocacmp_i_2     |   9|          2|    8|         16|
    |i_fu_82                  |   9|          2|    8|         16|
    +-------------------------+----+-----------+-----+-----------+
    |Total                    |  36|          8|   18|         36|
    +-------------------------+----+-----------+-----+-----------+

    * Register: 
    +--------------------------------------------------+----+----+-----+-----------+
    |                       Name                       | FF | LUT| Bits| Const Bits|
    +--------------------------------------------------+----+----+-----+-----------+
    |ap_CS_fsm                                         |   1|   0|    1|          0|
    |ap_done_reg                                       |   1|   0|    1|          0|
    |ap_enable_reg_pp0_iter1                           |   1|   0|    1|          0|
    |ap_enable_reg_pp0_iter2                           |   1|   0|    1|          0|
    |ap_enable_reg_pp0_iter3                           |   1|   0|    1|          0|
    |ap_loop_exit_ready_pp0_iter1_reg                  |   1|   0|    1|          0|
    |ap_loop_exit_ready_pp0_iter2_reg                  |   1|   0|    1|          0|
    |cond109_i_reg_717                                 |  16|   0|   16|          0|
    |cond129_i_reg_722                                 |  16|   0|   16|          0|
    |i_fu_82                                           |   8|   0|    8|          0|
    |screen_tris_is_active_load_reg_683                |   1|   0|    1|          0|
    |screen_tris_is_active_load_reg_683_pp0_iter2_reg  |   1|   0|    1|          0|
    |zext_ln75_reg_660                                 |   8|   0|   64|         56|
    |zext_ln75_reg_660                                 |  64|  32|   64|         56|
    +--------------------------------------------------+----+----+-----+-----------+
    |Total                                             | 121|  32|  177|        112|
    +--------------------------------------------------+----+----+-----+-----------+



================================================================
== Interface
================================================================
* Summary: 
+--------------------------------+-----+-----+------------+-----------------------+--------------+
|            RTL Ports           | Dir | Bits|  Protocol  |     Source Object     |    C Type    |
+--------------------------------+-----+-----+------------+-----------------------+--------------+
|ap_clk                          |   in|    1|  ap_ctrl_hs|        k3_bounding_box|  return value|
|ap_rst                          |   in|    1|  ap_ctrl_hs|        k3_bounding_box|  return value|
|ap_start                        |   in|    1|  ap_ctrl_hs|        k3_bounding_box|  return value|
|ap_done                         |  out|    1|  ap_ctrl_hs|        k3_bounding_box|  return value|
|ap_idle                         |  out|    1|  ap_ctrl_hs|        k3_bounding_box|  return value|
|ap_ready                        |  out|    1|  ap_ctrl_hs|        k3_bounding_box|  return value|
|bounds_max_x_address0           |  out|    7|   ap_memory|           bounds_max_x|         array|
|bounds_max_x_ce0                |  out|    1|   ap_memory|           bounds_max_x|         array|
|bounds_max_x_we0                |  out|    1|   ap_memory|           bounds_max_x|         array|
|bounds_max_x_d0                 |  out|   16|   ap_memory|           bounds_max_x|         array|
|bounds_max_x_address1           |  out|    7|   ap_memory|           bounds_max_x|         array|
|bounds_max_x_ce1                |  out|    1|   ap_memory|           bounds_max_x|         array|
|bounds_max_x_we1                |  out|    1|   ap_memory|           bounds_max_x|         array|
|bounds_max_x_d1                 |  out|   16|   ap_memory|           bounds_max_x|         array|
|bounds_max_y_address0           |  out|    7|   ap_memory|           bounds_max_y|         array|
|bounds_max_y_ce0                |  out|    1|   ap_memory|           bounds_max_y|         array|
|bounds_max_y_we0                |  out|    1|   ap_memory|           bounds_max_y|         array|
|bounds_max_y_d0                 |  out|   16|   ap_memory|           bounds_max_y|         array|
|bounds_max_y_address1           |  out|    7|   ap_memory|           bounds_max_y|         array|
|bounds_max_y_ce1                |  out|    1|   ap_memory|           bounds_max_y|         array|
|bounds_max_y_we1                |  out|    1|   ap_memory|           bounds_max_y|         array|
|bounds_max_y_d1                 |  out|   16|   ap_memory|           bounds_max_y|         array|
|bounds_min_x_address0           |  out|    7|   ap_memory|           bounds_min_x|         array|
|bounds_min_x_ce0                |  out|    1|   ap_memory|           bounds_min_x|         array|
|bounds_min_x_we0                |  out|    1|   ap_memory|           bounds_min_x|         array|
|bounds_min_x_d0                 |  out|   15|   ap_memory|           bounds_min_x|         array|
|bounds_min_x_address1           |  out|    7|   ap_memory|           bounds_min_x|         array|
|bounds_min_x_ce1                |  out|    1|   ap_memory|           bounds_min_x|         array|
|bounds_min_x_we1                |  out|    1|   ap_memory|           bounds_min_x|         array|
|bounds_min_x_d1                 |  out|   15|   ap_memory|           bounds_min_x|         array|
|bounds_min_y_address0           |  out|    7|   ap_memory|           bounds_min_y|         array|
|bounds_min_y_ce0                |  out|    1|   ap_memory|           bounds_min_y|         array|
|bounds_min_y_we0                |  out|    1|   ap_memory|           bounds_min_y|         array|
|bounds_min_y_d0                 |  out|   15|   ap_memory|           bounds_min_y|         array|
|bounds_min_y_address1           |  out|    7|   ap_memory|           bounds_min_y|         array|
|bounds_min_y_ce1                |  out|    1|   ap_memory|           bounds_min_y|         array|
|bounds_min_y_we1                |  out|    1|   ap_memory|           bounds_min_y|         array|
|bounds_min_y_d1                 |  out|   15|   ap_memory|           bounds_min_y|         array|
|screen_tris_is_active_address0  |  out|    7|   ap_memory|  screen_tris_is_active|         array|
|screen_tris_is_active_ce0       |  out|    1|   ap_memory|  screen_tris_is_active|         array|
|screen_tris_is_active_q0        |   in|    1|   ap_memory|  screen_tris_is_active|         array|
|screen_tris_v0_x_address0       |  out|    7|   ap_memory|       screen_tris_v0_x|         array|
|screen_tris_v0_x_ce0            |  out|    1|   ap_memory|       screen_tris_v0_x|         array|
|screen_tris_v0_x_q0             |   in|   32|   ap_memory|       screen_tris_v0_x|         array|
|screen_tris_v0_y_address0       |  out|    7|   ap_memory|       screen_tris_v0_y|         array|
|screen_tris_v0_y_ce0            |  out|    1|   ap_memory|       screen_tris_v0_y|         array|
|screen_tris_v0_y_q0             |   in|   32|   ap_memory|       screen_tris_v0_y|         array|
|screen_tris_v1_x_address0       |  out|    7|   ap_memory|       screen_tris_v1_x|         array|
|screen_tris_v1_x_ce0            |  out|    1|   ap_memory|       screen_tris_v1_x|         array|
|screen_tris_v1_x_q0             |   in|   32|   ap_memory|       screen_tris_v1_x|         array|
|screen_tris_v1_y_address0       |  out|    7|   ap_memory|       screen_tris_v1_y|         array|
|screen_tris_v1_y_ce0            |  out|    1|   ap_memory|       screen_tris_v1_y|         array|
|screen_tris_v1_y_q0             |   in|   32|   ap_memory|       screen_tris_v1_y|         array|
|screen_tris_v2_x_address0       |  out|    7|   ap_memory|       screen_tris_v2_x|         array|
|screen_tris_v2_x_ce0            |  out|    1|   ap_memory|       screen_tris_v2_x|         array|
|screen_tris_v2_x_q0             |   in|   32|   ap_memory|       screen_tris_v2_x|         array|
|screen_tris_v2_y_address0       |  out|    7|   ap_memory|       screen_tris_v2_y|         array|
|screen_tris_v2_y_ce0            |  out|    1|   ap_memory|       screen_tris_v2_y|         array|
|screen_tris_v2_y_q0             |   in|   32|   ap_memory|       screen_tris_v2_y|         array|
+--------------------------------+-----+-----+------------+-----------------------+--------------+

============================================================
+ Verbose Summary: Synthesis Manager
============================================================
InlineROM: 1
ExposeGlobal: 0
============================================================
+ Verbose Summary: CDFG Model
============================================================
IsTopModel: 0
ResetActiveHigh: 1
IsCombinational: 2
IsDatapathOnly: 2
HasWiredReturn: 1
HasMFsm: 2
HasVarLatency: 1
IsPipeline: 0
IsRtlPipelined: 0
IsInstanceOverlapped: 0
IsDontTouch: 0
HasImplIP: 0
IsGatedGlobalClock: 0

+ Individual pipeline summary: 
  * Pipeline-0: initiation interval (II) = 1, depth = 4


============================================================
+ Verbose Summary: Schedule
============================================================
* Number of FSM states : 4
* Pipeline : 1
  Pipeline-0 : II = 1, D = 4, States = { 1 2 3 4 }
* Dataflow Pipeline: 0

* FSM state transitions: 
1 --> 2 
2 --> 3 
3 --> 4 
4 --> 

* FSM state operations: 

State 1 <SV = 0> <Delay = 1.88>
ST_1 : Operation 7 [1/1] (0.00ns)   --->   "%i = alloca i32 1" [top.cpp:75]   --->   Operation 7 'alloca' 'i' <Predicate = true> <Delay = 0.00>
ST_1 : Operation 8 [1/1] (0.48ns)   --->   "%store_ln75 = store i8 0, i8 %i" [top.cpp:75]   --->   Operation 8 'store' 'store_ln75' <Predicate = true> <Delay = 0.48>
ST_1 : Operation 9 [1/1] (0.00ns)   --->   "%br_ln75 = br void %for.body.i" [top.cpp:75]   --->   Operation 9 'br' 'br_ln75' <Predicate = true> <Delay = 0.00>
ST_1 : Operation 10 [1/1] (0.00ns)   --->   "%i_2 = load i8 %i" [top.cpp:75]   --->   Operation 10 'load' 'i_2' <Predicate = true> <Delay = 0.00>
ST_1 : Operation 11 [1/1] (0.90ns)   --->   "%icmp_ln75 = icmp_eq  i8 %i_2, i8 128" [top.cpp:75]   --->   Operation 11 'icmp' 'icmp_ln75' <Predicate = true> <Delay = 0.90> <CoreInst = "Cmp">   --->   Core 9 'Cmp' <Latency = 0> <II = 1> <Delay = 0.92> <FuncUnit> <Opcode : 'seteq' 'setne' 'setle' 'setge' 'setlt' 'setgt'> <InPorts = 2> <OutPorts = 1>
ST_1 : Operation 12 [1/1] (0.90ns)   --->   "%add_ln75 = add i8 %i_2, i8 1" [top.cpp:75]   --->   Operation 12 'add' 'add_ln75' <Predicate = true> <Delay = 0.90> <CoreInst = "Adder">   --->   Core 1 'Adder' <Latency = 0> <II = 1> <Delay = 0.90> <FuncUnit> <Opcode : 'add' 'sub'> <InPorts = 2> <OutPorts = 1>
ST_1 : Operation 13 [1/1] (0.00ns)   --->   "%br_ln75 = br i1 %icmp_ln75, void %for.body.split.i, void %k3_bounding_box.exit" [top.cpp:75]   --->   Operation 13 'br' 'br_ln75' <Predicate = true> <Delay = 0.00>
ST_1 : Operation 14 [1/1] (0.00ns)   --->   "%zext_ln75 = zext i8 %i_2" [top.cpp:75]   --->   Operation 14 'zext' 'zext_ln75' <Predicate = (!icmp_ln75)> <Delay = 0.00>
ST_1 : Operation 15 [1/1] (0.00ns)   --->   "%screen_tris_is_active_addr = getelementptr i1 %screen_tris_is_active, i64 0, i64 %zext_ln75" [top.cpp:77]   --->   Operation 15 'getelementptr' 'screen_tris_is_active_addr' <Predicate = (!icmp_ln75)> <Delay = 0.00>
ST_1 : Operation 16 [2/2] (0.79ns)   --->   "%screen_tris_is_active_load = load i7 %screen_tris_is_active_addr" [top.cpp:77]   --->   Operation 16 'load' 'screen_tris_is_active_load' <Predicate = (!icmp_ln75)> <Delay = 0.79> <CoreInst = "RAM">   --->   Core 82 'RAM' <Latency = 1> <II = 1> <Delay = 0.79> <Storage> <Opcode : 'load' 'store'> <Ports = 2> <Width = 1> <Depth = 128> <RAM>
ST_1 : Operation 17 [1/1] (0.48ns)   --->   "%store_ln75 = store i8 %add_ln75, i8 %i" [top.cpp:75]   --->   Operation 17 'store' 'store_ln75' <Predicate = (!icmp_ln75)> <Delay = 0.48>
ST_1 : Operation 18 [1/1] (0.00ns)   --->   "%br_ln75 = br void %for.body.i" [top.cpp:75]   --->   Operation 18 'br' 'br_ln75' <Predicate = (!icmp_ln75)> <Delay = 0.00>

State 2 <SV = 1> <Delay = 2.14>
ST_2 : Operation 19 [1/1] (0.00ns)   --->   "%specpipeline_ln76 = specpipeline void @_ssdm_op_SpecPipeline, i32 1, i32 0, i32 0, i32 0, void @empty_11" [top.cpp:76]   --->   Operation 19 'specpipeline' 'specpipeline_ln76' <Predicate = true> <Delay = 0.00>
ST_2 : Operation 20 [1/1] (0.00ns)   --->   "%speclooptripcount_ln75 = speclooptripcount void @_ssdm_op_SpecLoopTripCount, i64 128, i64 128, i64 128" [top.cpp:75]   --->   Operation 20 'speclooptripcount' 'speclooptripcount_ln75' <Predicate = true> <Delay = 0.00>
ST_2 : Operation 21 [1/1] (0.00ns)   --->   "%specloopname_ln75 = specloopname void @_ssdm_op_SpecLoopName, void @empty_4" [top.cpp:75]   --->   Operation 21 'specloopname' 'specloopname_ln75' <Predicate = true> <Delay = 0.00>
ST_2 : Operation 22 [1/2] ( I:0.79ns O:0.79ns )   --->   "%screen_tris_is_active_load = load i7 %screen_tris_is_active_addr" [top.cpp:77]   --->   Operation 22 'load' 'screen_tris_is_active_load' <Predicate = true> <Delay = 0.79> <CoreInst = "RAM">   --->   Core 82 'RAM' <Latency = 1> <II = 1> <Delay = 0.79> <Storage> <Opcode : 'load' 'store'> <Ports = 2> <Width = 1> <Depth = 128> <RAM>
ST_2 : Operation 23 [1/1] (0.00ns)   --->   "%br_ln77 = br i1 %screen_tris_is_active_load, void %if.else.i, void %if.then.i_ifconv" [top.cpp:77]   --->   Operation 23 'br' 'br_ln77' <Predicate = true> <Delay = 0.00>
ST_2 : Operation 24 [1/1] (0.00ns)   --->   "%bounds_min_x_addr = getelementptr i15 %bounds_min_x, i64 0, i64 %zext_ln75" [top.cpp:101]   --->   Operation 24 'getelementptr' 'bounds_min_x_addr' <Predicate = (!screen_tris_is_active_load)> <Delay = 0.00>
ST_2 : Operation 25 [1/1] ( I:1.35ns O:1.35ns )   --->   "%store_ln101 = store i15 0, i7 %bounds_min_x_addr" [top.cpp:101]   --->   Operation 25 'store' 'store_ln101' <Predicate = (!screen_tris_is_active_load)> <Delay = 1.35> <CoreInst = "RAM">   --->   Core 82 'RAM' <Latency = 1> <II = 1> <Delay = 1.35> <Storage> <Opcode : 'load' 'store'> <Ports = 2> <Width = 15> <Depth = 128> <RAM>
ST_2 : Operation 26 [1/1] (0.00ns)   --->   "%bounds_max_x_addr = getelementptr i16 %bounds_max_x, i64 0, i64 %zext_ln75" [top.cpp:101]   --->   Operation 26 'getelementptr' 'bounds_max_x_addr' <Predicate = (!screen_tris_is_active_load)> <Delay = 0.00>
ST_2 : Operation 27 [1/1] ( I:1.35ns O:1.35ns )   --->   "%store_ln101 = store i16 0, i7 %bounds_max_x_addr" [top.cpp:101]   --->   Operation 27 'store' 'store_ln101' <Predicate = (!screen_tris_is_active_load)> <Delay = 1.35> <CoreInst = "RAM">   --->   Core 82 'RAM' <Latency = 1> <II = 1> <Delay = 1.35> <Storage> <Opcode : 'load' 'store'> <Ports = 2> <Width = 16> <Depth = 128> <RAM>
ST_2 : Operation 28 [1/1] (0.00ns)   --->   "%bounds_min_y_addr = getelementptr i15 %bounds_min_y, i64 0, i64 %zext_ln75" [top.cpp:102]   --->   Operation 28 'getelementptr' 'bounds_min_y_addr' <Predicate = (!screen_tris_is_active_load)> <Delay = 0.00>
ST_2 : Operation 29 [1/1] ( I:1.35ns O:1.35ns )   --->   "%store_ln102 = store i15 0, i7 %bounds_min_y_addr" [top.cpp:102]   --->   Operation 29 'store' 'store_ln102' <Predicate = (!screen_tris_is_active_load)> <Delay = 1.35> <CoreInst = "RAM">   --->   Core 82 'RAM' <Latency = 1> <II = 1> <Delay = 1.35> <Storage> <Opcode : 'load' 'store'> <Ports = 2> <Width = 15> <Depth = 128> <RAM>
ST_2 : Operation 30 [1/1] (0.00ns)   --->   "%bounds_max_y_addr = getelementptr i16 %bounds_max_y, i64 0, i64 %zext_ln75" [top.cpp:102]   --->   Operation 30 'getelementptr' 'bounds_max_y_addr' <Predicate = (!screen_tris_is_active_load)> <Delay = 0.00>
ST_2 : Operation 31 [1/1] ( I:1.35ns O:1.35ns )   --->   "%store_ln102 = store i16 0, i7 %bounds_max_y_addr" [top.cpp:102]   --->   Operation 31 'store' 'store_ln102' <Predicate = (!screen_tris_is_active_load)> <Delay = 1.35> <CoreInst = "RAM">   --->   Core 82 'RAM' <Latency = 1> <II = 1> <Delay = 1.35> <Storage> <Opcode : 'load' 'store'> <Ports = 2> <Width = 16> <Depth = 128> <RAM>
ST_2 : Operation 32 [1/1] (0.00ns)   --->   "%br_ln0 = br void %for.inc.i"   --->   Operation 32 'br' 'br_ln0' <Predicate = (!screen_tris_is_active_load)> <Delay = 0.00>
ST_2 : Operation 33 [1/1] (0.00ns)   --->   "%screen_tris_v0_x_addr = getelementptr i32 %screen_tris_v0_x, i64 0, i64 %zext_ln75" [top.cpp:78]   --->   Operation 33 'getelementptr' 'screen_tris_v0_x_addr' <Predicate = (screen_tris_is_active_load)> <Delay = 0.00>
ST_2 : Operation 34 [2/2] (1.35ns)   --->   "%min_x_4 = load i7 %screen_tris_v0_x_addr" [top.cpp:78]   --->   Operation 34 'load' 'min_x_4' <Predicate = (screen_tris_is_active_load)> <Delay = 1.35> <CoreInst = "RAM">   --->   Core 82 'RAM' <Latency = 1> <II = 1> <Delay = 1.35> <Storage> <Opcode : 'load' 'store'> <Ports = 2> <Width = 32> <Depth = 128> <RAM>
ST_2 : Operation 35 [1/1] (0.00ns)   --->   "%screen_tris_v0_y_addr = getelementptr i32 %screen_tris_v0_y, i64 0, i64 %zext_ln75" [top.cpp:80]   --->   Operation 35 'getelementptr' 'screen_tris_v0_y_addr' <Predicate = (screen_tris_is_active_load)> <Delay = 0.00>
ST_2 : Operation 36 [2/2] (1.35ns)   --->   "%min_y_4 = load i7 %screen_tris_v0_y_addr" [top.cpp:80]   --->   Operation 36 'load' 'min_y_4' <Predicate = (screen_tris_is_active_load)> <Delay = 1.35> <CoreInst = "RAM">   --->   Core 82 'RAM' <Latency = 1> <II = 1> <Delay = 1.35> <Storage> <Opcode : 'load' 'store'> <Ports = 2> <Width = 32> <Depth = 128> <RAM>
ST_2 : Operation 37 [1/1] (0.00ns)   --->   "%screen_tris_v1_x_addr = getelementptr i32 %screen_tris_v1_x, i64 0, i64 %zext_ln75" [top.cpp:84]   --->   Operation 37 'getelementptr' 'screen_tris_v1_x_addr' <Predicate = (screen_tris_is_active_load)> <Delay = 0.00>
ST_2 : Operation 38 [2/2] (1.35ns)   --->   "%screen_tris_v1_x_load = load i7 %screen_tris_v1_x_addr" [top.cpp:84]   --->   Operation 38 'load' 'screen_tris_v1_x_load' <Predicate = (screen_tris_is_active_load)> <Delay = 1.35> <CoreInst = "RAM">   --->   Core 82 'RAM' <Latency = 1> <II = 1> <Delay = 1.35> <Storage> <Opcode : 'load' 'store'> <Ports = 2> <Width = 32> <Depth = 128> <RAM>
ST_2 : Operation 39 [1/1] (0.00ns)   --->   "%screen_tris_v2_x_addr = getelementptr i32 %screen_tris_v2_x, i64 0, i64 %zext_ln75" [top.cpp:85]   --->   Operation 39 'getelementptr' 'screen_tris_v2_x_addr' <Predicate = (screen_tris_is_active_load)> <Delay = 0.00>
ST_2 : Operation 40 [2/2] (1.35ns)   --->   "%min_x_5 = load i7 %screen_tris_v2_x_addr" [top.cpp:85]   --->   Operation 40 'load' 'min_x_5' <Predicate = (screen_tris_is_active_load)> <Delay = 1.35> <CoreInst = "RAM">   --->   Core 82 'RAM' <Latency = 1> <II = 1> <Delay = 1.35> <Storage> <Opcode : 'load' 'store'> <Ports = 2> <Width = 32> <Depth = 128> <RAM>
ST_2 : Operation 41 [1/1] (0.00ns)   --->   "%screen_tris_v1_y_addr = getelementptr i32 %screen_tris_v1_y, i64 0, i64 %zext_ln75" [top.cpp:90]   --->   Operation 41 'getelementptr' 'screen_tris_v1_y_addr' <Predicate = (screen_tris_is_active_load)> <Delay = 0.00>
ST_2 : Operation 42 [2/2] (1.35ns)   --->   "%screen_tris_v1_y_load = load i7 %screen_tris_v1_y_addr" [top.cpp:90]   --->   Operation 42 'load' 'screen_tris_v1_y_load' <Predicate = (screen_tris_is_active_load)> <Delay = 1.35> <CoreInst = "RAM">   --->   Core 82 'RAM' <Latency = 1> <II = 1> <Delay = 1.35> <Storage> <Opcode : 'load' 'store'> <Ports = 2> <Width = 32> <Depth = 128> <RAM>
ST_2 : Operation 43 [1/1] (0.00ns)   --->   "%screen_tris_v2_y_addr = getelementptr i32 %screen_tris_v2_y, i64 0, i64 %zext_ln75" [top.cpp:91]   --->   Operation 43 'getelementptr' 'screen_tris_v2_y_addr' <Predicate = (screen_tris_is_active_load)> <Delay = 0.00>
ST_2 : Operation 44 [2/2] (1.35ns)   --->   "%min_y_5 = load i7 %screen_tris_v2_y_addr" [top.cpp:91]   --->   Operation 44 'load' 'min_y_5' <Predicate = (screen_tris_is_active_load)> <Delay = 1.35> <CoreInst = "RAM">   --->   Core 82 'RAM' <Latency = 1> <II = 1> <Delay = 1.35> <Storage> <Opcode : 'load' 'store'> <Ports = 2> <Width = 32> <Depth = 128> <RAM>

State 3 <SV = 2> <Delay = 6.64>
ST_3 : Operation 45 [1/2] ( I:1.35ns O:1.35ns )   --->   "%min_x_4 = load i7 %screen_tris_v0_x_addr" [top.cpp:78]   --->   Operation 45 'load' 'min_x_4' <Predicate = (screen_tris_is_active_load)> <Delay = 1.35> <CoreInst = "RAM">   --->   Core 82 'RAM' <Latency = 1> <II = 1> <Delay = 1.35> <Storage> <Opcode : 'load' 'store'> <Ports = 2> <Width = 32> <Depth = 128> <RAM>
ST_3 : Operation 46 [1/2] ( I:1.35ns O:1.35ns )   --->   "%min_y_4 = load i7 %screen_tris_v0_y_addr" [top.cpp:80]   --->   Operation 46 'load' 'min_y_4' <Predicate = (screen_tris_is_active_load)> <Delay = 1.35> <CoreInst = "RAM">   --->   Core 82 'RAM' <Latency = 1> <II = 1> <Delay = 1.35> <Storage> <Opcode : 'load' 'store'> <Ports = 2> <Width = 32> <Depth = 128> <RAM>
ST_3 : Operation 47 [1/2] ( I:1.35ns O:1.35ns )   --->   "%screen_tris_v1_x_load = load i7 %screen_tris_v1_x_addr" [top.cpp:84]   --->   Operation 47 'load' 'screen_tris_v1_x_load' <Predicate = (screen_tris_is_active_load)> <Delay = 1.35> <CoreInst = "RAM">   --->   Core 82 'RAM' <Latency = 1> <II = 1> <Delay = 1.35> <Storage> <Opcode : 'load' 'store'> <Ports = 2> <Width = 32> <Depth = 128> <RAM>
ST_3 : Operation 48 [1/1] (1.20ns)   --->   "%icmp_ln84 = icmp_slt  i32 %screen_tris_v1_x_load, i32 %min_x_4" [top.cpp:84]   --->   Operation 48 'icmp' 'icmp_ln84' <Predicate = (screen_tris_is_active_load)> <Delay = 1.20> <CoreInst = "Cmp">   --->   Core 9 'Cmp' <Latency = 0> <II = 1> <Delay = 1.20> <FuncUnit> <Opcode : 'seteq' 'setne' 'setle' 'setge' 'setlt' 'setgt'> <InPorts = 2> <OutPorts = 1>
ST_3 : Operation 49 [1/1] (0.52ns)   --->   "%min_x = select i1 %icmp_ln84, i32 %screen_tris_v1_x_load, i32 %min_x_4" [top.cpp:84]   --->   Operation 49 'select' 'min_x' <Predicate = (screen_tris_is_active_load)> <Delay = 0.52> <CoreInst = "Sel">   --->   Core 73 'Sel' <Latency = 0> <II = 1> <Delay = 0.52> <FuncUnit> <Opcode : 'select'> <InPorts = 3> <OutPorts = 1>
ST_3 : Operation 50 [1/2] ( I:1.35ns O:1.35ns )   --->   "%min_x_5 = load i7 %screen_tris_v2_x_addr" [top.cpp:85]   --->   Operation 50 'load' 'min_x_5' <Predicate = (screen_tris_is_active_load)> <Delay = 1.35> <CoreInst = "RAM">   --->   Core 82 'RAM' <Latency = 1> <II = 1> <Delay = 1.35> <Storage> <Opcode : 'load' 'store'> <Ports = 2> <Width = 32> <Depth = 128> <RAM>
ST_3 : Operation 51 [1/1] (1.20ns)   --->   "%icmp_ln85 = icmp_slt  i32 %min_x_5, i32 %min_x" [top.cpp:85]   --->   Operation 51 'icmp' 'icmp_ln85' <Predicate = (screen_tris_is_active_load)> <Delay = 1.20> <CoreInst = "Cmp">   --->   Core 9 'Cmp' <Latency = 0> <II = 1> <Delay = 1.20> <FuncUnit> <Opcode : 'seteq' 'setne' 'setle' 'setge' 'setlt' 'setgt'> <InPorts = 2> <OutPorts = 1>
ST_3 : Operation 52 [1/1] (0.52ns)   --->   "%min_x_3 = select i1 %icmp_ln85, i32 %min_x_5, i32 %min_x" [top.cpp:85]   --->   Operation 52 'select' 'min_x_3' <Predicate = (screen_tris_is_active_load)> <Delay = 0.52> <CoreInst = "Sel">   --->   Core 73 'Sel' <Latency = 0> <II = 1> <Delay = 0.52> <FuncUnit> <Opcode : 'select'> <InPorts = 3> <OutPorts = 1>
ST_3 : Operation 53 [1/1] (1.20ns)   --->   "%icmp_ln86 = icmp_sgt  i32 %screen_tris_v1_x_load, i32 %min_x_4" [top.cpp:86]   --->   Operation 53 'icmp' 'icmp_ln86' <Predicate = (screen_tris_is_active_load)> <Delay = 1.20> <CoreInst = "Cmp">   --->   Core 9 'Cmp' <Latency = 0> <II = 1> <Delay = 1.20> <FuncUnit> <Opcode : 'seteq' 'setne' 'setle' 'setge' 'setlt' 'setgt'> <InPorts = 2> <OutPorts = 1>
ST_3 : Operation 54 [1/1] (0.52ns)   --->   "%max_x_1 = select i1 %icmp_ln86, i32 %screen_tris_v1_x_load, i32 %min_x_4" [top.cpp:86]   --->   Operation 54 'select' 'max_x_1' <Predicate = (screen_tris_is_active_load)> <Delay = 0.52> <CoreInst = "Sel">   --->   Core 73 'Sel' <Latency = 0> <II = 1> <Delay = 0.52> <FuncUnit> <Opcode : 'select'> <InPorts = 3> <OutPorts = 1>
ST_3 : Operation 55 [1/1] (1.20ns)   --->   "%icmp_ln87 = icmp_sgt  i32 %min_x_5, i32 %max_x_1" [top.cpp:87]   --->   Operation 55 'icmp' 'icmp_ln87' <Predicate = (screen_tris_is_active_load)> <Delay = 1.20> <CoreInst = "Cmp">   --->   Core 9 'Cmp' <Latency = 0> <II = 1> <Delay = 1.20> <FuncUnit> <Opcode : 'seteq' 'setne' 'setle' 'setge' 'setlt' 'setgt'> <InPorts = 2> <OutPorts = 1>
ST_3 : Operation 56 [1/1] (0.52ns)   --->   "%max_x_3 = select i1 %icmp_ln87, i32 %min_x_5, i32 %max_x_1" [top.cpp:87]   --->   Operation 56 'select' 'max_x_3' <Predicate = (screen_tris_is_active_load)> <Delay = 0.52> <CoreInst = "Sel">   --->   Core 73 'Sel' <Latency = 0> <II = 1> <Delay = 0.52> <FuncUnit> <Opcode : 'select'> <InPorts = 3> <OutPorts = 1>
ST_3 : Operation 57 [1/2] ( I:1.35ns O:1.35ns )   --->   "%screen_tris_v1_y_load = load i7 %screen_tris_v1_y_addr" [top.cpp:90]   --->   Operation 57 'load' 'screen_tris_v1_y_load' <Predicate = (screen_tris_is_active_load)> <Delay = 1.35> <CoreInst = "RAM">   --->   Core 82 'RAM' <Latency = 1> <II = 1> <Delay = 1.35> <Storage> <Opcode : 'load' 'store'> <Ports = 2> <Width = 32> <Depth = 128> <RAM>
ST_3 : Operation 58 [1/1] (1.20ns)   --->   "%icmp_ln90 = icmp_slt  i32 %screen_tris_v1_y_load, i32 %min_y_4" [top.cpp:90]   --->   Operation 58 'icmp' 'icmp_ln90' <Predicate = (screen_tris_is_active_load)> <Delay = 1.20> <CoreInst = "Cmp">   --->   Core 9 'Cmp' <Latency = 0> <II = 1> <Delay = 1.20> <FuncUnit> <Opcode : 'seteq' 'setne' 'setle' 'setge' 'setlt' 'setgt'> <InPorts = 2> <OutPorts = 1>
ST_3 : Operation 59 [1/1] (0.52ns)   --->   "%min_y = select i1 %icmp_ln90, i32 %screen_tris_v1_y_load, i32 %min_y_4" [top.cpp:90]   --->   Operation 59 'select' 'min_y' <Predicate = (screen_tris_is_active_load)> <Delay = 0.52> <CoreInst = "Sel">   --->   Core 73 'Sel' <Latency = 0> <II = 1> <Delay = 0.52> <FuncUnit> <Opcode : 'select'> <InPorts = 3> <OutPorts = 1>
ST_3 : Operation 60 [1/2] ( I:1.35ns O:1.35ns )   --->   "%min_y_5 = load i7 %screen_tris_v2_y_addr" [top.cpp:91]   --->   Operation 60 'load' 'min_y_5' <Predicate = (screen_tris_is_active_load)> <Delay = 1.35> <CoreInst = "RAM">   --->   Core 82 'RAM' <Latency = 1> <II = 1> <Delay = 1.35> <Storage> <Opcode : 'load' 'store'> <Ports = 2> <Width = 32> <Depth = 128> <RAM>
ST_3 : Operation 61 [1/1] (1.20ns)   --->   "%icmp_ln91 = icmp_slt  i32 %min_y_5, i32 %min_y" [top.cpp:91]   --->   Operation 61 'icmp' 'icmp_ln91' <Predicate = (screen_tris_is_active_load)> <Delay = 1.20> <CoreInst = "Cmp">   --->   Core 9 'Cmp' <Latency = 0> <II = 1> <Delay = 1.20> <FuncUnit> <Opcode : 'seteq' 'setne' 'setle' 'setge' 'setlt' 'setgt'> <InPorts = 2> <OutPorts = 1>
ST_3 : Operation 62 [1/1] (0.52ns)   --->   "%min_y_3 = select i1 %icmp_ln91, i32 %min_y_5, i32 %min_y" [top.cpp:91]   --->   Operation 62 'select' 'min_y_3' <Predicate = (screen_tris_is_active_load)> <Delay = 0.52> <CoreInst = "Sel">   --->   Core 73 'Sel' <Latency = 0> <II = 1> <Delay = 0.52> <FuncUnit> <Opcode : 'select'> <InPorts = 3> <OutPorts = 1>
ST_3 : Operation 63 [1/1] (1.20ns)   --->   "%icmp_ln92 = icmp_sgt  i32 %screen_tris_v1_y_load, i32 %min_y_4" [top.cpp:92]   --->   Operation 63 'icmp' 'icmp_ln92' <Predicate = (screen_tris_is_active_load)> <Delay = 1.20> <CoreInst = "Cmp">   --->   Core 9 'Cmp' <Latency = 0> <II = 1> <Delay = 1.20> <FuncUnit> <Opcode : 'seteq' 'setne' 'setle' 'setge' 'setlt' 'setgt'> <InPorts = 2> <OutPorts = 1>
ST_3 : Operation 64 [1/1] (0.52ns)   --->   "%max_y_1 = select i1 %icmp_ln92, i32 %screen_tris_v1_y_load, i32 %min_y_4" [top.cpp:92]   --->   Operation 64 'select' 'max_y_1' <Predicate = (screen_tris_is_active_load)> <Delay = 0.52> <CoreInst = "Sel">   --->   Core 73 'Sel' <Latency = 0> <II = 1> <Delay = 0.52> <FuncUnit> <Opcode : 'select'> <InPorts = 3> <OutPorts = 1>
ST_3 : Operation 65 [1/1] (1.20ns)   --->   "%icmp_ln93 = icmp_sgt  i32 %min_y_5, i32 %max_y_1" [top.cpp:93]   --->   Operation 65 'icmp' 'icmp_ln93' <Predicate = (screen_tris_is_active_load)> <Delay = 1.20> <CoreInst = "Cmp">   --->   Core 9 'Cmp' <Latency = 0> <II = 1> <Delay = 1.20> <FuncUnit> <Opcode : 'seteq' 'setne' 'setle' 'setge' 'setlt' 'setgt'> <InPorts = 2> <OutPorts = 1>
ST_3 : Operation 66 [1/1] (0.52ns)   --->   "%max_y_3 = select i1 %icmp_ln93, i32 %min_y_5, i32 %max_y_1" [top.cpp:93]   --->   Operation 66 'select' 'max_y_3' <Predicate = (screen_tris_is_active_load)> <Delay = 0.52> <CoreInst = "Sel">   --->   Core 73 'Sel' <Latency = 0> <II = 1> <Delay = 0.52> <FuncUnit> <Opcode : 'select'> <InPorts = 3> <OutPorts = 1>
ST_3 : Operation 67 [1/1] (0.00ns)   --->   "%tmp = bitselect i1 @_ssdm_op_BitSelect.i1.i32.i32, i32 %min_x_3, i32 31" [top.cpp:96]   --->   Operation 67 'bitselect' 'tmp' <Predicate = (screen_tris_is_active_load)> <Delay = 0.00>
ST_3 : Operation 68 [1/1] (0.00ns)   --->   "%trunc_ln = partselect i15 @_ssdm_op_PartSelect.i15.i32.i32.i32, i32 %min_x_3, i32 16, i32 30" [top.cpp:96]   --->   Operation 68 'partselect' 'trunc_ln' <Predicate = (screen_tris_is_active_load)> <Delay = 0.00>
ST_3 : Operation 69 [1/1] (0.48ns)   --->   "%cond_i = select i1 %tmp, i15 0, i15 %trunc_ln" [top.cpp:96]   --->   Operation 69 'select' 'cond_i' <Predicate = (screen_tris_is_active_load)> <Delay = 0.48> <CoreInst = "Sel">   --->   Core 73 'Sel' <Latency = 0> <II = 1> <Delay = 0.48> <FuncUnit> <Opcode : 'select'> <InPorts = 3> <OutPorts = 1>
ST_3 : Operation 70 [1/1] (0.00ns)   --->   "%bounds_min_x_addr_1 = getelementptr i15 %bounds_min_x, i64 0, i64 %zext_ln75" [top.cpp:96]   --->   Operation 70 'getelementptr' 'bounds_min_x_addr_1' <Predicate = (screen_tris_is_active_load)> <Delay = 0.00>
ST_3 : Operation 71 [1/1] ( I:1.35ns O:1.35ns )   --->   "%store_ln96 = store i15 %cond_i, i7 %bounds_min_x_addr_1" [top.cpp:96]   --->   Operation 71 'store' 'store_ln96' <Predicate = (screen_tris_is_active_load)> <Delay = 1.35> <CoreInst = "RAM">   --->   Core 82 'RAM' <Latency = 1> <II = 1> <Delay = 1.35> <Storage> <Opcode : 'load' 'store'> <Ports = 2> <Width = 15> <Depth = 128> <RAM>
ST_3 : Operation 72 [1/1] (1.20ns)   --->   "%icmp_ln97 = icmp_sgt  i32 %max_x_3, i32 4128768" [top.cpp:97]   --->   Operation 72 'icmp' 'icmp_ln97' <Predicate = (screen_tris_is_active_load)> <Delay = 1.20> <CoreInst = "Cmp">   --->   Core 9 'Cmp' <Latency = 0> <II = 1> <Delay = 1.20> <FuncUnit> <Opcode : 'seteq' 'setne' 'setle' 'setge' 'setlt' 'setgt'> <InPorts = 2> <OutPorts = 1>
ST_3 : Operation 73 [1/1] (0.00ns)   --->   "%tmp_i = partselect i16 @_ssdm_op_PartSelect.i16.i32.i32, i32 %max_x_3, i32 16" [top.cpp:97]   --->   Operation 73 'partselect' 'tmp_i' <Predicate = (screen_tris_is_active_load)> <Delay = 0.00>
ST_3 : Operation 74 [1/1] (0.00ns) (grouped into LUT with out node cond109_i)   --->   "%tmp_70 = bitselect i1 @_ssdm_op_BitSelect.i1.i32.i32, i32 %max_x_3, i32 31" [top.cpp:97]   --->   Operation 74 'bitselect' 'tmp_70' <Predicate = (screen_tris_is_active_load)> <Delay = 0.00>
ST_3 : Operation 75 [1/1] (0.00ns)   --->   "%trunc_ln97 = trunc i32 %max_x_3" [top.cpp:97]   --->   Operation 75 'trunc' 'trunc_ln97' <Predicate = (screen_tris_is_active_load)> <Delay = 0.00>
ST_3 : Operation 76 [1/1] (1.01ns)   --->   "%icmp_ln97_1 = icmp_ne  i16 %trunc_ln97, i16 0" [top.cpp:97]   --->   Operation 76 'icmp' 'icmp_ln97_1' <Predicate = (screen_tris_is_active_load)> <Delay = 1.01> <CoreInst = "Cmp">   --->   Core 9 'Cmp' <Latency = 0> <II = 1> <Delay = 1.01> <FuncUnit> <Opcode : 'seteq' 'setne' 'setle' 'setge' 'setlt' 'setgt'> <InPorts = 2> <OutPorts = 1>
ST_3 : Operation 77 [1/1] (1.01ns)   --->   "%add_ln97 = add i16 %tmp_i, i16 1" [top.cpp:97]   --->   Operation 77 'add' 'add_ln97' <Predicate = (screen_tris_is_active_load)> <Delay = 1.01> <CoreInst = "Adder">   --->   Core 1 'Adder' <Latency = 0> <II = 1> <Delay = 1.01> <FuncUnit> <Opcode : 'add' 'sub'> <InPorts = 2> <OutPorts = 1>
ST_3 : Operation 78 [1/1] (0.00ns) (grouped into LUT with out node cond109_i)   --->   "%select_ln97 = select i1 %icmp_ln97_1, i16 %add_ln97, i16 %tmp_i" [top.cpp:97]   --->   Operation 78 'select' 'select_ln97' <Predicate = (screen_tris_is_active_load)> <Delay = 0.00> <CoreInst = "Sel">   --->   Core 73 'Sel' <Latency = 0> <II = 1> <Delay = 0.42> <FuncUnit> <Opcode : 'select'> <InPorts = 3> <OutPorts = 1>
ST_3 : Operation 79 [1/1] (0.00ns) (grouped into LUT with out node cond109_i)   --->   "%xor_ln97 = xor i1 %icmp_ln97, i1 1" [top.cpp:97]   --->   Operation 79 'xor' 'xor_ln97' <Predicate = (screen_tris_is_active_load)> <Delay = 0.00> <CoreInst = "LogicGate">   --->   Core 74 'LogicGate' <Latency = 0> <II = 1> <Delay = 0.33> <FuncUnit> <Opcode : 'and' 'or' 'xor'> <InPorts = 2> <OutPorts = 1>
ST_3 : Operation 80 [1/1] (0.00ns) (grouped into LUT with out node cond109_i)   --->   "%and_ln97 = and i1 %tmp_70, i1 %xor_ln97" [top.cpp:97]   --->   Operation 80 'and' 'and_ln97' <Predicate = (screen_tris_is_active_load)> <Delay = 0.00> <CoreInst = "LogicGate">   --->   Core 74 'LogicGate' <Latency = 0> <II = 1> <Delay = 0.33> <FuncUnit> <Opcode : 'and' 'or' 'xor'> <InPorts = 2> <OutPorts = 1>
ST_3 : Operation 81 [1/1] (0.00ns) (grouped into LUT with out node cond109_i)   --->   "%sel_tmp2 = bitconcatenate i2 @_ssdm_op_BitConcatenate.i2.i1.i1, i1 %icmp_ln97, i1 %and_ln97" [top.cpp:97]   --->   Operation 81 'bitconcatenate' 'sel_tmp2' <Predicate = (screen_tris_is_active_load)> <Delay = 0.00>
ST_3 : Operation 82 [1/1] (0.48ns) (out node of the LUT)   --->   "%cond109_i = sparsemux i16 @_ssdm_op_SparseMux.ap_auto.3i16.i16.i2, i2 2, i16 63, i2 1, i16 %select_ln97, i2 0, i16 %tmp_i, i16 0, i2 %sel_tmp2" [top.cpp:97]   --->   Operation 82 'sparsemux' 'cond109_i' <Predicate = (screen_tris_is_active_load)> <Delay = 0.48> <CoreInst = "OneHotSparseMux_HasDef">   --->   Core 152 'OneHotSparseMux_HasDef' <Latency = 0> <II = 1> <Delay = 0.48> <FuncUnit> <Opcode : 'sparsemux'> <InPorts = 2> <OutPorts = 1>
ST_3 : Operation 83 [1/1] (0.00ns)   --->   "%tmp_71 = bitselect i1 @_ssdm_op_BitSelect.i1.i32.i32, i32 %min_y_3, i32 31" [top.cpp:98]   --->   Operation 83 'bitselect' 'tmp_71' <Predicate = (screen_tris_is_active_load)> <Delay = 0.00>
ST_3 : Operation 84 [1/1] (0.00ns)   --->   "%trunc_ln1 = partselect i15 @_ssdm_op_PartSelect.i15.i32.i32.i32, i32 %min_y_3, i32 16, i32 30" [top.cpp:98]   --->   Operation 84 'partselect' 'trunc_ln1' <Predicate = (screen_tris_is_active_load)> <Delay = 0.00>
ST_3 : Operation 85 [1/1] (0.48ns)   --->   "%cond119_i = select i1 %tmp_71, i15 0, i15 %trunc_ln1" [top.cpp:98]   --->   Operation 85 'select' 'cond119_i' <Predicate = (screen_tris_is_active_load)> <Delay = 0.48> <CoreInst = "Sel">   --->   Core 73 'Sel' <Latency = 0> <II = 1> <Delay = 0.48> <FuncUnit> <Opcode : 'select'> <InPorts = 3> <OutPorts = 1>
ST_3 : Operation 86 [1/1] (0.00ns)   --->   "%bounds_min_y_addr_1 = getelementptr i15 %bounds_min_y, i64 0, i64 %zext_ln75" [top.cpp:98]   --->   Operation 86 'getelementptr' 'bounds_min_y_addr_1' <Predicate = (screen_tris_is_active_load)> <Delay = 0.00>
ST_3 : Operation 87 [1/1] ( I:1.35ns O:1.35ns )   --->   "%store_ln98 = store i15 %cond119_i, i7 %bounds_min_y_addr_1" [top.cpp:98]   --->   Operation 87 'store' 'store_ln98' <Predicate = (screen_tris_is_active_load)> <Delay = 1.35> <CoreInst = "RAM">   --->   Core 82 'RAM' <Latency = 1> <II = 1> <Delay = 1.35> <Storage> <Opcode : 'load' 'store'> <Ports = 2> <Width = 15> <Depth = 128> <RAM>
ST_3 : Operation 88 [1/1] (1.20ns)   --->   "%icmp_ln99 = icmp_sgt  i32 %max_y_3, i32 4128768" [top.cpp:99]   --->   Operation 88 'icmp' 'icmp_ln99' <Predicate = (screen_tris_is_active_load)> <Delay = 1.20> <CoreInst = "Cmp">   --->   Core 9 'Cmp' <Latency = 0> <II = 1> <Delay = 1.20> <FuncUnit> <Opcode : 'seteq' 'setne' 'setle' 'setge' 'setlt' 'setgt'> <InPorts = 2> <OutPorts = 1>
ST_3 : Operation 89 [1/1] (0.00ns)   --->   "%tmp_84_i = partselect i16 @_ssdm_op_PartSelect.i16.i32.i32, i32 %max_y_3, i32 16" [top.cpp:99]   --->   Operation 89 'partselect' 'tmp_84_i' <Predicate = (screen_tris_is_active_load)> <Delay = 0.00>
ST_3 : Operation 90 [1/1] (0.00ns) (grouped into LUT with out node cond129_i)   --->   "%tmp_72 = bitselect i1 @_ssdm_op_BitSelect.i1.i32.i32, i32 %max_y_3, i32 31" [top.cpp:99]   --->   Operation 90 'bitselect' 'tmp_72' <Predicate = (screen_tris_is_active_load)> <Delay = 0.00>
ST_3 : Operation 91 [1/1] (0.00ns)   --->   "%trunc_ln99 = trunc i32 %max_y_3" [top.cpp:99]   --->   Operation 91 'trunc' 'trunc_ln99' <Predicate = (screen_tris_is_active_load)> <Delay = 0.00>
ST_3 : Operation 92 [1/1] (1.01ns)   --->   "%icmp_ln99_1 = icmp_ne  i16 %trunc_ln99, i16 0" [top.cpp:99]   --->   Operation 92 'icmp' 'icmp_ln99_1' <Predicate = (screen_tris_is_active_load)> <Delay = 1.01> <CoreInst = "Cmp">   --->   Core 9 'Cmp' <Latency = 0> <II = 1> <Delay = 1.01> <FuncUnit> <Opcode : 'seteq' 'setne' 'setle' 'setge' 'setlt' 'setgt'> <InPorts = 2> <OutPorts = 1>
ST_3 : Operation 93 [1/1] (1.01ns)   --->   "%add_ln99 = add i16 %tmp_84_i, i16 1" [top.cpp:99]   --->   Operation 93 'add' 'add_ln99' <Predicate = (screen_tris_is_active_load)> <Delay = 1.01> <CoreInst = "Adder">   --->   Core 1 'Adder' <Latency = 0> <II = 1> <Delay = 1.01> <FuncUnit> <Opcode : 'add' 'sub'> <InPorts = 2> <OutPorts = 1>
ST_3 : Operation 94 [1/1] (0.00ns) (grouped into LUT with out node cond129_i)   --->   "%select_ln99 = select i1 %icmp_ln99_1, i16 %add_ln99, i16 %tmp_84_i" [top.cpp:99]   --->   Operation 94 'select' 'select_ln99' <Predicate = (screen_tris_is_active_load)> <Delay = 0.00> <CoreInst = "Sel">   --->   Core 73 'Sel' <Latency = 0> <II = 1> <Delay = 0.42> <FuncUnit> <Opcode : 'select'> <InPorts = 3> <OutPorts = 1>
ST_3 : Operation 95 [1/1] (0.00ns) (grouped into LUT with out node cond129_i)   --->   "%xor_ln99 = xor i1 %icmp_ln99, i1 1" [top.cpp:99]   --->   Operation 95 'xor' 'xor_ln99' <Predicate = (screen_tris_is_active_load)> <Delay = 0.00> <CoreInst = "LogicGate">   --->   Core 74 'LogicGate' <Latency = 0> <II = 1> <Delay = 0.33> <FuncUnit> <Opcode : 'and' 'or' 'xor'> <InPorts = 2> <OutPorts = 1>
ST_3 : Operation 96 [1/1] (0.00ns) (grouped into LUT with out node cond129_i)   --->   "%and_ln99 = and i1 %tmp_72, i1 %xor_ln99" [top.cpp:99]   --->   Operation 96 'and' 'and_ln99' <Predicate = (screen_tris_is_active_load)> <Delay = 0.00> <CoreInst = "LogicGate">   --->   Core 74 'LogicGate' <Latency = 0> <II = 1> <Delay = 0.33> <FuncUnit> <Opcode : 'and' 'or' 'xor'> <InPorts = 2> <OutPorts = 1>
ST_3 : Operation 97 [1/1] (0.00ns) (grouped into LUT with out node cond129_i)   --->   "%sel_tmp7 = bitconcatenate i2 @_ssdm_op_BitConcatenate.i2.i1.i1, i1 %icmp_ln99, i1 %and_ln99" [top.cpp:99]   --->   Operation 97 'bitconcatenate' 'sel_tmp7' <Predicate = (screen_tris_is_active_load)> <Delay = 0.00>
ST_3 : Operation 98 [1/1] (0.48ns) (out node of the LUT)   --->   "%cond129_i = sparsemux i16 @_ssdm_op_SparseMux.ap_auto.3i16.i16.i2, i2 2, i16 63, i2 1, i16 %select_ln99, i2 0, i16 %tmp_84_i, i16 0, i2 %sel_tmp7" [top.cpp:99]   --->   Operation 98 'sparsemux' 'cond129_i' <Predicate = (screen_tris_is_active_load)> <Delay = 0.48> <CoreInst = "OneHotSparseMux_HasDef">   --->   Core 152 'OneHotSparseMux_HasDef' <Latency = 0> <II = 1> <Delay = 0.48> <FuncUnit> <Opcode : 'sparsemux'> <InPorts = 2> <OutPorts = 1>
ST_3 : Operation 104 [1/1] (0.48ns)   --->   "%ret_ln75 = ret" [top.cpp:75]   --->   Operation 104 'ret' 'ret_ln75' <Predicate = (icmp_ln75)> <Delay = 0.48>

State 4 <SV = 3> <Delay = 1.35>
ST_4 : Operation 99 [1/1] (0.00ns)   --->   "%bounds_max_x_addr_1 = getelementptr i16 %bounds_max_x, i64 0, i64 %zext_ln75" [top.cpp:97]   --->   Operation 99 'getelementptr' 'bounds_max_x_addr_1' <Predicate = (screen_tris_is_active_load)> <Delay = 0.00>
ST_4 : Operation 100 [1/1] ( I:1.35ns O:1.35ns )   --->   "%store_ln97 = store i16 %cond109_i, i7 %bounds_max_x_addr_1" [top.cpp:97]   --->   Operation 100 'store' 'store_ln97' <Predicate = (screen_tris_is_active_load)> <Delay = 1.35> <CoreInst = "RAM">   --->   Core 82 'RAM' <Latency = 1> <II = 1> <Delay = 1.35> <Storage> <Opcode : 'load' 'store'> <Ports = 2> <Width = 16> <Depth = 128> <RAM>
ST_4 : Operation 101 [1/1] (0.00ns)   --->   "%bounds_max_y_addr_1 = getelementptr i16 %bounds_max_y, i64 0, i64 %zext_ln75" [top.cpp:99]   --->   Operation 101 'getelementptr' 'bounds_max_y_addr_1' <Predicate = (screen_tris_is_active_load)> <Delay = 0.00>
ST_4 : Operation 102 [1/1] ( I:1.35ns O:1.35ns )   --->   "%store_ln99 = store i16 %cond129_i, i7 %bounds_max_y_addr_1" [top.cpp:99]   --->   Operation 102 'store' 'store_ln99' <Predicate = (screen_tris_is_active_load)> <Delay = 1.35> <CoreInst = "RAM">   --->   Core 82 'RAM' <Latency = 1> <II = 1> <Delay = 1.35> <Storage> <Opcode : 'load' 'store'> <Ports = 2> <Width = 16> <Depth = 128> <RAM>
ST_4 : Operation 103 [1/1] (0.00ns)   --->   "%br_ln100 = br void %for.inc.i" [top.cpp:100]   --->   Operation 103 'br' 'br_ln100' <Predicate = (screen_tris_is_active_load)> <Delay = 0.00>


============================================================
+ Verbose Summary: Binding
============================================================
STG Binding: 
---------------- STG Properties BEGIN ----------------
- Is combinational: 0
- Is one-state seq: 0
- Is datapath-only: 0
- Is pipelined: 0
- Is top level: 0
Port [ Return ] is wired: 1; IO mode=ap_ctrl_hs:ce=0
Port [ bounds_max_x]:  wired=1; compound=1; hidden=0; nouse=0; global=0; static=0; extern=0; dir=1; type=1; pingpong=0; private_global=0; MemPort=[00]; IO mode=ap_memory:ce=0
Port [ bounds_max_y]:  wired=1; compound=1; hidden=0; nouse=0; global=0; static=0; extern=0; dir=1; type=1; pingpong=0; private_global=0; MemPort=[00]; IO mode=ap_memory:ce=0
Port [ bounds_min_x]:  wired=1; compound=1; hidden=0; nouse=0; global=0; static=0; extern=0; dir=1; type=1; pingpong=0; private_global=0; MemPort=[00]; IO mode=ap_memory:ce=0
Port [ bounds_min_y]:  wired=1; compound=1; hidden=0; nouse=0; global=0; static=0; extern=0; dir=1; type=1; pingpong=0; private_global=0; MemPort=[00]; IO mode=ap_memory:ce=0
Port [ screen_tris_is_active]:  wired=1; compound=1; hidden=0; nouse=0; global=0; static=0; extern=0; dir=0; type=1; pingpong=1; private_global=0; MemPort=[13]; IO mode=ap_memory:ce=0
Port [ screen_tris_v0_x]:  wired=1; compound=1; hidden=0; nouse=0; global=0; static=0; extern=0; dir=0; type=1; pingpong=1; private_global=0; MemPort=[13]; IO mode=ap_memory:ce=0
Port [ screen_tris_v0_y]:  wired=1; compound=1; hidden=0; nouse=0; global=0; static=0; extern=0; dir=0; type=1; pingpong=1; private_global=0; MemPort=[13]; IO mode=ap_memory:ce=0
Port [ screen_tris_v1_x]:  wired=1; compound=1; hidden=0; nouse=0; global=0; static=0; extern=0; dir=0; type=1; pingpong=1; private_global=0; MemPort=[13]; IO mode=ap_memory:ce=0
Port [ screen_tris_v1_y]:  wired=1; compound=1; hidden=0; nouse=0; global=0; static=0; extern=0; dir=0; type=1; pingpong=1; private_global=0; MemPort=[13]; IO mode=ap_memory:ce=0
Port [ screen_tris_v2_x]:  wired=1; compound=1; hidden=0; nouse=0; global=0; static=0; extern=0; dir=0; type=1; pingpong=1; private_global=0; MemPort=[13]; IO mode=ap_memory:ce=0
Port [ screen_tris_v2_y]:  wired=1; compound=1; hidden=0; nouse=0; global=0; static=0; extern=0; dir=0; type=1; pingpong=1; private_global=0; MemPort=[13]; IO mode=ap_memory:ce=0
---------------- STG Properties END ------------------

---------------- Datapath Model BEGIN ----------------

<LifeTime>
<method=bitvector/>
i                          (alloca           ) [ 01000]
store_ln75                 (store            ) [ 00000]
br_ln75                    (br               ) [ 00000]
i_2                        (load             ) [ 00000]
icmp_ln75                  (icmp             ) [ 01110]
add_ln75                   (add              ) [ 00000]
br_ln75                    (br               ) [ 00000]
zext_ln75                  (zext             ) [ 01111]
screen_tris_is_active_addr (getelementptr    ) [ 01100]
store_ln75                 (store            ) [ 00000]
br_ln75                    (br               ) [ 00000]
specpipeline_ln76          (specpipeline     ) [ 00000]
speclooptripcount_ln75     (speclooptripcount) [ 00000]
specloopname_ln75          (specloopname     ) [ 00000]
screen_tris_is_active_load (load             ) [ 01111]
br_ln77                    (br               ) [ 00000]
bounds_min_x_addr          (getelementptr    ) [ 00000]
store_ln101                (store            ) [ 00000]
bounds_max_x_addr          (getelementptr    ) [ 00000]
store_ln101                (store            ) [ 00000]
bounds_min_y_addr          (getelementptr    ) [ 00000]
store_ln102                (store            ) [ 00000]
bounds_max_y_addr          (getelementptr    ) [ 00000]
store_ln102                (store            ) [ 00000]
br_ln0                     (br               ) [ 00000]
screen_tris_v0_x_addr      (getelementptr    ) [ 01010]
screen_tris_v0_y_addr      (getelementptr    ) [ 01010]
screen_tris_v1_x_addr      (getelementptr    ) [ 01010]
screen_tris_v2_x_addr      (getelementptr    ) [ 01010]
screen_tris_v1_y_addr      (getelementptr    ) [ 01010]
screen_tris_v2_y_addr      (getelementptr    ) [ 01010]
min_x_4                    (load             ) [ 00000]
min_y_4                    (load             ) [ 00000]
screen_tris_v1_x_load      (load             ) [ 00000]
icmp_ln84                  (icmp             ) [ 00000]
min_x                      (select           ) [ 00000]
min_x_5                    (load             ) [ 00000]
icmp_ln85                  (icmp             ) [ 00000]
min_x_3                    (select           ) [ 00000]
icmp_ln86                  (icmp             ) [ 00000]
max_x_1                    (select           ) [ 00000]
icmp_ln87                  (icmp             ) [ 00000]
max_x_3                    (select           ) [ 00000]
screen_tris_v1_y_load      (load             ) [ 00000]
icmp_ln90                  (icmp             ) [ 00000]
min_y                      (select           ) [ 00000]
min_y_5                    (load             ) [ 00000]
icmp_ln91                  (icmp             ) [ 00000]
min_y_3                    (select           ) [ 00000]
icmp_ln92                  (icmp             ) [ 00000]
max_y_1                    (select           ) [ 00000]
icmp_ln93                  (icmp             ) [ 00000]
max_y_3                    (select           ) [ 00000]
tmp                        (bitselect        ) [ 00000]
trunc_ln                   (partselect       ) [ 00000]
cond_i                     (select           ) [ 00000]
bounds_min_x_addr_1        (getelementptr    ) [ 00000]
store_ln96                 (store            ) [ 00000]
icmp_ln97                  (icmp             ) [ 00000]
tmp_i                      (partselect       ) [ 00000]
tmp_70                     (bitselect        ) [ 00000]
trunc_ln97                 (trunc            ) [ 00000]
icmp_ln97_1                (icmp             ) [ 00000]
add_ln97                   (add              ) [ 00000]
select_ln97                (select           ) [ 00000]
xor_ln97                   (xor              ) [ 00000]
and_ln97                   (and              ) [ 00000]
sel_tmp2                   (bitconcatenate   ) [ 00000]
cond109_i                  (sparsemux        ) [ 01001]
tmp_71                     (bitselect        ) [ 00000]
trunc_ln1                  (partselect       ) [ 00000]
cond119_i                  (select           ) [ 00000]
bounds_min_y_addr_1        (getelementptr    ) [ 00000]
store_ln98                 (store            ) [ 00000]
icmp_ln99                  (icmp             ) [ 00000]
tmp_84_i                   (partselect       ) [ 00000]
tmp_72                     (bitselect        ) [ 00000]
trunc_ln99                 (trunc            ) [ 00000]
icmp_ln99_1                (icmp             ) [ 00000]
add_ln99                   (add              ) [ 00000]
select_ln99                (select           ) [ 00000]
xor_ln99                   (xor              ) [ 00000]
and_ln99                   (and              ) [ 00000]
sel_tmp7                   (bitconcatenate   ) [ 00000]
cond129_i                  (sparsemux        ) [ 01001]
bounds_max_x_addr_1        (getelementptr    ) [ 00000]
store_ln97                 (store            ) [ 00000]
bounds_max_y_addr_1        (getelementptr    ) [ 00000]
store_ln99                 (store            ) [ 00000]
br_ln100                   (br               ) [ 00000]
ret_ln75                   (ret              ) [ 00000]
</LifeTime>

<model>

<comp_list>
<comp id="0" class="1000" name="bounds_max_x">
<pin_list>
<pin id="1" dir="1" index="0" bw="1" slack="0"/>
</pin_list>
<bind>
<StgValue><ssdm name="bounds_max_x"/><MemPortTyVec>0 0 </MemPortTyVec>
</StgValue>
</bind>
</comp>

<comp id="2" class="1000" name="bounds_max_y">
<pin_list>
<pin id="3" dir="1" index="0" bw="1" slack="0"/>
</pin_list>
<bind>
<StgValue><ssdm name="bounds_max_y"/><MemPortTyVec>0 0 </MemPortTyVec>
</StgValue>
</bind>
</comp>

<comp id="4" class="1000" name="bounds_min_x">
<pin_list>
<pin id="5" dir="1" index="0" bw="1" slack="0"/>
</pin_list>
<bind>
<StgValue><ssdm name="bounds_min_x"/><MemPortTyVec>0 0 </MemPortTyVec>
</StgValue>
</bind>
</comp>

<comp id="6" class="1000" name="bounds_min_y">
<pin_list>
<pin id="7" dir="1" index="0" bw="1" slack="0"/>
</pin_list>
<bind>
<StgValue><ssdm name="bounds_min_y"/><MemPortTyVec>0 0 </MemPortTyVec>
</StgValue>
</bind>
</comp>

<comp id="8" class="1000" name="screen_tris_is_active">
<pin_list>
<pin id="9" dir="1" index="0" bw="1" slack="0"/>
</pin_list>
<bind>
<StgValue><ssdm name="screen_tris_is_active"/><MemPortTyVec>1 3 </MemPortTyVec>
</StgValue>
</bind>
</comp>

<comp id="10" class="1000" name="screen_tris_v0_x">
<pin_list>
<pin id="11" dir="1" index="0" bw="1" slack="0"/>
</pin_list>
<bind>
<StgValue><ssdm name="screen_tris_v0_x"/><MemPortTyVec>1 3 </MemPortTyVec>
</StgValue>
</bind>
</comp>

<comp id="12" class="1000" name="screen_tris_v0_y">
<pin_list>
<pin id="13" dir="1" index="0" bw="1" slack="0"/>
</pin_list>
<bind>
<StgValue><ssdm name="screen_tris_v0_y"/><MemPortTyVec>1 3 </MemPortTyVec>
</StgValue>
</bind>
</comp>

<comp id="14" class="1000" name="screen_tris_v1_x">
<pin_list>
<pin id="15" dir="1" index="0" bw="1" slack="0"/>
</pin_list>
<bind>
<StgValue><ssdm name="screen_tris_v1_x"/><MemPortTyVec>1 3 </MemPortTyVec>
</StgValue>
</bind>
</comp>

<comp id="16" class="1000" name="screen_tris_v1_y">
<pin_list>
<pin id="17" dir="1" index="0" bw="1" slack="0"/>
</pin_list>
<bind>
<StgValue><ssdm name="screen_tris_v1_y"/><MemPortTyVec>1 3 </MemPortTyVec>
</StgValue>
</bind>
</comp>

<comp id="18" class="1000" name="screen_tris_v2_x">
<pin_list>
<pin id="19" dir="1" index="0" bw="1" slack="0"/>
</pin_list>
<bind>
<StgValue><ssdm name="screen_tris_v2_x"/><MemPortTyVec>1 3 </MemPortTyVec>
</StgValue>
</bind>
</comp>

<comp id="20" class="1000" name="screen_tris_v2_y">
<pin_list>
<pin id="21" dir="1" index="0" bw="1" slack="0"/>
</pin_list>
<bind>
<StgValue><ssdm name="screen_tris_v2_y"/><MemPortTyVec>1 3 </MemPortTyVec>
</StgValue>
</bind>
</comp>

<comp id="22" class="1001" name="const_22">
<pin_list>
<pin id="23" dir="1" index="0" bw="1" slack="0"/>
</pin_list>
<bind>
<StgValue><ssdm name=""/></StgValue>
</bind>
</comp>

<comp id="24" class="1001" name="const_24">
<pin_list>
<pin id="25" dir="1" index="0" bw="1" slack="0"/>
</pin_list>
<bind>
<StgValue><ssdm name=""/></StgValue>
</bind>
</comp>

<comp id="26" class="1001" name="const_26">
<pin_list>
<pin id="27" dir="1" index="0" bw="1" slack="0"/>
</pin_list>
<bind>
<StgValue><ssdm name=""/></StgValue>
</bind>
</comp>

<comp id="28" class="1001" name="const_28">
<pin_list>
<pin id="29" dir="1" index="0" bw="1" slack="0"/>
</pin_list>
<bind>
<StgValue><ssdm name=""/></StgValue>
</bind>
</comp>

<comp id="30" class="1001" name="const_30">
<pin_list>
<pin id="31" dir="1" index="0" bw="1" slack="0"/>
</pin_list>
<bind>
<StgValue><ssdm name=""/></StgValue>
</bind>
</comp>

<comp id="32" class="1001" name="const_32">
<pin_list>
<pin id="33" dir="1" index="0" bw="1" slack="2147483647"/>
</pin_list>
<bind>
<StgValue><ssdm name="_ssdm_op_SpecPipeline"/></StgValue>
</bind>
</comp>

<comp id="34" class="1001" name="const_34">
<pin_list>
<pin id="35" dir="1" index="0" bw="1" slack="2147483647"/>
</pin_list>
<bind>
<StgValue><ssdm name=""/></StgValue>
</bind>
</comp>

<comp id="36" class="1001" name="const_36">
<pin_list>
<pin id="37" dir="1" index="0" bw="1" slack="2147483647"/>
</pin_list>
<bind>
<StgValue><ssdm name="empty_11"/></StgValue>
</bind>
</comp>

<comp id="38" class="1001" name="const_38">
<pin_list>
<pin id="39" dir="1" index="0" bw="1" slack="2147483647"/>
</pin_list>
<bind>
<StgValue><ssdm name="_ssdm_op_SpecLoopTripCount"/></StgValue>
</bind>
</comp>

<comp id="40" class="1001" name="const_40">
<pin_list>
<pin id="41" dir="1" index="0" bw="1" slack="2147483647"/>
</pin_list>
<bind>
<StgValue><ssdm name=""/></StgValue>
</bind>
</comp>

<comp id="42" class="1001" name="const_42">
<pin_list>
<pin id="43" dir="1" index="0" bw="1" slack="2147483647"/>
</pin_list>
<bind>
<StgValue><ssdm name="_ssdm_op_SpecLoopName"/></StgValue>
</bind>
</comp>

<comp id="44" class="1001" name="const_44">
<pin_list>
<pin id="45" dir="1" index="0" bw="1" slack="2147483647"/>
</pin_list>
<bind>
<StgValue><ssdm name="empty_4"/></StgValue>
</bind>
</comp>

<comp id="46" class="1001" name="const_46">
<pin_list>
<pin id="47" dir="1" index="0" bw="1" slack="0"/>
</pin_list>
<bind>
<StgValue><ssdm name=""/></StgValue>
</bind>
</comp>

<comp id="48" class="1001" name="const_48">
<pin_list>
<pin id="49" dir="1" index="0" bw="1" slack="0"/>
</pin_list>
<bind>
<StgValue><ssdm name=""/></StgValue>
</bind>
</comp>

<comp id="50" class="1001" name="const_50">
<pin_list>
<pin id="51" dir="1" index="0" bw="1" slack="0"/>
</pin_list>
<bind>
<StgValue><ssdm name="_ssdm_op_BitSelect.i1.i32.i32"/></StgValue>
</bind>
</comp>

<comp id="52" class="1001" name="const_52">
<pin_list>
<pin id="53" dir="1" index="0" bw="1" slack="0"/>
</pin_list>
<bind>
<StgValue><ssdm name=""/></StgValue>
</bind>
</comp>

<comp id="54" class="1001" name="const_54">
<pin_list>
<pin id="55" dir="1" index="0" bw="1" slack="0"/>
</pin_list>
<bind>
<StgValue><ssdm name="_ssdm_op_PartSelect.i15.i32.i32.i32"/></StgValue>
</bind>
</comp>

<comp id="56" class="1001" name="const_56">
<pin_list>
<pin id="57" dir="1" index="0" bw="1" slack="0"/>
</pin_list>
<bind>
<StgValue><ssdm name=""/></StgValue>
</bind>
</comp>

<comp id="58" class="1001" name="const_58">
<pin_list>
<pin id="59" dir="1" index="0" bw="1" slack="0"/>
</pin_list>
<bind>
<StgValue><ssdm name=""/></StgValue>
</bind>
</comp>

<comp id="60" class="1001" name="const_60">
<pin_list>
<pin id="61" dir="1" index="0" bw="1" slack="0"/>
</pin_list>
<bind>
<StgValue><ssdm name=""/></StgValue>
</bind>
</comp>

<comp id="62" class="1001" name="const_62">
<pin_list>
<pin id="63" dir="1" index="0" bw="1" slack="0"/>
</pin_list>
<bind>
<StgValue><ssdm name="_ssdm_op_PartSelect.i16.i32.i32"/></StgValue>
</bind>
</comp>

<comp id="64" class="1001" name="const_64">
<pin_list>
<pin id="65" dir="1" index="0" bw="1" slack="0"/>
</pin_list>
<bind>
<StgValue><ssdm name=""/></StgValue>
</bind>
</comp>

<comp id="66" class="1001" name="const_66">
<pin_list>
<pin id="67" dir="1" index="0" bw="1" slack="0"/>
</pin_list>
<bind>
<StgValue><ssdm name=""/></StgValue>
</bind>
</comp>

<comp id="68" class="1001" name="const_68">
<pin_list>
<pin id="69" dir="1" index="0" bw="1" slack="0"/>
</pin_list>
<bind>
<StgValue><ssdm name="_ssdm_op_BitConcatenate.i2.i1.i1"/></StgValue>
</bind>
</comp>

<comp id="70" class="1001" name="const_70">
<pin_list>
<pin id="71" dir="1" index="0" bw="1" slack="0"/>
</pin_list>
<bind>
<StgValue><ssdm name="_ssdm_op_SparseMux.ap_auto.3i16.i16.i2"/></StgValue>
</bind>
</comp>

<comp id="72" class="1001" name="const_72">
<pin_list>
<pin id="73" dir="1" index="0" bw="1" slack="0"/>
</pin_list>
<bind>
<StgValue><ssdm name=""/></StgValue>
</bind>
</comp>

<comp id="74" class="1001" name="const_74">
<pin_list>
<pin id="75" dir="1" index="0" bw="1" slack="0"/>
</pin_list>
<bind>
<StgValue><ssdm name=""/></StgValue>
</bind>
</comp>

<comp id="76" class="1001" name="const_76">
<pin_list>
<pin id="77" dir="1" index="0" bw="1" slack="0"/>
</pin_list>
<bind>
<StgValue><ssdm name=""/></StgValue>
</bind>
</comp>

<comp id="78" class="1001" name="const_78">
<pin_list>
<pin id="79" dir="1" index="0" bw="1" slack="0"/>
</pin_list>
<bind>
<StgValue><ssdm name=""/></StgValue>
</bind>
</comp>

<comp id="80" class="1001" name="const_80">
<pin_list>
<pin id="81" dir="1" index="0" bw="1" slack="0"/>
</pin_list>
<bind>
<StgValue><ssdm name=""/></StgValue>
</bind>
</comp>

<comp id="82" class="1004" name="i_fu_82">
<pin_list>
<pin id="83" dir="0" index="0" bw="1" slack="0"/>
<pin id="84" dir="1" index="1" bw="8" slack="0"/>
</pin_list>
<bind>
<opcode="alloca(26) " fcode="alloca"/>
<opset="i/1 "/>
</bind>
</comp>

<comp id="86" class="1004" name="screen_tris_is_active_addr_gep_fu_86">
<pin_list>
<pin id="87" dir="0" index="0" bw="1" slack="0"/>
<pin id="88" dir="0" index="1" bw="1" slack="0"/>
<pin id="89" dir="0" index="2" bw="8" slack="0"/>
<pin id="90" dir="1" index="3" bw="7" slack="0"/>
</pin_list>
<bind>
<opcode="getelementptr(29) " fcode="getelementptr"/>
<opset="screen_tris_is_active_addr/1 "/>
</bind>
</comp>

<comp id="93" class="1004" name="grp_access_fu_93">
<pin_list>
<pin id="94" dir="0" index="0" bw="7" slack="0"/>
<pin id="95" dir="0" index="1" bw="1" slack="2147483647"/>
<pin id="96" dir="0" index="2" bw="0" slack="2147483647"/>
<pin id="97" dir="1" index="3" bw="1" slack="1"/>
</pin_list>
<bind>
<opcode="load(27) " fcode="load"/>
<opset="screen_tris_is_active_load/1 "/>
</bind>
</comp>

<comp id="99" class="1004" name="bounds_min_x_addr_gep_fu_99">
<pin_list>
<pin id="100" dir="0" index="0" bw="15" slack="0"/>
<pin id="101" dir="0" index="1" bw="1" slack="0"/>
<pin id="102" dir="0" index="2" bw="8" slack="1"/>
<pin id="103" dir="1" index="3" bw="7" slack="0"/>
</pin_list>
<bind>
<opcode="getelementptr(29) " fcode="getelementptr"/>
<opset="bounds_min_x_addr/2 "/>
</bind>
</comp>

<comp id="106" class="1004" name="grp_access_fu_106">
<pin_list>
<pin id="107" dir="0" index="0" bw="7" slack="0"/>
<pin id="108" dir="0" index="1" bw="15" slack="0"/>
<pin id="109" dir="0" index="2" bw="0" slack="0"/>
<pin id="111" dir="0" index="4" bw="7" slack="0"/>
<pin id="112" dir="0" index="5" bw="15" slack="2147483647"/>
<pin id="113" dir="0" index="6" bw="0" slack="2147483647"/>
<pin id="110" dir="1" index="3" bw="15" slack="2147483647"/>
<pin id="114" dir="1" index="7" bw="15" slack="2147483647"/>
</pin_list>
<bind>
<opcode="store(28) " fcode="store"/>
<opset="store_ln101/2 store_ln96/3 "/>
</bind>
</comp>

<comp id="117" class="1004" name="bounds_max_x_addr_gep_fu_117">
<pin_list>
<pin id="118" dir="0" index="0" bw="16" slack="0"/>
<pin id="119" dir="0" index="1" bw="1" slack="0"/>
<pin id="120" dir="0" index="2" bw="8" slack="1"/>
<pin id="121" dir="1" index="3" bw="7" slack="0"/>
</pin_list>
<bind>
<opcode="getelementptr(29) " fcode="getelementptr"/>
<opset="bounds_max_x_addr/2 "/>
</bind>
</comp>

<comp id="124" class="1004" name="grp_access_fu_124">
<pin_list>
<pin id="125" dir="0" index="0" bw="7" slack="0"/>
<pin id="126" dir="0" index="1" bw="16" slack="1"/>
<pin id="127" dir="0" index="2" bw="0" slack="0"/>
<pin id="129" dir="0" index="4" bw="7" slack="0"/>
<pin id="130" dir="0" index="5" bw="16" slack="2147483647"/>
<pin id="131" dir="0" index="6" bw="0" slack="2147483647"/>
<pin id="128" dir="1" index="3" bw="16" slack="2147483647"/>
<pin id="132" dir="1" index="7" bw="16" slack="2147483647"/>
</pin_list>
<bind>
<opcode="store(28) " fcode="store"/>
<opset="store_ln101/2 store_ln97/4 "/>
</bind>
</comp>

<comp id="135" class="1004" name="bounds_min_y_addr_gep_fu_135">
<pin_list>
<pin id="136" dir="0" index="0" bw="15" slack="0"/>
<pin id="137" dir="0" index="1" bw="1" slack="0"/>
<pin id="138" dir="0" index="2" bw="8" slack="1"/>
<pin id="139" dir="1" index="3" bw="7" slack="0"/>
</pin_list>
<bind>
<opcode="getelementptr(29) " fcode="getelementptr"/>
<opset="bounds_min_y_addr/2 "/>
</bind>
</comp>

<comp id="142" class="1004" name="grp_access_fu_142">
<pin_list>
<pin id="143" dir="0" index="0" bw="7" slack="0"/>
<pin id="144" dir="0" index="1" bw="15" slack="0"/>
<pin id="145" dir="0" index="2" bw="0" slack="0"/>
<pin id="147" dir="0" index="4" bw="7" slack="0"/>
<pin id="148" dir="0" index="5" bw="15" slack="2147483647"/>
<pin id="149" dir="0" index="6" bw="0" slack="2147483647"/>
<pin id="146" dir="1" index="3" bw="15" slack="2147483647"/>
<pin id="150" dir="1" index="7" bw="15" slack="2147483647"/>
</pin_list>
<bind>
<opcode="store(28) " fcode="store"/>
<opset="store_ln102/2 store_ln98/3 "/>
</bind>
</comp>

<comp id="153" class="1004" name="bounds_max_y_addr_gep_fu_153">
<pin_list>
<pin id="154" dir="0" index="0" bw="16" slack="0"/>
<pin id="155" dir="0" index="1" bw="1" slack="0"/>
<pin id="156" dir="0" index="2" bw="8" slack="1"/>
<pin id="157" dir="1" index="3" bw="7" slack="0"/>
</pin_list>
<bind>
<opcode="getelementptr(29) " fcode="getelementptr"/>
<opset="bounds_max_y_addr/2 "/>
</bind>
</comp>

<comp id="160" class="1004" name="grp_access_fu_160">
<pin_list>
<pin id="161" dir="0" index="0" bw="7" slack="0"/>
<pin id="162" dir="0" index="1" bw="16" slack="1"/>
<pin id="163" dir="0" index="2" bw="0" slack="0"/>
<pin id="165" dir="0" index="4" bw="7" slack="0"/>
<pin id="166" dir="0" index="5" bw="16" slack="2147483647"/>
<pin id="167" dir="0" index="6" bw="0" slack="2147483647"/>
<pin id="164" dir="1" index="3" bw="16" slack="2147483647"/>
<pin id="168" dir="1" index="7" bw="16" slack="2147483647"/>
</pin_list>
<bind>
<opcode="store(28) " fcode="store"/>
<opset="store_ln102/2 store_ln99/4 "/>
</bind>
</comp>

<comp id="171" class="1004" name="screen_tris_v0_x_addr_gep_fu_171">
<pin_list>
<pin id="172" dir="0" index="0" bw="32" slack="0"/>
<pin id="173" dir="0" index="1" bw="1" slack="0"/>
<pin id="174" dir="0" index="2" bw="8" slack="1"/>
<pin id="175" dir="1" index="3" bw="7" slack="0"/>
</pin_list>
<bind>
<opcode="getelementptr(29) " fcode="getelementptr"/>
<opset="screen_tris_v0_x_addr/2 "/>
</bind>
</comp>

<comp id="178" class="1004" name="grp_access_fu_178">
<pin_list>
<pin id="179" dir="0" index="0" bw="7" slack="0"/>
<pin id="180" dir="0" index="1" bw="32" slack="2147483647"/>
<pin id="181" dir="0" index="2" bw="0" slack="2147483647"/>
<pin id="182" dir="1" index="3" bw="32" slack="0"/>
</pin_list>
<bind>
<opcode="load(27) " fcode="load"/>
<opset="min_x_4/2 "/>
</bind>
</comp>

<comp id="184" class="1004" name="screen_tris_v0_y_addr_gep_fu_184">
<pin_list>
<pin id="185" dir="0" index="0" bw="32" slack="0"/>
<pin id="186" dir="0" index="1" bw="1" slack="0"/>
<pin id="187" dir="0" index="2" bw="8" slack="1"/>
<pin id="188" dir="1" index="3" bw="7" slack="0"/>
</pin_list>
<bind>
<opcode="getelementptr(29) " fcode="getelementptr"/>
<opset="screen_tris_v0_y_addr/2 "/>
</bind>
</comp>

<comp id="191" class="1004" name="grp_access_fu_191">
<pin_list>
<pin id="192" dir="0" index="0" bw="7" slack="0"/>
<pin id="193" dir="0" index="1" bw="32" slack="2147483647"/>
<pin id="194" dir="0" index="2" bw="0" slack="2147483647"/>
<pin id="195" dir="1" index="3" bw="32" slack="0"/>
</pin_list>
<bind>
<opcode="load(27) " fcode="load"/>
<opset="min_y_4/2 "/>
</bind>
</comp>

<comp id="197" class="1004" name="screen_tris_v1_x_addr_gep_fu_197">
<pin_list>
<pin id="198" dir="0" index="0" bw="32" slack="0"/>
<pin id="199" dir="0" index="1" bw="1" slack="0"/>
<pin id="200" dir="0" index="2" bw="8" slack="1"/>
<pin id="201" dir="1" index="3" bw="7" slack="0"/>
</pin_list>
<bind>
<opcode="getelementptr(29) " fcode="getelementptr"/>
<opset="screen_tris_v1_x_addr/2 "/>
</bind>
</comp>

<comp id="204" class="1004" name="grp_access_fu_204">
<pin_list>
<pin id="205" dir="0" index="0" bw="7" slack="0"/>
<pin id="206" dir="0" index="1" bw="32" slack="2147483647"/>
<pin id="207" dir="0" index="2" bw="0" slack="2147483647"/>
<pin id="208" dir="1" index="3" bw="32" slack="0"/>
</pin_list>
<bind>
<opcode="load(27) " fcode="load"/>
<opset="screen_tris_v1_x_load/2 "/>
</bind>
</comp>

<comp id="210" class="1004" name="screen_tris_v2_x_addr_gep_fu_210">
<pin_list>
<pin id="211" dir="0" index="0" bw="32" slack="0"/>
<pin id="212" dir="0" index="1" bw="1" slack="0"/>
<pin id="213" dir="0" index="2" bw="8" slack="1"/>
<pin id="214" dir="1" index="3" bw="7" slack="0"/>
</pin_list>
<bind>
<opcode="getelementptr(29) " fcode="getelementptr"/>
<opset="screen_tris_v2_x_addr/2 "/>
</bind>
</comp>

<comp id="217" class="1004" name="grp_access_fu_217">
<pin_list>
<pin id="218" dir="0" index="0" bw="7" slack="0"/>
<pin id="219" dir="0" index="1" bw="32" slack="2147483647"/>
<pin id="220" dir="0" index="2" bw="0" slack="2147483647"/>
<pin id="221" dir="1" index="3" bw="32" slack="0"/>
</pin_list>
<bind>
<opcode="load(27) " fcode="load"/>
<opset="min_x_5/2 "/>
</bind>
</comp>

<comp id="223" class="1004" name="screen_tris_v1_y_addr_gep_fu_223">
<pin_list>
<pin id="224" dir="0" index="0" bw="32" slack="0"/>
<pin id="225" dir="0" index="1" bw="1" slack="0"/>
<pin id="226" dir="0" index="2" bw="8" slack="1"/>
<pin id="227" dir="1" index="3" bw="7" slack="0"/>
</pin_list>
<bind>
<opcode="getelementptr(29) " fcode="getelementptr"/>
<opset="screen_tris_v1_y_addr/2 "/>
</bind>
</comp>

<comp id="230" class="1004" name="grp_access_fu_230">
<pin_list>
<pin id="231" dir="0" index="0" bw="7" slack="0"/>
<pin id="232" dir="0" index="1" bw="32" slack="2147483647"/>
<pin id="233" dir="0" index="2" bw="0" slack="2147483647"/>
<pin id="234" dir="1" index="3" bw="32" slack="0"/>
</pin_list>
<bind>
<opcode="load(27) " fcode="load"/>
<opset="screen_tris_v1_y_load/2 "/>
</bind>
</comp>

<comp id="236" class="1004" name="screen_tris_v2_y_addr_gep_fu_236">
<pin_list>
<pin id="237" dir="0" index="0" bw="32" slack="0"/>
<pin id="238" dir="0" index="1" bw="1" slack="0"/>
<pin id="239" dir="0" index="2" bw="8" slack="1"/>
<pin id="240" dir="1" index="3" bw="7" slack="0"/>
</pin_list>
<bind>
<opcode="getelementptr(29) " fcode="getelementptr"/>
<opset="screen_tris_v2_y_addr/2 "/>
</bind>
</comp>

<comp id="243" class="1004" name="grp_access_fu_243">
<pin_list>
<pin id="244" dir="0" index="0" bw="7" slack="0"/>
<pin id="245" dir="0" index="1" bw="32" slack="2147483647"/>
<pin id="246" dir="0" index="2" bw="0" slack="2147483647"/>
<pin id="247" dir="1" index="3" bw="32" slack="0"/>
</pin_list>
<bind>
<opcode="load(27) " fcode="load"/>
<opset="min_y_5/2 "/>
</bind>
</comp>

<comp id="249" class="1004" name="bounds_min_x_addr_1_gep_fu_249">
<pin_list>
<pin id="250" dir="0" index="0" bw="15" slack="0"/>
<pin id="251" dir="0" index="1" bw="1" slack="0"/>
<pin id="252" dir="0" index="2" bw="8" slack="2"/>
<pin id="253" dir="1" index="3" bw="7" slack="0"/>
</pin_list>
<bind>
<opcode="getelementptr(29) " fcode="getelementptr"/>
<opset="bounds_min_x_addr_1/3 "/>
</bind>
</comp>

<comp id="257" class="1004" name="bounds_min_y_addr_1_gep_fu_257">
<pin_list>
<pin id="258" dir="0" index="0" bw="15" slack="0"/>
<pin id="259" dir="0" index="1" bw="1" slack="0"/>
<pin id="260" dir="0" index="2" bw="8" slack="2"/>
<pin id="261" dir="1" index="3" bw="7" slack="0"/>
</pin_list>
<bind>
<opcode="getelementptr(29) " fcode="getelementptr"/>
<opset="bounds_min_y_addr_1/3 "/>
</bind>
</comp>

<comp id="265" class="1004" name="bounds_max_x_addr_1_gep_fu_265">
<pin_list>
<pin id="266" dir="0" index="0" bw="16" slack="0"/>
<pin id="267" dir="0" index="1" bw="1" slack="0"/>
<pin id="268" dir="0" index="2" bw="8" slack="3"/>
<pin id="269" dir="1" index="3" bw="7" slack="0"/>
</pin_list>
<bind>
<opcode="getelementptr(29) " fcode="getelementptr"/>
<opset="bounds_max_x_addr_1/4 "/>
</bind>
</comp>

<comp id="273" class="1004" name="bounds_max_y_addr_1_gep_fu_273">
<pin_list>
<pin id="274" dir="0" index="0" bw="16" slack="0"/>
<pin id="275" dir="0" index="1" bw="1" slack="0"/>
<pin id="276" dir="0" index="2" bw="8" slack="3"/>
<pin id="277" dir="1" index="3" bw="7" slack="0"/>
</pin_list>
<bind>
<opcode="getelementptr(29) " fcode="getelementptr"/>
<opset="bounds_max_y_addr_1/4 "/>
</bind>
</comp>

<comp id="281" class="1004" name="store_ln75_store_fu_281">
<pin_list>
<pin id="282" dir="0" index="0" bw="1" slack="0"/>
<pin id="283" dir="0" index="1" bw="8" slack="0"/>
<pin id="284" dir="1" index="2" bw="0" slack="2147483647"/>
</pin_list>
<bind>
<opcode="store(28) " fcode="store"/>
<opset="store_ln75/1 "/>
</bind>
</comp>

<comp id="286" class="1004" name="i_2_load_fu_286">
<pin_list>
<pin id="287" dir="0" index="0" bw="8" slack="0"/>
<pin id="288" dir="1" index="1" bw="8" slack="0"/>
</pin_list>
<bind>
<opcode="load(27) " fcode="load"/>
<opset="i_2/1 "/>
</bind>
</comp>

<comp id="289" class="1004" name="icmp_ln75_fu_289">
<pin_list>
<pin id="290" dir="0" index="0" bw="8" slack="0"/>
<pin id="291" dir="0" index="1" bw="8" slack="0"/>
<pin id="292" dir="1" index="2" bw="1" slack="2"/>
</pin_list>
<bind>
<opcode="icmp(45) " fcode="icmp"/>
<opset="icmp_ln75/1 "/>
</bind>
</comp>

<comp id="295" class="1004" name="add_ln75_fu_295">
<pin_list>
<pin id="296" dir="0" index="0" bw="8" slack="0"/>
<pin id="297" dir="0" index="1" bw="1" slack="0"/>
<pin id="298" dir="1" index="2" bw="8" slack="0"/>
</pin_list>
<bind>
<opcode="add(8) " fcode="add"/>
<opset="add_ln75/1 "/>
</bind>
</comp>

<comp id="301" class="1004" name="zext_ln75_fu_301">
<pin_list>
<pin id="302" dir="0" index="0" bw="8" slack="0"/>
<pin id="303" dir="1" index="1" bw="64" slack="0"/>
</pin_list>
<bind>
<opcode="zext(34) " fcode="zext"/>
<opset="zext_ln75/1 "/>
</bind>
</comp>

<comp id="306" class="1004" name="store_ln75_store_fu_306">
<pin_list>
<pin id="307" dir="0" index="0" bw="8" slack="0"/>
<pin id="308" dir="0" index="1" bw="8" slack="0"/>
<pin id="309" dir="1" index="2" bw="0" slack="2147483647"/>
</pin_list>
<bind>
<opcode="store(28) " fcode="store"/>
<opset="store_ln75/1 "/>
</bind>
</comp>

<comp id="311" class="1004" name="icmp_ln84_fu_311">
<pin_list>
<pin id="312" dir="0" index="0" bw="32" slack="0"/>
<pin id="313" dir="0" index="1" bw="32" slack="0"/>
<pin id="314" dir="1" index="2" bw="1" slack="0"/>
</pin_list>
<bind>
<opcode="icmp(45) " fcode="icmp"/>
<opset="icmp_ln84/3 "/>
</bind>
</comp>

<comp id="317" class="1004" name="min_x_fu_317">
<pin_list>
<pin id="318" dir="0" index="0" bw="1" slack="0"/>
<pin id="319" dir="0" index="1" bw="32" slack="0"/>
<pin id="320" dir="0" index="2" bw="32" slack="0"/>
<pin id="321" dir="1" index="3" bw="32" slack="0"/>
</pin_list>
<bind>
<opcode="select(49) " fcode="select"/>
<opset="min_x/3 "/>
</bind>
</comp>

<comp id="325" class="1004" name="icmp_ln85_fu_325">
<pin_list>
<pin id="326" dir="0" index="0" bw="32" slack="0"/>
<pin id="327" dir="0" index="1" bw="32" slack="0"/>
<pin id="328" dir="1" index="2" bw="1" slack="0"/>
</pin_list>
<bind>
<opcode="icmp(45) " fcode="icmp"/>
<opset="icmp_ln85/3 "/>
</bind>
</comp>

<comp id="331" class="1004" name="min_x_3_fu_331">
<pin_list>
<pin id="332" dir="0" index="0" bw="1" slack="0"/>
<pin id="333" dir="0" index="1" bw="32" slack="0"/>
<pin id="334" dir="0" index="2" bw="32" slack="0"/>
<pin id="335" dir="1" index="3" bw="32" slack="0"/>
</pin_list>
<bind>
<opcode="select(49) " fcode="select"/>
<opset="min_x_3/3 "/>
</bind>
</comp>

<comp id="339" class="1004" name="icmp_ln86_fu_339">
<pin_list>
<pin id="340" dir="0" index="0" bw="32" slack="0"/>
<pin id="341" dir="0" index="1" bw="32" slack="0"/>
<pin id="342" dir="1" index="2" bw="1" slack="0"/>
</pin_list>
<bind>
<opcode="icmp(45) " fcode="icmp"/>
<opset="icmp_ln86/3 "/>
</bind>
</comp>

<comp id="345" class="1004" name="max_x_1_fu_345">
<pin_list>
<pin id="346" dir="0" index="0" bw="1" slack="0"/>
<pin id="347" dir="0" index="1" bw="32" slack="0"/>
<pin id="348" dir="0" index="2" bw="32" slack="0"/>
<pin id="349" dir="1" index="3" bw="32" slack="0"/>
</pin_list>
<bind>
<opcode="select(49) " fcode="select"/>
<opset="max_x_1/3 "/>
</bind>
</comp>

<comp id="353" class="1004" name="icmp_ln87_fu_353">
<pin_list>
<pin id="354" dir="0" index="0" bw="32" slack="0"/>
<pin id="355" dir="0" index="1" bw="32" slack="0"/>
<pin id="356" dir="1" index="2" bw="1" slack="0"/>
</pin_list>
<bind>
<opcode="icmp(45) " fcode="icmp"/>
<opset="icmp_ln87/3 "/>
</bind>
</comp>

<comp id="359" class="1004" name="max_x_3_fu_359">
<pin_list>
<pin id="360" dir="0" index="0" bw="1" slack="0"/>
<pin id="361" dir="0" index="1" bw="32" slack="0"/>
<pin id="362" dir="0" index="2" bw="32" slack="0"/>
<pin id="363" dir="1" index="3" bw="32" slack="0"/>
</pin_list>
<bind>
<opcode="select(49) " fcode="select"/>
<opset="max_x_3/3 "/>
</bind>
</comp>

<comp id="367" class="1004" name="icmp_ln90_fu_367">
<pin_list>
<pin id="368" dir="0" index="0" bw="32" slack="0"/>
<pin id="369" dir="0" index="1" bw="32" slack="0"/>
<pin id="370" dir="1" index="2" bw="1" slack="0"/>
</pin_list>
<bind>
<opcode="icmp(45) " fcode="icmp"/>
<opset="icmp_ln90/3 "/>
</bind>
</comp>

<comp id="373" class="1004" name="min_y_fu_373">
<pin_list>
<pin id="374" dir="0" index="0" bw="1" slack="0"/>
<pin id="375" dir="0" index="1" bw="32" slack="0"/>
<pin id="376" dir="0" index="2" bw="32" slack="0"/>
<pin id="377" dir="1" index="3" bw="32" slack="0"/>
</pin_list>
<bind>
<opcode="select(49) " fcode="select"/>
<opset="min_y/3 "/>
</bind>
</comp>

<comp id="381" class="1004" name="icmp_ln91_fu_381">
<pin_list>
<pin id="382" dir="0" index="0" bw="32" slack="0"/>
<pin id="383" dir="0" index="1" bw="32" slack="0"/>
<pin id="384" dir="1" index="2" bw="1" slack="0"/>
</pin_list>
<bind>
<opcode="icmp(45) " fcode="icmp"/>
<opset="icmp_ln91/3 "/>
</bind>
</comp>

<comp id="387" class="1004" name="min_y_3_fu_387">
<pin_list>
<pin id="388" dir="0" index="0" bw="1" slack="0"/>
<pin id="389" dir="0" index="1" bw="32" slack="0"/>
<pin id="390" dir="0" index="2" bw="32" slack="0"/>
<pin id="391" dir="1" index="3" bw="32" slack="0"/>
</pin_list>
<bind>
<opcode="select(49) " fcode="select"/>
<opset="min_y_3/3 "/>
</bind>
</comp>

<comp id="395" class="1004" name="icmp_ln92_fu_395">
<pin_list>
<pin id="396" dir="0" index="0" bw="32" slack="0"/>
<pin id="397" dir="0" index="1" bw="32" slack="0"/>
<pin id="398" dir="1" index="2" bw="1" slack="0"/>
</pin_list>
<bind>
<opcode="icmp(45) " fcode="icmp"/>
<opset="icmp_ln92/3 "/>
</bind>
</comp>

<comp id="401" class="1004" name="max_y_1_fu_401">
<pin_list>
<pin id="402" dir="0" index="0" bw="1" slack="0"/>
<pin id="403" dir="0" index="1" bw="32" slack="0"/>
<pin id="404" dir="0" index="2" bw="32" slack="0"/>
<pin id="405" dir="1" index="3" bw="32" slack="0"/>
</pin_list>
<bind>
<opcode="select(49) " fcode="select"/>
<opset="max_y_1/3 "/>
</bind>
</comp>

<comp id="409" class="1004" name="icmp_ln93_fu_409">
<pin_list>
<pin id="410" dir="0" index="0" bw="32" slack="0"/>
<pin id="411" dir="0" index="1" bw="32" slack="0"/>
<pin id="412" dir="1" index="2" bw="1" slack="0"/>
</pin_list>
<bind>
<opcode="icmp(45) " fcode="icmp"/>
<opset="icmp_ln93/3 "/>
</bind>
</comp>

<comp id="415" class="1004" name="max_y_3_fu_415">
<pin_list>
<pin id="416" dir="0" index="0" bw="1" slack="0"/>
<pin id="417" dir="0" index="1" bw="32" slack="0"/>
<pin id="418" dir="0" index="2" bw="32" slack="0"/>
<pin id="419" dir="1" index="3" bw="32" slack="0"/>
</pin_list>
<bind>
<opcode="select(49) " fcode="select"/>
<opset="max_y_3/3 "/>
</bind>
</comp>

<comp id="423" class="1004" name="tmp_fu_423">
<pin_list>
<pin id="424" dir="0" index="0" bw="1" slack="0"/>
<pin id="425" dir="0" index="1" bw="32" slack="0"/>
<pin id="426" dir="0" index="2" bw="6" slack="0"/>
<pin id="427" dir="1" index="3" bw="1" slack="0"/>
</pin_list>
<bind>
<opcode="bitselect(1000) " fcode="bitselect"/>
<opset="tmp/3 "/>
</bind>
</comp>

<comp id="431" class="1004" name="trunc_ln_fu_431">
<pin_list>
<pin id="432" dir="0" index="0" bw="15" slack="0"/>
<pin id="433" dir="0" index="1" bw="32" slack="0"/>
<pin id="434" dir="0" index="2" bw="6" slack="0"/>
<pin id="435" dir="0" index="3" bw="6" slack="0"/>
<pin id="436" dir="1" index="4" bw="15" slack="0"/>
</pin_list>
<bind>
<opcode="partselect(1002) " fcode="partselect"/>
<opset="trunc_ln/3 "/>
</bind>
</comp>

<comp id="441" class="1004" name="cond_i_fu_441">
<pin_list>
<pin id="442" dir="0" index="0" bw="1" slack="0"/>
<pin id="443" dir="0" index="1" bw="15" slack="0"/>
<pin id="444" dir="0" index="2" bw="15" slack="0"/>
<pin id="445" dir="1" index="3" bw="15" slack="0"/>
</pin_list>
<bind>
<opcode="select(49) " fcode="select"/>
<opset="cond_i/3 "/>
</bind>
</comp>

<comp id="450" class="1004" name="icmp_ln97_fu_450">
<pin_list>
<pin id="451" dir="0" index="0" bw="32" slack="0"/>
<pin id="452" dir="0" index="1" bw="32" slack="0"/>
<pin id="453" dir="1" index="2" bw="1" slack="0"/>
</pin_list>
<bind>
<opcode="icmp(45) " fcode="icmp"/>
<opset="icmp_ln97/3 "/>
</bind>
</comp>

<comp id="456" class="1004" name="tmp_i_fu_456">
<pin_list>
<pin id="457" dir="0" index="0" bw="16" slack="0"/>
<pin id="458" dir="0" index="1" bw="32" slack="0"/>
<pin id="459" dir="0" index="2" bw="6" slack="0"/>
<pin id="460" dir="1" index="3" bw="16" slack="0"/>
</pin_list>
<bind>
<opcode="partselect(1002) " fcode="partselect"/>
<opset="tmp_i/3 "/>
</bind>
</comp>

<comp id="464" class="1004" name="tmp_70_fu_464">
<pin_list>
<pin id="465" dir="0" index="0" bw="1" slack="0"/>
<pin id="466" dir="0" index="1" bw="32" slack="0"/>
<pin id="467" dir="0" index="2" bw="6" slack="0"/>
<pin id="468" dir="1" index="3" bw="1" slack="0"/>
</pin_list>
<bind>
<opcode="bitselect(1000) " fcode="bitselect"/>
<opset="tmp_70/3 "/>
</bind>
</comp>

<comp id="472" class="1004" name="trunc_ln97_fu_472">
<pin_list>
<pin id="473" dir="0" index="0" bw="32" slack="0"/>
<pin id="474" dir="1" index="1" bw="16" slack="0"/>
</pin_list>
<bind>
<opcode="trunc(33) " fcode="trunc"/>
<opset="trunc_ln97/3 "/>
</bind>
</comp>

<comp id="476" class="1004" name="icmp_ln97_1_fu_476">
<pin_list>
<pin id="477" dir="0" index="0" bw="16" slack="0"/>
<pin id="478" dir="0" index="1" bw="16" slack="0"/>
<pin id="479" dir="1" index="2" bw="1" slack="0"/>
</pin_list>
<bind>
<opcode="icmp(45) " fcode="icmp"/>
<opset="icmp_ln97_1/3 "/>
</bind>
</comp>

<comp id="482" class="1004" name="add_ln97_fu_482">
<pin_list>
<pin id="483" dir="0" index="0" bw="16" slack="0"/>
<pin id="484" dir="0" index="1" bw="1" slack="0"/>
<pin id="485" dir="1" index="2" bw="16" slack="0"/>
</pin_list>
<bind>
<opcode="add(8) " fcode="add"/>
<opset="add_ln97/3 "/>
</bind>
</comp>

<comp id="488" class="1004" name="select_ln97_fu_488">
<pin_list>
<pin id="489" dir="0" index="0" bw="1" slack="0"/>
<pin id="490" dir="0" index="1" bw="16" slack="0"/>
<pin id="491" dir="0" index="2" bw="16" slack="0"/>
<pin id="492" dir="1" index="3" bw="16" slack="0"/>
</pin_list>
<bind>
<opcode="select(49) " fcode="select"/>
<opset="select_ln97/3 "/>
</bind>
</comp>

<comp id="496" class="1004" name="xor_ln97_fu_496">
<pin_list>
<pin id="497" dir="0" index="0" bw="1" slack="0"/>
<pin id="498" dir="0" index="1" bw="1" slack="0"/>
<pin id="499" dir="1" index="2" bw="1" slack="0"/>
</pin_list>
<bind>
<opcode="xor(25) " fcode="xor"/>
<opset="xor_ln97/3 "/>
</bind>
</comp>

<comp id="502" class="1004" name="and_ln97_fu_502">
<pin_list>
<pin id="503" dir="0" index="0" bw="1" slack="0"/>
<pin id="504" dir="0" index="1" bw="1" slack="0"/>
<pin id="505" dir="1" index="2" bw="1" slack="0"/>
</pin_list>
<bind>
<opcode="and(23) " fcode="and"/>
<opset="and_ln97/3 "/>
</bind>
</comp>

<comp id="508" class="1004" name="sel_tmp2_fu_508">
<pin_list>
<pin id="509" dir="0" index="0" bw="2" slack="0"/>
<pin id="510" dir="0" index="1" bw="1" slack="0"/>
<pin id="511" dir="0" index="2" bw="1" slack="0"/>
<pin id="512" dir="1" index="3" bw="2" slack="0"/>
</pin_list>
<bind>
<opcode="bitconcatenate(1004) " fcode="bitconcatenate"/>
<opset="sel_tmp2/3 "/>
</bind>
</comp>

<comp id="516" class="1004" name="cond109_i_fu_516">
<pin_list>
<pin id="517" dir="0" index="0" bw="16" slack="0"/>
<pin id="518" dir="0" index="1" bw="2" slack="0"/>
<pin id="519" dir="0" index="2" bw="16" slack="0"/>
<pin id="520" dir="0" index="3" bw="2" slack="0"/>
<pin id="521" dir="0" index="4" bw="16" slack="0"/>
<pin id="522" dir="0" index="5" bw="2" slack="0"/>
<pin id="523" dir="0" index="6" bw="16" slack="0"/>
<pin id="524" dir="0" index="7" bw="16" slack="0"/>
<pin id="525" dir="0" index="8" bw="2" slack="0"/>
<pin id="526" dir="1" index="9" bw="16" slack="1"/>
</pin_list>
<bind>
<opcode="sparsemux(1197) " fcode="sparsemux"/>
<opset="cond109_i/3 "/>
</bind>
</comp>

<comp id="536" class="1004" name="tmp_71_fu_536">
<pin_list>
<pin id="537" dir="0" index="0" bw="1" slack="0"/>
<pin id="538" dir="0" index="1" bw="32" slack="0"/>
<pin id="539" dir="0" index="2" bw="6" slack="0"/>
<pin id="540" dir="1" index="3" bw="1" slack="0"/>
</pin_list>
<bind>
<opcode="bitselect(1000) " fcode="bitselect"/>
<opset="tmp_71/3 "/>
</bind>
</comp>

<comp id="544" class="1004" name="trunc_ln1_fu_544">
<pin_list>
<pin id="545" dir="0" index="0" bw="15" slack="0"/>
<pin id="546" dir="0" index="1" bw="32" slack="0"/>
<pin id="547" dir="0" index="2" bw="6" slack="0"/>
<pin id="548" dir="0" index="3" bw="6" slack="0"/>
<pin id="549" dir="1" index="4" bw="15" slack="0"/>
</pin_list>
<bind>
<opcode="partselect(1002) " fcode="partselect"/>
<opset="trunc_ln1/3 "/>
</bind>
</comp>

<comp id="554" class="1004" name="cond119_i_fu_554">
<pin_list>
<pin id="555" dir="0" index="0" bw="1" slack="0"/>
<pin id="556" dir="0" index="1" bw="15" slack="0"/>
<pin id="557" dir="0" index="2" bw="15" slack="0"/>
<pin id="558" dir="1" index="3" bw="15" slack="0"/>
</pin_list>
<bind>
<opcode="select(49) " fcode="select"/>
<opset="cond119_i/3 "/>
</bind>
</comp>

<comp id="563" class="1004" name="icmp_ln99_fu_563">
<pin_list>
<pin id="564" dir="0" index="0" bw="32" slack="0"/>
<pin id="565" dir="0" index="1" bw="32" slack="0"/>
<pin id="566" dir="1" index="2" bw="1" slack="0"/>
</pin_list>
<bind>
<opcode="icmp(45) " fcode="icmp"/>
<opset="icmp_ln99/3 "/>
</bind>
</comp>

<comp id="569" class="1004" name="tmp_84_i_fu_569">
<pin_list>
<pin id="570" dir="0" index="0" bw="16" slack="0"/>
<pin id="571" dir="0" index="1" bw="32" slack="0"/>
<pin id="572" dir="0" index="2" bw="6" slack="0"/>
<pin id="573" dir="1" index="3" bw="16" slack="0"/>
</pin_list>
<bind>
<opcode="partselect(1002) " fcode="partselect"/>
<opset="tmp_84_i/3 "/>
</bind>
</comp>

<comp id="577" class="1004" name="tmp_72_fu_577">
<pin_list>
<pin id="578" dir="0" index="0" bw="1" slack="0"/>
<pin id="579" dir="0" index="1" bw="32" slack="0"/>
<pin id="580" dir="0" index="2" bw="6" slack="0"/>
<pin id="581" dir="1" index="3" bw="1" slack="0"/>
</pin_list>
<bind>
<opcode="bitselect(1000) " fcode="bitselect"/>
<opset="tmp_72/3 "/>
</bind>
</comp>

<comp id="585" class="1004" name="trunc_ln99_fu_585">
<pin_list>
<pin id="586" dir="0" index="0" bw="32" slack="0"/>
<pin id="587" dir="1" index="1" bw="16" slack="0"/>
</pin_list>
<bind>
<opcode="trunc(33) " fcode="trunc"/>
<opset="trunc_ln99/3 "/>
</bind>
</comp>

<comp id="589" class="1004" name="icmp_ln99_1_fu_589">
<pin_list>
<pin id="590" dir="0" index="0" bw="16" slack="0"/>
<pin id="591" dir="0" index="1" bw="16" slack="0"/>
<pin id="592" dir="1" index="2" bw="1" slack="0"/>
</pin_list>
<bind>
<opcode="icmp(45) " fcode="icmp"/>
<opset="icmp_ln99_1/3 "/>
</bind>
</comp>

<comp id="595" class="1004" name="add_ln99_fu_595">
<pin_list>
<pin id="596" dir="0" index="0" bw="16" slack="0"/>
<pin id="597" dir="0" index="1" bw="1" slack="0"/>
<pin id="598" dir="1" index="2" bw="16" slack="0"/>
</pin_list>
<bind>
<opcode="add(8) " fcode="add"/>
<opset="add_ln99/3 "/>
</bind>
</comp>

<comp id="601" class="1004" name="select_ln99_fu_601">
<pin_list>
<pin id="602" dir="0" index="0" bw="1" slack="0"/>
<pin id="603" dir="0" index="1" bw="16" slack="0"/>
<pin id="604" dir="0" index="2" bw="16" slack="0"/>
<pin id="605" dir="1" index="3" bw="16" slack="0"/>
</pin_list>
<bind>
<opcode="select(49) " fcode="select"/>
<opset="select_ln99/3 "/>
</bind>
</comp>

<comp id="609" class="1004" name="xor_ln99_fu_609">
<pin_list>
<pin id="610" dir="0" index="0" bw="1" slack="0"/>
<pin id="611" dir="0" index="1" bw="1" slack="0"/>
<pin id="612" dir="1" index="2" bw="1" slack="0"/>
</pin_list>
<bind>
<opcode="xor(25) " fcode="xor"/>
<opset="xor_ln99/3 "/>
</bind>
</comp>

<comp id="615" class="1004" name="and_ln99_fu_615">
<pin_list>
<pin id="616" dir="0" index="0" bw="1" slack="0"/>
<pin id="617" dir="0" index="1" bw="1" slack="0"/>
<pin id="618" dir="1" index="2" bw="1" slack="0"/>
</pin_list>
<bind>
<opcode="and(23) " fcode="and"/>
<opset="and_ln99/3 "/>
</bind>
</comp>

<comp id="621" class="1004" name="sel_tmp7_fu_621">
<pin_list>
<pin id="622" dir="0" index="0" bw="2" slack="0"/>
<pin id="623" dir="0" index="1" bw="1" slack="0"/>
<pin id="624" dir="0" index="2" bw="1" slack="0"/>
<pin id="625" dir="1" index="3" bw="2" slack="0"/>
</pin_list>
<bind>
<opcode="bitconcatenate(1004) " fcode="bitconcatenate"/>
<opset="sel_tmp7/3 "/>
</bind>
</comp>

<comp id="629" class="1004" name="cond129_i_fu_629">
<pin_list>
<pin id="630" dir="0" index="0" bw="16" slack="0"/>
<pin id="631" dir="0" index="1" bw="2" slack="0"/>
<pin id="632" dir="0" index="2" bw="16" slack="0"/>
<pin id="633" dir="0" index="3" bw="2" slack="0"/>
<pin id="634" dir="0" index="4" bw="16" slack="0"/>
<pin id="635" dir="0" index="5" bw="2" slack="0"/>
<pin id="636" dir="0" index="6" bw="16" slack="0"/>
<pin id="637" dir="0" index="7" bw="16" slack="0"/>
<pin id="638" dir="0" index="8" bw="2" slack="0"/>
<pin id="639" dir="1" index="9" bw="16" slack="1"/>
</pin_list>
<bind>
<opcode="sparsemux(1197) " fcode="sparsemux"/>
<opset="cond129_i/3 "/>
</bind>
</comp>

<comp id="649" class="1005" name="i_reg_649">
<pin_list>
<pin id="650" dir="0" index="0" bw="8" slack="0"/>
<pin id="651" dir="1" index="1" bw="8" slack="0"/>
</pin_list>
<bind>
<opset="i "/>
</bind>
</comp>

<comp id="656" class="1005" name="icmp_ln75_reg_656">
<pin_list>
<pin id="657" dir="0" index="0" bw="1" slack="2"/>
<pin id="658" dir="1" index="1" bw="1" slack="2147483647"/>
</pin_list>
<bind>
<opset="icmp_ln75 "/>
</bind>
</comp>

<comp id="660" class="1005" name="zext_ln75_reg_660">
<pin_list>
<pin id="661" dir="0" index="0" bw="64" slack="1"/>
<pin id="662" dir="1" index="1" bw="64" slack="1"/>
</pin_list>
<bind>
<opset="zext_ln75 "/>
</bind>
</comp>

<comp id="678" class="1005" name="screen_tris_is_active_addr_reg_678">
<pin_list>
<pin id="679" dir="0" index="0" bw="7" slack="1"/>
<pin id="680" dir="1" index="1" bw="7" slack="1"/>
</pin_list>
<bind>
<opset="screen_tris_is_active_addr "/>
</bind>
</comp>

<comp id="683" class="1005" name="screen_tris_is_active_load_reg_683">
<pin_list>
<pin id="684" dir="0" index="0" bw="1" slack="1"/>
<pin id="685" dir="1" index="1" bw="1" slack="2147483647"/>
</pin_list>
<bind>
<opset="screen_tris_is_active_load "/>
</bind>
</comp>

<comp id="687" class="1005" name="screen_tris_v0_x_addr_reg_687">
<pin_list>
<pin id="688" dir="0" index="0" bw="7" slack="1"/>
<pin id="689" dir="1" index="1" bw="7" slack="1"/>
</pin_list>
<bind>
<opset="screen_tris_v0_x_addr "/>
</bind>
</comp>

<comp id="692" class="1005" name="screen_tris_v0_y_addr_reg_692">
<pin_list>
<pin id="693" dir="0" index="0" bw="7" slack="1"/>
<pin id="694" dir="1" index="1" bw="7" slack="1"/>
</pin_list>
<bind>
<opset="screen_tris_v0_y_addr "/>
</bind>
</comp>

<comp id="697" class="1005" name="screen_tris_v1_x_addr_reg_697">
<pin_list>
<pin id="698" dir="0" index="0" bw="7" slack="1"/>
<pin id="699" dir="1" index="1" bw="7" slack="1"/>
</pin_list>
<bind>
<opset="screen_tris_v1_x_addr "/>
</bind>
</comp>

<comp id="702" class="1005" name="screen_tris_v2_x_addr_reg_702">
<pin_list>
<pin id="703" dir="0" index="0" bw="7" slack="1"/>
<pin id="704" dir="1" index="1" bw="7" slack="1"/>
</pin_list>
<bind>
<opset="screen_tris_v2_x_addr "/>
</bind>
</comp>

<comp id="707" class="1005" name="screen_tris_v1_y_addr_reg_707">
<pin_list>
<pin id="708" dir="0" index="0" bw="7" slack="1"/>
<pin id="709" dir="1" index="1" bw="7" slack="1"/>
</pin_list>
<bind>
<opset="screen_tris_v1_y_addr "/>
</bind>
</comp>

<comp id="712" class="1005" name="screen_tris_v2_y_addr_reg_712">
<pin_list>
<pin id="713" dir="0" index="0" bw="7" slack="1"/>
<pin id="714" dir="1" index="1" bw="7" slack="1"/>
</pin_list>
<bind>
<opset="screen_tris_v2_y_addr "/>
</bind>
</comp>

<comp id="717" class="1005" name="cond109_i_reg_717">
<pin_list>
<pin id="718" dir="0" index="0" bw="16" slack="1"/>
<pin id="719" dir="1" index="1" bw="16" slack="1"/>
</pin_list>
<bind>
<opset="cond109_i "/>
</bind>
</comp>

<comp id="722" class="1005" name="cond129_i_reg_722">
<pin_list>
<pin id="723" dir="0" index="0" bw="16" slack="1"/>
<pin id="724" dir="1" index="1" bw="16" slack="1"/>
</pin_list>
<bind>
<opset="cond129_i "/>
</bind>
</comp>

</comp_list>

<net_list>
<net id="85"><net_src comp="22" pin="0"/><net_sink comp="82" pin=0"/></net>

<net id="91"><net_src comp="8" pin="0"/><net_sink comp="86" pin=0"/></net>

<net id="92"><net_src comp="30" pin="0"/><net_sink comp="86" pin=1"/></net>

<net id="98"><net_src comp="86" pin="3"/><net_sink comp="93" pin=0"/></net>

<net id="104"><net_src comp="4" pin="0"/><net_sink comp="99" pin=0"/></net>

<net id="105"><net_src comp="30" pin="0"/><net_sink comp="99" pin=1"/></net>

<net id="115"><net_src comp="46" pin="0"/><net_sink comp="106" pin=4"/></net>

<net id="116"><net_src comp="99" pin="3"/><net_sink comp="106" pin=2"/></net>

<net id="122"><net_src comp="0" pin="0"/><net_sink comp="117" pin=0"/></net>

<net id="123"><net_src comp="30" pin="0"/><net_sink comp="117" pin=1"/></net>

<net id="133"><net_src comp="48" pin="0"/><net_sink comp="124" pin=4"/></net>

<net id="134"><net_src comp="117" pin="3"/><net_sink comp="124" pin=2"/></net>

<net id="140"><net_src comp="6" pin="0"/><net_sink comp="135" pin=0"/></net>

<net id="141"><net_src comp="30" pin="0"/><net_sink comp="135" pin=1"/></net>

<net id="151"><net_src comp="46" pin="0"/><net_sink comp="142" pin=4"/></net>

<net id="152"><net_src comp="135" pin="3"/><net_sink comp="142" pin=2"/></net>

<net id="158"><net_src comp="2" pin="0"/><net_sink comp="153" pin=0"/></net>

<net id="159"><net_src comp="30" pin="0"/><net_sink comp="153" pin=1"/></net>

<net id="169"><net_src comp="48" pin="0"/><net_sink comp="160" pin=4"/></net>

<net id="170"><net_src comp="153" pin="3"/><net_sink comp="160" pin=2"/></net>

<net id="176"><net_src comp="10" pin="0"/><net_sink comp="171" pin=0"/></net>

<net id="177"><net_src comp="30" pin="0"/><net_sink comp="171" pin=1"/></net>

<net id="183"><net_src comp="171" pin="3"/><net_sink comp="178" pin=0"/></net>

<net id="189"><net_src comp="12" pin="0"/><net_sink comp="184" pin=0"/></net>

<net id="190"><net_src comp="30" pin="0"/><net_sink comp="184" pin=1"/></net>

<net id="196"><net_src comp="184" pin="3"/><net_sink comp="191" pin=0"/></net>

<net id="202"><net_src comp="14" pin="0"/><net_sink comp="197" pin=0"/></net>

<net id="203"><net_src comp="30" pin="0"/><net_sink comp="197" pin=1"/></net>

<net id="209"><net_src comp="197" pin="3"/><net_sink comp="204" pin=0"/></net>

<net id="215"><net_src comp="18" pin="0"/><net_sink comp="210" pin=0"/></net>

<net id="216"><net_src comp="30" pin="0"/><net_sink comp="210" pin=1"/></net>

<net id="222"><net_src comp="210" pin="3"/><net_sink comp="217" pin=0"/></net>

<net id="228"><net_src comp="16" pin="0"/><net_sink comp="223" pin=0"/></net>

<net id="229"><net_src comp="30" pin="0"/><net_sink comp="223" pin=1"/></net>

<net id="235"><net_src comp="223" pin="3"/><net_sink comp="230" pin=0"/></net>

<net id="241"><net_src comp="20" pin="0"/><net_sink comp="236" pin=0"/></net>

<net id="242"><net_src comp="30" pin="0"/><net_sink comp="236" pin=1"/></net>

<net id="248"><net_src comp="236" pin="3"/><net_sink comp="243" pin=0"/></net>

<net id="254"><net_src comp="4" pin="0"/><net_sink comp="249" pin=0"/></net>

<net id="255"><net_src comp="30" pin="0"/><net_sink comp="249" pin=1"/></net>

<net id="256"><net_src comp="249" pin="3"/><net_sink comp="106" pin=0"/></net>

<net id="262"><net_src comp="6" pin="0"/><net_sink comp="257" pin=0"/></net>

<net id="263"><net_src comp="30" pin="0"/><net_sink comp="257" pin=1"/></net>

<net id="264"><net_src comp="257" pin="3"/><net_sink comp="142" pin=0"/></net>

<net id="270"><net_src comp="0" pin="0"/><net_sink comp="265" pin=0"/></net>

<net id="271"><net_src comp="30" pin="0"/><net_sink comp="265" pin=1"/></net>

<net id="272"><net_src comp="265" pin="3"/><net_sink comp="124" pin=0"/></net>

<net id="278"><net_src comp="2" pin="0"/><net_sink comp="273" pin=0"/></net>

<net id="279"><net_src comp="30" pin="0"/><net_sink comp="273" pin=1"/></net>

<net id="280"><net_src comp="273" pin="3"/><net_sink comp="160" pin=0"/></net>

<net id="285"><net_src comp="24" pin="0"/><net_sink comp="281" pin=0"/></net>

<net id="293"><net_src comp="286" pin="1"/><net_sink comp="289" pin=0"/></net>

<net id="294"><net_src comp="26" pin="0"/><net_sink comp="289" pin=1"/></net>

<net id="299"><net_src comp="286" pin="1"/><net_sink comp="295" pin=0"/></net>

<net id="300"><net_src comp="28" pin="0"/><net_sink comp="295" pin=1"/></net>

<net id="304"><net_src comp="286" pin="1"/><net_sink comp="301" pin=0"/></net>

<net id="305"><net_src comp="301" pin="1"/><net_sink comp="86" pin=2"/></net>

<net id="310"><net_src comp="295" pin="2"/><net_sink comp="306" pin=0"/></net>

<net id="315"><net_src comp="204" pin="3"/><net_sink comp="311" pin=0"/></net>

<net id="316"><net_src comp="178" pin="3"/><net_sink comp="311" pin=1"/></net>

<net id="322"><net_src comp="311" pin="2"/><net_sink comp="317" pin=0"/></net>

<net id="323"><net_src comp="204" pin="3"/><net_sink comp="317" pin=1"/></net>

<net id="324"><net_src comp="178" pin="3"/><net_sink comp="317" pin=2"/></net>

<net id="329"><net_src comp="217" pin="3"/><net_sink comp="325" pin=0"/></net>

<net id="330"><net_src comp="317" pin="3"/><net_sink comp="325" pin=1"/></net>

<net id="336"><net_src comp="325" pin="2"/><net_sink comp="331" pin=0"/></net>

<net id="337"><net_src comp="217" pin="3"/><net_sink comp="331" pin=1"/></net>

<net id="338"><net_src comp="317" pin="3"/><net_sink comp="331" pin=2"/></net>

<net id="343"><net_src comp="204" pin="3"/><net_sink comp="339" pin=0"/></net>

<net id="344"><net_src comp="178" pin="3"/><net_sink comp="339" pin=1"/></net>

<net id="350"><net_src comp="339" pin="2"/><net_sink comp="345" pin=0"/></net>

<net id="351"><net_src comp="204" pin="3"/><net_sink comp="345" pin=1"/></net>

<net id="352"><net_src comp="178" pin="3"/><net_sink comp="345" pin=2"/></net>

<net id="357"><net_src comp="217" pin="3"/><net_sink comp="353" pin=0"/></net>

<net id="358"><net_src comp="345" pin="3"/><net_sink comp="353" pin=1"/></net>

<net id="364"><net_src comp="353" pin="2"/><net_sink comp="359" pin=0"/></net>

<net id="365"><net_src comp="217" pin="3"/><net_sink comp="359" pin=1"/></net>

<net id="366"><net_src comp="345" pin="3"/><net_sink comp="359" pin=2"/></net>

<net id="371"><net_src comp="230" pin="3"/><net_sink comp="367" pin=0"/></net>

<net id="372"><net_src comp="191" pin="3"/><net_sink comp="367" pin=1"/></net>

<net id="378"><net_src comp="367" pin="2"/><net_sink comp="373" pin=0"/></net>

<net id="379"><net_src comp="230" pin="3"/><net_sink comp="373" pin=1"/></net>

<net id="380"><net_src comp="191" pin="3"/><net_sink comp="373" pin=2"/></net>

<net id="385"><net_src comp="243" pin="3"/><net_sink comp="381" pin=0"/></net>

<net id="386"><net_src comp="373" pin="3"/><net_sink comp="381" pin=1"/></net>

<net id="392"><net_src comp="381" pin="2"/><net_sink comp="387" pin=0"/></net>

<net id="393"><net_src comp="243" pin="3"/><net_sink comp="387" pin=1"/></net>

<net id="394"><net_src comp="373" pin="3"/><net_sink comp="387" pin=2"/></net>

<net id="399"><net_src comp="230" pin="3"/><net_sink comp="395" pin=0"/></net>

<net id="400"><net_src comp="191" pin="3"/><net_sink comp="395" pin=1"/></net>

<net id="406"><net_src comp="395" pin="2"/><net_sink comp="401" pin=0"/></net>

<net id="407"><net_src comp="230" pin="3"/><net_sink comp="401" pin=1"/></net>

<net id="408"><net_src comp="191" pin="3"/><net_sink comp="401" pin=2"/></net>

<net id="413"><net_src comp="243" pin="3"/><net_sink comp="409" pin=0"/></net>

<net id="414"><net_src comp="401" pin="3"/><net_sink comp="409" pin=1"/></net>

<net id="420"><net_src comp="409" pin="2"/><net_sink comp="415" pin=0"/></net>

<net id="421"><net_src comp="243" pin="3"/><net_sink comp="415" pin=1"/></net>

<net id="422"><net_src comp="401" pin="3"/><net_sink comp="415" pin=2"/></net>

<net id="428"><net_src comp="50" pin="0"/><net_sink comp="423" pin=0"/></net>

<net id="429"><net_src comp="331" pin="3"/><net_sink comp="423" pin=1"/></net>

<net id="430"><net_src comp="52" pin="0"/><net_sink comp="423" pin=2"/></net>

<net id="437"><net_src comp="54" pin="0"/><net_sink comp="431" pin=0"/></net>

<net id="438"><net_src comp="331" pin="3"/><net_sink comp="431" pin=1"/></net>

<net id="439"><net_src comp="56" pin="0"/><net_sink comp="431" pin=2"/></net>

<net id="440"><net_src comp="58" pin="0"/><net_sink comp="431" pin=3"/></net>

<net id="446"><net_src comp="423" pin="3"/><net_sink comp="441" pin=0"/></net>

<net id="447"><net_src comp="46" pin="0"/><net_sink comp="441" pin=1"/></net>

<net id="448"><net_src comp="431" pin="4"/><net_sink comp="441" pin=2"/></net>

<net id="449"><net_src comp="441" pin="3"/><net_sink comp="106" pin=1"/></net>

<net id="454"><net_src comp="359" pin="3"/><net_sink comp="450" pin=0"/></net>

<net id="455"><net_src comp="60" pin="0"/><net_sink comp="450" pin=1"/></net>

<net id="461"><net_src comp="62" pin="0"/><net_sink comp="456" pin=0"/></net>

<net id="462"><net_src comp="359" pin="3"/><net_sink comp="456" pin=1"/></net>

<net id="463"><net_src comp="56" pin="0"/><net_sink comp="456" pin=2"/></net>

<net id="469"><net_src comp="50" pin="0"/><net_sink comp="464" pin=0"/></net>

<net id="470"><net_src comp="359" pin="3"/><net_sink comp="464" pin=1"/></net>

<net id="471"><net_src comp="52" pin="0"/><net_sink comp="464" pin=2"/></net>

<net id="475"><net_src comp="359" pin="3"/><net_sink comp="472" pin=0"/></net>

<net id="480"><net_src comp="472" pin="1"/><net_sink comp="476" pin=0"/></net>

<net id="481"><net_src comp="48" pin="0"/><net_sink comp="476" pin=1"/></net>

<net id="486"><net_src comp="456" pin="3"/><net_sink comp="482" pin=0"/></net>

<net id="487"><net_src comp="64" pin="0"/><net_sink comp="482" pin=1"/></net>

<net id="493"><net_src comp="476" pin="2"/><net_sink comp="488" pin=0"/></net>

<net id="494"><net_src comp="482" pin="2"/><net_sink comp="488" pin=1"/></net>

<net id="495"><net_src comp="456" pin="3"/><net_sink comp="488" pin=2"/></net>

<net id="500"><net_src comp="450" pin="2"/><net_sink comp="496" pin=0"/></net>

<net id="501"><net_src comp="66" pin="0"/><net_sink comp="496" pin=1"/></net>

<net id="506"><net_src comp="464" pin="3"/><net_sink comp="502" pin=0"/></net>

<net id="507"><net_src comp="496" pin="2"/><net_sink comp="502" pin=1"/></net>

<net id="513"><net_src comp="68" pin="0"/><net_sink comp="508" pin=0"/></net>

<net id="514"><net_src comp="450" pin="2"/><net_sink comp="508" pin=1"/></net>

<net id="515"><net_src comp="502" pin="2"/><net_sink comp="508" pin=2"/></net>

<net id="527"><net_src comp="70" pin="0"/><net_sink comp="516" pin=0"/></net>

<net id="528"><net_src comp="72" pin="0"/><net_sink comp="516" pin=1"/></net>

<net id="529"><net_src comp="74" pin="0"/><net_sink comp="516" pin=2"/></net>

<net id="530"><net_src comp="76" pin="0"/><net_sink comp="516" pin=3"/></net>

<net id="531"><net_src comp="488" pin="3"/><net_sink comp="516" pin=4"/></net>

<net id="532"><net_src comp="78" pin="0"/><net_sink comp="516" pin=5"/></net>

<net id="533"><net_src comp="456" pin="3"/><net_sink comp="516" pin=6"/></net>

<net id="534"><net_src comp="80" pin="0"/><net_sink comp="516" pin=7"/></net>

<net id="535"><net_src comp="508" pin="3"/><net_sink comp="516" pin=8"/></net>

<net id="541"><net_src comp="50" pin="0"/><net_sink comp="536" pin=0"/></net>

<net id="542"><net_src comp="387" pin="3"/><net_sink comp="536" pin=1"/></net>

<net id="543"><net_src comp="52" pin="0"/><net_sink comp="536" pin=2"/></net>

<net id="550"><net_src comp="54" pin="0"/><net_sink comp="544" pin=0"/></net>

<net id="551"><net_src comp="387" pin="3"/><net_sink comp="544" pin=1"/></net>

<net id="552"><net_src comp="56" pin="0"/><net_sink comp="544" pin=2"/></net>

<net id="553"><net_src comp="58" pin="0"/><net_sink comp="544" pin=3"/></net>

<net id="559"><net_src comp="536" pin="3"/><net_sink comp="554" pin=0"/></net>

<net id="560"><net_src comp="46" pin="0"/><net_sink comp="554" pin=1"/></net>

<net id="561"><net_src comp="544" pin="4"/><net_sink comp="554" pin=2"/></net>

<net id="562"><net_src comp="554" pin="3"/><net_sink comp="142" pin=1"/></net>

<net id="567"><net_src comp="415" pin="3"/><net_sink comp="563" pin=0"/></net>

<net id="568"><net_src comp="60" pin="0"/><net_sink comp="563" pin=1"/></net>

<net id="574"><net_src comp="62" pin="0"/><net_sink comp="569" pin=0"/></net>

<net id="575"><net_src comp="415" pin="3"/><net_sink comp="569" pin=1"/></net>

<net id="576"><net_src comp="56" pin="0"/><net_sink comp="569" pin=2"/></net>

<net id="582"><net_src comp="50" pin="0"/><net_sink comp="577" pin=0"/></net>

<net id="583"><net_src comp="415" pin="3"/><net_sink comp="577" pin=1"/></net>

<net id="584"><net_src comp="52" pin="0"/><net_sink comp="577" pin=2"/></net>

<net id="588"><net_src comp="415" pin="3"/><net_sink comp="585" pin=0"/></net>

<net id="593"><net_src comp="585" pin="1"/><net_sink comp="589" pin=0"/></net>

<net id="594"><net_src comp="48" pin="0"/><net_sink comp="589" pin=1"/></net>

<net id="599"><net_src comp="569" pin="3"/><net_sink comp="595" pin=0"/></net>

<net id="600"><net_src comp="64" pin="0"/><net_sink comp="595" pin=1"/></net>

<net id="606"><net_src comp="589" pin="2"/><net_sink comp="601" pin=0"/></net>

<net id="607"><net_src comp="595" pin="2"/><net_sink comp="601" pin=1"/></net>

<net id="608"><net_src comp="569" pin="3"/><net_sink comp="601" pin=2"/></net>

<net id="613"><net_src comp="563" pin="2"/><net_sink comp="609" pin=0"/></net>

<net id="614"><net_src comp="66" pin="0"/><net_sink comp="609" pin=1"/></net>

<net id="619"><net_src comp="577" pin="3"/><net_sink comp="615" pin=0"/></net>

<net id="620"><net_src comp="609" pin="2"/><net_sink comp="615" pin=1"/></net>

<net id="626"><net_src comp="68" pin="0"/><net_sink comp="621" pin=0"/></net>

<net id="627"><net_src comp="563" pin="2"/><net_sink comp="621" pin=1"/></net>

<net id="628"><net_src comp="615" pin="2"/><net_sink comp="621" pin=2"/></net>

<net id="640"><net_src comp="70" pin="0"/><net_sink comp="629" pin=0"/></net>

<net id="641"><net_src comp="72" pin="0"/><net_sink comp="629" pin=1"/></net>

<net id="642"><net_src comp="74" pin="0"/><net_sink comp="629" pin=2"/></net>

<net id="643"><net_src comp="76" pin="0"/><net_sink comp="629" pin=3"/></net>

<net id="644"><net_src comp="601" pin="3"/><net_sink comp="629" pin=4"/></net>

<net id="645"><net_src comp="78" pin="0"/><net_sink comp="629" pin=5"/></net>

<net id="646"><net_src comp="569" pin="3"/><net_sink comp="629" pin=6"/></net>

<net id="647"><net_src comp="80" pin="0"/><net_sink comp="629" pin=7"/></net>

<net id="648"><net_src comp="621" pin="3"/><net_sink comp="629" pin=8"/></net>

<net id="652"><net_src comp="82" pin="1"/><net_sink comp="649" pin=0"/></net>

<net id="653"><net_src comp="649" pin="1"/><net_sink comp="281" pin=1"/></net>

<net id="654"><net_src comp="649" pin="1"/><net_sink comp="286" pin=0"/></net>

<net id="655"><net_src comp="649" pin="1"/><net_sink comp="306" pin=1"/></net>

<net id="659"><net_src comp="289" pin="2"/><net_sink comp="656" pin=0"/></net>

<net id="663"><net_src comp="301" pin="1"/><net_sink comp="660" pin=0"/></net>

<net id="664"><net_src comp="660" pin="1"/><net_sink comp="99" pin=2"/></net>

<net id="665"><net_src comp="660" pin="1"/><net_sink comp="117" pin=2"/></net>

<net id="666"><net_src comp="660" pin="1"/><net_sink comp="135" pin=2"/></net>

<net id="667"><net_src comp="660" pin="1"/><net_sink comp="153" pin=2"/></net>

<net id="668"><net_src comp="660" pin="1"/><net_sink comp="171" pin=2"/></net>

<net id="669"><net_src comp="660" pin="1"/><net_sink comp="184" pin=2"/></net>

<net id="670"><net_src comp="660" pin="1"/><net_sink comp="197" pin=2"/></net>

<net id="671"><net_src comp="660" pin="1"/><net_sink comp="210" pin=2"/></net>

<net id="672"><net_src comp="660" pin="1"/><net_sink comp="223" pin=2"/></net>

<net id="673"><net_src comp="660" pin="1"/><net_sink comp="236" pin=2"/></net>

<net id="674"><net_src comp="660" pin="1"/><net_sink comp="249" pin=2"/></net>

<net id="675"><net_src comp="660" pin="1"/><net_sink comp="257" pin=2"/></net>

<net id="676"><net_src comp="660" pin="1"/><net_sink comp="265" pin=2"/></net>

<net id="677"><net_src comp="660" pin="1"/><net_sink comp="273" pin=2"/></net>

<net id="681"><net_src comp="86" pin="3"/><net_sink comp="678" pin=0"/></net>

<net id="682"><net_src comp="678" pin="1"/><net_sink comp="93" pin=0"/></net>

<net id="686"><net_src comp="93" pin="3"/><net_sink comp="683" pin=0"/></net>

<net id="690"><net_src comp="171" pin="3"/><net_sink comp="687" pin=0"/></net>

<net id="691"><net_src comp="687" pin="1"/><net_sink comp="178" pin=0"/></net>

<net id="695"><net_src comp="184" pin="3"/><net_sink comp="692" pin=0"/></net>

<net id="696"><net_src comp="692" pin="1"/><net_sink comp="191" pin=0"/></net>

<net id="700"><net_src comp="197" pin="3"/><net_sink comp="697" pin=0"/></net>

<net id="701"><net_src comp="697" pin="1"/><net_sink comp="204" pin=0"/></net>

<net id="705"><net_src comp="210" pin="3"/><net_sink comp="702" pin=0"/></net>

<net id="706"><net_src comp="702" pin="1"/><net_sink comp="217" pin=0"/></net>

<net id="710"><net_src comp="223" pin="3"/><net_sink comp="707" pin=0"/></net>

<net id="711"><net_src comp="707" pin="1"/><net_sink comp="230" pin=0"/></net>

<net id="715"><net_src comp="236" pin="3"/><net_sink comp="712" pin=0"/></net>

<net id="716"><net_src comp="712" pin="1"/><net_sink comp="243" pin=0"/></net>

<net id="720"><net_src comp="516" pin="9"/><net_sink comp="717" pin=0"/></net>

<net id="721"><net_src comp="717" pin="1"/><net_sink comp="124" pin=1"/></net>

<net id="725"><net_src comp="629" pin="9"/><net_sink comp="722" pin=0"/></net>

<net id="726"><net_src comp="722" pin="1"/><net_sink comp="160" pin=1"/></net>

</net_list>

</model> 
---------------- Datapath Model END ------------------

* FSMD analyzer results:
  - Output states:
	Port: bounds_max_x | {2 4 }
	Port: bounds_max_y | {2 4 }
	Port: bounds_min_x | {2 3 }
	Port: bounds_min_y | {2 3 }
	Port: screen_tris_is_active | {}
	Port: screen_tris_v0_x | {}
	Port: screen_tris_v0_y | {}
	Port: screen_tris_v1_x | {}
	Port: screen_tris_v1_y | {}
	Port: screen_tris_v2_x | {}
	Port: screen_tris_v2_y | {}
 - Input state : 
	Port: k3_bounding_box : bounds_max_x | {}
	Port: k3_bounding_box : bounds_max_y | {}
	Port: k3_bounding_box : bounds_min_x | {}
	Port: k3_bounding_box : bounds_min_y | {}
	Port: k3_bounding_box : screen_tris_is_active | {1 2 }
	Port: k3_bounding_box : screen_tris_v0_x | {2 3 }
	Port: k3_bounding_box : screen_tris_v0_y | {2 3 }
	Port: k3_bounding_box : screen_tris_v1_x | {2 3 }
	Port: k3_bounding_box : screen_tris_v1_y | {2 3 }
	Port: k3_bounding_box : screen_tris_v2_x | {2 3 }
	Port: k3_bounding_box : screen_tris_v2_y | {2 3 }
  - Chain level:
	State 1
		store_ln75 : 1
		i_2 : 1
		icmp_ln75 : 2
		add_ln75 : 2
		br_ln75 : 3
		zext_ln75 : 2
		screen_tris_is_active_addr : 3
		screen_tris_is_active_load : 4
		store_ln75 : 3
	State 2
		br_ln77 : 1
		store_ln101 : 1
		store_ln101 : 1
		store_ln102 : 1
		store_ln102 : 1
		min_x_4 : 1
		min_y_4 : 1
		screen_tris_v1_x_load : 1
		min_x_5 : 1
		screen_tris_v1_y_load : 1
		min_y_5 : 1
	State 3
		icmp_ln84 : 1
		min_x : 2
		icmp_ln85 : 3
		min_x_3 : 4
		icmp_ln86 : 1
		max_x_1 : 2
		icmp_ln87 : 3
		max_x_3 : 4
		icmp_ln90 : 1
		min_y : 2
		icmp_ln91 : 3
		min_y_3 : 4
		icmp_ln92 : 1
		max_y_1 : 2
		icmp_ln93 : 3
		max_y_3 : 4
		tmp : 5
		trunc_ln : 5
		cond_i : 6
		store_ln96 : 7
		icmp_ln97 : 5
		tmp_i : 5
		tmp_70 : 5
		trunc_ln97 : 5
		icmp_ln97_1 : 6
		add_ln97 : 6
		select_ln97 : 7
		xor_ln97 : 6
		and_ln97 : 6
		sel_tmp2 : 6
		cond109_i : 7
		tmp_71 : 5
		trunc_ln1 : 5
		cond119_i : 6
		store_ln98 : 7
		icmp_ln99 : 5
		tmp_84_i : 5
		tmp_72 : 5
		trunc_ln99 : 5
		icmp_ln99_1 : 6
		add_ln99 : 6
		select_ln99 : 7
		xor_ln99 : 6
		and_ln99 : 6
		sel_tmp7 : 6
		cond129_i : 7
	State 4
		store_ln97 : 1
		store_ln99 : 1


============================================================
+ Verbose Summary: Datapath Resource usage 
============================================================

* Functional unit list:
|----------|--------------------|---------|---------|
| Operation|   Functional Unit  |    FF   |   LUT   |
|----------|--------------------|---------|---------|
|          |  icmp_ln75_fu_289  |    0    |    15   |
|          |  icmp_ln84_fu_311  |    0    |    39   |
|          |  icmp_ln85_fu_325  |    0    |    39   |
|          |  icmp_ln86_fu_339  |    0    |    39   |
|          |  icmp_ln87_fu_353  |    0    |    39   |
|          |  icmp_ln90_fu_367  |    0    |    39   |
|   icmp   |  icmp_ln91_fu_381  |    0    |    39   |
|          |  icmp_ln92_fu_395  |    0    |    39   |
|          |  icmp_ln93_fu_409  |    0    |    39   |
|          |  icmp_ln97_fu_450  |    0    |    39   |
|          | icmp_ln97_1_fu_476 |    0    |    23   |
|          |  icmp_ln99_fu_563  |    0    |    39   |
|          | icmp_ln99_1_fu_589 |    0    |    23   |
|----------|--------------------|---------|---------|
|          |    min_x_fu_317    |    0    |    32   |
|          |   min_x_3_fu_331   |    0    |    32   |
|          |   max_x_1_fu_345   |    0    |    32   |
|          |   max_x_3_fu_359   |    0    |    32   |
|          |    min_y_fu_373    |    0    |    32   |
|  select  |   min_y_3_fu_387   |    0    |    32   |
|          |   max_y_1_fu_401   |    0    |    32   |
|          |   max_y_3_fu_415   |    0    |    32   |
|          |    cond_i_fu_441   |    0    |    15   |
|          | select_ln97_fu_488 |    0    |    16   |
|          |  cond119_i_fu_554  |    0    |    15   |
|          | select_ln99_fu_601 |    0    |    16   |
|----------|--------------------|---------|---------|
|          |   add_ln75_fu_295  |    0    |    15   |
|    add   |   add_ln97_fu_482  |    0    |    23   |
|          |   add_ln99_fu_595  |    0    |    23   |
|----------|--------------------|---------|---------|
| sparsemux|  cond109_i_fu_516  |    0    |    9    |
|          |  cond129_i_fu_629  |    0    |    9    |
|----------|--------------------|---------|---------|
|    xor   |   xor_ln97_fu_496  |    0    |    2    |
|          |   xor_ln99_fu_609  |    0    |    2    |
|----------|--------------------|---------|---------|
|    and   |   and_ln97_fu_502  |    0    |    2    |
|          |   and_ln99_fu_615  |    0    |    2    |
|----------|--------------------|---------|---------|
|   zext   |  zext_ln75_fu_301  |    0    |    0    |
|----------|--------------------|---------|---------|
|          |     tmp_fu_423     |    0    |    0    |
| bitselect|    tmp_70_fu_464   |    0    |    0    |
|          |    tmp_71_fu_536   |    0    |    0    |
|          |    tmp_72_fu_577   |    0    |    0    |
|----------|--------------------|---------|---------|
|          |   trunc_ln_fu_431  |    0    |    0    |
|partselect|    tmp_i_fu_456    |    0    |    0    |
|          |  trunc_ln1_fu_544  |    0    |    0    |
|          |   tmp_84_i_fu_569  |    0    |    0    |
|----------|--------------------|---------|---------|
|   trunc  |  trunc_ln97_fu_472 |    0    |    0    |
|          |  trunc_ln99_fu_585 |    0    |    0    |
|----------|--------------------|---------|---------|
|bitconcatenate|   sel_tmp2_fu_508  |    0    |    0    |
|          |   sel_tmp7_fu_621  |    0    |    0    |
|----------|--------------------|---------|---------|
|   Total  |                    |    0    |   856   |
|----------|--------------------|---------|---------|

Memories:
N/A

* Register list:
+----------------------------------+--------+
|                                  |   FF   |
+----------------------------------+--------+
|         cond109_i_reg_717        |   16   |
|         cond129_i_reg_722        |   16   |
|             i_reg_649            |    8   |
|         icmp_ln75_reg_656        |    1   |
|screen_tris_is_active_addr_reg_678|    7   |
|screen_tris_is_active_load_reg_683|    1   |
|   screen_tris_v0_x_addr_reg_687  |    7   |
|   screen_tris_v0_y_addr_reg_692  |    7   |
|   screen_tris_v1_x_addr_reg_697  |    7   |
|   screen_tris_v1_y_addr_reg_707  |    7   |
|   screen_tris_v2_x_addr_reg_702  |    7   |
|   screen_tris_v2_y_addr_reg_712  |    7   |
|         zext_ln75_reg_660        |   64   |
+----------------------------------+--------+
|               Total              |   155  |
+----------------------------------+--------+

* Multiplexer (MUX) list: 
|-------------------|------|------|------|--------||---------||---------||---------|
|        Comp       |  Pin | Size |  BW  | S x BW ||  Delay  ||    FF   ||   LUT   |
|-------------------|------|------|------|--------||---------||---------||---------|
|  grp_access_fu_93 |  p0  |   2  |   7  |   14   ||    0    ||    9    |
| grp_access_fu_178 |  p0  |   2  |   7  |   14   ||    0    ||    9    |
| grp_access_fu_191 |  p0  |   2  |   7  |   14   ||    0    ||    9    |
| grp_access_fu_204 |  p0  |   2  |   7  |   14   ||    0    ||    9    |
| grp_access_fu_217 |  p0  |   2  |   7  |   14   ||    0    ||    9    |
| grp_access_fu_230 |  p0  |   2  |   7  |   14   ||    0    ||    9    |
| grp_access_fu_243 |  p0  |   2  |   7  |   14   ||    0    ||    9    |
|-------------------|------|------|------|--------||---------||---------||---------|
|       Total       |      |      |      |   98   ||  3.423  ||    0    ||    63   |
|-------------------|------|------|------|--------||---------||---------||---------|



* Summary:
+-----------+--------+--------+--------+
|           |  Delay |   FF   |   LUT  |
+-----------+--------+--------+--------+
|  Function |    -   |    0   |   856  |
|   Memory  |    -   |    -   |    -   |
|Multiplexer|    3   |    0   |   63   |
|  Register |    -   |   155  |    -   |
+-----------+--------+--------+--------+
|   Total   |    3   |   155  |   919  |
+-----------+--------+--------+--------+
