

================================================================
== Vitis HLS Report for 'k4_rasterize'
================================================================
* Date:           Mon Mar 30 22:37:12 2026

* Version:        2025.1.1 (Build 6214317 on Sep 11 2025)
* Project:        project_1
* Solution:       hls (Vivado IP Flow Target)
* Product family: zynquplus
* Target device:  xczu3eg-sbva484-1-e


================================================================
== Performance Estimates
================================================================
+ Timing: 
    * Summary: 
    +--------+----------+----------+------------+
    |  Clock |  Target  | Estimated| Uncertainty|
    +--------+----------+----------+------------+
    |ap_clk  |  10.00 ns|  7.002 ns|     2.70 ns|
    +--------+----------+----------+------------+

+ Latency: 
    * Summary: 
    +---------+---------+----------+----------+-----+-----+---------+
    |  Latency (cycles) |  Latency (absolute) |  Interval | Pipeline|
    |   min   |   max   |    min   |    max   | min | max |   Type  |
    +---------+---------+----------+----------+-----+-----+---------+
    |        ?|        ?|         ?|         ?|    ?|    ?|       no|
    +---------+---------+----------+----------+-----+-----+---------+

    + Detail: 
        * Instance: 
        N/A

        * Loop: 
        +-----------------------+---------+---------+----------+-----------+-----------+------+----------+
        |                       |  Latency (cycles) | Iteration|  Initiation Interval  | Trip |          |
        |       Loop Name       |   min   |   max   |  Latency |  achieved |   target  | Count| Pipelined|
        +-----------------------+---------+---------+----------+-----------+-----------+------+----------+
        |- VITIS_LOOP_300_1     |     4224|     4224|        66|          -|          -|    64|        no|
        | + VITIS_LOOP_301_2    |       64|       64|         1|          -|          -|    64|        no|
        |- VITIS_LOOP_309_3     |        ?|        ?|         ?|          -|          -|   128|        no|
        | + VITIS_LOOP_338_4    |        ?|        ?|         ?|          -|          -|     ?|        no|
        |  ++ VITIS_LOOP_339_5  |        ?|        ?|     5 ~ 7|          -|          -|     ?|        no|
        +-----------------------+---------+---------+----------+-----------+-----------+------+----------+

============================================================
+ Verbose Summary: Synthesis Manager
============================================================
InlineROM: 1
ExposeGlobal: 0
============================================================
+ Verbose Summary: CDFG Model
============================================================
IsTopModel: 0
ResetActiveHigh: 1
IsCombinational: 0
IsDatapathOnly: 0
HasWiredReturn: 1
HasMFsm: 0
HasVarLatency: 1
IsPipeline: 0
IsRtlPipelined: 0
IsInstanceOverlapped: 0
IsDontTouch: 0
HasImplIP: 0
IsGatedGlobalClock: 0


============================================================
+ Verbose Summary: Schedule
============================================================
* Number of FSM states : 53
* Pipeline : 0
* Dataflow Pipeline: 0

* FSM state transitions: 
1 --> 2 
2 --> 3 4 
3 --> 3 2 
4 --> 5 
5 --> 6 46 
6 --> 7 
7 --> 8 
8 --> 9 46 
9 --> 10 
10 --> 11 
11 --> 12 
12 --> 13 
13 --> 14 
14 --> 15 
15 --> 16 
16 --> 17 
17 --> 18 
18 --> 19 
19 --> 20 
20 --> 21 
21 --> 22 
22 --> 23 
23 --> 24 
24 --> 25 
25 --> 26 
26 --> 27 
27 --> 28 
28 --> 29 
29 --> 30 
30 --> 31 
31 --> 32 
32 --> 33 
33 --> 34 
34 --> 35 
35 --> 36 
36 --> 37 
37 --> 38 
38 --> 39 
39 --> 40 
40 --> 41 
41 --> 42 
42 --> 43 
43 --> 44 
44 --> 45 
45 --> 46 
46 --> 47 4 
47 --> 48 46 
48 --> 49 
49 --> 50 
50 --> 53 51 
51 --> 52 
52 --> 53 
53 --> 47 

* FSM state operations: 

State 1 <SV = 0> <Delay = 0.48>
ST_1 : Operation 54 [1/1] (0.00ns)   --->   "%y = alloca i32 1" [top.cpp:300]   --->   Operation 54 'alloca' 'y' <Predicate = true> <Delay = 0.00>
ST_1 : Operation 55 [1/1] (0.48ns)   --->   "%store_ln300 = store i7 0, i7 %y" [top.cpp:300]   --->   Operation 55 'store' 'store_ln300' <Predicate = true> <Delay = 0.48>
ST_1 : Operation 56 [1/1] (0.00ns)   --->   "%br_ln300 = br void %VITIS_LOOP_301_2" [top.cpp:300]   --->   Operation 56 'br' 'br_ln300' <Predicate = true> <Delay = 0.00>

State 2 <SV = 1> <Delay = 1.38>
ST_2 : Operation 57 [1/1] (0.00ns)   --->   "%y_3 = load i7 %y" [top.cpp:300]   --->   Operation 57 'load' 'y_3' <Predicate = true> <Delay = 0.00>
ST_2 : Operation 58 [1/1] (0.89ns)   --->   "%icmp_ln300 = icmp_eq  i7 %y_3, i7 64" [top.cpp:300]   --->   Operation 58 'icmp' 'icmp_ln300' <Predicate = true> <Delay = 0.89> <CoreInst = "Cmp">   --->   Core 9 'Cmp' <Latency = 0> <II = 1> <Delay = 0.89> <FuncUnit> <Opcode : 'seteq' 'setne' 'setle' 'setge' 'setlt' 'setgt'> <InPorts = 2> <OutPorts = 1>
ST_2 : Operation 59 [1/1] (0.89ns)   --->   "%add_ln300 = add i7 %y_3, i7 1" [top.cpp:300]   --->   Operation 59 'add' 'add_ln300' <Predicate = true> <Delay = 0.89> <CoreInst = "Adder">   --->   Core 1 'Adder' <Latency = 0> <II = 1> <Delay = 0.89> <FuncUnit> <Opcode : 'add' 'sub'> <InPorts = 2> <OutPorts = 1>
ST_2 : Operation 60 [1/1] (0.00ns)   --->   "%br_ln300 = br i1 %icmp_ln300, void %VITIS_LOOP_301_2.split, void %for.body30.preheader" [top.cpp:300]   --->   Operation 60 'br' 'br_ln300' <Predicate = true> <Delay = 0.00>
ST_2 : Operation 61 [1/1] (0.00ns)   --->   "%trunc_ln300 = trunc i7 %y_3" [top.cpp:300]   --->   Operation 61 'trunc' 'trunc_ln300' <Predicate = (!icmp_ln300)> <Delay = 0.00>
ST_2 : Operation 62 [1/1] (0.00ns)   --->   "%tmp_5 = bitconcatenate i12 @_ssdm_op_BitConcatenate.i12.i6.i6, i6 %trunc_ln300, i6 0" [top.cpp:302]   --->   Operation 62 'bitconcatenate' 'tmp_5' <Predicate = (!icmp_ln300)> <Delay = 0.00>
ST_2 : Operation 63 [1/1] (0.00ns)   --->   "%speclooptripcount_ln300 = speclooptripcount void @_ssdm_op_SpecLoopTripCount, i64 64, i64 64, i64 64" [top.cpp:300]   --->   Operation 63 'speclooptripcount' 'speclooptripcount_ln300' <Predicate = (!icmp_ln300)> <Delay = 0.00>
ST_2 : Operation 64 [1/1] (0.00ns)   --->   "%specloopname_ln300 = specloopname void @_ssdm_op_SpecLoopName, void @empty_21" [top.cpp:300]   --->   Operation 64 'specloopname' 'specloopname_ln300' <Predicate = (!icmp_ln300)> <Delay = 0.00>
ST_2 : Operation 65 [1/1] (0.48ns)   --->   "%br_ln301 = br void %for.body4" [top.cpp:301]   --->   Operation 65 'br' 'br_ln301' <Predicate = (!icmp_ln300)> <Delay = 0.48>
ST_2 : Operation 66 [1/1] (0.00ns)   --->   "%i = alloca i32 1" [top.cpp:309]   --->   Operation 66 'alloca' 'i' <Predicate = (icmp_ln300)> <Delay = 0.00>
ST_2 : Operation 67 [1/1] (0.48ns)   --->   "%store_ln309 = store i8 0, i8 %i" [top.cpp:309]   --->   Operation 67 'store' 'store_ln309' <Predicate = (icmp_ln300)> <Delay = 0.48>
ST_2 : Operation 68 [1/1] (0.00ns)   --->   "%br_ln309 = br void %for.body30" [top.cpp:309]   --->   Operation 68 'br' 'br_ln309' <Predicate = (icmp_ln300)> <Delay = 0.00>

State 3 <SV = 2> <Delay = 2.31>
ST_3 : Operation 69 [1/1] (0.00ns)   --->   "%x = phi i7 0, void %VITIS_LOOP_301_2.split, i7 %add_ln301, void %for.body4.split" [top.cpp:301]   --->   Operation 69 'phi' 'x' <Predicate = true> <Delay = 0.00>
ST_3 : Operation 70 [1/1] (0.89ns)   --->   "%icmp_ln301 = icmp_eq  i7 %x, i7 64" [top.cpp:301]   --->   Operation 70 'icmp' 'icmp_ln301' <Predicate = true> <Delay = 0.89> <CoreInst = "Cmp">   --->   Core 9 'Cmp' <Latency = 0> <II = 1> <Delay = 0.89> <FuncUnit> <Opcode : 'seteq' 'setne' 'setle' 'setge' 'setlt' 'setgt'> <InPorts = 2> <OutPorts = 1>
ST_3 : Operation 71 [1/1] (0.89ns)   --->   "%add_ln301 = add i7 %x, i7 1" [top.cpp:301]   --->   Operation 71 'add' 'add_ln301' <Predicate = true> <Delay = 0.89> <CoreInst = "Adder">   --->   Core 1 'Adder' <Latency = 0> <II = 1> <Delay = 0.89> <FuncUnit> <Opcode : 'add' 'sub'> <InPorts = 2> <OutPorts = 1>
ST_3 : Operation 72 [1/1] (0.00ns)   --->   "%br_ln301 = br i1 %icmp_ln301, void %for.body4.split, void %for.inc24" [top.cpp:301]   --->   Operation 72 'br' 'br_ln301' <Predicate = true> <Delay = 0.00>
ST_3 : Operation 73 [1/1] (0.00ns)   --->   "%zext_ln302 = zext i7 %x" [top.cpp:302]   --->   Operation 73 'zext' 'zext_ln302' <Predicate = (!icmp_ln301)> <Delay = 0.00>
ST_3 : Operation 74 [1/1] (0.96ns)   --->   "%add_ln302 = add i12 %tmp_5, i12 %zext_ln302" [top.cpp:302]   --->   Operation 74 'add' 'add_ln302' <Predicate = (!icmp_ln301)> <Delay = 0.96> <CoreInst = "Adder">   --->   Core 1 'Adder' <Latency = 0> <II = 1> <Delay = 0.96> <FuncUnit> <Opcode : 'add' 'sub'> <InPorts = 2> <OutPorts = 1>
ST_3 : Operation 75 [1/1] (0.00ns)   --->   "%zext_ln302_1 = zext i12 %add_ln302" [top.cpp:302]   --->   Operation 75 'zext' 'zext_ln302_1' <Predicate = (!icmp_ln301)> <Delay = 0.00>
ST_3 : Operation 76 [1/1] (0.00ns)   --->   "%depth_buffer_addr = getelementptr i32 %depth_buffer, i64 0, i64 %zext_ln302_1" [top.cpp:302]   --->   Operation 76 'getelementptr' 'depth_buffer_addr' <Predicate = (!icmp_ln301)> <Delay = 0.00>
ST_3 : Operation 77 [1/1] (0.00ns)   --->   "%normal_buffer_x_addr = getelementptr i32 %normal_buffer_x, i64 0, i64 %zext_ln302_1" [top.cpp:303]   --->   Operation 77 'getelementptr' 'normal_buffer_x_addr' <Predicate = (!icmp_ln301)> <Delay = 0.00>
ST_3 : Operation 78 [1/1] (0.00ns)   --->   "%normal_buffer_y_addr = getelementptr i32 %normal_buffer_y, i64 0, i64 %zext_ln302_1" [top.cpp:304]   --->   Operation 78 'getelementptr' 'normal_buffer_y_addr' <Predicate = (!icmp_ln301)> <Delay = 0.00>
ST_3 : Operation 79 [1/1] (0.00ns)   --->   "%normal_buffer_z_addr = getelementptr i32 %normal_buffer_z, i64 0, i64 %zext_ln302_1" [top.cpp:305]   --->   Operation 79 'getelementptr' 'normal_buffer_z_addr' <Predicate = (!icmp_ln301)> <Delay = 0.00>
ST_3 : Operation 80 [1/1] (0.00ns)   --->   "%speclooptripcount_ln301 = speclooptripcount void @_ssdm_op_SpecLoopTripCount, i64 64, i64 64, i64 64" [top.cpp:301]   --->   Operation 80 'speclooptripcount' 'speclooptripcount_ln301' <Predicate = (!icmp_ln301)> <Delay = 0.00>
ST_3 : Operation 81 [1/1] (0.00ns)   --->   "%specloopname_ln301 = specloopname void @_ssdm_op_SpecLoopName, void @empty_20" [top.cpp:301]   --->   Operation 81 'specloopname' 'specloopname_ln301' <Predicate = (!icmp_ln301)> <Delay = 0.00>
ST_3 : Operation 82 [1/1] ( I:1.35ns O:1.35ns )   --->   "%store_ln302 = store i32 655294464, i12 %depth_buffer_addr" [top.cpp:302]   --->   Operation 82 'store' 'store_ln302' <Predicate = (!icmp_ln301)> <Delay = 1.35> <CoreInst = "RAM">   --->   Core 82 'RAM' <Latency = 1> <II = 1> <Delay = 1.35> <Storage> <Opcode : 'load' 'store'> <Ports = 2> <Width = 32> <Depth = 4096> <RAM>
ST_3 : Operation 83 [1/1] ( I:1.35ns O:1.35ns )   --->   "%store_ln303 = store i32 0, i12 %normal_buffer_x_addr" [top.cpp:303]   --->   Operation 83 'store' 'store_ln303' <Predicate = (!icmp_ln301)> <Delay = 1.35> <CoreInst = "RAM">   --->   Core 82 'RAM' <Latency = 1> <II = 1> <Delay = 1.35> <Storage> <Opcode : 'load' 'store'> <Ports = 2> <Width = 32> <Depth = 4096> <RAM>
ST_3 : Operation 84 [1/1] ( I:1.35ns O:1.35ns )   --->   "%store_ln304 = store i32 0, i12 %normal_buffer_y_addr" [top.cpp:304]   --->   Operation 84 'store' 'store_ln304' <Predicate = (!icmp_ln301)> <Delay = 1.35> <CoreInst = "RAM">   --->   Core 82 'RAM' <Latency = 1> <II = 1> <Delay = 1.35> <Storage> <Opcode : 'load' 'store'> <Ports = 2> <Width = 32> <Depth = 4096> <RAM>
ST_3 : Operation 85 [1/1] ( I:1.35ns O:1.35ns )   --->   "%store_ln305 = store i32 0, i12 %normal_buffer_z_addr" [top.cpp:305]   --->   Operation 85 'store' 'store_ln305' <Predicate = (!icmp_ln301)> <Delay = 1.35> <CoreInst = "RAM">   --->   Core 82 'RAM' <Latency = 1> <II = 1> <Delay = 1.35> <Storage> <Opcode : 'load' 'store'> <Ports = 2> <Width = 32> <Depth = 4096> <RAM>
ST_3 : Operation 86 [1/1] (0.00ns)   --->   "%br_ln301 = br void %for.body4" [top.cpp:301]   --->   Operation 86 'br' 'br_ln301' <Predicate = (!icmp_ln301)> <Delay = 0.00>
ST_3 : Operation 87 [1/1] (0.48ns)   --->   "%store_ln300 = store i7 %add_ln300, i7 %y" [top.cpp:300]   --->   Operation 87 'store' 'store_ln300' <Predicate = (icmp_ln301)> <Delay = 0.48>
ST_3 : Operation 88 [1/1] (0.00ns)   --->   "%br_ln300 = br void %VITIS_LOOP_301_2" [top.cpp:300]   --->   Operation 88 'br' 'br_ln300' <Predicate = (icmp_ln301)> <Delay = 0.00>

State 4 <SV = 2> <Delay = 0.90>
ST_4 : Operation 89 [1/1] (0.00ns)   --->   "%i_1 = load i8 %i" [top.cpp:309]   --->   Operation 89 'load' 'i_1' <Predicate = true> <Delay = 0.00>
ST_4 : Operation 90 [1/1] (0.90ns)   --->   "%icmp_ln309 = icmp_eq  i8 %i_1, i8 128" [top.cpp:309]   --->   Operation 90 'icmp' 'icmp_ln309' <Predicate = true> <Delay = 0.90> <CoreInst = "Cmp">   --->   Core 9 'Cmp' <Latency = 0> <II = 1> <Delay = 0.90> <FuncUnit> <Opcode : 'seteq' 'setne' 'setle' 'setge' 'setlt' 'setgt'> <InPorts = 2> <OutPorts = 1>
ST_4 : Operation 91 [1/1] (0.00ns)   --->   "%speclooptripcount_ln0 = speclooptripcount void @_ssdm_op_SpecLoopTripCount, i64 128, i64 128, i64 128"   --->   Operation 91 'speclooptripcount' 'speclooptripcount_ln0' <Predicate = true> <Delay = 0.00>
ST_4 : Operation 92 [1/1] (0.90ns)   --->   "%add_ln309 = add i8 %i_1, i8 1" [top.cpp:309]   --->   Operation 92 'add' 'add_ln309' <Predicate = true> <Delay = 0.90> <CoreInst = "Adder">   --->   Core 1 'Adder' <Latency = 0> <II = 1> <Delay = 0.90> <FuncUnit> <Opcode : 'add' 'sub'> <InPorts = 2> <OutPorts = 1>
ST_4 : Operation 93 [1/1] (0.00ns)   --->   "%br_ln309 = br i1 %icmp_ln309, void %for.body30.split, void %for.end242" [top.cpp:309]   --->   Operation 93 'br' 'br_ln309' <Predicate = true> <Delay = 0.00>
ST_4 : Operation 94 [1/1] (0.00ns)   --->   "%zext_ln309 = zext i8 %i_1" [top.cpp:309]   --->   Operation 94 'zext' 'zext_ln309' <Predicate = (!icmp_ln309)> <Delay = 0.00>
ST_4 : Operation 95 [1/1] (0.00ns)   --->   "%screen_tris_is_active_addr = getelementptr i1 %screen_tris_is_active, i64 0, i64 %zext_ln309" [top.cpp:310]   --->   Operation 95 'getelementptr' 'screen_tris_is_active_addr' <Predicate = (!icmp_ln309)> <Delay = 0.00>
ST_4 : Operation 96 [2/2] (0.79ns)   --->   "%screen_tris_is_active_load = load i7 %screen_tris_is_active_addr" [top.cpp:310]   --->   Operation 96 'load' 'screen_tris_is_active_load' <Predicate = (!icmp_ln309)> <Delay = 0.79> <CoreInst = "RAM">   --->   Core 82 'RAM' <Latency = 1> <II = 1> <Delay = 0.79> <Storage> <Opcode : 'load' 'store'> <Ports = 2> <Width = 1> <Depth = 128> <RAM>
ST_4 : Operation 97 [1/1] (0.00ns)   --->   "%ret_ln423 = ret" [top.cpp:423]   --->   Operation 97 'ret' 'ret_ln423' <Predicate = (icmp_ln309)> <Delay = 0.00>

State 5 <SV = 3> <Delay = 1.35>
ST_5 : Operation 98 [1/1] (0.00ns)   --->   "%specloopname_ln309 = specloopname void @_ssdm_op_SpecLoopName, void @empty_15" [top.cpp:309]   --->   Operation 98 'specloopname' 'specloopname_ln309' <Predicate = true> <Delay = 0.00>
ST_5 : Operation 99 [1/2] ( I:0.79ns O:0.79ns )   --->   "%screen_tris_is_active_load = load i7 %screen_tris_is_active_addr" [top.cpp:310]   --->   Operation 99 'load' 'screen_tris_is_active_load' <Predicate = true> <Delay = 0.79> <CoreInst = "RAM">   --->   Core 82 'RAM' <Latency = 1> <II = 1> <Delay = 0.79> <Storage> <Opcode : 'load' 'store'> <Ports = 2> <Width = 1> <Depth = 128> <RAM>
ST_5 : Operation 100 [1/1] (0.00ns)   --->   "%br_ln310 = br i1 %screen_tris_is_active_load, void %for.inc239, void %if.end" [top.cpp:310]   --->   Operation 100 'br' 'br_ln310' <Predicate = true> <Delay = 0.00>
ST_5 : Operation 101 [1/1] (0.00ns)   --->   "%screen_tris_v0_x_addr = getelementptr i32 %screen_tris_v0_x, i64 0, i64 %zext_ln309" [top.cpp:314]   --->   Operation 101 'getelementptr' 'screen_tris_v0_x_addr' <Predicate = (screen_tris_is_active_load)> <Delay = 0.00>
ST_5 : Operation 102 [2/2] (1.35ns)   --->   "%x0 = load i7 %screen_tris_v0_x_addr" [top.cpp:314]   --->   Operation 102 'load' 'x0' <Predicate = (screen_tris_is_active_load)> <Delay = 1.35> <CoreInst = "RAM">   --->   Core 82 'RAM' <Latency = 1> <II = 1> <Delay = 1.35> <Storage> <Opcode : 'load' 'store'> <Ports = 2> <Width = 32> <Depth = 128> <RAM>
ST_5 : Operation 103 [1/1] (0.00ns)   --->   "%screen_tris_v0_y_addr = getelementptr i32 %screen_tris_v0_y, i64 0, i64 %zext_ln309" [top.cpp:315]   --->   Operation 103 'getelementptr' 'screen_tris_v0_y_addr' <Predicate = (screen_tris_is_active_load)> <Delay = 0.00>
ST_5 : Operation 104 [2/2] (1.35ns)   --->   "%y0 = load i7 %screen_tris_v0_y_addr" [top.cpp:315]   --->   Operation 104 'load' 'y0' <Predicate = (screen_tris_is_active_load)> <Delay = 1.35> <CoreInst = "RAM">   --->   Core 82 'RAM' <Latency = 1> <II = 1> <Delay = 1.35> <Storage> <Opcode : 'load' 'store'> <Ports = 2> <Width = 32> <Depth = 128> <RAM>
ST_5 : Operation 105 [1/1] (0.00ns)   --->   "%screen_tris_v1_x_addr = getelementptr i32 %screen_tris_v1_x, i64 0, i64 %zext_ln309" [top.cpp:316]   --->   Operation 105 'getelementptr' 'screen_tris_v1_x_addr' <Predicate = (screen_tris_is_active_load)> <Delay = 0.00>
ST_5 : Operation 106 [2/2] (1.35ns)   --->   "%x1 = load i7 %screen_tris_v1_x_addr" [top.cpp:316]   --->   Operation 106 'load' 'x1' <Predicate = (screen_tris_is_active_load)> <Delay = 1.35> <CoreInst = "RAM">   --->   Core 82 'RAM' <Latency = 1> <II = 1> <Delay = 1.35> <Storage> <Opcode : 'load' 'store'> <Ports = 2> <Width = 32> <Depth = 128> <RAM>
ST_5 : Operation 107 [1/1] (0.00ns)   --->   "%screen_tris_v1_y_addr = getelementptr i32 %screen_tris_v1_y, i64 0, i64 %zext_ln309" [top.cpp:317]   --->   Operation 107 'getelementptr' 'screen_tris_v1_y_addr' <Predicate = (screen_tris_is_active_load)> <Delay = 0.00>
ST_5 : Operation 108 [2/2] (1.35ns)   --->   "%y1 = load i7 %screen_tris_v1_y_addr" [top.cpp:317]   --->   Operation 108 'load' 'y1' <Predicate = (screen_tris_is_active_load)> <Delay = 1.35> <CoreInst = "RAM">   --->   Core 82 'RAM' <Latency = 1> <II = 1> <Delay = 1.35> <Storage> <Opcode : 'load' 'store'> <Ports = 2> <Width = 32> <Depth = 128> <RAM>
ST_5 : Operation 109 [1/1] (0.00ns)   --->   "%screen_tris_v2_x_addr = getelementptr i32 %screen_tris_v2_x, i64 0, i64 %zext_ln309" [top.cpp:318]   --->   Operation 109 'getelementptr' 'screen_tris_v2_x_addr' <Predicate = (screen_tris_is_active_load)> <Delay = 0.00>
ST_5 : Operation 110 [2/2] (1.35ns)   --->   "%x2 = load i7 %screen_tris_v2_x_addr" [top.cpp:318]   --->   Operation 110 'load' 'x2' <Predicate = (screen_tris_is_active_load)> <Delay = 1.35> <CoreInst = "RAM">   --->   Core 82 'RAM' <Latency = 1> <II = 1> <Delay = 1.35> <Storage> <Opcode : 'load' 'store'> <Ports = 2> <Width = 32> <Depth = 128> <RAM>
ST_5 : Operation 111 [1/1] (0.00ns)   --->   "%screen_tris_v2_y_addr = getelementptr i32 %screen_tris_v2_y, i64 0, i64 %zext_ln309" [top.cpp:319]   --->   Operation 111 'getelementptr' 'screen_tris_v2_y_addr' <Predicate = (screen_tris_is_active_load)> <Delay = 0.00>
ST_5 : Operation 112 [2/2] (1.35ns)   --->   "%y2 = load i7 %screen_tris_v2_y_addr" [top.cpp:319]   --->   Operation 112 'load' 'y2' <Predicate = (screen_tris_is_active_load)> <Delay = 1.35> <CoreInst = "RAM">   --->   Core 82 'RAM' <Latency = 1> <II = 1> <Delay = 1.35> <Storage> <Opcode : 'load' 'store'> <Ports = 2> <Width = 32> <Depth = 128> <RAM>

State 6 <SV = 4> <Delay = 3.08>
ST_6 : Operation 113 [1/2] ( I:1.35ns O:1.35ns )   --->   "%x0 = load i7 %screen_tris_v0_x_addr" [top.cpp:314]   --->   Operation 113 'load' 'x0' <Predicate = true> <Delay = 1.35> <CoreInst = "RAM">   --->   Core 82 'RAM' <Latency = 1> <II = 1> <Delay = 1.35> <Storage> <Opcode : 'load' 'store'> <Ports = 2> <Width = 32> <Depth = 128> <RAM>
ST_6 : Operation 114 [1/2] ( I:1.35ns O:1.35ns )   --->   "%y0 = load i7 %screen_tris_v0_y_addr" [top.cpp:315]   --->   Operation 114 'load' 'y0' <Predicate = true> <Delay = 1.35> <CoreInst = "RAM">   --->   Core 82 'RAM' <Latency = 1> <II = 1> <Delay = 1.35> <Storage> <Opcode : 'load' 'store'> <Ports = 2> <Width = 32> <Depth = 128> <RAM>
ST_6 : Operation 115 [1/2] ( I:1.35ns O:1.35ns )   --->   "%x1 = load i7 %screen_tris_v1_x_addr" [top.cpp:316]   --->   Operation 115 'load' 'x1' <Predicate = true> <Delay = 1.35> <CoreInst = "RAM">   --->   Core 82 'RAM' <Latency = 1> <II = 1> <Delay = 1.35> <Storage> <Opcode : 'load' 'store'> <Ports = 2> <Width = 32> <Depth = 128> <RAM>
ST_6 : Operation 116 [1/2] ( I:1.35ns O:1.35ns )   --->   "%y1 = load i7 %screen_tris_v1_y_addr" [top.cpp:317]   --->   Operation 116 'load' 'y1' <Predicate = true> <Delay = 1.35> <CoreInst = "RAM">   --->   Core 82 'RAM' <Latency = 1> <II = 1> <Delay = 1.35> <Storage> <Opcode : 'load' 'store'> <Ports = 2> <Width = 32> <Depth = 128> <RAM>
ST_6 : Operation 117 [1/2] ( I:1.35ns O:1.35ns )   --->   "%x2 = load i7 %screen_tris_v2_x_addr" [top.cpp:318]   --->   Operation 117 'load' 'x2' <Predicate = true> <Delay = 1.35> <CoreInst = "RAM">   --->   Core 82 'RAM' <Latency = 1> <II = 1> <Delay = 1.35> <Storage> <Opcode : 'load' 'store'> <Ports = 2> <Width = 32> <Depth = 128> <RAM>
ST_6 : Operation 118 [1/2] ( I:1.35ns O:1.35ns )   --->   "%y2 = load i7 %screen_tris_v2_y_addr" [top.cpp:319]   --->   Operation 118 'load' 'y2' <Predicate = true> <Delay = 1.35> <CoreInst = "RAM">   --->   Core 82 'RAM' <Latency = 1> <II = 1> <Delay = 1.35> <Storage> <Opcode : 'load' 'store'> <Ports = 2> <Width = 32> <Depth = 128> <RAM>
ST_6 : Operation 119 [1/1] (0.00ns)   --->   "%sext_ln322 = sext i32 %x1" [top.cpp:322]   --->   Operation 119 'sext' 'sext_ln322' <Predicate = true> <Delay = 0.00>
ST_6 : Operation 120 [1/1] (0.00ns)   --->   "%sext_ln322_1 = sext i32 %x0" [top.cpp:322]   --->   Operation 120 'sext' 'sext_ln322_1' <Predicate = true> <Delay = 0.00>
ST_6 : Operation 121 [1/1] (1.20ns)   --->   "%sub_ln322 = sub i33 %sext_ln322, i33 %sext_ln322_1" [top.cpp:322]   --->   Operation 121 'sub' 'sub_ln322' <Predicate = true> <Delay = 1.20> <CoreInst = "Adder">   --->   Core 1 'Adder' <Latency = 0> <II = 1> <Delay = 1.20> <FuncUnit> <Opcode : 'add' 'sub'> <InPorts = 2> <OutPorts = 1>
ST_6 : Operation 122 [1/1] (0.00ns)   --->   "%tmp = bitselect i1 @_ssdm_op_BitSelect.i1.i33.i32, i33 %sub_ln322, i32 32" [top.cpp:322]   --->   Operation 122 'bitselect' 'tmp' <Predicate = true> <Delay = 0.00>
ST_6 : Operation 123 [1/1] (0.00ns) (grouped into LUT with out node dx1_1)   --->   "%dx1 = trunc i33 %sub_ln322" [top.cpp:322]   --->   Operation 123 'trunc' 'dx1' <Predicate = true> <Delay = 0.00>
ST_6 : Operation 124 [1/1] (0.00ns)   --->   "%tmp_33 = bitselect i1 @_ssdm_op_BitSelect.i1.i33.i32, i33 %sub_ln322, i32 31" [top.cpp:322]   --->   Operation 124 'bitselect' 'tmp_33' <Predicate = true> <Delay = 0.00>
ST_6 : Operation 125 [1/1] (0.00ns) (grouped into LUT with out node dx1_1)   --->   "%xor_ln322 = xor i1 %tmp, i1 1" [top.cpp:322]   --->   Operation 125 'xor' 'xor_ln322' <Predicate = true> <Delay = 0.00> <CoreInst = "LogicGate">   --->   Core 74 'LogicGate' <Latency = 0> <II = 1> <Delay = 0.33> <FuncUnit> <Opcode : 'and' 'or' 'xor'> <InPorts = 2> <OutPorts = 1>
ST_6 : Operation 126 [1/1] (0.00ns) (grouped into LUT with out node dx1_1)   --->   "%and_ln322 = and i1 %tmp_33, i1 %xor_ln322" [top.cpp:322]   --->   Operation 126 'and' 'and_ln322' <Predicate = true> <Delay = 0.00> <CoreInst = "LogicGate">   --->   Core 74 'LogicGate' <Latency = 0> <II = 1> <Delay = 0.33> <FuncUnit> <Opcode : 'and' 'or' 'xor'> <InPorts = 2> <OutPorts = 1>
ST_6 : Operation 127 [1/1] (0.00ns) (grouped into LUT with out node dx1_1)   --->   "%xor_ln322_1 = xor i1 %tmp, i1 %tmp_33" [top.cpp:322]   --->   Operation 127 'xor' 'xor_ln322_1' <Predicate = true> <Delay = 0.00> <CoreInst = "LogicGate">   --->   Core 74 'LogicGate' <Latency = 0> <II = 1> <Delay = 0.33> <FuncUnit> <Opcode : 'and' 'or' 'xor'> <InPorts = 2> <OutPorts = 1>
ST_6 : Operation 128 [1/1] (0.00ns) (grouped into LUT with out node dx1_1)   --->   "%select_ln322 = select i1 %and_ln322, i32 2147483647, i32 2147483648" [top.cpp:322]   --->   Operation 128 'select' 'select_ln322' <Predicate = true> <Delay = 0.00> <CoreInst = "Sel">   --->   Core 73 'Sel' <Latency = 0> <II = 1> <Delay = 0.52> <FuncUnit> <Opcode : 'select'> <InPorts = 3> <OutPorts = 1>
ST_6 : Operation 129 [1/1] (0.52ns) (out node of the LUT)   --->   "%dx1_1 = select i1 %xor_ln322_1, i32 %select_ln322, i32 %dx1" [top.cpp:322]   --->   Operation 129 'select' 'dx1_1' <Predicate = true> <Delay = 0.52> <CoreInst = "Sel">   --->   Core 73 'Sel' <Latency = 0> <II = 1> <Delay = 0.52> <FuncUnit> <Opcode : 'select'> <InPorts = 3> <OutPorts = 1>
ST_6 : Operation 130 [1/1] (0.00ns)   --->   "%sext_ln323 = sext i32 %y2" [top.cpp:323]   --->   Operation 130 'sext' 'sext_ln323' <Predicate = true> <Delay = 0.00>
ST_6 : Operation 131 [1/1] (0.00ns)   --->   "%sext_ln323_1 = sext i32 %y0" [top.cpp:323]   --->   Operation 131 'sext' 'sext_ln323_1' <Predicate = true> <Delay = 0.00>
ST_6 : Operation 132 [1/1] (1.20ns)   --->   "%sub_ln323 = sub i33 %sext_ln323, i33 %sext_ln323_1" [top.cpp:323]   --->   Operation 132 'sub' 'sub_ln323' <Predicate = true> <Delay = 1.20> <CoreInst = "Adder">   --->   Core 1 'Adder' <Latency = 0> <II = 1> <Delay = 1.20> <FuncUnit> <Opcode : 'add' 'sub'> <InPorts = 2> <OutPorts = 1>
ST_6 : Operation 133 [1/1] (0.00ns)   --->   "%tmp_34 = bitselect i1 @_ssdm_op_BitSelect.i1.i33.i32, i33 %sub_ln323, i32 32" [top.cpp:323]   --->   Operation 133 'bitselect' 'tmp_34' <Predicate = true> <Delay = 0.00>
ST_6 : Operation 134 [1/1] (0.00ns) (grouped into LUT with out node dy2_1)   --->   "%dy2 = trunc i33 %sub_ln323" [top.cpp:323]   --->   Operation 134 'trunc' 'dy2' <Predicate = true> <Delay = 0.00>
ST_6 : Operation 135 [1/1] (0.00ns)   --->   "%tmp_35 = bitselect i1 @_ssdm_op_BitSelect.i1.i33.i32, i33 %sub_ln323, i32 31" [top.cpp:323]   --->   Operation 135 'bitselect' 'tmp_35' <Predicate = true> <Delay = 0.00>
ST_6 : Operation 136 [1/1] (0.00ns) (grouped into LUT with out node dy2_1)   --->   "%xor_ln323 = xor i1 %tmp_34, i1 1" [top.cpp:323]   --->   Operation 136 'xor' 'xor_ln323' <Predicate = true> <Delay = 0.00> <CoreInst = "LogicGate">   --->   Core 74 'LogicGate' <Latency = 0> <II = 1> <Delay = 0.33> <FuncUnit> <Opcode : 'and' 'or' 'xor'> <InPorts = 2> <OutPorts = 1>
ST_6 : Operation 137 [1/1] (0.00ns) (grouped into LUT with out node dy2_1)   --->   "%and_ln323 = and i1 %tmp_35, i1 %xor_ln323" [top.cpp:323]   --->   Operation 137 'and' 'and_ln323' <Predicate = true> <Delay = 0.00> <CoreInst = "LogicGate">   --->   Core 74 'LogicGate' <Latency = 0> <II = 1> <Delay = 0.33> <FuncUnit> <Opcode : 'and' 'or' 'xor'> <InPorts = 2> <OutPorts = 1>
ST_6 : Operation 138 [1/1] (0.00ns) (grouped into LUT with out node dy2_1)   --->   "%xor_ln323_1 = xor i1 %tmp_34, i1 %tmp_35" [top.cpp:323]   --->   Operation 138 'xor' 'xor_ln323_1' <Predicate = true> <Delay = 0.00> <CoreInst = "LogicGate">   --->   Core 74 'LogicGate' <Latency = 0> <II = 1> <Delay = 0.33> <FuncUnit> <Opcode : 'and' 'or' 'xor'> <InPorts = 2> <OutPorts = 1>
ST_6 : Operation 139 [1/1] (0.00ns) (grouped into LUT with out node dy2_1)   --->   "%select_ln323 = select i1 %and_ln323, i32 2147483647, i32 2147483648" [top.cpp:323]   --->   Operation 139 'select' 'select_ln323' <Predicate = true> <Delay = 0.00> <CoreInst = "Sel">   --->   Core 73 'Sel' <Latency = 0> <II = 1> <Delay = 0.52> <FuncUnit> <Opcode : 'select'> <InPorts = 3> <OutPorts = 1>
ST_6 : Operation 140 [1/1] (0.52ns) (out node of the LUT)   --->   "%dy2_1 = select i1 %xor_ln323_1, i32 %select_ln323, i32 %dy2" [top.cpp:323]   --->   Operation 140 'select' 'dy2_1' <Predicate = true> <Delay = 0.52> <CoreInst = "Sel">   --->   Core 73 'Sel' <Latency = 0> <II = 1> <Delay = 0.52> <FuncUnit> <Opcode : 'select'> <InPorts = 3> <OutPorts = 1>
ST_6 : Operation 141 [1/1] (0.00ns)   --->   "%sext_ln326 = sext i32 %x2" [top.cpp:326]   --->   Operation 141 'sext' 'sext_ln326' <Predicate = true> <Delay = 0.00>
ST_6 : Operation 142 [1/1] (1.20ns)   --->   "%sub_ln326 = sub i33 %sext_ln326, i33 %sext_ln322_1" [top.cpp:326]   --->   Operation 142 'sub' 'sub_ln326' <Predicate = true> <Delay = 1.20> <CoreInst = "Adder">   --->   Core 1 'Adder' <Latency = 0> <II = 1> <Delay = 1.20> <FuncUnit> <Opcode : 'add' 'sub'> <InPorts = 2> <OutPorts = 1>
ST_6 : Operation 143 [1/1] (0.00ns)   --->   "%tmp_43 = bitselect i1 @_ssdm_op_BitSelect.i1.i33.i32, i33 %sub_ln326, i32 32" [top.cpp:326]   --->   Operation 143 'bitselect' 'tmp_43' <Predicate = true> <Delay = 0.00>
ST_6 : Operation 144 [1/1] (0.00ns) (grouped into LUT with out node dx2_1)   --->   "%dx2 = trunc i33 %sub_ln326" [top.cpp:326]   --->   Operation 144 'trunc' 'dx2' <Predicate = true> <Delay = 0.00>
ST_6 : Operation 145 [1/1] (0.00ns)   --->   "%tmp_44 = bitselect i1 @_ssdm_op_BitSelect.i1.i33.i32, i33 %sub_ln326, i32 31" [top.cpp:326]   --->   Operation 145 'bitselect' 'tmp_44' <Predicate = true> <Delay = 0.00>
ST_6 : Operation 146 [1/1] (0.00ns) (grouped into LUT with out node dx2_1)   --->   "%xor_ln326 = xor i1 %tmp_43, i1 1" [top.cpp:326]   --->   Operation 146 'xor' 'xor_ln326' <Predicate = true> <Delay = 0.00> <CoreInst = "LogicGate">   --->   Core 74 'LogicGate' <Latency = 0> <II = 1> <Delay = 0.33> <FuncUnit> <Opcode : 'and' 'or' 'xor'> <InPorts = 2> <OutPorts = 1>
ST_6 : Operation 147 [1/1] (0.00ns) (grouped into LUT with out node dx2_1)   --->   "%and_ln326 = and i1 %tmp_44, i1 %xor_ln326" [top.cpp:326]   --->   Operation 147 'and' 'and_ln326' <Predicate = true> <Delay = 0.00> <CoreInst = "LogicGate">   --->   Core 74 'LogicGate' <Latency = 0> <II = 1> <Delay = 0.33> <FuncUnit> <Opcode : 'and' 'or' 'xor'> <InPorts = 2> <OutPorts = 1>
ST_6 : Operation 148 [1/1] (0.00ns) (grouped into LUT with out node dx2_1)   --->   "%xor_ln326_1 = xor i1 %tmp_43, i1 %tmp_44" [top.cpp:326]   --->   Operation 148 'xor' 'xor_ln326_1' <Predicate = true> <Delay = 0.00> <CoreInst = "LogicGate">   --->   Core 74 'LogicGate' <Latency = 0> <II = 1> <Delay = 0.33> <FuncUnit> <Opcode : 'and' 'or' 'xor'> <InPorts = 2> <OutPorts = 1>
ST_6 : Operation 149 [1/1] (0.00ns) (grouped into LUT with out node dx2_1)   --->   "%select_ln326 = select i1 %and_ln326, i32 2147483647, i32 2147483648" [top.cpp:326]   --->   Operation 149 'select' 'select_ln326' <Predicate = true> <Delay = 0.00> <CoreInst = "Sel">   --->   Core 73 'Sel' <Latency = 0> <II = 1> <Delay = 0.52> <FuncUnit> <Opcode : 'select'> <InPorts = 3> <OutPorts = 1>
ST_6 : Operation 150 [1/1] (0.52ns) (out node of the LUT)   --->   "%dx2_1 = select i1 %xor_ln326_1, i32 %select_ln326, i32 %dx2" [top.cpp:326]   --->   Operation 150 'select' 'dx2_1' <Predicate = true> <Delay = 0.52> <CoreInst = "Sel">   --->   Core 73 'Sel' <Latency = 0> <II = 1> <Delay = 0.52> <FuncUnit> <Opcode : 'select'> <InPorts = 3> <OutPorts = 1>
ST_6 : Operation 151 [1/1] (0.00ns)   --->   "%sext_ln327 = sext i32 %y1" [top.cpp:327]   --->   Operation 151 'sext' 'sext_ln327' <Predicate = true> <Delay = 0.00>
ST_6 : Operation 152 [1/1] (1.20ns)   --->   "%sub_ln327 = sub i33 %sext_ln327, i33 %sext_ln323_1" [top.cpp:327]   --->   Operation 152 'sub' 'sub_ln327' <Predicate = true> <Delay = 1.20> <CoreInst = "Adder">   --->   Core 1 'Adder' <Latency = 0> <II = 1> <Delay = 1.20> <FuncUnit> <Opcode : 'add' 'sub'> <InPorts = 2> <OutPorts = 1>
ST_6 : Operation 153 [1/1] (0.00ns)   --->   "%tmp_45 = bitselect i1 @_ssdm_op_BitSelect.i1.i33.i32, i33 %sub_ln327, i32 32" [top.cpp:327]   --->   Operation 153 'bitselect' 'tmp_45' <Predicate = true> <Delay = 0.00>
ST_6 : Operation 154 [1/1] (0.00ns) (grouped into LUT with out node dy1_1)   --->   "%dy1 = trunc i33 %sub_ln327" [top.cpp:327]   --->   Operation 154 'trunc' 'dy1' <Predicate = true> <Delay = 0.00>
ST_6 : Operation 155 [1/1] (0.00ns)   --->   "%tmp_46 = bitselect i1 @_ssdm_op_BitSelect.i1.i33.i32, i33 %sub_ln327, i32 31" [top.cpp:327]   --->   Operation 155 'bitselect' 'tmp_46' <Predicate = true> <Delay = 0.00>
ST_6 : Operation 156 [1/1] (0.00ns) (grouped into LUT with out node dy1_1)   --->   "%xor_ln327 = xor i1 %tmp_45, i1 1" [top.cpp:327]   --->   Operation 156 'xor' 'xor_ln327' <Predicate = true> <Delay = 0.00> <CoreInst = "LogicGate">   --->   Core 74 'LogicGate' <Latency = 0> <II = 1> <Delay = 0.33> <FuncUnit> <Opcode : 'and' 'or' 'xor'> <InPorts = 2> <OutPorts = 1>
ST_6 : Operation 157 [1/1] (0.00ns) (grouped into LUT with out node dy1_1)   --->   "%and_ln327 = and i1 %tmp_46, i1 %xor_ln327" [top.cpp:327]   --->   Operation 157 'and' 'and_ln327' <Predicate = true> <Delay = 0.00> <CoreInst = "LogicGate">   --->   Core 74 'LogicGate' <Latency = 0> <II = 1> <Delay = 0.33> <FuncUnit> <Opcode : 'and' 'or' 'xor'> <InPorts = 2> <OutPorts = 1>
ST_6 : Operation 158 [1/1] (0.00ns) (grouped into LUT with out node dy1_1)   --->   "%xor_ln327_1 = xor i1 %tmp_45, i1 %tmp_46" [top.cpp:327]   --->   Operation 158 'xor' 'xor_ln327_1' <Predicate = true> <Delay = 0.00> <CoreInst = "LogicGate">   --->   Core 74 'LogicGate' <Latency = 0> <II = 1> <Delay = 0.33> <FuncUnit> <Opcode : 'and' 'or' 'xor'> <InPorts = 2> <OutPorts = 1>
ST_6 : Operation 159 [1/1] (0.00ns) (grouped into LUT with out node dy1_1)   --->   "%select_ln327 = select i1 %and_ln327, i32 2147483647, i32 2147483648" [top.cpp:327]   --->   Operation 159 'select' 'select_ln327' <Predicate = true> <Delay = 0.00> <CoreInst = "Sel">   --->   Core 73 'Sel' <Latency = 0> <II = 1> <Delay = 0.52> <FuncUnit> <Opcode : 'select'> <InPorts = 3> <OutPorts = 1>
ST_6 : Operation 160 [1/1] (0.52ns) (out node of the LUT)   --->   "%dy1_1 = select i1 %xor_ln327_1, i32 %select_ln327, i32 %dy1" [top.cpp:327]   --->   Operation 160 'select' 'dy1_1' <Predicate = true> <Delay = 0.52> <CoreInst = "Sel">   --->   Core 73 'Sel' <Latency = 0> <II = 1> <Delay = 0.52> <FuncUnit> <Opcode : 'select'> <InPorts = 3> <OutPorts = 1>

State 7 <SV = 5> <Delay = 6.07>
ST_7 : Operation 161 [1/1] (0.00ns)   --->   "%sext_ln324 = sext i32 %dx1_1" [top.cpp:324]   --->   Operation 161 'sext' 'sext_ln324' <Predicate = true> <Delay = 0.00>
ST_7 : Operation 162 [1/1] (0.00ns)   --->   "%sext_ln324_1 = sext i32 %dy2_1" [top.cpp:324]   --->   Operation 162 'sext' 'sext_ln324_1' <Predicate = true> <Delay = 0.00>
ST_7 : Operation 163 [1/1] (3.88ns)   --->   "%mul_ln324 = mul i64 %sext_ln324_1, i64 %sext_ln324" [top.cpp:324]   --->   Operation 163 'mul' 'mul_ln324' <Predicate = true> <Delay = 3.88> <CoreInst = "Multiplier">   --->   Core 3 'Multiplier' <Latency = 0> <II = 1> <Delay = 3.88> <FuncUnit> <Opcode : 'mul'> <InPorts = 2> <OutPorts = 1>
ST_7 : Operation 164 [1/1] (0.00ns)   --->   "%tmp_36 = bitselect i1 @_ssdm_op_BitSelect.i1.i64.i32, i64 %mul_ln324, i32 63" [top.cpp:324]   --->   Operation 164 'bitselect' 'tmp_36' <Predicate = true> <Delay = 0.00>
ST_7 : Operation 165 [1/1] (0.00ns)   --->   "%term_a = partselect i32 @_ssdm_op_PartSelect.i32.i64.i32.i32, i64 %mul_ln324, i32 16, i32 47" [top.cpp:324]   --->   Operation 165 'partselect' 'term_a' <Predicate = true> <Delay = 0.00>
ST_7 : Operation 166 [1/1] (0.00ns)   --->   "%tmp_37 = bitselect i1 @_ssdm_op_BitSelect.i1.i64.i32, i64 %mul_ln324, i32 15" [top.cpp:324]   --->   Operation 166 'bitselect' 'tmp_37' <Predicate = true> <Delay = 0.00>
ST_7 : Operation 167 [1/1] (0.00ns) (grouped into LUT with out node and_ln324)   --->   "%tmp_38 = bitselect i1 @_ssdm_op_BitSelect.i1.i64.i32, i64 %mul_ln324, i32 47" [top.cpp:324]   --->   Operation 167 'bitselect' 'tmp_38' <Predicate = true> <Delay = 0.00>
ST_7 : Operation 168 [1/1] (0.00ns)   --->   "%zext_ln324 = zext i1 %tmp_37" [top.cpp:324]   --->   Operation 168 'zext' 'zext_ln324' <Predicate = true> <Delay = 0.00>
ST_7 : Operation 169 [1/1] (1.20ns)   --->   "%term_a_1 = add i32 %term_a, i32 %zext_ln324" [top.cpp:324]   --->   Operation 169 'add' 'term_a_1' <Predicate = true> <Delay = 1.20> <CoreInst = "Adder">   --->   Core 1 'Adder' <Latency = 0> <II = 1> <Delay = 1.20> <FuncUnit> <Opcode : 'add' 'sub'> <InPorts = 2> <OutPorts = 1>
ST_7 : Operation 170 [1/1] (0.00ns)   --->   "%tmp_41 = bitselect i1 @_ssdm_op_BitSelect.i1.i32.i32, i32 %term_a_1, i32 31" [top.cpp:324]   --->   Operation 170 'bitselect' 'tmp_41' <Predicate = true> <Delay = 0.00>
ST_7 : Operation 171 [1/1] (0.00ns) (grouped into LUT with out node and_ln324)   --->   "%xor_ln324 = xor i1 %tmp_41, i1 1" [top.cpp:324]   --->   Operation 171 'xor' 'xor_ln324' <Predicate = true> <Delay = 0.00> <CoreInst = "LogicGate">   --->   Core 74 'LogicGate' <Latency = 0> <II = 1> <Delay = 0.33> <FuncUnit> <Opcode : 'and' 'or' 'xor'> <InPorts = 2> <OutPorts = 1>
ST_7 : Operation 172 [1/1] (0.33ns) (out node of the LUT)   --->   "%and_ln324 = and i1 %tmp_38, i1 %xor_ln324" [top.cpp:324]   --->   Operation 172 'and' 'and_ln324' <Predicate = true> <Delay = 0.33> <CoreInst = "LogicGate">   --->   Core 74 'LogicGate' <Latency = 0> <II = 1> <Delay = 0.33> <FuncUnit> <Opcode : 'and' 'or' 'xor'> <InPorts = 2> <OutPorts = 1>
ST_7 : Operation 173 [1/1] (0.00ns) (grouped into LUT with out node and_ln324_4)   --->   "%tmp_42 = bitselect i1 @_ssdm_op_BitSelect.i1.i64.i32, i64 %mul_ln324, i32 48" [top.cpp:324]   --->   Operation 173 'bitselect' 'tmp_42' <Predicate = true> <Delay = 0.00>
ST_7 : Operation 174 [1/1] (0.00ns)   --->   "%tmp_s = partselect i15 @_ssdm_op_PartSelect.i15.i64.i32, i64 %mul_ln324, i32 49" [top.cpp:324]   --->   Operation 174 'partselect' 'tmp_s' <Predicate = true> <Delay = 0.00>
ST_7 : Operation 175 [1/1] (1.00ns)   --->   "%icmp_ln324 = icmp_eq  i15 %tmp_s, i15 32767" [top.cpp:324]   --->   Operation 175 'icmp' 'icmp_ln324' <Predicate = true> <Delay = 1.00> <CoreInst = "Cmp">   --->   Core 9 'Cmp' <Latency = 0> <II = 1> <Delay = 1.00> <FuncUnit> <Opcode : 'seteq' 'setne' 'setle' 'setge' 'setlt' 'setgt'> <InPorts = 2> <OutPorts = 1>
ST_7 : Operation 176 [1/1] (0.00ns)   --->   "%tmp_2 = partselect i16 @_ssdm_op_PartSelect.i16.i64.i32, i64 %mul_ln324, i32 48" [top.cpp:324]   --->   Operation 176 'partselect' 'tmp_2' <Predicate = true> <Delay = 0.00>
ST_7 : Operation 177 [1/1] (1.01ns)   --->   "%icmp_ln324_1 = icmp_eq  i16 %tmp_2, i16 65535" [top.cpp:324]   --->   Operation 177 'icmp' 'icmp_ln324_1' <Predicate = true> <Delay = 1.01> <CoreInst = "Cmp">   --->   Core 9 'Cmp' <Latency = 0> <II = 1> <Delay = 1.01> <FuncUnit> <Opcode : 'seteq' 'setne' 'setle' 'setge' 'setlt' 'setgt'> <InPorts = 2> <OutPorts = 1>
ST_7 : Operation 178 [1/1] (1.01ns)   --->   "%icmp_ln324_2 = icmp_eq  i16 %tmp_2, i16 0" [top.cpp:324]   --->   Operation 178 'icmp' 'icmp_ln324_2' <Predicate = true> <Delay = 1.01> <CoreInst = "Cmp">   --->   Core 9 'Cmp' <Latency = 0> <II = 1> <Delay = 1.01> <FuncUnit> <Opcode : 'seteq' 'setne' 'setle' 'setge' 'setlt' 'setgt'> <InPorts = 2> <OutPorts = 1>
ST_7 : Operation 179 [1/1] (0.00ns) (grouped into LUT with out node and_ln324_3)   --->   "%select_ln324 = select i1 %and_ln324, i1 %icmp_ln324_1, i1 %icmp_ln324_2" [top.cpp:324]   --->   Operation 179 'select' 'select_ln324' <Predicate = true> <Delay = 0.00> <CoreInst = "Sel">   --->   Core 73 'Sel' <Latency = 0> <II = 1> <Delay = 0.26> <FuncUnit> <Opcode : 'select'> <InPorts = 3> <OutPorts = 1>
ST_7 : Operation 180 [1/1] (0.00ns) (grouped into LUT with out node and_ln324_4)   --->   "%xor_ln324_1 = xor i1 %tmp_42, i1 1" [top.cpp:324]   --->   Operation 180 'xor' 'xor_ln324_1' <Predicate = true> <Delay = 0.00> <CoreInst = "LogicGate">   --->   Core 74 'LogicGate' <Latency = 0> <II = 1> <Delay = 0.33> <FuncUnit> <Opcode : 'and' 'or' 'xor'> <InPorts = 2> <OutPorts = 1>
ST_7 : Operation 181 [1/1] (0.00ns) (grouped into LUT with out node and_ln324_4)   --->   "%and_ln324_1 = and i1 %icmp_ln324, i1 %xor_ln324_1" [top.cpp:324]   --->   Operation 181 'and' 'and_ln324_1' <Predicate = true> <Delay = 0.00> <CoreInst = "LogicGate">   --->   Core 74 'LogicGate' <Latency = 0> <II = 1> <Delay = 0.33> <FuncUnit> <Opcode : 'and' 'or' 'xor'> <InPorts = 2> <OutPorts = 1>
ST_7 : Operation 182 [1/1] (0.00ns) (grouped into LUT with out node and_ln324_4)   --->   "%select_ln324_1 = select i1 %and_ln324, i1 %and_ln324_1, i1 %icmp_ln324_1" [top.cpp:324]   --->   Operation 182 'select' 'select_ln324_1' <Predicate = true> <Delay = 0.00> <CoreInst = "Sel">   --->   Core 73 'Sel' <Latency = 0> <II = 1> <Delay = 0.26> <FuncUnit> <Opcode : 'select'> <InPorts = 3> <OutPorts = 1>
ST_7 : Operation 183 [1/1] (0.00ns) (grouped into LUT with out node or_ln324_1)   --->   "%and_ln324_2 = and i1 %and_ln324, i1 %icmp_ln324_1" [top.cpp:324]   --->   Operation 183 'and' 'and_ln324_2' <Predicate = true> <Delay = 0.00> <CoreInst = "LogicGate">   --->   Core 74 'LogicGate' <Latency = 0> <II = 1> <Delay = 0.33> <FuncUnit> <Opcode : 'and' 'or' 'xor'> <InPorts = 2> <OutPorts = 1>
ST_7 : Operation 184 [1/1] (0.00ns) (grouped into LUT with out node and_ln324_3)   --->   "%xor_ln324_2 = xor i1 %select_ln324, i1 1" [top.cpp:324]   --->   Operation 184 'xor' 'xor_ln324_2' <Predicate = true> <Delay = 0.00> <CoreInst = "LogicGate">   --->   Core 74 'LogicGate' <Latency = 0> <II = 1> <Delay = 0.33> <FuncUnit> <Opcode : 'and' 'or' 'xor'> <InPorts = 2> <OutPorts = 1>
ST_7 : Operation 185 [1/1] (0.00ns) (grouped into LUT with out node and_ln324_3)   --->   "%or_ln324 = or i1 %tmp_41, i1 %xor_ln324_2" [top.cpp:324]   --->   Operation 185 'or' 'or_ln324' <Predicate = true> <Delay = 0.00> <CoreInst = "LogicGate">   --->   Core 74 'LogicGate' <Latency = 0> <II = 1> <Delay = 0.33> <FuncUnit> <Opcode : 'and' 'or' 'xor'> <InPorts = 2> <OutPorts = 1>
ST_7 : Operation 186 [1/1] (0.00ns) (grouped into LUT with out node and_ln324_3)   --->   "%xor_ln324_3 = xor i1 %tmp_36, i1 1" [top.cpp:324]   --->   Operation 186 'xor' 'xor_ln324_3' <Predicate = true> <Delay = 0.00> <CoreInst = "LogicGate">   --->   Core 74 'LogicGate' <Latency = 0> <II = 1> <Delay = 0.33> <FuncUnit> <Opcode : 'and' 'or' 'xor'> <InPorts = 2> <OutPorts = 1>
ST_7 : Operation 187 [1/1] (0.33ns) (out node of the LUT)   --->   "%and_ln324_3 = and i1 %or_ln324, i1 %xor_ln324_3" [top.cpp:324]   --->   Operation 187 'and' 'and_ln324_3' <Predicate = true> <Delay = 0.33> <CoreInst = "LogicGate">   --->   Core 74 'LogicGate' <Latency = 0> <II = 1> <Delay = 0.33> <FuncUnit> <Opcode : 'and' 'or' 'xor'> <InPorts = 2> <OutPorts = 1>
ST_7 : Operation 188 [1/1] (0.33ns) (out node of the LUT)   --->   "%and_ln324_4 = and i1 %tmp_41, i1 %select_ln324_1" [top.cpp:324]   --->   Operation 188 'and' 'and_ln324_4' <Predicate = true> <Delay = 0.33> <CoreInst = "LogicGate">   --->   Core 74 'LogicGate' <Latency = 0> <II = 1> <Delay = 0.33> <FuncUnit> <Opcode : 'and' 'or' 'xor'> <InPorts = 2> <OutPorts = 1>
ST_7 : Operation 189 [1/1] (0.00ns) (grouped into LUT with out node or_ln324_1)   --->   "%or_ln324_2 = or i1 %and_ln324_2, i1 %and_ln324_4" [top.cpp:324]   --->   Operation 189 'or' 'or_ln324_2' <Predicate = true> <Delay = 0.00> <CoreInst = "LogicGate">   --->   Core 74 'LogicGate' <Latency = 0> <II = 1> <Delay = 0.33> <FuncUnit> <Opcode : 'and' 'or' 'xor'> <InPorts = 2> <OutPorts = 1>
ST_7 : Operation 190 [1/1] (0.00ns) (grouped into LUT with out node or_ln324_1)   --->   "%xor_ln324_4 = xor i1 %or_ln324_2, i1 1" [top.cpp:324]   --->   Operation 190 'xor' 'xor_ln324_4' <Predicate = true> <Delay = 0.00> <CoreInst = "LogicGate">   --->   Core 74 'LogicGate' <Latency = 0> <II = 1> <Delay = 0.33> <FuncUnit> <Opcode : 'and' 'or' 'xor'> <InPorts = 2> <OutPorts = 1>
ST_7 : Operation 191 [1/1] (0.00ns) (grouped into LUT with out node or_ln324_1)   --->   "%and_ln324_5 = and i1 %tmp_36, i1 %xor_ln324_4" [top.cpp:324]   --->   Operation 191 'and' 'and_ln324_5' <Predicate = true> <Delay = 0.00> <CoreInst = "LogicGate">   --->   Core 74 'LogicGate' <Latency = 0> <II = 1> <Delay = 0.33> <FuncUnit> <Opcode : 'and' 'or' 'xor'> <InPorts = 2> <OutPorts = 1>
ST_7 : Operation 192 [1/1] (0.33ns) (out node of the LUT)   --->   "%or_ln324_1 = or i1 %and_ln324_3, i1 %and_ln324_5" [top.cpp:324]   --->   Operation 192 'or' 'or_ln324_1' <Predicate = true> <Delay = 0.33> <CoreInst = "LogicGate">   --->   Core 74 'LogicGate' <Latency = 0> <II = 1> <Delay = 0.33> <FuncUnit> <Opcode : 'and' 'or' 'xor'> <InPorts = 2> <OutPorts = 1>
ST_7 : Operation 193 [1/1] (0.00ns)   --->   "%sext_ln328 = sext i32 %dx2_1" [top.cpp:328]   --->   Operation 193 'sext' 'sext_ln328' <Predicate = true> <Delay = 0.00>
ST_7 : Operation 194 [1/1] (0.00ns)   --->   "%sext_ln328_1 = sext i32 %dy1_1" [top.cpp:328]   --->   Operation 194 'sext' 'sext_ln328_1' <Predicate = true> <Delay = 0.00>
ST_7 : Operation 195 [1/1] (3.88ns)   --->   "%mul_ln328 = mul i64 %sext_ln328_1, i64 %sext_ln328" [top.cpp:328]   --->   Operation 195 'mul' 'mul_ln328' <Predicate = true> <Delay = 3.88> <CoreInst = "Multiplier">   --->   Core 3 'Multiplier' <Latency = 0> <II = 1> <Delay = 3.88> <FuncUnit> <Opcode : 'mul'> <InPorts = 2> <OutPorts = 1>
ST_7 : Operation 196 [1/1] (0.00ns)   --->   "%tmp_48 = bitselect i1 @_ssdm_op_BitSelect.i1.i64.i32, i64 %mul_ln328, i32 63" [top.cpp:328]   --->   Operation 196 'bitselect' 'tmp_48' <Predicate = true> <Delay = 0.00>
ST_7 : Operation 197 [1/1] (0.00ns)   --->   "%term_b = partselect i32 @_ssdm_op_PartSelect.i32.i64.i32.i32, i64 %mul_ln328, i32 16, i32 47" [top.cpp:328]   --->   Operation 197 'partselect' 'term_b' <Predicate = true> <Delay = 0.00>
ST_7 : Operation 198 [1/1] (0.00ns)   --->   "%tmp_49 = bitselect i1 @_ssdm_op_BitSelect.i1.i64.i32, i64 %mul_ln328, i32 15" [top.cpp:328]   --->   Operation 198 'bitselect' 'tmp_49' <Predicate = true> <Delay = 0.00>
ST_7 : Operation 199 [1/1] (0.00ns) (grouped into LUT with out node and_ln328)   --->   "%tmp_50 = bitselect i1 @_ssdm_op_BitSelect.i1.i64.i32, i64 %mul_ln328, i32 47" [top.cpp:328]   --->   Operation 199 'bitselect' 'tmp_50' <Predicate = true> <Delay = 0.00>
ST_7 : Operation 200 [1/1] (0.00ns)   --->   "%zext_ln328 = zext i1 %tmp_49" [top.cpp:328]   --->   Operation 200 'zext' 'zext_ln328' <Predicate = true> <Delay = 0.00>
ST_7 : Operation 201 [1/1] (1.20ns)   --->   "%term_b_1 = add i32 %term_b, i32 %zext_ln328" [top.cpp:328]   --->   Operation 201 'add' 'term_b_1' <Predicate = true> <Delay = 1.20> <CoreInst = "Adder">   --->   Core 1 'Adder' <Latency = 0> <II = 1> <Delay = 1.20> <FuncUnit> <Opcode : 'add' 'sub'> <InPorts = 2> <OutPorts = 1>
ST_7 : Operation 202 [1/1] (0.00ns)   --->   "%tmp_51 = bitselect i1 @_ssdm_op_BitSelect.i1.i32.i32, i32 %term_b_1, i32 31" [top.cpp:328]   --->   Operation 202 'bitselect' 'tmp_51' <Predicate = true> <Delay = 0.00>
ST_7 : Operation 203 [1/1] (0.00ns) (grouped into LUT with out node and_ln328)   --->   "%xor_ln328 = xor i1 %tmp_51, i1 1" [top.cpp:328]   --->   Operation 203 'xor' 'xor_ln328' <Predicate = true> <Delay = 0.00> <CoreInst = "LogicGate">   --->   Core 74 'LogicGate' <Latency = 0> <II = 1> <Delay = 0.33> <FuncUnit> <Opcode : 'and' 'or' 'xor'> <InPorts = 2> <OutPorts = 1>
ST_7 : Operation 204 [1/1] (0.33ns) (out node of the LUT)   --->   "%and_ln328 = and i1 %tmp_50, i1 %xor_ln328" [top.cpp:328]   --->   Operation 204 'and' 'and_ln328' <Predicate = true> <Delay = 0.33> <CoreInst = "LogicGate">   --->   Core 74 'LogicGate' <Latency = 0> <II = 1> <Delay = 0.33> <FuncUnit> <Opcode : 'and' 'or' 'xor'> <InPorts = 2> <OutPorts = 1>
ST_7 : Operation 205 [1/1] (0.00ns) (grouped into LUT with out node and_ln328_4)   --->   "%tmp_52 = bitselect i1 @_ssdm_op_BitSelect.i1.i64.i32, i64 %mul_ln328, i32 48" [top.cpp:328]   --->   Operation 205 'bitselect' 'tmp_52' <Predicate = true> <Delay = 0.00>
ST_7 : Operation 206 [1/1] (0.00ns)   --->   "%tmp_3 = partselect i15 @_ssdm_op_PartSelect.i15.i64.i32, i64 %mul_ln328, i32 49" [top.cpp:328]   --->   Operation 206 'partselect' 'tmp_3' <Predicate = true> <Delay = 0.00>
ST_7 : Operation 207 [1/1] (1.00ns)   --->   "%icmp_ln328 = icmp_eq  i15 %tmp_3, i15 32767" [top.cpp:328]   --->   Operation 207 'icmp' 'icmp_ln328' <Predicate = true> <Delay = 1.00> <CoreInst = "Cmp">   --->   Core 9 'Cmp' <Latency = 0> <II = 1> <Delay = 1.00> <FuncUnit> <Opcode : 'seteq' 'setne' 'setle' 'setge' 'setlt' 'setgt'> <InPorts = 2> <OutPorts = 1>
ST_7 : Operation 208 [1/1] (0.00ns)   --->   "%tmp_4 = partselect i16 @_ssdm_op_PartSelect.i16.i64.i32, i64 %mul_ln328, i32 48" [top.cpp:328]   --->   Operation 208 'partselect' 'tmp_4' <Predicate = true> <Delay = 0.00>
ST_7 : Operation 209 [1/1] (1.01ns)   --->   "%icmp_ln328_1 = icmp_eq  i16 %tmp_4, i16 65535" [top.cpp:328]   --->   Operation 209 'icmp' 'icmp_ln328_1' <Predicate = true> <Delay = 1.01> <CoreInst = "Cmp">   --->   Core 9 'Cmp' <Latency = 0> <II = 1> <Delay = 1.01> <FuncUnit> <Opcode : 'seteq' 'setne' 'setle' 'setge' 'setlt' 'setgt'> <InPorts = 2> <OutPorts = 1>
ST_7 : Operation 210 [1/1] (1.01ns)   --->   "%icmp_ln328_2 = icmp_eq  i16 %tmp_4, i16 0" [top.cpp:328]   --->   Operation 210 'icmp' 'icmp_ln328_2' <Predicate = true> <Delay = 1.01> <CoreInst = "Cmp">   --->   Core 9 'Cmp' <Latency = 0> <II = 1> <Delay = 1.01> <FuncUnit> <Opcode : 'seteq' 'setne' 'setle' 'setge' 'setlt' 'setgt'> <InPorts = 2> <OutPorts = 1>
ST_7 : Operation 211 [1/1] (0.00ns) (grouped into LUT with out node and_ln328_3)   --->   "%select_ln328 = select i1 %and_ln328, i1 %icmp_ln328_1, i1 %icmp_ln328_2" [top.cpp:328]   --->   Operation 211 'select' 'select_ln328' <Predicate = true> <Delay = 0.00> <CoreInst = "Sel">   --->   Core 73 'Sel' <Latency = 0> <II = 1> <Delay = 0.26> <FuncUnit> <Opcode : 'select'> <InPorts = 3> <OutPorts = 1>
ST_7 : Operation 212 [1/1] (0.00ns) (grouped into LUT with out node and_ln328_4)   --->   "%xor_ln328_1 = xor i1 %tmp_52, i1 1" [top.cpp:328]   --->   Operation 212 'xor' 'xor_ln328_1' <Predicate = true> <Delay = 0.00> <CoreInst = "LogicGate">   --->   Core 74 'LogicGate' <Latency = 0> <II = 1> <Delay = 0.33> <FuncUnit> <Opcode : 'and' 'or' 'xor'> <InPorts = 2> <OutPorts = 1>
ST_7 : Operation 213 [1/1] (0.00ns) (grouped into LUT with out node and_ln328_4)   --->   "%and_ln328_1 = and i1 %icmp_ln328, i1 %xor_ln328_1" [top.cpp:328]   --->   Operation 213 'and' 'and_ln328_1' <Predicate = true> <Delay = 0.00> <CoreInst = "LogicGate">   --->   Core 74 'LogicGate' <Latency = 0> <II = 1> <Delay = 0.33> <FuncUnit> <Opcode : 'and' 'or' 'xor'> <InPorts = 2> <OutPorts = 1>
ST_7 : Operation 214 [1/1] (0.00ns) (grouped into LUT with out node and_ln328_4)   --->   "%select_ln328_1 = select i1 %and_ln328, i1 %and_ln328_1, i1 %icmp_ln328_1" [top.cpp:328]   --->   Operation 214 'select' 'select_ln328_1' <Predicate = true> <Delay = 0.00> <CoreInst = "Sel">   --->   Core 73 'Sel' <Latency = 0> <II = 1> <Delay = 0.26> <FuncUnit> <Opcode : 'select'> <InPorts = 3> <OutPorts = 1>
ST_7 : Operation 215 [1/1] (0.00ns) (grouped into LUT with out node or_ln328_1)   --->   "%and_ln328_2 = and i1 %and_ln328, i1 %icmp_ln328_1" [top.cpp:328]   --->   Operation 215 'and' 'and_ln328_2' <Predicate = true> <Delay = 0.00> <CoreInst = "LogicGate">   --->   Core 74 'LogicGate' <Latency = 0> <II = 1> <Delay = 0.33> <FuncUnit> <Opcode : 'and' 'or' 'xor'> <InPorts = 2> <OutPorts = 1>
ST_7 : Operation 216 [1/1] (0.00ns) (grouped into LUT with out node and_ln328_3)   --->   "%xor_ln328_2 = xor i1 %select_ln328, i1 1" [top.cpp:328]   --->   Operation 216 'xor' 'xor_ln328_2' <Predicate = true> <Delay = 0.00> <CoreInst = "LogicGate">   --->   Core 74 'LogicGate' <Latency = 0> <II = 1> <Delay = 0.33> <FuncUnit> <Opcode : 'and' 'or' 'xor'> <InPorts = 2> <OutPorts = 1>
ST_7 : Operation 217 [1/1] (0.00ns) (grouped into LUT with out node and_ln328_3)   --->   "%or_ln328 = or i1 %tmp_51, i1 %xor_ln328_2" [top.cpp:328]   --->   Operation 217 'or' 'or_ln328' <Predicate = true> <Delay = 0.00> <CoreInst = "LogicGate">   --->   Core 74 'LogicGate' <Latency = 0> <II = 1> <Delay = 0.33> <FuncUnit> <Opcode : 'and' 'or' 'xor'> <InPorts = 2> <OutPorts = 1>
ST_7 : Operation 218 [1/1] (0.00ns) (grouped into LUT with out node and_ln328_3)   --->   "%xor_ln328_3 = xor i1 %tmp_48, i1 1" [top.cpp:328]   --->   Operation 218 'xor' 'xor_ln328_3' <Predicate = true> <Delay = 0.00> <CoreInst = "LogicGate">   --->   Core 74 'LogicGate' <Latency = 0> <II = 1> <Delay = 0.33> <FuncUnit> <Opcode : 'and' 'or' 'xor'> <InPorts = 2> <OutPorts = 1>
ST_7 : Operation 219 [1/1] (0.33ns) (out node of the LUT)   --->   "%and_ln328_3 = and i1 %or_ln328, i1 %xor_ln328_3" [top.cpp:328]   --->   Operation 219 'and' 'and_ln328_3' <Predicate = true> <Delay = 0.33> <CoreInst = "LogicGate">   --->   Core 74 'LogicGate' <Latency = 0> <II = 1> <Delay = 0.33> <FuncUnit> <Opcode : 'and' 'or' 'xor'> <InPorts = 2> <OutPorts = 1>
ST_7 : Operation 220 [1/1] (0.33ns) (out node of the LUT)   --->   "%and_ln328_4 = and i1 %tmp_51, i1 %select_ln328_1" [top.cpp:328]   --->   Operation 220 'and' 'and_ln328_4' <Predicate = true> <Delay = 0.33> <CoreInst = "LogicGate">   --->   Core 74 'LogicGate' <Latency = 0> <II = 1> <Delay = 0.33> <FuncUnit> <Opcode : 'and' 'or' 'xor'> <InPorts = 2> <OutPorts = 1>
ST_7 : Operation 221 [1/1] (0.00ns) (grouped into LUT with out node or_ln328_1)   --->   "%or_ln328_2 = or i1 %and_ln328_2, i1 %and_ln328_4" [top.cpp:328]   --->   Operation 221 'or' 'or_ln328_2' <Predicate = true> <Delay = 0.00> <CoreInst = "LogicGate">   --->   Core 74 'LogicGate' <Latency = 0> <II = 1> <Delay = 0.33> <FuncUnit> <Opcode : 'and' 'or' 'xor'> <InPorts = 2> <OutPorts = 1>
ST_7 : Operation 222 [1/1] (0.00ns) (grouped into LUT with out node or_ln328_1)   --->   "%xor_ln328_4 = xor i1 %or_ln328_2, i1 1" [top.cpp:328]   --->   Operation 222 'xor' 'xor_ln328_4' <Predicate = true> <Delay = 0.00> <CoreInst = "LogicGate">   --->   Core 74 'LogicGate' <Latency = 0> <II = 1> <Delay = 0.33> <FuncUnit> <Opcode : 'and' 'or' 'xor'> <InPorts = 2> <OutPorts = 1>
ST_7 : Operation 223 [1/1] (0.00ns) (grouped into LUT with out node or_ln328_1)   --->   "%and_ln328_5 = and i1 %tmp_48, i1 %xor_ln328_4" [top.cpp:328]   --->   Operation 223 'and' 'and_ln328_5' <Predicate = true> <Delay = 0.00> <CoreInst = "LogicGate">   --->   Core 74 'LogicGate' <Latency = 0> <II = 1> <Delay = 0.33> <FuncUnit> <Opcode : 'and' 'or' 'xor'> <InPorts = 2> <OutPorts = 1>
ST_7 : Operation 224 [1/1] (0.33ns) (out node of the LUT)   --->   "%or_ln328_1 = or i1 %and_ln328_3, i1 %and_ln328_5" [top.cpp:328]   --->   Operation 224 'or' 'or_ln328_1' <Predicate = true> <Delay = 0.33> <CoreInst = "LogicGate">   --->   Core 74 'LogicGate' <Latency = 0> <II = 1> <Delay = 0.33> <FuncUnit> <Opcode : 'and' 'or' 'xor'> <InPorts = 2> <OutPorts = 1>

State 8 <SV = 6> <Delay = 3.42>
ST_8 : Operation 225 [1/1] (0.00ns) (grouped into LUT with out node sub_ln330)   --->   "%select_ln324_2 = select i1 %and_ln324_3, i32 2147483647, i32 2147483648" [top.cpp:324]   --->   Operation 225 'select' 'select_ln324_2' <Predicate = (or_ln324_1)> <Delay = 0.00> <CoreInst = "Sel">   --->   Core 73 'Sel' <Latency = 0> <II = 1> <Delay = 0.52> <FuncUnit> <Opcode : 'select'> <InPorts = 3> <OutPorts = 1>
ST_8 : Operation 226 [1/1] (0.00ns) (grouped into LUT with out node sub_ln330)   --->   "%term_a_2 = select i1 %or_ln324_1, i32 %select_ln324_2, i32 %term_a_1" [top.cpp:324]   --->   Operation 226 'select' 'term_a_2' <Predicate = true> <Delay = 0.00> <CoreInst = "Sel">   --->   Core 73 'Sel' <Latency = 0> <II = 1> <Delay = 0.52> <FuncUnit> <Opcode : 'select'> <InPorts = 3> <OutPorts = 1>
ST_8 : Operation 227 [1/1] (0.00ns) (grouped into LUT with out node sub_ln330)   --->   "%select_ln328_2 = select i1 %and_ln328_3, i32 2147483647, i32 2147483648" [top.cpp:328]   --->   Operation 227 'select' 'select_ln328_2' <Predicate = (or_ln328_1)> <Delay = 0.00> <CoreInst = "Sel">   --->   Core 73 'Sel' <Latency = 0> <II = 1> <Delay = 0.52> <FuncUnit> <Opcode : 'select'> <InPorts = 3> <OutPorts = 1>
ST_8 : Operation 228 [1/1] (0.00ns) (grouped into LUT with out node sub_ln330)   --->   "%term_b_2 = select i1 %or_ln328_1, i32 %select_ln328_2, i32 %term_b_1" [top.cpp:328]   --->   Operation 228 'select' 'term_b_2' <Predicate = true> <Delay = 0.00> <CoreInst = "Sel">   --->   Core 73 'Sel' <Latency = 0> <II = 1> <Delay = 0.52> <FuncUnit> <Opcode : 'select'> <InPorts = 3> <OutPorts = 1>
ST_8 : Operation 229 [1/1] (0.00ns) (grouped into LUT with out node sub_ln330)   --->   "%sext_ln330 = sext i32 %term_a_2" [top.cpp:330]   --->   Operation 229 'sext' 'sext_ln330' <Predicate = true> <Delay = 0.00>
ST_8 : Operation 230 [1/1] (0.00ns) (grouped into LUT with out node sub_ln330)   --->   "%sext_ln330_1 = sext i32 %term_b_2" [top.cpp:330]   --->   Operation 230 'sext' 'sext_ln330_1' <Predicate = true> <Delay = 0.00>
ST_8 : Operation 231 [1/1] (1.20ns) (out node of the LUT)   --->   "%sub_ln330 = sub i33 %sext_ln330, i33 %sext_ln330_1" [top.cpp:330]   --->   Operation 231 'sub' 'sub_ln330' <Predicate = true> <Delay = 1.20> <CoreInst = "Adder">   --->   Core 1 'Adder' <Latency = 0> <II = 1> <Delay = 1.20> <FuncUnit> <Opcode : 'add' 'sub'> <InPorts = 2> <OutPorts = 1>
ST_8 : Operation 232 [1/1] (0.00ns)   --->   "%tmp_53 = bitselect i1 @_ssdm_op_BitSelect.i1.i33.i32, i33 %sub_ln330, i32 32" [top.cpp:330]   --->   Operation 232 'bitselect' 'tmp_53' <Predicate = true> <Delay = 0.00>
ST_8 : Operation 233 [1/1] (0.00ns) (grouped into LUT with out node area_1)   --->   "%area = trunc i33 %sub_ln330" [top.cpp:330]   --->   Operation 233 'trunc' 'area' <Predicate = true> <Delay = 0.00>
ST_8 : Operation 234 [1/1] (0.00ns)   --->   "%tmp_54 = bitselect i1 @_ssdm_op_BitSelect.i1.i33.i32, i33 %sub_ln330, i32 31" [top.cpp:330]   --->   Operation 234 'bitselect' 'tmp_54' <Predicate = true> <Delay = 0.00>
ST_8 : Operation 235 [1/1] (0.00ns) (grouped into LUT with out node area_1)   --->   "%xor_ln330 = xor i1 %tmp_53, i1 1" [top.cpp:330]   --->   Operation 235 'xor' 'xor_ln330' <Predicate = true> <Delay = 0.00> <CoreInst = "LogicGate">   --->   Core 74 'LogicGate' <Latency = 0> <II = 1> <Delay = 0.33> <FuncUnit> <Opcode : 'and' 'or' 'xor'> <InPorts = 2> <OutPorts = 1>
ST_8 : Operation 236 [1/1] (0.00ns) (grouped into LUT with out node area_1)   --->   "%and_ln330 = and i1 %tmp_54, i1 %xor_ln330" [top.cpp:330]   --->   Operation 236 'and' 'and_ln330' <Predicate = true> <Delay = 0.00> <CoreInst = "LogicGate">   --->   Core 74 'LogicGate' <Latency = 0> <II = 1> <Delay = 0.33> <FuncUnit> <Opcode : 'and' 'or' 'xor'> <InPorts = 2> <OutPorts = 1>
ST_8 : Operation 237 [1/1] (0.00ns) (grouped into LUT with out node area_1)   --->   "%xor_ln330_1 = xor i1 %tmp_53, i1 %tmp_54" [top.cpp:330]   --->   Operation 237 'xor' 'xor_ln330_1' <Predicate = true> <Delay = 0.00> <CoreInst = "LogicGate">   --->   Core 74 'LogicGate' <Latency = 0> <II = 1> <Delay = 0.33> <FuncUnit> <Opcode : 'and' 'or' 'xor'> <InPorts = 2> <OutPorts = 1>
ST_8 : Operation 238 [1/1] (0.00ns) (grouped into LUT with out node area_1)   --->   "%select_ln330 = select i1 %and_ln330, i32 2147483647, i32 2147483648" [top.cpp:330]   --->   Operation 238 'select' 'select_ln330' <Predicate = true> <Delay = 0.00> <CoreInst = "Sel">   --->   Core 73 'Sel' <Latency = 0> <II = 1> <Delay = 0.52> <FuncUnit> <Opcode : 'select'> <InPorts = 3> <OutPorts = 1>
ST_8 : Operation 239 [1/1] (0.52ns) (out node of the LUT)   --->   "%area_1 = select i1 %xor_ln330_1, i32 %select_ln330, i32 %area" [top.cpp:330]   --->   Operation 239 'select' 'area_1' <Predicate = true> <Delay = 0.52> <CoreInst = "Sel">   --->   Core 73 'Sel' <Latency = 0> <II = 1> <Delay = 0.52> <FuncUnit> <Opcode : 'select'> <InPorts = 3> <OutPorts = 1>
ST_8 : Operation 240 [1/1] (1.20ns)   --->   "%icmp_ln332 = icmp_eq  i32 %area_1, i32 0" [top.cpp:332]   --->   Operation 240 'icmp' 'icmp_ln332' <Predicate = true> <Delay = 1.20> <CoreInst = "Cmp">   --->   Core 9 'Cmp' <Latency = 0> <II = 1> <Delay = 1.20> <FuncUnit> <Opcode : 'seteq' 'setne' 'setle' 'setge' 'setlt' 'setgt'> <InPorts = 2> <OutPorts = 1>
ST_8 : Operation 241 [1/1] (0.00ns)   --->   "%br_ln332 = br i1 %icmp_ln332, void %_ZNK13ap_fixed_baseILi32ELi16ELb1EL9ap_q_mode0EL9ap_o_mode0ELi0EEdvILi32ELi16ELb1ELS0_0ELS1_0ELi0EEENS2_5RTypeIXT_EXT0_EXT1_EE3divERKS_IXT_EXT0_EXT1_EXT2_EXT3_EXT4_EE.exit, void %cleanup" [top.cpp:332]   --->   Operation 241 'br' 'br_ln332' <Predicate = true> <Delay = 0.00>
ST_8 : Operation 242 [1/1] (0.00ns)   --->   "%sext_ln336 = sext i32 %area_1" [top.cpp:336]   --->   Operation 242 'sext' 'sext_ln336' <Predicate = (!icmp_ln332)> <Delay = 0.00>
ST_8 : Operation 243 [38/38] (1.70ns)   --->   "%sdiv_ln336 = sdiv i34 4294967296, i34 %sext_ln336" [top.cpp:336]   --->   Operation 243 'sdiv' 'sdiv_ln336' <Predicate = (!icmp_ln332)> <Delay = 1.70> <CoreInst = "DivnS_SEQ">   --->   Core 7 'DivnS_SEQ' <Latency = 37> <II = 34> <Delay = 1.70> <FuncUnit> <Opcode : 'udiv' 'sdiv' 'urem' 'srem'> <InPorts = 2> <OutPorts = 1>

State 9 <SV = 7> <Delay = 1.70>
ST_9 : Operation 244 [37/38] (1.70ns)   --->   "%sdiv_ln336 = sdiv i34 4294967296, i34 %sext_ln336" [top.cpp:336]   --->   Operation 244 'sdiv' 'sdiv_ln336' <Predicate = true> <Delay = 1.70> <CoreInst = "DivnS_SEQ">   --->   Core 7 'DivnS_SEQ' <Latency = 37> <II = 34> <Delay = 1.70> <FuncUnit> <Opcode : 'udiv' 'sdiv' 'urem' 'srem'> <InPorts = 2> <OutPorts = 1>

State 10 <SV = 8> <Delay = 1.70>
ST_10 : Operation 245 [36/38] (1.70ns)   --->   "%sdiv_ln336 = sdiv i34 4294967296, i34 %sext_ln336" [top.cpp:336]   --->   Operation 245 'sdiv' 'sdiv_ln336' <Predicate = true> <Delay = 1.70> <CoreInst = "DivnS_SEQ">   --->   Core 7 'DivnS_SEQ' <Latency = 37> <II = 34> <Delay = 1.70> <FuncUnit> <Opcode : 'udiv' 'sdiv' 'urem' 'srem'> <InPorts = 2> <OutPorts = 1>

State 11 <SV = 9> <Delay = 1.70>
ST_11 : Operation 246 [35/38] (1.70ns)   --->   "%sdiv_ln336 = sdiv i34 4294967296, i34 %sext_ln336" [top.cpp:336]   --->   Operation 246 'sdiv' 'sdiv_ln336' <Predicate = true> <Delay = 1.70> <CoreInst = "DivnS_SEQ">   --->   Core 7 'DivnS_SEQ' <Latency = 37> <II = 34> <Delay = 1.70> <FuncUnit> <Opcode : 'udiv' 'sdiv' 'urem' 'srem'> <InPorts = 2> <OutPorts = 1>

State 12 <SV = 10> <Delay = 1.70>
ST_12 : Operation 247 [34/38] (1.70ns)   --->   "%sdiv_ln336 = sdiv i34 4294967296, i34 %sext_ln336" [top.cpp:336]   --->   Operation 247 'sdiv' 'sdiv_ln336' <Predicate = true> <Delay = 1.70> <CoreInst = "DivnS_SEQ">   --->   Core 7 'DivnS_SEQ' <Latency = 37> <II = 34> <Delay = 1.70> <FuncUnit> <Opcode : 'udiv' 'sdiv' 'urem' 'srem'> <InPorts = 2> <OutPorts = 1>

State 13 <SV = 11> <Delay = 1.70>
ST_13 : Operation 248 [33/38] (1.70ns)   --->   "%sdiv_ln336 = sdiv i34 4294967296, i34 %sext_ln336" [top.cpp:336]   --->   Operation 248 'sdiv' 'sdiv_ln336' <Predicate = true> <Delay = 1.70> <CoreInst = "DivnS_SEQ">   --->   Core 7 'DivnS_SEQ' <Latency = 37> <II = 34> <Delay = 1.70> <FuncUnit> <Opcode : 'udiv' 'sdiv' 'urem' 'srem'> <InPorts = 2> <OutPorts = 1>

State 14 <SV = 12> <Delay = 1.70>
ST_14 : Operation 249 [32/38] (1.70ns)   --->   "%sdiv_ln336 = sdiv i34 4294967296, i34 %sext_ln336" [top.cpp:336]   --->   Operation 249 'sdiv' 'sdiv_ln336' <Predicate = true> <Delay = 1.70> <CoreInst = "DivnS_SEQ">   --->   Core 7 'DivnS_SEQ' <Latency = 37> <II = 34> <Delay = 1.70> <FuncUnit> <Opcode : 'udiv' 'sdiv' 'urem' 'srem'> <InPorts = 2> <OutPorts = 1>

State 15 <SV = 13> <Delay = 1.70>
ST_15 : Operation 250 [31/38] (1.70ns)   --->   "%sdiv_ln336 = sdiv i34 4294967296, i34 %sext_ln336" [top.cpp:336]   --->   Operation 250 'sdiv' 'sdiv_ln336' <Predicate = true> <Delay = 1.70> <CoreInst = "DivnS_SEQ">   --->   Core 7 'DivnS_SEQ' <Latency = 37> <II = 34> <Delay = 1.70> <FuncUnit> <Opcode : 'udiv' 'sdiv' 'urem' 'srem'> <InPorts = 2> <OutPorts = 1>

State 16 <SV = 14> <Delay = 1.70>
ST_16 : Operation 251 [30/38] (1.70ns)   --->   "%sdiv_ln336 = sdiv i34 4294967296, i34 %sext_ln336" [top.cpp:336]   --->   Operation 251 'sdiv' 'sdiv_ln336' <Predicate = true> <Delay = 1.70> <CoreInst = "DivnS_SEQ">   --->   Core 7 'DivnS_SEQ' <Latency = 37> <II = 34> <Delay = 1.70> <FuncUnit> <Opcode : 'udiv' 'sdiv' 'urem' 'srem'> <InPorts = 2> <OutPorts = 1>

State 17 <SV = 15> <Delay = 1.70>
ST_17 : Operation 252 [29/38] (1.70ns)   --->   "%sdiv_ln336 = sdiv i34 4294967296, i34 %sext_ln336" [top.cpp:336]   --->   Operation 252 'sdiv' 'sdiv_ln336' <Predicate = true> <Delay = 1.70> <CoreInst = "DivnS_SEQ">   --->   Core 7 'DivnS_SEQ' <Latency = 37> <II = 34> <Delay = 1.70> <FuncUnit> <Opcode : 'udiv' 'sdiv' 'urem' 'srem'> <InPorts = 2> <OutPorts = 1>

State 18 <SV = 16> <Delay = 1.70>
ST_18 : Operation 253 [28/38] (1.70ns)   --->   "%sdiv_ln336 = sdiv i34 4294967296, i34 %sext_ln336" [top.cpp:336]   --->   Operation 253 'sdiv' 'sdiv_ln336' <Predicate = true> <Delay = 1.70> <CoreInst = "DivnS_SEQ">   --->   Core 7 'DivnS_SEQ' <Latency = 37> <II = 34> <Delay = 1.70> <FuncUnit> <Opcode : 'udiv' 'sdiv' 'urem' 'srem'> <InPorts = 2> <OutPorts = 1>

State 19 <SV = 17> <Delay = 1.70>
ST_19 : Operation 254 [27/38] (1.70ns)   --->   "%sdiv_ln336 = sdiv i34 4294967296, i34 %sext_ln336" [top.cpp:336]   --->   Operation 254 'sdiv' 'sdiv_ln336' <Predicate = true> <Delay = 1.70> <CoreInst = "DivnS_SEQ">   --->   Core 7 'DivnS_SEQ' <Latency = 37> <II = 34> <Delay = 1.70> <FuncUnit> <Opcode : 'udiv' 'sdiv' 'urem' 'srem'> <InPorts = 2> <OutPorts = 1>

State 20 <SV = 18> <Delay = 1.70>
ST_20 : Operation 255 [26/38] (1.70ns)   --->   "%sdiv_ln336 = sdiv i34 4294967296, i34 %sext_ln336" [top.cpp:336]   --->   Operation 255 'sdiv' 'sdiv_ln336' <Predicate = true> <Delay = 1.70> <CoreInst = "DivnS_SEQ">   --->   Core 7 'DivnS_SEQ' <Latency = 37> <II = 34> <Delay = 1.70> <FuncUnit> <Opcode : 'udiv' 'sdiv' 'urem' 'srem'> <InPorts = 2> <OutPorts = 1>

State 21 <SV = 19> <Delay = 1.70>
ST_21 : Operation 256 [25/38] (1.70ns)   --->   "%sdiv_ln336 = sdiv i34 4294967296, i34 %sext_ln336" [top.cpp:336]   --->   Operation 256 'sdiv' 'sdiv_ln336' <Predicate = true> <Delay = 1.70> <CoreInst = "DivnS_SEQ">   --->   Core 7 'DivnS_SEQ' <Latency = 37> <II = 34> <Delay = 1.70> <FuncUnit> <Opcode : 'udiv' 'sdiv' 'urem' 'srem'> <InPorts = 2> <OutPorts = 1>

State 22 <SV = 20> <Delay = 1.70>
ST_22 : Operation 257 [24/38] (1.70ns)   --->   "%sdiv_ln336 = sdiv i34 4294967296, i34 %sext_ln336" [top.cpp:336]   --->   Operation 257 'sdiv' 'sdiv_ln336' <Predicate = true> <Delay = 1.70> <CoreInst = "DivnS_SEQ">   --->   Core 7 'DivnS_SEQ' <Latency = 37> <II = 34> <Delay = 1.70> <FuncUnit> <Opcode : 'udiv' 'sdiv' 'urem' 'srem'> <InPorts = 2> <OutPorts = 1>

State 23 <SV = 21> <Delay = 1.70>
ST_23 : Operation 258 [23/38] (1.70ns)   --->   "%sdiv_ln336 = sdiv i34 4294967296, i34 %sext_ln336" [top.cpp:336]   --->   Operation 258 'sdiv' 'sdiv_ln336' <Predicate = true> <Delay = 1.70> <CoreInst = "DivnS_SEQ">   --->   Core 7 'DivnS_SEQ' <Latency = 37> <II = 34> <Delay = 1.70> <FuncUnit> <Opcode : 'udiv' 'sdiv' 'urem' 'srem'> <InPorts = 2> <OutPorts = 1>

State 24 <SV = 22> <Delay = 1.70>
ST_24 : Operation 259 [22/38] (1.70ns)   --->   "%sdiv_ln336 = sdiv i34 4294967296, i34 %sext_ln336" [top.cpp:336]   --->   Operation 259 'sdiv' 'sdiv_ln336' <Predicate = true> <Delay = 1.70> <CoreInst = "DivnS_SEQ">   --->   Core 7 'DivnS_SEQ' <Latency = 37> <II = 34> <Delay = 1.70> <FuncUnit> <Opcode : 'udiv' 'sdiv' 'urem' 'srem'> <InPorts = 2> <OutPorts = 1>

State 25 <SV = 23> <Delay = 1.70>
ST_25 : Operation 260 [21/38] (1.70ns)   --->   "%sdiv_ln336 = sdiv i34 4294967296, i34 %sext_ln336" [top.cpp:336]   --->   Operation 260 'sdiv' 'sdiv_ln336' <Predicate = true> <Delay = 1.70> <CoreInst = "DivnS_SEQ">   --->   Core 7 'DivnS_SEQ' <Latency = 37> <II = 34> <Delay = 1.70> <FuncUnit> <Opcode : 'udiv' 'sdiv' 'urem' 'srem'> <InPorts = 2> <OutPorts = 1>

State 26 <SV = 24> <Delay = 1.70>
ST_26 : Operation 261 [20/38] (1.70ns)   --->   "%sdiv_ln336 = sdiv i34 4294967296, i34 %sext_ln336" [top.cpp:336]   --->   Operation 261 'sdiv' 'sdiv_ln336' <Predicate = true> <Delay = 1.70> <CoreInst = "DivnS_SEQ">   --->   Core 7 'DivnS_SEQ' <Latency = 37> <II = 34> <Delay = 1.70> <FuncUnit> <Opcode : 'udiv' 'sdiv' 'urem' 'srem'> <InPorts = 2> <OutPorts = 1>

State 27 <SV = 25> <Delay = 1.70>
ST_27 : Operation 262 [19/38] (1.70ns)   --->   "%sdiv_ln336 = sdiv i34 4294967296, i34 %sext_ln336" [top.cpp:336]   --->   Operation 262 'sdiv' 'sdiv_ln336' <Predicate = true> <Delay = 1.70> <CoreInst = "DivnS_SEQ">   --->   Core 7 'DivnS_SEQ' <Latency = 37> <II = 34> <Delay = 1.70> <FuncUnit> <Opcode : 'udiv' 'sdiv' 'urem' 'srem'> <InPorts = 2> <OutPorts = 1>

State 28 <SV = 26> <Delay = 1.70>
ST_28 : Operation 263 [18/38] (1.70ns)   --->   "%sdiv_ln336 = sdiv i34 4294967296, i34 %sext_ln336" [top.cpp:336]   --->   Operation 263 'sdiv' 'sdiv_ln336' <Predicate = true> <Delay = 1.70> <CoreInst = "DivnS_SEQ">   --->   Core 7 'DivnS_SEQ' <Latency = 37> <II = 34> <Delay = 1.70> <FuncUnit> <Opcode : 'udiv' 'sdiv' 'urem' 'srem'> <InPorts = 2> <OutPorts = 1>

State 29 <SV = 27> <Delay = 1.70>
ST_29 : Operation 264 [17/38] (1.70ns)   --->   "%sdiv_ln336 = sdiv i34 4294967296, i34 %sext_ln336" [top.cpp:336]   --->   Operation 264 'sdiv' 'sdiv_ln336' <Predicate = true> <Delay = 1.70> <CoreInst = "DivnS_SEQ">   --->   Core 7 'DivnS_SEQ' <Latency = 37> <II = 34> <Delay = 1.70> <FuncUnit> <Opcode : 'udiv' 'sdiv' 'urem' 'srem'> <InPorts = 2> <OutPorts = 1>

State 30 <SV = 28> <Delay = 1.70>
ST_30 : Operation 265 [16/38] (1.70ns)   --->   "%sdiv_ln336 = sdiv i34 4294967296, i34 %sext_ln336" [top.cpp:336]   --->   Operation 265 'sdiv' 'sdiv_ln336' <Predicate = true> <Delay = 1.70> <CoreInst = "DivnS_SEQ">   --->   Core 7 'DivnS_SEQ' <Latency = 37> <II = 34> <Delay = 1.70> <FuncUnit> <Opcode : 'udiv' 'sdiv' 'urem' 'srem'> <InPorts = 2> <OutPorts = 1>

State 31 <SV = 29> <Delay = 1.70>
ST_31 : Operation 266 [15/38] (1.70ns)   --->   "%sdiv_ln336 = sdiv i34 4294967296, i34 %sext_ln336" [top.cpp:336]   --->   Operation 266 'sdiv' 'sdiv_ln336' <Predicate = true> <Delay = 1.70> <CoreInst = "DivnS_SEQ">   --->   Core 7 'DivnS_SEQ' <Latency = 37> <II = 34> <Delay = 1.70> <FuncUnit> <Opcode : 'udiv' 'sdiv' 'urem' 'srem'> <InPorts = 2> <OutPorts = 1>

State 32 <SV = 30> <Delay = 1.70>
ST_32 : Operation 267 [14/38] (1.70ns)   --->   "%sdiv_ln336 = sdiv i34 4294967296, i34 %sext_ln336" [top.cpp:336]   --->   Operation 267 'sdiv' 'sdiv_ln336' <Predicate = true> <Delay = 1.70> <CoreInst = "DivnS_SEQ">   --->   Core 7 'DivnS_SEQ' <Latency = 37> <II = 34> <Delay = 1.70> <FuncUnit> <Opcode : 'udiv' 'sdiv' 'urem' 'srem'> <InPorts = 2> <OutPorts = 1>

State 33 <SV = 31> <Delay = 1.70>
ST_33 : Operation 268 [13/38] (1.70ns)   --->   "%sdiv_ln336 = sdiv i34 4294967296, i34 %sext_ln336" [top.cpp:336]   --->   Operation 268 'sdiv' 'sdiv_ln336' <Predicate = true> <Delay = 1.70> <CoreInst = "DivnS_SEQ">   --->   Core 7 'DivnS_SEQ' <Latency = 37> <II = 34> <Delay = 1.70> <FuncUnit> <Opcode : 'udiv' 'sdiv' 'urem' 'srem'> <InPorts = 2> <OutPorts = 1>

State 34 <SV = 32> <Delay = 1.70>
ST_34 : Operation 269 [12/38] (1.70ns)   --->   "%sdiv_ln336 = sdiv i34 4294967296, i34 %sext_ln336" [top.cpp:336]   --->   Operation 269 'sdiv' 'sdiv_ln336' <Predicate = true> <Delay = 1.70> <CoreInst = "DivnS_SEQ">   --->   Core 7 'DivnS_SEQ' <Latency = 37> <II = 34> <Delay = 1.70> <FuncUnit> <Opcode : 'udiv' 'sdiv' 'urem' 'srem'> <InPorts = 2> <OutPorts = 1>

State 35 <SV = 33> <Delay = 1.70>
ST_35 : Operation 270 [11/38] (1.70ns)   --->   "%sdiv_ln336 = sdiv i34 4294967296, i34 %sext_ln336" [top.cpp:336]   --->   Operation 270 'sdiv' 'sdiv_ln336' <Predicate = true> <Delay = 1.70> <CoreInst = "DivnS_SEQ">   --->   Core 7 'DivnS_SEQ' <Latency = 37> <II = 34> <Delay = 1.70> <FuncUnit> <Opcode : 'udiv' 'sdiv' 'urem' 'srem'> <InPorts = 2> <OutPorts = 1>

State 36 <SV = 34> <Delay = 1.70>
ST_36 : Operation 271 [10/38] (1.70ns)   --->   "%sdiv_ln336 = sdiv i34 4294967296, i34 %sext_ln336" [top.cpp:336]   --->   Operation 271 'sdiv' 'sdiv_ln336' <Predicate = true> <Delay = 1.70> <CoreInst = "DivnS_SEQ">   --->   Core 7 'DivnS_SEQ' <Latency = 37> <II = 34> <Delay = 1.70> <FuncUnit> <Opcode : 'udiv' 'sdiv' 'urem' 'srem'> <InPorts = 2> <OutPorts = 1>

State 37 <SV = 35> <Delay = 1.70>
ST_37 : Operation 272 [9/38] (1.70ns)   --->   "%sdiv_ln336 = sdiv i34 4294967296, i34 %sext_ln336" [top.cpp:336]   --->   Operation 272 'sdiv' 'sdiv_ln336' <Predicate = true> <Delay = 1.70> <CoreInst = "DivnS_SEQ">   --->   Core 7 'DivnS_SEQ' <Latency = 37> <II = 34> <Delay = 1.70> <FuncUnit> <Opcode : 'udiv' 'sdiv' 'urem' 'srem'> <InPorts = 2> <OutPorts = 1>

State 38 <SV = 36> <Delay = 1.70>
ST_38 : Operation 273 [8/38] (1.70ns)   --->   "%sdiv_ln336 = sdiv i34 4294967296, i34 %sext_ln336" [top.cpp:336]   --->   Operation 273 'sdiv' 'sdiv_ln336' <Predicate = true> <Delay = 1.70> <CoreInst = "DivnS_SEQ">   --->   Core 7 'DivnS_SEQ' <Latency = 37> <II = 34> <Delay = 1.70> <FuncUnit> <Opcode : 'udiv' 'sdiv' 'urem' 'srem'> <InPorts = 2> <OutPorts = 1>

State 39 <SV = 37> <Delay = 1.70>
ST_39 : Operation 274 [7/38] (1.70ns)   --->   "%sdiv_ln336 = sdiv i34 4294967296, i34 %sext_ln336" [top.cpp:336]   --->   Operation 274 'sdiv' 'sdiv_ln336' <Predicate = true> <Delay = 1.70> <CoreInst = "DivnS_SEQ">   --->   Core 7 'DivnS_SEQ' <Latency = 37> <II = 34> <Delay = 1.70> <FuncUnit> <Opcode : 'udiv' 'sdiv' 'urem' 'srem'> <InPorts = 2> <OutPorts = 1>

State 40 <SV = 38> <Delay = 1.70>
ST_40 : Operation 275 [6/38] (1.70ns)   --->   "%sdiv_ln336 = sdiv i34 4294967296, i34 %sext_ln336" [top.cpp:336]   --->   Operation 275 'sdiv' 'sdiv_ln336' <Predicate = true> <Delay = 1.70> <CoreInst = "DivnS_SEQ">   --->   Core 7 'DivnS_SEQ' <Latency = 37> <II = 34> <Delay = 1.70> <FuncUnit> <Opcode : 'udiv' 'sdiv' 'urem' 'srem'> <InPorts = 2> <OutPorts = 1>

State 41 <SV = 39> <Delay = 1.70>
ST_41 : Operation 276 [5/38] (1.70ns)   --->   "%sdiv_ln336 = sdiv i34 4294967296, i34 %sext_ln336" [top.cpp:336]   --->   Operation 276 'sdiv' 'sdiv_ln336' <Predicate = true> <Delay = 1.70> <CoreInst = "DivnS_SEQ">   --->   Core 7 'DivnS_SEQ' <Latency = 37> <II = 34> <Delay = 1.70> <FuncUnit> <Opcode : 'udiv' 'sdiv' 'urem' 'srem'> <InPorts = 2> <OutPorts = 1>

State 42 <SV = 40> <Delay = 1.70>
ST_42 : Operation 277 [4/38] (1.70ns)   --->   "%sdiv_ln336 = sdiv i34 4294967296, i34 %sext_ln336" [top.cpp:336]   --->   Operation 277 'sdiv' 'sdiv_ln336' <Predicate = true> <Delay = 1.70> <CoreInst = "DivnS_SEQ">   --->   Core 7 'DivnS_SEQ' <Latency = 37> <II = 34> <Delay = 1.70> <FuncUnit> <Opcode : 'udiv' 'sdiv' 'urem' 'srem'> <InPorts = 2> <OutPorts = 1>

State 43 <SV = 41> <Delay = 1.70>
ST_43 : Operation 278 [3/38] (1.70ns)   --->   "%sdiv_ln336 = sdiv i34 4294967296, i34 %sext_ln336" [top.cpp:336]   --->   Operation 278 'sdiv' 'sdiv_ln336' <Predicate = true> <Delay = 1.70> <CoreInst = "DivnS_SEQ">   --->   Core 7 'DivnS_SEQ' <Latency = 37> <II = 34> <Delay = 1.70> <FuncUnit> <Opcode : 'udiv' 'sdiv' 'urem' 'srem'> <InPorts = 2> <OutPorts = 1>

State 44 <SV = 42> <Delay = 1.70>
ST_44 : Operation 279 [2/38] (1.70ns)   --->   "%sdiv_ln336 = sdiv i34 4294967296, i34 %sext_ln336" [top.cpp:336]   --->   Operation 279 'sdiv' 'sdiv_ln336' <Predicate = true> <Delay = 1.70> <CoreInst = "DivnS_SEQ">   --->   Core 7 'DivnS_SEQ' <Latency = 37> <II = 34> <Delay = 1.70> <FuncUnit> <Opcode : 'udiv' 'sdiv' 'urem' 'srem'> <InPorts = 2> <OutPorts = 1>
ST_44 : Operation 280 [1/1] (0.00ns)   --->   "%bounds_min_y_addr = getelementptr i15 %bounds_min_y, i64 0, i64 %zext_ln309" [top.cpp:338]   --->   Operation 280 'getelementptr' 'bounds_min_y_addr' <Predicate = true> <Delay = 0.00>
ST_44 : Operation 281 [2/2] (1.35ns)   --->   "%y_4 = load i7 %bounds_min_y_addr" [top.cpp:338]   --->   Operation 281 'load' 'y_4' <Predicate = true> <Delay = 1.35> <CoreInst = "RAM">   --->   Core 82 'RAM' <Latency = 1> <II = 1> <Delay = 1.35> <Storage> <Opcode : 'load' 'store'> <Ports = 2> <Width = 15> <Depth = 128> <RAM>
ST_44 : Operation 282 [1/1] (0.00ns)   --->   "%bounds_max_y_addr = getelementptr i16 %bounds_max_y, i64 0, i64 %zext_ln309" [top.cpp:309]   --->   Operation 282 'getelementptr' 'bounds_max_y_addr' <Predicate = true> <Delay = 0.00>
ST_44 : Operation 283 [2/2] (1.35ns)   --->   "%bounds_max_y_load = load i7 %bounds_max_y_addr" [top.cpp:309]   --->   Operation 283 'load' 'bounds_max_y_load' <Predicate = true> <Delay = 1.35> <CoreInst = "RAM">   --->   Core 82 'RAM' <Latency = 1> <II = 1> <Delay = 1.35> <Storage> <Opcode : 'load' 'store'> <Ports = 2> <Width = 16> <Depth = 128> <RAM>
ST_44 : Operation 284 [1/1] (0.00ns)   --->   "%bounds_min_x_addr = getelementptr i15 %bounds_min_x, i64 0, i64 %zext_ln309" [top.cpp:309]   --->   Operation 284 'getelementptr' 'bounds_min_x_addr' <Predicate = true> <Delay = 0.00>
ST_44 : Operation 285 [1/1] (0.00ns)   --->   "%bounds_max_x_addr = getelementptr i16 %bounds_max_x, i64 0, i64 %zext_ln309" [top.cpp:309]   --->   Operation 285 'getelementptr' 'bounds_max_x_addr' <Predicate = true> <Delay = 0.00>
ST_44 : Operation 286 [1/1] (0.00ns)   --->   "%screen_tris_v0_z_addr = getelementptr i32 %screen_tris_v0_z, i64 0, i64 %zext_ln309" [top.cpp:309]   --->   Operation 286 'getelementptr' 'screen_tris_v0_z_addr' <Predicate = true> <Delay = 0.00>
ST_44 : Operation 287 [1/1] (0.00ns)   --->   "%screen_tris_v1_z_addr = getelementptr i32 %screen_tris_v1_z, i64 0, i64 %zext_ln309" [top.cpp:309]   --->   Operation 287 'getelementptr' 'screen_tris_v1_z_addr' <Predicate = true> <Delay = 0.00>
ST_44 : Operation 288 [1/1] (0.00ns)   --->   "%screen_tris_v2_z_addr = getelementptr i32 %screen_tris_v2_z, i64 0, i64 %zext_ln309" [top.cpp:309]   --->   Operation 288 'getelementptr' 'screen_tris_v2_z_addr' <Predicate = true> <Delay = 0.00>
ST_44 : Operation 289 [1/1] (0.00ns)   --->   "%screen_tris_n0_x_addr = getelementptr i32 %screen_tris_n0_x, i64 0, i64 %zext_ln309" [top.cpp:309]   --->   Operation 289 'getelementptr' 'screen_tris_n0_x_addr' <Predicate = true> <Delay = 0.00>
ST_44 : Operation 290 [1/1] (0.00ns)   --->   "%screen_tris_n1_x_addr = getelementptr i32 %screen_tris_n1_x, i64 0, i64 %zext_ln309" [top.cpp:309]   --->   Operation 290 'getelementptr' 'screen_tris_n1_x_addr' <Predicate = true> <Delay = 0.00>
ST_44 : Operation 291 [1/1] (0.00ns)   --->   "%screen_tris_n2_x_addr = getelementptr i32 %screen_tris_n2_x, i64 0, i64 %zext_ln309" [top.cpp:309]   --->   Operation 291 'getelementptr' 'screen_tris_n2_x_addr' <Predicate = true> <Delay = 0.00>
ST_44 : Operation 292 [1/1] (0.00ns)   --->   "%screen_tris_n0_y_addr = getelementptr i32 %screen_tris_n0_y, i64 0, i64 %zext_ln309" [top.cpp:309]   --->   Operation 292 'getelementptr' 'screen_tris_n0_y_addr' <Predicate = true> <Delay = 0.00>
ST_44 : Operation 293 [1/1] (0.00ns)   --->   "%screen_tris_n1_y_addr = getelementptr i32 %screen_tris_n1_y, i64 0, i64 %zext_ln309" [top.cpp:309]   --->   Operation 293 'getelementptr' 'screen_tris_n1_y_addr' <Predicate = true> <Delay = 0.00>
ST_44 : Operation 294 [1/1] (0.00ns)   --->   "%screen_tris_n2_y_addr = getelementptr i32 %screen_tris_n2_y, i64 0, i64 %zext_ln309" [top.cpp:309]   --->   Operation 294 'getelementptr' 'screen_tris_n2_y_addr' <Predicate = true> <Delay = 0.00>
ST_44 : Operation 295 [1/1] (0.00ns)   --->   "%screen_tris_n0_z_addr = getelementptr i32 %screen_tris_n0_z, i64 0, i64 %zext_ln309" [top.cpp:309]   --->   Operation 295 'getelementptr' 'screen_tris_n0_z_addr' <Predicate = true> <Delay = 0.00>
ST_44 : Operation 296 [1/1] (0.00ns)   --->   "%screen_tris_n1_z_addr = getelementptr i32 %screen_tris_n1_z, i64 0, i64 %zext_ln309" [top.cpp:309]   --->   Operation 296 'getelementptr' 'screen_tris_n1_z_addr' <Predicate = true> <Delay = 0.00>
ST_44 : Operation 297 [1/1] (0.00ns)   --->   "%screen_tris_n2_z_addr = getelementptr i32 %screen_tris_n2_z, i64 0, i64 %zext_ln309" [top.cpp:309]   --->   Operation 297 'getelementptr' 'screen_tris_n2_z_addr' <Predicate = true> <Delay = 0.00>
ST_44 : Operation 298 [2/2] (1.35ns)   --->   "%x_1 = load i7 %bounds_min_x_addr" [top.cpp:338]   --->   Operation 298 'load' 'x_1' <Predicate = true> <Delay = 1.35> <CoreInst = "RAM">   --->   Core 82 'RAM' <Latency = 1> <II = 1> <Delay = 1.35> <Storage> <Opcode : 'load' 'store'> <Ports = 2> <Width = 15> <Depth = 128> <RAM>
ST_44 : Operation 299 [2/2] (1.35ns)   --->   "%bounds_max_x_load = load i7 %bounds_max_x_addr" [top.cpp:309]   --->   Operation 299 'load' 'bounds_max_x_load' <Predicate = true> <Delay = 1.35> <CoreInst = "RAM">   --->   Core 82 'RAM' <Latency = 1> <II = 1> <Delay = 1.35> <Storage> <Opcode : 'load' 'store'> <Ports = 2> <Width = 16> <Depth = 128> <RAM>
ST_44 : Operation 300 [2/2] (1.35ns)   --->   "%screen_tris_v0_z_load = load i7 %screen_tris_v0_z_addr" [top.cpp:384]   --->   Operation 300 'load' 'screen_tris_v0_z_load' <Predicate = true> <Delay = 1.35> <CoreInst = "RAM">   --->   Core 82 'RAM' <Latency = 1> <II = 1> <Delay = 1.35> <Storage> <Opcode : 'load' 'store'> <Ports = 2> <Width = 32> <Depth = 128> <RAM>
ST_44 : Operation 301 [2/2] (1.35ns)   --->   "%screen_tris_v1_z_load = load i7 %screen_tris_v1_z_addr" [top.cpp:385]   --->   Operation 301 'load' 'screen_tris_v1_z_load' <Predicate = true> <Delay = 1.35> <CoreInst = "RAM">   --->   Core 82 'RAM' <Latency = 1> <II = 1> <Delay = 1.35> <Storage> <Opcode : 'load' 'store'> <Ports = 2> <Width = 32> <Depth = 128> <RAM>
ST_44 : Operation 302 [2/2] (1.35ns)   --->   "%screen_tris_v2_z_load = load i7 %screen_tris_v2_z_addr" [top.cpp:386]   --->   Operation 302 'load' 'screen_tris_v2_z_load' <Predicate = true> <Delay = 1.35> <CoreInst = "RAM">   --->   Core 82 'RAM' <Latency = 1> <II = 1> <Delay = 1.35> <Storage> <Opcode : 'load' 'store'> <Ports = 2> <Width = 32> <Depth = 128> <RAM>
ST_44 : Operation 303 [2/2] (1.35ns)   --->   "%screen_tris_n0_x_load = load i7 %screen_tris_n0_x_addr" [top.cpp:396]   --->   Operation 303 'load' 'screen_tris_n0_x_load' <Predicate = true> <Delay = 1.35> <CoreInst = "RAM">   --->   Core 82 'RAM' <Latency = 1> <II = 1> <Delay = 1.35> <Storage> <Opcode : 'load' 'store'> <Ports = 2> <Width = 32> <Depth = 128> <RAM>
ST_44 : Operation 304 [2/2] (1.35ns)   --->   "%screen_tris_n1_x_load = load i7 %screen_tris_n1_x_addr" [top.cpp:397]   --->   Operation 304 'load' 'screen_tris_n1_x_load' <Predicate = true> <Delay = 1.35> <CoreInst = "RAM">   --->   Core 82 'RAM' <Latency = 1> <II = 1> <Delay = 1.35> <Storage> <Opcode : 'load' 'store'> <Ports = 2> <Width = 32> <Depth = 128> <RAM>
ST_44 : Operation 305 [2/2] (1.35ns)   --->   "%screen_tris_n2_x_load = load i7 %screen_tris_n2_x_addr" [top.cpp:398]   --->   Operation 305 'load' 'screen_tris_n2_x_load' <Predicate = true> <Delay = 1.35> <CoreInst = "RAM">   --->   Core 82 'RAM' <Latency = 1> <II = 1> <Delay = 1.35> <Storage> <Opcode : 'load' 'store'> <Ports = 2> <Width = 32> <Depth = 128> <RAM>
ST_44 : Operation 306 [2/2] (1.35ns)   --->   "%screen_tris_n0_y_load = load i7 %screen_tris_n0_y_addr" [top.cpp:404]   --->   Operation 306 'load' 'screen_tris_n0_y_load' <Predicate = true> <Delay = 1.35> <CoreInst = "RAM">   --->   Core 82 'RAM' <Latency = 1> <II = 1> <Delay = 1.35> <Storage> <Opcode : 'load' 'store'> <Ports = 2> <Width = 32> <Depth = 128> <RAM>
ST_44 : Operation 307 [2/2] (1.35ns)   --->   "%screen_tris_n1_y_load = load i7 %screen_tris_n1_y_addr" [top.cpp:405]   --->   Operation 307 'load' 'screen_tris_n1_y_load' <Predicate = true> <Delay = 1.35> <CoreInst = "RAM">   --->   Core 82 'RAM' <Latency = 1> <II = 1> <Delay = 1.35> <Storage> <Opcode : 'load' 'store'> <Ports = 2> <Width = 32> <Depth = 128> <RAM>
ST_44 : Operation 308 [2/2] (1.35ns)   --->   "%screen_tris_n2_y_load = load i7 %screen_tris_n2_y_addr" [top.cpp:406]   --->   Operation 308 'load' 'screen_tris_n2_y_load' <Predicate = true> <Delay = 1.35> <CoreInst = "RAM">   --->   Core 82 'RAM' <Latency = 1> <II = 1> <Delay = 1.35> <Storage> <Opcode : 'load' 'store'> <Ports = 2> <Width = 32> <Depth = 128> <RAM>
ST_44 : Operation 309 [2/2] (1.35ns)   --->   "%screen_tris_n0_z_load = load i7 %screen_tris_n0_z_addr" [top.cpp:412]   --->   Operation 309 'load' 'screen_tris_n0_z_load' <Predicate = true> <Delay = 1.35> <CoreInst = "RAM">   --->   Core 82 'RAM' <Latency = 1> <II = 1> <Delay = 1.35> <Storage> <Opcode : 'load' 'store'> <Ports = 2> <Width = 32> <Depth = 128> <RAM>
ST_44 : Operation 310 [2/2] (1.35ns)   --->   "%screen_tris_n1_z_load = load i7 %screen_tris_n1_z_addr" [top.cpp:413]   --->   Operation 310 'load' 'screen_tris_n1_z_load' <Predicate = true> <Delay = 1.35> <CoreInst = "RAM">   --->   Core 82 'RAM' <Latency = 1> <II = 1> <Delay = 1.35> <Storage> <Opcode : 'load' 'store'> <Ports = 2> <Width = 32> <Depth = 128> <RAM>
ST_44 : Operation 311 [2/2] (1.35ns)   --->   "%screen_tris_n2_z_load = load i7 %screen_tris_n2_z_addr" [top.cpp:414]   --->   Operation 311 'load' 'screen_tris_n2_z_load' <Predicate = true> <Delay = 1.35> <CoreInst = "RAM">   --->   Core 82 'RAM' <Latency = 1> <II = 1> <Delay = 1.35> <Storage> <Opcode : 'load' 'store'> <Ports = 2> <Width = 32> <Depth = 128> <RAM>

State 45 <SV = 43> <Delay = 3.18>
ST_45 : Operation 312 [1/38] (1.70ns)   --->   "%sdiv_ln336 = sdiv i34 4294967296, i34 %sext_ln336" [top.cpp:336]   --->   Operation 312 'sdiv' 'sdiv_ln336' <Predicate = true> <Delay = 1.70> <CoreInst = "DivnS_SEQ">   --->   Core 7 'DivnS_SEQ' <Latency = 37> <II = 34> <Delay = 1.70> <FuncUnit> <Opcode : 'udiv' 'sdiv' 'urem' 'srem'> <InPorts = 2> <OutPorts = 1>
ST_45 : Operation 313 [1/1] (0.00ns)   --->   "%tmp_55 = bitselect i1 @_ssdm_op_BitSelect.i1.i34.i32, i34 %sdiv_ln336, i32 33" [top.cpp:336]   --->   Operation 313 'bitselect' 'tmp_55' <Predicate = true> <Delay = 0.00>
ST_45 : Operation 314 [1/1] (0.00ns) (grouped into LUT with out node inv_area_1)   --->   "%inv_area = trunc i34 %sdiv_ln336" [top.cpp:336]   --->   Operation 314 'trunc' 'inv_area' <Predicate = true> <Delay = 0.00>
ST_45 : Operation 315 [1/1] (0.00ns)   --->   "%tmp_56 = bitselect i1 @_ssdm_op_BitSelect.i1.i34.i32, i34 %sdiv_ln336, i32 31" [top.cpp:336]   --->   Operation 315 'bitselect' 'tmp_56' <Predicate = true> <Delay = 0.00>
ST_45 : Operation 316 [1/1] (0.00ns)   --->   "%tmp_1 = partselect i2 @_ssdm_op_PartSelect.i2.i34.i32.i32, i34 %sdiv_ln336, i32 32, i32 33" [top.cpp:336]   --->   Operation 316 'partselect' 'tmp_1' <Predicate = true> <Delay = 0.00>
ST_45 : Operation 317 [1/1] (0.62ns)   --->   "%icmp_ln336 = icmp_ne  i2 %tmp_1, i2 3" [top.cpp:336]   --->   Operation 317 'icmp' 'icmp_ln336' <Predicate = true> <Delay = 0.62> <CoreInst = "Cmp">   --->   Core 9 'Cmp' <Latency = 0> <II = 1> <Delay = 0.62> <FuncUnit> <Opcode : 'seteq' 'setne' 'setle' 'setge' 'setlt' 'setgt'> <InPorts = 2> <OutPorts = 1>
ST_45 : Operation 318 [1/1] (0.62ns)   --->   "%icmp_ln336_1 = icmp_ne  i2 %tmp_1, i2 0" [top.cpp:336]   --->   Operation 318 'icmp' 'icmp_ln336_1' <Predicate = true> <Delay = 0.62> <CoreInst = "Cmp">   --->   Core 9 'Cmp' <Latency = 0> <II = 1> <Delay = 0.62> <FuncUnit> <Opcode : 'seteq' 'setne' 'setle' 'setge' 'setlt' 'setgt'> <InPorts = 2> <OutPorts = 1>
ST_45 : Operation 319 [1/1] (0.00ns) (grouped into LUT with out node and_ln336)   --->   "%or_ln336 = or i1 %tmp_56, i1 %icmp_ln336_1" [top.cpp:336]   --->   Operation 319 'or' 'or_ln336' <Predicate = true> <Delay = 0.00> <CoreInst = "LogicGate">   --->   Core 74 'LogicGate' <Latency = 0> <II = 1> <Delay = 0.33> <FuncUnit> <Opcode : 'and' 'or' 'xor'> <InPorts = 2> <OutPorts = 1>
ST_45 : Operation 320 [1/1] (0.00ns) (grouped into LUT with out node and_ln336)   --->   "%xor_ln336 = xor i1 %tmp_55, i1 1" [top.cpp:336]   --->   Operation 320 'xor' 'xor_ln336' <Predicate = true> <Delay = 0.00> <CoreInst = "LogicGate">   --->   Core 74 'LogicGate' <Latency = 0> <II = 1> <Delay = 0.33> <FuncUnit> <Opcode : 'and' 'or' 'xor'> <InPorts = 2> <OutPorts = 1>
ST_45 : Operation 321 [1/1] (0.33ns) (out node of the LUT)   --->   "%and_ln336 = and i1 %or_ln336, i1 %xor_ln336" [top.cpp:336]   --->   Operation 321 'and' 'and_ln336' <Predicate = true> <Delay = 0.33> <CoreInst = "LogicGate">   --->   Core 74 'LogicGate' <Latency = 0> <II = 1> <Delay = 0.33> <FuncUnit> <Opcode : 'and' 'or' 'xor'> <InPorts = 2> <OutPorts = 1>
ST_45 : Operation 322 [1/1] (0.00ns) (grouped into LUT with out node inv_area_1)   --->   "%xor_ln336_1 = xor i1 %tmp_56, i1 1" [top.cpp:336]   --->   Operation 322 'xor' 'xor_ln336_1' <Predicate = true> <Delay = 0.00> <CoreInst = "LogicGate">   --->   Core 74 'LogicGate' <Latency = 0> <II = 1> <Delay = 0.33> <FuncUnit> <Opcode : 'and' 'or' 'xor'> <InPorts = 2> <OutPorts = 1>
ST_45 : Operation 323 [1/1] (0.00ns) (grouped into LUT with out node inv_area_1)   --->   "%or_ln336_1 = or i1 %icmp_ln336, i1 %xor_ln336_1" [top.cpp:336]   --->   Operation 323 'or' 'or_ln336_1' <Predicate = true> <Delay = 0.00> <CoreInst = "LogicGate">   --->   Core 74 'LogicGate' <Latency = 0> <II = 1> <Delay = 0.33> <FuncUnit> <Opcode : 'and' 'or' 'xor'> <InPorts = 2> <OutPorts = 1>
ST_45 : Operation 324 [1/1] (0.00ns) (grouped into LUT with out node inv_area_1)   --->   "%and_ln336_1 = and i1 %or_ln336_1, i1 %tmp_55" [top.cpp:336]   --->   Operation 324 'and' 'and_ln336_1' <Predicate = true> <Delay = 0.00> <CoreInst = "LogicGate">   --->   Core 74 'LogicGate' <Latency = 0> <II = 1> <Delay = 0.33> <FuncUnit> <Opcode : 'and' 'or' 'xor'> <InPorts = 2> <OutPorts = 1>
ST_45 : Operation 325 [1/1] (0.00ns) (grouped into LUT with out node inv_area_1)   --->   "%select_ln336 = select i1 %and_ln336, i32 2147483647, i32 2147483648" [top.cpp:336]   --->   Operation 325 'select' 'select_ln336' <Predicate = true> <Delay = 0.00> <CoreInst = "Sel">   --->   Core 73 'Sel' <Latency = 0> <II = 1> <Delay = 0.52> <FuncUnit> <Opcode : 'select'> <InPorts = 3> <OutPorts = 1>
ST_45 : Operation 326 [1/1] (0.00ns) (grouped into LUT with out node inv_area_1)   --->   "%or_ln336_2 = or i1 %and_ln336, i1 %and_ln336_1" [top.cpp:336]   --->   Operation 326 'or' 'or_ln336_2' <Predicate = true> <Delay = 0.00> <CoreInst = "LogicGate">   --->   Core 74 'LogicGate' <Latency = 0> <II = 1> <Delay = 0.33> <FuncUnit> <Opcode : 'and' 'or' 'xor'> <InPorts = 2> <OutPorts = 1>
ST_45 : Operation 327 [1/1] (0.52ns) (out node of the LUT)   --->   "%inv_area_1 = select i1 %or_ln336_2, i32 %select_ln336, i32 %inv_area" [top.cpp:336]   --->   Operation 327 'select' 'inv_area_1' <Predicate = true> <Delay = 0.52> <CoreInst = "Sel">   --->   Core 73 'Sel' <Latency = 0> <II = 1> <Delay = 0.52> <FuncUnit> <Opcode : 'select'> <InPorts = 3> <OutPorts = 1>
ST_45 : Operation 328 [1/2] ( I:1.35ns O:1.35ns )   --->   "%y_4 = load i7 %bounds_min_y_addr" [top.cpp:338]   --->   Operation 328 'load' 'y_4' <Predicate = true> <Delay = 1.35> <CoreInst = "RAM">   --->   Core 82 'RAM' <Latency = 1> <II = 1> <Delay = 1.35> <Storage> <Opcode : 'load' 'store'> <Ports = 2> <Width = 15> <Depth = 128> <RAM>
ST_45 : Operation 329 [1/2] ( I:1.35ns O:1.35ns )   --->   "%bounds_max_y_load = load i7 %bounds_max_y_addr" [top.cpp:309]   --->   Operation 329 'load' 'bounds_max_y_load' <Predicate = true> <Delay = 1.35> <CoreInst = "RAM">   --->   Core 82 'RAM' <Latency = 1> <II = 1> <Delay = 1.35> <Storage> <Opcode : 'load' 'store'> <Ports = 2> <Width = 16> <Depth = 128> <RAM>
ST_45 : Operation 330 [1/1] (0.00ns)   --->   "%conv7_i4515 = sext i32 %inv_area_1" [top.cpp:336]   --->   Operation 330 'sext' 'conv7_i4515' <Predicate = true> <Delay = 0.00>
ST_45 : Operation 331 [1/2] ( I:1.35ns O:1.35ns )   --->   "%x_1 = load i7 %bounds_min_x_addr" [top.cpp:338]   --->   Operation 331 'load' 'x_1' <Predicate = true> <Delay = 1.35> <CoreInst = "RAM">   --->   Core 82 'RAM' <Latency = 1> <II = 1> <Delay = 1.35> <Storage> <Opcode : 'load' 'store'> <Ports = 2> <Width = 15> <Depth = 128> <RAM>
ST_45 : Operation 332 [1/2] ( I:1.35ns O:1.35ns )   --->   "%bounds_max_x_load = load i7 %bounds_max_x_addr" [top.cpp:309]   --->   Operation 332 'load' 'bounds_max_x_load' <Predicate = true> <Delay = 1.35> <CoreInst = "RAM">   --->   Core 82 'RAM' <Latency = 1> <II = 1> <Delay = 1.35> <Storage> <Opcode : 'load' 'store'> <Ports = 2> <Width = 16> <Depth = 128> <RAM>
ST_45 : Operation 333 [1/1] (0.00ns)   --->   "%zext_ln338 = zext i15 %x_1" [top.cpp:338]   --->   Operation 333 'zext' 'zext_ln338' <Predicate = true> <Delay = 0.00>
ST_45 : Operation 334 [1/1] (0.00ns)   --->   "%sext_ln338 = sext i16 %bounds_max_x_load" [top.cpp:338]   --->   Operation 334 'sext' 'sext_ln338' <Predicate = true> <Delay = 0.00>
ST_45 : Operation 335 [1/1] (0.00ns)   --->   "%zext_ln338_1 = zext i15 %y_4" [top.cpp:338]   --->   Operation 335 'zext' 'zext_ln338_1' <Predicate = true> <Delay = 0.00>
ST_45 : Operation 336 [1/1] (0.00ns)   --->   "%sext_ln338_1 = sext i16 %bounds_max_y_load" [top.cpp:338]   --->   Operation 336 'sext' 'sext_ln338_1' <Predicate = true> <Delay = 0.00>
ST_45 : Operation 337 [1/2] ( I:1.35ns O:1.35ns )   --->   "%screen_tris_v0_z_load = load i7 %screen_tris_v0_z_addr" [top.cpp:384]   --->   Operation 337 'load' 'screen_tris_v0_z_load' <Predicate = true> <Delay = 1.35> <CoreInst = "RAM">   --->   Core 82 'RAM' <Latency = 1> <II = 1> <Delay = 1.35> <Storage> <Opcode : 'load' 'store'> <Ports = 2> <Width = 32> <Depth = 128> <RAM>
ST_45 : Operation 338 [1/1] (0.00ns)   --->   "%sext_ln385_2 = sext i32 %screen_tris_v0_z_load" [top.cpp:385]   --->   Operation 338 'sext' 'sext_ln385_2' <Predicate = true> <Delay = 0.00>
ST_45 : Operation 339 [1/2] ( I:1.35ns O:1.35ns )   --->   "%screen_tris_v1_z_load = load i7 %screen_tris_v1_z_addr" [top.cpp:385]   --->   Operation 339 'load' 'screen_tris_v1_z_load' <Predicate = true> <Delay = 1.35> <CoreInst = "RAM">   --->   Core 82 'RAM' <Latency = 1> <II = 1> <Delay = 1.35> <Storage> <Opcode : 'load' 'store'> <Ports = 2> <Width = 32> <Depth = 128> <RAM>
ST_45 : Operation 340 [1/1] (0.00ns)   --->   "%sext_ln385 = sext i32 %screen_tris_v1_z_load" [top.cpp:385]   --->   Operation 340 'sext' 'sext_ln385' <Predicate = true> <Delay = 0.00>
ST_45 : Operation 341 [1/2] ( I:1.35ns O:1.35ns )   --->   "%screen_tris_v2_z_load = load i7 %screen_tris_v2_z_addr" [top.cpp:386]   --->   Operation 341 'load' 'screen_tris_v2_z_load' <Predicate = true> <Delay = 1.35> <CoreInst = "RAM">   --->   Core 82 'RAM' <Latency = 1> <II = 1> <Delay = 1.35> <Storage> <Opcode : 'load' 'store'> <Ports = 2> <Width = 32> <Depth = 128> <RAM>
ST_45 : Operation 342 [1/1] (0.00ns)   --->   "%sext_ln386 = sext i32 %screen_tris_v2_z_load" [top.cpp:386]   --->   Operation 342 'sext' 'sext_ln386' <Predicate = true> <Delay = 0.00>
ST_45 : Operation 343 [1/2] ( I:1.35ns O:1.35ns )   --->   "%screen_tris_n0_x_load = load i7 %screen_tris_n0_x_addr" [top.cpp:396]   --->   Operation 343 'load' 'screen_tris_n0_x_load' <Predicate = true> <Delay = 1.35> <CoreInst = "RAM">   --->   Core 82 'RAM' <Latency = 1> <II = 1> <Delay = 1.35> <Storage> <Opcode : 'load' 'store'> <Ports = 2> <Width = 32> <Depth = 128> <RAM>
ST_45 : Operation 344 [1/1] (0.00ns)   --->   "%sext_ln397_1 = sext i32 %screen_tris_n0_x_load" [top.cpp:397]   --->   Operation 344 'sext' 'sext_ln397_1' <Predicate = true> <Delay = 0.00>
ST_45 : Operation 345 [1/2] ( I:1.35ns O:1.35ns )   --->   "%screen_tris_n1_x_load = load i7 %screen_tris_n1_x_addr" [top.cpp:397]   --->   Operation 345 'load' 'screen_tris_n1_x_load' <Predicate = true> <Delay = 1.35> <CoreInst = "RAM">   --->   Core 82 'RAM' <Latency = 1> <II = 1> <Delay = 1.35> <Storage> <Opcode : 'load' 'store'> <Ports = 2> <Width = 32> <Depth = 128> <RAM>
ST_45 : Operation 346 [1/1] (0.00ns)   --->   "%sext_ln397 = sext i32 %screen_tris_n1_x_load" [top.cpp:397]   --->   Operation 346 'sext' 'sext_ln397' <Predicate = true> <Delay = 0.00>
ST_45 : Operation 347 [1/2] ( I:1.35ns O:1.35ns )   --->   "%screen_tris_n2_x_load = load i7 %screen_tris_n2_x_addr" [top.cpp:398]   --->   Operation 347 'load' 'screen_tris_n2_x_load' <Predicate = true> <Delay = 1.35> <CoreInst = "RAM">   --->   Core 82 'RAM' <Latency = 1> <II = 1> <Delay = 1.35> <Storage> <Opcode : 'load' 'store'> <Ports = 2> <Width = 32> <Depth = 128> <RAM>
ST_45 : Operation 348 [1/1] (0.00ns)   --->   "%sext_ln398 = sext i32 %screen_tris_n2_x_load" [top.cpp:398]   --->   Operation 348 'sext' 'sext_ln398' <Predicate = true> <Delay = 0.00>
ST_45 : Operation 349 [1/2] ( I:1.35ns O:1.35ns )   --->   "%screen_tris_n0_y_load = load i7 %screen_tris_n0_y_addr" [top.cpp:404]   --->   Operation 349 'load' 'screen_tris_n0_y_load' <Predicate = true> <Delay = 1.35> <CoreInst = "RAM">   --->   Core 82 'RAM' <Latency = 1> <II = 1> <Delay = 1.35> <Storage> <Opcode : 'load' 'store'> <Ports = 2> <Width = 32> <Depth = 128> <RAM>
ST_45 : Operation 350 [1/1] (0.00ns)   --->   "%sext_ln405_1 = sext i32 %screen_tris_n0_y_load" [top.cpp:405]   --->   Operation 350 'sext' 'sext_ln405_1' <Predicate = true> <Delay = 0.00>
ST_45 : Operation 351 [1/2] ( I:1.35ns O:1.35ns )   --->   "%screen_tris_n1_y_load = load i7 %screen_tris_n1_y_addr" [top.cpp:405]   --->   Operation 351 'load' 'screen_tris_n1_y_load' <Predicate = true> <Delay = 1.35> <CoreInst = "RAM">   --->   Core 82 'RAM' <Latency = 1> <II = 1> <Delay = 1.35> <Storage> <Opcode : 'load' 'store'> <Ports = 2> <Width = 32> <Depth = 128> <RAM>
ST_45 : Operation 352 [1/1] (0.00ns)   --->   "%sext_ln405 = sext i32 %screen_tris_n1_y_load" [top.cpp:405]   --->   Operation 352 'sext' 'sext_ln405' <Predicate = true> <Delay = 0.00>
ST_45 : Operation 353 [1/2] ( I:1.35ns O:1.35ns )   --->   "%screen_tris_n2_y_load = load i7 %screen_tris_n2_y_addr" [top.cpp:406]   --->   Operation 353 'load' 'screen_tris_n2_y_load' <Predicate = true> <Delay = 1.35> <CoreInst = "RAM">   --->   Core 82 'RAM' <Latency = 1> <II = 1> <Delay = 1.35> <Storage> <Opcode : 'load' 'store'> <Ports = 2> <Width = 32> <Depth = 128> <RAM>
ST_45 : Operation 354 [1/1] (0.00ns)   --->   "%sext_ln406 = sext i32 %screen_tris_n2_y_load" [top.cpp:406]   --->   Operation 354 'sext' 'sext_ln406' <Predicate = true> <Delay = 0.00>
ST_45 : Operation 355 [1/2] ( I:1.35ns O:1.35ns )   --->   "%screen_tris_n0_z_load = load i7 %screen_tris_n0_z_addr" [top.cpp:412]   --->   Operation 355 'load' 'screen_tris_n0_z_load' <Predicate = true> <Delay = 1.35> <CoreInst = "RAM">   --->   Core 82 'RAM' <Latency = 1> <II = 1> <Delay = 1.35> <Storage> <Opcode : 'load' 'store'> <Ports = 2> <Width = 32> <Depth = 128> <RAM>
ST_45 : Operation 356 [1/1] (0.00ns)   --->   "%sext_ln413_1 = sext i32 %screen_tris_n0_z_load" [top.cpp:413]   --->   Operation 356 'sext' 'sext_ln413_1' <Predicate = true> <Delay = 0.00>
ST_45 : Operation 357 [1/2] ( I:1.35ns O:1.35ns )   --->   "%screen_tris_n1_z_load = load i7 %screen_tris_n1_z_addr" [top.cpp:413]   --->   Operation 357 'load' 'screen_tris_n1_z_load' <Predicate = true> <Delay = 1.35> <CoreInst = "RAM">   --->   Core 82 'RAM' <Latency = 1> <II = 1> <Delay = 1.35> <Storage> <Opcode : 'load' 'store'> <Ports = 2> <Width = 32> <Depth = 128> <RAM>
ST_45 : Operation 358 [1/1] (0.00ns)   --->   "%sext_ln413 = sext i32 %screen_tris_n1_z_load" [top.cpp:413]   --->   Operation 358 'sext' 'sext_ln413' <Predicate = true> <Delay = 0.00>
ST_45 : Operation 359 [1/2] ( I:1.35ns O:1.35ns )   --->   "%screen_tris_n2_z_load = load i7 %screen_tris_n2_z_addr" [top.cpp:414]   --->   Operation 359 'load' 'screen_tris_n2_z_load' <Predicate = true> <Delay = 1.35> <CoreInst = "RAM">   --->   Core 82 'RAM' <Latency = 1> <II = 1> <Delay = 1.35> <Storage> <Opcode : 'load' 'store'> <Ports = 2> <Width = 32> <Depth = 128> <RAM>
ST_45 : Operation 360 [1/1] (0.00ns)   --->   "%sext_ln414 = sext i32 %screen_tris_n2_z_load" [top.cpp:414]   --->   Operation 360 'sext' 'sext_ln414' <Predicate = true> <Delay = 0.00>
ST_45 : Operation 361 [1/1] (0.48ns)   --->   "%br_ln338 = br void %VITIS_LOOP_339_5" [top.cpp:338]   --->   Operation 361 'br' 'br_ln338' <Predicate = true> <Delay = 0.48>

State 46 <SV = 44> <Delay = 4.80>
ST_46 : Operation 362 [1/1] (0.00ns)   --->   "%y_2 = phi i64 %zext_ln338_1, void %_ZNK13ap_fixed_baseILi32ELi16ELb1EL9ap_q_mode0EL9ap_o_mode0ELi0EEdvILi32ELi16ELb1ELS0_0ELS1_0ELi0EEENS2_5RTypeIXT_EXT0_EXT1_EE3divERKS_IXT_EXT0_EXT1_EXT2_EXT3_EXT4_EE.exit, i64 %add_ln338, void %for.inc224" [top.cpp:338]   --->   Operation 362 'phi' 'y_2' <Predicate = (screen_tris_is_active_load & !icmp_ln332)> <Delay = 0.00>
ST_46 : Operation 363 [1/1] (0.00ns)   --->   "%trunc_ln392 = trunc i64 %y_2" [top.cpp:392]   --->   Operation 363 'trunc' 'trunc_ln392' <Predicate = (screen_tris_is_active_load & !icmp_ln332)> <Delay = 0.00>
ST_46 : Operation 364 [1/1] (0.00ns)   --->   "%tmp_57 = bitconcatenate i12 @_ssdm_op_BitConcatenate.i12.i6.i6, i6 %trunc_ln392, i6 0" [top.cpp:392]   --->   Operation 364 'bitconcatenate' 'tmp_57' <Predicate = (screen_tris_is_active_load & !icmp_ln332)> <Delay = 0.00>
ST_46 : Operation 365 [1/1] (1.47ns)   --->   "%icmp_ln338 = icmp_sgt  i64 %y_2, i64 %sext_ln338_1" [top.cpp:338]   --->   Operation 365 'icmp' 'icmp_ln338' <Predicate = (screen_tris_is_active_load & !icmp_ln332)> <Delay = 1.47> <CoreInst = "Cmp">   --->   Core 9 'Cmp' <Latency = 0> <II = 1> <Delay = 1.47> <FuncUnit> <Opcode : 'seteq' 'setne' 'setle' 'setge' 'setlt' 'setgt'> <InPorts = 2> <OutPorts = 1>
ST_46 : Operation 366 [1/1] (0.00ns)   --->   "%br_ln338 = br i1 %icmp_ln338, void %VITIS_LOOP_339_5.split, void %cleanup.loopexit" [top.cpp:338]   --->   Operation 366 'br' 'br_ln338' <Predicate = (screen_tris_is_active_load & !icmp_ln332)> <Delay = 0.00>
ST_46 : Operation 367 [1/1] (0.00ns)   --->   "%specloopname_ln338 = specloopname void @_ssdm_op_SpecLoopName, void @empty_22" [top.cpp:338]   --->   Operation 367 'specloopname' 'specloopname_ln338' <Predicate = (screen_tris_is_active_load & !icmp_ln332 & !icmp_ln338)> <Delay = 0.00>
ST_46 : Operation 368 [1/1] (0.00ns) (grouped into LUT with out node add_i5370)   --->   "%empty = trunc i64 %y_2" [top.cpp:338]   --->   Operation 368 'trunc' 'empty' <Predicate = (screen_tris_is_active_load & !icmp_ln332 & !icmp_ln338)> <Delay = 0.00>
ST_46 : Operation 369 [1/1] (0.00ns) (grouped into LUT with out node add_i5370)   --->   "%shl_i_i_i = bitconcatenate i32 @_ssdm_op_BitConcatenate.i32.i16.i16, i16 %empty, i16 0" [top.cpp:338]   --->   Operation 369 'bitconcatenate' 'shl_i_i_i' <Predicate = (screen_tris_is_active_load & !icmp_ln332 & !icmp_ln338)> <Delay = 0.00>
ST_46 : Operation 370 [1/1] (0.00ns)   --->   "%tmp_59 = bitselect i1 @_ssdm_op_BitSelect.i1.i64.i32, i64 %y_2, i32 31" [top.cpp:342]   --->   Operation 370 'bitselect' 'tmp_59' <Predicate = (screen_tris_is_active_load & !icmp_ln332 & !icmp_ln338)> <Delay = 0.00>
ST_46 : Operation 371 [1/1] (0.00ns)   --->   "%tmp_60 = bitselect i1 @_ssdm_op_BitSelect.i1.i64.i32, i64 %y_2, i32 15" [top.cpp:342]   --->   Operation 371 'bitselect' 'tmp_60' <Predicate = (screen_tris_is_active_load & !icmp_ln332 & !icmp_ln338)> <Delay = 0.00>
ST_46 : Operation 372 [1/1] (0.00ns)   --->   "%tmp_6 = partselect i16 @_ssdm_op_PartSelect.i16.i64.i32.i32, i64 %y_2, i32 16, i32 31" [top.cpp:342]   --->   Operation 372 'partselect' 'tmp_6' <Predicate = (screen_tris_is_active_load & !icmp_ln332 & !icmp_ln338)> <Delay = 0.00>
ST_46 : Operation 373 [1/1] (1.01ns)   --->   "%cmp_i13_i_i_i5487 = icmp_ne  i16 %tmp_6, i16 65535" [top.cpp:342]   --->   Operation 373 'icmp' 'cmp_i13_i_i_i5487' <Predicate = (screen_tris_is_active_load & !icmp_ln332 & !icmp_ln338)> <Delay = 1.01> <CoreInst = "Cmp">   --->   Core 9 'Cmp' <Latency = 0> <II = 1> <Delay = 1.01> <FuncUnit> <Opcode : 'seteq' 'setne' 'setle' 'setge' 'setlt' 'setgt'> <InPorts = 2> <OutPorts = 1>
ST_46 : Operation 374 [1/1] (1.01ns)   --->   "%tobool35_i_i_i5489 = icmp_ne  i16 %tmp_6, i16 0" [top.cpp:342]   --->   Operation 374 'icmp' 'tobool35_i_i_i5489' <Predicate = (screen_tris_is_active_load & !icmp_ln332 & !icmp_ln338)> <Delay = 1.01> <CoreInst = "Cmp">   --->   Core 9 'Cmp' <Latency = 0> <II = 1> <Delay = 1.01> <FuncUnit> <Opcode : 'seteq' 'setne' 'setle' 'setge' 'setlt' 'setgt'> <InPorts = 2> <OutPorts = 1>
ST_46 : Operation 375 [1/1] (0.00ns) (grouped into LUT with out node spec_select417)   --->   "%brmerge77 = or i1 %tmp_60, i1 %tobool35_i_i_i5489" [top.cpp:342]   --->   Operation 375 'or' 'brmerge77' <Predicate = (screen_tris_is_active_load & !icmp_ln332 & !icmp_ln338)> <Delay = 0.00> <CoreInst = "LogicGate">   --->   Core 74 'LogicGate' <Latency = 0> <II = 1> <Delay = 0.33> <FuncUnit> <Opcode : 'and' 'or' 'xor'> <InPorts = 2> <OutPorts = 1>
ST_46 : Operation 376 [1/1] (0.00ns) (grouped into LUT with out node spec_select417)   --->   "%lnot51_i_i_i5494 = xor i1 %tmp_59, i1 1" [top.cpp:342]   --->   Operation 376 'xor' 'lnot51_i_i_i5494' <Predicate = (screen_tris_is_active_load & !icmp_ln332 & !icmp_ln338)> <Delay = 0.00> <CoreInst = "LogicGate">   --->   Core 74 'LogicGate' <Latency = 0> <II = 1> <Delay = 0.33> <FuncUnit> <Opcode : 'and' 'or' 'xor'> <InPorts = 2> <OutPorts = 1>
ST_46 : Operation 377 [1/1] (0.33ns) (out node of the LUT)   --->   "%spec_select417 = and i1 %brmerge77, i1 %lnot51_i_i_i5494" [top.cpp:342]   --->   Operation 377 'and' 'spec_select417' <Predicate = (screen_tris_is_active_load & !icmp_ln332 & !icmp_ln338)> <Delay = 0.33> <CoreInst = "LogicGate">   --->   Core 74 'LogicGate' <Latency = 0> <II = 1> <Delay = 0.33> <FuncUnit> <Opcode : 'and' 'or' 'xor'> <InPorts = 2> <OutPorts = 1>
ST_46 : Operation 378 [1/1] (0.00ns) (grouped into LUT with out node add_i5370)   --->   "%p_not78 = xor i1 %tmp_60, i1 1" [top.cpp:342]   --->   Operation 378 'xor' 'p_not78' <Predicate = (screen_tris_is_active_load & !icmp_ln332 & !icmp_ln338)> <Delay = 0.00> <CoreInst = "LogicGate">   --->   Core 74 'LogicGate' <Latency = 0> <II = 1> <Delay = 0.33> <FuncUnit> <Opcode : 'and' 'or' 'xor'> <InPorts = 2> <OutPorts = 1>
ST_46 : Operation 379 [1/1] (0.00ns) (grouped into LUT with out node add_i5370)   --->   "%brmerge79 = or i1 %cmp_i13_i_i_i5487, i1 %p_not78" [top.cpp:342]   --->   Operation 379 'or' 'brmerge79' <Predicate = (screen_tris_is_active_load & !icmp_ln332 & !icmp_ln338)> <Delay = 0.00> <CoreInst = "LogicGate">   --->   Core 74 'LogicGate' <Latency = 0> <II = 1> <Delay = 0.33> <FuncUnit> <Opcode : 'and' 'or' 'xor'> <InPorts = 2> <OutPorts = 1>
ST_46 : Operation 380 [1/1] (0.00ns) (grouped into LUT with out node add_i5370)   --->   "%spec_select521 = and i1 %brmerge79, i1 %tmp_59" [top.cpp:342]   --->   Operation 380 'and' 'spec_select521' <Predicate = (screen_tris_is_active_load & !icmp_ln332 & !icmp_ln338)> <Delay = 0.00> <CoreInst = "LogicGate">   --->   Core 74 'LogicGate' <Latency = 0> <II = 1> <Delay = 0.33> <FuncUnit> <Opcode : 'and' 'or' 'xor'> <InPorts = 2> <OutPorts = 1>
ST_46 : Operation 381 [1/1] (0.00ns) (grouped into LUT with out node add_i5370)   --->   "%spec_select81 = select i1 %spec_select417, i32 2147483647, i32 2147483648" [top.cpp:342]   --->   Operation 381 'select' 'spec_select81' <Predicate = (screen_tris_is_active_load & !icmp_ln332 & !icmp_ln338)> <Delay = 0.00> <CoreInst = "Sel">   --->   Core 73 'Sel' <Latency = 0> <II = 1> <Delay = 0.52> <FuncUnit> <Opcode : 'select'> <InPorts = 3> <OutPorts = 1>
ST_46 : Operation 382 [1/1] (0.00ns) (grouped into LUT with out node add_i5370)   --->   "%empty_41 = or i1 %spec_select417, i1 %spec_select521" [top.cpp:342]   --->   Operation 382 'or' 'empty_41' <Predicate = (screen_tris_is_active_load & !icmp_ln332 & !icmp_ln338)> <Delay = 0.00> <CoreInst = "LogicGate">   --->   Core 74 'LogicGate' <Latency = 0> <II = 1> <Delay = 0.33> <FuncUnit> <Opcode : 'and' 'or' 'xor'> <InPorts = 2> <OutPorts = 1>
ST_46 : Operation 383 [1/1] (0.00ns) (grouped into LUT with out node add_i5370)   --->   "%spec_select418 = select i1 %empty_41, i32 %spec_select81, i32 %shl_i_i_i" [top.cpp:342]   --->   Operation 383 'select' 'spec_select418' <Predicate = (screen_tris_is_active_load & !icmp_ln332 & !icmp_ln338)> <Delay = 0.00> <CoreInst = "Sel">   --->   Core 73 'Sel' <Latency = 0> <II = 1> <Delay = 0.52> <FuncUnit> <Opcode : 'select'> <InPorts = 3> <OutPorts = 1>
ST_46 : Operation 384 [1/1] (0.00ns) (grouped into LUT with out node add_i5370)   --->   "%conv_i_i23_i5352 = sext i32 %spec_select418" [top.cpp:342]   --->   Operation 384 'sext' 'conv_i_i23_i5352' <Predicate = (screen_tris_is_active_load & !icmp_ln332 & !icmp_ln338)> <Delay = 0.00>
ST_46 : Operation 385 [1/1] (1.20ns) (out node of the LUT)   --->   "%add_i5370 = add i33 %conv_i_i23_i5352, i33 32768" [top.cpp:342]   --->   Operation 385 'add' 'add_i5370' <Predicate = (screen_tris_is_active_load & !icmp_ln332 & !icmp_ln338)> <Delay = 1.20> <CoreInst = "Adder">   --->   Core 1 'Adder' <Latency = 0> <II = 1> <Delay = 1.20> <FuncUnit> <Opcode : 'add' 'sub'> <InPorts = 2> <OutPorts = 1>
ST_46 : Operation 386 [1/1] (0.00ns)   --->   "%tmp_61 = bitselect i1 @_ssdm_op_BitSelect.i1.i33.i32, i33 %add_i5370, i32 32" [top.cpp:342]   --->   Operation 386 'bitselect' 'tmp_61' <Predicate = (screen_tris_is_active_load & !icmp_ln332 & !icmp_ln338)> <Delay = 0.00>
ST_46 : Operation 387 [1/1] (0.00ns) (grouped into LUT with out node py_1)   --->   "%py = trunc i33 %add_i5370" [top.cpp:342]   --->   Operation 387 'trunc' 'py' <Predicate = (screen_tris_is_active_load & !icmp_ln332 & !icmp_ln338)> <Delay = 0.00>
ST_46 : Operation 388 [1/1] (0.00ns)   --->   "%tmp_62 = bitselect i1 @_ssdm_op_BitSelect.i1.i33.i32, i33 %add_i5370, i32 31" [top.cpp:342]   --->   Operation 388 'bitselect' 'tmp_62' <Predicate = (screen_tris_is_active_load & !icmp_ln332 & !icmp_ln338)> <Delay = 0.00>
ST_46 : Operation 389 [1/1] (0.00ns) (grouped into LUT with out node py_1)   --->   "%empty_42 = xor i1 %tmp_61, i1 1" [top.cpp:342]   --->   Operation 389 'xor' 'empty_42' <Predicate = (screen_tris_is_active_load & !icmp_ln332 & !icmp_ln338)> <Delay = 0.00> <CoreInst = "LogicGate">   --->   Core 74 'LogicGate' <Latency = 0> <II = 1> <Delay = 0.33> <FuncUnit> <Opcode : 'and' 'or' 'xor'> <InPorts = 2> <OutPorts = 1>
ST_46 : Operation 390 [1/1] (0.00ns) (grouped into LUT with out node py_1)   --->   "%spec_select419 = and i1 %tmp_62, i1 %empty_42" [top.cpp:342]   --->   Operation 390 'and' 'spec_select419' <Predicate = (screen_tris_is_active_load & !icmp_ln332 & !icmp_ln338)> <Delay = 0.00> <CoreInst = "LogicGate">   --->   Core 74 'LogicGate' <Latency = 0> <II = 1> <Delay = 0.33> <FuncUnit> <Opcode : 'and' 'or' 'xor'> <InPorts = 2> <OutPorts = 1>
ST_46 : Operation 391 [1/1] (0.00ns) (grouped into LUT with out node py_1)   --->   "%brmerge87 = xor i1 %tmp_61, i1 %tmp_62" [top.cpp:342]   --->   Operation 391 'xor' 'brmerge87' <Predicate = (screen_tris_is_active_load & !icmp_ln332 & !icmp_ln338)> <Delay = 0.00> <CoreInst = "LogicGate">   --->   Core 74 'LogicGate' <Latency = 0> <II = 1> <Delay = 0.33> <FuncUnit> <Opcode : 'and' 'or' 'xor'> <InPorts = 2> <OutPorts = 1>
ST_46 : Operation 392 [1/1] (0.00ns) (grouped into LUT with out node py_1)   --->   "%spec_select88 = select i1 %spec_select419, i32 2147483647, i32 2147483648" [top.cpp:342]   --->   Operation 392 'select' 'spec_select88' <Predicate = (screen_tris_is_active_load & !icmp_ln332 & !icmp_ln338)> <Delay = 0.00> <CoreInst = "Sel">   --->   Core 73 'Sel' <Latency = 0> <II = 1> <Delay = 0.52> <FuncUnit> <Opcode : 'select'> <InPorts = 3> <OutPorts = 1>
ST_46 : Operation 393 [1/1] (0.52ns) (out node of the LUT)   --->   "%py_1 = select i1 %brmerge87, i32 %spec_select88, i32 %py" [top.cpp:342]   --->   Operation 393 'select' 'py_1' <Predicate = (screen_tris_is_active_load & !icmp_ln332 & !icmp_ln338)> <Delay = 0.52> <CoreInst = "Sel">   --->   Core 73 'Sel' <Latency = 0> <II = 1> <Delay = 0.52> <FuncUnit> <Opcode : 'select'> <InPorts = 3> <OutPorts = 1>
ST_46 : Operation 394 [1/1] (0.00ns)   --->   "%conv_i_i11_i5174 = sext i32 %py_1" [top.cpp:342]   --->   Operation 394 'sext' 'conv_i_i11_i5174' <Predicate = (screen_tris_is_active_load & !icmp_ln332 & !icmp_ln338)> <Delay = 0.00>
ST_46 : Operation 395 [1/1] (1.20ns)   --->   "%sub_i5178 = sub i33 %sext_ln323, i33 %conv_i_i11_i5174" [top.cpp:323]   --->   Operation 395 'sub' 'sub_i5178' <Predicate = (screen_tris_is_active_load & !icmp_ln332 & !icmp_ln338)> <Delay = 1.20> <CoreInst = "Adder">   --->   Core 1 'Adder' <Latency = 0> <II = 1> <Delay = 1.20> <FuncUnit> <Opcode : 'add' 'sub'> <InPorts = 2> <OutPorts = 1>
ST_46 : Operation 396 [1/1] (0.00ns)   --->   "%tmp_63 = bitselect i1 @_ssdm_op_BitSelect.i1.i33.i32, i33 %sub_i5178, i32 32" [top.cpp:346]   --->   Operation 396 'bitselect' 'tmp_63' <Predicate = (screen_tris_is_active_load & !icmp_ln332 & !icmp_ln338)> <Delay = 0.00>
ST_46 : Operation 397 [1/1] (0.00ns) (grouped into LUT with out node w0_dy2_2)   --->   "%w0_dy2 = trunc i33 %sub_i5178" [top.cpp:323]   --->   Operation 397 'trunc' 'w0_dy2' <Predicate = (screen_tris_is_active_load & !icmp_ln332 & !icmp_ln338)> <Delay = 0.00>
ST_46 : Operation 398 [1/1] (0.00ns)   --->   "%tmp_64 = bitselect i1 @_ssdm_op_BitSelect.i1.i33.i32, i33 %sub_i5178, i32 31" [top.cpp:346]   --->   Operation 398 'bitselect' 'tmp_64' <Predicate = (screen_tris_is_active_load & !icmp_ln332 & !icmp_ln338)> <Delay = 0.00>
ST_46 : Operation 399 [1/1] (0.00ns) (grouped into LUT with out node w0_dy2_2)   --->   "%empty_43 = xor i1 %tmp_63, i1 1" [top.cpp:346]   --->   Operation 399 'xor' 'empty_43' <Predicate = (screen_tris_is_active_load & !icmp_ln332 & !icmp_ln338)> <Delay = 0.00> <CoreInst = "LogicGate">   --->   Core 74 'LogicGate' <Latency = 0> <II = 1> <Delay = 0.33> <FuncUnit> <Opcode : 'and' 'or' 'xor'> <InPorts = 2> <OutPorts = 1>
ST_46 : Operation 400 [1/1] (0.00ns) (grouped into LUT with out node w0_dy2_2)   --->   "%spec_select423 = and i1 %tmp_64, i1 %empty_43" [top.cpp:346]   --->   Operation 400 'and' 'spec_select423' <Predicate = (screen_tris_is_active_load & !icmp_ln332 & !icmp_ln338)> <Delay = 0.00> <CoreInst = "LogicGate">   --->   Core 74 'LogicGate' <Latency = 0> <II = 1> <Delay = 0.33> <FuncUnit> <Opcode : 'and' 'or' 'xor'> <InPorts = 2> <OutPorts = 1>
ST_46 : Operation 401 [1/1] (0.00ns) (grouped into LUT with out node w0_dy2_2)   --->   "%brmerge101 = xor i1 %tmp_63, i1 %tmp_64" [top.cpp:346]   --->   Operation 401 'xor' 'brmerge101' <Predicate = (screen_tris_is_active_load & !icmp_ln332 & !icmp_ln338)> <Delay = 0.00> <CoreInst = "LogicGate">   --->   Core 74 'LogicGate' <Latency = 0> <II = 1> <Delay = 0.33> <FuncUnit> <Opcode : 'and' 'or' 'xor'> <InPorts = 2> <OutPorts = 1>
ST_46 : Operation 402 [1/1] (0.00ns) (grouped into LUT with out node w0_dy2_2)   --->   "%spec_select102 = select i1 %spec_select423, i32 2147483647, i32 2147483648" [top.cpp:346]   --->   Operation 402 'select' 'spec_select102' <Predicate = (screen_tris_is_active_load & !icmp_ln332 & !icmp_ln338)> <Delay = 0.00> <CoreInst = "Sel">   --->   Core 73 'Sel' <Latency = 0> <II = 1> <Delay = 0.52> <FuncUnit> <Opcode : 'select'> <InPorts = 3> <OutPorts = 1>
ST_46 : Operation 403 [1/1] (0.52ns) (out node of the LUT)   --->   "%w0_dy2_2 = select i1 %brmerge101, i32 %spec_select102, i32 %w0_dy2" [top.cpp:346]   --->   Operation 403 'select' 'w0_dy2_2' <Predicate = (screen_tris_is_active_load & !icmp_ln332 & !icmp_ln338)> <Delay = 0.52> <CoreInst = "Sel">   --->   Core 73 'Sel' <Latency = 0> <II = 1> <Delay = 0.52> <FuncUnit> <Opcode : 'select'> <InPorts = 3> <OutPorts = 1>
ST_46 : Operation 404 [1/1] (0.00ns)   --->   "%conv7_i5081 = sext i32 %w0_dy2_2" [top.cpp:346]   --->   Operation 404 'sext' 'conv7_i5081' <Predicate = (screen_tris_is_active_load & !icmp_ln332 & !icmp_ln338)> <Delay = 0.00>
ST_46 : Operation 405 [1/1] (1.20ns)   --->   "%sub_i4847 = sub i33 %sext_ln327, i33 %conv_i_i11_i5174" [top.cpp:327]   --->   Operation 405 'sub' 'sub_i4847' <Predicate = (screen_tris_is_active_load & !icmp_ln332 & !icmp_ln338)> <Delay = 1.20> <CoreInst = "Adder">   --->   Core 1 'Adder' <Latency = 0> <II = 1> <Delay = 1.20> <FuncUnit> <Opcode : 'add' 'sub'> <InPorts = 2> <OutPorts = 1>
ST_46 : Operation 406 [1/1] (0.00ns)   --->   "%tmp_65 = bitselect i1 @_ssdm_op_BitSelect.i1.i33.i32, i33 %sub_i4847, i32 32" [top.cpp:350]   --->   Operation 406 'bitselect' 'tmp_65' <Predicate = (screen_tris_is_active_load & !icmp_ln332 & !icmp_ln338)> <Delay = 0.00>
ST_46 : Operation 407 [1/1] (0.00ns) (grouped into LUT with out node w0_dy1_2)   --->   "%w0_dy1 = trunc i33 %sub_i4847" [top.cpp:327]   --->   Operation 407 'trunc' 'w0_dy1' <Predicate = (screen_tris_is_active_load & !icmp_ln332 & !icmp_ln338)> <Delay = 0.00>
ST_46 : Operation 408 [1/1] (0.00ns)   --->   "%tmp_66 = bitselect i1 @_ssdm_op_BitSelect.i1.i33.i32, i33 %sub_i4847, i32 31" [top.cpp:350]   --->   Operation 408 'bitselect' 'tmp_66' <Predicate = (screen_tris_is_active_load & !icmp_ln332 & !icmp_ln338)> <Delay = 0.00>
ST_46 : Operation 409 [1/1] (0.00ns) (grouped into LUT with out node w0_dy1_2)   --->   "%empty_44 = xor i1 %tmp_65, i1 1" [top.cpp:350]   --->   Operation 409 'xor' 'empty_44' <Predicate = (screen_tris_is_active_load & !icmp_ln332 & !icmp_ln338)> <Delay = 0.00> <CoreInst = "LogicGate">   --->   Core 74 'LogicGate' <Latency = 0> <II = 1> <Delay = 0.33> <FuncUnit> <Opcode : 'and' 'or' 'xor'> <InPorts = 2> <OutPorts = 1>
ST_46 : Operation 410 [1/1] (0.00ns) (grouped into LUT with out node w0_dy1_2)   --->   "%spec_select429 = and i1 %tmp_66, i1 %empty_44" [top.cpp:350]   --->   Operation 410 'and' 'spec_select429' <Predicate = (screen_tris_is_active_load & !icmp_ln332 & !icmp_ln338)> <Delay = 0.00> <CoreInst = "LogicGate">   --->   Core 74 'LogicGate' <Latency = 0> <II = 1> <Delay = 0.33> <FuncUnit> <Opcode : 'and' 'or' 'xor'> <InPorts = 2> <OutPorts = 1>
ST_46 : Operation 411 [1/1] (0.00ns) (grouped into LUT with out node w0_dy1_2)   --->   "%brmerge122 = xor i1 %tmp_65, i1 %tmp_66" [top.cpp:350]   --->   Operation 411 'xor' 'brmerge122' <Predicate = (screen_tris_is_active_load & !icmp_ln332 & !icmp_ln338)> <Delay = 0.00> <CoreInst = "LogicGate">   --->   Core 74 'LogicGate' <Latency = 0> <II = 1> <Delay = 0.33> <FuncUnit> <Opcode : 'and' 'or' 'xor'> <InPorts = 2> <OutPorts = 1>
ST_46 : Operation 412 [1/1] (0.00ns) (grouped into LUT with out node w0_dy1_2)   --->   "%spec_select123 = select i1 %spec_select429, i32 2147483647, i32 2147483648" [top.cpp:350]   --->   Operation 412 'select' 'spec_select123' <Predicate = (screen_tris_is_active_load & !icmp_ln332 & !icmp_ln338)> <Delay = 0.00> <CoreInst = "Sel">   --->   Core 73 'Sel' <Latency = 0> <II = 1> <Delay = 0.52> <FuncUnit> <Opcode : 'select'> <InPorts = 3> <OutPorts = 1>
ST_46 : Operation 413 [1/1] (0.52ns) (out node of the LUT)   --->   "%w0_dy1_2 = select i1 %brmerge122, i32 %spec_select123, i32 %w0_dy1" [top.cpp:350]   --->   Operation 413 'select' 'w0_dy1_2' <Predicate = (screen_tris_is_active_load & !icmp_ln332 & !icmp_ln338)> <Delay = 0.52> <CoreInst = "Sel">   --->   Core 73 'Sel' <Latency = 0> <II = 1> <Delay = 0.52> <FuncUnit> <Opcode : 'select'> <InPorts = 3> <OutPorts = 1>
ST_46 : Operation 414 [1/1] (0.00ns)   --->   "%conv7_i4750 = sext i32 %w0_dy1_2" [top.cpp:350]   --->   Operation 414 'sext' 'conv7_i4750' <Predicate = (screen_tris_is_active_load & !icmp_ln332 & !icmp_ln338)> <Delay = 0.00>
ST_46 : Operation 415 [1/1] (1.20ns)   --->   "%sub_i4281 = sub i33 %sext_ln323_1, i33 %conv_i_i11_i5174" [top.cpp:323]   --->   Operation 415 'sub' 'sub_i4281' <Predicate = (screen_tris_is_active_load & !icmp_ln332 & !icmp_ln338)> <Delay = 1.20> <CoreInst = "Adder">   --->   Core 1 'Adder' <Latency = 0> <II = 1> <Delay = 1.20> <FuncUnit> <Opcode : 'add' 'sub'> <InPorts = 2> <OutPorts = 1>
ST_46 : Operation 416 [1/1] (0.00ns)   --->   "%tmp_67 = bitselect i1 @_ssdm_op_BitSelect.i1.i33.i32, i33 %sub_i4281, i32 32" [top.cpp:358]   --->   Operation 416 'bitselect' 'tmp_67' <Predicate = (screen_tris_is_active_load & !icmp_ln332 & !icmp_ln338)> <Delay = 0.00>
ST_46 : Operation 417 [1/1] (0.00ns) (grouped into LUT with out node w1_dy0_2)   --->   "%w1_dy0 = trunc i33 %sub_i4281" [top.cpp:323]   --->   Operation 417 'trunc' 'w1_dy0' <Predicate = (screen_tris_is_active_load & !icmp_ln332 & !icmp_ln338)> <Delay = 0.00>
ST_46 : Operation 418 [1/1] (0.00ns)   --->   "%tmp_70 = bitselect i1 @_ssdm_op_BitSelect.i1.i33.i32, i33 %sub_i4281, i32 31" [top.cpp:358]   --->   Operation 418 'bitselect' 'tmp_70' <Predicate = (screen_tris_is_active_load & !icmp_ln332 & !icmp_ln338)> <Delay = 0.00>
ST_46 : Operation 419 [1/1] (0.00ns) (grouped into LUT with out node w1_dy0_2)   --->   "%empty_45 = xor i1 %tmp_67, i1 1" [top.cpp:358]   --->   Operation 419 'xor' 'empty_45' <Predicate = (screen_tris_is_active_load & !icmp_ln332 & !icmp_ln338)> <Delay = 0.00> <CoreInst = "LogicGate">   --->   Core 74 'LogicGate' <Latency = 0> <II = 1> <Delay = 0.33> <FuncUnit> <Opcode : 'and' 'or' 'xor'> <InPorts = 2> <OutPorts = 1>
ST_46 : Operation 420 [1/1] (0.00ns) (grouped into LUT with out node w1_dy0_2)   --->   "%spec_select439 = and i1 %tmp_70, i1 %empty_45" [top.cpp:358]   --->   Operation 420 'and' 'spec_select439' <Predicate = (screen_tris_is_active_load & !icmp_ln332 & !icmp_ln338)> <Delay = 0.00> <CoreInst = "LogicGate">   --->   Core 74 'LogicGate' <Latency = 0> <II = 1> <Delay = 0.33> <FuncUnit> <Opcode : 'and' 'or' 'xor'> <InPorts = 2> <OutPorts = 1>
ST_46 : Operation 421 [1/1] (0.00ns) (grouped into LUT with out node w1_dy0_2)   --->   "%brmerge157 = xor i1 %tmp_67, i1 %tmp_70" [top.cpp:358]   --->   Operation 421 'xor' 'brmerge157' <Predicate = (screen_tris_is_active_load & !icmp_ln332 & !icmp_ln338)> <Delay = 0.00> <CoreInst = "LogicGate">   --->   Core 74 'LogicGate' <Latency = 0> <II = 1> <Delay = 0.33> <FuncUnit> <Opcode : 'and' 'or' 'xor'> <InPorts = 2> <OutPorts = 1>
ST_46 : Operation 422 [1/1] (0.00ns) (grouped into LUT with out node w1_dy0_2)   --->   "%spec_select158 = select i1 %spec_select439, i32 2147483647, i32 2147483648" [top.cpp:358]   --->   Operation 422 'select' 'spec_select158' <Predicate = (screen_tris_is_active_load & !icmp_ln332 & !icmp_ln338)> <Delay = 0.00> <CoreInst = "Sel">   --->   Core 73 'Sel' <Latency = 0> <II = 1> <Delay = 0.52> <FuncUnit> <Opcode : 'select'> <InPorts = 3> <OutPorts = 1>
ST_46 : Operation 423 [1/1] (0.52ns) (out node of the LUT)   --->   "%w1_dy0_2 = select i1 %brmerge157, i32 %spec_select158, i32 %w1_dy0" [top.cpp:358]   --->   Operation 423 'select' 'w1_dy0_2' <Predicate = (screen_tris_is_active_load & !icmp_ln332 & !icmp_ln338)> <Delay = 0.52> <CoreInst = "Sel">   --->   Core 73 'Sel' <Latency = 0> <II = 1> <Delay = 0.52> <FuncUnit> <Opcode : 'select'> <InPorts = 3> <OutPorts = 1>
ST_46 : Operation 424 [1/1] (0.00ns)   --->   "%conv7_i4184 = sext i32 %w1_dy0_2" [top.cpp:358]   --->   Operation 424 'sext' 'conv7_i4184' <Predicate = (screen_tris_is_active_load & !icmp_ln332 & !icmp_ln338)> <Delay = 0.00>
ST_46 : Operation 425 [1/1] (0.48ns)   --->   "%br_ln339 = br void %for.body82" [top.cpp:339]   --->   Operation 425 'br' 'br_ln339' <Predicate = (screen_tris_is_active_load & !icmp_ln332 & !icmp_ln338)> <Delay = 0.48>
ST_46 : Operation 426 [1/1] (0.00ns)   --->   "%br_ln0 = br void %cleanup"   --->   Operation 426 'br' 'br_ln0' <Predicate = (screen_tris_is_active_load & !icmp_ln332 & icmp_ln338)> <Delay = 0.00>
ST_46 : Operation 427 [1/1] (0.00ns)   --->   "%br_ln0 = br void %for.inc239"   --->   Operation 427 'br' 'br_ln0' <Predicate = (screen_tris_is_active_load & icmp_ln338) | (screen_tris_is_active_load & icmp_ln332)> <Delay = 0.00>
ST_46 : Operation 428 [1/1] (0.48ns)   --->   "%store_ln309 = store i8 %add_ln309, i8 %i" [top.cpp:309]   --->   Operation 428 'store' 'store_ln309' <Predicate = (icmp_ln338) | (icmp_ln332) | (!screen_tris_is_active_load)> <Delay = 0.48>
ST_46 : Operation 429 [1/1] (0.00ns)   --->   "%br_ln309 = br void %for.body30" [top.cpp:309]   --->   Operation 429 'br' 'br_ln309' <Predicate = (icmp_ln338) | (icmp_ln332) | (!screen_tris_is_active_load)> <Delay = 0.00>

State 47 <SV = 45> <Delay = 4.80>
ST_47 : Operation 430 [1/1] (0.00ns)   --->   "%x_2 = phi i64 %zext_ln338, void %VITIS_LOOP_339_5.split, i64 %add_ln339, void %for.inc221" [top.cpp:338]   --->   Operation 430 'phi' 'x_2' <Predicate = true> <Delay = 0.00>
ST_47 : Operation 431 [1/1] (0.00ns)   --->   "%trunc_ln392_1 = trunc i64 %x_2" [top.cpp:392]   --->   Operation 431 'trunc' 'trunc_ln392_1' <Predicate = true> <Delay = 0.00>
ST_47 : Operation 432 [1/1] (0.96ns)   --->   "%add_ln392 = add i12 %tmp_57, i12 %trunc_ln392_1" [top.cpp:392]   --->   Operation 432 'add' 'add_ln392' <Predicate = true> <Delay = 0.96> <CoreInst = "Adder">   --->   Core 1 'Adder' <Latency = 0> <II = 1> <Delay = 0.96> <FuncUnit> <Opcode : 'add' 'sub'> <InPorts = 2> <OutPorts = 1>
ST_47 : Operation 433 [1/1] (0.00ns)   --->   "%zext_ln392 = zext i12 %add_ln392" [top.cpp:392]   --->   Operation 433 'zext' 'zext_ln392' <Predicate = true> <Delay = 0.00>
ST_47 : Operation 434 [1/1] (0.00ns)   --->   "%depth_buffer_addr_1 = getelementptr i32 %depth_buffer, i64 0, i64 %zext_ln392" [top.cpp:392]   --->   Operation 434 'getelementptr' 'depth_buffer_addr_1' <Predicate = true> <Delay = 0.00>
ST_47 : Operation 435 [1/1] (0.00ns)   --->   "%normal_buffer_x_addr_1 = getelementptr i32 %normal_buffer_x, i64 0, i64 %zext_ln392" [top.cpp:401]   --->   Operation 435 'getelementptr' 'normal_buffer_x_addr_1' <Predicate = true> <Delay = 0.00>
ST_47 : Operation 436 [1/1] (0.00ns)   --->   "%normal_buffer_y_addr_1 = getelementptr i32 %normal_buffer_y, i64 0, i64 %zext_ln392" [top.cpp:409]   --->   Operation 436 'getelementptr' 'normal_buffer_y_addr_1' <Predicate = true> <Delay = 0.00>
ST_47 : Operation 437 [1/1] (0.00ns)   --->   "%normal_buffer_z_addr_1 = getelementptr i32 %normal_buffer_z, i64 0, i64 %zext_ln392" [top.cpp:417]   --->   Operation 437 'getelementptr' 'normal_buffer_z_addr_1' <Predicate = true> <Delay = 0.00>
ST_47 : Operation 438 [1/1] (1.47ns)   --->   "%icmp_ln339 = icmp_sgt  i64 %x_2, i64 %sext_ln338" [top.cpp:339]   --->   Operation 438 'icmp' 'icmp_ln339' <Predicate = true> <Delay = 1.47> <CoreInst = "Cmp">   --->   Core 9 'Cmp' <Latency = 0> <II = 1> <Delay = 1.47> <FuncUnit> <Opcode : 'seteq' 'setne' 'setle' 'setge' 'setlt' 'setgt'> <InPorts = 2> <OutPorts = 1>
ST_47 : Operation 439 [1/1] (0.00ns)   --->   "%br_ln339 = br i1 %icmp_ln339, void %for.body82.split, void %for.inc224" [top.cpp:339]   --->   Operation 439 'br' 'br_ln339' <Predicate = true> <Delay = 0.00>
ST_47 : Operation 440 [1/1] (0.00ns)   --->   "%tmp_71 = bitselect i1 @_ssdm_op_BitSelect.i1.i64.i32, i64 %x_2, i32 31" [top.cpp:341]   --->   Operation 440 'bitselect' 'tmp_71' <Predicate = (!icmp_ln339)> <Delay = 0.00>
ST_47 : Operation 441 [1/1] (0.00ns) (grouped into LUT with out node add_ln341)   --->   "%trunc_ln341 = trunc i64 %x_2" [top.cpp:341]   --->   Operation 441 'trunc' 'trunc_ln341' <Predicate = (!icmp_ln339)> <Delay = 0.00>
ST_47 : Operation 442 [1/1] (0.00ns) (grouped into LUT with out node add_ln341)   --->   "%shl_ln = bitconcatenate i32 @_ssdm_op_BitConcatenate.i32.i16.i16, i16 %trunc_ln341, i16 0" [top.cpp:341]   --->   Operation 442 'bitconcatenate' 'shl_ln' <Predicate = (!icmp_ln339)> <Delay = 0.00>
ST_47 : Operation 443 [1/1] (0.00ns)   --->   "%tmp_72 = bitselect i1 @_ssdm_op_BitSelect.i1.i64.i32, i64 %x_2, i32 15" [top.cpp:341]   --->   Operation 443 'bitselect' 'tmp_72' <Predicate = (!icmp_ln339)> <Delay = 0.00>
ST_47 : Operation 444 [1/1] (0.00ns)   --->   "%tmp_7 = partselect i16 @_ssdm_op_PartSelect.i16.i64.i32.i32, i64 %x_2, i32 16, i32 31" [top.cpp:341]   --->   Operation 444 'partselect' 'tmp_7' <Predicate = (!icmp_ln339)> <Delay = 0.00>
ST_47 : Operation 445 [1/1] (1.01ns)   --->   "%icmp_ln341 = icmp_ne  i16 %tmp_7, i16 65535" [top.cpp:341]   --->   Operation 445 'icmp' 'icmp_ln341' <Predicate = (!icmp_ln339)> <Delay = 1.01> <CoreInst = "Cmp">   --->   Core 9 'Cmp' <Latency = 0> <II = 1> <Delay = 1.01> <FuncUnit> <Opcode : 'seteq' 'setne' 'setle' 'setge' 'setlt' 'setgt'> <InPorts = 2> <OutPorts = 1>
ST_47 : Operation 446 [1/1] (1.01ns)   --->   "%icmp_ln341_1 = icmp_ne  i16 %tmp_7, i16 0" [top.cpp:341]   --->   Operation 446 'icmp' 'icmp_ln341_1' <Predicate = (!icmp_ln339)> <Delay = 1.01> <CoreInst = "Cmp">   --->   Core 9 'Cmp' <Latency = 0> <II = 1> <Delay = 1.01> <FuncUnit> <Opcode : 'seteq' 'setne' 'setle' 'setge' 'setlt' 'setgt'> <InPorts = 2> <OutPorts = 1>
ST_47 : Operation 447 [1/1] (0.00ns) (grouped into LUT with out node and_ln341)   --->   "%or_ln341 = or i1 %tmp_72, i1 %icmp_ln341_1" [top.cpp:341]   --->   Operation 447 'or' 'or_ln341' <Predicate = (!icmp_ln339)> <Delay = 0.00> <CoreInst = "LogicGate">   --->   Core 74 'LogicGate' <Latency = 0> <II = 1> <Delay = 0.33> <FuncUnit> <Opcode : 'and' 'or' 'xor'> <InPorts = 2> <OutPorts = 1>
ST_47 : Operation 448 [1/1] (0.00ns) (grouped into LUT with out node and_ln341)   --->   "%xor_ln341 = xor i1 %tmp_71, i1 1" [top.cpp:341]   --->   Operation 448 'xor' 'xor_ln341' <Predicate = (!icmp_ln339)> <Delay = 0.00> <CoreInst = "LogicGate">   --->   Core 74 'LogicGate' <Latency = 0> <II = 1> <Delay = 0.33> <FuncUnit> <Opcode : 'and' 'or' 'xor'> <InPorts = 2> <OutPorts = 1>
ST_47 : Operation 449 [1/1] (0.33ns) (out node of the LUT)   --->   "%and_ln341 = and i1 %or_ln341, i1 %xor_ln341" [top.cpp:341]   --->   Operation 449 'and' 'and_ln341' <Predicate = (!icmp_ln339)> <Delay = 0.33> <CoreInst = "LogicGate">   --->   Core 74 'LogicGate' <Latency = 0> <II = 1> <Delay = 0.33> <FuncUnit> <Opcode : 'and' 'or' 'xor'> <InPorts = 2> <OutPorts = 1>
ST_47 : Operation 450 [1/1] (0.00ns) (grouped into LUT with out node add_ln341)   --->   "%xor_ln341_1 = xor i1 %tmp_72, i1 1" [top.cpp:341]   --->   Operation 450 'xor' 'xor_ln341_1' <Predicate = (!icmp_ln339)> <Delay = 0.00> <CoreInst = "LogicGate">   --->   Core 74 'LogicGate' <Latency = 0> <II = 1> <Delay = 0.33> <FuncUnit> <Opcode : 'and' 'or' 'xor'> <InPorts = 2> <OutPorts = 1>
ST_47 : Operation 451 [1/1] (0.00ns) (grouped into LUT with out node add_ln341)   --->   "%or_ln341_1 = or i1 %icmp_ln341, i1 %xor_ln341_1" [top.cpp:341]   --->   Operation 451 'or' 'or_ln341_1' <Predicate = (!icmp_ln339)> <Delay = 0.00> <CoreInst = "LogicGate">   --->   Core 74 'LogicGate' <Latency = 0> <II = 1> <Delay = 0.33> <FuncUnit> <Opcode : 'and' 'or' 'xor'> <InPorts = 2> <OutPorts = 1>
ST_47 : Operation 452 [1/1] (0.00ns) (grouped into LUT with out node add_ln341)   --->   "%and_ln341_1 = and i1 %or_ln341_1, i1 %tmp_71" [top.cpp:341]   --->   Operation 452 'and' 'and_ln341_1' <Predicate = (!icmp_ln339)> <Delay = 0.00> <CoreInst = "LogicGate">   --->   Core 74 'LogicGate' <Latency = 0> <II = 1> <Delay = 0.33> <FuncUnit> <Opcode : 'and' 'or' 'xor'> <InPorts = 2> <OutPorts = 1>
ST_47 : Operation 453 [1/1] (0.00ns) (grouped into LUT with out node add_ln341)   --->   "%select_ln341 = select i1 %and_ln341, i32 2147483647, i32 2147483648" [top.cpp:341]   --->   Operation 453 'select' 'select_ln341' <Predicate = (!icmp_ln339)> <Delay = 0.00> <CoreInst = "Sel">   --->   Core 73 'Sel' <Latency = 0> <II = 1> <Delay = 0.52> <FuncUnit> <Opcode : 'select'> <InPorts = 3> <OutPorts = 1>
ST_47 : Operation 454 [1/1] (0.00ns) (grouped into LUT with out node add_ln341)   --->   "%or_ln341_2 = or i1 %and_ln341, i1 %and_ln341_1" [top.cpp:341]   --->   Operation 454 'or' 'or_ln341_2' <Predicate = (!icmp_ln339)> <Delay = 0.00> <CoreInst = "LogicGate">   --->   Core 74 'LogicGate' <Latency = 0> <II = 1> <Delay = 0.33> <FuncUnit> <Opcode : 'and' 'or' 'xor'> <InPorts = 2> <OutPorts = 1>
ST_47 : Operation 455 [1/1] (0.00ns) (grouped into LUT with out node add_ln341)   --->   "%select_ln341_1 = select i1 %or_ln341_2, i32 %select_ln341, i32 %shl_ln" [top.cpp:341]   --->   Operation 455 'select' 'select_ln341_1' <Predicate = (!icmp_ln339)> <Delay = 0.00> <CoreInst = "Sel">   --->   Core 73 'Sel' <Latency = 0> <II = 1> <Delay = 0.52> <FuncUnit> <Opcode : 'select'> <InPorts = 3> <OutPorts = 1>
ST_47 : Operation 456 [1/1] (0.00ns) (grouped into LUT with out node add_ln341)   --->   "%sext_ln341 = sext i32 %select_ln341_1" [top.cpp:341]   --->   Operation 456 'sext' 'sext_ln341' <Predicate = (!icmp_ln339)> <Delay = 0.00>
ST_47 : Operation 457 [1/1] (1.20ns) (out node of the LUT)   --->   "%add_ln341 = add i33 %sext_ln341, i33 32768" [top.cpp:341]   --->   Operation 457 'add' 'add_ln341' <Predicate = (!icmp_ln339)> <Delay = 1.20> <CoreInst = "Adder">   --->   Core 1 'Adder' <Latency = 0> <II = 1> <Delay = 1.20> <FuncUnit> <Opcode : 'add' 'sub'> <InPorts = 2> <OutPorts = 1>
ST_47 : Operation 458 [1/1] (0.00ns)   --->   "%tmp_73 = bitselect i1 @_ssdm_op_BitSelect.i1.i33.i32, i33 %add_ln341, i32 32" [top.cpp:341]   --->   Operation 458 'bitselect' 'tmp_73' <Predicate = (!icmp_ln339)> <Delay = 0.00>
ST_47 : Operation 459 [1/1] (0.00ns) (grouped into LUT with out node px_1)   --->   "%px = trunc i33 %add_ln341" [top.cpp:341]   --->   Operation 459 'trunc' 'px' <Predicate = (!icmp_ln339)> <Delay = 0.00>
ST_47 : Operation 460 [1/1] (0.00ns)   --->   "%tmp_74 = bitselect i1 @_ssdm_op_BitSelect.i1.i33.i32, i33 %add_ln341, i32 31" [top.cpp:341]   --->   Operation 460 'bitselect' 'tmp_74' <Predicate = (!icmp_ln339)> <Delay = 0.00>
ST_47 : Operation 461 [1/1] (0.00ns) (grouped into LUT with out node px_1)   --->   "%xor_ln341_2 = xor i1 %tmp_73, i1 1" [top.cpp:341]   --->   Operation 461 'xor' 'xor_ln341_2' <Predicate = (!icmp_ln339)> <Delay = 0.00> <CoreInst = "LogicGate">   --->   Core 74 'LogicGate' <Latency = 0> <II = 1> <Delay = 0.33> <FuncUnit> <Opcode : 'and' 'or' 'xor'> <InPorts = 2> <OutPorts = 1>
ST_47 : Operation 462 [1/1] (0.00ns) (grouped into LUT with out node px_1)   --->   "%and_ln341_2 = and i1 %tmp_74, i1 %xor_ln341_2" [top.cpp:341]   --->   Operation 462 'and' 'and_ln341_2' <Predicate = (!icmp_ln339)> <Delay = 0.00> <CoreInst = "LogicGate">   --->   Core 74 'LogicGate' <Latency = 0> <II = 1> <Delay = 0.33> <FuncUnit> <Opcode : 'and' 'or' 'xor'> <InPorts = 2> <OutPorts = 1>
ST_47 : Operation 463 [1/1] (0.00ns) (grouped into LUT with out node px_1)   --->   "%xor_ln341_3 = xor i1 %tmp_73, i1 %tmp_74" [top.cpp:341]   --->   Operation 463 'xor' 'xor_ln341_3' <Predicate = (!icmp_ln339)> <Delay = 0.00> <CoreInst = "LogicGate">   --->   Core 74 'LogicGate' <Latency = 0> <II = 1> <Delay = 0.33> <FuncUnit> <Opcode : 'and' 'or' 'xor'> <InPorts = 2> <OutPorts = 1>
ST_47 : Operation 464 [1/1] (0.00ns) (grouped into LUT with out node px_1)   --->   "%select_ln341_2 = select i1 %and_ln341_2, i32 2147483647, i32 2147483648" [top.cpp:341]   --->   Operation 464 'select' 'select_ln341_2' <Predicate = (!icmp_ln339)> <Delay = 0.00> <CoreInst = "Sel">   --->   Core 73 'Sel' <Latency = 0> <II = 1> <Delay = 0.52> <FuncUnit> <Opcode : 'select'> <InPorts = 3> <OutPorts = 1>
ST_47 : Operation 465 [1/1] (0.52ns) (out node of the LUT)   --->   "%px_1 = select i1 %xor_ln341_3, i32 %select_ln341_2, i32 %px" [top.cpp:341]   --->   Operation 465 'select' 'px_1' <Predicate = (!icmp_ln339)> <Delay = 0.52> <CoreInst = "Sel">   --->   Core 73 'Sel' <Latency = 0> <II = 1> <Delay = 0.52> <FuncUnit> <Opcode : 'select'> <InPorts = 3> <OutPorts = 1>
ST_47 : Operation 466 [1/1] (0.00ns)   --->   "%sext_ln345 = sext i32 %px_1" [top.cpp:345]   --->   Operation 466 'sext' 'sext_ln345' <Predicate = (!icmp_ln339)> <Delay = 0.00>
ST_47 : Operation 467 [1/1] (1.20ns)   --->   "%sub_ln345 = sub i33 %sext_ln322, i33 %sext_ln345" [top.cpp:345]   --->   Operation 467 'sub' 'sub_ln345' <Predicate = (!icmp_ln339)> <Delay = 1.20> <CoreInst = "Adder">   --->   Core 1 'Adder' <Latency = 0> <II = 1> <Delay = 1.20> <FuncUnit> <Opcode : 'add' 'sub'> <InPorts = 2> <OutPorts = 1>
ST_47 : Operation 468 [1/1] (0.00ns)   --->   "%tmp_75 = bitselect i1 @_ssdm_op_BitSelect.i1.i33.i32, i33 %sub_ln345, i32 32" [top.cpp:345]   --->   Operation 468 'bitselect' 'tmp_75' <Predicate = (!icmp_ln339)> <Delay = 0.00>
ST_47 : Operation 469 [1/1] (0.00ns) (grouped into LUT with out node w0_dx1_2)   --->   "%w0_dx1 = trunc i33 %sub_ln345" [top.cpp:345]   --->   Operation 469 'trunc' 'w0_dx1' <Predicate = (!icmp_ln339)> <Delay = 0.00>
ST_47 : Operation 470 [1/1] (0.00ns)   --->   "%tmp_76 = bitselect i1 @_ssdm_op_BitSelect.i1.i33.i32, i33 %sub_ln345, i32 31" [top.cpp:345]   --->   Operation 470 'bitselect' 'tmp_76' <Predicate = (!icmp_ln339)> <Delay = 0.00>
ST_47 : Operation 471 [1/1] (0.00ns) (grouped into LUT with out node w0_dx1_2)   --->   "%xor_ln345 = xor i1 %tmp_75, i1 1" [top.cpp:345]   --->   Operation 471 'xor' 'xor_ln345' <Predicate = (!icmp_ln339)> <Delay = 0.00> <CoreInst = "LogicGate">   --->   Core 74 'LogicGate' <Latency = 0> <II = 1> <Delay = 0.33> <FuncUnit> <Opcode : 'and' 'or' 'xor'> <InPorts = 2> <OutPorts = 1>
ST_47 : Operation 472 [1/1] (0.00ns) (grouped into LUT with out node w0_dx1_2)   --->   "%and_ln345 = and i1 %tmp_76, i1 %xor_ln345" [top.cpp:345]   --->   Operation 472 'and' 'and_ln345' <Predicate = (!icmp_ln339)> <Delay = 0.00> <CoreInst = "LogicGate">   --->   Core 74 'LogicGate' <Latency = 0> <II = 1> <Delay = 0.33> <FuncUnit> <Opcode : 'and' 'or' 'xor'> <InPorts = 2> <OutPorts = 1>
ST_47 : Operation 473 [1/1] (0.00ns) (grouped into LUT with out node w0_dx1_2)   --->   "%xor_ln345_1 = xor i1 %tmp_75, i1 %tmp_76" [top.cpp:345]   --->   Operation 473 'xor' 'xor_ln345_1' <Predicate = (!icmp_ln339)> <Delay = 0.00> <CoreInst = "LogicGate">   --->   Core 74 'LogicGate' <Latency = 0> <II = 1> <Delay = 0.33> <FuncUnit> <Opcode : 'and' 'or' 'xor'> <InPorts = 2> <OutPorts = 1>
ST_47 : Operation 474 [1/1] (0.00ns) (grouped into LUT with out node w0_dx1_2)   --->   "%select_ln345 = select i1 %and_ln345, i32 2147483647, i32 2147483648" [top.cpp:345]   --->   Operation 474 'select' 'select_ln345' <Predicate = (!icmp_ln339)> <Delay = 0.00> <CoreInst = "Sel">   --->   Core 73 'Sel' <Latency = 0> <II = 1> <Delay = 0.52> <FuncUnit> <Opcode : 'select'> <InPorts = 3> <OutPorts = 1>
ST_47 : Operation 475 [1/1] (0.52ns) (out node of the LUT)   --->   "%w0_dx1_2 = select i1 %xor_ln345_1, i32 %select_ln345, i32 %w0_dx1" [top.cpp:345]   --->   Operation 475 'select' 'w0_dx1_2' <Predicate = (!icmp_ln339)> <Delay = 0.52> <CoreInst = "Sel">   --->   Core 73 'Sel' <Latency = 0> <II = 1> <Delay = 0.52> <FuncUnit> <Opcode : 'select'> <InPorts = 3> <OutPorts = 1>
ST_47 : Operation 476 [1/1] (1.20ns)   --->   "%sub_ln349 = sub i33 %sext_ln326, i33 %sext_ln345" [top.cpp:349]   --->   Operation 476 'sub' 'sub_ln349' <Predicate = (!icmp_ln339)> <Delay = 1.20> <CoreInst = "Adder">   --->   Core 1 'Adder' <Latency = 0> <II = 1> <Delay = 1.20> <FuncUnit> <Opcode : 'add' 'sub'> <InPorts = 2> <OutPorts = 1>
ST_47 : Operation 477 [1/1] (0.00ns)   --->   "%tmp_84 = bitselect i1 @_ssdm_op_BitSelect.i1.i33.i32, i33 %sub_ln349, i32 32" [top.cpp:349]   --->   Operation 477 'bitselect' 'tmp_84' <Predicate = (!icmp_ln339)> <Delay = 0.00>
ST_47 : Operation 478 [1/1] (0.00ns) (grouped into LUT with out node w0_dx2_2)   --->   "%w0_dx2 = trunc i33 %sub_ln349" [top.cpp:349]   --->   Operation 478 'trunc' 'w0_dx2' <Predicate = (!icmp_ln339)> <Delay = 0.00>
ST_47 : Operation 479 [1/1] (0.00ns)   --->   "%tmp_85 = bitselect i1 @_ssdm_op_BitSelect.i1.i33.i32, i33 %sub_ln349, i32 31" [top.cpp:349]   --->   Operation 479 'bitselect' 'tmp_85' <Predicate = (!icmp_ln339)> <Delay = 0.00>
ST_47 : Operation 480 [1/1] (0.00ns) (grouped into LUT with out node w0_dx2_2)   --->   "%xor_ln349 = xor i1 %tmp_84, i1 1" [top.cpp:349]   --->   Operation 480 'xor' 'xor_ln349' <Predicate = (!icmp_ln339)> <Delay = 0.00> <CoreInst = "LogicGate">   --->   Core 74 'LogicGate' <Latency = 0> <II = 1> <Delay = 0.33> <FuncUnit> <Opcode : 'and' 'or' 'xor'> <InPorts = 2> <OutPorts = 1>
ST_47 : Operation 481 [1/1] (0.00ns) (grouped into LUT with out node w0_dx2_2)   --->   "%and_ln349 = and i1 %tmp_85, i1 %xor_ln349" [top.cpp:349]   --->   Operation 481 'and' 'and_ln349' <Predicate = (!icmp_ln339)> <Delay = 0.00> <CoreInst = "LogicGate">   --->   Core 74 'LogicGate' <Latency = 0> <II = 1> <Delay = 0.33> <FuncUnit> <Opcode : 'and' 'or' 'xor'> <InPorts = 2> <OutPorts = 1>
ST_47 : Operation 482 [1/1] (0.00ns) (grouped into LUT with out node w0_dx2_2)   --->   "%xor_ln349_1 = xor i1 %tmp_84, i1 %tmp_85" [top.cpp:349]   --->   Operation 482 'xor' 'xor_ln349_1' <Predicate = (!icmp_ln339)> <Delay = 0.00> <CoreInst = "LogicGate">   --->   Core 74 'LogicGate' <Latency = 0> <II = 1> <Delay = 0.33> <FuncUnit> <Opcode : 'and' 'or' 'xor'> <InPorts = 2> <OutPorts = 1>
ST_47 : Operation 483 [1/1] (0.00ns) (grouped into LUT with out node w0_dx2_2)   --->   "%select_ln349 = select i1 %and_ln349, i32 2147483647, i32 2147483648" [top.cpp:349]   --->   Operation 483 'select' 'select_ln349' <Predicate = (!icmp_ln339)> <Delay = 0.00> <CoreInst = "Sel">   --->   Core 73 'Sel' <Latency = 0> <II = 1> <Delay = 0.52> <FuncUnit> <Opcode : 'select'> <InPorts = 3> <OutPorts = 1>
ST_47 : Operation 484 [1/1] (0.52ns) (out node of the LUT)   --->   "%w0_dx2_2 = select i1 %xor_ln349_1, i32 %select_ln349, i32 %w0_dx2" [top.cpp:349]   --->   Operation 484 'select' 'w0_dx2_2' <Predicate = (!icmp_ln339)> <Delay = 0.52> <CoreInst = "Sel">   --->   Core 73 'Sel' <Latency = 0> <II = 1> <Delay = 0.52> <FuncUnit> <Opcode : 'select'> <InPorts = 3> <OutPorts = 1>
ST_47 : Operation 485 [1/1] (1.20ns)   --->   "%sub_ln361 = sub i33 %sext_ln322_1, i33 %sext_ln345" [top.cpp:361]   --->   Operation 485 'sub' 'sub_ln361' <Predicate = (!icmp_ln339)> <Delay = 1.20> <CoreInst = "Adder">   --->   Core 1 'Adder' <Latency = 0> <II = 1> <Delay = 1.20> <FuncUnit> <Opcode : 'add' 'sub'> <InPorts = 2> <OutPorts = 1>
ST_47 : Operation 486 [1/1] (0.00ns)   --->   "%tmp_109 = bitselect i1 @_ssdm_op_BitSelect.i1.i33.i32, i33 %sub_ln361, i32 32" [top.cpp:361]   --->   Operation 486 'bitselect' 'tmp_109' <Predicate = (!icmp_ln339)> <Delay = 0.00>
ST_47 : Operation 487 [1/1] (0.00ns) (grouped into LUT with out node w1_dx0_2)   --->   "%w1_dx0 = trunc i33 %sub_ln361" [top.cpp:361]   --->   Operation 487 'trunc' 'w1_dx0' <Predicate = (!icmp_ln339)> <Delay = 0.00>
ST_47 : Operation 488 [1/1] (0.00ns)   --->   "%tmp_110 = bitselect i1 @_ssdm_op_BitSelect.i1.i33.i32, i33 %sub_ln361, i32 31" [top.cpp:361]   --->   Operation 488 'bitselect' 'tmp_110' <Predicate = (!icmp_ln339)> <Delay = 0.00>
ST_47 : Operation 489 [1/1] (0.00ns) (grouped into LUT with out node w1_dx0_2)   --->   "%xor_ln361 = xor i1 %tmp_109, i1 1" [top.cpp:361]   --->   Operation 489 'xor' 'xor_ln361' <Predicate = (!icmp_ln339)> <Delay = 0.00> <CoreInst = "LogicGate">   --->   Core 74 'LogicGate' <Latency = 0> <II = 1> <Delay = 0.33> <FuncUnit> <Opcode : 'and' 'or' 'xor'> <InPorts = 2> <OutPorts = 1>
ST_47 : Operation 490 [1/1] (0.00ns) (grouped into LUT with out node w1_dx0_2)   --->   "%and_ln361 = and i1 %tmp_110, i1 %xor_ln361" [top.cpp:361]   --->   Operation 490 'and' 'and_ln361' <Predicate = (!icmp_ln339)> <Delay = 0.00> <CoreInst = "LogicGate">   --->   Core 74 'LogicGate' <Latency = 0> <II = 1> <Delay = 0.33> <FuncUnit> <Opcode : 'and' 'or' 'xor'> <InPorts = 2> <OutPorts = 1>
ST_47 : Operation 491 [1/1] (0.00ns) (grouped into LUT with out node w1_dx0_2)   --->   "%xor_ln361_1 = xor i1 %tmp_109, i1 %tmp_110" [top.cpp:361]   --->   Operation 491 'xor' 'xor_ln361_1' <Predicate = (!icmp_ln339)> <Delay = 0.00> <CoreInst = "LogicGate">   --->   Core 74 'LogicGate' <Latency = 0> <II = 1> <Delay = 0.33> <FuncUnit> <Opcode : 'and' 'or' 'xor'> <InPorts = 2> <OutPorts = 1>
ST_47 : Operation 492 [1/1] (0.00ns) (grouped into LUT with out node w1_dx0_2)   --->   "%select_ln361 = select i1 %and_ln361, i32 2147483647, i32 2147483648" [top.cpp:361]   --->   Operation 492 'select' 'select_ln361' <Predicate = (!icmp_ln339)> <Delay = 0.00> <CoreInst = "Sel">   --->   Core 73 'Sel' <Latency = 0> <II = 1> <Delay = 0.52> <FuncUnit> <Opcode : 'select'> <InPorts = 3> <OutPorts = 1>
ST_47 : Operation 493 [1/1] (0.52ns) (out node of the LUT)   --->   "%w1_dx0_2 = select i1 %xor_ln361_1, i32 %select_ln361, i32 %w1_dx0" [top.cpp:361]   --->   Operation 493 'select' 'w1_dx0_2' <Predicate = (!icmp_ln339)> <Delay = 0.52> <CoreInst = "Sel">   --->   Core 73 'Sel' <Latency = 0> <II = 1> <Delay = 0.52> <FuncUnit> <Opcode : 'select'> <InPorts = 3> <OutPorts = 1>
ST_47 : Operation 494 [1/1] (1.47ns)   --->   "%add_ln338 = add i64 %y_2, i64 1" [top.cpp:338]   --->   Operation 494 'add' 'add_ln338' <Predicate = (icmp_ln339)> <Delay = 1.47> <CoreInst = "Adder">   --->   Core 1 'Adder' <Latency = 0> <II = 1> <Delay = 1.47> <FuncUnit> <Opcode : 'add' 'sub'> <InPorts = 2> <OutPorts = 1>
ST_47 : Operation 495 [1/1] (0.00ns)   --->   "%br_ln338 = br void %VITIS_LOOP_339_5" [top.cpp:338]   --->   Operation 495 'br' 'br_ln338' <Predicate = (icmp_ln339)> <Delay = 0.00>

State 48 <SV = 46> <Delay = 6.07>
ST_48 : Operation 496 [1/1] (0.00ns)   --->   "%sext_ln347 = sext i32 %w0_dx1_2" [top.cpp:347]   --->   Operation 496 'sext' 'sext_ln347' <Predicate = true> <Delay = 0.00>
ST_48 : Operation 497 [1/1] (3.88ns)   --->   "%mul_ln347 = mul i64 %sext_ln347, i64 %conv7_i5081" [top.cpp:347]   --->   Operation 497 'mul' 'mul_ln347' <Predicate = true> <Delay = 3.88> <CoreInst = "Multiplier">   --->   Core 3 'Multiplier' <Latency = 0> <II = 1> <Delay = 3.88> <FuncUnit> <Opcode : 'mul'> <InPorts = 2> <OutPorts = 1>
ST_48 : Operation 498 [1/1] (0.00ns)   --->   "%tmp_79 = bitselect i1 @_ssdm_op_BitSelect.i1.i64.i32, i64 %mul_ln347, i32 63" [top.cpp:347]   --->   Operation 498 'bitselect' 'tmp_79' <Predicate = true> <Delay = 0.00>
ST_48 : Operation 499 [1/1] (0.00ns)   --->   "%w0_term1 = partselect i32 @_ssdm_op_PartSelect.i32.i64.i32.i32, i64 %mul_ln347, i32 16, i32 47" [top.cpp:347]   --->   Operation 499 'partselect' 'w0_term1' <Predicate = true> <Delay = 0.00>
ST_48 : Operation 500 [1/1] (0.00ns)   --->   "%tmp_80 = bitselect i1 @_ssdm_op_BitSelect.i1.i64.i32, i64 %mul_ln347, i32 15" [top.cpp:347]   --->   Operation 500 'bitselect' 'tmp_80' <Predicate = true> <Delay = 0.00>
ST_48 : Operation 501 [1/1] (0.00ns) (grouped into LUT with out node and_ln347)   --->   "%tmp_81 = bitselect i1 @_ssdm_op_BitSelect.i1.i64.i32, i64 %mul_ln347, i32 47" [top.cpp:347]   --->   Operation 501 'bitselect' 'tmp_81' <Predicate = true> <Delay = 0.00>
ST_48 : Operation 502 [1/1] (0.00ns)   --->   "%zext_ln347 = zext i1 %tmp_80" [top.cpp:347]   --->   Operation 502 'zext' 'zext_ln347' <Predicate = true> <Delay = 0.00>
ST_48 : Operation 503 [1/1] (1.20ns)   --->   "%w0_term1_1 = add i32 %w0_term1, i32 %zext_ln347" [top.cpp:347]   --->   Operation 503 'add' 'w0_term1_1' <Predicate = true> <Delay = 1.20> <CoreInst = "Adder">   --->   Core 1 'Adder' <Latency = 0> <II = 1> <Delay = 1.20> <FuncUnit> <Opcode : 'add' 'sub'> <InPorts = 2> <OutPorts = 1>
ST_48 : Operation 504 [1/1] (0.00ns)   --->   "%tmp_82 = bitselect i1 @_ssdm_op_BitSelect.i1.i32.i32, i32 %w0_term1_1, i32 31" [top.cpp:347]   --->   Operation 504 'bitselect' 'tmp_82' <Predicate = true> <Delay = 0.00>
ST_48 : Operation 505 [1/1] (0.00ns) (grouped into LUT with out node and_ln347)   --->   "%xor_ln347 = xor i1 %tmp_82, i1 1" [top.cpp:347]   --->   Operation 505 'xor' 'xor_ln347' <Predicate = true> <Delay = 0.00> <CoreInst = "LogicGate">   --->   Core 74 'LogicGate' <Latency = 0> <II = 1> <Delay = 0.33> <FuncUnit> <Opcode : 'and' 'or' 'xor'> <InPorts = 2> <OutPorts = 1>
ST_48 : Operation 506 [1/1] (0.33ns) (out node of the LUT)   --->   "%and_ln347 = and i1 %tmp_81, i1 %xor_ln347" [top.cpp:347]   --->   Operation 506 'and' 'and_ln347' <Predicate = true> <Delay = 0.33> <CoreInst = "LogicGate">   --->   Core 74 'LogicGate' <Latency = 0> <II = 1> <Delay = 0.33> <FuncUnit> <Opcode : 'and' 'or' 'xor'> <InPorts = 2> <OutPorts = 1>
ST_48 : Operation 507 [1/1] (0.00ns) (grouped into LUT with out node and_ln347_4)   --->   "%tmp_83 = bitselect i1 @_ssdm_op_BitSelect.i1.i64.i32, i64 %mul_ln347, i32 48" [top.cpp:347]   --->   Operation 507 'bitselect' 'tmp_83' <Predicate = true> <Delay = 0.00>
ST_48 : Operation 508 [1/1] (0.00ns)   --->   "%tmp_8 = partselect i15 @_ssdm_op_PartSelect.i15.i64.i32, i64 %mul_ln347, i32 49" [top.cpp:347]   --->   Operation 508 'partselect' 'tmp_8' <Predicate = true> <Delay = 0.00>
ST_48 : Operation 509 [1/1] (1.00ns)   --->   "%icmp_ln347 = icmp_eq  i15 %tmp_8, i15 32767" [top.cpp:347]   --->   Operation 509 'icmp' 'icmp_ln347' <Predicate = true> <Delay = 1.00> <CoreInst = "Cmp">   --->   Core 9 'Cmp' <Latency = 0> <II = 1> <Delay = 1.00> <FuncUnit> <Opcode : 'seteq' 'setne' 'setle' 'setge' 'setlt' 'setgt'> <InPorts = 2> <OutPorts = 1>
ST_48 : Operation 510 [1/1] (0.00ns)   --->   "%tmp_9 = partselect i16 @_ssdm_op_PartSelect.i16.i64.i32, i64 %mul_ln347, i32 48" [top.cpp:347]   --->   Operation 510 'partselect' 'tmp_9' <Predicate = true> <Delay = 0.00>
ST_48 : Operation 511 [1/1] (1.01ns)   --->   "%icmp_ln347_1 = icmp_eq  i16 %tmp_9, i16 65535" [top.cpp:347]   --->   Operation 511 'icmp' 'icmp_ln347_1' <Predicate = true> <Delay = 1.01> <CoreInst = "Cmp">   --->   Core 9 'Cmp' <Latency = 0> <II = 1> <Delay = 1.01> <FuncUnit> <Opcode : 'seteq' 'setne' 'setle' 'setge' 'setlt' 'setgt'> <InPorts = 2> <OutPorts = 1>
ST_48 : Operation 512 [1/1] (1.01ns)   --->   "%icmp_ln347_2 = icmp_eq  i16 %tmp_9, i16 0" [top.cpp:347]   --->   Operation 512 'icmp' 'icmp_ln347_2' <Predicate = true> <Delay = 1.01> <CoreInst = "Cmp">   --->   Core 9 'Cmp' <Latency = 0> <II = 1> <Delay = 1.01> <FuncUnit> <Opcode : 'seteq' 'setne' 'setle' 'setge' 'setlt' 'setgt'> <InPorts = 2> <OutPorts = 1>
ST_48 : Operation 513 [1/1] (0.00ns) (grouped into LUT with out node and_ln347_3)   --->   "%select_ln347 = select i1 %and_ln347, i1 %icmp_ln347_1, i1 %icmp_ln347_2" [top.cpp:347]   --->   Operation 513 'select' 'select_ln347' <Predicate = true> <Delay = 0.00> <CoreInst = "Sel">   --->   Core 73 'Sel' <Latency = 0> <II = 1> <Delay = 0.26> <FuncUnit> <Opcode : 'select'> <InPorts = 3> <OutPorts = 1>
ST_48 : Operation 514 [1/1] (0.00ns) (grouped into LUT with out node and_ln347_4)   --->   "%xor_ln347_1 = xor i1 %tmp_83, i1 1" [top.cpp:347]   --->   Operation 514 'xor' 'xor_ln347_1' <Predicate = true> <Delay = 0.00> <CoreInst = "LogicGate">   --->   Core 74 'LogicGate' <Latency = 0> <II = 1> <Delay = 0.33> <FuncUnit> <Opcode : 'and' 'or' 'xor'> <InPorts = 2> <OutPorts = 1>
ST_48 : Operation 515 [1/1] (0.00ns) (grouped into LUT with out node and_ln347_4)   --->   "%and_ln347_1 = and i1 %icmp_ln347, i1 %xor_ln347_1" [top.cpp:347]   --->   Operation 515 'and' 'and_ln347_1' <Predicate = true> <Delay = 0.00> <CoreInst = "LogicGate">   --->   Core 74 'LogicGate' <Latency = 0> <II = 1> <Delay = 0.33> <FuncUnit> <Opcode : 'and' 'or' 'xor'> <InPorts = 2> <OutPorts = 1>
ST_48 : Operation 516 [1/1] (0.00ns) (grouped into LUT with out node and_ln347_4)   --->   "%select_ln347_1 = select i1 %and_ln347, i1 %and_ln347_1, i1 %icmp_ln347_1" [top.cpp:347]   --->   Operation 516 'select' 'select_ln347_1' <Predicate = true> <Delay = 0.00> <CoreInst = "Sel">   --->   Core 73 'Sel' <Latency = 0> <II = 1> <Delay = 0.26> <FuncUnit> <Opcode : 'select'> <InPorts = 3> <OutPorts = 1>
ST_48 : Operation 517 [1/1] (0.00ns) (grouped into LUT with out node or_ln347_1)   --->   "%and_ln347_2 = and i1 %and_ln347, i1 %icmp_ln347_1" [top.cpp:347]   --->   Operation 517 'and' 'and_ln347_2' <Predicate = true> <Delay = 0.00> <CoreInst = "LogicGate">   --->   Core 74 'LogicGate' <Latency = 0> <II = 1> <Delay = 0.33> <FuncUnit> <Opcode : 'and' 'or' 'xor'> <InPorts = 2> <OutPorts = 1>
ST_48 : Operation 518 [1/1] (0.00ns) (grouped into LUT with out node and_ln347_3)   --->   "%xor_ln347_2 = xor i1 %select_ln347, i1 1" [top.cpp:347]   --->   Operation 518 'xor' 'xor_ln347_2' <Predicate = true> <Delay = 0.00> <CoreInst = "LogicGate">   --->   Core 74 'LogicGate' <Latency = 0> <II = 1> <Delay = 0.33> <FuncUnit> <Opcode : 'and' 'or' 'xor'> <InPorts = 2> <OutPorts = 1>
ST_48 : Operation 519 [1/1] (0.00ns) (grouped into LUT with out node and_ln347_3)   --->   "%or_ln347 = or i1 %tmp_82, i1 %xor_ln347_2" [top.cpp:347]   --->   Operation 519 'or' 'or_ln347' <Predicate = true> <Delay = 0.00> <CoreInst = "LogicGate">   --->   Core 74 'LogicGate' <Latency = 0> <II = 1> <Delay = 0.33> <FuncUnit> <Opcode : 'and' 'or' 'xor'> <InPorts = 2> <OutPorts = 1>
ST_48 : Operation 520 [1/1] (0.00ns) (grouped into LUT with out node and_ln347_3)   --->   "%xor_ln347_3 = xor i1 %tmp_79, i1 1" [top.cpp:347]   --->   Operation 520 'xor' 'xor_ln347_3' <Predicate = true> <Delay = 0.00> <CoreInst = "LogicGate">   --->   Core 74 'LogicGate' <Latency = 0> <II = 1> <Delay = 0.33> <FuncUnit> <Opcode : 'and' 'or' 'xor'> <InPorts = 2> <OutPorts = 1>
ST_48 : Operation 521 [1/1] (0.33ns) (out node of the LUT)   --->   "%and_ln347_3 = and i1 %or_ln347, i1 %xor_ln347_3" [top.cpp:347]   --->   Operation 521 'and' 'and_ln347_3' <Predicate = true> <Delay = 0.33> <CoreInst = "LogicGate">   --->   Core 74 'LogicGate' <Latency = 0> <II = 1> <Delay = 0.33> <FuncUnit> <Opcode : 'and' 'or' 'xor'> <InPorts = 2> <OutPorts = 1>
ST_48 : Operation 522 [1/1] (0.33ns) (out node of the LUT)   --->   "%and_ln347_4 = and i1 %tmp_82, i1 %select_ln347_1" [top.cpp:347]   --->   Operation 522 'and' 'and_ln347_4' <Predicate = true> <Delay = 0.33> <CoreInst = "LogicGate">   --->   Core 74 'LogicGate' <Latency = 0> <II = 1> <Delay = 0.33> <FuncUnit> <Opcode : 'and' 'or' 'xor'> <InPorts = 2> <OutPorts = 1>
ST_48 : Operation 523 [1/1] (0.00ns) (grouped into LUT with out node or_ln347_1)   --->   "%or_ln347_2 = or i1 %and_ln347_2, i1 %and_ln347_4" [top.cpp:347]   --->   Operation 523 'or' 'or_ln347_2' <Predicate = true> <Delay = 0.00> <CoreInst = "LogicGate">   --->   Core 74 'LogicGate' <Latency = 0> <II = 1> <Delay = 0.33> <FuncUnit> <Opcode : 'and' 'or' 'xor'> <InPorts = 2> <OutPorts = 1>
ST_48 : Operation 524 [1/1] (0.00ns) (grouped into LUT with out node or_ln347_1)   --->   "%xor_ln347_4 = xor i1 %or_ln347_2, i1 1" [top.cpp:347]   --->   Operation 524 'xor' 'xor_ln347_4' <Predicate = true> <Delay = 0.00> <CoreInst = "LogicGate">   --->   Core 74 'LogicGate' <Latency = 0> <II = 1> <Delay = 0.33> <FuncUnit> <Opcode : 'and' 'or' 'xor'> <InPorts = 2> <OutPorts = 1>
ST_48 : Operation 525 [1/1] (0.00ns) (grouped into LUT with out node or_ln347_1)   --->   "%and_ln347_5 = and i1 %tmp_79, i1 %xor_ln347_4" [top.cpp:347]   --->   Operation 525 'and' 'and_ln347_5' <Predicate = true> <Delay = 0.00> <CoreInst = "LogicGate">   --->   Core 74 'LogicGate' <Latency = 0> <II = 1> <Delay = 0.33> <FuncUnit> <Opcode : 'and' 'or' 'xor'> <InPorts = 2> <OutPorts = 1>
ST_48 : Operation 526 [1/1] (0.33ns) (out node of the LUT)   --->   "%or_ln347_1 = or i1 %and_ln347_3, i1 %and_ln347_5" [top.cpp:347]   --->   Operation 526 'or' 'or_ln347_1' <Predicate = true> <Delay = 0.33> <CoreInst = "LogicGate">   --->   Core 74 'LogicGate' <Latency = 0> <II = 1> <Delay = 0.33> <FuncUnit> <Opcode : 'and' 'or' 'xor'> <InPorts = 2> <OutPorts = 1>
ST_48 : Operation 527 [1/1] (0.00ns)   --->   "%sext_ln351 = sext i32 %w0_dx2_2" [top.cpp:351]   --->   Operation 527 'sext' 'sext_ln351' <Predicate = true> <Delay = 0.00>
ST_48 : Operation 528 [1/1] (3.88ns)   --->   "%mul_ln351 = mul i64 %sext_ln351, i64 %conv7_i4750" [top.cpp:351]   --->   Operation 528 'mul' 'mul_ln351' <Predicate = true> <Delay = 3.88> <CoreInst = "Multiplier">   --->   Core 3 'Multiplier' <Latency = 0> <II = 1> <Delay = 3.88> <FuncUnit> <Opcode : 'mul'> <InPorts = 2> <OutPorts = 1>
ST_48 : Operation 529 [1/1] (0.00ns)   --->   "%tmp_88 = bitselect i1 @_ssdm_op_BitSelect.i1.i64.i32, i64 %mul_ln351, i32 63" [top.cpp:351]   --->   Operation 529 'bitselect' 'tmp_88' <Predicate = true> <Delay = 0.00>
ST_48 : Operation 530 [1/1] (0.00ns)   --->   "%w0_term2 = partselect i32 @_ssdm_op_PartSelect.i32.i64.i32.i32, i64 %mul_ln351, i32 16, i32 47" [top.cpp:351]   --->   Operation 530 'partselect' 'w0_term2' <Predicate = true> <Delay = 0.00>
ST_48 : Operation 531 [1/1] (0.00ns)   --->   "%tmp_89 = bitselect i1 @_ssdm_op_BitSelect.i1.i64.i32, i64 %mul_ln351, i32 15" [top.cpp:351]   --->   Operation 531 'bitselect' 'tmp_89' <Predicate = true> <Delay = 0.00>
ST_48 : Operation 532 [1/1] (0.00ns) (grouped into LUT with out node and_ln351)   --->   "%tmp_90 = bitselect i1 @_ssdm_op_BitSelect.i1.i64.i32, i64 %mul_ln351, i32 47" [top.cpp:351]   --->   Operation 532 'bitselect' 'tmp_90' <Predicate = true> <Delay = 0.00>
ST_48 : Operation 533 [1/1] (0.00ns)   --->   "%zext_ln351 = zext i1 %tmp_89" [top.cpp:351]   --->   Operation 533 'zext' 'zext_ln351' <Predicate = true> <Delay = 0.00>
ST_48 : Operation 534 [1/1] (1.20ns)   --->   "%w0_term2_1 = add i32 %w0_term2, i32 %zext_ln351" [top.cpp:351]   --->   Operation 534 'add' 'w0_term2_1' <Predicate = true> <Delay = 1.20> <CoreInst = "Adder">   --->   Core 1 'Adder' <Latency = 0> <II = 1> <Delay = 1.20> <FuncUnit> <Opcode : 'add' 'sub'> <InPorts = 2> <OutPorts = 1>
ST_48 : Operation 535 [1/1] (0.00ns)   --->   "%tmp_91 = bitselect i1 @_ssdm_op_BitSelect.i1.i32.i32, i32 %w0_term2_1, i32 31" [top.cpp:351]   --->   Operation 535 'bitselect' 'tmp_91' <Predicate = true> <Delay = 0.00>
ST_48 : Operation 536 [1/1] (0.00ns) (grouped into LUT with out node and_ln351)   --->   "%xor_ln351 = xor i1 %tmp_91, i1 1" [top.cpp:351]   --->   Operation 536 'xor' 'xor_ln351' <Predicate = true> <Delay = 0.00> <CoreInst = "LogicGate">   --->   Core 74 'LogicGate' <Latency = 0> <II = 1> <Delay = 0.33> <FuncUnit> <Opcode : 'and' 'or' 'xor'> <InPorts = 2> <OutPorts = 1>
ST_48 : Operation 537 [1/1] (0.33ns) (out node of the LUT)   --->   "%and_ln351 = and i1 %tmp_90, i1 %xor_ln351" [top.cpp:351]   --->   Operation 537 'and' 'and_ln351' <Predicate = true> <Delay = 0.33> <CoreInst = "LogicGate">   --->   Core 74 'LogicGate' <Latency = 0> <II = 1> <Delay = 0.33> <FuncUnit> <Opcode : 'and' 'or' 'xor'> <InPorts = 2> <OutPorts = 1>
ST_48 : Operation 538 [1/1] (0.00ns) (grouped into LUT with out node and_ln351_4)   --->   "%tmp_92 = bitselect i1 @_ssdm_op_BitSelect.i1.i64.i32, i64 %mul_ln351, i32 48" [top.cpp:351]   --->   Operation 538 'bitselect' 'tmp_92' <Predicate = true> <Delay = 0.00>
ST_48 : Operation 539 [1/1] (0.00ns)   --->   "%tmp_10 = partselect i15 @_ssdm_op_PartSelect.i15.i64.i32, i64 %mul_ln351, i32 49" [top.cpp:351]   --->   Operation 539 'partselect' 'tmp_10' <Predicate = true> <Delay = 0.00>
ST_48 : Operation 540 [1/1] (1.00ns)   --->   "%icmp_ln351 = icmp_eq  i15 %tmp_10, i15 32767" [top.cpp:351]   --->   Operation 540 'icmp' 'icmp_ln351' <Predicate = true> <Delay = 1.00> <CoreInst = "Cmp">   --->   Core 9 'Cmp' <Latency = 0> <II = 1> <Delay = 1.00> <FuncUnit> <Opcode : 'seteq' 'setne' 'setle' 'setge' 'setlt' 'setgt'> <InPorts = 2> <OutPorts = 1>
ST_48 : Operation 541 [1/1] (0.00ns)   --->   "%tmp_11 = partselect i16 @_ssdm_op_PartSelect.i16.i64.i32, i64 %mul_ln351, i32 48" [top.cpp:351]   --->   Operation 541 'partselect' 'tmp_11' <Predicate = true> <Delay = 0.00>
ST_48 : Operation 542 [1/1] (1.01ns)   --->   "%icmp_ln351_1 = icmp_eq  i16 %tmp_11, i16 65535" [top.cpp:351]   --->   Operation 542 'icmp' 'icmp_ln351_1' <Predicate = true> <Delay = 1.01> <CoreInst = "Cmp">   --->   Core 9 'Cmp' <Latency = 0> <II = 1> <Delay = 1.01> <FuncUnit> <Opcode : 'seteq' 'setne' 'setle' 'setge' 'setlt' 'setgt'> <InPorts = 2> <OutPorts = 1>
ST_48 : Operation 543 [1/1] (1.01ns)   --->   "%icmp_ln351_2 = icmp_eq  i16 %tmp_11, i16 0" [top.cpp:351]   --->   Operation 543 'icmp' 'icmp_ln351_2' <Predicate = true> <Delay = 1.01> <CoreInst = "Cmp">   --->   Core 9 'Cmp' <Latency = 0> <II = 1> <Delay = 1.01> <FuncUnit> <Opcode : 'seteq' 'setne' 'setle' 'setge' 'setlt' 'setgt'> <InPorts = 2> <OutPorts = 1>
ST_48 : Operation 544 [1/1] (0.00ns) (grouped into LUT with out node and_ln351_3)   --->   "%select_ln351 = select i1 %and_ln351, i1 %icmp_ln351_1, i1 %icmp_ln351_2" [top.cpp:351]   --->   Operation 544 'select' 'select_ln351' <Predicate = true> <Delay = 0.00> <CoreInst = "Sel">   --->   Core 73 'Sel' <Latency = 0> <II = 1> <Delay = 0.26> <FuncUnit> <Opcode : 'select'> <InPorts = 3> <OutPorts = 1>
ST_48 : Operation 545 [1/1] (0.00ns) (grouped into LUT with out node and_ln351_4)   --->   "%xor_ln351_1 = xor i1 %tmp_92, i1 1" [top.cpp:351]   --->   Operation 545 'xor' 'xor_ln351_1' <Predicate = true> <Delay = 0.00> <CoreInst = "LogicGate">   --->   Core 74 'LogicGate' <Latency = 0> <II = 1> <Delay = 0.33> <FuncUnit> <Opcode : 'and' 'or' 'xor'> <InPorts = 2> <OutPorts = 1>
ST_48 : Operation 546 [1/1] (0.00ns) (grouped into LUT with out node and_ln351_4)   --->   "%and_ln351_1 = and i1 %icmp_ln351, i1 %xor_ln351_1" [top.cpp:351]   --->   Operation 546 'and' 'and_ln351_1' <Predicate = true> <Delay = 0.00> <CoreInst = "LogicGate">   --->   Core 74 'LogicGate' <Latency = 0> <II = 1> <Delay = 0.33> <FuncUnit> <Opcode : 'and' 'or' 'xor'> <InPorts = 2> <OutPorts = 1>
ST_48 : Operation 547 [1/1] (0.00ns) (grouped into LUT with out node and_ln351_4)   --->   "%select_ln351_1 = select i1 %and_ln351, i1 %and_ln351_1, i1 %icmp_ln351_1" [top.cpp:351]   --->   Operation 547 'select' 'select_ln351_1' <Predicate = true> <Delay = 0.00> <CoreInst = "Sel">   --->   Core 73 'Sel' <Latency = 0> <II = 1> <Delay = 0.26> <FuncUnit> <Opcode : 'select'> <InPorts = 3> <OutPorts = 1>
ST_48 : Operation 548 [1/1] (0.00ns) (grouped into LUT with out node or_ln351_1)   --->   "%and_ln351_2 = and i1 %and_ln351, i1 %icmp_ln351_1" [top.cpp:351]   --->   Operation 548 'and' 'and_ln351_2' <Predicate = true> <Delay = 0.00> <CoreInst = "LogicGate">   --->   Core 74 'LogicGate' <Latency = 0> <II = 1> <Delay = 0.33> <FuncUnit> <Opcode : 'and' 'or' 'xor'> <InPorts = 2> <OutPorts = 1>
ST_48 : Operation 549 [1/1] (0.00ns) (grouped into LUT with out node and_ln351_3)   --->   "%xor_ln351_2 = xor i1 %select_ln351, i1 1" [top.cpp:351]   --->   Operation 549 'xor' 'xor_ln351_2' <Predicate = true> <Delay = 0.00> <CoreInst = "LogicGate">   --->   Core 74 'LogicGate' <Latency = 0> <II = 1> <Delay = 0.33> <FuncUnit> <Opcode : 'and' 'or' 'xor'> <InPorts = 2> <OutPorts = 1>
ST_48 : Operation 550 [1/1] (0.00ns) (grouped into LUT with out node and_ln351_3)   --->   "%or_ln351 = or i1 %tmp_91, i1 %xor_ln351_2" [top.cpp:351]   --->   Operation 550 'or' 'or_ln351' <Predicate = true> <Delay = 0.00> <CoreInst = "LogicGate">   --->   Core 74 'LogicGate' <Latency = 0> <II = 1> <Delay = 0.33> <FuncUnit> <Opcode : 'and' 'or' 'xor'> <InPorts = 2> <OutPorts = 1>
ST_48 : Operation 551 [1/1] (0.00ns) (grouped into LUT with out node and_ln351_3)   --->   "%xor_ln351_3 = xor i1 %tmp_88, i1 1" [top.cpp:351]   --->   Operation 551 'xor' 'xor_ln351_3' <Predicate = true> <Delay = 0.00> <CoreInst = "LogicGate">   --->   Core 74 'LogicGate' <Latency = 0> <II = 1> <Delay = 0.33> <FuncUnit> <Opcode : 'and' 'or' 'xor'> <InPorts = 2> <OutPorts = 1>
ST_48 : Operation 552 [1/1] (0.33ns) (out node of the LUT)   --->   "%and_ln351_3 = and i1 %or_ln351, i1 %xor_ln351_3" [top.cpp:351]   --->   Operation 552 'and' 'and_ln351_3' <Predicate = true> <Delay = 0.33> <CoreInst = "LogicGate">   --->   Core 74 'LogicGate' <Latency = 0> <II = 1> <Delay = 0.33> <FuncUnit> <Opcode : 'and' 'or' 'xor'> <InPorts = 2> <OutPorts = 1>
ST_48 : Operation 553 [1/1] (0.33ns) (out node of the LUT)   --->   "%and_ln351_4 = and i1 %tmp_91, i1 %select_ln351_1" [top.cpp:351]   --->   Operation 553 'and' 'and_ln351_4' <Predicate = true> <Delay = 0.33> <CoreInst = "LogicGate">   --->   Core 74 'LogicGate' <Latency = 0> <II = 1> <Delay = 0.33> <FuncUnit> <Opcode : 'and' 'or' 'xor'> <InPorts = 2> <OutPorts = 1>
ST_48 : Operation 554 [1/1] (0.00ns) (grouped into LUT with out node or_ln351_1)   --->   "%or_ln351_2 = or i1 %and_ln351_2, i1 %and_ln351_4" [top.cpp:351]   --->   Operation 554 'or' 'or_ln351_2' <Predicate = true> <Delay = 0.00> <CoreInst = "LogicGate">   --->   Core 74 'LogicGate' <Latency = 0> <II = 1> <Delay = 0.33> <FuncUnit> <Opcode : 'and' 'or' 'xor'> <InPorts = 2> <OutPorts = 1>
ST_48 : Operation 555 [1/1] (0.00ns) (grouped into LUT with out node or_ln351_1)   --->   "%xor_ln351_4 = xor i1 %or_ln351_2, i1 1" [top.cpp:351]   --->   Operation 555 'xor' 'xor_ln351_4' <Predicate = true> <Delay = 0.00> <CoreInst = "LogicGate">   --->   Core 74 'LogicGate' <Latency = 0> <II = 1> <Delay = 0.33> <FuncUnit> <Opcode : 'and' 'or' 'xor'> <InPorts = 2> <OutPorts = 1>
ST_48 : Operation 556 [1/1] (0.00ns) (grouped into LUT with out node or_ln351_1)   --->   "%and_ln351_5 = and i1 %tmp_88, i1 %xor_ln351_4" [top.cpp:351]   --->   Operation 556 'and' 'and_ln351_5' <Predicate = true> <Delay = 0.00> <CoreInst = "LogicGate">   --->   Core 74 'LogicGate' <Latency = 0> <II = 1> <Delay = 0.33> <FuncUnit> <Opcode : 'and' 'or' 'xor'> <InPorts = 2> <OutPorts = 1>
ST_48 : Operation 557 [1/1] (0.33ns) (out node of the LUT)   --->   "%or_ln351_1 = or i1 %and_ln351_3, i1 %and_ln351_5" [top.cpp:351]   --->   Operation 557 'or' 'or_ln351_1' <Predicate = true> <Delay = 0.33> <CoreInst = "LogicGate">   --->   Core 74 'LogicGate' <Latency = 0> <II = 1> <Delay = 0.33> <FuncUnit> <Opcode : 'and' 'or' 'xor'> <InPorts = 2> <OutPorts = 1>
ST_48 : Operation 558 [1/1] (3.88ns)   --->   "%mul_ln359 = mul i64 %sext_ln351, i64 %conv7_i4184" [top.cpp:359]   --->   Operation 558 'mul' 'mul_ln359' <Predicate = true> <Delay = 3.88> <CoreInst = "Multiplier">   --->   Core 3 'Multiplier' <Latency = 0> <II = 1> <Delay = 3.88> <FuncUnit> <Opcode : 'mul'> <InPorts = 2> <OutPorts = 1>
ST_48 : Operation 559 [1/1] (0.00ns)   --->   "%tmp_104 = bitselect i1 @_ssdm_op_BitSelect.i1.i64.i32, i64 %mul_ln359, i32 63" [top.cpp:359]   --->   Operation 559 'bitselect' 'tmp_104' <Predicate = true> <Delay = 0.00>
ST_48 : Operation 560 [1/1] (0.00ns)   --->   "%w1_term1 = partselect i32 @_ssdm_op_PartSelect.i32.i64.i32.i32, i64 %mul_ln359, i32 16, i32 47" [top.cpp:359]   --->   Operation 560 'partselect' 'w1_term1' <Predicate = true> <Delay = 0.00>
ST_48 : Operation 561 [1/1] (0.00ns)   --->   "%tmp_105 = bitselect i1 @_ssdm_op_BitSelect.i1.i64.i32, i64 %mul_ln359, i32 15" [top.cpp:359]   --->   Operation 561 'bitselect' 'tmp_105' <Predicate = true> <Delay = 0.00>
ST_48 : Operation 562 [1/1] (0.00ns) (grouped into LUT with out node and_ln359)   --->   "%tmp_106 = bitselect i1 @_ssdm_op_BitSelect.i1.i64.i32, i64 %mul_ln359, i32 47" [top.cpp:359]   --->   Operation 562 'bitselect' 'tmp_106' <Predicate = true> <Delay = 0.00>
ST_48 : Operation 563 [1/1] (0.00ns)   --->   "%zext_ln359 = zext i1 %tmp_105" [top.cpp:359]   --->   Operation 563 'zext' 'zext_ln359' <Predicate = true> <Delay = 0.00>
ST_48 : Operation 564 [1/1] (1.20ns)   --->   "%w1_term1_1 = add i32 %w1_term1, i32 %zext_ln359" [top.cpp:359]   --->   Operation 564 'add' 'w1_term1_1' <Predicate = true> <Delay = 1.20> <CoreInst = "Adder">   --->   Core 1 'Adder' <Latency = 0> <II = 1> <Delay = 1.20> <FuncUnit> <Opcode : 'add' 'sub'> <InPorts = 2> <OutPorts = 1>
ST_48 : Operation 565 [1/1] (0.00ns)   --->   "%tmp_107 = bitselect i1 @_ssdm_op_BitSelect.i1.i32.i32, i32 %w1_term1_1, i32 31" [top.cpp:359]   --->   Operation 565 'bitselect' 'tmp_107' <Predicate = true> <Delay = 0.00>
ST_48 : Operation 566 [1/1] (0.00ns) (grouped into LUT with out node and_ln359)   --->   "%xor_ln359 = xor i1 %tmp_107, i1 1" [top.cpp:359]   --->   Operation 566 'xor' 'xor_ln359' <Predicate = true> <Delay = 0.00> <CoreInst = "LogicGate">   --->   Core 74 'LogicGate' <Latency = 0> <II = 1> <Delay = 0.33> <FuncUnit> <Opcode : 'and' 'or' 'xor'> <InPorts = 2> <OutPorts = 1>
ST_48 : Operation 567 [1/1] (0.33ns) (out node of the LUT)   --->   "%and_ln359 = and i1 %tmp_106, i1 %xor_ln359" [top.cpp:359]   --->   Operation 567 'and' 'and_ln359' <Predicate = true> <Delay = 0.33> <CoreInst = "LogicGate">   --->   Core 74 'LogicGate' <Latency = 0> <II = 1> <Delay = 0.33> <FuncUnit> <Opcode : 'and' 'or' 'xor'> <InPorts = 2> <OutPorts = 1>
ST_48 : Operation 568 [1/1] (0.00ns) (grouped into LUT with out node and_ln359_4)   --->   "%tmp_108 = bitselect i1 @_ssdm_op_BitSelect.i1.i64.i32, i64 %mul_ln359, i32 48" [top.cpp:359]   --->   Operation 568 'bitselect' 'tmp_108' <Predicate = true> <Delay = 0.00>
ST_48 : Operation 569 [1/1] (0.00ns)   --->   "%tmp_14 = partselect i15 @_ssdm_op_PartSelect.i15.i64.i32, i64 %mul_ln359, i32 49" [top.cpp:359]   --->   Operation 569 'partselect' 'tmp_14' <Predicate = true> <Delay = 0.00>
ST_48 : Operation 570 [1/1] (1.00ns)   --->   "%icmp_ln359 = icmp_eq  i15 %tmp_14, i15 32767" [top.cpp:359]   --->   Operation 570 'icmp' 'icmp_ln359' <Predicate = true> <Delay = 1.00> <CoreInst = "Cmp">   --->   Core 9 'Cmp' <Latency = 0> <II = 1> <Delay = 1.00> <FuncUnit> <Opcode : 'seteq' 'setne' 'setle' 'setge' 'setlt' 'setgt'> <InPorts = 2> <OutPorts = 1>
ST_48 : Operation 571 [1/1] (0.00ns)   --->   "%tmp_15 = partselect i16 @_ssdm_op_PartSelect.i16.i64.i32, i64 %mul_ln359, i32 48" [top.cpp:359]   --->   Operation 571 'partselect' 'tmp_15' <Predicate = true> <Delay = 0.00>
ST_48 : Operation 572 [1/1] (1.01ns)   --->   "%icmp_ln359_1 = icmp_eq  i16 %tmp_15, i16 65535" [top.cpp:359]   --->   Operation 572 'icmp' 'icmp_ln359_1' <Predicate = true> <Delay = 1.01> <CoreInst = "Cmp">   --->   Core 9 'Cmp' <Latency = 0> <II = 1> <Delay = 1.01> <FuncUnit> <Opcode : 'seteq' 'setne' 'setle' 'setge' 'setlt' 'setgt'> <InPorts = 2> <OutPorts = 1>
ST_48 : Operation 573 [1/1] (1.01ns)   --->   "%icmp_ln359_2 = icmp_eq  i16 %tmp_15, i16 0" [top.cpp:359]   --->   Operation 573 'icmp' 'icmp_ln359_2' <Predicate = true> <Delay = 1.01> <CoreInst = "Cmp">   --->   Core 9 'Cmp' <Latency = 0> <II = 1> <Delay = 1.01> <FuncUnit> <Opcode : 'seteq' 'setne' 'setle' 'setge' 'setlt' 'setgt'> <InPorts = 2> <OutPorts = 1>
ST_48 : Operation 574 [1/1] (0.00ns) (grouped into LUT with out node and_ln359_3)   --->   "%select_ln359 = select i1 %and_ln359, i1 %icmp_ln359_1, i1 %icmp_ln359_2" [top.cpp:359]   --->   Operation 574 'select' 'select_ln359' <Predicate = true> <Delay = 0.00> <CoreInst = "Sel">   --->   Core 73 'Sel' <Latency = 0> <II = 1> <Delay = 0.26> <FuncUnit> <Opcode : 'select'> <InPorts = 3> <OutPorts = 1>
ST_48 : Operation 575 [1/1] (0.00ns) (grouped into LUT with out node and_ln359_4)   --->   "%xor_ln359_1 = xor i1 %tmp_108, i1 1" [top.cpp:359]   --->   Operation 575 'xor' 'xor_ln359_1' <Predicate = true> <Delay = 0.00> <CoreInst = "LogicGate">   --->   Core 74 'LogicGate' <Latency = 0> <II = 1> <Delay = 0.33> <FuncUnit> <Opcode : 'and' 'or' 'xor'> <InPorts = 2> <OutPorts = 1>
ST_48 : Operation 576 [1/1] (0.00ns) (grouped into LUT with out node and_ln359_4)   --->   "%and_ln359_1 = and i1 %icmp_ln359, i1 %xor_ln359_1" [top.cpp:359]   --->   Operation 576 'and' 'and_ln359_1' <Predicate = true> <Delay = 0.00> <CoreInst = "LogicGate">   --->   Core 74 'LogicGate' <Latency = 0> <II = 1> <Delay = 0.33> <FuncUnit> <Opcode : 'and' 'or' 'xor'> <InPorts = 2> <OutPorts = 1>
ST_48 : Operation 577 [1/1] (0.00ns) (grouped into LUT with out node and_ln359_4)   --->   "%select_ln359_1 = select i1 %and_ln359, i1 %and_ln359_1, i1 %icmp_ln359_1" [top.cpp:359]   --->   Operation 577 'select' 'select_ln359_1' <Predicate = true> <Delay = 0.00> <CoreInst = "Sel">   --->   Core 73 'Sel' <Latency = 0> <II = 1> <Delay = 0.26> <FuncUnit> <Opcode : 'select'> <InPorts = 3> <OutPorts = 1>
ST_48 : Operation 578 [1/1] (0.00ns) (grouped into LUT with out node or_ln359_1)   --->   "%and_ln359_2 = and i1 %and_ln359, i1 %icmp_ln359_1" [top.cpp:359]   --->   Operation 578 'and' 'and_ln359_2' <Predicate = true> <Delay = 0.00> <CoreInst = "LogicGate">   --->   Core 74 'LogicGate' <Latency = 0> <II = 1> <Delay = 0.33> <FuncUnit> <Opcode : 'and' 'or' 'xor'> <InPorts = 2> <OutPorts = 1>
ST_48 : Operation 579 [1/1] (0.00ns) (grouped into LUT with out node and_ln359_3)   --->   "%xor_ln359_2 = xor i1 %select_ln359, i1 1" [top.cpp:359]   --->   Operation 579 'xor' 'xor_ln359_2' <Predicate = true> <Delay = 0.00> <CoreInst = "LogicGate">   --->   Core 74 'LogicGate' <Latency = 0> <II = 1> <Delay = 0.33> <FuncUnit> <Opcode : 'and' 'or' 'xor'> <InPorts = 2> <OutPorts = 1>
ST_48 : Operation 580 [1/1] (0.00ns) (grouped into LUT with out node and_ln359_3)   --->   "%or_ln359 = or i1 %tmp_107, i1 %xor_ln359_2" [top.cpp:359]   --->   Operation 580 'or' 'or_ln359' <Predicate = true> <Delay = 0.00> <CoreInst = "LogicGate">   --->   Core 74 'LogicGate' <Latency = 0> <II = 1> <Delay = 0.33> <FuncUnit> <Opcode : 'and' 'or' 'xor'> <InPorts = 2> <OutPorts = 1>
ST_48 : Operation 581 [1/1] (0.00ns) (grouped into LUT with out node and_ln359_3)   --->   "%xor_ln359_3 = xor i1 %tmp_104, i1 1" [top.cpp:359]   --->   Operation 581 'xor' 'xor_ln359_3' <Predicate = true> <Delay = 0.00> <CoreInst = "LogicGate">   --->   Core 74 'LogicGate' <Latency = 0> <II = 1> <Delay = 0.33> <FuncUnit> <Opcode : 'and' 'or' 'xor'> <InPorts = 2> <OutPorts = 1>
ST_48 : Operation 582 [1/1] (0.33ns) (out node of the LUT)   --->   "%and_ln359_3 = and i1 %or_ln359, i1 %xor_ln359_3" [top.cpp:359]   --->   Operation 582 'and' 'and_ln359_3' <Predicate = true> <Delay = 0.33> <CoreInst = "LogicGate">   --->   Core 74 'LogicGate' <Latency = 0> <II = 1> <Delay = 0.33> <FuncUnit> <Opcode : 'and' 'or' 'xor'> <InPorts = 2> <OutPorts = 1>
ST_48 : Operation 583 [1/1] (0.33ns) (out node of the LUT)   --->   "%and_ln359_4 = and i1 %tmp_107, i1 %select_ln359_1" [top.cpp:359]   --->   Operation 583 'and' 'and_ln359_4' <Predicate = true> <Delay = 0.33> <CoreInst = "LogicGate">   --->   Core 74 'LogicGate' <Latency = 0> <II = 1> <Delay = 0.33> <FuncUnit> <Opcode : 'and' 'or' 'xor'> <InPorts = 2> <OutPorts = 1>
ST_48 : Operation 584 [1/1] (0.00ns) (grouped into LUT with out node or_ln359_1)   --->   "%or_ln359_2 = or i1 %and_ln359_2, i1 %and_ln359_4" [top.cpp:359]   --->   Operation 584 'or' 'or_ln359_2' <Predicate = true> <Delay = 0.00> <CoreInst = "LogicGate">   --->   Core 74 'LogicGate' <Latency = 0> <II = 1> <Delay = 0.33> <FuncUnit> <Opcode : 'and' 'or' 'xor'> <InPorts = 2> <OutPorts = 1>
ST_48 : Operation 585 [1/1] (0.00ns) (grouped into LUT with out node or_ln359_1)   --->   "%xor_ln359_4 = xor i1 %or_ln359_2, i1 1" [top.cpp:359]   --->   Operation 585 'xor' 'xor_ln359_4' <Predicate = true> <Delay = 0.00> <CoreInst = "LogicGate">   --->   Core 74 'LogicGate' <Latency = 0> <II = 1> <Delay = 0.33> <FuncUnit> <Opcode : 'and' 'or' 'xor'> <InPorts = 2> <OutPorts = 1>
ST_48 : Operation 586 [1/1] (0.00ns) (grouped into LUT with out node or_ln359_1)   --->   "%and_ln359_5 = and i1 %tmp_104, i1 %xor_ln359_4" [top.cpp:359]   --->   Operation 586 'and' 'and_ln359_5' <Predicate = true> <Delay = 0.00> <CoreInst = "LogicGate">   --->   Core 74 'LogicGate' <Latency = 0> <II = 1> <Delay = 0.33> <FuncUnit> <Opcode : 'and' 'or' 'xor'> <InPorts = 2> <OutPorts = 1>
ST_48 : Operation 587 [1/1] (0.33ns) (out node of the LUT)   --->   "%or_ln359_1 = or i1 %and_ln359_3, i1 %and_ln359_5" [top.cpp:359]   --->   Operation 587 'or' 'or_ln359_1' <Predicate = true> <Delay = 0.33> <CoreInst = "LogicGate">   --->   Core 74 'LogicGate' <Latency = 0> <II = 1> <Delay = 0.33> <FuncUnit> <Opcode : 'and' 'or' 'xor'> <InPorts = 2> <OutPorts = 1>
ST_48 : Operation 588 [1/1] (0.00ns)   --->   "%sext_ln363 = sext i32 %w1_dx0_2" [top.cpp:363]   --->   Operation 588 'sext' 'sext_ln363' <Predicate = true> <Delay = 0.00>
ST_48 : Operation 589 [1/1] (3.88ns)   --->   "%mul_ln363 = mul i64 %sext_ln363, i64 %conv7_i5081" [top.cpp:363]   --->   Operation 589 'mul' 'mul_ln363' <Predicate = true> <Delay = 3.88> <CoreInst = "Multiplier">   --->   Core 3 'Multiplier' <Latency = 0> <II = 1> <Delay = 3.88> <FuncUnit> <Opcode : 'mul'> <InPorts = 2> <OutPorts = 1>
ST_48 : Operation 590 [1/1] (0.00ns)   --->   "%tmp_113 = bitselect i1 @_ssdm_op_BitSelect.i1.i64.i32, i64 %mul_ln363, i32 63" [top.cpp:363]   --->   Operation 590 'bitselect' 'tmp_113' <Predicate = true> <Delay = 0.00>
ST_48 : Operation 591 [1/1] (0.00ns)   --->   "%w1_term2 = partselect i32 @_ssdm_op_PartSelect.i32.i64.i32.i32, i64 %mul_ln363, i32 16, i32 47" [top.cpp:363]   --->   Operation 591 'partselect' 'w1_term2' <Predicate = true> <Delay = 0.00>
ST_48 : Operation 592 [1/1] (0.00ns)   --->   "%tmp_114 = bitselect i1 @_ssdm_op_BitSelect.i1.i64.i32, i64 %mul_ln363, i32 15" [top.cpp:363]   --->   Operation 592 'bitselect' 'tmp_114' <Predicate = true> <Delay = 0.00>
ST_48 : Operation 593 [1/1] (0.00ns) (grouped into LUT with out node and_ln363)   --->   "%tmp_115 = bitselect i1 @_ssdm_op_BitSelect.i1.i64.i32, i64 %mul_ln363, i32 47" [top.cpp:363]   --->   Operation 593 'bitselect' 'tmp_115' <Predicate = true> <Delay = 0.00>
ST_48 : Operation 594 [1/1] (0.00ns)   --->   "%zext_ln363 = zext i1 %tmp_114" [top.cpp:363]   --->   Operation 594 'zext' 'zext_ln363' <Predicate = true> <Delay = 0.00>
ST_48 : Operation 595 [1/1] (1.20ns)   --->   "%w1_term2_1 = add i32 %w1_term2, i32 %zext_ln363" [top.cpp:363]   --->   Operation 595 'add' 'w1_term2_1' <Predicate = true> <Delay = 1.20> <CoreInst = "Adder">   --->   Core 1 'Adder' <Latency = 0> <II = 1> <Delay = 1.20> <FuncUnit> <Opcode : 'add' 'sub'> <InPorts = 2> <OutPorts = 1>
ST_48 : Operation 596 [1/1] (0.00ns)   --->   "%tmp_116 = bitselect i1 @_ssdm_op_BitSelect.i1.i32.i32, i32 %w1_term2_1, i32 31" [top.cpp:363]   --->   Operation 596 'bitselect' 'tmp_116' <Predicate = true> <Delay = 0.00>
ST_48 : Operation 597 [1/1] (0.00ns) (grouped into LUT with out node and_ln363)   --->   "%xor_ln363 = xor i1 %tmp_116, i1 1" [top.cpp:363]   --->   Operation 597 'xor' 'xor_ln363' <Predicate = true> <Delay = 0.00> <CoreInst = "LogicGate">   --->   Core 74 'LogicGate' <Latency = 0> <II = 1> <Delay = 0.33> <FuncUnit> <Opcode : 'and' 'or' 'xor'> <InPorts = 2> <OutPorts = 1>
ST_48 : Operation 598 [1/1] (0.33ns) (out node of the LUT)   --->   "%and_ln363 = and i1 %tmp_115, i1 %xor_ln363" [top.cpp:363]   --->   Operation 598 'and' 'and_ln363' <Predicate = true> <Delay = 0.33> <CoreInst = "LogicGate">   --->   Core 74 'LogicGate' <Latency = 0> <II = 1> <Delay = 0.33> <FuncUnit> <Opcode : 'and' 'or' 'xor'> <InPorts = 2> <OutPorts = 1>
ST_48 : Operation 599 [1/1] (0.00ns) (grouped into LUT with out node and_ln363_4)   --->   "%tmp_117 = bitselect i1 @_ssdm_op_BitSelect.i1.i64.i32, i64 %mul_ln363, i32 48" [top.cpp:363]   --->   Operation 599 'bitselect' 'tmp_117' <Predicate = true> <Delay = 0.00>
ST_48 : Operation 600 [1/1] (0.00ns)   --->   "%tmp_16 = partselect i15 @_ssdm_op_PartSelect.i15.i64.i32, i64 %mul_ln363, i32 49" [top.cpp:363]   --->   Operation 600 'partselect' 'tmp_16' <Predicate = true> <Delay = 0.00>
ST_48 : Operation 601 [1/1] (1.00ns)   --->   "%icmp_ln363 = icmp_eq  i15 %tmp_16, i15 32767" [top.cpp:363]   --->   Operation 601 'icmp' 'icmp_ln363' <Predicate = true> <Delay = 1.00> <CoreInst = "Cmp">   --->   Core 9 'Cmp' <Latency = 0> <II = 1> <Delay = 1.00> <FuncUnit> <Opcode : 'seteq' 'setne' 'setle' 'setge' 'setlt' 'setgt'> <InPorts = 2> <OutPorts = 1>
ST_48 : Operation 602 [1/1] (0.00ns)   --->   "%tmp_17 = partselect i16 @_ssdm_op_PartSelect.i16.i64.i32, i64 %mul_ln363, i32 48" [top.cpp:363]   --->   Operation 602 'partselect' 'tmp_17' <Predicate = true> <Delay = 0.00>
ST_48 : Operation 603 [1/1] (1.01ns)   --->   "%icmp_ln363_1 = icmp_eq  i16 %tmp_17, i16 65535" [top.cpp:363]   --->   Operation 603 'icmp' 'icmp_ln363_1' <Predicate = true> <Delay = 1.01> <CoreInst = "Cmp">   --->   Core 9 'Cmp' <Latency = 0> <II = 1> <Delay = 1.01> <FuncUnit> <Opcode : 'seteq' 'setne' 'setle' 'setge' 'setlt' 'setgt'> <InPorts = 2> <OutPorts = 1>
ST_48 : Operation 604 [1/1] (1.01ns)   --->   "%icmp_ln363_2 = icmp_eq  i16 %tmp_17, i16 0" [top.cpp:363]   --->   Operation 604 'icmp' 'icmp_ln363_2' <Predicate = true> <Delay = 1.01> <CoreInst = "Cmp">   --->   Core 9 'Cmp' <Latency = 0> <II = 1> <Delay = 1.01> <FuncUnit> <Opcode : 'seteq' 'setne' 'setle' 'setge' 'setlt' 'setgt'> <InPorts = 2> <OutPorts = 1>
ST_48 : Operation 605 [1/1] (0.00ns) (grouped into LUT with out node and_ln363_3)   --->   "%select_ln363 = select i1 %and_ln363, i1 %icmp_ln363_1, i1 %icmp_ln363_2" [top.cpp:363]   --->   Operation 605 'select' 'select_ln363' <Predicate = true> <Delay = 0.00> <CoreInst = "Sel">   --->   Core 73 'Sel' <Latency = 0> <II = 1> <Delay = 0.26> <FuncUnit> <Opcode : 'select'> <InPorts = 3> <OutPorts = 1>
ST_48 : Operation 606 [1/1] (0.00ns) (grouped into LUT with out node and_ln363_4)   --->   "%xor_ln363_1 = xor i1 %tmp_117, i1 1" [top.cpp:363]   --->   Operation 606 'xor' 'xor_ln363_1' <Predicate = true> <Delay = 0.00> <CoreInst = "LogicGate">   --->   Core 74 'LogicGate' <Latency = 0> <II = 1> <Delay = 0.33> <FuncUnit> <Opcode : 'and' 'or' 'xor'> <InPorts = 2> <OutPorts = 1>
ST_48 : Operation 607 [1/1] (0.00ns) (grouped into LUT with out node and_ln363_4)   --->   "%and_ln363_1 = and i1 %icmp_ln363, i1 %xor_ln363_1" [top.cpp:363]   --->   Operation 607 'and' 'and_ln363_1' <Predicate = true> <Delay = 0.00> <CoreInst = "LogicGate">   --->   Core 74 'LogicGate' <Latency = 0> <II = 1> <Delay = 0.33> <FuncUnit> <Opcode : 'and' 'or' 'xor'> <InPorts = 2> <OutPorts = 1>
ST_48 : Operation 608 [1/1] (0.00ns) (grouped into LUT with out node and_ln363_4)   --->   "%select_ln363_1 = select i1 %and_ln363, i1 %and_ln363_1, i1 %icmp_ln363_1" [top.cpp:363]   --->   Operation 608 'select' 'select_ln363_1' <Predicate = true> <Delay = 0.00> <CoreInst = "Sel">   --->   Core 73 'Sel' <Latency = 0> <II = 1> <Delay = 0.26> <FuncUnit> <Opcode : 'select'> <InPorts = 3> <OutPorts = 1>
ST_48 : Operation 609 [1/1] (0.00ns) (grouped into LUT with out node or_ln363_1)   --->   "%and_ln363_2 = and i1 %and_ln363, i1 %icmp_ln363_1" [top.cpp:363]   --->   Operation 609 'and' 'and_ln363_2' <Predicate = true> <Delay = 0.00> <CoreInst = "LogicGate">   --->   Core 74 'LogicGate' <Latency = 0> <II = 1> <Delay = 0.33> <FuncUnit> <Opcode : 'and' 'or' 'xor'> <InPorts = 2> <OutPorts = 1>
ST_48 : Operation 610 [1/1] (0.00ns) (grouped into LUT with out node and_ln363_3)   --->   "%xor_ln363_2 = xor i1 %select_ln363, i1 1" [top.cpp:363]   --->   Operation 610 'xor' 'xor_ln363_2' <Predicate = true> <Delay = 0.00> <CoreInst = "LogicGate">   --->   Core 74 'LogicGate' <Latency = 0> <II = 1> <Delay = 0.33> <FuncUnit> <Opcode : 'and' 'or' 'xor'> <InPorts = 2> <OutPorts = 1>
ST_48 : Operation 611 [1/1] (0.00ns) (grouped into LUT with out node and_ln363_3)   --->   "%or_ln363 = or i1 %tmp_116, i1 %xor_ln363_2" [top.cpp:363]   --->   Operation 611 'or' 'or_ln363' <Predicate = true> <Delay = 0.00> <CoreInst = "LogicGate">   --->   Core 74 'LogicGate' <Latency = 0> <II = 1> <Delay = 0.33> <FuncUnit> <Opcode : 'and' 'or' 'xor'> <InPorts = 2> <OutPorts = 1>
ST_48 : Operation 612 [1/1] (0.00ns) (grouped into LUT with out node and_ln363_3)   --->   "%xor_ln363_3 = xor i1 %tmp_113, i1 1" [top.cpp:363]   --->   Operation 612 'xor' 'xor_ln363_3' <Predicate = true> <Delay = 0.00> <CoreInst = "LogicGate">   --->   Core 74 'LogicGate' <Latency = 0> <II = 1> <Delay = 0.33> <FuncUnit> <Opcode : 'and' 'or' 'xor'> <InPorts = 2> <OutPorts = 1>
ST_48 : Operation 613 [1/1] (0.33ns) (out node of the LUT)   --->   "%and_ln363_3 = and i1 %or_ln363, i1 %xor_ln363_3" [top.cpp:363]   --->   Operation 613 'and' 'and_ln363_3' <Predicate = true> <Delay = 0.33> <CoreInst = "LogicGate">   --->   Core 74 'LogicGate' <Latency = 0> <II = 1> <Delay = 0.33> <FuncUnit> <Opcode : 'and' 'or' 'xor'> <InPorts = 2> <OutPorts = 1>
ST_48 : Operation 614 [1/1] (0.33ns) (out node of the LUT)   --->   "%and_ln363_4 = and i1 %tmp_116, i1 %select_ln363_1" [top.cpp:363]   --->   Operation 614 'and' 'and_ln363_4' <Predicate = true> <Delay = 0.33> <CoreInst = "LogicGate">   --->   Core 74 'LogicGate' <Latency = 0> <II = 1> <Delay = 0.33> <FuncUnit> <Opcode : 'and' 'or' 'xor'> <InPorts = 2> <OutPorts = 1>
ST_48 : Operation 615 [1/1] (0.00ns) (grouped into LUT with out node or_ln363_1)   --->   "%or_ln363_2 = or i1 %and_ln363_2, i1 %and_ln363_4" [top.cpp:363]   --->   Operation 615 'or' 'or_ln363_2' <Predicate = true> <Delay = 0.00> <CoreInst = "LogicGate">   --->   Core 74 'LogicGate' <Latency = 0> <II = 1> <Delay = 0.33> <FuncUnit> <Opcode : 'and' 'or' 'xor'> <InPorts = 2> <OutPorts = 1>
ST_48 : Operation 616 [1/1] (0.00ns) (grouped into LUT with out node or_ln363_1)   --->   "%xor_ln363_4 = xor i1 %or_ln363_2, i1 1" [top.cpp:363]   --->   Operation 616 'xor' 'xor_ln363_4' <Predicate = true> <Delay = 0.00> <CoreInst = "LogicGate">   --->   Core 74 'LogicGate' <Latency = 0> <II = 1> <Delay = 0.33> <FuncUnit> <Opcode : 'and' 'or' 'xor'> <InPorts = 2> <OutPorts = 1>
ST_48 : Operation 617 [1/1] (0.00ns) (grouped into LUT with out node or_ln363_1)   --->   "%and_ln363_5 = and i1 %tmp_113, i1 %xor_ln363_4" [top.cpp:363]   --->   Operation 617 'and' 'and_ln363_5' <Predicate = true> <Delay = 0.00> <CoreInst = "LogicGate">   --->   Core 74 'LogicGate' <Latency = 0> <II = 1> <Delay = 0.33> <FuncUnit> <Opcode : 'and' 'or' 'xor'> <InPorts = 2> <OutPorts = 1>
ST_48 : Operation 618 [1/1] (0.33ns) (out node of the LUT)   --->   "%or_ln363_1 = or i1 %and_ln363_3, i1 %and_ln363_5" [top.cpp:363]   --->   Operation 618 'or' 'or_ln363_1' <Predicate = true> <Delay = 0.33> <CoreInst = "LogicGate">   --->   Core 74 'LogicGate' <Latency = 0> <II = 1> <Delay = 0.33> <FuncUnit> <Opcode : 'and' 'or' 'xor'> <InPorts = 2> <OutPorts = 1>
ST_48 : Operation 619 [1/1] (3.88ns)   --->   "%mul_ln371 = mul i64 %sext_ln363, i64 %conv7_i4750" [top.cpp:371]   --->   Operation 619 'mul' 'mul_ln371' <Predicate = true> <Delay = 3.88> <CoreInst = "Multiplier">   --->   Core 3 'Multiplier' <Latency = 0> <II = 1> <Delay = 3.88> <FuncUnit> <Opcode : 'mul'> <InPorts = 2> <OutPorts = 1>
ST_48 : Operation 620 [1/1] (0.00ns)   --->   "%tmp_129 = bitselect i1 @_ssdm_op_BitSelect.i1.i64.i32, i64 %mul_ln371, i32 63" [top.cpp:371]   --->   Operation 620 'bitselect' 'tmp_129' <Predicate = true> <Delay = 0.00>
ST_48 : Operation 621 [1/1] (0.00ns)   --->   "%w2_term1 = partselect i32 @_ssdm_op_PartSelect.i32.i64.i32.i32, i64 %mul_ln371, i32 16, i32 47" [top.cpp:371]   --->   Operation 621 'partselect' 'w2_term1' <Predicate = true> <Delay = 0.00>
ST_48 : Operation 622 [1/1] (0.00ns)   --->   "%tmp_130 = bitselect i1 @_ssdm_op_BitSelect.i1.i64.i32, i64 %mul_ln371, i32 15" [top.cpp:371]   --->   Operation 622 'bitselect' 'tmp_130' <Predicate = true> <Delay = 0.00>
ST_48 : Operation 623 [1/1] (0.00ns) (grouped into LUT with out node and_ln371)   --->   "%tmp_131 = bitselect i1 @_ssdm_op_BitSelect.i1.i64.i32, i64 %mul_ln371, i32 47" [top.cpp:371]   --->   Operation 623 'bitselect' 'tmp_131' <Predicate = true> <Delay = 0.00>
ST_48 : Operation 624 [1/1] (0.00ns)   --->   "%zext_ln371 = zext i1 %tmp_130" [top.cpp:371]   --->   Operation 624 'zext' 'zext_ln371' <Predicate = true> <Delay = 0.00>
ST_48 : Operation 625 [1/1] (1.20ns)   --->   "%w2_term1_1 = add i32 %w2_term1, i32 %zext_ln371" [top.cpp:371]   --->   Operation 625 'add' 'w2_term1_1' <Predicate = true> <Delay = 1.20> <CoreInst = "Adder">   --->   Core 1 'Adder' <Latency = 0> <II = 1> <Delay = 1.20> <FuncUnit> <Opcode : 'add' 'sub'> <InPorts = 2> <OutPorts = 1>
ST_48 : Operation 626 [1/1] (0.00ns)   --->   "%tmp_132 = bitselect i1 @_ssdm_op_BitSelect.i1.i32.i32, i32 %w2_term1_1, i32 31" [top.cpp:371]   --->   Operation 626 'bitselect' 'tmp_132' <Predicate = true> <Delay = 0.00>
ST_48 : Operation 627 [1/1] (0.00ns) (grouped into LUT with out node and_ln371)   --->   "%xor_ln371 = xor i1 %tmp_132, i1 1" [top.cpp:371]   --->   Operation 627 'xor' 'xor_ln371' <Predicate = true> <Delay = 0.00> <CoreInst = "LogicGate">   --->   Core 74 'LogicGate' <Latency = 0> <II = 1> <Delay = 0.33> <FuncUnit> <Opcode : 'and' 'or' 'xor'> <InPorts = 2> <OutPorts = 1>
ST_48 : Operation 628 [1/1] (0.33ns) (out node of the LUT)   --->   "%and_ln371 = and i1 %tmp_131, i1 %xor_ln371" [top.cpp:371]   --->   Operation 628 'and' 'and_ln371' <Predicate = true> <Delay = 0.33> <CoreInst = "LogicGate">   --->   Core 74 'LogicGate' <Latency = 0> <II = 1> <Delay = 0.33> <FuncUnit> <Opcode : 'and' 'or' 'xor'> <InPorts = 2> <OutPorts = 1>
ST_48 : Operation 629 [1/1] (0.00ns) (grouped into LUT with out node and_ln371_4)   --->   "%tmp_133 = bitselect i1 @_ssdm_op_BitSelect.i1.i64.i32, i64 %mul_ln371, i32 48" [top.cpp:371]   --->   Operation 629 'bitselect' 'tmp_133' <Predicate = true> <Delay = 0.00>
ST_48 : Operation 630 [1/1] (0.00ns)   --->   "%tmp_20 = partselect i15 @_ssdm_op_PartSelect.i15.i64.i32, i64 %mul_ln371, i32 49" [top.cpp:371]   --->   Operation 630 'partselect' 'tmp_20' <Predicate = true> <Delay = 0.00>
ST_48 : Operation 631 [1/1] (1.00ns)   --->   "%icmp_ln371 = icmp_eq  i15 %tmp_20, i15 32767" [top.cpp:371]   --->   Operation 631 'icmp' 'icmp_ln371' <Predicate = true> <Delay = 1.00> <CoreInst = "Cmp">   --->   Core 9 'Cmp' <Latency = 0> <II = 1> <Delay = 1.00> <FuncUnit> <Opcode : 'seteq' 'setne' 'setle' 'setge' 'setlt' 'setgt'> <InPorts = 2> <OutPorts = 1>
ST_48 : Operation 632 [1/1] (0.00ns)   --->   "%tmp_21 = partselect i16 @_ssdm_op_PartSelect.i16.i64.i32, i64 %mul_ln371, i32 48" [top.cpp:371]   --->   Operation 632 'partselect' 'tmp_21' <Predicate = true> <Delay = 0.00>
ST_48 : Operation 633 [1/1] (1.01ns)   --->   "%icmp_ln371_1 = icmp_eq  i16 %tmp_21, i16 65535" [top.cpp:371]   --->   Operation 633 'icmp' 'icmp_ln371_1' <Predicate = true> <Delay = 1.01> <CoreInst = "Cmp">   --->   Core 9 'Cmp' <Latency = 0> <II = 1> <Delay = 1.01> <FuncUnit> <Opcode : 'seteq' 'setne' 'setle' 'setge' 'setlt' 'setgt'> <InPorts = 2> <OutPorts = 1>
ST_48 : Operation 634 [1/1] (1.01ns)   --->   "%icmp_ln371_2 = icmp_eq  i16 %tmp_21, i16 0" [top.cpp:371]   --->   Operation 634 'icmp' 'icmp_ln371_2' <Predicate = true> <Delay = 1.01> <CoreInst = "Cmp">   --->   Core 9 'Cmp' <Latency = 0> <II = 1> <Delay = 1.01> <FuncUnit> <Opcode : 'seteq' 'setne' 'setle' 'setge' 'setlt' 'setgt'> <InPorts = 2> <OutPorts = 1>
ST_48 : Operation 635 [1/1] (0.00ns) (grouped into LUT with out node and_ln371_3)   --->   "%select_ln371 = select i1 %and_ln371, i1 %icmp_ln371_1, i1 %icmp_ln371_2" [top.cpp:371]   --->   Operation 635 'select' 'select_ln371' <Predicate = true> <Delay = 0.00> <CoreInst = "Sel">   --->   Core 73 'Sel' <Latency = 0> <II = 1> <Delay = 0.26> <FuncUnit> <Opcode : 'select'> <InPorts = 3> <OutPorts = 1>
ST_48 : Operation 636 [1/1] (0.00ns) (grouped into LUT with out node and_ln371_4)   --->   "%xor_ln371_1 = xor i1 %tmp_133, i1 1" [top.cpp:371]   --->   Operation 636 'xor' 'xor_ln371_1' <Predicate = true> <Delay = 0.00> <CoreInst = "LogicGate">   --->   Core 74 'LogicGate' <Latency = 0> <II = 1> <Delay = 0.33> <FuncUnit> <Opcode : 'and' 'or' 'xor'> <InPorts = 2> <OutPorts = 1>
ST_48 : Operation 637 [1/1] (0.00ns) (grouped into LUT with out node and_ln371_4)   --->   "%and_ln371_1 = and i1 %icmp_ln371, i1 %xor_ln371_1" [top.cpp:371]   --->   Operation 637 'and' 'and_ln371_1' <Predicate = true> <Delay = 0.00> <CoreInst = "LogicGate">   --->   Core 74 'LogicGate' <Latency = 0> <II = 1> <Delay = 0.33> <FuncUnit> <Opcode : 'and' 'or' 'xor'> <InPorts = 2> <OutPorts = 1>
ST_48 : Operation 638 [1/1] (0.00ns) (grouped into LUT with out node and_ln371_4)   --->   "%select_ln371_1 = select i1 %and_ln371, i1 %and_ln371_1, i1 %icmp_ln371_1" [top.cpp:371]   --->   Operation 638 'select' 'select_ln371_1' <Predicate = true> <Delay = 0.00> <CoreInst = "Sel">   --->   Core 73 'Sel' <Latency = 0> <II = 1> <Delay = 0.26> <FuncUnit> <Opcode : 'select'> <InPorts = 3> <OutPorts = 1>
ST_48 : Operation 639 [1/1] (0.00ns) (grouped into LUT with out node or_ln371_1)   --->   "%and_ln371_2 = and i1 %and_ln371, i1 %icmp_ln371_1" [top.cpp:371]   --->   Operation 639 'and' 'and_ln371_2' <Predicate = true> <Delay = 0.00> <CoreInst = "LogicGate">   --->   Core 74 'LogicGate' <Latency = 0> <II = 1> <Delay = 0.33> <FuncUnit> <Opcode : 'and' 'or' 'xor'> <InPorts = 2> <OutPorts = 1>
ST_48 : Operation 640 [1/1] (0.00ns) (grouped into LUT with out node and_ln371_3)   --->   "%xor_ln371_2 = xor i1 %select_ln371, i1 1" [top.cpp:371]   --->   Operation 640 'xor' 'xor_ln371_2' <Predicate = true> <Delay = 0.00> <CoreInst = "LogicGate">   --->   Core 74 'LogicGate' <Latency = 0> <II = 1> <Delay = 0.33> <FuncUnit> <Opcode : 'and' 'or' 'xor'> <InPorts = 2> <OutPorts = 1>
ST_48 : Operation 641 [1/1] (0.00ns) (grouped into LUT with out node and_ln371_3)   --->   "%or_ln371 = or i1 %tmp_132, i1 %xor_ln371_2" [top.cpp:371]   --->   Operation 641 'or' 'or_ln371' <Predicate = true> <Delay = 0.00> <CoreInst = "LogicGate">   --->   Core 74 'LogicGate' <Latency = 0> <II = 1> <Delay = 0.33> <FuncUnit> <Opcode : 'and' 'or' 'xor'> <InPorts = 2> <OutPorts = 1>
ST_48 : Operation 642 [1/1] (0.00ns) (grouped into LUT with out node and_ln371_3)   --->   "%xor_ln371_3 = xor i1 %tmp_129, i1 1" [top.cpp:371]   --->   Operation 642 'xor' 'xor_ln371_3' <Predicate = true> <Delay = 0.00> <CoreInst = "LogicGate">   --->   Core 74 'LogicGate' <Latency = 0> <II = 1> <Delay = 0.33> <FuncUnit> <Opcode : 'and' 'or' 'xor'> <InPorts = 2> <OutPorts = 1>
ST_48 : Operation 643 [1/1] (0.33ns) (out node of the LUT)   --->   "%and_ln371_3 = and i1 %or_ln371, i1 %xor_ln371_3" [top.cpp:371]   --->   Operation 643 'and' 'and_ln371_3' <Predicate = true> <Delay = 0.33> <CoreInst = "LogicGate">   --->   Core 74 'LogicGate' <Latency = 0> <II = 1> <Delay = 0.33> <FuncUnit> <Opcode : 'and' 'or' 'xor'> <InPorts = 2> <OutPorts = 1>
ST_48 : Operation 644 [1/1] (0.33ns) (out node of the LUT)   --->   "%and_ln371_4 = and i1 %tmp_132, i1 %select_ln371_1" [top.cpp:371]   --->   Operation 644 'and' 'and_ln371_4' <Predicate = true> <Delay = 0.33> <CoreInst = "LogicGate">   --->   Core 74 'LogicGate' <Latency = 0> <II = 1> <Delay = 0.33> <FuncUnit> <Opcode : 'and' 'or' 'xor'> <InPorts = 2> <OutPorts = 1>
ST_48 : Operation 645 [1/1] (0.00ns) (grouped into LUT with out node or_ln371_1)   --->   "%or_ln371_2 = or i1 %and_ln371_2, i1 %and_ln371_4" [top.cpp:371]   --->   Operation 645 'or' 'or_ln371_2' <Predicate = true> <Delay = 0.00> <CoreInst = "LogicGate">   --->   Core 74 'LogicGate' <Latency = 0> <II = 1> <Delay = 0.33> <FuncUnit> <Opcode : 'and' 'or' 'xor'> <InPorts = 2> <OutPorts = 1>
ST_48 : Operation 646 [1/1] (0.00ns) (grouped into LUT with out node or_ln371_1)   --->   "%xor_ln371_4 = xor i1 %or_ln371_2, i1 1" [top.cpp:371]   --->   Operation 646 'xor' 'xor_ln371_4' <Predicate = true> <Delay = 0.00> <CoreInst = "LogicGate">   --->   Core 74 'LogicGate' <Latency = 0> <II = 1> <Delay = 0.33> <FuncUnit> <Opcode : 'and' 'or' 'xor'> <InPorts = 2> <OutPorts = 1>
ST_48 : Operation 647 [1/1] (0.00ns) (grouped into LUT with out node or_ln371_1)   --->   "%and_ln371_5 = and i1 %tmp_129, i1 %xor_ln371_4" [top.cpp:371]   --->   Operation 647 'and' 'and_ln371_5' <Predicate = true> <Delay = 0.00> <CoreInst = "LogicGate">   --->   Core 74 'LogicGate' <Latency = 0> <II = 1> <Delay = 0.33> <FuncUnit> <Opcode : 'and' 'or' 'xor'> <InPorts = 2> <OutPorts = 1>
ST_48 : Operation 648 [1/1] (0.33ns) (out node of the LUT)   --->   "%or_ln371_1 = or i1 %and_ln371_3, i1 %and_ln371_5" [top.cpp:371]   --->   Operation 648 'or' 'or_ln371_1' <Predicate = true> <Delay = 0.33> <CoreInst = "LogicGate">   --->   Core 74 'LogicGate' <Latency = 0> <II = 1> <Delay = 0.33> <FuncUnit> <Opcode : 'and' 'or' 'xor'> <InPorts = 2> <OutPorts = 1>
ST_48 : Operation 649 [1/1] (3.88ns)   --->   "%mul_ln375 = mul i64 %sext_ln347, i64 %conv7_i4184" [top.cpp:375]   --->   Operation 649 'mul' 'mul_ln375' <Predicate = true> <Delay = 3.88> <CoreInst = "Multiplier">   --->   Core 3 'Multiplier' <Latency = 0> <II = 1> <Delay = 3.88> <FuncUnit> <Opcode : 'mul'> <InPorts = 2> <OutPorts = 1>
ST_48 : Operation 650 [1/1] (0.00ns)   --->   "%tmp_136 = bitselect i1 @_ssdm_op_BitSelect.i1.i64.i32, i64 %mul_ln375, i32 63" [top.cpp:375]   --->   Operation 650 'bitselect' 'tmp_136' <Predicate = true> <Delay = 0.00>
ST_48 : Operation 651 [1/1] (0.00ns)   --->   "%w2_term2 = partselect i32 @_ssdm_op_PartSelect.i32.i64.i32.i32, i64 %mul_ln375, i32 16, i32 47" [top.cpp:375]   --->   Operation 651 'partselect' 'w2_term2' <Predicate = true> <Delay = 0.00>
ST_48 : Operation 652 [1/1] (0.00ns)   --->   "%tmp_137 = bitselect i1 @_ssdm_op_BitSelect.i1.i64.i32, i64 %mul_ln375, i32 15" [top.cpp:375]   --->   Operation 652 'bitselect' 'tmp_137' <Predicate = true> <Delay = 0.00>
ST_48 : Operation 653 [1/1] (0.00ns) (grouped into LUT with out node and_ln375)   --->   "%tmp_138 = bitselect i1 @_ssdm_op_BitSelect.i1.i64.i32, i64 %mul_ln375, i32 47" [top.cpp:375]   --->   Operation 653 'bitselect' 'tmp_138' <Predicate = true> <Delay = 0.00>
ST_48 : Operation 654 [1/1] (0.00ns)   --->   "%zext_ln375 = zext i1 %tmp_137" [top.cpp:375]   --->   Operation 654 'zext' 'zext_ln375' <Predicate = true> <Delay = 0.00>
ST_48 : Operation 655 [1/1] (1.20ns)   --->   "%w2_term2_1 = add i32 %w2_term2, i32 %zext_ln375" [top.cpp:375]   --->   Operation 655 'add' 'w2_term2_1' <Predicate = true> <Delay = 1.20> <CoreInst = "Adder">   --->   Core 1 'Adder' <Latency = 0> <II = 1> <Delay = 1.20> <FuncUnit> <Opcode : 'add' 'sub'> <InPorts = 2> <OutPorts = 1>
ST_48 : Operation 656 [1/1] (0.00ns)   --->   "%tmp_139 = bitselect i1 @_ssdm_op_BitSelect.i1.i32.i32, i32 %w2_term2_1, i32 31" [top.cpp:375]   --->   Operation 656 'bitselect' 'tmp_139' <Predicate = true> <Delay = 0.00>
ST_48 : Operation 657 [1/1] (0.00ns) (grouped into LUT with out node and_ln375)   --->   "%xor_ln375 = xor i1 %tmp_139, i1 1" [top.cpp:375]   --->   Operation 657 'xor' 'xor_ln375' <Predicate = true> <Delay = 0.00> <CoreInst = "LogicGate">   --->   Core 74 'LogicGate' <Latency = 0> <II = 1> <Delay = 0.33> <FuncUnit> <Opcode : 'and' 'or' 'xor'> <InPorts = 2> <OutPorts = 1>
ST_48 : Operation 658 [1/1] (0.33ns) (out node of the LUT)   --->   "%and_ln375 = and i1 %tmp_138, i1 %xor_ln375" [top.cpp:375]   --->   Operation 658 'and' 'and_ln375' <Predicate = true> <Delay = 0.33> <CoreInst = "LogicGate">   --->   Core 74 'LogicGate' <Latency = 0> <II = 1> <Delay = 0.33> <FuncUnit> <Opcode : 'and' 'or' 'xor'> <InPorts = 2> <OutPorts = 1>
ST_48 : Operation 659 [1/1] (0.00ns) (grouped into LUT with out node and_ln375_4)   --->   "%tmp_140 = bitselect i1 @_ssdm_op_BitSelect.i1.i64.i32, i64 %mul_ln375, i32 48" [top.cpp:375]   --->   Operation 659 'bitselect' 'tmp_140' <Predicate = true> <Delay = 0.00>
ST_48 : Operation 660 [1/1] (0.00ns)   --->   "%tmp_22 = partselect i15 @_ssdm_op_PartSelect.i15.i64.i32, i64 %mul_ln375, i32 49" [top.cpp:375]   --->   Operation 660 'partselect' 'tmp_22' <Predicate = true> <Delay = 0.00>
ST_48 : Operation 661 [1/1] (1.00ns)   --->   "%icmp_ln375 = icmp_eq  i15 %tmp_22, i15 32767" [top.cpp:375]   --->   Operation 661 'icmp' 'icmp_ln375' <Predicate = true> <Delay = 1.00> <CoreInst = "Cmp">   --->   Core 9 'Cmp' <Latency = 0> <II = 1> <Delay = 1.00> <FuncUnit> <Opcode : 'seteq' 'setne' 'setle' 'setge' 'setlt' 'setgt'> <InPorts = 2> <OutPorts = 1>
ST_48 : Operation 662 [1/1] (0.00ns)   --->   "%tmp_23 = partselect i16 @_ssdm_op_PartSelect.i16.i64.i32, i64 %mul_ln375, i32 48" [top.cpp:375]   --->   Operation 662 'partselect' 'tmp_23' <Predicate = true> <Delay = 0.00>
ST_48 : Operation 663 [1/1] (1.01ns)   --->   "%icmp_ln375_1 = icmp_eq  i16 %tmp_23, i16 65535" [top.cpp:375]   --->   Operation 663 'icmp' 'icmp_ln375_1' <Predicate = true> <Delay = 1.01> <CoreInst = "Cmp">   --->   Core 9 'Cmp' <Latency = 0> <II = 1> <Delay = 1.01> <FuncUnit> <Opcode : 'seteq' 'setne' 'setle' 'setge' 'setlt' 'setgt'> <InPorts = 2> <OutPorts = 1>
ST_48 : Operation 664 [1/1] (1.01ns)   --->   "%icmp_ln375_2 = icmp_eq  i16 %tmp_23, i16 0" [top.cpp:375]   --->   Operation 664 'icmp' 'icmp_ln375_2' <Predicate = true> <Delay = 1.01> <CoreInst = "Cmp">   --->   Core 9 'Cmp' <Latency = 0> <II = 1> <Delay = 1.01> <FuncUnit> <Opcode : 'seteq' 'setne' 'setle' 'setge' 'setlt' 'setgt'> <InPorts = 2> <OutPorts = 1>
ST_48 : Operation 665 [1/1] (0.00ns) (grouped into LUT with out node and_ln375_3)   --->   "%select_ln375 = select i1 %and_ln375, i1 %icmp_ln375_1, i1 %icmp_ln375_2" [top.cpp:375]   --->   Operation 665 'select' 'select_ln375' <Predicate = true> <Delay = 0.00> <CoreInst = "Sel">   --->   Core 73 'Sel' <Latency = 0> <II = 1> <Delay = 0.26> <FuncUnit> <Opcode : 'select'> <InPorts = 3> <OutPorts = 1>
ST_48 : Operation 666 [1/1] (0.00ns) (grouped into LUT with out node and_ln375_4)   --->   "%xor_ln375_1 = xor i1 %tmp_140, i1 1" [top.cpp:375]   --->   Operation 666 'xor' 'xor_ln375_1' <Predicate = true> <Delay = 0.00> <CoreInst = "LogicGate">   --->   Core 74 'LogicGate' <Latency = 0> <II = 1> <Delay = 0.33> <FuncUnit> <Opcode : 'and' 'or' 'xor'> <InPorts = 2> <OutPorts = 1>
ST_48 : Operation 667 [1/1] (0.00ns) (grouped into LUT with out node and_ln375_4)   --->   "%and_ln375_1 = and i1 %icmp_ln375, i1 %xor_ln375_1" [top.cpp:375]   --->   Operation 667 'and' 'and_ln375_1' <Predicate = true> <Delay = 0.00> <CoreInst = "LogicGate">   --->   Core 74 'LogicGate' <Latency = 0> <II = 1> <Delay = 0.33> <FuncUnit> <Opcode : 'and' 'or' 'xor'> <InPorts = 2> <OutPorts = 1>
ST_48 : Operation 668 [1/1] (0.00ns) (grouped into LUT with out node and_ln375_4)   --->   "%select_ln375_1 = select i1 %and_ln375, i1 %and_ln375_1, i1 %icmp_ln375_1" [top.cpp:375]   --->   Operation 668 'select' 'select_ln375_1' <Predicate = true> <Delay = 0.00> <CoreInst = "Sel">   --->   Core 73 'Sel' <Latency = 0> <II = 1> <Delay = 0.26> <FuncUnit> <Opcode : 'select'> <InPorts = 3> <OutPorts = 1>
ST_48 : Operation 669 [1/1] (0.00ns) (grouped into LUT with out node or_ln375_1)   --->   "%and_ln375_2 = and i1 %and_ln375, i1 %icmp_ln375_1" [top.cpp:375]   --->   Operation 669 'and' 'and_ln375_2' <Predicate = true> <Delay = 0.00> <CoreInst = "LogicGate">   --->   Core 74 'LogicGate' <Latency = 0> <II = 1> <Delay = 0.33> <FuncUnit> <Opcode : 'and' 'or' 'xor'> <InPorts = 2> <OutPorts = 1>
ST_48 : Operation 670 [1/1] (0.00ns) (grouped into LUT with out node and_ln375_3)   --->   "%xor_ln375_2 = xor i1 %select_ln375, i1 1" [top.cpp:375]   --->   Operation 670 'xor' 'xor_ln375_2' <Predicate = true> <Delay = 0.00> <CoreInst = "LogicGate">   --->   Core 74 'LogicGate' <Latency = 0> <II = 1> <Delay = 0.33> <FuncUnit> <Opcode : 'and' 'or' 'xor'> <InPorts = 2> <OutPorts = 1>
ST_48 : Operation 671 [1/1] (0.00ns) (grouped into LUT with out node and_ln375_3)   --->   "%or_ln375 = or i1 %tmp_139, i1 %xor_ln375_2" [top.cpp:375]   --->   Operation 671 'or' 'or_ln375' <Predicate = true> <Delay = 0.00> <CoreInst = "LogicGate">   --->   Core 74 'LogicGate' <Latency = 0> <II = 1> <Delay = 0.33> <FuncUnit> <Opcode : 'and' 'or' 'xor'> <InPorts = 2> <OutPorts = 1>
ST_48 : Operation 672 [1/1] (0.00ns) (grouped into LUT with out node and_ln375_3)   --->   "%xor_ln375_3 = xor i1 %tmp_136, i1 1" [top.cpp:375]   --->   Operation 672 'xor' 'xor_ln375_3' <Predicate = true> <Delay = 0.00> <CoreInst = "LogicGate">   --->   Core 74 'LogicGate' <Latency = 0> <II = 1> <Delay = 0.33> <FuncUnit> <Opcode : 'and' 'or' 'xor'> <InPorts = 2> <OutPorts = 1>
ST_48 : Operation 673 [1/1] (0.33ns) (out node of the LUT)   --->   "%and_ln375_3 = and i1 %or_ln375, i1 %xor_ln375_3" [top.cpp:375]   --->   Operation 673 'and' 'and_ln375_3' <Predicate = true> <Delay = 0.33> <CoreInst = "LogicGate">   --->   Core 74 'LogicGate' <Latency = 0> <II = 1> <Delay = 0.33> <FuncUnit> <Opcode : 'and' 'or' 'xor'> <InPorts = 2> <OutPorts = 1>
ST_48 : Operation 674 [1/1] (0.33ns) (out node of the LUT)   --->   "%and_ln375_4 = and i1 %tmp_139, i1 %select_ln375_1" [top.cpp:375]   --->   Operation 674 'and' 'and_ln375_4' <Predicate = true> <Delay = 0.33> <CoreInst = "LogicGate">   --->   Core 74 'LogicGate' <Latency = 0> <II = 1> <Delay = 0.33> <FuncUnit> <Opcode : 'and' 'or' 'xor'> <InPorts = 2> <OutPorts = 1>
ST_48 : Operation 675 [1/1] (0.00ns) (grouped into LUT with out node or_ln375_1)   --->   "%or_ln375_2 = or i1 %and_ln375_2, i1 %and_ln375_4" [top.cpp:375]   --->   Operation 675 'or' 'or_ln375_2' <Predicate = true> <Delay = 0.00> <CoreInst = "LogicGate">   --->   Core 74 'LogicGate' <Latency = 0> <II = 1> <Delay = 0.33> <FuncUnit> <Opcode : 'and' 'or' 'xor'> <InPorts = 2> <OutPorts = 1>
ST_48 : Operation 676 [1/1] (0.00ns) (grouped into LUT with out node or_ln375_1)   --->   "%xor_ln375_4 = xor i1 %or_ln375_2, i1 1" [top.cpp:375]   --->   Operation 676 'xor' 'xor_ln375_4' <Predicate = true> <Delay = 0.00> <CoreInst = "LogicGate">   --->   Core 74 'LogicGate' <Latency = 0> <II = 1> <Delay = 0.33> <FuncUnit> <Opcode : 'and' 'or' 'xor'> <InPorts = 2> <OutPorts = 1>
ST_48 : Operation 677 [1/1] (0.00ns) (grouped into LUT with out node or_ln375_1)   --->   "%and_ln375_5 = and i1 %tmp_136, i1 %xor_ln375_4" [top.cpp:375]   --->   Operation 677 'and' 'and_ln375_5' <Predicate = true> <Delay = 0.00> <CoreInst = "LogicGate">   --->   Core 74 'LogicGate' <Latency = 0> <II = 1> <Delay = 0.33> <FuncUnit> <Opcode : 'and' 'or' 'xor'> <InPorts = 2> <OutPorts = 1>
ST_48 : Operation 678 [1/1] (0.33ns) (out node of the LUT)   --->   "%or_ln375_1 = or i1 %and_ln375_3, i1 %and_ln375_5" [top.cpp:375]   --->   Operation 678 'or' 'or_ln375_1' <Predicate = true> <Delay = 0.33> <CoreInst = "LogicGate">   --->   Core 74 'LogicGate' <Latency = 0> <II = 1> <Delay = 0.33> <FuncUnit> <Opcode : 'and' 'or' 'xor'> <InPorts = 2> <OutPorts = 1>

State 49 <SV = 47> <Delay = 1.72>
ST_49 : Operation 679 [1/1] (0.00ns) (grouped into LUT with out node sub_ln353)   --->   "%select_ln347_2 = select i1 %and_ln347_3, i32 2147483647, i32 2147483648" [top.cpp:347]   --->   Operation 679 'select' 'select_ln347_2' <Predicate = (or_ln347_1)> <Delay = 0.00> <CoreInst = "Sel">   --->   Core 73 'Sel' <Latency = 0> <II = 1> <Delay = 0.52> <FuncUnit> <Opcode : 'select'> <InPorts = 3> <OutPorts = 1>
ST_49 : Operation 680 [1/1] (0.00ns) (grouped into LUT with out node sub_ln353)   --->   "%w0_term1_2 = select i1 %or_ln347_1, i32 %select_ln347_2, i32 %w0_term1_1" [top.cpp:347]   --->   Operation 680 'select' 'w0_term1_2' <Predicate = true> <Delay = 0.00> <CoreInst = "Sel">   --->   Core 73 'Sel' <Latency = 0> <II = 1> <Delay = 0.52> <FuncUnit> <Opcode : 'select'> <InPorts = 3> <OutPorts = 1>
ST_49 : Operation 681 [1/1] (0.00ns) (grouped into LUT with out node sub_ln353)   --->   "%select_ln351_2 = select i1 %and_ln351_3, i32 2147483647, i32 2147483648" [top.cpp:351]   --->   Operation 681 'select' 'select_ln351_2' <Predicate = (or_ln351_1)> <Delay = 0.00> <CoreInst = "Sel">   --->   Core 73 'Sel' <Latency = 0> <II = 1> <Delay = 0.52> <FuncUnit> <Opcode : 'select'> <InPorts = 3> <OutPorts = 1>
ST_49 : Operation 682 [1/1] (0.00ns) (grouped into LUT with out node sub_ln353)   --->   "%w0_term2_2 = select i1 %or_ln351_1, i32 %select_ln351_2, i32 %w0_term2_1" [top.cpp:351]   --->   Operation 682 'select' 'w0_term2_2' <Predicate = true> <Delay = 0.00> <CoreInst = "Sel">   --->   Core 73 'Sel' <Latency = 0> <II = 1> <Delay = 0.52> <FuncUnit> <Opcode : 'select'> <InPorts = 3> <OutPorts = 1>
ST_49 : Operation 683 [1/1] (0.00ns) (grouped into LUT with out node sub_ln353)   --->   "%sext_ln353 = sext i32 %w0_term1_2" [top.cpp:353]   --->   Operation 683 'sext' 'sext_ln353' <Predicate = true> <Delay = 0.00>
ST_49 : Operation 684 [1/1] (0.00ns) (grouped into LUT with out node sub_ln353)   --->   "%sext_ln353_1 = sext i32 %w0_term2_2" [top.cpp:353]   --->   Operation 684 'sext' 'sext_ln353_1' <Predicate = true> <Delay = 0.00>
ST_49 : Operation 685 [1/1] (1.20ns) (out node of the LUT)   --->   "%sub_ln353 = sub i33 %sext_ln353, i33 %sext_ln353_1" [top.cpp:353]   --->   Operation 685 'sub' 'sub_ln353' <Predicate = true> <Delay = 1.20> <CoreInst = "Adder">   --->   Core 1 'Adder' <Latency = 0> <II = 1> <Delay = 1.20> <FuncUnit> <Opcode : 'add' 'sub'> <InPorts = 2> <OutPorts = 1>
ST_49 : Operation 686 [1/1] (0.00ns)   --->   "%tmp_95 = bitselect i1 @_ssdm_op_BitSelect.i1.i33.i32, i33 %sub_ln353, i32 32" [top.cpp:353]   --->   Operation 686 'bitselect' 'tmp_95' <Predicate = true> <Delay = 0.00>
ST_49 : Operation 687 [1/1] (0.00ns) (grouped into LUT with out node w0_diff_1)   --->   "%w0_diff = trunc i33 %sub_ln353" [top.cpp:353]   --->   Operation 687 'trunc' 'w0_diff' <Predicate = true> <Delay = 0.00>
ST_49 : Operation 688 [1/1] (0.00ns)   --->   "%tmp_96 = bitselect i1 @_ssdm_op_BitSelect.i1.i33.i32, i33 %sub_ln353, i32 31" [top.cpp:353]   --->   Operation 688 'bitselect' 'tmp_96' <Predicate = true> <Delay = 0.00>
ST_49 : Operation 689 [1/1] (0.00ns) (grouped into LUT with out node w0_diff_1)   --->   "%xor_ln353 = xor i1 %tmp_95, i1 1" [top.cpp:353]   --->   Operation 689 'xor' 'xor_ln353' <Predicate = true> <Delay = 0.00> <CoreInst = "LogicGate">   --->   Core 74 'LogicGate' <Latency = 0> <II = 1> <Delay = 0.33> <FuncUnit> <Opcode : 'and' 'or' 'xor'> <InPorts = 2> <OutPorts = 1>
ST_49 : Operation 690 [1/1] (0.00ns) (grouped into LUT with out node w0_diff_1)   --->   "%and_ln353 = and i1 %tmp_96, i1 %xor_ln353" [top.cpp:353]   --->   Operation 690 'and' 'and_ln353' <Predicate = true> <Delay = 0.00> <CoreInst = "LogicGate">   --->   Core 74 'LogicGate' <Latency = 0> <II = 1> <Delay = 0.33> <FuncUnit> <Opcode : 'and' 'or' 'xor'> <InPorts = 2> <OutPorts = 1>
ST_49 : Operation 691 [1/1] (0.00ns) (grouped into LUT with out node w0_diff_1)   --->   "%xor_ln353_1 = xor i1 %tmp_95, i1 %tmp_96" [top.cpp:353]   --->   Operation 691 'xor' 'xor_ln353_1' <Predicate = true> <Delay = 0.00> <CoreInst = "LogicGate">   --->   Core 74 'LogicGate' <Latency = 0> <II = 1> <Delay = 0.33> <FuncUnit> <Opcode : 'and' 'or' 'xor'> <InPorts = 2> <OutPorts = 1>
ST_49 : Operation 692 [1/1] (0.00ns) (grouped into LUT with out node w0_diff_1)   --->   "%select_ln353 = select i1 %and_ln353, i32 2147483647, i32 2147483648" [top.cpp:353]   --->   Operation 692 'select' 'select_ln353' <Predicate = true> <Delay = 0.00> <CoreInst = "Sel">   --->   Core 73 'Sel' <Latency = 0> <II = 1> <Delay = 0.52> <FuncUnit> <Opcode : 'select'> <InPorts = 3> <OutPorts = 1>
ST_49 : Operation 693 [1/1] (0.52ns) (out node of the LUT)   --->   "%w0_diff_1 = select i1 %xor_ln353_1, i32 %select_ln353, i32 %w0_diff" [top.cpp:353]   --->   Operation 693 'select' 'w0_diff_1' <Predicate = true> <Delay = 0.52> <CoreInst = "Sel">   --->   Core 73 'Sel' <Latency = 0> <II = 1> <Delay = 0.52> <FuncUnit> <Opcode : 'select'> <InPorts = 3> <OutPorts = 1>
ST_49 : Operation 694 [1/1] (0.00ns) (grouped into LUT with out node sub_ln365)   --->   "%select_ln359_2 = select i1 %and_ln359_3, i32 2147483647, i32 2147483648" [top.cpp:359]   --->   Operation 694 'select' 'select_ln359_2' <Predicate = (or_ln359_1)> <Delay = 0.00> <CoreInst = "Sel">   --->   Core 73 'Sel' <Latency = 0> <II = 1> <Delay = 0.52> <FuncUnit> <Opcode : 'select'> <InPorts = 3> <OutPorts = 1>
ST_49 : Operation 695 [1/1] (0.00ns) (grouped into LUT with out node sub_ln365)   --->   "%w1_term1_2 = select i1 %or_ln359_1, i32 %select_ln359_2, i32 %w1_term1_1" [top.cpp:359]   --->   Operation 695 'select' 'w1_term1_2' <Predicate = true> <Delay = 0.00> <CoreInst = "Sel">   --->   Core 73 'Sel' <Latency = 0> <II = 1> <Delay = 0.52> <FuncUnit> <Opcode : 'select'> <InPorts = 3> <OutPorts = 1>
ST_49 : Operation 696 [1/1] (0.00ns) (grouped into LUT with out node sub_ln365)   --->   "%select_ln363_2 = select i1 %and_ln363_3, i32 2147483647, i32 2147483648" [top.cpp:363]   --->   Operation 696 'select' 'select_ln363_2' <Predicate = (or_ln363_1)> <Delay = 0.00> <CoreInst = "Sel">   --->   Core 73 'Sel' <Latency = 0> <II = 1> <Delay = 0.52> <FuncUnit> <Opcode : 'select'> <InPorts = 3> <OutPorts = 1>
ST_49 : Operation 697 [1/1] (0.00ns) (grouped into LUT with out node sub_ln365)   --->   "%w1_term2_2 = select i1 %or_ln363_1, i32 %select_ln363_2, i32 %w1_term2_1" [top.cpp:363]   --->   Operation 697 'select' 'w1_term2_2' <Predicate = true> <Delay = 0.00> <CoreInst = "Sel">   --->   Core 73 'Sel' <Latency = 0> <II = 1> <Delay = 0.52> <FuncUnit> <Opcode : 'select'> <InPorts = 3> <OutPorts = 1>
ST_49 : Operation 698 [1/1] (0.00ns) (grouped into LUT with out node sub_ln365)   --->   "%sext_ln365 = sext i32 %w1_term1_2" [top.cpp:365]   --->   Operation 698 'sext' 'sext_ln365' <Predicate = true> <Delay = 0.00>
ST_49 : Operation 699 [1/1] (0.00ns) (grouped into LUT with out node sub_ln365)   --->   "%sext_ln365_1 = sext i32 %w1_term2_2" [top.cpp:365]   --->   Operation 699 'sext' 'sext_ln365_1' <Predicate = true> <Delay = 0.00>
ST_49 : Operation 700 [1/1] (1.20ns) (out node of the LUT)   --->   "%sub_ln365 = sub i33 %sext_ln365, i33 %sext_ln365_1" [top.cpp:365]   --->   Operation 700 'sub' 'sub_ln365' <Predicate = true> <Delay = 1.20> <CoreInst = "Adder">   --->   Core 1 'Adder' <Latency = 0> <II = 1> <Delay = 1.20> <FuncUnit> <Opcode : 'add' 'sub'> <InPorts = 2> <OutPorts = 1>
ST_49 : Operation 701 [1/1] (0.00ns)   --->   "%tmp_120 = bitselect i1 @_ssdm_op_BitSelect.i1.i33.i32, i33 %sub_ln365, i32 32" [top.cpp:365]   --->   Operation 701 'bitselect' 'tmp_120' <Predicate = true> <Delay = 0.00>
ST_49 : Operation 702 [1/1] (0.00ns) (grouped into LUT with out node w1_diff_1)   --->   "%w1_diff = trunc i33 %sub_ln365" [top.cpp:365]   --->   Operation 702 'trunc' 'w1_diff' <Predicate = true> <Delay = 0.00>
ST_49 : Operation 703 [1/1] (0.00ns)   --->   "%tmp_121 = bitselect i1 @_ssdm_op_BitSelect.i1.i33.i32, i33 %sub_ln365, i32 31" [top.cpp:365]   --->   Operation 703 'bitselect' 'tmp_121' <Predicate = true> <Delay = 0.00>
ST_49 : Operation 704 [1/1] (0.00ns) (grouped into LUT with out node w1_diff_1)   --->   "%xor_ln365 = xor i1 %tmp_120, i1 1" [top.cpp:365]   --->   Operation 704 'xor' 'xor_ln365' <Predicate = true> <Delay = 0.00> <CoreInst = "LogicGate">   --->   Core 74 'LogicGate' <Latency = 0> <II = 1> <Delay = 0.33> <FuncUnit> <Opcode : 'and' 'or' 'xor'> <InPorts = 2> <OutPorts = 1>
ST_49 : Operation 705 [1/1] (0.00ns) (grouped into LUT with out node w1_diff_1)   --->   "%and_ln365 = and i1 %tmp_121, i1 %xor_ln365" [top.cpp:365]   --->   Operation 705 'and' 'and_ln365' <Predicate = true> <Delay = 0.00> <CoreInst = "LogicGate">   --->   Core 74 'LogicGate' <Latency = 0> <II = 1> <Delay = 0.33> <FuncUnit> <Opcode : 'and' 'or' 'xor'> <InPorts = 2> <OutPorts = 1>
ST_49 : Operation 706 [1/1] (0.00ns) (grouped into LUT with out node w1_diff_1)   --->   "%xor_ln365_1 = xor i1 %tmp_120, i1 %tmp_121" [top.cpp:365]   --->   Operation 706 'xor' 'xor_ln365_1' <Predicate = true> <Delay = 0.00> <CoreInst = "LogicGate">   --->   Core 74 'LogicGate' <Latency = 0> <II = 1> <Delay = 0.33> <FuncUnit> <Opcode : 'and' 'or' 'xor'> <InPorts = 2> <OutPorts = 1>
ST_49 : Operation 707 [1/1] (0.00ns) (grouped into LUT with out node w1_diff_1)   --->   "%select_ln365 = select i1 %and_ln365, i32 2147483647, i32 2147483648" [top.cpp:365]   --->   Operation 707 'select' 'select_ln365' <Predicate = true> <Delay = 0.00> <CoreInst = "Sel">   --->   Core 73 'Sel' <Latency = 0> <II = 1> <Delay = 0.52> <FuncUnit> <Opcode : 'select'> <InPorts = 3> <OutPorts = 1>
ST_49 : Operation 708 [1/1] (0.52ns) (out node of the LUT)   --->   "%w1_diff_1 = select i1 %xor_ln365_1, i32 %select_ln365, i32 %w1_diff" [top.cpp:365]   --->   Operation 708 'select' 'w1_diff_1' <Predicate = true> <Delay = 0.52> <CoreInst = "Sel">   --->   Core 73 'Sel' <Latency = 0> <II = 1> <Delay = 0.52> <FuncUnit> <Opcode : 'select'> <InPorts = 3> <OutPorts = 1>
ST_49 : Operation 709 [1/1] (0.00ns) (grouped into LUT with out node sub_ln377)   --->   "%select_ln371_2 = select i1 %and_ln371_3, i32 2147483647, i32 2147483648" [top.cpp:371]   --->   Operation 709 'select' 'select_ln371_2' <Predicate = (or_ln371_1)> <Delay = 0.00> <CoreInst = "Sel">   --->   Core 73 'Sel' <Latency = 0> <II = 1> <Delay = 0.52> <FuncUnit> <Opcode : 'select'> <InPorts = 3> <OutPorts = 1>
ST_49 : Operation 710 [1/1] (0.00ns) (grouped into LUT with out node sub_ln377)   --->   "%w2_term1_2 = select i1 %or_ln371_1, i32 %select_ln371_2, i32 %w2_term1_1" [top.cpp:371]   --->   Operation 710 'select' 'w2_term1_2' <Predicate = true> <Delay = 0.00> <CoreInst = "Sel">   --->   Core 73 'Sel' <Latency = 0> <II = 1> <Delay = 0.52> <FuncUnit> <Opcode : 'select'> <InPorts = 3> <OutPorts = 1>
ST_49 : Operation 711 [1/1] (0.00ns) (grouped into LUT with out node sub_ln377)   --->   "%select_ln375_2 = select i1 %and_ln375_3, i32 2147483647, i32 2147483648" [top.cpp:375]   --->   Operation 711 'select' 'select_ln375_2' <Predicate = (or_ln375_1)> <Delay = 0.00> <CoreInst = "Sel">   --->   Core 73 'Sel' <Latency = 0> <II = 1> <Delay = 0.52> <FuncUnit> <Opcode : 'select'> <InPorts = 3> <OutPorts = 1>
ST_49 : Operation 712 [1/1] (0.00ns) (grouped into LUT with out node sub_ln377)   --->   "%w2_term2_2 = select i1 %or_ln375_1, i32 %select_ln375_2, i32 %w2_term2_1" [top.cpp:375]   --->   Operation 712 'select' 'w2_term2_2' <Predicate = true> <Delay = 0.00> <CoreInst = "Sel">   --->   Core 73 'Sel' <Latency = 0> <II = 1> <Delay = 0.52> <FuncUnit> <Opcode : 'select'> <InPorts = 3> <OutPorts = 1>
ST_49 : Operation 713 [1/1] (0.00ns) (grouped into LUT with out node sub_ln377)   --->   "%sext_ln377 = sext i32 %w2_term1_2" [top.cpp:377]   --->   Operation 713 'sext' 'sext_ln377' <Predicate = true> <Delay = 0.00>
ST_49 : Operation 714 [1/1] (0.00ns) (grouped into LUT with out node sub_ln377)   --->   "%sext_ln377_1 = sext i32 %w2_term2_2" [top.cpp:377]   --->   Operation 714 'sext' 'sext_ln377_1' <Predicate = true> <Delay = 0.00>
ST_49 : Operation 715 [1/1] (1.20ns) (out node of the LUT)   --->   "%sub_ln377 = sub i33 %sext_ln377, i33 %sext_ln377_1" [top.cpp:377]   --->   Operation 715 'sub' 'sub_ln377' <Predicate = true> <Delay = 1.20> <CoreInst = "Adder">   --->   Core 1 'Adder' <Latency = 0> <II = 1> <Delay = 1.20> <FuncUnit> <Opcode : 'add' 'sub'> <InPorts = 2> <OutPorts = 1>
ST_49 : Operation 716 [1/1] (0.00ns)   --->   "%tmp_143 = bitselect i1 @_ssdm_op_BitSelect.i1.i33.i32, i33 %sub_ln377, i32 32" [top.cpp:377]   --->   Operation 716 'bitselect' 'tmp_143' <Predicate = true> <Delay = 0.00>
ST_49 : Operation 717 [1/1] (0.00ns) (grouped into LUT with out node w2_diff_1)   --->   "%w2_diff = trunc i33 %sub_ln377" [top.cpp:377]   --->   Operation 717 'trunc' 'w2_diff' <Predicate = true> <Delay = 0.00>
ST_49 : Operation 718 [1/1] (0.00ns)   --->   "%tmp_144 = bitselect i1 @_ssdm_op_BitSelect.i1.i33.i32, i33 %sub_ln377, i32 31" [top.cpp:377]   --->   Operation 718 'bitselect' 'tmp_144' <Predicate = true> <Delay = 0.00>
ST_49 : Operation 719 [1/1] (0.00ns) (grouped into LUT with out node w2_diff_1)   --->   "%xor_ln377 = xor i1 %tmp_143, i1 1" [top.cpp:377]   --->   Operation 719 'xor' 'xor_ln377' <Predicate = true> <Delay = 0.00> <CoreInst = "LogicGate">   --->   Core 74 'LogicGate' <Latency = 0> <II = 1> <Delay = 0.33> <FuncUnit> <Opcode : 'and' 'or' 'xor'> <InPorts = 2> <OutPorts = 1>
ST_49 : Operation 720 [1/1] (0.00ns) (grouped into LUT with out node w2_diff_1)   --->   "%and_ln377 = and i1 %tmp_144, i1 %xor_ln377" [top.cpp:377]   --->   Operation 720 'and' 'and_ln377' <Predicate = true> <Delay = 0.00> <CoreInst = "LogicGate">   --->   Core 74 'LogicGate' <Latency = 0> <II = 1> <Delay = 0.33> <FuncUnit> <Opcode : 'and' 'or' 'xor'> <InPorts = 2> <OutPorts = 1>
ST_49 : Operation 721 [1/1] (0.00ns) (grouped into LUT with out node w2_diff_1)   --->   "%xor_ln377_1 = xor i1 %tmp_143, i1 %tmp_144" [top.cpp:377]   --->   Operation 721 'xor' 'xor_ln377_1' <Predicate = true> <Delay = 0.00> <CoreInst = "LogicGate">   --->   Core 74 'LogicGate' <Latency = 0> <II = 1> <Delay = 0.33> <FuncUnit> <Opcode : 'and' 'or' 'xor'> <InPorts = 2> <OutPorts = 1>
ST_49 : Operation 722 [1/1] (0.00ns) (grouped into LUT with out node w2_diff_1)   --->   "%select_ln377 = select i1 %and_ln377, i32 2147483647, i32 2147483648" [top.cpp:377]   --->   Operation 722 'select' 'select_ln377' <Predicate = true> <Delay = 0.00> <CoreInst = "Sel">   --->   Core 73 'Sel' <Latency = 0> <II = 1> <Delay = 0.52> <FuncUnit> <Opcode : 'select'> <InPorts = 3> <OutPorts = 1>
ST_49 : Operation 723 [1/1] (0.52ns) (out node of the LUT)   --->   "%w2_diff_1 = select i1 %xor_ln377_1, i32 %select_ln377, i32 %w2_diff" [top.cpp:377]   --->   Operation 723 'select' 'w2_diff_1' <Predicate = true> <Delay = 0.52> <CoreInst = "Sel">   --->   Core 73 'Sel' <Latency = 0> <II = 1> <Delay = 0.52> <FuncUnit> <Opcode : 'select'> <InPorts = 3> <OutPorts = 1>

State 50 <SV = 48> <Delay = 7.00>
ST_50 : Operation 724 [1/1] (0.00ns)   --->   "%specloopname_ln339 = specloopname void @_ssdm_op_SpecLoopName, void @empty_10" [top.cpp:339]   --->   Operation 724 'specloopname' 'specloopname_ln339' <Predicate = true> <Delay = 0.00>
ST_50 : Operation 725 [1/1] (0.00ns)   --->   "%sext_ln354 = sext i32 %w0_diff_1" [top.cpp:354]   --->   Operation 725 'sext' 'sext_ln354' <Predicate = true> <Delay = 0.00>
ST_50 : Operation 726 [1/1] (3.88ns)   --->   "%mul_ln354 = mul i64 %sext_ln354, i64 %conv7_i4515" [top.cpp:354]   --->   Operation 726 'mul' 'mul_ln354' <Predicate = true> <Delay = 3.88> <CoreInst = "Multiplier">   --->   Core 3 'Multiplier' <Latency = 0> <II = 1> <Delay = 3.88> <FuncUnit> <Opcode : 'mul'> <InPorts = 2> <OutPorts = 1>
ST_50 : Operation 727 [1/1] (0.00ns)   --->   "%tmp_97 = bitselect i1 @_ssdm_op_BitSelect.i1.i64.i32, i64 %mul_ln354, i32 63" [top.cpp:354]   --->   Operation 727 'bitselect' 'tmp_97' <Predicate = true> <Delay = 0.00>
ST_50 : Operation 728 [1/1] (0.00ns)   --->   "%w0 = partselect i32 @_ssdm_op_PartSelect.i32.i64.i32.i32, i64 %mul_ln354, i32 16, i32 47" [top.cpp:354]   --->   Operation 728 'partselect' 'w0' <Predicate = true> <Delay = 0.00>
ST_50 : Operation 729 [1/1] (0.00ns)   --->   "%tmp_98 = bitselect i1 @_ssdm_op_BitSelect.i1.i64.i32, i64 %mul_ln354, i32 15" [top.cpp:354]   --->   Operation 729 'bitselect' 'tmp_98' <Predicate = true> <Delay = 0.00>
ST_50 : Operation 730 [1/1] (0.00ns) (grouped into LUT with out node and_ln354)   --->   "%tmp_99 = bitselect i1 @_ssdm_op_BitSelect.i1.i64.i32, i64 %mul_ln354, i32 47" [top.cpp:354]   --->   Operation 730 'bitselect' 'tmp_99' <Predicate = true> <Delay = 0.00>
ST_50 : Operation 731 [1/1] (0.00ns)   --->   "%zext_ln354 = zext i1 %tmp_98" [top.cpp:354]   --->   Operation 731 'zext' 'zext_ln354' <Predicate = true> <Delay = 0.00>
ST_50 : Operation 732 [1/1] (1.20ns)   --->   "%w0_1 = add i32 %w0, i32 %zext_ln354" [top.cpp:354]   --->   Operation 732 'add' 'w0_1' <Predicate = true> <Delay = 1.20> <CoreInst = "Adder">   --->   Core 1 'Adder' <Latency = 0> <II = 1> <Delay = 1.20> <FuncUnit> <Opcode : 'add' 'sub'> <InPorts = 2> <OutPorts = 1>
ST_50 : Operation 733 [1/1] (0.00ns)   --->   "%tmp_100 = bitselect i1 @_ssdm_op_BitSelect.i1.i32.i32, i32 %w0_1, i32 31" [top.cpp:354]   --->   Operation 733 'bitselect' 'tmp_100' <Predicate = true> <Delay = 0.00>
ST_50 : Operation 734 [1/1] (0.00ns) (grouped into LUT with out node and_ln354)   --->   "%xor_ln354 = xor i1 %tmp_100, i1 1" [top.cpp:354]   --->   Operation 734 'xor' 'xor_ln354' <Predicate = true> <Delay = 0.00> <CoreInst = "LogicGate">   --->   Core 74 'LogicGate' <Latency = 0> <II = 1> <Delay = 0.33> <FuncUnit> <Opcode : 'and' 'or' 'xor'> <InPorts = 2> <OutPorts = 1>
ST_50 : Operation 735 [1/1] (0.33ns) (out node of the LUT)   --->   "%and_ln354 = and i1 %tmp_99, i1 %xor_ln354" [top.cpp:354]   --->   Operation 735 'and' 'and_ln354' <Predicate = true> <Delay = 0.33> <CoreInst = "LogicGate">   --->   Core 74 'LogicGate' <Latency = 0> <II = 1> <Delay = 0.33> <FuncUnit> <Opcode : 'and' 'or' 'xor'> <InPorts = 2> <OutPorts = 1>
ST_50 : Operation 736 [1/1] (0.00ns) (grouped into LUT with out node and_ln354_4)   --->   "%tmp_101 = bitselect i1 @_ssdm_op_BitSelect.i1.i64.i32, i64 %mul_ln354, i32 48" [top.cpp:354]   --->   Operation 736 'bitselect' 'tmp_101' <Predicate = true> <Delay = 0.00>
ST_50 : Operation 737 [1/1] (0.00ns)   --->   "%tmp_12 = partselect i15 @_ssdm_op_PartSelect.i15.i64.i32, i64 %mul_ln354, i32 49" [top.cpp:354]   --->   Operation 737 'partselect' 'tmp_12' <Predicate = true> <Delay = 0.00>
ST_50 : Operation 738 [1/1] (1.00ns)   --->   "%icmp_ln354 = icmp_eq  i15 %tmp_12, i15 32767" [top.cpp:354]   --->   Operation 738 'icmp' 'icmp_ln354' <Predicate = true> <Delay = 1.00> <CoreInst = "Cmp">   --->   Core 9 'Cmp' <Latency = 0> <II = 1> <Delay = 1.00> <FuncUnit> <Opcode : 'seteq' 'setne' 'setle' 'setge' 'setlt' 'setgt'> <InPorts = 2> <OutPorts = 1>
ST_50 : Operation 739 [1/1] (0.00ns)   --->   "%tmp_13 = partselect i16 @_ssdm_op_PartSelect.i16.i64.i32, i64 %mul_ln354, i32 48" [top.cpp:354]   --->   Operation 739 'partselect' 'tmp_13' <Predicate = true> <Delay = 0.00>
ST_50 : Operation 740 [1/1] (1.01ns)   --->   "%icmp_ln354_1 = icmp_eq  i16 %tmp_13, i16 65535" [top.cpp:354]   --->   Operation 740 'icmp' 'icmp_ln354_1' <Predicate = true> <Delay = 1.01> <CoreInst = "Cmp">   --->   Core 9 'Cmp' <Latency = 0> <II = 1> <Delay = 1.01> <FuncUnit> <Opcode : 'seteq' 'setne' 'setle' 'setge' 'setlt' 'setgt'> <InPorts = 2> <OutPorts = 1>
ST_50 : Operation 741 [1/1] (1.01ns)   --->   "%icmp_ln354_2 = icmp_eq  i16 %tmp_13, i16 0" [top.cpp:354]   --->   Operation 741 'icmp' 'icmp_ln354_2' <Predicate = true> <Delay = 1.01> <CoreInst = "Cmp">   --->   Core 9 'Cmp' <Latency = 0> <II = 1> <Delay = 1.01> <FuncUnit> <Opcode : 'seteq' 'setne' 'setle' 'setge' 'setlt' 'setgt'> <InPorts = 2> <OutPorts = 1>
ST_50 : Operation 742 [1/1] (0.00ns) (grouped into LUT with out node and_ln354_3)   --->   "%select_ln354 = select i1 %and_ln354, i1 %icmp_ln354_1, i1 %icmp_ln354_2" [top.cpp:354]   --->   Operation 742 'select' 'select_ln354' <Predicate = true> <Delay = 0.00> <CoreInst = "Sel">   --->   Core 73 'Sel' <Latency = 0> <II = 1> <Delay = 0.26> <FuncUnit> <Opcode : 'select'> <InPorts = 3> <OutPorts = 1>
ST_50 : Operation 743 [1/1] (0.00ns) (grouped into LUT with out node and_ln354_4)   --->   "%xor_ln354_1 = xor i1 %tmp_101, i1 1" [top.cpp:354]   --->   Operation 743 'xor' 'xor_ln354_1' <Predicate = true> <Delay = 0.00> <CoreInst = "LogicGate">   --->   Core 74 'LogicGate' <Latency = 0> <II = 1> <Delay = 0.33> <FuncUnit> <Opcode : 'and' 'or' 'xor'> <InPorts = 2> <OutPorts = 1>
ST_50 : Operation 744 [1/1] (0.00ns) (grouped into LUT with out node and_ln354_4)   --->   "%and_ln354_1 = and i1 %icmp_ln354, i1 %xor_ln354_1" [top.cpp:354]   --->   Operation 744 'and' 'and_ln354_1' <Predicate = true> <Delay = 0.00> <CoreInst = "LogicGate">   --->   Core 74 'LogicGate' <Latency = 0> <II = 1> <Delay = 0.33> <FuncUnit> <Opcode : 'and' 'or' 'xor'> <InPorts = 2> <OutPorts = 1>
ST_50 : Operation 745 [1/1] (0.00ns) (grouped into LUT with out node and_ln354_4)   --->   "%select_ln354_1 = select i1 %and_ln354, i1 %and_ln354_1, i1 %icmp_ln354_1" [top.cpp:354]   --->   Operation 745 'select' 'select_ln354_1' <Predicate = true> <Delay = 0.00> <CoreInst = "Sel">   --->   Core 73 'Sel' <Latency = 0> <II = 1> <Delay = 0.26> <FuncUnit> <Opcode : 'select'> <InPorts = 3> <OutPorts = 1>
ST_50 : Operation 746 [1/1] (0.00ns) (grouped into LUT with out node or_ln354_1)   --->   "%and_ln354_2 = and i1 %and_ln354, i1 %icmp_ln354_1" [top.cpp:354]   --->   Operation 746 'and' 'and_ln354_2' <Predicate = true> <Delay = 0.00> <CoreInst = "LogicGate">   --->   Core 74 'LogicGate' <Latency = 0> <II = 1> <Delay = 0.33> <FuncUnit> <Opcode : 'and' 'or' 'xor'> <InPorts = 2> <OutPorts = 1>
ST_50 : Operation 747 [1/1] (0.00ns) (grouped into LUT with out node and_ln354_3)   --->   "%xor_ln354_2 = xor i1 %select_ln354, i1 1" [top.cpp:354]   --->   Operation 747 'xor' 'xor_ln354_2' <Predicate = true> <Delay = 0.00> <CoreInst = "LogicGate">   --->   Core 74 'LogicGate' <Latency = 0> <II = 1> <Delay = 0.33> <FuncUnit> <Opcode : 'and' 'or' 'xor'> <InPorts = 2> <OutPorts = 1>
ST_50 : Operation 748 [1/1] (0.00ns) (grouped into LUT with out node and_ln354_3)   --->   "%or_ln354 = or i1 %tmp_100, i1 %xor_ln354_2" [top.cpp:354]   --->   Operation 748 'or' 'or_ln354' <Predicate = true> <Delay = 0.00> <CoreInst = "LogicGate">   --->   Core 74 'LogicGate' <Latency = 0> <II = 1> <Delay = 0.33> <FuncUnit> <Opcode : 'and' 'or' 'xor'> <InPorts = 2> <OutPorts = 1>
ST_50 : Operation 749 [1/1] (0.00ns) (grouped into LUT with out node and_ln354_3)   --->   "%xor_ln354_3 = xor i1 %tmp_97, i1 1" [top.cpp:354]   --->   Operation 749 'xor' 'xor_ln354_3' <Predicate = true> <Delay = 0.00> <CoreInst = "LogicGate">   --->   Core 74 'LogicGate' <Latency = 0> <II = 1> <Delay = 0.33> <FuncUnit> <Opcode : 'and' 'or' 'xor'> <InPorts = 2> <OutPorts = 1>
ST_50 : Operation 750 [1/1] (0.33ns) (out node of the LUT)   --->   "%and_ln354_3 = and i1 %or_ln354, i1 %xor_ln354_3" [top.cpp:354]   --->   Operation 750 'and' 'and_ln354_3' <Predicate = true> <Delay = 0.33> <CoreInst = "LogicGate">   --->   Core 74 'LogicGate' <Latency = 0> <II = 1> <Delay = 0.33> <FuncUnit> <Opcode : 'and' 'or' 'xor'> <InPorts = 2> <OutPorts = 1>
ST_50 : Operation 751 [1/1] (0.33ns) (out node of the LUT)   --->   "%and_ln354_4 = and i1 %tmp_100, i1 %select_ln354_1" [top.cpp:354]   --->   Operation 751 'and' 'and_ln354_4' <Predicate = true> <Delay = 0.33> <CoreInst = "LogicGate">   --->   Core 74 'LogicGate' <Latency = 0> <II = 1> <Delay = 0.33> <FuncUnit> <Opcode : 'and' 'or' 'xor'> <InPorts = 2> <OutPorts = 1>
ST_50 : Operation 752 [1/1] (0.00ns) (grouped into LUT with out node or_ln354_1)   --->   "%or_ln354_2 = or i1 %and_ln354_2, i1 %and_ln354_4" [top.cpp:354]   --->   Operation 752 'or' 'or_ln354_2' <Predicate = true> <Delay = 0.00> <CoreInst = "LogicGate">   --->   Core 74 'LogicGate' <Latency = 0> <II = 1> <Delay = 0.33> <FuncUnit> <Opcode : 'and' 'or' 'xor'> <InPorts = 2> <OutPorts = 1>
ST_50 : Operation 753 [1/1] (0.00ns) (grouped into LUT with out node or_ln354_1)   --->   "%xor_ln354_4 = xor i1 %or_ln354_2, i1 1" [top.cpp:354]   --->   Operation 753 'xor' 'xor_ln354_4' <Predicate = true> <Delay = 0.00> <CoreInst = "LogicGate">   --->   Core 74 'LogicGate' <Latency = 0> <II = 1> <Delay = 0.33> <FuncUnit> <Opcode : 'and' 'or' 'xor'> <InPorts = 2> <OutPorts = 1>
ST_50 : Operation 754 [1/1] (0.00ns) (grouped into LUT with out node or_ln354_1)   --->   "%and_ln354_5 = and i1 %tmp_97, i1 %xor_ln354_4" [top.cpp:354]   --->   Operation 754 'and' 'and_ln354_5' <Predicate = true> <Delay = 0.00> <CoreInst = "LogicGate">   --->   Core 74 'LogicGate' <Latency = 0> <II = 1> <Delay = 0.33> <FuncUnit> <Opcode : 'and' 'or' 'xor'> <InPorts = 2> <OutPorts = 1>
ST_50 : Operation 755 [1/1] (0.00ns) (grouped into LUT with out node w0_2)   --->   "%select_ln354_2 = select i1 %and_ln354_3, i32 2147483647, i32 2147483648" [top.cpp:354]   --->   Operation 755 'select' 'select_ln354_2' <Predicate = true> <Delay = 0.00> <CoreInst = "Sel">   --->   Core 73 'Sel' <Latency = 0> <II = 1> <Delay = 0.52> <FuncUnit> <Opcode : 'select'> <InPorts = 3> <OutPorts = 1>
ST_50 : Operation 756 [1/1] (0.33ns) (out node of the LUT)   --->   "%or_ln354_1 = or i1 %and_ln354_3, i1 %and_ln354_5" [top.cpp:354]   --->   Operation 756 'or' 'or_ln354_1' <Predicate = true> <Delay = 0.33> <CoreInst = "LogicGate">   --->   Core 74 'LogicGate' <Latency = 0> <II = 1> <Delay = 0.33> <FuncUnit> <Opcode : 'and' 'or' 'xor'> <InPorts = 2> <OutPorts = 1>
ST_50 : Operation 757 [1/1] (0.52ns) (out node of the LUT)   --->   "%w0_2 = select i1 %or_ln354_1, i32 %select_ln354_2, i32 %w0_1" [top.cpp:354]   --->   Operation 757 'select' 'w0_2' <Predicate = true> <Delay = 0.52> <CoreInst = "Sel">   --->   Core 73 'Sel' <Latency = 0> <II = 1> <Delay = 0.52> <FuncUnit> <Opcode : 'select'> <InPorts = 3> <OutPorts = 1>
ST_50 : Operation 758 [1/1] (0.00ns)   --->   "%sext_ln366 = sext i32 %w1_diff_1" [top.cpp:366]   --->   Operation 758 'sext' 'sext_ln366' <Predicate = true> <Delay = 0.00>
ST_50 : Operation 759 [1/1] (3.88ns)   --->   "%mul_ln366 = mul i64 %sext_ln366, i64 %conv7_i4515" [top.cpp:366]   --->   Operation 759 'mul' 'mul_ln366' <Predicate = true> <Delay = 3.88> <CoreInst = "Multiplier">   --->   Core 3 'Multiplier' <Latency = 0> <II = 1> <Delay = 3.88> <FuncUnit> <Opcode : 'mul'> <InPorts = 2> <OutPorts = 1>
ST_50 : Operation 760 [1/1] (0.00ns)   --->   "%tmp_122 = bitselect i1 @_ssdm_op_BitSelect.i1.i64.i32, i64 %mul_ln366, i32 63" [top.cpp:366]   --->   Operation 760 'bitselect' 'tmp_122' <Predicate = true> <Delay = 0.00>
ST_50 : Operation 761 [1/1] (0.00ns)   --->   "%w1 = partselect i32 @_ssdm_op_PartSelect.i32.i64.i32.i32, i64 %mul_ln366, i32 16, i32 47" [top.cpp:366]   --->   Operation 761 'partselect' 'w1' <Predicate = true> <Delay = 0.00>
ST_50 : Operation 762 [1/1] (0.00ns)   --->   "%tmp_123 = bitselect i1 @_ssdm_op_BitSelect.i1.i64.i32, i64 %mul_ln366, i32 15" [top.cpp:366]   --->   Operation 762 'bitselect' 'tmp_123' <Predicate = true> <Delay = 0.00>
ST_50 : Operation 763 [1/1] (0.00ns) (grouped into LUT with out node and_ln366)   --->   "%tmp_124 = bitselect i1 @_ssdm_op_BitSelect.i1.i64.i32, i64 %mul_ln366, i32 47" [top.cpp:366]   --->   Operation 763 'bitselect' 'tmp_124' <Predicate = true> <Delay = 0.00>
ST_50 : Operation 764 [1/1] (0.00ns)   --->   "%zext_ln366 = zext i1 %tmp_123" [top.cpp:366]   --->   Operation 764 'zext' 'zext_ln366' <Predicate = true> <Delay = 0.00>
ST_50 : Operation 765 [1/1] (1.20ns)   --->   "%w1_1 = add i32 %w1, i32 %zext_ln366" [top.cpp:366]   --->   Operation 765 'add' 'w1_1' <Predicate = true> <Delay = 1.20> <CoreInst = "Adder">   --->   Core 1 'Adder' <Latency = 0> <II = 1> <Delay = 1.20> <FuncUnit> <Opcode : 'add' 'sub'> <InPorts = 2> <OutPorts = 1>
ST_50 : Operation 766 [1/1] (0.00ns)   --->   "%tmp_127 = bitselect i1 @_ssdm_op_BitSelect.i1.i32.i32, i32 %w1_1, i32 31" [top.cpp:366]   --->   Operation 766 'bitselect' 'tmp_127' <Predicate = true> <Delay = 0.00>
ST_50 : Operation 767 [1/1] (0.00ns) (grouped into LUT with out node and_ln366)   --->   "%xor_ln366 = xor i1 %tmp_127, i1 1" [top.cpp:366]   --->   Operation 767 'xor' 'xor_ln366' <Predicate = true> <Delay = 0.00> <CoreInst = "LogicGate">   --->   Core 74 'LogicGate' <Latency = 0> <II = 1> <Delay = 0.33> <FuncUnit> <Opcode : 'and' 'or' 'xor'> <InPorts = 2> <OutPorts = 1>
ST_50 : Operation 768 [1/1] (0.33ns) (out node of the LUT)   --->   "%and_ln366 = and i1 %tmp_124, i1 %xor_ln366" [top.cpp:366]   --->   Operation 768 'and' 'and_ln366' <Predicate = true> <Delay = 0.33> <CoreInst = "LogicGate">   --->   Core 74 'LogicGate' <Latency = 0> <II = 1> <Delay = 0.33> <FuncUnit> <Opcode : 'and' 'or' 'xor'> <InPorts = 2> <OutPorts = 1>
ST_50 : Operation 769 [1/1] (0.00ns) (grouped into LUT with out node and_ln366_4)   --->   "%tmp_128 = bitselect i1 @_ssdm_op_BitSelect.i1.i64.i32, i64 %mul_ln366, i32 48" [top.cpp:366]   --->   Operation 769 'bitselect' 'tmp_128' <Predicate = true> <Delay = 0.00>
ST_50 : Operation 770 [1/1] (0.00ns)   --->   "%tmp_18 = partselect i15 @_ssdm_op_PartSelect.i15.i64.i32, i64 %mul_ln366, i32 49" [top.cpp:366]   --->   Operation 770 'partselect' 'tmp_18' <Predicate = true> <Delay = 0.00>
ST_50 : Operation 771 [1/1] (1.00ns)   --->   "%icmp_ln366 = icmp_eq  i15 %tmp_18, i15 32767" [top.cpp:366]   --->   Operation 771 'icmp' 'icmp_ln366' <Predicate = true> <Delay = 1.00> <CoreInst = "Cmp">   --->   Core 9 'Cmp' <Latency = 0> <II = 1> <Delay = 1.00> <FuncUnit> <Opcode : 'seteq' 'setne' 'setle' 'setge' 'setlt' 'setgt'> <InPorts = 2> <OutPorts = 1>
ST_50 : Operation 772 [1/1] (0.00ns)   --->   "%tmp_19 = partselect i16 @_ssdm_op_PartSelect.i16.i64.i32, i64 %mul_ln366, i32 48" [top.cpp:366]   --->   Operation 772 'partselect' 'tmp_19' <Predicate = true> <Delay = 0.00>
ST_50 : Operation 773 [1/1] (1.01ns)   --->   "%icmp_ln366_1 = icmp_eq  i16 %tmp_19, i16 65535" [top.cpp:366]   --->   Operation 773 'icmp' 'icmp_ln366_1' <Predicate = true> <Delay = 1.01> <CoreInst = "Cmp">   --->   Core 9 'Cmp' <Latency = 0> <II = 1> <Delay = 1.01> <FuncUnit> <Opcode : 'seteq' 'setne' 'setle' 'setge' 'setlt' 'setgt'> <InPorts = 2> <OutPorts = 1>
ST_50 : Operation 774 [1/1] (1.01ns)   --->   "%icmp_ln366_2 = icmp_eq  i16 %tmp_19, i16 0" [top.cpp:366]   --->   Operation 774 'icmp' 'icmp_ln366_2' <Predicate = true> <Delay = 1.01> <CoreInst = "Cmp">   --->   Core 9 'Cmp' <Latency = 0> <II = 1> <Delay = 1.01> <FuncUnit> <Opcode : 'seteq' 'setne' 'setle' 'setge' 'setlt' 'setgt'> <InPorts = 2> <OutPorts = 1>
ST_50 : Operation 775 [1/1] (0.00ns) (grouped into LUT with out node and_ln366_3)   --->   "%select_ln366 = select i1 %and_ln366, i1 %icmp_ln366_1, i1 %icmp_ln366_2" [top.cpp:366]   --->   Operation 775 'select' 'select_ln366' <Predicate = true> <Delay = 0.00> <CoreInst = "Sel">   --->   Core 73 'Sel' <Latency = 0> <II = 1> <Delay = 0.26> <FuncUnit> <Opcode : 'select'> <InPorts = 3> <OutPorts = 1>
ST_50 : Operation 776 [1/1] (0.00ns) (grouped into LUT with out node and_ln366_4)   --->   "%xor_ln366_1 = xor i1 %tmp_128, i1 1" [top.cpp:366]   --->   Operation 776 'xor' 'xor_ln366_1' <Predicate = true> <Delay = 0.00> <CoreInst = "LogicGate">   --->   Core 74 'LogicGate' <Latency = 0> <II = 1> <Delay = 0.33> <FuncUnit> <Opcode : 'and' 'or' 'xor'> <InPorts = 2> <OutPorts = 1>
ST_50 : Operation 777 [1/1] (0.00ns) (grouped into LUT with out node and_ln366_4)   --->   "%and_ln366_1 = and i1 %icmp_ln366, i1 %xor_ln366_1" [top.cpp:366]   --->   Operation 777 'and' 'and_ln366_1' <Predicate = true> <Delay = 0.00> <CoreInst = "LogicGate">   --->   Core 74 'LogicGate' <Latency = 0> <II = 1> <Delay = 0.33> <FuncUnit> <Opcode : 'and' 'or' 'xor'> <InPorts = 2> <OutPorts = 1>
ST_50 : Operation 778 [1/1] (0.00ns) (grouped into LUT with out node and_ln366_4)   --->   "%select_ln366_1 = select i1 %and_ln366, i1 %and_ln366_1, i1 %icmp_ln366_1" [top.cpp:366]   --->   Operation 778 'select' 'select_ln366_1' <Predicate = true> <Delay = 0.00> <CoreInst = "Sel">   --->   Core 73 'Sel' <Latency = 0> <II = 1> <Delay = 0.26> <FuncUnit> <Opcode : 'select'> <InPorts = 3> <OutPorts = 1>
ST_50 : Operation 779 [1/1] (0.00ns) (grouped into LUT with out node or_ln366_1)   --->   "%and_ln366_2 = and i1 %and_ln366, i1 %icmp_ln366_1" [top.cpp:366]   --->   Operation 779 'and' 'and_ln366_2' <Predicate = true> <Delay = 0.00> <CoreInst = "LogicGate">   --->   Core 74 'LogicGate' <Latency = 0> <II = 1> <Delay = 0.33> <FuncUnit> <Opcode : 'and' 'or' 'xor'> <InPorts = 2> <OutPorts = 1>
ST_50 : Operation 780 [1/1] (0.00ns) (grouped into LUT with out node and_ln366_3)   --->   "%xor_ln366_2 = xor i1 %select_ln366, i1 1" [top.cpp:366]   --->   Operation 780 'xor' 'xor_ln366_2' <Predicate = true> <Delay = 0.00> <CoreInst = "LogicGate">   --->   Core 74 'LogicGate' <Latency = 0> <II = 1> <Delay = 0.33> <FuncUnit> <Opcode : 'and' 'or' 'xor'> <InPorts = 2> <OutPorts = 1>
ST_50 : Operation 781 [1/1] (0.00ns) (grouped into LUT with out node and_ln366_3)   --->   "%or_ln366 = or i1 %tmp_127, i1 %xor_ln366_2" [top.cpp:366]   --->   Operation 781 'or' 'or_ln366' <Predicate = true> <Delay = 0.00> <CoreInst = "LogicGate">   --->   Core 74 'LogicGate' <Latency = 0> <II = 1> <Delay = 0.33> <FuncUnit> <Opcode : 'and' 'or' 'xor'> <InPorts = 2> <OutPorts = 1>
ST_50 : Operation 782 [1/1] (0.00ns) (grouped into LUT with out node and_ln366_3)   --->   "%xor_ln366_3 = xor i1 %tmp_122, i1 1" [top.cpp:366]   --->   Operation 782 'xor' 'xor_ln366_3' <Predicate = true> <Delay = 0.00> <CoreInst = "LogicGate">   --->   Core 74 'LogicGate' <Latency = 0> <II = 1> <Delay = 0.33> <FuncUnit> <Opcode : 'and' 'or' 'xor'> <InPorts = 2> <OutPorts = 1>
ST_50 : Operation 783 [1/1] (0.33ns) (out node of the LUT)   --->   "%and_ln366_3 = and i1 %or_ln366, i1 %xor_ln366_3" [top.cpp:366]   --->   Operation 783 'and' 'and_ln366_3' <Predicate = true> <Delay = 0.33> <CoreInst = "LogicGate">   --->   Core 74 'LogicGate' <Latency = 0> <II = 1> <Delay = 0.33> <FuncUnit> <Opcode : 'and' 'or' 'xor'> <InPorts = 2> <OutPorts = 1>
ST_50 : Operation 784 [1/1] (0.33ns) (out node of the LUT)   --->   "%and_ln366_4 = and i1 %tmp_127, i1 %select_ln366_1" [top.cpp:366]   --->   Operation 784 'and' 'and_ln366_4' <Predicate = true> <Delay = 0.33> <CoreInst = "LogicGate">   --->   Core 74 'LogicGate' <Latency = 0> <II = 1> <Delay = 0.33> <FuncUnit> <Opcode : 'and' 'or' 'xor'> <InPorts = 2> <OutPorts = 1>
ST_50 : Operation 785 [1/1] (0.00ns) (grouped into LUT with out node or_ln366_1)   --->   "%or_ln366_2 = or i1 %and_ln366_2, i1 %and_ln366_4" [top.cpp:366]   --->   Operation 785 'or' 'or_ln366_2' <Predicate = true> <Delay = 0.00> <CoreInst = "LogicGate">   --->   Core 74 'LogicGate' <Latency = 0> <II = 1> <Delay = 0.33> <FuncUnit> <Opcode : 'and' 'or' 'xor'> <InPorts = 2> <OutPorts = 1>
ST_50 : Operation 786 [1/1] (0.00ns) (grouped into LUT with out node or_ln366_1)   --->   "%xor_ln366_4 = xor i1 %or_ln366_2, i1 1" [top.cpp:366]   --->   Operation 786 'xor' 'xor_ln366_4' <Predicate = true> <Delay = 0.00> <CoreInst = "LogicGate">   --->   Core 74 'LogicGate' <Latency = 0> <II = 1> <Delay = 0.33> <FuncUnit> <Opcode : 'and' 'or' 'xor'> <InPorts = 2> <OutPorts = 1>
ST_50 : Operation 787 [1/1] (0.00ns) (grouped into LUT with out node or_ln366_1)   --->   "%and_ln366_5 = and i1 %tmp_122, i1 %xor_ln366_4" [top.cpp:366]   --->   Operation 787 'and' 'and_ln366_5' <Predicate = true> <Delay = 0.00> <CoreInst = "LogicGate">   --->   Core 74 'LogicGate' <Latency = 0> <II = 1> <Delay = 0.33> <FuncUnit> <Opcode : 'and' 'or' 'xor'> <InPorts = 2> <OutPorts = 1>
ST_50 : Operation 788 [1/1] (0.00ns) (grouped into LUT with out node w1_2)   --->   "%select_ln366_2 = select i1 %and_ln366_3, i32 2147483647, i32 2147483648" [top.cpp:366]   --->   Operation 788 'select' 'select_ln366_2' <Predicate = true> <Delay = 0.00> <CoreInst = "Sel">   --->   Core 73 'Sel' <Latency = 0> <II = 1> <Delay = 0.52> <FuncUnit> <Opcode : 'select'> <InPorts = 3> <OutPorts = 1>
ST_50 : Operation 789 [1/1] (0.33ns) (out node of the LUT)   --->   "%or_ln366_1 = or i1 %and_ln366_3, i1 %and_ln366_5" [top.cpp:366]   --->   Operation 789 'or' 'or_ln366_1' <Predicate = true> <Delay = 0.33> <CoreInst = "LogicGate">   --->   Core 74 'LogicGate' <Latency = 0> <II = 1> <Delay = 0.33> <FuncUnit> <Opcode : 'and' 'or' 'xor'> <InPorts = 2> <OutPorts = 1>
ST_50 : Operation 790 [1/1] (0.52ns) (out node of the LUT)   --->   "%w1_2 = select i1 %or_ln366_1, i32 %select_ln366_2, i32 %w1_1" [top.cpp:366]   --->   Operation 790 'select' 'w1_2' <Predicate = true> <Delay = 0.52> <CoreInst = "Sel">   --->   Core 73 'Sel' <Latency = 0> <II = 1> <Delay = 0.52> <FuncUnit> <Opcode : 'select'> <InPorts = 3> <OutPorts = 1>
ST_50 : Operation 791 [1/1] (0.00ns)   --->   "%sext_ln378 = sext i32 %w2_diff_1" [top.cpp:378]   --->   Operation 791 'sext' 'sext_ln378' <Predicate = true> <Delay = 0.00>
ST_50 : Operation 792 [1/1] (3.88ns)   --->   "%mul_ln378 = mul i64 %sext_ln378, i64 %conv7_i4515" [top.cpp:378]   --->   Operation 792 'mul' 'mul_ln378' <Predicate = true> <Delay = 3.88> <CoreInst = "Multiplier">   --->   Core 3 'Multiplier' <Latency = 0> <II = 1> <Delay = 3.88> <FuncUnit> <Opcode : 'mul'> <InPorts = 2> <OutPorts = 1>
ST_50 : Operation 793 [1/1] (0.00ns)   --->   "%tmp_145 = bitselect i1 @_ssdm_op_BitSelect.i1.i64.i32, i64 %mul_ln378, i32 63" [top.cpp:378]   --->   Operation 793 'bitselect' 'tmp_145' <Predicate = true> <Delay = 0.00>
ST_50 : Operation 794 [1/1] (0.00ns)   --->   "%w2 = partselect i32 @_ssdm_op_PartSelect.i32.i64.i32.i32, i64 %mul_ln378, i32 16, i32 47" [top.cpp:378]   --->   Operation 794 'partselect' 'w2' <Predicate = true> <Delay = 0.00>
ST_50 : Operation 795 [1/1] (0.00ns)   --->   "%tmp_146 = bitselect i1 @_ssdm_op_BitSelect.i1.i64.i32, i64 %mul_ln378, i32 15" [top.cpp:378]   --->   Operation 795 'bitselect' 'tmp_146' <Predicate = true> <Delay = 0.00>
ST_50 : Operation 796 [1/1] (0.00ns) (grouped into LUT with out node and_ln378)   --->   "%tmp_147 = bitselect i1 @_ssdm_op_BitSelect.i1.i64.i32, i64 %mul_ln378, i32 47" [top.cpp:378]   --->   Operation 796 'bitselect' 'tmp_147' <Predicate = true> <Delay = 0.00>
ST_50 : Operation 797 [1/1] (0.00ns)   --->   "%zext_ln378 = zext i1 %tmp_146" [top.cpp:378]   --->   Operation 797 'zext' 'zext_ln378' <Predicate = true> <Delay = 0.00>
ST_50 : Operation 798 [1/1] (1.20ns)   --->   "%w2_1 = add i32 %w2, i32 %zext_ln378" [top.cpp:378]   --->   Operation 798 'add' 'w2_1' <Predicate = true> <Delay = 1.20> <CoreInst = "Adder">   --->   Core 1 'Adder' <Latency = 0> <II = 1> <Delay = 1.20> <FuncUnit> <Opcode : 'add' 'sub'> <InPorts = 2> <OutPorts = 1>
ST_50 : Operation 799 [1/1] (0.00ns)   --->   "%tmp_150 = bitselect i1 @_ssdm_op_BitSelect.i1.i32.i32, i32 %w2_1, i32 31" [top.cpp:378]   --->   Operation 799 'bitselect' 'tmp_150' <Predicate = true> <Delay = 0.00>
ST_50 : Operation 800 [1/1] (0.00ns) (grouped into LUT with out node and_ln378)   --->   "%xor_ln378 = xor i1 %tmp_150, i1 1" [top.cpp:378]   --->   Operation 800 'xor' 'xor_ln378' <Predicate = true> <Delay = 0.00> <CoreInst = "LogicGate">   --->   Core 74 'LogicGate' <Latency = 0> <II = 1> <Delay = 0.33> <FuncUnit> <Opcode : 'and' 'or' 'xor'> <InPorts = 2> <OutPorts = 1>
ST_50 : Operation 801 [1/1] (0.33ns) (out node of the LUT)   --->   "%and_ln378 = and i1 %tmp_147, i1 %xor_ln378" [top.cpp:378]   --->   Operation 801 'and' 'and_ln378' <Predicate = true> <Delay = 0.33> <CoreInst = "LogicGate">   --->   Core 74 'LogicGate' <Latency = 0> <II = 1> <Delay = 0.33> <FuncUnit> <Opcode : 'and' 'or' 'xor'> <InPorts = 2> <OutPorts = 1>
ST_50 : Operation 802 [1/1] (0.00ns) (grouped into LUT with out node and_ln378_4)   --->   "%tmp_151 = bitselect i1 @_ssdm_op_BitSelect.i1.i64.i32, i64 %mul_ln378, i32 48" [top.cpp:378]   --->   Operation 802 'bitselect' 'tmp_151' <Predicate = true> <Delay = 0.00>
ST_50 : Operation 803 [1/1] (0.00ns)   --->   "%tmp_24 = partselect i15 @_ssdm_op_PartSelect.i15.i64.i32, i64 %mul_ln378, i32 49" [top.cpp:378]   --->   Operation 803 'partselect' 'tmp_24' <Predicate = true> <Delay = 0.00>
ST_50 : Operation 804 [1/1] (1.00ns)   --->   "%icmp_ln378 = icmp_eq  i15 %tmp_24, i15 32767" [top.cpp:378]   --->   Operation 804 'icmp' 'icmp_ln378' <Predicate = true> <Delay = 1.00> <CoreInst = "Cmp">   --->   Core 9 'Cmp' <Latency = 0> <II = 1> <Delay = 1.00> <FuncUnit> <Opcode : 'seteq' 'setne' 'setle' 'setge' 'setlt' 'setgt'> <InPorts = 2> <OutPorts = 1>
ST_50 : Operation 805 [1/1] (0.00ns)   --->   "%tmp_25 = partselect i16 @_ssdm_op_PartSelect.i16.i64.i32, i64 %mul_ln378, i32 48" [top.cpp:378]   --->   Operation 805 'partselect' 'tmp_25' <Predicate = true> <Delay = 0.00>
ST_50 : Operation 806 [1/1] (1.01ns)   --->   "%icmp_ln378_1 = icmp_eq  i16 %tmp_25, i16 65535" [top.cpp:378]   --->   Operation 806 'icmp' 'icmp_ln378_1' <Predicate = true> <Delay = 1.01> <CoreInst = "Cmp">   --->   Core 9 'Cmp' <Latency = 0> <II = 1> <Delay = 1.01> <FuncUnit> <Opcode : 'seteq' 'setne' 'setle' 'setge' 'setlt' 'setgt'> <InPorts = 2> <OutPorts = 1>
ST_50 : Operation 807 [1/1] (1.01ns)   --->   "%icmp_ln378_2 = icmp_eq  i16 %tmp_25, i16 0" [top.cpp:378]   --->   Operation 807 'icmp' 'icmp_ln378_2' <Predicate = true> <Delay = 1.01> <CoreInst = "Cmp">   --->   Core 9 'Cmp' <Latency = 0> <II = 1> <Delay = 1.01> <FuncUnit> <Opcode : 'seteq' 'setne' 'setle' 'setge' 'setlt' 'setgt'> <InPorts = 2> <OutPorts = 1>
ST_50 : Operation 808 [1/1] (0.00ns) (grouped into LUT with out node and_ln378_3)   --->   "%select_ln378 = select i1 %and_ln378, i1 %icmp_ln378_1, i1 %icmp_ln378_2" [top.cpp:378]   --->   Operation 808 'select' 'select_ln378' <Predicate = true> <Delay = 0.00> <CoreInst = "Sel">   --->   Core 73 'Sel' <Latency = 0> <II = 1> <Delay = 0.26> <FuncUnit> <Opcode : 'select'> <InPorts = 3> <OutPorts = 1>
ST_50 : Operation 809 [1/1] (0.00ns) (grouped into LUT with out node and_ln378_4)   --->   "%xor_ln378_1 = xor i1 %tmp_151, i1 1" [top.cpp:378]   --->   Operation 809 'xor' 'xor_ln378_1' <Predicate = true> <Delay = 0.00> <CoreInst = "LogicGate">   --->   Core 74 'LogicGate' <Latency = 0> <II = 1> <Delay = 0.33> <FuncUnit> <Opcode : 'and' 'or' 'xor'> <InPorts = 2> <OutPorts = 1>
ST_50 : Operation 810 [1/1] (0.00ns) (grouped into LUT with out node and_ln378_4)   --->   "%and_ln378_1 = and i1 %icmp_ln378, i1 %xor_ln378_1" [top.cpp:378]   --->   Operation 810 'and' 'and_ln378_1' <Predicate = true> <Delay = 0.00> <CoreInst = "LogicGate">   --->   Core 74 'LogicGate' <Latency = 0> <II = 1> <Delay = 0.33> <FuncUnit> <Opcode : 'and' 'or' 'xor'> <InPorts = 2> <OutPorts = 1>
ST_50 : Operation 811 [1/1] (0.00ns) (grouped into LUT with out node and_ln378_4)   --->   "%select_ln378_1 = select i1 %and_ln378, i1 %and_ln378_1, i1 %icmp_ln378_1" [top.cpp:378]   --->   Operation 811 'select' 'select_ln378_1' <Predicate = true> <Delay = 0.00> <CoreInst = "Sel">   --->   Core 73 'Sel' <Latency = 0> <II = 1> <Delay = 0.26> <FuncUnit> <Opcode : 'select'> <InPorts = 3> <OutPorts = 1>
ST_50 : Operation 812 [1/1] (0.00ns) (grouped into LUT with out node or_ln378_1)   --->   "%and_ln378_2 = and i1 %and_ln378, i1 %icmp_ln378_1" [top.cpp:378]   --->   Operation 812 'and' 'and_ln378_2' <Predicate = true> <Delay = 0.00> <CoreInst = "LogicGate">   --->   Core 74 'LogicGate' <Latency = 0> <II = 1> <Delay = 0.33> <FuncUnit> <Opcode : 'and' 'or' 'xor'> <InPorts = 2> <OutPorts = 1>
ST_50 : Operation 813 [1/1] (0.00ns) (grouped into LUT with out node and_ln378_3)   --->   "%xor_ln378_2 = xor i1 %select_ln378, i1 1" [top.cpp:378]   --->   Operation 813 'xor' 'xor_ln378_2' <Predicate = true> <Delay = 0.00> <CoreInst = "LogicGate">   --->   Core 74 'LogicGate' <Latency = 0> <II = 1> <Delay = 0.33> <FuncUnit> <Opcode : 'and' 'or' 'xor'> <InPorts = 2> <OutPorts = 1>
ST_50 : Operation 814 [1/1] (0.00ns) (grouped into LUT with out node and_ln378_3)   --->   "%or_ln378 = or i1 %tmp_150, i1 %xor_ln378_2" [top.cpp:378]   --->   Operation 814 'or' 'or_ln378' <Predicate = true> <Delay = 0.00> <CoreInst = "LogicGate">   --->   Core 74 'LogicGate' <Latency = 0> <II = 1> <Delay = 0.33> <FuncUnit> <Opcode : 'and' 'or' 'xor'> <InPorts = 2> <OutPorts = 1>
ST_50 : Operation 815 [1/1] (0.00ns) (grouped into LUT with out node and_ln378_3)   --->   "%xor_ln378_3 = xor i1 %tmp_145, i1 1" [top.cpp:378]   --->   Operation 815 'xor' 'xor_ln378_3' <Predicate = true> <Delay = 0.00> <CoreInst = "LogicGate">   --->   Core 74 'LogicGate' <Latency = 0> <II = 1> <Delay = 0.33> <FuncUnit> <Opcode : 'and' 'or' 'xor'> <InPorts = 2> <OutPorts = 1>
ST_50 : Operation 816 [1/1] (0.33ns) (out node of the LUT)   --->   "%and_ln378_3 = and i1 %or_ln378, i1 %xor_ln378_3" [top.cpp:378]   --->   Operation 816 'and' 'and_ln378_3' <Predicate = true> <Delay = 0.33> <CoreInst = "LogicGate">   --->   Core 74 'LogicGate' <Latency = 0> <II = 1> <Delay = 0.33> <FuncUnit> <Opcode : 'and' 'or' 'xor'> <InPorts = 2> <OutPorts = 1>
ST_50 : Operation 817 [1/1] (0.33ns) (out node of the LUT)   --->   "%and_ln378_4 = and i1 %tmp_150, i1 %select_ln378_1" [top.cpp:378]   --->   Operation 817 'and' 'and_ln378_4' <Predicate = true> <Delay = 0.33> <CoreInst = "LogicGate">   --->   Core 74 'LogicGate' <Latency = 0> <II = 1> <Delay = 0.33> <FuncUnit> <Opcode : 'and' 'or' 'xor'> <InPorts = 2> <OutPorts = 1>
ST_50 : Operation 818 [1/1] (0.00ns) (grouped into LUT with out node or_ln378_1)   --->   "%or_ln378_2 = or i1 %and_ln378_2, i1 %and_ln378_4" [top.cpp:378]   --->   Operation 818 'or' 'or_ln378_2' <Predicate = true> <Delay = 0.00> <CoreInst = "LogicGate">   --->   Core 74 'LogicGate' <Latency = 0> <II = 1> <Delay = 0.33> <FuncUnit> <Opcode : 'and' 'or' 'xor'> <InPorts = 2> <OutPorts = 1>
ST_50 : Operation 819 [1/1] (0.00ns) (grouped into LUT with out node or_ln378_1)   --->   "%xor_ln378_4 = xor i1 %or_ln378_2, i1 1" [top.cpp:378]   --->   Operation 819 'xor' 'xor_ln378_4' <Predicate = true> <Delay = 0.00> <CoreInst = "LogicGate">   --->   Core 74 'LogicGate' <Latency = 0> <II = 1> <Delay = 0.33> <FuncUnit> <Opcode : 'and' 'or' 'xor'> <InPorts = 2> <OutPorts = 1>
ST_50 : Operation 820 [1/1] (0.00ns) (grouped into LUT with out node or_ln378_1)   --->   "%and_ln378_5 = and i1 %tmp_145, i1 %xor_ln378_4" [top.cpp:378]   --->   Operation 820 'and' 'and_ln378_5' <Predicate = true> <Delay = 0.00> <CoreInst = "LogicGate">   --->   Core 74 'LogicGate' <Latency = 0> <II = 1> <Delay = 0.33> <FuncUnit> <Opcode : 'and' 'or' 'xor'> <InPorts = 2> <OutPorts = 1>
ST_50 : Operation 821 [1/1] (0.00ns) (grouped into LUT with out node w2_2)   --->   "%select_ln378_2 = select i1 %and_ln378_3, i32 2147483647, i32 2147483648" [top.cpp:378]   --->   Operation 821 'select' 'select_ln378_2' <Predicate = true> <Delay = 0.00> <CoreInst = "Sel">   --->   Core 73 'Sel' <Latency = 0> <II = 1> <Delay = 0.52> <FuncUnit> <Opcode : 'select'> <InPorts = 3> <OutPorts = 1>
ST_50 : Operation 822 [1/1] (0.33ns) (out node of the LUT)   --->   "%or_ln378_1 = or i1 %and_ln378_3, i1 %and_ln378_5" [top.cpp:378]   --->   Operation 822 'or' 'or_ln378_1' <Predicate = true> <Delay = 0.33> <CoreInst = "LogicGate">   --->   Core 74 'LogicGate' <Latency = 0> <II = 1> <Delay = 0.33> <FuncUnit> <Opcode : 'and' 'or' 'xor'> <InPorts = 2> <OutPorts = 1>
ST_50 : Operation 823 [1/1] (0.52ns) (out node of the LUT)   --->   "%w2_2 = select i1 %or_ln378_1, i32 %select_ln378_2, i32 %w2_1" [top.cpp:378]   --->   Operation 823 'select' 'w2_2' <Predicate = true> <Delay = 0.52> <CoreInst = "Sel">   --->   Core 73 'Sel' <Latency = 0> <II = 1> <Delay = 0.52> <FuncUnit> <Opcode : 'select'> <InPorts = 3> <OutPorts = 1>
ST_50 : Operation 824 [1/1] (0.00ns)   --->   "%tmp_152 = bitselect i1 @_ssdm_op_BitSelect.i1.i32.i32, i32 %w0_2, i32 31" [top.cpp:381]   --->   Operation 824 'bitselect' 'tmp_152' <Predicate = true> <Delay = 0.00>
ST_50 : Operation 825 [1/1] (0.00ns)   --->   "%br_ln381 = br i1 %tmp_152, void %_ZN8ap_fixedILi32ELi16EL9ap_q_mode0EL9ap_o_mode0ELi0EEC2Ei.exit2512, void %for.inc221" [top.cpp:381]   --->   Operation 825 'br' 'br_ln381' <Predicate = true> <Delay = 0.00>
ST_50 : Operation 826 [1/1] (0.40ns)   --->   "%or_ln381 = or i32 %w2_2, i32 %w1_2" [top.cpp:381]   --->   Operation 826 'or' 'or_ln381' <Predicate = (!tmp_152)> <Delay = 0.40> <CoreInst = "LogicGate">   --->   Core 74 'LogicGate' <Latency = 0> <II = 1> <Delay = 0.40> <FuncUnit> <Opcode : 'and' 'or' 'xor'> <InPorts = 2> <OutPorts = 1>
ST_50 : Operation 827 [1/1] (0.00ns)   --->   "%tmp_153 = bitselect i1 @_ssdm_op_BitSelect.i1.i32.i32, i32 %or_ln381, i32 31" [top.cpp:381]   --->   Operation 827 'bitselect' 'tmp_153' <Predicate = (!tmp_152)> <Delay = 0.00>
ST_50 : Operation 828 [1/1] (0.00ns)   --->   "%br_ln381 = br i1 %tmp_153, void %_ZNK13ap_fixed_baseILi32ELi16ELb1EL9ap_q_mode0EL9ap_o_mode0ELi0EEmlILi32ELi16ELb1ELS0_0ELS1_0ELi0EEENS2_5RTypeIXT_EXT0_EXT1_EE4multERKS_IXT_EXT0_EXT1_EXT2_EXT3_EXT4_EE.exit2362, void %for.inc221" [top.cpp:381]   --->   Operation 828 'br' 'br_ln381' <Predicate = (!tmp_152)> <Delay = 0.00>

State 51 <SV = 49> <Delay = 6.60>
ST_51 : Operation 829 [1/1] (0.00ns)   --->   "%zext_ln384_1 = zext i32 %w0_2" [top.cpp:384]   --->   Operation 829 'zext' 'zext_ln384_1' <Predicate = true> <Delay = 0.00>
ST_51 : Operation 830 [1/1] (3.88ns)   --->   "%mul_ln384 = mul i63 %zext_ln384_1, i63 %sext_ln385_2" [top.cpp:384]   --->   Operation 830 'mul' 'mul_ln384' <Predicate = true> <Delay = 3.88> <CoreInst = "Multiplier">   --->   Core 3 'Multiplier' <Latency = 0> <II = 1> <Delay = 3.88> <FuncUnit> <Opcode : 'mul'> <InPorts = 2> <OutPorts = 1>
ST_51 : Operation 831 [1/1] (0.00ns)   --->   "%tmp_154 = bitselect i1 @_ssdm_op_BitSelect.i1.i63.i32, i63 %mul_ln384, i32 62" [top.cpp:384]   --->   Operation 831 'bitselect' 'tmp_154' <Predicate = true> <Delay = 0.00>
ST_51 : Operation 832 [1/1] (0.00ns)   --->   "%z0_val = partselect i32 @_ssdm_op_PartSelect.i32.i63.i32.i32, i63 %mul_ln384, i32 16, i32 47" [top.cpp:384]   --->   Operation 832 'partselect' 'z0_val' <Predicate = true> <Delay = 0.00>
ST_51 : Operation 833 [1/1] (0.00ns)   --->   "%tmp_157 = bitselect i1 @_ssdm_op_BitSelect.i1.i63.i32, i63 %mul_ln384, i32 15" [top.cpp:384]   --->   Operation 833 'bitselect' 'tmp_157' <Predicate = true> <Delay = 0.00>
ST_51 : Operation 834 [1/1] (0.00ns) (grouped into LUT with out node and_ln384)   --->   "%tmp_158 = bitselect i1 @_ssdm_op_BitSelect.i1.i63.i32, i63 %mul_ln384, i32 47" [top.cpp:384]   --->   Operation 834 'bitselect' 'tmp_158' <Predicate = true> <Delay = 0.00>
ST_51 : Operation 835 [1/1] (0.00ns)   --->   "%zext_ln384 = zext i1 %tmp_157" [top.cpp:384]   --->   Operation 835 'zext' 'zext_ln384' <Predicate = true> <Delay = 0.00>
ST_51 : Operation 836 [1/1] (1.20ns)   --->   "%z0_val_1 = add i32 %z0_val, i32 %zext_ln384" [top.cpp:384]   --->   Operation 836 'add' 'z0_val_1' <Predicate = true> <Delay = 1.20> <CoreInst = "Adder">   --->   Core 1 'Adder' <Latency = 0> <II = 1> <Delay = 1.20> <FuncUnit> <Opcode : 'add' 'sub'> <InPorts = 2> <OutPorts = 1>
ST_51 : Operation 837 [1/1] (0.00ns)   --->   "%tmp_159 = bitselect i1 @_ssdm_op_BitSelect.i1.i32.i32, i32 %z0_val_1, i32 31" [top.cpp:384]   --->   Operation 837 'bitselect' 'tmp_159' <Predicate = true> <Delay = 0.00>
ST_51 : Operation 838 [1/1] (0.00ns) (grouped into LUT with out node and_ln384)   --->   "%xor_ln384 = xor i1 %tmp_159, i1 1" [top.cpp:384]   --->   Operation 838 'xor' 'xor_ln384' <Predicate = true> <Delay = 0.00> <CoreInst = "LogicGate">   --->   Core 74 'LogicGate' <Latency = 0> <II = 1> <Delay = 0.33> <FuncUnit> <Opcode : 'and' 'or' 'xor'> <InPorts = 2> <OutPorts = 1>
ST_51 : Operation 839 [1/1] (0.33ns) (out node of the LUT)   --->   "%and_ln384 = and i1 %tmp_158, i1 %xor_ln384" [top.cpp:384]   --->   Operation 839 'and' 'and_ln384' <Predicate = true> <Delay = 0.33> <CoreInst = "LogicGate">   --->   Core 74 'LogicGate' <Latency = 0> <II = 1> <Delay = 0.33> <FuncUnit> <Opcode : 'and' 'or' 'xor'> <InPorts = 2> <OutPorts = 1>
ST_51 : Operation 840 [1/1] (0.00ns) (grouped into LUT with out node and_ln384_4)   --->   "%tmp_160 = bitselect i1 @_ssdm_op_BitSelect.i1.i63.i32, i63 %mul_ln384, i32 48" [top.cpp:384]   --->   Operation 840 'bitselect' 'tmp_160' <Predicate = true> <Delay = 0.00>
ST_51 : Operation 841 [1/1] (0.00ns)   --->   "%tmp_26 = partselect i14 @_ssdm_op_PartSelect.i14.i63.i32.i32, i63 %mul_ln384, i32 49, i32 62" [top.cpp:384]   --->   Operation 841 'partselect' 'tmp_26' <Predicate = true> <Delay = 0.00>
ST_51 : Operation 842 [1/1] (0.98ns)   --->   "%icmp_ln384 = icmp_eq  i14 %tmp_26, i14 16383" [top.cpp:384]   --->   Operation 842 'icmp' 'icmp_ln384' <Predicate = true> <Delay = 0.98> <CoreInst = "Cmp">   --->   Core 9 'Cmp' <Latency = 0> <II = 1> <Delay = 0.98> <FuncUnit> <Opcode : 'seteq' 'setne' 'setle' 'setge' 'setlt' 'setgt'> <InPorts = 2> <OutPorts = 1>
ST_51 : Operation 843 [1/1] (0.00ns)   --->   "%tmp_27 = partselect i15 @_ssdm_op_PartSelect.i15.i63.i32.i32, i63 %mul_ln384, i32 48, i32 62" [top.cpp:384]   --->   Operation 843 'partselect' 'tmp_27' <Predicate = true> <Delay = 0.00>
ST_51 : Operation 844 [1/1] (1.00ns)   --->   "%icmp_ln384_1 = icmp_eq  i15 %tmp_27, i15 32767" [top.cpp:384]   --->   Operation 844 'icmp' 'icmp_ln384_1' <Predicate = true> <Delay = 1.00> <CoreInst = "Cmp">   --->   Core 9 'Cmp' <Latency = 0> <II = 1> <Delay = 1.00> <FuncUnit> <Opcode : 'seteq' 'setne' 'setle' 'setge' 'setlt' 'setgt'> <InPorts = 2> <OutPorts = 1>
ST_51 : Operation 845 [1/1] (1.00ns)   --->   "%icmp_ln384_2 = icmp_eq  i15 %tmp_27, i15 0" [top.cpp:384]   --->   Operation 845 'icmp' 'icmp_ln384_2' <Predicate = true> <Delay = 1.00> <CoreInst = "Cmp">   --->   Core 9 'Cmp' <Latency = 0> <II = 1> <Delay = 1.00> <FuncUnit> <Opcode : 'seteq' 'setne' 'setle' 'setge' 'setlt' 'setgt'> <InPorts = 2> <OutPorts = 1>
ST_51 : Operation 846 [1/1] (0.00ns) (grouped into LUT with out node and_ln384_3)   --->   "%select_ln384 = select i1 %and_ln384, i1 %icmp_ln384_1, i1 %icmp_ln384_2" [top.cpp:384]   --->   Operation 846 'select' 'select_ln384' <Predicate = true> <Delay = 0.00> <CoreInst = "Sel">   --->   Core 73 'Sel' <Latency = 0> <II = 1> <Delay = 0.26> <FuncUnit> <Opcode : 'select'> <InPorts = 3> <OutPorts = 1>
ST_51 : Operation 847 [1/1] (0.00ns) (grouped into LUT with out node and_ln384_4)   --->   "%xor_ln384_1 = xor i1 %tmp_160, i1 1" [top.cpp:384]   --->   Operation 847 'xor' 'xor_ln384_1' <Predicate = true> <Delay = 0.00> <CoreInst = "LogicGate">   --->   Core 74 'LogicGate' <Latency = 0> <II = 1> <Delay = 0.33> <FuncUnit> <Opcode : 'and' 'or' 'xor'> <InPorts = 2> <OutPorts = 1>
ST_51 : Operation 848 [1/1] (0.00ns) (grouped into LUT with out node and_ln384_4)   --->   "%and_ln384_1 = and i1 %icmp_ln384, i1 %xor_ln384_1" [top.cpp:384]   --->   Operation 848 'and' 'and_ln384_1' <Predicate = true> <Delay = 0.00> <CoreInst = "LogicGate">   --->   Core 74 'LogicGate' <Latency = 0> <II = 1> <Delay = 0.33> <FuncUnit> <Opcode : 'and' 'or' 'xor'> <InPorts = 2> <OutPorts = 1>
ST_51 : Operation 849 [1/1] (0.00ns) (grouped into LUT with out node and_ln384_4)   --->   "%select_ln384_1 = select i1 %and_ln384, i1 %and_ln384_1, i1 %icmp_ln384_1" [top.cpp:384]   --->   Operation 849 'select' 'select_ln384_1' <Predicate = true> <Delay = 0.00> <CoreInst = "Sel">   --->   Core 73 'Sel' <Latency = 0> <II = 1> <Delay = 0.26> <FuncUnit> <Opcode : 'select'> <InPorts = 3> <OutPorts = 1>
ST_51 : Operation 850 [1/1] (0.00ns) (grouped into LUT with out node or_ln384_1)   --->   "%and_ln384_2 = and i1 %and_ln384, i1 %icmp_ln384_1" [top.cpp:384]   --->   Operation 850 'and' 'and_ln384_2' <Predicate = true> <Delay = 0.00> <CoreInst = "LogicGate">   --->   Core 74 'LogicGate' <Latency = 0> <II = 1> <Delay = 0.33> <FuncUnit> <Opcode : 'and' 'or' 'xor'> <InPorts = 2> <OutPorts = 1>
ST_51 : Operation 851 [1/1] (0.00ns) (grouped into LUT with out node and_ln384_3)   --->   "%xor_ln384_2 = xor i1 %select_ln384, i1 1" [top.cpp:384]   --->   Operation 851 'xor' 'xor_ln384_2' <Predicate = true> <Delay = 0.00> <CoreInst = "LogicGate">   --->   Core 74 'LogicGate' <Latency = 0> <II = 1> <Delay = 0.33> <FuncUnit> <Opcode : 'and' 'or' 'xor'> <InPorts = 2> <OutPorts = 1>
ST_51 : Operation 852 [1/1] (0.00ns) (grouped into LUT with out node and_ln384_3)   --->   "%or_ln384 = or i1 %tmp_159, i1 %xor_ln384_2" [top.cpp:384]   --->   Operation 852 'or' 'or_ln384' <Predicate = true> <Delay = 0.00> <CoreInst = "LogicGate">   --->   Core 74 'LogicGate' <Latency = 0> <II = 1> <Delay = 0.33> <FuncUnit> <Opcode : 'and' 'or' 'xor'> <InPorts = 2> <OutPorts = 1>
ST_51 : Operation 853 [1/1] (0.00ns) (grouped into LUT with out node and_ln384_3)   --->   "%xor_ln384_3 = xor i1 %tmp_154, i1 1" [top.cpp:384]   --->   Operation 853 'xor' 'xor_ln384_3' <Predicate = true> <Delay = 0.00> <CoreInst = "LogicGate">   --->   Core 74 'LogicGate' <Latency = 0> <II = 1> <Delay = 0.33> <FuncUnit> <Opcode : 'and' 'or' 'xor'> <InPorts = 2> <OutPorts = 1>
ST_51 : Operation 854 [1/1] (0.33ns) (out node of the LUT)   --->   "%and_ln384_3 = and i1 %or_ln384, i1 %xor_ln384_3" [top.cpp:384]   --->   Operation 854 'and' 'and_ln384_3' <Predicate = true> <Delay = 0.33> <CoreInst = "LogicGate">   --->   Core 74 'LogicGate' <Latency = 0> <II = 1> <Delay = 0.33> <FuncUnit> <Opcode : 'and' 'or' 'xor'> <InPorts = 2> <OutPorts = 1>
ST_51 : Operation 855 [1/1] (0.33ns) (out node of the LUT)   --->   "%and_ln384_4 = and i1 %tmp_159, i1 %select_ln384_1" [top.cpp:384]   --->   Operation 855 'and' 'and_ln384_4' <Predicate = true> <Delay = 0.33> <CoreInst = "LogicGate">   --->   Core 74 'LogicGate' <Latency = 0> <II = 1> <Delay = 0.33> <FuncUnit> <Opcode : 'and' 'or' 'xor'> <InPorts = 2> <OutPorts = 1>
ST_51 : Operation 856 [1/1] (0.00ns) (grouped into LUT with out node or_ln384_1)   --->   "%or_ln384_2 = or i1 %and_ln384_2, i1 %and_ln384_4" [top.cpp:384]   --->   Operation 856 'or' 'or_ln384_2' <Predicate = true> <Delay = 0.00> <CoreInst = "LogicGate">   --->   Core 74 'LogicGate' <Latency = 0> <II = 1> <Delay = 0.33> <FuncUnit> <Opcode : 'and' 'or' 'xor'> <InPorts = 2> <OutPorts = 1>
ST_51 : Operation 857 [1/1] (0.00ns) (grouped into LUT with out node or_ln384_1)   --->   "%xor_ln384_4 = xor i1 %or_ln384_2, i1 1" [top.cpp:384]   --->   Operation 857 'xor' 'xor_ln384_4' <Predicate = true> <Delay = 0.00> <CoreInst = "LogicGate">   --->   Core 74 'LogicGate' <Latency = 0> <II = 1> <Delay = 0.33> <FuncUnit> <Opcode : 'and' 'or' 'xor'> <InPorts = 2> <OutPorts = 1>
ST_51 : Operation 858 [1/1] (0.00ns) (grouped into LUT with out node or_ln384_1)   --->   "%and_ln384_5 = and i1 %tmp_154, i1 %xor_ln384_4" [top.cpp:384]   --->   Operation 858 'and' 'and_ln384_5' <Predicate = true> <Delay = 0.00> <CoreInst = "LogicGate">   --->   Core 74 'LogicGate' <Latency = 0> <II = 1> <Delay = 0.33> <FuncUnit> <Opcode : 'and' 'or' 'xor'> <InPorts = 2> <OutPorts = 1>
ST_51 : Operation 859 [1/1] (0.00ns) (grouped into LUT with out node z0_val_2)   --->   "%select_ln384_2 = select i1 %and_ln384_3, i32 2147483647, i32 2147483648" [top.cpp:384]   --->   Operation 859 'select' 'select_ln384_2' <Predicate = true> <Delay = 0.00> <CoreInst = "Sel">   --->   Core 73 'Sel' <Latency = 0> <II = 1> <Delay = 0.52> <FuncUnit> <Opcode : 'select'> <InPorts = 3> <OutPorts = 1>
ST_51 : Operation 860 [1/1] (0.33ns) (out node of the LUT)   --->   "%or_ln384_1 = or i1 %and_ln384_3, i1 %and_ln384_5" [top.cpp:384]   --->   Operation 860 'or' 'or_ln384_1' <Predicate = true> <Delay = 0.33> <CoreInst = "LogicGate">   --->   Core 74 'LogicGate' <Latency = 0> <II = 1> <Delay = 0.33> <FuncUnit> <Opcode : 'and' 'or' 'xor'> <InPorts = 2> <OutPorts = 1>
ST_51 : Operation 861 [1/1] (0.52ns) (out node of the LUT)   --->   "%z0_val_2 = select i1 %or_ln384_1, i32 %select_ln384_2, i32 %z0_val_1" [top.cpp:384]   --->   Operation 861 'select' 'z0_val_2' <Predicate = true> <Delay = 0.52> <CoreInst = "Sel">   --->   Core 73 'Sel' <Latency = 0> <II = 1> <Delay = 0.52> <FuncUnit> <Opcode : 'select'> <InPorts = 3> <OutPorts = 1>
ST_51 : Operation 862 [1/1] (0.00ns)   --->   "%sext_ln385_1 = sext i32 %w1_2" [top.cpp:385]   --->   Operation 862 'sext' 'sext_ln385_1' <Predicate = true> <Delay = 0.00>
ST_51 : Operation 863 [1/1] (3.88ns)   --->   "%mul_ln385 = mul i64 %sext_ln385_1, i64 %sext_ln385" [top.cpp:385]   --->   Operation 863 'mul' 'mul_ln385' <Predicate = true> <Delay = 3.88> <CoreInst = "Multiplier">   --->   Core 3 'Multiplier' <Latency = 0> <II = 1> <Delay = 3.88> <FuncUnit> <Opcode : 'mul'> <InPorts = 2> <OutPorts = 1>
ST_51 : Operation 864 [1/1] (0.00ns)   --->   "%tmp_161 = bitselect i1 @_ssdm_op_BitSelect.i1.i64.i32, i64 %mul_ln385, i32 63" [top.cpp:385]   --->   Operation 864 'bitselect' 'tmp_161' <Predicate = true> <Delay = 0.00>
ST_51 : Operation 865 [1/1] (0.00ns)   --->   "%z1_val = partselect i32 @_ssdm_op_PartSelect.i32.i64.i32.i32, i64 %mul_ln385, i32 16, i32 47" [top.cpp:385]   --->   Operation 865 'partselect' 'z1_val' <Predicate = true> <Delay = 0.00>
ST_51 : Operation 866 [1/1] (0.00ns)   --->   "%tmp_162 = bitselect i1 @_ssdm_op_BitSelect.i1.i64.i32, i64 %mul_ln385, i32 15" [top.cpp:385]   --->   Operation 866 'bitselect' 'tmp_162' <Predicate = true> <Delay = 0.00>
ST_51 : Operation 867 [1/1] (0.00ns) (grouped into LUT with out node and_ln385)   --->   "%tmp_163 = bitselect i1 @_ssdm_op_BitSelect.i1.i64.i32, i64 %mul_ln385, i32 47" [top.cpp:385]   --->   Operation 867 'bitselect' 'tmp_163' <Predicate = true> <Delay = 0.00>
ST_51 : Operation 868 [1/1] (0.00ns)   --->   "%zext_ln385 = zext i1 %tmp_162" [top.cpp:385]   --->   Operation 868 'zext' 'zext_ln385' <Predicate = true> <Delay = 0.00>
ST_51 : Operation 869 [1/1] (1.20ns)   --->   "%z1_val_1 = add i32 %z1_val, i32 %zext_ln385" [top.cpp:385]   --->   Operation 869 'add' 'z1_val_1' <Predicate = true> <Delay = 1.20> <CoreInst = "Adder">   --->   Core 1 'Adder' <Latency = 0> <II = 1> <Delay = 1.20> <FuncUnit> <Opcode : 'add' 'sub'> <InPorts = 2> <OutPorts = 1>
ST_51 : Operation 870 [1/1] (0.00ns)   --->   "%tmp_164 = bitselect i1 @_ssdm_op_BitSelect.i1.i32.i32, i32 %z1_val_1, i32 31" [top.cpp:385]   --->   Operation 870 'bitselect' 'tmp_164' <Predicate = true> <Delay = 0.00>
ST_51 : Operation 871 [1/1] (0.00ns) (grouped into LUT with out node and_ln385)   --->   "%xor_ln385 = xor i1 %tmp_164, i1 1" [top.cpp:385]   --->   Operation 871 'xor' 'xor_ln385' <Predicate = true> <Delay = 0.00> <CoreInst = "LogicGate">   --->   Core 74 'LogicGate' <Latency = 0> <II = 1> <Delay = 0.33> <FuncUnit> <Opcode : 'and' 'or' 'xor'> <InPorts = 2> <OutPorts = 1>
ST_51 : Operation 872 [1/1] (0.33ns) (out node of the LUT)   --->   "%and_ln385 = and i1 %tmp_163, i1 %xor_ln385" [top.cpp:385]   --->   Operation 872 'and' 'and_ln385' <Predicate = true> <Delay = 0.33> <CoreInst = "LogicGate">   --->   Core 74 'LogicGate' <Latency = 0> <II = 1> <Delay = 0.33> <FuncUnit> <Opcode : 'and' 'or' 'xor'> <InPorts = 2> <OutPorts = 1>
ST_51 : Operation 873 [1/1] (0.00ns) (grouped into LUT with out node and_ln385_4)   --->   "%tmp_165 = bitselect i1 @_ssdm_op_BitSelect.i1.i64.i32, i64 %mul_ln385, i32 48" [top.cpp:385]   --->   Operation 873 'bitselect' 'tmp_165' <Predicate = true> <Delay = 0.00>
ST_51 : Operation 874 [1/1] (0.00ns)   --->   "%tmp_28 = partselect i15 @_ssdm_op_PartSelect.i15.i64.i32, i64 %mul_ln385, i32 49" [top.cpp:385]   --->   Operation 874 'partselect' 'tmp_28' <Predicate = true> <Delay = 0.00>
ST_51 : Operation 875 [1/1] (1.00ns)   --->   "%icmp_ln385 = icmp_eq  i15 %tmp_28, i15 32767" [top.cpp:385]   --->   Operation 875 'icmp' 'icmp_ln385' <Predicate = true> <Delay = 1.00> <CoreInst = "Cmp">   --->   Core 9 'Cmp' <Latency = 0> <II = 1> <Delay = 1.00> <FuncUnit> <Opcode : 'seteq' 'setne' 'setle' 'setge' 'setlt' 'setgt'> <InPorts = 2> <OutPorts = 1>
ST_51 : Operation 876 [1/1] (0.00ns)   --->   "%tmp_29 = partselect i16 @_ssdm_op_PartSelect.i16.i64.i32, i64 %mul_ln385, i32 48" [top.cpp:385]   --->   Operation 876 'partselect' 'tmp_29' <Predicate = true> <Delay = 0.00>
ST_51 : Operation 877 [1/1] (1.01ns)   --->   "%icmp_ln385_1 = icmp_eq  i16 %tmp_29, i16 65535" [top.cpp:385]   --->   Operation 877 'icmp' 'icmp_ln385_1' <Predicate = true> <Delay = 1.01> <CoreInst = "Cmp">   --->   Core 9 'Cmp' <Latency = 0> <II = 1> <Delay = 1.01> <FuncUnit> <Opcode : 'seteq' 'setne' 'setle' 'setge' 'setlt' 'setgt'> <InPorts = 2> <OutPorts = 1>
ST_51 : Operation 878 [1/1] (1.01ns)   --->   "%icmp_ln385_2 = icmp_eq  i16 %tmp_29, i16 0" [top.cpp:385]   --->   Operation 878 'icmp' 'icmp_ln385_2' <Predicate = true> <Delay = 1.01> <CoreInst = "Cmp">   --->   Core 9 'Cmp' <Latency = 0> <II = 1> <Delay = 1.01> <FuncUnit> <Opcode : 'seteq' 'setne' 'setle' 'setge' 'setlt' 'setgt'> <InPorts = 2> <OutPorts = 1>
ST_51 : Operation 879 [1/1] (0.00ns) (grouped into LUT with out node and_ln385_3)   --->   "%select_ln385 = select i1 %and_ln385, i1 %icmp_ln385_1, i1 %icmp_ln385_2" [top.cpp:385]   --->   Operation 879 'select' 'select_ln385' <Predicate = true> <Delay = 0.00> <CoreInst = "Sel">   --->   Core 73 'Sel' <Latency = 0> <II = 1> <Delay = 0.26> <FuncUnit> <Opcode : 'select'> <InPorts = 3> <OutPorts = 1>
ST_51 : Operation 880 [1/1] (0.00ns) (grouped into LUT with out node and_ln385_4)   --->   "%xor_ln385_1 = xor i1 %tmp_165, i1 1" [top.cpp:385]   --->   Operation 880 'xor' 'xor_ln385_1' <Predicate = true> <Delay = 0.00> <CoreInst = "LogicGate">   --->   Core 74 'LogicGate' <Latency = 0> <II = 1> <Delay = 0.33> <FuncUnit> <Opcode : 'and' 'or' 'xor'> <InPorts = 2> <OutPorts = 1>
ST_51 : Operation 881 [1/1] (0.00ns) (grouped into LUT with out node and_ln385_4)   --->   "%and_ln385_1 = and i1 %icmp_ln385, i1 %xor_ln385_1" [top.cpp:385]   --->   Operation 881 'and' 'and_ln385_1' <Predicate = true> <Delay = 0.00> <CoreInst = "LogicGate">   --->   Core 74 'LogicGate' <Latency = 0> <II = 1> <Delay = 0.33> <FuncUnit> <Opcode : 'and' 'or' 'xor'> <InPorts = 2> <OutPorts = 1>
ST_51 : Operation 882 [1/1] (0.00ns) (grouped into LUT with out node and_ln385_4)   --->   "%select_ln385_1 = select i1 %and_ln385, i1 %and_ln385_1, i1 %icmp_ln385_1" [top.cpp:385]   --->   Operation 882 'select' 'select_ln385_1' <Predicate = true> <Delay = 0.00> <CoreInst = "Sel">   --->   Core 73 'Sel' <Latency = 0> <II = 1> <Delay = 0.26> <FuncUnit> <Opcode : 'select'> <InPorts = 3> <OutPorts = 1>
ST_51 : Operation 883 [1/1] (0.00ns) (grouped into LUT with out node or_ln385_1)   --->   "%and_ln385_2 = and i1 %and_ln385, i1 %icmp_ln385_1" [top.cpp:385]   --->   Operation 883 'and' 'and_ln385_2' <Predicate = true> <Delay = 0.00> <CoreInst = "LogicGate">   --->   Core 74 'LogicGate' <Latency = 0> <II = 1> <Delay = 0.33> <FuncUnit> <Opcode : 'and' 'or' 'xor'> <InPorts = 2> <OutPorts = 1>
ST_51 : Operation 884 [1/1] (0.00ns) (grouped into LUT with out node and_ln385_3)   --->   "%xor_ln385_2 = xor i1 %select_ln385, i1 1" [top.cpp:385]   --->   Operation 884 'xor' 'xor_ln385_2' <Predicate = true> <Delay = 0.00> <CoreInst = "LogicGate">   --->   Core 74 'LogicGate' <Latency = 0> <II = 1> <Delay = 0.33> <FuncUnit> <Opcode : 'and' 'or' 'xor'> <InPorts = 2> <OutPorts = 1>
ST_51 : Operation 885 [1/1] (0.00ns) (grouped into LUT with out node and_ln385_3)   --->   "%or_ln385 = or i1 %tmp_164, i1 %xor_ln385_2" [top.cpp:385]   --->   Operation 885 'or' 'or_ln385' <Predicate = true> <Delay = 0.00> <CoreInst = "LogicGate">   --->   Core 74 'LogicGate' <Latency = 0> <II = 1> <Delay = 0.33> <FuncUnit> <Opcode : 'and' 'or' 'xor'> <InPorts = 2> <OutPorts = 1>
ST_51 : Operation 886 [1/1] (0.00ns) (grouped into LUT with out node and_ln385_3)   --->   "%xor_ln385_3 = xor i1 %tmp_161, i1 1" [top.cpp:385]   --->   Operation 886 'xor' 'xor_ln385_3' <Predicate = true> <Delay = 0.00> <CoreInst = "LogicGate">   --->   Core 74 'LogicGate' <Latency = 0> <II = 1> <Delay = 0.33> <FuncUnit> <Opcode : 'and' 'or' 'xor'> <InPorts = 2> <OutPorts = 1>
ST_51 : Operation 887 [1/1] (0.33ns) (out node of the LUT)   --->   "%and_ln385_3 = and i1 %or_ln385, i1 %xor_ln385_3" [top.cpp:385]   --->   Operation 887 'and' 'and_ln385_3' <Predicate = true> <Delay = 0.33> <CoreInst = "LogicGate">   --->   Core 74 'LogicGate' <Latency = 0> <II = 1> <Delay = 0.33> <FuncUnit> <Opcode : 'and' 'or' 'xor'> <InPorts = 2> <OutPorts = 1>
ST_51 : Operation 888 [1/1] (0.33ns) (out node of the LUT)   --->   "%and_ln385_4 = and i1 %tmp_164, i1 %select_ln385_1" [top.cpp:385]   --->   Operation 888 'and' 'and_ln385_4' <Predicate = true> <Delay = 0.33> <CoreInst = "LogicGate">   --->   Core 74 'LogicGate' <Latency = 0> <II = 1> <Delay = 0.33> <FuncUnit> <Opcode : 'and' 'or' 'xor'> <InPorts = 2> <OutPorts = 1>
ST_51 : Operation 889 [1/1] (0.00ns) (grouped into LUT with out node or_ln385_1)   --->   "%or_ln385_2 = or i1 %and_ln385_2, i1 %and_ln385_4" [top.cpp:385]   --->   Operation 889 'or' 'or_ln385_2' <Predicate = true> <Delay = 0.00> <CoreInst = "LogicGate">   --->   Core 74 'LogicGate' <Latency = 0> <II = 1> <Delay = 0.33> <FuncUnit> <Opcode : 'and' 'or' 'xor'> <InPorts = 2> <OutPorts = 1>
ST_51 : Operation 890 [1/1] (0.00ns) (grouped into LUT with out node or_ln385_1)   --->   "%xor_ln385_4 = xor i1 %or_ln385_2, i1 1" [top.cpp:385]   --->   Operation 890 'xor' 'xor_ln385_4' <Predicate = true> <Delay = 0.00> <CoreInst = "LogicGate">   --->   Core 74 'LogicGate' <Latency = 0> <II = 1> <Delay = 0.33> <FuncUnit> <Opcode : 'and' 'or' 'xor'> <InPorts = 2> <OutPorts = 1>
ST_51 : Operation 891 [1/1] (0.00ns) (grouped into LUT with out node or_ln385_1)   --->   "%and_ln385_5 = and i1 %tmp_161, i1 %xor_ln385_4" [top.cpp:385]   --->   Operation 891 'and' 'and_ln385_5' <Predicate = true> <Delay = 0.00> <CoreInst = "LogicGate">   --->   Core 74 'LogicGate' <Latency = 0> <II = 1> <Delay = 0.33> <FuncUnit> <Opcode : 'and' 'or' 'xor'> <InPorts = 2> <OutPorts = 1>
ST_51 : Operation 892 [1/1] (0.00ns) (grouped into LUT with out node z1_val_2)   --->   "%select_ln385_2 = select i1 %and_ln385_3, i32 2147483647, i32 2147483648" [top.cpp:385]   --->   Operation 892 'select' 'select_ln385_2' <Predicate = true> <Delay = 0.00> <CoreInst = "Sel">   --->   Core 73 'Sel' <Latency = 0> <II = 1> <Delay = 0.52> <FuncUnit> <Opcode : 'select'> <InPorts = 3> <OutPorts = 1>
ST_51 : Operation 893 [1/1] (0.33ns) (out node of the LUT)   --->   "%or_ln385_1 = or i1 %and_ln385_3, i1 %and_ln385_5" [top.cpp:385]   --->   Operation 893 'or' 'or_ln385_1' <Predicate = true> <Delay = 0.33> <CoreInst = "LogicGate">   --->   Core 74 'LogicGate' <Latency = 0> <II = 1> <Delay = 0.33> <FuncUnit> <Opcode : 'and' 'or' 'xor'> <InPorts = 2> <OutPorts = 1>
ST_51 : Operation 894 [1/1] (0.52ns) (out node of the LUT)   --->   "%z1_val_2 = select i1 %or_ln385_1, i32 %select_ln385_2, i32 %z1_val_1" [top.cpp:385]   --->   Operation 894 'select' 'z1_val_2' <Predicate = true> <Delay = 0.52> <CoreInst = "Sel">   --->   Core 73 'Sel' <Latency = 0> <II = 1> <Delay = 0.52> <FuncUnit> <Opcode : 'select'> <InPorts = 3> <OutPorts = 1>
ST_51 : Operation 895 [1/1] (0.00ns)   --->   "%sext_ln386_1 = sext i32 %w2_2" [top.cpp:386]   --->   Operation 895 'sext' 'sext_ln386_1' <Predicate = true> <Delay = 0.00>
ST_51 : Operation 896 [1/1] (3.88ns)   --->   "%mul_ln386 = mul i64 %sext_ln386_1, i64 %sext_ln386" [top.cpp:386]   --->   Operation 896 'mul' 'mul_ln386' <Predicate = true> <Delay = 3.88> <CoreInst = "Multiplier">   --->   Core 3 'Multiplier' <Latency = 0> <II = 1> <Delay = 3.88> <FuncUnit> <Opcode : 'mul'> <InPorts = 2> <OutPorts = 1>
ST_51 : Operation 897 [1/1] (0.00ns)   --->   "%tmp_168 = bitselect i1 @_ssdm_op_BitSelect.i1.i64.i32, i64 %mul_ln386, i32 63" [top.cpp:386]   --->   Operation 897 'bitselect' 'tmp_168' <Predicate = true> <Delay = 0.00>
ST_51 : Operation 898 [1/1] (0.00ns)   --->   "%z2_val = partselect i32 @_ssdm_op_PartSelect.i32.i64.i32.i32, i64 %mul_ln386, i32 16, i32 47" [top.cpp:386]   --->   Operation 898 'partselect' 'z2_val' <Predicate = true> <Delay = 0.00>
ST_51 : Operation 899 [1/1] (0.00ns)   --->   "%tmp_169 = bitselect i1 @_ssdm_op_BitSelect.i1.i64.i32, i64 %mul_ln386, i32 15" [top.cpp:386]   --->   Operation 899 'bitselect' 'tmp_169' <Predicate = true> <Delay = 0.00>
ST_51 : Operation 900 [1/1] (0.00ns) (grouped into LUT with out node and_ln386)   --->   "%tmp_170 = bitselect i1 @_ssdm_op_BitSelect.i1.i64.i32, i64 %mul_ln386, i32 47" [top.cpp:386]   --->   Operation 900 'bitselect' 'tmp_170' <Predicate = true> <Delay = 0.00>
ST_51 : Operation 901 [1/1] (0.00ns)   --->   "%zext_ln386 = zext i1 %tmp_169" [top.cpp:386]   --->   Operation 901 'zext' 'zext_ln386' <Predicate = true> <Delay = 0.00>
ST_51 : Operation 902 [1/1] (1.20ns)   --->   "%z2_val_1 = add i32 %z2_val, i32 %zext_ln386" [top.cpp:386]   --->   Operation 902 'add' 'z2_val_1' <Predicate = true> <Delay = 1.20> <CoreInst = "Adder">   --->   Core 1 'Adder' <Latency = 0> <II = 1> <Delay = 1.20> <FuncUnit> <Opcode : 'add' 'sub'> <InPorts = 2> <OutPorts = 1>
ST_51 : Operation 903 [1/1] (0.00ns)   --->   "%tmp_171 = bitselect i1 @_ssdm_op_BitSelect.i1.i32.i32, i32 %z2_val_1, i32 31" [top.cpp:386]   --->   Operation 903 'bitselect' 'tmp_171' <Predicate = true> <Delay = 0.00>
ST_51 : Operation 904 [1/1] (0.00ns) (grouped into LUT with out node and_ln386)   --->   "%xor_ln386 = xor i1 %tmp_171, i1 1" [top.cpp:386]   --->   Operation 904 'xor' 'xor_ln386' <Predicate = true> <Delay = 0.00> <CoreInst = "LogicGate">   --->   Core 74 'LogicGate' <Latency = 0> <II = 1> <Delay = 0.33> <FuncUnit> <Opcode : 'and' 'or' 'xor'> <InPorts = 2> <OutPorts = 1>
ST_51 : Operation 905 [1/1] (0.33ns) (out node of the LUT)   --->   "%and_ln386 = and i1 %tmp_170, i1 %xor_ln386" [top.cpp:386]   --->   Operation 905 'and' 'and_ln386' <Predicate = true> <Delay = 0.33> <CoreInst = "LogicGate">   --->   Core 74 'LogicGate' <Latency = 0> <II = 1> <Delay = 0.33> <FuncUnit> <Opcode : 'and' 'or' 'xor'> <InPorts = 2> <OutPorts = 1>
ST_51 : Operation 906 [1/1] (0.00ns) (grouped into LUT with out node and_ln386_4)   --->   "%tmp_172 = bitselect i1 @_ssdm_op_BitSelect.i1.i64.i32, i64 %mul_ln386, i32 48" [top.cpp:386]   --->   Operation 906 'bitselect' 'tmp_172' <Predicate = true> <Delay = 0.00>
ST_51 : Operation 907 [1/1] (0.00ns)   --->   "%tmp_30 = partselect i15 @_ssdm_op_PartSelect.i15.i64.i32, i64 %mul_ln386, i32 49" [top.cpp:386]   --->   Operation 907 'partselect' 'tmp_30' <Predicate = true> <Delay = 0.00>
ST_51 : Operation 908 [1/1] (1.00ns)   --->   "%icmp_ln386 = icmp_eq  i15 %tmp_30, i15 32767" [top.cpp:386]   --->   Operation 908 'icmp' 'icmp_ln386' <Predicate = true> <Delay = 1.00> <CoreInst = "Cmp">   --->   Core 9 'Cmp' <Latency = 0> <II = 1> <Delay = 1.00> <FuncUnit> <Opcode : 'seteq' 'setne' 'setle' 'setge' 'setlt' 'setgt'> <InPorts = 2> <OutPorts = 1>
ST_51 : Operation 909 [1/1] (0.00ns)   --->   "%tmp_31 = partselect i16 @_ssdm_op_PartSelect.i16.i64.i32, i64 %mul_ln386, i32 48" [top.cpp:386]   --->   Operation 909 'partselect' 'tmp_31' <Predicate = true> <Delay = 0.00>
ST_51 : Operation 910 [1/1] (1.01ns)   --->   "%icmp_ln386_1 = icmp_eq  i16 %tmp_31, i16 65535" [top.cpp:386]   --->   Operation 910 'icmp' 'icmp_ln386_1' <Predicate = true> <Delay = 1.01> <CoreInst = "Cmp">   --->   Core 9 'Cmp' <Latency = 0> <II = 1> <Delay = 1.01> <FuncUnit> <Opcode : 'seteq' 'setne' 'setle' 'setge' 'setlt' 'setgt'> <InPorts = 2> <OutPorts = 1>
ST_51 : Operation 911 [1/1] (1.01ns)   --->   "%icmp_ln386_2 = icmp_eq  i16 %tmp_31, i16 0" [top.cpp:386]   --->   Operation 911 'icmp' 'icmp_ln386_2' <Predicate = true> <Delay = 1.01> <CoreInst = "Cmp">   --->   Core 9 'Cmp' <Latency = 0> <II = 1> <Delay = 1.01> <FuncUnit> <Opcode : 'seteq' 'setne' 'setle' 'setge' 'setlt' 'setgt'> <InPorts = 2> <OutPorts = 1>
ST_51 : Operation 912 [1/1] (0.00ns) (grouped into LUT with out node and_ln386_3)   --->   "%select_ln386 = select i1 %and_ln386, i1 %icmp_ln386_1, i1 %icmp_ln386_2" [top.cpp:386]   --->   Operation 912 'select' 'select_ln386' <Predicate = true> <Delay = 0.00> <CoreInst = "Sel">   --->   Core 73 'Sel' <Latency = 0> <II = 1> <Delay = 0.26> <FuncUnit> <Opcode : 'select'> <InPorts = 3> <OutPorts = 1>
ST_51 : Operation 913 [1/1] (0.00ns) (grouped into LUT with out node and_ln386_4)   --->   "%xor_ln386_1 = xor i1 %tmp_172, i1 1" [top.cpp:386]   --->   Operation 913 'xor' 'xor_ln386_1' <Predicate = true> <Delay = 0.00> <CoreInst = "LogicGate">   --->   Core 74 'LogicGate' <Latency = 0> <II = 1> <Delay = 0.33> <FuncUnit> <Opcode : 'and' 'or' 'xor'> <InPorts = 2> <OutPorts = 1>
ST_51 : Operation 914 [1/1] (0.00ns) (grouped into LUT with out node and_ln386_4)   --->   "%and_ln386_1 = and i1 %icmp_ln386, i1 %xor_ln386_1" [top.cpp:386]   --->   Operation 914 'and' 'and_ln386_1' <Predicate = true> <Delay = 0.00> <CoreInst = "LogicGate">   --->   Core 74 'LogicGate' <Latency = 0> <II = 1> <Delay = 0.33> <FuncUnit> <Opcode : 'and' 'or' 'xor'> <InPorts = 2> <OutPorts = 1>
ST_51 : Operation 915 [1/1] (0.00ns) (grouped into LUT with out node and_ln386_4)   --->   "%select_ln386_1 = select i1 %and_ln386, i1 %and_ln386_1, i1 %icmp_ln386_1" [top.cpp:386]   --->   Operation 915 'select' 'select_ln386_1' <Predicate = true> <Delay = 0.00> <CoreInst = "Sel">   --->   Core 73 'Sel' <Latency = 0> <II = 1> <Delay = 0.26> <FuncUnit> <Opcode : 'select'> <InPorts = 3> <OutPorts = 1>
ST_51 : Operation 916 [1/1] (0.00ns) (grouped into LUT with out node or_ln386_1)   --->   "%and_ln386_2 = and i1 %and_ln386, i1 %icmp_ln386_1" [top.cpp:386]   --->   Operation 916 'and' 'and_ln386_2' <Predicate = true> <Delay = 0.00> <CoreInst = "LogicGate">   --->   Core 74 'LogicGate' <Latency = 0> <II = 1> <Delay = 0.33> <FuncUnit> <Opcode : 'and' 'or' 'xor'> <InPorts = 2> <OutPorts = 1>
ST_51 : Operation 917 [1/1] (0.00ns) (grouped into LUT with out node and_ln386_3)   --->   "%xor_ln386_2 = xor i1 %select_ln386, i1 1" [top.cpp:386]   --->   Operation 917 'xor' 'xor_ln386_2' <Predicate = true> <Delay = 0.00> <CoreInst = "LogicGate">   --->   Core 74 'LogicGate' <Latency = 0> <II = 1> <Delay = 0.33> <FuncUnit> <Opcode : 'and' 'or' 'xor'> <InPorts = 2> <OutPorts = 1>
ST_51 : Operation 918 [1/1] (0.00ns) (grouped into LUT with out node and_ln386_3)   --->   "%or_ln386 = or i1 %tmp_171, i1 %xor_ln386_2" [top.cpp:386]   --->   Operation 918 'or' 'or_ln386' <Predicate = true> <Delay = 0.00> <CoreInst = "LogicGate">   --->   Core 74 'LogicGate' <Latency = 0> <II = 1> <Delay = 0.33> <FuncUnit> <Opcode : 'and' 'or' 'xor'> <InPorts = 2> <OutPorts = 1>
ST_51 : Operation 919 [1/1] (0.00ns) (grouped into LUT with out node and_ln386_3)   --->   "%xor_ln386_3 = xor i1 %tmp_168, i1 1" [top.cpp:386]   --->   Operation 919 'xor' 'xor_ln386_3' <Predicate = true> <Delay = 0.00> <CoreInst = "LogicGate">   --->   Core 74 'LogicGate' <Latency = 0> <II = 1> <Delay = 0.33> <FuncUnit> <Opcode : 'and' 'or' 'xor'> <InPorts = 2> <OutPorts = 1>
ST_51 : Operation 920 [1/1] (0.33ns) (out node of the LUT)   --->   "%and_ln386_3 = and i1 %or_ln386, i1 %xor_ln386_3" [top.cpp:386]   --->   Operation 920 'and' 'and_ln386_3' <Predicate = true> <Delay = 0.33> <CoreInst = "LogicGate">   --->   Core 74 'LogicGate' <Latency = 0> <II = 1> <Delay = 0.33> <FuncUnit> <Opcode : 'and' 'or' 'xor'> <InPorts = 2> <OutPorts = 1>
ST_51 : Operation 921 [1/1] (0.33ns) (out node of the LUT)   --->   "%and_ln386_4 = and i1 %tmp_171, i1 %select_ln386_1" [top.cpp:386]   --->   Operation 921 'and' 'and_ln386_4' <Predicate = true> <Delay = 0.33> <CoreInst = "LogicGate">   --->   Core 74 'LogicGate' <Latency = 0> <II = 1> <Delay = 0.33> <FuncUnit> <Opcode : 'and' 'or' 'xor'> <InPorts = 2> <OutPorts = 1>
ST_51 : Operation 922 [1/1] (0.00ns) (grouped into LUT with out node or_ln386_1)   --->   "%or_ln386_2 = or i1 %and_ln386_2, i1 %and_ln386_4" [top.cpp:386]   --->   Operation 922 'or' 'or_ln386_2' <Predicate = true> <Delay = 0.00> <CoreInst = "LogicGate">   --->   Core 74 'LogicGate' <Latency = 0> <II = 1> <Delay = 0.33> <FuncUnit> <Opcode : 'and' 'or' 'xor'> <InPorts = 2> <OutPorts = 1>
ST_51 : Operation 923 [1/1] (0.00ns) (grouped into LUT with out node or_ln386_1)   --->   "%xor_ln386_4 = xor i1 %or_ln386_2, i1 1" [top.cpp:386]   --->   Operation 923 'xor' 'xor_ln386_4' <Predicate = true> <Delay = 0.00> <CoreInst = "LogicGate">   --->   Core 74 'LogicGate' <Latency = 0> <II = 1> <Delay = 0.33> <FuncUnit> <Opcode : 'and' 'or' 'xor'> <InPorts = 2> <OutPorts = 1>
ST_51 : Operation 924 [1/1] (0.00ns) (grouped into LUT with out node or_ln386_1)   --->   "%and_ln386_5 = and i1 %tmp_168, i1 %xor_ln386_4" [top.cpp:386]   --->   Operation 924 'and' 'and_ln386_5' <Predicate = true> <Delay = 0.00> <CoreInst = "LogicGate">   --->   Core 74 'LogicGate' <Latency = 0> <II = 1> <Delay = 0.33> <FuncUnit> <Opcode : 'and' 'or' 'xor'> <InPorts = 2> <OutPorts = 1>
ST_51 : Operation 925 [1/1] (0.00ns) (grouped into LUT with out node z2_val_2)   --->   "%select_ln386_2 = select i1 %and_ln386_3, i32 2147483647, i32 2147483648" [top.cpp:386]   --->   Operation 925 'select' 'select_ln386_2' <Predicate = true> <Delay = 0.00> <CoreInst = "Sel">   --->   Core 73 'Sel' <Latency = 0> <II = 1> <Delay = 0.52> <FuncUnit> <Opcode : 'select'> <InPorts = 3> <OutPorts = 1>
ST_51 : Operation 926 [1/1] (0.33ns) (out node of the LUT)   --->   "%or_ln386_1 = or i1 %and_ln386_3, i1 %and_ln386_5" [top.cpp:386]   --->   Operation 926 'or' 'or_ln386_1' <Predicate = true> <Delay = 0.33> <CoreInst = "LogicGate">   --->   Core 74 'LogicGate' <Latency = 0> <II = 1> <Delay = 0.33> <FuncUnit> <Opcode : 'and' 'or' 'xor'> <InPorts = 2> <OutPorts = 1>
ST_51 : Operation 927 [1/1] (0.52ns) (out node of the LUT)   --->   "%z2_val_2 = select i1 %or_ln386_1, i32 %select_ln386_2, i32 %z2_val_1" [top.cpp:386]   --->   Operation 927 'select' 'z2_val_2' <Predicate = true> <Delay = 0.52> <CoreInst = "Sel">   --->   Core 73 'Sel' <Latency = 0> <II = 1> <Delay = 0.52> <FuncUnit> <Opcode : 'select'> <InPorts = 3> <OutPorts = 1>
ST_51 : Operation 928 [2/2] (1.35ns)   --->   "%depth_buffer_load = load i12 %depth_buffer_addr_1" [top.cpp:392]   --->   Operation 928 'load' 'depth_buffer_load' <Predicate = true> <Delay = 1.35> <CoreInst = "RAM">   --->   Core 82 'RAM' <Latency = 1> <II = 1> <Delay = 1.35> <Storage> <Opcode : 'load' 'store'> <Ports = 2> <Width = 32> <Depth = 4096> <RAM>

State 52 <SV = 50> <Delay = 6.60>
ST_52 : Operation 929 [1/1] (0.00ns)   --->   "%sext_ln388 = sext i32 %z0_val_2" [top.cpp:388]   --->   Operation 929 'sext' 'sext_ln388' <Predicate = true> <Delay = 0.00>
ST_52 : Operation 930 [1/1] (0.00ns)   --->   "%sext_ln388_1 = sext i32 %z1_val_2" [top.cpp:388]   --->   Operation 930 'sext' 'sext_ln388_1' <Predicate = true> <Delay = 0.00>
ST_52 : Operation 931 [1/1] (1.20ns)   --->   "%z = add i32 %z1_val_2, i32 %z0_val_2" [top.cpp:388]   --->   Operation 931 'add' 'z' <Predicate = true> <Delay = 1.20> <CoreInst = "Adder">   --->   Core 1 'Adder' <Latency = 0> <II = 1> <Delay = 1.20> <FuncUnit> <Opcode : 'add' 'sub'> <InPorts = 2> <OutPorts = 1>
ST_52 : Operation 932 [1/1] (1.20ns)   --->   "%add_ln388 = add i33 %sext_ln388_1, i33 %sext_ln388" [top.cpp:388]   --->   Operation 932 'add' 'add_ln388' <Predicate = true> <Delay = 1.20> <CoreInst = "Adder">   --->   Core 1 'Adder' <Latency = 0> <II = 1> <Delay = 1.20> <FuncUnit> <Opcode : 'add' 'sub'> <InPorts = 2> <OutPorts = 1>
ST_52 : Operation 933 [1/1] (0.00ns)   --->   "%tmp_175 = bitselect i1 @_ssdm_op_BitSelect.i1.i33.i32, i33 %add_ln388, i32 32" [top.cpp:388]   --->   Operation 933 'bitselect' 'tmp_175' <Predicate = true> <Delay = 0.00>
ST_52 : Operation 934 [1/1] (0.00ns)   --->   "%tmp_176 = bitselect i1 @_ssdm_op_BitSelect.i1.i32.i32, i32 %z, i32 31" [top.cpp:388]   --->   Operation 934 'bitselect' 'tmp_176' <Predicate = true> <Delay = 0.00>
ST_52 : Operation 935 [1/1] (0.00ns) (grouped into LUT with out node z_1)   --->   "%xor_ln388 = xor i1 %tmp_175, i1 1" [top.cpp:388]   --->   Operation 935 'xor' 'xor_ln388' <Predicate = true> <Delay = 0.00> <CoreInst = "LogicGate">   --->   Core 74 'LogicGate' <Latency = 0> <II = 1> <Delay = 0.33> <FuncUnit> <Opcode : 'and' 'or' 'xor'> <InPorts = 2> <OutPorts = 1>
ST_52 : Operation 936 [1/1] (0.00ns) (grouped into LUT with out node z_1)   --->   "%and_ln388 = and i1 %tmp_176, i1 %xor_ln388" [top.cpp:388]   --->   Operation 936 'and' 'and_ln388' <Predicate = true> <Delay = 0.00> <CoreInst = "LogicGate">   --->   Core 74 'LogicGate' <Latency = 0> <II = 1> <Delay = 0.33> <FuncUnit> <Opcode : 'and' 'or' 'xor'> <InPorts = 2> <OutPorts = 1>
ST_52 : Operation 937 [1/1] (0.00ns) (grouped into LUT with out node z_1)   --->   "%xor_ln388_1 = xor i1 %tmp_175, i1 %tmp_176" [top.cpp:388]   --->   Operation 937 'xor' 'xor_ln388_1' <Predicate = true> <Delay = 0.00> <CoreInst = "LogicGate">   --->   Core 74 'LogicGate' <Latency = 0> <II = 1> <Delay = 0.33> <FuncUnit> <Opcode : 'and' 'or' 'xor'> <InPorts = 2> <OutPorts = 1>
ST_52 : Operation 938 [1/1] (0.00ns) (grouped into LUT with out node z_1)   --->   "%select_ln388 = select i1 %and_ln388, i32 2147483647, i32 2147483648" [top.cpp:388]   --->   Operation 938 'select' 'select_ln388' <Predicate = true> <Delay = 0.00> <CoreInst = "Sel">   --->   Core 73 'Sel' <Latency = 0> <II = 1> <Delay = 0.52> <FuncUnit> <Opcode : 'select'> <InPorts = 3> <OutPorts = 1>
ST_52 : Operation 939 [1/1] (0.52ns) (out node of the LUT)   --->   "%z_1 = select i1 %xor_ln388_1, i32 %select_ln388, i32 %z" [top.cpp:388]   --->   Operation 939 'select' 'z_1' <Predicate = true> <Delay = 0.52> <CoreInst = "Sel">   --->   Core 73 'Sel' <Latency = 0> <II = 1> <Delay = 0.52> <FuncUnit> <Opcode : 'select'> <InPorts = 3> <OutPorts = 1>
ST_52 : Operation 940 [1/1] (0.00ns)   --->   "%sext_ln389 = sext i32 %z_1" [top.cpp:389]   --->   Operation 940 'sext' 'sext_ln389' <Predicate = true> <Delay = 0.00>
ST_52 : Operation 941 [1/1] (0.00ns)   --->   "%sext_ln389_1 = sext i32 %z2_val_2" [top.cpp:389]   --->   Operation 941 'sext' 'sext_ln389_1' <Predicate = true> <Delay = 0.00>
ST_52 : Operation 942 [1/1] (1.20ns)   --->   "%add_ln389_1 = add i32 %z2_val_2, i32 %z_1" [top.cpp:389]   --->   Operation 942 'add' 'add_ln389_1' <Predicate = true> <Delay = 1.20> <CoreInst = "Adder">   --->   Core 1 'Adder' <Latency = 0> <II = 1> <Delay = 1.20> <FuncUnit> <Opcode : 'add' 'sub'> <InPorts = 2> <OutPorts = 1>
ST_52 : Operation 943 [1/1] (1.20ns)   --->   "%add_ln389 = add i33 %sext_ln389_1, i33 %sext_ln389" [top.cpp:389]   --->   Operation 943 'add' 'add_ln389' <Predicate = true> <Delay = 1.20> <CoreInst = "Adder">   --->   Core 1 'Adder' <Latency = 0> <II = 1> <Delay = 1.20> <FuncUnit> <Opcode : 'add' 'sub'> <InPorts = 2> <OutPorts = 1>
ST_52 : Operation 944 [1/1] (0.00ns)   --->   "%tmp_177 = bitselect i1 @_ssdm_op_BitSelect.i1.i33.i32, i33 %add_ln389, i32 32" [top.cpp:389]   --->   Operation 944 'bitselect' 'tmp_177' <Predicate = true> <Delay = 0.00>
ST_52 : Operation 945 [1/1] (0.00ns)   --->   "%tmp_178 = bitselect i1 @_ssdm_op_BitSelect.i1.i32.i32, i32 %add_ln389_1, i32 31" [top.cpp:389]   --->   Operation 945 'bitselect' 'tmp_178' <Predicate = true> <Delay = 0.00>
ST_52 : Operation 946 [1/1] (0.00ns) (grouped into LUT with out node z_2)   --->   "%xor_ln389 = xor i1 %tmp_177, i1 1" [top.cpp:389]   --->   Operation 946 'xor' 'xor_ln389' <Predicate = true> <Delay = 0.00> <CoreInst = "LogicGate">   --->   Core 74 'LogicGate' <Latency = 0> <II = 1> <Delay = 0.33> <FuncUnit> <Opcode : 'and' 'or' 'xor'> <InPorts = 2> <OutPorts = 1>
ST_52 : Operation 947 [1/1] (0.00ns) (grouped into LUT with out node z_2)   --->   "%and_ln389 = and i1 %tmp_178, i1 %xor_ln389" [top.cpp:389]   --->   Operation 947 'and' 'and_ln389' <Predicate = true> <Delay = 0.00> <CoreInst = "LogicGate">   --->   Core 74 'LogicGate' <Latency = 0> <II = 1> <Delay = 0.33> <FuncUnit> <Opcode : 'and' 'or' 'xor'> <InPorts = 2> <OutPorts = 1>
ST_52 : Operation 948 [1/1] (0.00ns) (grouped into LUT with out node z_2)   --->   "%xor_ln389_1 = xor i1 %tmp_177, i1 %tmp_178" [top.cpp:389]   --->   Operation 948 'xor' 'xor_ln389_1' <Predicate = true> <Delay = 0.00> <CoreInst = "LogicGate">   --->   Core 74 'LogicGate' <Latency = 0> <II = 1> <Delay = 0.33> <FuncUnit> <Opcode : 'and' 'or' 'xor'> <InPorts = 2> <OutPorts = 1>
ST_52 : Operation 949 [1/1] (0.00ns) (grouped into LUT with out node z_2)   --->   "%select_ln389 = select i1 %and_ln389, i32 2147483647, i32 2147483648" [top.cpp:389]   --->   Operation 949 'select' 'select_ln389' <Predicate = true> <Delay = 0.00> <CoreInst = "Sel">   --->   Core 73 'Sel' <Latency = 0> <II = 1> <Delay = 0.52> <FuncUnit> <Opcode : 'select'> <InPorts = 3> <OutPorts = 1>
ST_52 : Operation 950 [1/1] (0.52ns) (out node of the LUT)   --->   "%z_2 = select i1 %xor_ln389_1, i32 %select_ln389, i32 %add_ln389_1" [top.cpp:389]   --->   Operation 950 'select' 'z_2' <Predicate = true> <Delay = 0.52> <CoreInst = "Sel">   --->   Core 73 'Sel' <Latency = 0> <II = 1> <Delay = 0.52> <FuncUnit> <Opcode : 'select'> <InPorts = 3> <OutPorts = 1>
ST_52 : Operation 951 [1/2] ( I:1.35ns O:1.35ns )   --->   "%depth_buffer_load = load i12 %depth_buffer_addr_1" [top.cpp:392]   --->   Operation 951 'load' 'depth_buffer_load' <Predicate = true> <Delay = 1.35> <CoreInst = "RAM">   --->   Core 82 'RAM' <Latency = 1> <II = 1> <Delay = 1.35> <Storage> <Opcode : 'load' 'store'> <Ports = 2> <Width = 32> <Depth = 4096> <RAM>
ST_52 : Operation 952 [1/1] (1.20ns)   --->   "%icmp_ln392 = icmp_slt  i32 %z_2, i32 %depth_buffer_load" [top.cpp:392]   --->   Operation 952 'icmp' 'icmp_ln392' <Predicate = true> <Delay = 1.20> <CoreInst = "Cmp">   --->   Core 9 'Cmp' <Latency = 0> <II = 1> <Delay = 1.20> <FuncUnit> <Opcode : 'seteq' 'setne' 'setle' 'setge' 'setlt' 'setgt'> <InPorts = 2> <OutPorts = 1>
ST_52 : Operation 953 [1/1] (0.00ns)   --->   "%br_ln392 = br i1 %icmp_ln392, void %if.end219, void %if.then148" [top.cpp:392]   --->   Operation 953 'br' 'br_ln392' <Predicate = true> <Delay = 0.00>
ST_52 : Operation 954 [1/1] ( I:1.35ns O:1.35ns )   --->   "%store_ln393 = store i32 %z_2, i12 %depth_buffer_addr_1" [top.cpp:393]   --->   Operation 954 'store' 'store_ln393' <Predicate = (icmp_ln392)> <Delay = 1.35> <CoreInst = "RAM">   --->   Core 82 'RAM' <Latency = 1> <II = 1> <Delay = 1.35> <Storage> <Opcode : 'load' 'store'> <Ports = 2> <Width = 32> <Depth = 4096> <RAM>
ST_52 : Operation 955 [1/1] (3.88ns)   --->   "%mul_ln396 = mul i63 %zext_ln384_1, i63 %sext_ln397_1" [top.cpp:396]   --->   Operation 955 'mul' 'mul_ln396' <Predicate = (icmp_ln392)> <Delay = 3.88> <CoreInst = "Multiplier">   --->   Core 3 'Multiplier' <Latency = 0> <II = 1> <Delay = 3.88> <FuncUnit> <Opcode : 'mul'> <InPorts = 2> <OutPorts = 1>
ST_52 : Operation 956 [1/1] (0.00ns)   --->   "%tmp_179 = bitselect i1 @_ssdm_op_BitSelect.i1.i63.i32, i63 %mul_ln396, i32 62" [top.cpp:396]   --->   Operation 956 'bitselect' 'tmp_179' <Predicate = (icmp_ln392)> <Delay = 0.00>
ST_52 : Operation 957 [1/1] (0.00ns)   --->   "%nx0 = partselect i32 @_ssdm_op_PartSelect.i32.i63.i32.i32, i63 %mul_ln396, i32 16, i32 47" [top.cpp:396]   --->   Operation 957 'partselect' 'nx0' <Predicate = (icmp_ln392)> <Delay = 0.00>
ST_52 : Operation 958 [1/1] (0.00ns)   --->   "%tmp_182 = bitselect i1 @_ssdm_op_BitSelect.i1.i63.i32, i63 %mul_ln396, i32 15" [top.cpp:396]   --->   Operation 958 'bitselect' 'tmp_182' <Predicate = (icmp_ln392)> <Delay = 0.00>
ST_52 : Operation 959 [1/1] (0.00ns) (grouped into LUT with out node and_ln396)   --->   "%tmp_183 = bitselect i1 @_ssdm_op_BitSelect.i1.i63.i32, i63 %mul_ln396, i32 47" [top.cpp:396]   --->   Operation 959 'bitselect' 'tmp_183' <Predicate = (icmp_ln392)> <Delay = 0.00>
ST_52 : Operation 960 [1/1] (0.00ns)   --->   "%zext_ln396 = zext i1 %tmp_182" [top.cpp:396]   --->   Operation 960 'zext' 'zext_ln396' <Predicate = (icmp_ln392)> <Delay = 0.00>
ST_52 : Operation 961 [1/1] (1.20ns)   --->   "%nx0_1 = add i32 %nx0, i32 %zext_ln396" [top.cpp:396]   --->   Operation 961 'add' 'nx0_1' <Predicate = (icmp_ln392)> <Delay = 1.20> <CoreInst = "Adder">   --->   Core 1 'Adder' <Latency = 0> <II = 1> <Delay = 1.20> <FuncUnit> <Opcode : 'add' 'sub'> <InPorts = 2> <OutPorts = 1>
ST_52 : Operation 962 [1/1] (0.00ns)   --->   "%tmp_184 = bitselect i1 @_ssdm_op_BitSelect.i1.i32.i32, i32 %nx0_1, i32 31" [top.cpp:396]   --->   Operation 962 'bitselect' 'tmp_184' <Predicate = (icmp_ln392)> <Delay = 0.00>
ST_52 : Operation 963 [1/1] (0.00ns) (grouped into LUT with out node and_ln396)   --->   "%xor_ln396 = xor i1 %tmp_184, i1 1" [top.cpp:396]   --->   Operation 963 'xor' 'xor_ln396' <Predicate = (icmp_ln392)> <Delay = 0.00> <CoreInst = "LogicGate">   --->   Core 74 'LogicGate' <Latency = 0> <II = 1> <Delay = 0.33> <FuncUnit> <Opcode : 'and' 'or' 'xor'> <InPorts = 2> <OutPorts = 1>
ST_52 : Operation 964 [1/1] (0.33ns) (out node of the LUT)   --->   "%and_ln396 = and i1 %tmp_183, i1 %xor_ln396" [top.cpp:396]   --->   Operation 964 'and' 'and_ln396' <Predicate = (icmp_ln392)> <Delay = 0.33> <CoreInst = "LogicGate">   --->   Core 74 'LogicGate' <Latency = 0> <II = 1> <Delay = 0.33> <FuncUnit> <Opcode : 'and' 'or' 'xor'> <InPorts = 2> <OutPorts = 1>
ST_52 : Operation 965 [1/1] (0.00ns) (grouped into LUT with out node and_ln396_4)   --->   "%tmp_185 = bitselect i1 @_ssdm_op_BitSelect.i1.i63.i32, i63 %mul_ln396, i32 48" [top.cpp:396]   --->   Operation 965 'bitselect' 'tmp_185' <Predicate = (icmp_ln392)> <Delay = 0.00>
ST_52 : Operation 966 [1/1] (0.00ns)   --->   "%tmp_32 = partselect i14 @_ssdm_op_PartSelect.i14.i63.i32.i32, i63 %mul_ln396, i32 49, i32 62" [top.cpp:396]   --->   Operation 966 'partselect' 'tmp_32' <Predicate = (icmp_ln392)> <Delay = 0.00>
ST_52 : Operation 967 [1/1] (0.98ns)   --->   "%icmp_ln396 = icmp_eq  i14 %tmp_32, i14 16383" [top.cpp:396]   --->   Operation 967 'icmp' 'icmp_ln396' <Predicate = (icmp_ln392)> <Delay = 0.98> <CoreInst = "Cmp">   --->   Core 9 'Cmp' <Latency = 0> <II = 1> <Delay = 0.98> <FuncUnit> <Opcode : 'seteq' 'setne' 'setle' 'setge' 'setlt' 'setgt'> <InPorts = 2> <OutPorts = 1>
ST_52 : Operation 968 [1/1] (0.00ns)   --->   "%tmp_39 = partselect i15 @_ssdm_op_PartSelect.i15.i63.i32.i32, i63 %mul_ln396, i32 48, i32 62" [top.cpp:396]   --->   Operation 968 'partselect' 'tmp_39' <Predicate = (icmp_ln392)> <Delay = 0.00>
ST_52 : Operation 969 [1/1] (1.00ns)   --->   "%icmp_ln396_1 = icmp_eq  i15 %tmp_39, i15 32767" [top.cpp:396]   --->   Operation 969 'icmp' 'icmp_ln396_1' <Predicate = (icmp_ln392)> <Delay = 1.00> <CoreInst = "Cmp">   --->   Core 9 'Cmp' <Latency = 0> <II = 1> <Delay = 1.00> <FuncUnit> <Opcode : 'seteq' 'setne' 'setle' 'setge' 'setlt' 'setgt'> <InPorts = 2> <OutPorts = 1>
ST_52 : Operation 970 [1/1] (1.00ns)   --->   "%icmp_ln396_2 = icmp_eq  i15 %tmp_39, i15 0" [top.cpp:396]   --->   Operation 970 'icmp' 'icmp_ln396_2' <Predicate = (icmp_ln392)> <Delay = 1.00> <CoreInst = "Cmp">   --->   Core 9 'Cmp' <Latency = 0> <II = 1> <Delay = 1.00> <FuncUnit> <Opcode : 'seteq' 'setne' 'setle' 'setge' 'setlt' 'setgt'> <InPorts = 2> <OutPorts = 1>
ST_52 : Operation 971 [1/1] (0.00ns) (grouped into LUT with out node and_ln396_3)   --->   "%select_ln396 = select i1 %and_ln396, i1 %icmp_ln396_1, i1 %icmp_ln396_2" [top.cpp:396]   --->   Operation 971 'select' 'select_ln396' <Predicate = (icmp_ln392)> <Delay = 0.00> <CoreInst = "Sel">   --->   Core 73 'Sel' <Latency = 0> <II = 1> <Delay = 0.26> <FuncUnit> <Opcode : 'select'> <InPorts = 3> <OutPorts = 1>
ST_52 : Operation 972 [1/1] (0.00ns) (grouped into LUT with out node and_ln396_4)   --->   "%xor_ln396_1 = xor i1 %tmp_185, i1 1" [top.cpp:396]   --->   Operation 972 'xor' 'xor_ln396_1' <Predicate = (icmp_ln392)> <Delay = 0.00> <CoreInst = "LogicGate">   --->   Core 74 'LogicGate' <Latency = 0> <II = 1> <Delay = 0.33> <FuncUnit> <Opcode : 'and' 'or' 'xor'> <InPorts = 2> <OutPorts = 1>
ST_52 : Operation 973 [1/1] (0.00ns) (grouped into LUT with out node and_ln396_4)   --->   "%and_ln396_1 = and i1 %icmp_ln396, i1 %xor_ln396_1" [top.cpp:396]   --->   Operation 973 'and' 'and_ln396_1' <Predicate = (icmp_ln392)> <Delay = 0.00> <CoreInst = "LogicGate">   --->   Core 74 'LogicGate' <Latency = 0> <II = 1> <Delay = 0.33> <FuncUnit> <Opcode : 'and' 'or' 'xor'> <InPorts = 2> <OutPorts = 1>
ST_52 : Operation 974 [1/1] (0.00ns) (grouped into LUT with out node and_ln396_4)   --->   "%select_ln396_1 = select i1 %and_ln396, i1 %and_ln396_1, i1 %icmp_ln396_1" [top.cpp:396]   --->   Operation 974 'select' 'select_ln396_1' <Predicate = (icmp_ln392)> <Delay = 0.00> <CoreInst = "Sel">   --->   Core 73 'Sel' <Latency = 0> <II = 1> <Delay = 0.26> <FuncUnit> <Opcode : 'select'> <InPorts = 3> <OutPorts = 1>
ST_52 : Operation 975 [1/1] (0.00ns) (grouped into LUT with out node or_ln396_1)   --->   "%and_ln396_2 = and i1 %and_ln396, i1 %icmp_ln396_1" [top.cpp:396]   --->   Operation 975 'and' 'and_ln396_2' <Predicate = (icmp_ln392)> <Delay = 0.00> <CoreInst = "LogicGate">   --->   Core 74 'LogicGate' <Latency = 0> <II = 1> <Delay = 0.33> <FuncUnit> <Opcode : 'and' 'or' 'xor'> <InPorts = 2> <OutPorts = 1>
ST_52 : Operation 976 [1/1] (0.00ns) (grouped into LUT with out node and_ln396_3)   --->   "%xor_ln396_2 = xor i1 %select_ln396, i1 1" [top.cpp:396]   --->   Operation 976 'xor' 'xor_ln396_2' <Predicate = (icmp_ln392)> <Delay = 0.00> <CoreInst = "LogicGate">   --->   Core 74 'LogicGate' <Latency = 0> <II = 1> <Delay = 0.33> <FuncUnit> <Opcode : 'and' 'or' 'xor'> <InPorts = 2> <OutPorts = 1>
ST_52 : Operation 977 [1/1] (0.00ns) (grouped into LUT with out node and_ln396_3)   --->   "%or_ln396 = or i1 %tmp_184, i1 %xor_ln396_2" [top.cpp:396]   --->   Operation 977 'or' 'or_ln396' <Predicate = (icmp_ln392)> <Delay = 0.00> <CoreInst = "LogicGate">   --->   Core 74 'LogicGate' <Latency = 0> <II = 1> <Delay = 0.33> <FuncUnit> <Opcode : 'and' 'or' 'xor'> <InPorts = 2> <OutPorts = 1>
ST_52 : Operation 978 [1/1] (0.00ns) (grouped into LUT with out node and_ln396_3)   --->   "%xor_ln396_3 = xor i1 %tmp_179, i1 1" [top.cpp:396]   --->   Operation 978 'xor' 'xor_ln396_3' <Predicate = (icmp_ln392)> <Delay = 0.00> <CoreInst = "LogicGate">   --->   Core 74 'LogicGate' <Latency = 0> <II = 1> <Delay = 0.33> <FuncUnit> <Opcode : 'and' 'or' 'xor'> <InPorts = 2> <OutPorts = 1>
ST_52 : Operation 979 [1/1] (0.33ns) (out node of the LUT)   --->   "%and_ln396_3 = and i1 %or_ln396, i1 %xor_ln396_3" [top.cpp:396]   --->   Operation 979 'and' 'and_ln396_3' <Predicate = (icmp_ln392)> <Delay = 0.33> <CoreInst = "LogicGate">   --->   Core 74 'LogicGate' <Latency = 0> <II = 1> <Delay = 0.33> <FuncUnit> <Opcode : 'and' 'or' 'xor'> <InPorts = 2> <OutPorts = 1>
ST_52 : Operation 980 [1/1] (0.33ns) (out node of the LUT)   --->   "%and_ln396_4 = and i1 %tmp_184, i1 %select_ln396_1" [top.cpp:396]   --->   Operation 980 'and' 'and_ln396_4' <Predicate = (icmp_ln392)> <Delay = 0.33> <CoreInst = "LogicGate">   --->   Core 74 'LogicGate' <Latency = 0> <II = 1> <Delay = 0.33> <FuncUnit> <Opcode : 'and' 'or' 'xor'> <InPorts = 2> <OutPorts = 1>
ST_52 : Operation 981 [1/1] (0.00ns) (grouped into LUT with out node or_ln396_1)   --->   "%or_ln396_2 = or i1 %and_ln396_2, i1 %and_ln396_4" [top.cpp:396]   --->   Operation 981 'or' 'or_ln396_2' <Predicate = (icmp_ln392)> <Delay = 0.00> <CoreInst = "LogicGate">   --->   Core 74 'LogicGate' <Latency = 0> <II = 1> <Delay = 0.33> <FuncUnit> <Opcode : 'and' 'or' 'xor'> <InPorts = 2> <OutPorts = 1>
ST_52 : Operation 982 [1/1] (0.00ns) (grouped into LUT with out node or_ln396_1)   --->   "%xor_ln396_4 = xor i1 %or_ln396_2, i1 1" [top.cpp:396]   --->   Operation 982 'xor' 'xor_ln396_4' <Predicate = (icmp_ln392)> <Delay = 0.00> <CoreInst = "LogicGate">   --->   Core 74 'LogicGate' <Latency = 0> <II = 1> <Delay = 0.33> <FuncUnit> <Opcode : 'and' 'or' 'xor'> <InPorts = 2> <OutPorts = 1>
ST_52 : Operation 983 [1/1] (0.00ns) (grouped into LUT with out node or_ln396_1)   --->   "%and_ln396_5 = and i1 %tmp_179, i1 %xor_ln396_4" [top.cpp:396]   --->   Operation 983 'and' 'and_ln396_5' <Predicate = (icmp_ln392)> <Delay = 0.00> <CoreInst = "LogicGate">   --->   Core 74 'LogicGate' <Latency = 0> <II = 1> <Delay = 0.33> <FuncUnit> <Opcode : 'and' 'or' 'xor'> <InPorts = 2> <OutPorts = 1>
ST_52 : Operation 984 [1/1] (0.00ns) (grouped into LUT with out node nx0_2)   --->   "%select_ln396_2 = select i1 %and_ln396_3, i32 2147483647, i32 2147483648" [top.cpp:396]   --->   Operation 984 'select' 'select_ln396_2' <Predicate = (icmp_ln392)> <Delay = 0.00> <CoreInst = "Sel">   --->   Core 73 'Sel' <Latency = 0> <II = 1> <Delay = 0.52> <FuncUnit> <Opcode : 'select'> <InPorts = 3> <OutPorts = 1>
ST_52 : Operation 985 [1/1] (0.33ns) (out node of the LUT)   --->   "%or_ln396_1 = or i1 %and_ln396_3, i1 %and_ln396_5" [top.cpp:396]   --->   Operation 985 'or' 'or_ln396_1' <Predicate = (icmp_ln392)> <Delay = 0.33> <CoreInst = "LogicGate">   --->   Core 74 'LogicGate' <Latency = 0> <II = 1> <Delay = 0.33> <FuncUnit> <Opcode : 'and' 'or' 'xor'> <InPorts = 2> <OutPorts = 1>
ST_52 : Operation 986 [1/1] (0.52ns) (out node of the LUT)   --->   "%nx0_2 = select i1 %or_ln396_1, i32 %select_ln396_2, i32 %nx0_1" [top.cpp:396]   --->   Operation 986 'select' 'nx0_2' <Predicate = (icmp_ln392)> <Delay = 0.52> <CoreInst = "Sel">   --->   Core 73 'Sel' <Latency = 0> <II = 1> <Delay = 0.52> <FuncUnit> <Opcode : 'select'> <InPorts = 3> <OutPorts = 1>
ST_52 : Operation 987 [1/1] (3.88ns)   --->   "%mul_ln397 = mul i64 %sext_ln385_1, i64 %sext_ln397" [top.cpp:397]   --->   Operation 987 'mul' 'mul_ln397' <Predicate = (icmp_ln392)> <Delay = 3.88> <CoreInst = "Multiplier">   --->   Core 3 'Multiplier' <Latency = 0> <II = 1> <Delay = 3.88> <FuncUnit> <Opcode : 'mul'> <InPorts = 2> <OutPorts = 1>
ST_52 : Operation 988 [1/1] (0.00ns)   --->   "%tmp_186 = bitselect i1 @_ssdm_op_BitSelect.i1.i64.i32, i64 %mul_ln397, i32 63" [top.cpp:397]   --->   Operation 988 'bitselect' 'tmp_186' <Predicate = (icmp_ln392)> <Delay = 0.00>
ST_52 : Operation 989 [1/1] (0.00ns)   --->   "%nx1 = partselect i32 @_ssdm_op_PartSelect.i32.i64.i32.i32, i64 %mul_ln397, i32 16, i32 47" [top.cpp:397]   --->   Operation 989 'partselect' 'nx1' <Predicate = (icmp_ln392)> <Delay = 0.00>
ST_52 : Operation 990 [1/1] (0.00ns)   --->   "%tmp_187 = bitselect i1 @_ssdm_op_BitSelect.i1.i64.i32, i64 %mul_ln397, i32 15" [top.cpp:397]   --->   Operation 990 'bitselect' 'tmp_187' <Predicate = (icmp_ln392)> <Delay = 0.00>
ST_52 : Operation 991 [1/1] (0.00ns) (grouped into LUT with out node and_ln397)   --->   "%tmp_188 = bitselect i1 @_ssdm_op_BitSelect.i1.i64.i32, i64 %mul_ln397, i32 47" [top.cpp:397]   --->   Operation 991 'bitselect' 'tmp_188' <Predicate = (icmp_ln392)> <Delay = 0.00>
ST_52 : Operation 992 [1/1] (0.00ns)   --->   "%zext_ln397 = zext i1 %tmp_187" [top.cpp:397]   --->   Operation 992 'zext' 'zext_ln397' <Predicate = (icmp_ln392)> <Delay = 0.00>
ST_52 : Operation 993 [1/1] (1.20ns)   --->   "%nx1_1 = add i32 %nx1, i32 %zext_ln397" [top.cpp:397]   --->   Operation 993 'add' 'nx1_1' <Predicate = (icmp_ln392)> <Delay = 1.20> <CoreInst = "Adder">   --->   Core 1 'Adder' <Latency = 0> <II = 1> <Delay = 1.20> <FuncUnit> <Opcode : 'add' 'sub'> <InPorts = 2> <OutPorts = 1>
ST_52 : Operation 994 [1/1] (0.00ns)   --->   "%tmp_189 = bitselect i1 @_ssdm_op_BitSelect.i1.i32.i32, i32 %nx1_1, i32 31" [top.cpp:397]   --->   Operation 994 'bitselect' 'tmp_189' <Predicate = (icmp_ln392)> <Delay = 0.00>
ST_52 : Operation 995 [1/1] (0.00ns) (grouped into LUT with out node and_ln397)   --->   "%xor_ln397 = xor i1 %tmp_189, i1 1" [top.cpp:397]   --->   Operation 995 'xor' 'xor_ln397' <Predicate = (icmp_ln392)> <Delay = 0.00> <CoreInst = "LogicGate">   --->   Core 74 'LogicGate' <Latency = 0> <II = 1> <Delay = 0.33> <FuncUnit> <Opcode : 'and' 'or' 'xor'> <InPorts = 2> <OutPorts = 1>
ST_52 : Operation 996 [1/1] (0.33ns) (out node of the LUT)   --->   "%and_ln397 = and i1 %tmp_188, i1 %xor_ln397" [top.cpp:397]   --->   Operation 996 'and' 'and_ln397' <Predicate = (icmp_ln392)> <Delay = 0.33> <CoreInst = "LogicGate">   --->   Core 74 'LogicGate' <Latency = 0> <II = 1> <Delay = 0.33> <FuncUnit> <Opcode : 'and' 'or' 'xor'> <InPorts = 2> <OutPorts = 1>
ST_52 : Operation 997 [1/1] (0.00ns) (grouped into LUT with out node and_ln397_4)   --->   "%tmp_190 = bitselect i1 @_ssdm_op_BitSelect.i1.i64.i32, i64 %mul_ln397, i32 48" [top.cpp:397]   --->   Operation 997 'bitselect' 'tmp_190' <Predicate = (icmp_ln392)> <Delay = 0.00>
ST_52 : Operation 998 [1/1] (0.00ns)   --->   "%tmp_40 = partselect i15 @_ssdm_op_PartSelect.i15.i64.i32, i64 %mul_ln397, i32 49" [top.cpp:397]   --->   Operation 998 'partselect' 'tmp_40' <Predicate = (icmp_ln392)> <Delay = 0.00>
ST_52 : Operation 999 [1/1] (1.00ns)   --->   "%icmp_ln397 = icmp_eq  i15 %tmp_40, i15 32767" [top.cpp:397]   --->   Operation 999 'icmp' 'icmp_ln397' <Predicate = (icmp_ln392)> <Delay = 1.00> <CoreInst = "Cmp">   --->   Core 9 'Cmp' <Latency = 0> <II = 1> <Delay = 1.00> <FuncUnit> <Opcode : 'seteq' 'setne' 'setle' 'setge' 'setlt' 'setgt'> <InPorts = 2> <OutPorts = 1>
ST_52 : Operation 1000 [1/1] (0.00ns)   --->   "%tmp_47 = partselect i16 @_ssdm_op_PartSelect.i16.i64.i32, i64 %mul_ln397, i32 48" [top.cpp:397]   --->   Operation 1000 'partselect' 'tmp_47' <Predicate = (icmp_ln392)> <Delay = 0.00>
ST_52 : Operation 1001 [1/1] (1.01ns)   --->   "%icmp_ln397_1 = icmp_eq  i16 %tmp_47, i16 65535" [top.cpp:397]   --->   Operation 1001 'icmp' 'icmp_ln397_1' <Predicate = (icmp_ln392)> <Delay = 1.01> <CoreInst = "Cmp">   --->   Core 9 'Cmp' <Latency = 0> <II = 1> <Delay = 1.01> <FuncUnit> <Opcode : 'seteq' 'setne' 'setle' 'setge' 'setlt' 'setgt'> <InPorts = 2> <OutPorts = 1>
ST_52 : Operation 1002 [1/1] (1.01ns)   --->   "%icmp_ln397_2 = icmp_eq  i16 %tmp_47, i16 0" [top.cpp:397]   --->   Operation 1002 'icmp' 'icmp_ln397_2' <Predicate = (icmp_ln392)> <Delay = 1.01> <CoreInst = "Cmp">   --->   Core 9 'Cmp' <Latency = 0> <II = 1> <Delay = 1.01> <FuncUnit> <Opcode : 'seteq' 'setne' 'setle' 'setge' 'setlt' 'setgt'> <InPorts = 2> <OutPorts = 1>
ST_52 : Operation 1003 [1/1] (0.00ns) (grouped into LUT with out node and_ln397_3)   --->   "%select_ln397 = select i1 %and_ln397, i1 %icmp_ln397_1, i1 %icmp_ln397_2" [top.cpp:397]   --->   Operation 1003 'select' 'select_ln397' <Predicate = (icmp_ln392)> <Delay = 0.00> <CoreInst = "Sel">   --->   Core 73 'Sel' <Latency = 0> <II = 1> <Delay = 0.26> <FuncUnit> <Opcode : 'select'> <InPorts = 3> <OutPorts = 1>
ST_52 : Operation 1004 [1/1] (0.00ns) (grouped into LUT with out node and_ln397_4)   --->   "%xor_ln397_1 = xor i1 %tmp_190, i1 1" [top.cpp:397]   --->   Operation 1004 'xor' 'xor_ln397_1' <Predicate = (icmp_ln392)> <Delay = 0.00> <CoreInst = "LogicGate">   --->   Core 74 'LogicGate' <Latency = 0> <II = 1> <Delay = 0.33> <FuncUnit> <Opcode : 'and' 'or' 'xor'> <InPorts = 2> <OutPorts = 1>
ST_52 : Operation 1005 [1/1] (0.00ns) (grouped into LUT with out node and_ln397_4)   --->   "%and_ln397_1 = and i1 %icmp_ln397, i1 %xor_ln397_1" [top.cpp:397]   --->   Operation 1005 'and' 'and_ln397_1' <Predicate = (icmp_ln392)> <Delay = 0.00> <CoreInst = "LogicGate">   --->   Core 74 'LogicGate' <Latency = 0> <II = 1> <Delay = 0.33> <FuncUnit> <Opcode : 'and' 'or' 'xor'> <InPorts = 2> <OutPorts = 1>
ST_52 : Operation 1006 [1/1] (0.00ns) (grouped into LUT with out node and_ln397_4)   --->   "%select_ln397_1 = select i1 %and_ln397, i1 %and_ln397_1, i1 %icmp_ln397_1" [top.cpp:397]   --->   Operation 1006 'select' 'select_ln397_1' <Predicate = (icmp_ln392)> <Delay = 0.00> <CoreInst = "Sel">   --->   Core 73 'Sel' <Latency = 0> <II = 1> <Delay = 0.26> <FuncUnit> <Opcode : 'select'> <InPorts = 3> <OutPorts = 1>
ST_52 : Operation 1007 [1/1] (0.00ns) (grouped into LUT with out node or_ln397_1)   --->   "%and_ln397_2 = and i1 %and_ln397, i1 %icmp_ln397_1" [top.cpp:397]   --->   Operation 1007 'and' 'and_ln397_2' <Predicate = (icmp_ln392)> <Delay = 0.00> <CoreInst = "LogicGate">   --->   Core 74 'LogicGate' <Latency = 0> <II = 1> <Delay = 0.33> <FuncUnit> <Opcode : 'and' 'or' 'xor'> <InPorts = 2> <OutPorts = 1>
ST_52 : Operation 1008 [1/1] (0.00ns) (grouped into LUT with out node and_ln397_3)   --->   "%xor_ln397_2 = xor i1 %select_ln397, i1 1" [top.cpp:397]   --->   Operation 1008 'xor' 'xor_ln397_2' <Predicate = (icmp_ln392)> <Delay = 0.00> <CoreInst = "LogicGate">   --->   Core 74 'LogicGate' <Latency = 0> <II = 1> <Delay = 0.33> <FuncUnit> <Opcode : 'and' 'or' 'xor'> <InPorts = 2> <OutPorts = 1>
ST_52 : Operation 1009 [1/1] (0.00ns) (grouped into LUT with out node and_ln397_3)   --->   "%or_ln397 = or i1 %tmp_189, i1 %xor_ln397_2" [top.cpp:397]   --->   Operation 1009 'or' 'or_ln397' <Predicate = (icmp_ln392)> <Delay = 0.00> <CoreInst = "LogicGate">   --->   Core 74 'LogicGate' <Latency = 0> <II = 1> <Delay = 0.33> <FuncUnit> <Opcode : 'and' 'or' 'xor'> <InPorts = 2> <OutPorts = 1>
ST_52 : Operation 1010 [1/1] (0.00ns) (grouped into LUT with out node and_ln397_3)   --->   "%xor_ln397_3 = xor i1 %tmp_186, i1 1" [top.cpp:397]   --->   Operation 1010 'xor' 'xor_ln397_3' <Predicate = (icmp_ln392)> <Delay = 0.00> <CoreInst = "LogicGate">   --->   Core 74 'LogicGate' <Latency = 0> <II = 1> <Delay = 0.33> <FuncUnit> <Opcode : 'and' 'or' 'xor'> <InPorts = 2> <OutPorts = 1>
ST_52 : Operation 1011 [1/1] (0.33ns) (out node of the LUT)   --->   "%and_ln397_3 = and i1 %or_ln397, i1 %xor_ln397_3" [top.cpp:397]   --->   Operation 1011 'and' 'and_ln397_3' <Predicate = (icmp_ln392)> <Delay = 0.33> <CoreInst = "LogicGate">   --->   Core 74 'LogicGate' <Latency = 0> <II = 1> <Delay = 0.33> <FuncUnit> <Opcode : 'and' 'or' 'xor'> <InPorts = 2> <OutPorts = 1>
ST_52 : Operation 1012 [1/1] (0.33ns) (out node of the LUT)   --->   "%and_ln397_4 = and i1 %tmp_189, i1 %select_ln397_1" [top.cpp:397]   --->   Operation 1012 'and' 'and_ln397_4' <Predicate = (icmp_ln392)> <Delay = 0.33> <CoreInst = "LogicGate">   --->   Core 74 'LogicGate' <Latency = 0> <II = 1> <Delay = 0.33> <FuncUnit> <Opcode : 'and' 'or' 'xor'> <InPorts = 2> <OutPorts = 1>
ST_52 : Operation 1013 [1/1] (0.00ns) (grouped into LUT with out node or_ln397_1)   --->   "%or_ln397_2 = or i1 %and_ln397_2, i1 %and_ln397_4" [top.cpp:397]   --->   Operation 1013 'or' 'or_ln397_2' <Predicate = (icmp_ln392)> <Delay = 0.00> <CoreInst = "LogicGate">   --->   Core 74 'LogicGate' <Latency = 0> <II = 1> <Delay = 0.33> <FuncUnit> <Opcode : 'and' 'or' 'xor'> <InPorts = 2> <OutPorts = 1>
ST_52 : Operation 1014 [1/1] (0.00ns) (grouped into LUT with out node or_ln397_1)   --->   "%xor_ln397_4 = xor i1 %or_ln397_2, i1 1" [top.cpp:397]   --->   Operation 1014 'xor' 'xor_ln397_4' <Predicate = (icmp_ln392)> <Delay = 0.00> <CoreInst = "LogicGate">   --->   Core 74 'LogicGate' <Latency = 0> <II = 1> <Delay = 0.33> <FuncUnit> <Opcode : 'and' 'or' 'xor'> <InPorts = 2> <OutPorts = 1>
ST_52 : Operation 1015 [1/1] (0.00ns) (grouped into LUT with out node or_ln397_1)   --->   "%and_ln397_5 = and i1 %tmp_186, i1 %xor_ln397_4" [top.cpp:397]   --->   Operation 1015 'and' 'and_ln397_5' <Predicate = (icmp_ln392)> <Delay = 0.00> <CoreInst = "LogicGate">   --->   Core 74 'LogicGate' <Latency = 0> <II = 1> <Delay = 0.33> <FuncUnit> <Opcode : 'and' 'or' 'xor'> <InPorts = 2> <OutPorts = 1>
ST_52 : Operation 1016 [1/1] (0.00ns) (grouped into LUT with out node nx1_2)   --->   "%select_ln397_2 = select i1 %and_ln397_3, i32 2147483647, i32 2147483648" [top.cpp:397]   --->   Operation 1016 'select' 'select_ln397_2' <Predicate = (icmp_ln392)> <Delay = 0.00> <CoreInst = "Sel">   --->   Core 73 'Sel' <Latency = 0> <II = 1> <Delay = 0.52> <FuncUnit> <Opcode : 'select'> <InPorts = 3> <OutPorts = 1>
ST_52 : Operation 1017 [1/1] (0.33ns) (out node of the LUT)   --->   "%or_ln397_1 = or i1 %and_ln397_3, i1 %and_ln397_5" [top.cpp:397]   --->   Operation 1017 'or' 'or_ln397_1' <Predicate = (icmp_ln392)> <Delay = 0.33> <CoreInst = "LogicGate">   --->   Core 74 'LogicGate' <Latency = 0> <II = 1> <Delay = 0.33> <FuncUnit> <Opcode : 'and' 'or' 'xor'> <InPorts = 2> <OutPorts = 1>
ST_52 : Operation 1018 [1/1] (0.52ns) (out node of the LUT)   --->   "%nx1_2 = select i1 %or_ln397_1, i32 %select_ln397_2, i32 %nx1_1" [top.cpp:397]   --->   Operation 1018 'select' 'nx1_2' <Predicate = (icmp_ln392)> <Delay = 0.52> <CoreInst = "Sel">   --->   Core 73 'Sel' <Latency = 0> <II = 1> <Delay = 0.52> <FuncUnit> <Opcode : 'select'> <InPorts = 3> <OutPorts = 1>
ST_52 : Operation 1019 [1/1] (3.88ns)   --->   "%mul_ln398 = mul i64 %sext_ln386_1, i64 %sext_ln398" [top.cpp:398]   --->   Operation 1019 'mul' 'mul_ln398' <Predicate = (icmp_ln392)> <Delay = 3.88> <CoreInst = "Multiplier">   --->   Core 3 'Multiplier' <Latency = 0> <II = 1> <Delay = 3.88> <FuncUnit> <Opcode : 'mul'> <InPorts = 2> <OutPorts = 1>
ST_52 : Operation 1020 [1/1] (0.00ns)   --->   "%tmp_193 = bitselect i1 @_ssdm_op_BitSelect.i1.i64.i32, i64 %mul_ln398, i32 63" [top.cpp:398]   --->   Operation 1020 'bitselect' 'tmp_193' <Predicate = (icmp_ln392)> <Delay = 0.00>
ST_52 : Operation 1021 [1/1] (0.00ns)   --->   "%nx2 = partselect i32 @_ssdm_op_PartSelect.i32.i64.i32.i32, i64 %mul_ln398, i32 16, i32 47" [top.cpp:398]   --->   Operation 1021 'partselect' 'nx2' <Predicate = (icmp_ln392)> <Delay = 0.00>
ST_52 : Operation 1022 [1/1] (0.00ns)   --->   "%tmp_194 = bitselect i1 @_ssdm_op_BitSelect.i1.i64.i32, i64 %mul_ln398, i32 15" [top.cpp:398]   --->   Operation 1022 'bitselect' 'tmp_194' <Predicate = (icmp_ln392)> <Delay = 0.00>
ST_52 : Operation 1023 [1/1] (0.00ns) (grouped into LUT with out node and_ln398)   --->   "%tmp_195 = bitselect i1 @_ssdm_op_BitSelect.i1.i64.i32, i64 %mul_ln398, i32 47" [top.cpp:398]   --->   Operation 1023 'bitselect' 'tmp_195' <Predicate = (icmp_ln392)> <Delay = 0.00>
ST_52 : Operation 1024 [1/1] (0.00ns)   --->   "%zext_ln398 = zext i1 %tmp_194" [top.cpp:398]   --->   Operation 1024 'zext' 'zext_ln398' <Predicate = (icmp_ln392)> <Delay = 0.00>
ST_52 : Operation 1025 [1/1] (1.20ns)   --->   "%nx2_1 = add i32 %nx2, i32 %zext_ln398" [top.cpp:398]   --->   Operation 1025 'add' 'nx2_1' <Predicate = (icmp_ln392)> <Delay = 1.20> <CoreInst = "Adder">   --->   Core 1 'Adder' <Latency = 0> <II = 1> <Delay = 1.20> <FuncUnit> <Opcode : 'add' 'sub'> <InPorts = 2> <OutPorts = 1>
ST_52 : Operation 1026 [1/1] (0.00ns)   --->   "%tmp_196 = bitselect i1 @_ssdm_op_BitSelect.i1.i32.i32, i32 %nx2_1, i32 31" [top.cpp:398]   --->   Operation 1026 'bitselect' 'tmp_196' <Predicate = (icmp_ln392)> <Delay = 0.00>
ST_52 : Operation 1027 [1/1] (0.00ns) (grouped into LUT with out node and_ln398)   --->   "%xor_ln398 = xor i1 %tmp_196, i1 1" [top.cpp:398]   --->   Operation 1027 'xor' 'xor_ln398' <Predicate = (icmp_ln392)> <Delay = 0.00> <CoreInst = "LogicGate">   --->   Core 74 'LogicGate' <Latency = 0> <II = 1> <Delay = 0.33> <FuncUnit> <Opcode : 'and' 'or' 'xor'> <InPorts = 2> <OutPorts = 1>
ST_52 : Operation 1028 [1/1] (0.33ns) (out node of the LUT)   --->   "%and_ln398 = and i1 %tmp_195, i1 %xor_ln398" [top.cpp:398]   --->   Operation 1028 'and' 'and_ln398' <Predicate = (icmp_ln392)> <Delay = 0.33> <CoreInst = "LogicGate">   --->   Core 74 'LogicGate' <Latency = 0> <II = 1> <Delay = 0.33> <FuncUnit> <Opcode : 'and' 'or' 'xor'> <InPorts = 2> <OutPorts = 1>
ST_52 : Operation 1029 [1/1] (0.00ns) (grouped into LUT with out node and_ln398_4)   --->   "%tmp_197 = bitselect i1 @_ssdm_op_BitSelect.i1.i64.i32, i64 %mul_ln398, i32 48" [top.cpp:398]   --->   Operation 1029 'bitselect' 'tmp_197' <Predicate = (icmp_ln392)> <Delay = 0.00>
ST_52 : Operation 1030 [1/1] (0.00ns)   --->   "%tmp_58 = partselect i15 @_ssdm_op_PartSelect.i15.i64.i32, i64 %mul_ln398, i32 49" [top.cpp:398]   --->   Operation 1030 'partselect' 'tmp_58' <Predicate = (icmp_ln392)> <Delay = 0.00>
ST_52 : Operation 1031 [1/1] (1.00ns)   --->   "%icmp_ln398 = icmp_eq  i15 %tmp_58, i15 32767" [top.cpp:398]   --->   Operation 1031 'icmp' 'icmp_ln398' <Predicate = (icmp_ln392)> <Delay = 1.00> <CoreInst = "Cmp">   --->   Core 9 'Cmp' <Latency = 0> <II = 1> <Delay = 1.00> <FuncUnit> <Opcode : 'seteq' 'setne' 'setle' 'setge' 'setlt' 'setgt'> <InPorts = 2> <OutPorts = 1>
ST_52 : Operation 1032 [1/1] (0.00ns)   --->   "%tmp_68 = partselect i16 @_ssdm_op_PartSelect.i16.i64.i32, i64 %mul_ln398, i32 48" [top.cpp:398]   --->   Operation 1032 'partselect' 'tmp_68' <Predicate = (icmp_ln392)> <Delay = 0.00>
ST_52 : Operation 1033 [1/1] (1.01ns)   --->   "%icmp_ln398_1 = icmp_eq  i16 %tmp_68, i16 65535" [top.cpp:398]   --->   Operation 1033 'icmp' 'icmp_ln398_1' <Predicate = (icmp_ln392)> <Delay = 1.01> <CoreInst = "Cmp">   --->   Core 9 'Cmp' <Latency = 0> <II = 1> <Delay = 1.01> <FuncUnit> <Opcode : 'seteq' 'setne' 'setle' 'setge' 'setlt' 'setgt'> <InPorts = 2> <OutPorts = 1>
ST_52 : Operation 1034 [1/1] (1.01ns)   --->   "%icmp_ln398_2 = icmp_eq  i16 %tmp_68, i16 0" [top.cpp:398]   --->   Operation 1034 'icmp' 'icmp_ln398_2' <Predicate = (icmp_ln392)> <Delay = 1.01> <CoreInst = "Cmp">   --->   Core 9 'Cmp' <Latency = 0> <II = 1> <Delay = 1.01> <FuncUnit> <Opcode : 'seteq' 'setne' 'setle' 'setge' 'setlt' 'setgt'> <InPorts = 2> <OutPorts = 1>
ST_52 : Operation 1035 [1/1] (0.00ns) (grouped into LUT with out node and_ln398_3)   --->   "%select_ln398 = select i1 %and_ln398, i1 %icmp_ln398_1, i1 %icmp_ln398_2" [top.cpp:398]   --->   Operation 1035 'select' 'select_ln398' <Predicate = (icmp_ln392)> <Delay = 0.00> <CoreInst = "Sel">   --->   Core 73 'Sel' <Latency = 0> <II = 1> <Delay = 0.26> <FuncUnit> <Opcode : 'select'> <InPorts = 3> <OutPorts = 1>
ST_52 : Operation 1036 [1/1] (0.00ns) (grouped into LUT with out node and_ln398_4)   --->   "%xor_ln398_1 = xor i1 %tmp_197, i1 1" [top.cpp:398]   --->   Operation 1036 'xor' 'xor_ln398_1' <Predicate = (icmp_ln392)> <Delay = 0.00> <CoreInst = "LogicGate">   --->   Core 74 'LogicGate' <Latency = 0> <II = 1> <Delay = 0.33> <FuncUnit> <Opcode : 'and' 'or' 'xor'> <InPorts = 2> <OutPorts = 1>
ST_52 : Operation 1037 [1/1] (0.00ns) (grouped into LUT with out node and_ln398_4)   --->   "%and_ln398_1 = and i1 %icmp_ln398, i1 %xor_ln398_1" [top.cpp:398]   --->   Operation 1037 'and' 'and_ln398_1' <Predicate = (icmp_ln392)> <Delay = 0.00> <CoreInst = "LogicGate">   --->   Core 74 'LogicGate' <Latency = 0> <II = 1> <Delay = 0.33> <FuncUnit> <Opcode : 'and' 'or' 'xor'> <InPorts = 2> <OutPorts = 1>
ST_52 : Operation 1038 [1/1] (0.00ns) (grouped into LUT with out node and_ln398_4)   --->   "%select_ln398_1 = select i1 %and_ln398, i1 %and_ln398_1, i1 %icmp_ln398_1" [top.cpp:398]   --->   Operation 1038 'select' 'select_ln398_1' <Predicate = (icmp_ln392)> <Delay = 0.00> <CoreInst = "Sel">   --->   Core 73 'Sel' <Latency = 0> <II = 1> <Delay = 0.26> <FuncUnit> <Opcode : 'select'> <InPorts = 3> <OutPorts = 1>
ST_52 : Operation 1039 [1/1] (0.00ns) (grouped into LUT with out node or_ln398_1)   --->   "%and_ln398_2 = and i1 %and_ln398, i1 %icmp_ln398_1" [top.cpp:398]   --->   Operation 1039 'and' 'and_ln398_2' <Predicate = (icmp_ln392)> <Delay = 0.00> <CoreInst = "LogicGate">   --->   Core 74 'LogicGate' <Latency = 0> <II = 1> <Delay = 0.33> <FuncUnit> <Opcode : 'and' 'or' 'xor'> <InPorts = 2> <OutPorts = 1>
ST_52 : Operation 1040 [1/1] (0.00ns) (grouped into LUT with out node and_ln398_3)   --->   "%xor_ln398_2 = xor i1 %select_ln398, i1 1" [top.cpp:398]   --->   Operation 1040 'xor' 'xor_ln398_2' <Predicate = (icmp_ln392)> <Delay = 0.00> <CoreInst = "LogicGate">   --->   Core 74 'LogicGate' <Latency = 0> <II = 1> <Delay = 0.33> <FuncUnit> <Opcode : 'and' 'or' 'xor'> <InPorts = 2> <OutPorts = 1>
ST_52 : Operation 1041 [1/1] (0.00ns) (grouped into LUT with out node and_ln398_3)   --->   "%or_ln398 = or i1 %tmp_196, i1 %xor_ln398_2" [top.cpp:398]   --->   Operation 1041 'or' 'or_ln398' <Predicate = (icmp_ln392)> <Delay = 0.00> <CoreInst = "LogicGate">   --->   Core 74 'LogicGate' <Latency = 0> <II = 1> <Delay = 0.33> <FuncUnit> <Opcode : 'and' 'or' 'xor'> <InPorts = 2> <OutPorts = 1>
ST_52 : Operation 1042 [1/1] (0.00ns) (grouped into LUT with out node and_ln398_3)   --->   "%xor_ln398_3 = xor i1 %tmp_193, i1 1" [top.cpp:398]   --->   Operation 1042 'xor' 'xor_ln398_3' <Predicate = (icmp_ln392)> <Delay = 0.00> <CoreInst = "LogicGate">   --->   Core 74 'LogicGate' <Latency = 0> <II = 1> <Delay = 0.33> <FuncUnit> <Opcode : 'and' 'or' 'xor'> <InPorts = 2> <OutPorts = 1>
ST_52 : Operation 1043 [1/1] (0.33ns) (out node of the LUT)   --->   "%and_ln398_3 = and i1 %or_ln398, i1 %xor_ln398_3" [top.cpp:398]   --->   Operation 1043 'and' 'and_ln398_3' <Predicate = (icmp_ln392)> <Delay = 0.33> <CoreInst = "LogicGate">   --->   Core 74 'LogicGate' <Latency = 0> <II = 1> <Delay = 0.33> <FuncUnit> <Opcode : 'and' 'or' 'xor'> <InPorts = 2> <OutPorts = 1>
ST_52 : Operation 1044 [1/1] (0.33ns) (out node of the LUT)   --->   "%and_ln398_4 = and i1 %tmp_196, i1 %select_ln398_1" [top.cpp:398]   --->   Operation 1044 'and' 'and_ln398_4' <Predicate = (icmp_ln392)> <Delay = 0.33> <CoreInst = "LogicGate">   --->   Core 74 'LogicGate' <Latency = 0> <II = 1> <Delay = 0.33> <FuncUnit> <Opcode : 'and' 'or' 'xor'> <InPorts = 2> <OutPorts = 1>
ST_52 : Operation 1045 [1/1] (0.00ns) (grouped into LUT with out node or_ln398_1)   --->   "%or_ln398_2 = or i1 %and_ln398_2, i1 %and_ln398_4" [top.cpp:398]   --->   Operation 1045 'or' 'or_ln398_2' <Predicate = (icmp_ln392)> <Delay = 0.00> <CoreInst = "LogicGate">   --->   Core 74 'LogicGate' <Latency = 0> <II = 1> <Delay = 0.33> <FuncUnit> <Opcode : 'and' 'or' 'xor'> <InPorts = 2> <OutPorts = 1>
ST_52 : Operation 1046 [1/1] (0.00ns) (grouped into LUT with out node or_ln398_1)   --->   "%xor_ln398_4 = xor i1 %or_ln398_2, i1 1" [top.cpp:398]   --->   Operation 1046 'xor' 'xor_ln398_4' <Predicate = (icmp_ln392)> <Delay = 0.00> <CoreInst = "LogicGate">   --->   Core 74 'LogicGate' <Latency = 0> <II = 1> <Delay = 0.33> <FuncUnit> <Opcode : 'and' 'or' 'xor'> <InPorts = 2> <OutPorts = 1>
ST_52 : Operation 1047 [1/1] (0.00ns) (grouped into LUT with out node or_ln398_1)   --->   "%and_ln398_5 = and i1 %tmp_193, i1 %xor_ln398_4" [top.cpp:398]   --->   Operation 1047 'and' 'and_ln398_5' <Predicate = (icmp_ln392)> <Delay = 0.00> <CoreInst = "LogicGate">   --->   Core 74 'LogicGate' <Latency = 0> <II = 1> <Delay = 0.33> <FuncUnit> <Opcode : 'and' 'or' 'xor'> <InPorts = 2> <OutPorts = 1>
ST_52 : Operation 1048 [1/1] (0.00ns) (grouped into LUT with out node nx2_2)   --->   "%select_ln398_2 = select i1 %and_ln398_3, i32 2147483647, i32 2147483648" [top.cpp:398]   --->   Operation 1048 'select' 'select_ln398_2' <Predicate = (icmp_ln392)> <Delay = 0.00> <CoreInst = "Sel">   --->   Core 73 'Sel' <Latency = 0> <II = 1> <Delay = 0.52> <FuncUnit> <Opcode : 'select'> <InPorts = 3> <OutPorts = 1>
ST_52 : Operation 1049 [1/1] (0.33ns) (out node of the LUT)   --->   "%or_ln398_1 = or i1 %and_ln398_3, i1 %and_ln398_5" [top.cpp:398]   --->   Operation 1049 'or' 'or_ln398_1' <Predicate = (icmp_ln392)> <Delay = 0.33> <CoreInst = "LogicGate">   --->   Core 74 'LogicGate' <Latency = 0> <II = 1> <Delay = 0.33> <FuncUnit> <Opcode : 'and' 'or' 'xor'> <InPorts = 2> <OutPorts = 1>
ST_52 : Operation 1050 [1/1] (0.52ns) (out node of the LUT)   --->   "%nx2_2 = select i1 %or_ln398_1, i32 %select_ln398_2, i32 %nx2_1" [top.cpp:398]   --->   Operation 1050 'select' 'nx2_2' <Predicate = (icmp_ln392)> <Delay = 0.52> <CoreInst = "Sel">   --->   Core 73 'Sel' <Latency = 0> <II = 1> <Delay = 0.52> <FuncUnit> <Opcode : 'select'> <InPorts = 3> <OutPorts = 1>
ST_52 : Operation 1051 [1/1] (3.88ns)   --->   "%mul_ln404 = mul i63 %zext_ln384_1, i63 %sext_ln405_1" [top.cpp:404]   --->   Operation 1051 'mul' 'mul_ln404' <Predicate = (icmp_ln392)> <Delay = 3.88> <CoreInst = "Multiplier">   --->   Core 3 'Multiplier' <Latency = 0> <II = 1> <Delay = 3.88> <FuncUnit> <Opcode : 'mul'> <InPorts = 2> <OutPorts = 1>
ST_52 : Operation 1052 [1/1] (0.00ns)   --->   "%tmp_204 = bitselect i1 @_ssdm_op_BitSelect.i1.i63.i32, i63 %mul_ln404, i32 62" [top.cpp:404]   --->   Operation 1052 'bitselect' 'tmp_204' <Predicate = (icmp_ln392)> <Delay = 0.00>
ST_52 : Operation 1053 [1/1] (0.00ns)   --->   "%ny0 = partselect i32 @_ssdm_op_PartSelect.i32.i63.i32.i32, i63 %mul_ln404, i32 16, i32 47" [top.cpp:404]   --->   Operation 1053 'partselect' 'ny0' <Predicate = (icmp_ln392)> <Delay = 0.00>
ST_52 : Operation 1054 [1/1] (0.00ns)   --->   "%tmp_207 = bitselect i1 @_ssdm_op_BitSelect.i1.i63.i32, i63 %mul_ln404, i32 15" [top.cpp:404]   --->   Operation 1054 'bitselect' 'tmp_207' <Predicate = (icmp_ln392)> <Delay = 0.00>
ST_52 : Operation 1055 [1/1] (0.00ns) (grouped into LUT with out node and_ln404)   --->   "%tmp_208 = bitselect i1 @_ssdm_op_BitSelect.i1.i63.i32, i63 %mul_ln404, i32 47" [top.cpp:404]   --->   Operation 1055 'bitselect' 'tmp_208' <Predicate = (icmp_ln392)> <Delay = 0.00>
ST_52 : Operation 1056 [1/1] (0.00ns)   --->   "%zext_ln404 = zext i1 %tmp_207" [top.cpp:404]   --->   Operation 1056 'zext' 'zext_ln404' <Predicate = (icmp_ln392)> <Delay = 0.00>
ST_52 : Operation 1057 [1/1] (1.20ns)   --->   "%ny0_1 = add i32 %ny0, i32 %zext_ln404" [top.cpp:404]   --->   Operation 1057 'add' 'ny0_1' <Predicate = (icmp_ln392)> <Delay = 1.20> <CoreInst = "Adder">   --->   Core 1 'Adder' <Latency = 0> <II = 1> <Delay = 1.20> <FuncUnit> <Opcode : 'add' 'sub'> <InPorts = 2> <OutPorts = 1>
ST_52 : Operation 1058 [1/1] (0.00ns)   --->   "%tmp_209 = bitselect i1 @_ssdm_op_BitSelect.i1.i32.i32, i32 %ny0_1, i32 31" [top.cpp:404]   --->   Operation 1058 'bitselect' 'tmp_209' <Predicate = (icmp_ln392)> <Delay = 0.00>
ST_52 : Operation 1059 [1/1] (0.00ns) (grouped into LUT with out node and_ln404)   --->   "%xor_ln404 = xor i1 %tmp_209, i1 1" [top.cpp:404]   --->   Operation 1059 'xor' 'xor_ln404' <Predicate = (icmp_ln392)> <Delay = 0.00> <CoreInst = "LogicGate">   --->   Core 74 'LogicGate' <Latency = 0> <II = 1> <Delay = 0.33> <FuncUnit> <Opcode : 'and' 'or' 'xor'> <InPorts = 2> <OutPorts = 1>
ST_52 : Operation 1060 [1/1] (0.33ns) (out node of the LUT)   --->   "%and_ln404 = and i1 %tmp_208, i1 %xor_ln404" [top.cpp:404]   --->   Operation 1060 'and' 'and_ln404' <Predicate = (icmp_ln392)> <Delay = 0.33> <CoreInst = "LogicGate">   --->   Core 74 'LogicGate' <Latency = 0> <II = 1> <Delay = 0.33> <FuncUnit> <Opcode : 'and' 'or' 'xor'> <InPorts = 2> <OutPorts = 1>
ST_52 : Operation 1061 [1/1] (0.00ns) (grouped into LUT with out node and_ln404_4)   --->   "%tmp_210 = bitselect i1 @_ssdm_op_BitSelect.i1.i63.i32, i63 %mul_ln404, i32 48" [top.cpp:404]   --->   Operation 1061 'bitselect' 'tmp_210' <Predicate = (icmp_ln392)> <Delay = 0.00>
ST_52 : Operation 1062 [1/1] (0.00ns)   --->   "%tmp_69 = partselect i14 @_ssdm_op_PartSelect.i14.i63.i32.i32, i63 %mul_ln404, i32 49, i32 62" [top.cpp:404]   --->   Operation 1062 'partselect' 'tmp_69' <Predicate = (icmp_ln392)> <Delay = 0.00>
ST_52 : Operation 1063 [1/1] (0.98ns)   --->   "%icmp_ln404 = icmp_eq  i14 %tmp_69, i14 16383" [top.cpp:404]   --->   Operation 1063 'icmp' 'icmp_ln404' <Predicate = (icmp_ln392)> <Delay = 0.98> <CoreInst = "Cmp">   --->   Core 9 'Cmp' <Latency = 0> <II = 1> <Delay = 0.98> <FuncUnit> <Opcode : 'seteq' 'setne' 'setle' 'setge' 'setlt' 'setgt'> <InPorts = 2> <OutPorts = 1>
ST_52 : Operation 1064 [1/1] (0.00ns)   --->   "%tmp_77 = partselect i15 @_ssdm_op_PartSelect.i15.i63.i32.i32, i63 %mul_ln404, i32 48, i32 62" [top.cpp:404]   --->   Operation 1064 'partselect' 'tmp_77' <Predicate = (icmp_ln392)> <Delay = 0.00>
ST_52 : Operation 1065 [1/1] (1.00ns)   --->   "%icmp_ln404_1 = icmp_eq  i15 %tmp_77, i15 32767" [top.cpp:404]   --->   Operation 1065 'icmp' 'icmp_ln404_1' <Predicate = (icmp_ln392)> <Delay = 1.00> <CoreInst = "Cmp">   --->   Core 9 'Cmp' <Latency = 0> <II = 1> <Delay = 1.00> <FuncUnit> <Opcode : 'seteq' 'setne' 'setle' 'setge' 'setlt' 'setgt'> <InPorts = 2> <OutPorts = 1>
ST_52 : Operation 1066 [1/1] (1.00ns)   --->   "%icmp_ln404_2 = icmp_eq  i15 %tmp_77, i15 0" [top.cpp:404]   --->   Operation 1066 'icmp' 'icmp_ln404_2' <Predicate = (icmp_ln392)> <Delay = 1.00> <CoreInst = "Cmp">   --->   Core 9 'Cmp' <Latency = 0> <II = 1> <Delay = 1.00> <FuncUnit> <Opcode : 'seteq' 'setne' 'setle' 'setge' 'setlt' 'setgt'> <InPorts = 2> <OutPorts = 1>
ST_52 : Operation 1067 [1/1] (0.00ns) (grouped into LUT with out node and_ln404_3)   --->   "%select_ln404 = select i1 %and_ln404, i1 %icmp_ln404_1, i1 %icmp_ln404_2" [top.cpp:404]   --->   Operation 1067 'select' 'select_ln404' <Predicate = (icmp_ln392)> <Delay = 0.00> <CoreInst = "Sel">   --->   Core 73 'Sel' <Latency = 0> <II = 1> <Delay = 0.26> <FuncUnit> <Opcode : 'select'> <InPorts = 3> <OutPorts = 1>
ST_52 : Operation 1068 [1/1] (0.00ns) (grouped into LUT with out node and_ln404_4)   --->   "%xor_ln404_1 = xor i1 %tmp_210, i1 1" [top.cpp:404]   --->   Operation 1068 'xor' 'xor_ln404_1' <Predicate = (icmp_ln392)> <Delay = 0.00> <CoreInst = "LogicGate">   --->   Core 74 'LogicGate' <Latency = 0> <II = 1> <Delay = 0.33> <FuncUnit> <Opcode : 'and' 'or' 'xor'> <InPorts = 2> <OutPorts = 1>
ST_52 : Operation 1069 [1/1] (0.00ns) (grouped into LUT with out node and_ln404_4)   --->   "%and_ln404_1 = and i1 %icmp_ln404, i1 %xor_ln404_1" [top.cpp:404]   --->   Operation 1069 'and' 'and_ln404_1' <Predicate = (icmp_ln392)> <Delay = 0.00> <CoreInst = "LogicGate">   --->   Core 74 'LogicGate' <Latency = 0> <II = 1> <Delay = 0.33> <FuncUnit> <Opcode : 'and' 'or' 'xor'> <InPorts = 2> <OutPorts = 1>
ST_52 : Operation 1070 [1/1] (0.00ns) (grouped into LUT with out node and_ln404_4)   --->   "%select_ln404_1 = select i1 %and_ln404, i1 %and_ln404_1, i1 %icmp_ln404_1" [top.cpp:404]   --->   Operation 1070 'select' 'select_ln404_1' <Predicate = (icmp_ln392)> <Delay = 0.00> <CoreInst = "Sel">   --->   Core 73 'Sel' <Latency = 0> <II = 1> <Delay = 0.26> <FuncUnit> <Opcode : 'select'> <InPorts = 3> <OutPorts = 1>
ST_52 : Operation 1071 [1/1] (0.00ns) (grouped into LUT with out node or_ln404_1)   --->   "%and_ln404_2 = and i1 %and_ln404, i1 %icmp_ln404_1" [top.cpp:404]   --->   Operation 1071 'and' 'and_ln404_2' <Predicate = (icmp_ln392)> <Delay = 0.00> <CoreInst = "LogicGate">   --->   Core 74 'LogicGate' <Latency = 0> <II = 1> <Delay = 0.33> <FuncUnit> <Opcode : 'and' 'or' 'xor'> <InPorts = 2> <OutPorts = 1>
ST_52 : Operation 1072 [1/1] (0.00ns) (grouped into LUT with out node and_ln404_3)   --->   "%xor_ln404_2 = xor i1 %select_ln404, i1 1" [top.cpp:404]   --->   Operation 1072 'xor' 'xor_ln404_2' <Predicate = (icmp_ln392)> <Delay = 0.00> <CoreInst = "LogicGate">   --->   Core 74 'LogicGate' <Latency = 0> <II = 1> <Delay = 0.33> <FuncUnit> <Opcode : 'and' 'or' 'xor'> <InPorts = 2> <OutPorts = 1>
ST_52 : Operation 1073 [1/1] (0.00ns) (grouped into LUT with out node and_ln404_3)   --->   "%or_ln404 = or i1 %tmp_209, i1 %xor_ln404_2" [top.cpp:404]   --->   Operation 1073 'or' 'or_ln404' <Predicate = (icmp_ln392)> <Delay = 0.00> <CoreInst = "LogicGate">   --->   Core 74 'LogicGate' <Latency = 0> <II = 1> <Delay = 0.33> <FuncUnit> <Opcode : 'and' 'or' 'xor'> <InPorts = 2> <OutPorts = 1>
ST_52 : Operation 1074 [1/1] (0.00ns) (grouped into LUT with out node and_ln404_3)   --->   "%xor_ln404_3 = xor i1 %tmp_204, i1 1" [top.cpp:404]   --->   Operation 1074 'xor' 'xor_ln404_3' <Predicate = (icmp_ln392)> <Delay = 0.00> <CoreInst = "LogicGate">   --->   Core 74 'LogicGate' <Latency = 0> <II = 1> <Delay = 0.33> <FuncUnit> <Opcode : 'and' 'or' 'xor'> <InPorts = 2> <OutPorts = 1>
ST_52 : Operation 1075 [1/1] (0.33ns) (out node of the LUT)   --->   "%and_ln404_3 = and i1 %or_ln404, i1 %xor_ln404_3" [top.cpp:404]   --->   Operation 1075 'and' 'and_ln404_3' <Predicate = (icmp_ln392)> <Delay = 0.33> <CoreInst = "LogicGate">   --->   Core 74 'LogicGate' <Latency = 0> <II = 1> <Delay = 0.33> <FuncUnit> <Opcode : 'and' 'or' 'xor'> <InPorts = 2> <OutPorts = 1>
ST_52 : Operation 1076 [1/1] (0.33ns) (out node of the LUT)   --->   "%and_ln404_4 = and i1 %tmp_209, i1 %select_ln404_1" [top.cpp:404]   --->   Operation 1076 'and' 'and_ln404_4' <Predicate = (icmp_ln392)> <Delay = 0.33> <CoreInst = "LogicGate">   --->   Core 74 'LogicGate' <Latency = 0> <II = 1> <Delay = 0.33> <FuncUnit> <Opcode : 'and' 'or' 'xor'> <InPorts = 2> <OutPorts = 1>
ST_52 : Operation 1077 [1/1] (0.00ns) (grouped into LUT with out node or_ln404_1)   --->   "%or_ln404_2 = or i1 %and_ln404_2, i1 %and_ln404_4" [top.cpp:404]   --->   Operation 1077 'or' 'or_ln404_2' <Predicate = (icmp_ln392)> <Delay = 0.00> <CoreInst = "LogicGate">   --->   Core 74 'LogicGate' <Latency = 0> <II = 1> <Delay = 0.33> <FuncUnit> <Opcode : 'and' 'or' 'xor'> <InPorts = 2> <OutPorts = 1>
ST_52 : Operation 1078 [1/1] (0.00ns) (grouped into LUT with out node or_ln404_1)   --->   "%xor_ln404_4 = xor i1 %or_ln404_2, i1 1" [top.cpp:404]   --->   Operation 1078 'xor' 'xor_ln404_4' <Predicate = (icmp_ln392)> <Delay = 0.00> <CoreInst = "LogicGate">   --->   Core 74 'LogicGate' <Latency = 0> <II = 1> <Delay = 0.33> <FuncUnit> <Opcode : 'and' 'or' 'xor'> <InPorts = 2> <OutPorts = 1>
ST_52 : Operation 1079 [1/1] (0.00ns) (grouped into LUT with out node or_ln404_1)   --->   "%and_ln404_5 = and i1 %tmp_204, i1 %xor_ln404_4" [top.cpp:404]   --->   Operation 1079 'and' 'and_ln404_5' <Predicate = (icmp_ln392)> <Delay = 0.00> <CoreInst = "LogicGate">   --->   Core 74 'LogicGate' <Latency = 0> <II = 1> <Delay = 0.33> <FuncUnit> <Opcode : 'and' 'or' 'xor'> <InPorts = 2> <OutPorts = 1>
ST_52 : Operation 1080 [1/1] (0.00ns) (grouped into LUT with out node ny0_2)   --->   "%select_ln404_2 = select i1 %and_ln404_3, i32 2147483647, i32 2147483648" [top.cpp:404]   --->   Operation 1080 'select' 'select_ln404_2' <Predicate = (icmp_ln392)> <Delay = 0.00> <CoreInst = "Sel">   --->   Core 73 'Sel' <Latency = 0> <II = 1> <Delay = 0.52> <FuncUnit> <Opcode : 'select'> <InPorts = 3> <OutPorts = 1>
ST_52 : Operation 1081 [1/1] (0.33ns) (out node of the LUT)   --->   "%or_ln404_1 = or i1 %and_ln404_3, i1 %and_ln404_5" [top.cpp:404]   --->   Operation 1081 'or' 'or_ln404_1' <Predicate = (icmp_ln392)> <Delay = 0.33> <CoreInst = "LogicGate">   --->   Core 74 'LogicGate' <Latency = 0> <II = 1> <Delay = 0.33> <FuncUnit> <Opcode : 'and' 'or' 'xor'> <InPorts = 2> <OutPorts = 1>
ST_52 : Operation 1082 [1/1] (0.52ns) (out node of the LUT)   --->   "%ny0_2 = select i1 %or_ln404_1, i32 %select_ln404_2, i32 %ny0_1" [top.cpp:404]   --->   Operation 1082 'select' 'ny0_2' <Predicate = (icmp_ln392)> <Delay = 0.52> <CoreInst = "Sel">   --->   Core 73 'Sel' <Latency = 0> <II = 1> <Delay = 0.52> <FuncUnit> <Opcode : 'select'> <InPorts = 3> <OutPorts = 1>
ST_52 : Operation 1083 [1/1] (3.88ns)   --->   "%mul_ln405 = mul i64 %sext_ln385_1, i64 %sext_ln405" [top.cpp:405]   --->   Operation 1083 'mul' 'mul_ln405' <Predicate = (icmp_ln392)> <Delay = 3.88> <CoreInst = "Multiplier">   --->   Core 3 'Multiplier' <Latency = 0> <II = 1> <Delay = 3.88> <FuncUnit> <Opcode : 'mul'> <InPorts = 2> <OutPorts = 1>
ST_52 : Operation 1084 [1/1] (0.00ns)   --->   "%tmp_211 = bitselect i1 @_ssdm_op_BitSelect.i1.i64.i32, i64 %mul_ln405, i32 63" [top.cpp:405]   --->   Operation 1084 'bitselect' 'tmp_211' <Predicate = (icmp_ln392)> <Delay = 0.00>
ST_52 : Operation 1085 [1/1] (0.00ns)   --->   "%ny1 = partselect i32 @_ssdm_op_PartSelect.i32.i64.i32.i32, i64 %mul_ln405, i32 16, i32 47" [top.cpp:405]   --->   Operation 1085 'partselect' 'ny1' <Predicate = (icmp_ln392)> <Delay = 0.00>
ST_52 : Operation 1086 [1/1] (0.00ns)   --->   "%tmp_212 = bitselect i1 @_ssdm_op_BitSelect.i1.i64.i32, i64 %mul_ln405, i32 15" [top.cpp:405]   --->   Operation 1086 'bitselect' 'tmp_212' <Predicate = (icmp_ln392)> <Delay = 0.00>
ST_52 : Operation 1087 [1/1] (0.00ns) (grouped into LUT with out node and_ln405)   --->   "%tmp_213 = bitselect i1 @_ssdm_op_BitSelect.i1.i64.i32, i64 %mul_ln405, i32 47" [top.cpp:405]   --->   Operation 1087 'bitselect' 'tmp_213' <Predicate = (icmp_ln392)> <Delay = 0.00>
ST_52 : Operation 1088 [1/1] (0.00ns)   --->   "%zext_ln405 = zext i1 %tmp_212" [top.cpp:405]   --->   Operation 1088 'zext' 'zext_ln405' <Predicate = (icmp_ln392)> <Delay = 0.00>
ST_52 : Operation 1089 [1/1] (1.20ns)   --->   "%ny1_1 = add i32 %ny1, i32 %zext_ln405" [top.cpp:405]   --->   Operation 1089 'add' 'ny1_1' <Predicate = (icmp_ln392)> <Delay = 1.20> <CoreInst = "Adder">   --->   Core 1 'Adder' <Latency = 0> <II = 1> <Delay = 1.20> <FuncUnit> <Opcode : 'add' 'sub'> <InPorts = 2> <OutPorts = 1>
ST_52 : Operation 1090 [1/1] (0.00ns)   --->   "%tmp_214 = bitselect i1 @_ssdm_op_BitSelect.i1.i32.i32, i32 %ny1_1, i32 31" [top.cpp:405]   --->   Operation 1090 'bitselect' 'tmp_214' <Predicate = (icmp_ln392)> <Delay = 0.00>
ST_52 : Operation 1091 [1/1] (0.00ns) (grouped into LUT with out node and_ln405)   --->   "%xor_ln405 = xor i1 %tmp_214, i1 1" [top.cpp:405]   --->   Operation 1091 'xor' 'xor_ln405' <Predicate = (icmp_ln392)> <Delay = 0.00> <CoreInst = "LogicGate">   --->   Core 74 'LogicGate' <Latency = 0> <II = 1> <Delay = 0.33> <FuncUnit> <Opcode : 'and' 'or' 'xor'> <InPorts = 2> <OutPorts = 1>
ST_52 : Operation 1092 [1/1] (0.33ns) (out node of the LUT)   --->   "%and_ln405 = and i1 %tmp_213, i1 %xor_ln405" [top.cpp:405]   --->   Operation 1092 'and' 'and_ln405' <Predicate = (icmp_ln392)> <Delay = 0.33> <CoreInst = "LogicGate">   --->   Core 74 'LogicGate' <Latency = 0> <II = 1> <Delay = 0.33> <FuncUnit> <Opcode : 'and' 'or' 'xor'> <InPorts = 2> <OutPorts = 1>
ST_52 : Operation 1093 [1/1] (0.00ns) (grouped into LUT with out node and_ln405_4)   --->   "%tmp_215 = bitselect i1 @_ssdm_op_BitSelect.i1.i64.i32, i64 %mul_ln405, i32 48" [top.cpp:405]   --->   Operation 1093 'bitselect' 'tmp_215' <Predicate = (icmp_ln392)> <Delay = 0.00>
ST_52 : Operation 1094 [1/1] (0.00ns)   --->   "%tmp_78 = partselect i15 @_ssdm_op_PartSelect.i15.i64.i32, i64 %mul_ln405, i32 49" [top.cpp:405]   --->   Operation 1094 'partselect' 'tmp_78' <Predicate = (icmp_ln392)> <Delay = 0.00>
ST_52 : Operation 1095 [1/1] (1.00ns)   --->   "%icmp_ln405 = icmp_eq  i15 %tmp_78, i15 32767" [top.cpp:405]   --->   Operation 1095 'icmp' 'icmp_ln405' <Predicate = (icmp_ln392)> <Delay = 1.00> <CoreInst = "Cmp">   --->   Core 9 'Cmp' <Latency = 0> <II = 1> <Delay = 1.00> <FuncUnit> <Opcode : 'seteq' 'setne' 'setle' 'setge' 'setlt' 'setgt'> <InPorts = 2> <OutPorts = 1>
ST_52 : Operation 1096 [1/1] (0.00ns)   --->   "%tmp_86 = partselect i16 @_ssdm_op_PartSelect.i16.i64.i32, i64 %mul_ln405, i32 48" [top.cpp:405]   --->   Operation 1096 'partselect' 'tmp_86' <Predicate = (icmp_ln392)> <Delay = 0.00>
ST_52 : Operation 1097 [1/1] (1.01ns)   --->   "%icmp_ln405_1 = icmp_eq  i16 %tmp_86, i16 65535" [top.cpp:405]   --->   Operation 1097 'icmp' 'icmp_ln405_1' <Predicate = (icmp_ln392)> <Delay = 1.01> <CoreInst = "Cmp">   --->   Core 9 'Cmp' <Latency = 0> <II = 1> <Delay = 1.01> <FuncUnit> <Opcode : 'seteq' 'setne' 'setle' 'setge' 'setlt' 'setgt'> <InPorts = 2> <OutPorts = 1>
ST_52 : Operation 1098 [1/1] (1.01ns)   --->   "%icmp_ln405_2 = icmp_eq  i16 %tmp_86, i16 0" [top.cpp:405]   --->   Operation 1098 'icmp' 'icmp_ln405_2' <Predicate = (icmp_ln392)> <Delay = 1.01> <CoreInst = "Cmp">   --->   Core 9 'Cmp' <Latency = 0> <II = 1> <Delay = 1.01> <FuncUnit> <Opcode : 'seteq' 'setne' 'setle' 'setge' 'setlt' 'setgt'> <InPorts = 2> <OutPorts = 1>
ST_52 : Operation 1099 [1/1] (0.00ns) (grouped into LUT with out node and_ln405_3)   --->   "%select_ln405 = select i1 %and_ln405, i1 %icmp_ln405_1, i1 %icmp_ln405_2" [top.cpp:405]   --->   Operation 1099 'select' 'select_ln405' <Predicate = (icmp_ln392)> <Delay = 0.00> <CoreInst = "Sel">   --->   Core 73 'Sel' <Latency = 0> <II = 1> <Delay = 0.26> <FuncUnit> <Opcode : 'select'> <InPorts = 3> <OutPorts = 1>
ST_52 : Operation 1100 [1/1] (0.00ns) (grouped into LUT with out node and_ln405_4)   --->   "%xor_ln405_1 = xor i1 %tmp_215, i1 1" [top.cpp:405]   --->   Operation 1100 'xor' 'xor_ln405_1' <Predicate = (icmp_ln392)> <Delay = 0.00> <CoreInst = "LogicGate">   --->   Core 74 'LogicGate' <Latency = 0> <II = 1> <Delay = 0.33> <FuncUnit> <Opcode : 'and' 'or' 'xor'> <InPorts = 2> <OutPorts = 1>
ST_52 : Operation 1101 [1/1] (0.00ns) (grouped into LUT with out node and_ln405_4)   --->   "%and_ln405_1 = and i1 %icmp_ln405, i1 %xor_ln405_1" [top.cpp:405]   --->   Operation 1101 'and' 'and_ln405_1' <Predicate = (icmp_ln392)> <Delay = 0.00> <CoreInst = "LogicGate">   --->   Core 74 'LogicGate' <Latency = 0> <II = 1> <Delay = 0.33> <FuncUnit> <Opcode : 'and' 'or' 'xor'> <InPorts = 2> <OutPorts = 1>
ST_52 : Operation 1102 [1/1] (0.00ns) (grouped into LUT with out node and_ln405_4)   --->   "%select_ln405_1 = select i1 %and_ln405, i1 %and_ln405_1, i1 %icmp_ln405_1" [top.cpp:405]   --->   Operation 1102 'select' 'select_ln405_1' <Predicate = (icmp_ln392)> <Delay = 0.00> <CoreInst = "Sel">   --->   Core 73 'Sel' <Latency = 0> <II = 1> <Delay = 0.26> <FuncUnit> <Opcode : 'select'> <InPorts = 3> <OutPorts = 1>
ST_52 : Operation 1103 [1/1] (0.00ns) (grouped into LUT with out node or_ln405_1)   --->   "%and_ln405_2 = and i1 %and_ln405, i1 %icmp_ln405_1" [top.cpp:405]   --->   Operation 1103 'and' 'and_ln405_2' <Predicate = (icmp_ln392)> <Delay = 0.00> <CoreInst = "LogicGate">   --->   Core 74 'LogicGate' <Latency = 0> <II = 1> <Delay = 0.33> <FuncUnit> <Opcode : 'and' 'or' 'xor'> <InPorts = 2> <OutPorts = 1>
ST_52 : Operation 1104 [1/1] (0.00ns) (grouped into LUT with out node and_ln405_3)   --->   "%xor_ln405_2 = xor i1 %select_ln405, i1 1" [top.cpp:405]   --->   Operation 1104 'xor' 'xor_ln405_2' <Predicate = (icmp_ln392)> <Delay = 0.00> <CoreInst = "LogicGate">   --->   Core 74 'LogicGate' <Latency = 0> <II = 1> <Delay = 0.33> <FuncUnit> <Opcode : 'and' 'or' 'xor'> <InPorts = 2> <OutPorts = 1>
ST_52 : Operation 1105 [1/1] (0.00ns) (grouped into LUT with out node and_ln405_3)   --->   "%or_ln405 = or i1 %tmp_214, i1 %xor_ln405_2" [top.cpp:405]   --->   Operation 1105 'or' 'or_ln405' <Predicate = (icmp_ln392)> <Delay = 0.00> <CoreInst = "LogicGate">   --->   Core 74 'LogicGate' <Latency = 0> <II = 1> <Delay = 0.33> <FuncUnit> <Opcode : 'and' 'or' 'xor'> <InPorts = 2> <OutPorts = 1>
ST_52 : Operation 1106 [1/1] (0.00ns) (grouped into LUT with out node and_ln405_3)   --->   "%xor_ln405_3 = xor i1 %tmp_211, i1 1" [top.cpp:405]   --->   Operation 1106 'xor' 'xor_ln405_3' <Predicate = (icmp_ln392)> <Delay = 0.00> <CoreInst = "LogicGate">   --->   Core 74 'LogicGate' <Latency = 0> <II = 1> <Delay = 0.33> <FuncUnit> <Opcode : 'and' 'or' 'xor'> <InPorts = 2> <OutPorts = 1>
ST_52 : Operation 1107 [1/1] (0.33ns) (out node of the LUT)   --->   "%and_ln405_3 = and i1 %or_ln405, i1 %xor_ln405_3" [top.cpp:405]   --->   Operation 1107 'and' 'and_ln405_3' <Predicate = (icmp_ln392)> <Delay = 0.33> <CoreInst = "LogicGate">   --->   Core 74 'LogicGate' <Latency = 0> <II = 1> <Delay = 0.33> <FuncUnit> <Opcode : 'and' 'or' 'xor'> <InPorts = 2> <OutPorts = 1>
ST_52 : Operation 1108 [1/1] (0.33ns) (out node of the LUT)   --->   "%and_ln405_4 = and i1 %tmp_214, i1 %select_ln405_1" [top.cpp:405]   --->   Operation 1108 'and' 'and_ln405_4' <Predicate = (icmp_ln392)> <Delay = 0.33> <CoreInst = "LogicGate">   --->   Core 74 'LogicGate' <Latency = 0> <II = 1> <Delay = 0.33> <FuncUnit> <Opcode : 'and' 'or' 'xor'> <InPorts = 2> <OutPorts = 1>
ST_52 : Operation 1109 [1/1] (0.00ns) (grouped into LUT with out node or_ln405_1)   --->   "%or_ln405_2 = or i1 %and_ln405_2, i1 %and_ln405_4" [top.cpp:405]   --->   Operation 1109 'or' 'or_ln405_2' <Predicate = (icmp_ln392)> <Delay = 0.00> <CoreInst = "LogicGate">   --->   Core 74 'LogicGate' <Latency = 0> <II = 1> <Delay = 0.33> <FuncUnit> <Opcode : 'and' 'or' 'xor'> <InPorts = 2> <OutPorts = 1>
ST_52 : Operation 1110 [1/1] (0.00ns) (grouped into LUT with out node or_ln405_1)   --->   "%xor_ln405_4 = xor i1 %or_ln405_2, i1 1" [top.cpp:405]   --->   Operation 1110 'xor' 'xor_ln405_4' <Predicate = (icmp_ln392)> <Delay = 0.00> <CoreInst = "LogicGate">   --->   Core 74 'LogicGate' <Latency = 0> <II = 1> <Delay = 0.33> <FuncUnit> <Opcode : 'and' 'or' 'xor'> <InPorts = 2> <OutPorts = 1>
ST_52 : Operation 1111 [1/1] (0.00ns) (grouped into LUT with out node or_ln405_1)   --->   "%and_ln405_5 = and i1 %tmp_211, i1 %xor_ln405_4" [top.cpp:405]   --->   Operation 1111 'and' 'and_ln405_5' <Predicate = (icmp_ln392)> <Delay = 0.00> <CoreInst = "LogicGate">   --->   Core 74 'LogicGate' <Latency = 0> <II = 1> <Delay = 0.33> <FuncUnit> <Opcode : 'and' 'or' 'xor'> <InPorts = 2> <OutPorts = 1>
ST_52 : Operation 1112 [1/1] (0.00ns) (grouped into LUT with out node ny1_2)   --->   "%select_ln405_2 = select i1 %and_ln405_3, i32 2147483647, i32 2147483648" [top.cpp:405]   --->   Operation 1112 'select' 'select_ln405_2' <Predicate = (icmp_ln392)> <Delay = 0.00> <CoreInst = "Sel">   --->   Core 73 'Sel' <Latency = 0> <II = 1> <Delay = 0.52> <FuncUnit> <Opcode : 'select'> <InPorts = 3> <OutPorts = 1>
ST_52 : Operation 1113 [1/1] (0.33ns) (out node of the LUT)   --->   "%or_ln405_1 = or i1 %and_ln405_3, i1 %and_ln405_5" [top.cpp:405]   --->   Operation 1113 'or' 'or_ln405_1' <Predicate = (icmp_ln392)> <Delay = 0.33> <CoreInst = "LogicGate">   --->   Core 74 'LogicGate' <Latency = 0> <II = 1> <Delay = 0.33> <FuncUnit> <Opcode : 'and' 'or' 'xor'> <InPorts = 2> <OutPorts = 1>
ST_52 : Operation 1114 [1/1] (0.52ns) (out node of the LUT)   --->   "%ny1_2 = select i1 %or_ln405_1, i32 %select_ln405_2, i32 %ny1_1" [top.cpp:405]   --->   Operation 1114 'select' 'ny1_2' <Predicate = (icmp_ln392)> <Delay = 0.52> <CoreInst = "Sel">   --->   Core 73 'Sel' <Latency = 0> <II = 1> <Delay = 0.52> <FuncUnit> <Opcode : 'select'> <InPorts = 3> <OutPorts = 1>
ST_52 : Operation 1115 [1/1] (3.88ns)   --->   "%mul_ln406 = mul i64 %sext_ln386_1, i64 %sext_ln406" [top.cpp:406]   --->   Operation 1115 'mul' 'mul_ln406' <Predicate = (icmp_ln392)> <Delay = 3.88> <CoreInst = "Multiplier">   --->   Core 3 'Multiplier' <Latency = 0> <II = 1> <Delay = 3.88> <FuncUnit> <Opcode : 'mul'> <InPorts = 2> <OutPorts = 1>
ST_52 : Operation 1116 [1/1] (0.00ns)   --->   "%tmp_218 = bitselect i1 @_ssdm_op_BitSelect.i1.i64.i32, i64 %mul_ln406, i32 63" [top.cpp:406]   --->   Operation 1116 'bitselect' 'tmp_218' <Predicate = (icmp_ln392)> <Delay = 0.00>
ST_52 : Operation 1117 [1/1] (0.00ns)   --->   "%ny2 = partselect i32 @_ssdm_op_PartSelect.i32.i64.i32.i32, i64 %mul_ln406, i32 16, i32 47" [top.cpp:406]   --->   Operation 1117 'partselect' 'ny2' <Predicate = (icmp_ln392)> <Delay = 0.00>
ST_52 : Operation 1118 [1/1] (0.00ns)   --->   "%tmp_219 = bitselect i1 @_ssdm_op_BitSelect.i1.i64.i32, i64 %mul_ln406, i32 15" [top.cpp:406]   --->   Operation 1118 'bitselect' 'tmp_219' <Predicate = (icmp_ln392)> <Delay = 0.00>
ST_52 : Operation 1119 [1/1] (0.00ns) (grouped into LUT with out node and_ln406)   --->   "%tmp_220 = bitselect i1 @_ssdm_op_BitSelect.i1.i64.i32, i64 %mul_ln406, i32 47" [top.cpp:406]   --->   Operation 1119 'bitselect' 'tmp_220' <Predicate = (icmp_ln392)> <Delay = 0.00>
ST_52 : Operation 1120 [1/1] (0.00ns)   --->   "%zext_ln406 = zext i1 %tmp_219" [top.cpp:406]   --->   Operation 1120 'zext' 'zext_ln406' <Predicate = (icmp_ln392)> <Delay = 0.00>
ST_52 : Operation 1121 [1/1] (1.20ns)   --->   "%ny2_1 = add i32 %ny2, i32 %zext_ln406" [top.cpp:406]   --->   Operation 1121 'add' 'ny2_1' <Predicate = (icmp_ln392)> <Delay = 1.20> <CoreInst = "Adder">   --->   Core 1 'Adder' <Latency = 0> <II = 1> <Delay = 1.20> <FuncUnit> <Opcode : 'add' 'sub'> <InPorts = 2> <OutPorts = 1>
ST_52 : Operation 1122 [1/1] (0.00ns)   --->   "%tmp_221 = bitselect i1 @_ssdm_op_BitSelect.i1.i32.i32, i32 %ny2_1, i32 31" [top.cpp:406]   --->   Operation 1122 'bitselect' 'tmp_221' <Predicate = (icmp_ln392)> <Delay = 0.00>
ST_52 : Operation 1123 [1/1] (0.00ns) (grouped into LUT with out node and_ln406)   --->   "%xor_ln406 = xor i1 %tmp_221, i1 1" [top.cpp:406]   --->   Operation 1123 'xor' 'xor_ln406' <Predicate = (icmp_ln392)> <Delay = 0.00> <CoreInst = "LogicGate">   --->   Core 74 'LogicGate' <Latency = 0> <II = 1> <Delay = 0.33> <FuncUnit> <Opcode : 'and' 'or' 'xor'> <InPorts = 2> <OutPorts = 1>
ST_52 : Operation 1124 [1/1] (0.33ns) (out node of the LUT)   --->   "%and_ln406 = and i1 %tmp_220, i1 %xor_ln406" [top.cpp:406]   --->   Operation 1124 'and' 'and_ln406' <Predicate = (icmp_ln392)> <Delay = 0.33> <CoreInst = "LogicGate">   --->   Core 74 'LogicGate' <Latency = 0> <II = 1> <Delay = 0.33> <FuncUnit> <Opcode : 'and' 'or' 'xor'> <InPorts = 2> <OutPorts = 1>
ST_52 : Operation 1125 [1/1] (0.00ns) (grouped into LUT with out node and_ln406_4)   --->   "%tmp_222 = bitselect i1 @_ssdm_op_BitSelect.i1.i64.i32, i64 %mul_ln406, i32 48" [top.cpp:406]   --->   Operation 1125 'bitselect' 'tmp_222' <Predicate = (icmp_ln392)> <Delay = 0.00>
ST_52 : Operation 1126 [1/1] (0.00ns)   --->   "%tmp_87 = partselect i15 @_ssdm_op_PartSelect.i15.i64.i32, i64 %mul_ln406, i32 49" [top.cpp:406]   --->   Operation 1126 'partselect' 'tmp_87' <Predicate = (icmp_ln392)> <Delay = 0.00>
ST_52 : Operation 1127 [1/1] (1.00ns)   --->   "%icmp_ln406 = icmp_eq  i15 %tmp_87, i15 32767" [top.cpp:406]   --->   Operation 1127 'icmp' 'icmp_ln406' <Predicate = (icmp_ln392)> <Delay = 1.00> <CoreInst = "Cmp">   --->   Core 9 'Cmp' <Latency = 0> <II = 1> <Delay = 1.00> <FuncUnit> <Opcode : 'seteq' 'setne' 'setle' 'setge' 'setlt' 'setgt'> <InPorts = 2> <OutPorts = 1>
ST_52 : Operation 1128 [1/1] (0.00ns)   --->   "%tmp_93 = partselect i16 @_ssdm_op_PartSelect.i16.i64.i32, i64 %mul_ln406, i32 48" [top.cpp:406]   --->   Operation 1128 'partselect' 'tmp_93' <Predicate = (icmp_ln392)> <Delay = 0.00>
ST_52 : Operation 1129 [1/1] (1.01ns)   --->   "%icmp_ln406_1 = icmp_eq  i16 %tmp_93, i16 65535" [top.cpp:406]   --->   Operation 1129 'icmp' 'icmp_ln406_1' <Predicate = (icmp_ln392)> <Delay = 1.01> <CoreInst = "Cmp">   --->   Core 9 'Cmp' <Latency = 0> <II = 1> <Delay = 1.01> <FuncUnit> <Opcode : 'seteq' 'setne' 'setle' 'setge' 'setlt' 'setgt'> <InPorts = 2> <OutPorts = 1>
ST_52 : Operation 1130 [1/1] (1.01ns)   --->   "%icmp_ln406_2 = icmp_eq  i16 %tmp_93, i16 0" [top.cpp:406]   --->   Operation 1130 'icmp' 'icmp_ln406_2' <Predicate = (icmp_ln392)> <Delay = 1.01> <CoreInst = "Cmp">   --->   Core 9 'Cmp' <Latency = 0> <II = 1> <Delay = 1.01> <FuncUnit> <Opcode : 'seteq' 'setne' 'setle' 'setge' 'setlt' 'setgt'> <InPorts = 2> <OutPorts = 1>
ST_52 : Operation 1131 [1/1] (0.00ns) (grouped into LUT with out node and_ln406_3)   --->   "%select_ln406 = select i1 %and_ln406, i1 %icmp_ln406_1, i1 %icmp_ln406_2" [top.cpp:406]   --->   Operation 1131 'select' 'select_ln406' <Predicate = (icmp_ln392)> <Delay = 0.00> <CoreInst = "Sel">   --->   Core 73 'Sel' <Latency = 0> <II = 1> <Delay = 0.26> <FuncUnit> <Opcode : 'select'> <InPorts = 3> <OutPorts = 1>
ST_52 : Operation 1132 [1/1] (0.00ns) (grouped into LUT with out node and_ln406_4)   --->   "%xor_ln406_1 = xor i1 %tmp_222, i1 1" [top.cpp:406]   --->   Operation 1132 'xor' 'xor_ln406_1' <Predicate = (icmp_ln392)> <Delay = 0.00> <CoreInst = "LogicGate">   --->   Core 74 'LogicGate' <Latency = 0> <II = 1> <Delay = 0.33> <FuncUnit> <Opcode : 'and' 'or' 'xor'> <InPorts = 2> <OutPorts = 1>
ST_52 : Operation 1133 [1/1] (0.00ns) (grouped into LUT with out node and_ln406_4)   --->   "%and_ln406_1 = and i1 %icmp_ln406, i1 %xor_ln406_1" [top.cpp:406]   --->   Operation 1133 'and' 'and_ln406_1' <Predicate = (icmp_ln392)> <Delay = 0.00> <CoreInst = "LogicGate">   --->   Core 74 'LogicGate' <Latency = 0> <II = 1> <Delay = 0.33> <FuncUnit> <Opcode : 'and' 'or' 'xor'> <InPorts = 2> <OutPorts = 1>
ST_52 : Operation 1134 [1/1] (0.00ns) (grouped into LUT with out node and_ln406_4)   --->   "%select_ln406_1 = select i1 %and_ln406, i1 %and_ln406_1, i1 %icmp_ln406_1" [top.cpp:406]   --->   Operation 1134 'select' 'select_ln406_1' <Predicate = (icmp_ln392)> <Delay = 0.00> <CoreInst = "Sel">   --->   Core 73 'Sel' <Latency = 0> <II = 1> <Delay = 0.26> <FuncUnit> <Opcode : 'select'> <InPorts = 3> <OutPorts = 1>
ST_52 : Operation 1135 [1/1] (0.00ns) (grouped into LUT with out node or_ln406_1)   --->   "%and_ln406_2 = and i1 %and_ln406, i1 %icmp_ln406_1" [top.cpp:406]   --->   Operation 1135 'and' 'and_ln406_2' <Predicate = (icmp_ln392)> <Delay = 0.00> <CoreInst = "LogicGate">   --->   Core 74 'LogicGate' <Latency = 0> <II = 1> <Delay = 0.33> <FuncUnit> <Opcode : 'and' 'or' 'xor'> <InPorts = 2> <OutPorts = 1>
ST_52 : Operation 1136 [1/1] (0.00ns) (grouped into LUT with out node and_ln406_3)   --->   "%xor_ln406_2 = xor i1 %select_ln406, i1 1" [top.cpp:406]   --->   Operation 1136 'xor' 'xor_ln406_2' <Predicate = (icmp_ln392)> <Delay = 0.00> <CoreInst = "LogicGate">   --->   Core 74 'LogicGate' <Latency = 0> <II = 1> <Delay = 0.33> <FuncUnit> <Opcode : 'and' 'or' 'xor'> <InPorts = 2> <OutPorts = 1>
ST_52 : Operation 1137 [1/1] (0.00ns) (grouped into LUT with out node and_ln406_3)   --->   "%or_ln406 = or i1 %tmp_221, i1 %xor_ln406_2" [top.cpp:406]   --->   Operation 1137 'or' 'or_ln406' <Predicate = (icmp_ln392)> <Delay = 0.00> <CoreInst = "LogicGate">   --->   Core 74 'LogicGate' <Latency = 0> <II = 1> <Delay = 0.33> <FuncUnit> <Opcode : 'and' 'or' 'xor'> <InPorts = 2> <OutPorts = 1>
ST_52 : Operation 1138 [1/1] (0.00ns) (grouped into LUT with out node and_ln406_3)   --->   "%xor_ln406_3 = xor i1 %tmp_218, i1 1" [top.cpp:406]   --->   Operation 1138 'xor' 'xor_ln406_3' <Predicate = (icmp_ln392)> <Delay = 0.00> <CoreInst = "LogicGate">   --->   Core 74 'LogicGate' <Latency = 0> <II = 1> <Delay = 0.33> <FuncUnit> <Opcode : 'and' 'or' 'xor'> <InPorts = 2> <OutPorts = 1>
ST_52 : Operation 1139 [1/1] (0.33ns) (out node of the LUT)   --->   "%and_ln406_3 = and i1 %or_ln406, i1 %xor_ln406_3" [top.cpp:406]   --->   Operation 1139 'and' 'and_ln406_3' <Predicate = (icmp_ln392)> <Delay = 0.33> <CoreInst = "LogicGate">   --->   Core 74 'LogicGate' <Latency = 0> <II = 1> <Delay = 0.33> <FuncUnit> <Opcode : 'and' 'or' 'xor'> <InPorts = 2> <OutPorts = 1>
ST_52 : Operation 1140 [1/1] (0.33ns) (out node of the LUT)   --->   "%and_ln406_4 = and i1 %tmp_221, i1 %select_ln406_1" [top.cpp:406]   --->   Operation 1140 'and' 'and_ln406_4' <Predicate = (icmp_ln392)> <Delay = 0.33> <CoreInst = "LogicGate">   --->   Core 74 'LogicGate' <Latency = 0> <II = 1> <Delay = 0.33> <FuncUnit> <Opcode : 'and' 'or' 'xor'> <InPorts = 2> <OutPorts = 1>
ST_52 : Operation 1141 [1/1] (0.00ns) (grouped into LUT with out node or_ln406_1)   --->   "%or_ln406_2 = or i1 %and_ln406_2, i1 %and_ln406_4" [top.cpp:406]   --->   Operation 1141 'or' 'or_ln406_2' <Predicate = (icmp_ln392)> <Delay = 0.00> <CoreInst = "LogicGate">   --->   Core 74 'LogicGate' <Latency = 0> <II = 1> <Delay = 0.33> <FuncUnit> <Opcode : 'and' 'or' 'xor'> <InPorts = 2> <OutPorts = 1>
ST_52 : Operation 1142 [1/1] (0.00ns) (grouped into LUT with out node or_ln406_1)   --->   "%xor_ln406_4 = xor i1 %or_ln406_2, i1 1" [top.cpp:406]   --->   Operation 1142 'xor' 'xor_ln406_4' <Predicate = (icmp_ln392)> <Delay = 0.00> <CoreInst = "LogicGate">   --->   Core 74 'LogicGate' <Latency = 0> <II = 1> <Delay = 0.33> <FuncUnit> <Opcode : 'and' 'or' 'xor'> <InPorts = 2> <OutPorts = 1>
ST_52 : Operation 1143 [1/1] (0.00ns) (grouped into LUT with out node or_ln406_1)   --->   "%and_ln406_5 = and i1 %tmp_218, i1 %xor_ln406_4" [top.cpp:406]   --->   Operation 1143 'and' 'and_ln406_5' <Predicate = (icmp_ln392)> <Delay = 0.00> <CoreInst = "LogicGate">   --->   Core 74 'LogicGate' <Latency = 0> <II = 1> <Delay = 0.33> <FuncUnit> <Opcode : 'and' 'or' 'xor'> <InPorts = 2> <OutPorts = 1>
ST_52 : Operation 1144 [1/1] (0.00ns) (grouped into LUT with out node ny2_2)   --->   "%select_ln406_2 = select i1 %and_ln406_3, i32 2147483647, i32 2147483648" [top.cpp:406]   --->   Operation 1144 'select' 'select_ln406_2' <Predicate = (icmp_ln392)> <Delay = 0.00> <CoreInst = "Sel">   --->   Core 73 'Sel' <Latency = 0> <II = 1> <Delay = 0.52> <FuncUnit> <Opcode : 'select'> <InPorts = 3> <OutPorts = 1>
ST_52 : Operation 1145 [1/1] (0.33ns) (out node of the LUT)   --->   "%or_ln406_1 = or i1 %and_ln406_3, i1 %and_ln406_5" [top.cpp:406]   --->   Operation 1145 'or' 'or_ln406_1' <Predicate = (icmp_ln392)> <Delay = 0.33> <CoreInst = "LogicGate">   --->   Core 74 'LogicGate' <Latency = 0> <II = 1> <Delay = 0.33> <FuncUnit> <Opcode : 'and' 'or' 'xor'> <InPorts = 2> <OutPorts = 1>
ST_52 : Operation 1146 [1/1] (0.52ns) (out node of the LUT)   --->   "%ny2_2 = select i1 %or_ln406_1, i32 %select_ln406_2, i32 %ny2_1" [top.cpp:406]   --->   Operation 1146 'select' 'ny2_2' <Predicate = (icmp_ln392)> <Delay = 0.52> <CoreInst = "Sel">   --->   Core 73 'Sel' <Latency = 0> <II = 1> <Delay = 0.52> <FuncUnit> <Opcode : 'select'> <InPorts = 3> <OutPorts = 1>
ST_52 : Operation 1147 [1/1] (3.88ns)   --->   "%mul_ln412 = mul i63 %zext_ln384_1, i63 %sext_ln413_1" [top.cpp:412]   --->   Operation 1147 'mul' 'mul_ln412' <Predicate = (icmp_ln392)> <Delay = 3.88> <CoreInst = "Multiplier">   --->   Core 3 'Multiplier' <Latency = 0> <II = 1> <Delay = 3.88> <FuncUnit> <Opcode : 'mul'> <InPorts = 2> <OutPorts = 1>
ST_52 : Operation 1148 [1/1] (0.00ns)   --->   "%tmp_229 = bitselect i1 @_ssdm_op_BitSelect.i1.i63.i32, i63 %mul_ln412, i32 62" [top.cpp:412]   --->   Operation 1148 'bitselect' 'tmp_229' <Predicate = (icmp_ln392)> <Delay = 0.00>
ST_52 : Operation 1149 [1/1] (0.00ns)   --->   "%nz0 = partselect i32 @_ssdm_op_PartSelect.i32.i63.i32.i32, i63 %mul_ln412, i32 16, i32 47" [top.cpp:412]   --->   Operation 1149 'partselect' 'nz0' <Predicate = (icmp_ln392)> <Delay = 0.00>
ST_52 : Operation 1150 [1/1] (0.00ns)   --->   "%tmp_232 = bitselect i1 @_ssdm_op_BitSelect.i1.i63.i32, i63 %mul_ln412, i32 15" [top.cpp:412]   --->   Operation 1150 'bitselect' 'tmp_232' <Predicate = (icmp_ln392)> <Delay = 0.00>
ST_52 : Operation 1151 [1/1] (0.00ns) (grouped into LUT with out node and_ln412)   --->   "%tmp_233 = bitselect i1 @_ssdm_op_BitSelect.i1.i63.i32, i63 %mul_ln412, i32 47" [top.cpp:412]   --->   Operation 1151 'bitselect' 'tmp_233' <Predicate = (icmp_ln392)> <Delay = 0.00>
ST_52 : Operation 1152 [1/1] (0.00ns)   --->   "%zext_ln412 = zext i1 %tmp_232" [top.cpp:412]   --->   Operation 1152 'zext' 'zext_ln412' <Predicate = (icmp_ln392)> <Delay = 0.00>
ST_52 : Operation 1153 [1/1] (1.20ns)   --->   "%nz0_1 = add i32 %nz0, i32 %zext_ln412" [top.cpp:412]   --->   Operation 1153 'add' 'nz0_1' <Predicate = (icmp_ln392)> <Delay = 1.20> <CoreInst = "Adder">   --->   Core 1 'Adder' <Latency = 0> <II = 1> <Delay = 1.20> <FuncUnit> <Opcode : 'add' 'sub'> <InPorts = 2> <OutPorts = 1>
ST_52 : Operation 1154 [1/1] (0.00ns)   --->   "%tmp_234 = bitselect i1 @_ssdm_op_BitSelect.i1.i32.i32, i32 %nz0_1, i32 31" [top.cpp:412]   --->   Operation 1154 'bitselect' 'tmp_234' <Predicate = (icmp_ln392)> <Delay = 0.00>
ST_52 : Operation 1155 [1/1] (0.00ns) (grouped into LUT with out node and_ln412)   --->   "%xor_ln412 = xor i1 %tmp_234, i1 1" [top.cpp:412]   --->   Operation 1155 'xor' 'xor_ln412' <Predicate = (icmp_ln392)> <Delay = 0.00> <CoreInst = "LogicGate">   --->   Core 74 'LogicGate' <Latency = 0> <II = 1> <Delay = 0.33> <FuncUnit> <Opcode : 'and' 'or' 'xor'> <InPorts = 2> <OutPorts = 1>
ST_52 : Operation 1156 [1/1] (0.33ns) (out node of the LUT)   --->   "%and_ln412 = and i1 %tmp_233, i1 %xor_ln412" [top.cpp:412]   --->   Operation 1156 'and' 'and_ln412' <Predicate = (icmp_ln392)> <Delay = 0.33> <CoreInst = "LogicGate">   --->   Core 74 'LogicGate' <Latency = 0> <II = 1> <Delay = 0.33> <FuncUnit> <Opcode : 'and' 'or' 'xor'> <InPorts = 2> <OutPorts = 1>
ST_52 : Operation 1157 [1/1] (0.00ns) (grouped into LUT with out node and_ln412_4)   --->   "%tmp_235 = bitselect i1 @_ssdm_op_BitSelect.i1.i63.i32, i63 %mul_ln412, i32 48" [top.cpp:412]   --->   Operation 1157 'bitselect' 'tmp_235' <Predicate = (icmp_ln392)> <Delay = 0.00>
ST_52 : Operation 1158 [1/1] (0.00ns)   --->   "%tmp_94 = partselect i14 @_ssdm_op_PartSelect.i14.i63.i32.i32, i63 %mul_ln412, i32 49, i32 62" [top.cpp:412]   --->   Operation 1158 'partselect' 'tmp_94' <Predicate = (icmp_ln392)> <Delay = 0.00>
ST_52 : Operation 1159 [1/1] (0.98ns)   --->   "%icmp_ln412 = icmp_eq  i14 %tmp_94, i14 16383" [top.cpp:412]   --->   Operation 1159 'icmp' 'icmp_ln412' <Predicate = (icmp_ln392)> <Delay = 0.98> <CoreInst = "Cmp">   --->   Core 9 'Cmp' <Latency = 0> <II = 1> <Delay = 0.98> <FuncUnit> <Opcode : 'seteq' 'setne' 'setle' 'setge' 'setlt' 'setgt'> <InPorts = 2> <OutPorts = 1>
ST_52 : Operation 1160 [1/1] (0.00ns)   --->   "%tmp_102 = partselect i15 @_ssdm_op_PartSelect.i15.i63.i32.i32, i63 %mul_ln412, i32 48, i32 62" [top.cpp:412]   --->   Operation 1160 'partselect' 'tmp_102' <Predicate = (icmp_ln392)> <Delay = 0.00>
ST_52 : Operation 1161 [1/1] (1.00ns)   --->   "%icmp_ln412_1 = icmp_eq  i15 %tmp_102, i15 32767" [top.cpp:412]   --->   Operation 1161 'icmp' 'icmp_ln412_1' <Predicate = (icmp_ln392)> <Delay = 1.00> <CoreInst = "Cmp">   --->   Core 9 'Cmp' <Latency = 0> <II = 1> <Delay = 1.00> <FuncUnit> <Opcode : 'seteq' 'setne' 'setle' 'setge' 'setlt' 'setgt'> <InPorts = 2> <OutPorts = 1>
ST_52 : Operation 1162 [1/1] (1.00ns)   --->   "%icmp_ln412_2 = icmp_eq  i15 %tmp_102, i15 0" [top.cpp:412]   --->   Operation 1162 'icmp' 'icmp_ln412_2' <Predicate = (icmp_ln392)> <Delay = 1.00> <CoreInst = "Cmp">   --->   Core 9 'Cmp' <Latency = 0> <II = 1> <Delay = 1.00> <FuncUnit> <Opcode : 'seteq' 'setne' 'setle' 'setge' 'setlt' 'setgt'> <InPorts = 2> <OutPorts = 1>
ST_52 : Operation 1163 [1/1] (0.00ns) (grouped into LUT with out node and_ln412_3)   --->   "%select_ln412 = select i1 %and_ln412, i1 %icmp_ln412_1, i1 %icmp_ln412_2" [top.cpp:412]   --->   Operation 1163 'select' 'select_ln412' <Predicate = (icmp_ln392)> <Delay = 0.00> <CoreInst = "Sel">   --->   Core 73 'Sel' <Latency = 0> <II = 1> <Delay = 0.26> <FuncUnit> <Opcode : 'select'> <InPorts = 3> <OutPorts = 1>
ST_52 : Operation 1164 [1/1] (0.00ns) (grouped into LUT with out node and_ln412_4)   --->   "%xor_ln412_1 = xor i1 %tmp_235, i1 1" [top.cpp:412]   --->   Operation 1164 'xor' 'xor_ln412_1' <Predicate = (icmp_ln392)> <Delay = 0.00> <CoreInst = "LogicGate">   --->   Core 74 'LogicGate' <Latency = 0> <II = 1> <Delay = 0.33> <FuncUnit> <Opcode : 'and' 'or' 'xor'> <InPorts = 2> <OutPorts = 1>
ST_52 : Operation 1165 [1/1] (0.00ns) (grouped into LUT with out node and_ln412_4)   --->   "%and_ln412_1 = and i1 %icmp_ln412, i1 %xor_ln412_1" [top.cpp:412]   --->   Operation 1165 'and' 'and_ln412_1' <Predicate = (icmp_ln392)> <Delay = 0.00> <CoreInst = "LogicGate">   --->   Core 74 'LogicGate' <Latency = 0> <II = 1> <Delay = 0.33> <FuncUnit> <Opcode : 'and' 'or' 'xor'> <InPorts = 2> <OutPorts = 1>
ST_52 : Operation 1166 [1/1] (0.00ns) (grouped into LUT with out node and_ln412_4)   --->   "%select_ln412_1 = select i1 %and_ln412, i1 %and_ln412_1, i1 %icmp_ln412_1" [top.cpp:412]   --->   Operation 1166 'select' 'select_ln412_1' <Predicate = (icmp_ln392)> <Delay = 0.00> <CoreInst = "Sel">   --->   Core 73 'Sel' <Latency = 0> <II = 1> <Delay = 0.26> <FuncUnit> <Opcode : 'select'> <InPorts = 3> <OutPorts = 1>
ST_52 : Operation 1167 [1/1] (0.00ns) (grouped into LUT with out node or_ln412_1)   --->   "%and_ln412_2 = and i1 %and_ln412, i1 %icmp_ln412_1" [top.cpp:412]   --->   Operation 1167 'and' 'and_ln412_2' <Predicate = (icmp_ln392)> <Delay = 0.00> <CoreInst = "LogicGate">   --->   Core 74 'LogicGate' <Latency = 0> <II = 1> <Delay = 0.33> <FuncUnit> <Opcode : 'and' 'or' 'xor'> <InPorts = 2> <OutPorts = 1>
ST_52 : Operation 1168 [1/1] (0.00ns) (grouped into LUT with out node and_ln412_3)   --->   "%xor_ln412_2 = xor i1 %select_ln412, i1 1" [top.cpp:412]   --->   Operation 1168 'xor' 'xor_ln412_2' <Predicate = (icmp_ln392)> <Delay = 0.00> <CoreInst = "LogicGate">   --->   Core 74 'LogicGate' <Latency = 0> <II = 1> <Delay = 0.33> <FuncUnit> <Opcode : 'and' 'or' 'xor'> <InPorts = 2> <OutPorts = 1>
ST_52 : Operation 1169 [1/1] (0.00ns) (grouped into LUT with out node and_ln412_3)   --->   "%or_ln412 = or i1 %tmp_234, i1 %xor_ln412_2" [top.cpp:412]   --->   Operation 1169 'or' 'or_ln412' <Predicate = (icmp_ln392)> <Delay = 0.00> <CoreInst = "LogicGate">   --->   Core 74 'LogicGate' <Latency = 0> <II = 1> <Delay = 0.33> <FuncUnit> <Opcode : 'and' 'or' 'xor'> <InPorts = 2> <OutPorts = 1>
ST_52 : Operation 1170 [1/1] (0.00ns) (grouped into LUT with out node and_ln412_3)   --->   "%xor_ln412_3 = xor i1 %tmp_229, i1 1" [top.cpp:412]   --->   Operation 1170 'xor' 'xor_ln412_3' <Predicate = (icmp_ln392)> <Delay = 0.00> <CoreInst = "LogicGate">   --->   Core 74 'LogicGate' <Latency = 0> <II = 1> <Delay = 0.33> <FuncUnit> <Opcode : 'and' 'or' 'xor'> <InPorts = 2> <OutPorts = 1>
ST_52 : Operation 1171 [1/1] (0.33ns) (out node of the LUT)   --->   "%and_ln412_3 = and i1 %or_ln412, i1 %xor_ln412_3" [top.cpp:412]   --->   Operation 1171 'and' 'and_ln412_3' <Predicate = (icmp_ln392)> <Delay = 0.33> <CoreInst = "LogicGate">   --->   Core 74 'LogicGate' <Latency = 0> <II = 1> <Delay = 0.33> <FuncUnit> <Opcode : 'and' 'or' 'xor'> <InPorts = 2> <OutPorts = 1>
ST_52 : Operation 1172 [1/1] (0.33ns) (out node of the LUT)   --->   "%and_ln412_4 = and i1 %tmp_234, i1 %select_ln412_1" [top.cpp:412]   --->   Operation 1172 'and' 'and_ln412_4' <Predicate = (icmp_ln392)> <Delay = 0.33> <CoreInst = "LogicGate">   --->   Core 74 'LogicGate' <Latency = 0> <II = 1> <Delay = 0.33> <FuncUnit> <Opcode : 'and' 'or' 'xor'> <InPorts = 2> <OutPorts = 1>
ST_52 : Operation 1173 [1/1] (0.00ns) (grouped into LUT with out node or_ln412_1)   --->   "%or_ln412_2 = or i1 %and_ln412_2, i1 %and_ln412_4" [top.cpp:412]   --->   Operation 1173 'or' 'or_ln412_2' <Predicate = (icmp_ln392)> <Delay = 0.00> <CoreInst = "LogicGate">   --->   Core 74 'LogicGate' <Latency = 0> <II = 1> <Delay = 0.33> <FuncUnit> <Opcode : 'and' 'or' 'xor'> <InPorts = 2> <OutPorts = 1>
ST_52 : Operation 1174 [1/1] (0.00ns) (grouped into LUT with out node or_ln412_1)   --->   "%xor_ln412_4 = xor i1 %or_ln412_2, i1 1" [top.cpp:412]   --->   Operation 1174 'xor' 'xor_ln412_4' <Predicate = (icmp_ln392)> <Delay = 0.00> <CoreInst = "LogicGate">   --->   Core 74 'LogicGate' <Latency = 0> <II = 1> <Delay = 0.33> <FuncUnit> <Opcode : 'and' 'or' 'xor'> <InPorts = 2> <OutPorts = 1>
ST_52 : Operation 1175 [1/1] (0.00ns) (grouped into LUT with out node or_ln412_1)   --->   "%and_ln412_5 = and i1 %tmp_229, i1 %xor_ln412_4" [top.cpp:412]   --->   Operation 1175 'and' 'and_ln412_5' <Predicate = (icmp_ln392)> <Delay = 0.00> <CoreInst = "LogicGate">   --->   Core 74 'LogicGate' <Latency = 0> <II = 1> <Delay = 0.33> <FuncUnit> <Opcode : 'and' 'or' 'xor'> <InPorts = 2> <OutPorts = 1>
ST_52 : Operation 1176 [1/1] (0.00ns) (grouped into LUT with out node nz0_2)   --->   "%select_ln412_2 = select i1 %and_ln412_3, i32 2147483647, i32 2147483648" [top.cpp:412]   --->   Operation 1176 'select' 'select_ln412_2' <Predicate = (icmp_ln392)> <Delay = 0.00> <CoreInst = "Sel">   --->   Core 73 'Sel' <Latency = 0> <II = 1> <Delay = 0.52> <FuncUnit> <Opcode : 'select'> <InPorts = 3> <OutPorts = 1>
ST_52 : Operation 1177 [1/1] (0.33ns) (out node of the LUT)   --->   "%or_ln412_1 = or i1 %and_ln412_3, i1 %and_ln412_5" [top.cpp:412]   --->   Operation 1177 'or' 'or_ln412_1' <Predicate = (icmp_ln392)> <Delay = 0.33> <CoreInst = "LogicGate">   --->   Core 74 'LogicGate' <Latency = 0> <II = 1> <Delay = 0.33> <FuncUnit> <Opcode : 'and' 'or' 'xor'> <InPorts = 2> <OutPorts = 1>
ST_52 : Operation 1178 [1/1] (0.52ns) (out node of the LUT)   --->   "%nz0_2 = select i1 %or_ln412_1, i32 %select_ln412_2, i32 %nz0_1" [top.cpp:412]   --->   Operation 1178 'select' 'nz0_2' <Predicate = (icmp_ln392)> <Delay = 0.52> <CoreInst = "Sel">   --->   Core 73 'Sel' <Latency = 0> <II = 1> <Delay = 0.52> <FuncUnit> <Opcode : 'select'> <InPorts = 3> <OutPorts = 1>
ST_52 : Operation 1179 [1/1] (3.88ns)   --->   "%mul_ln413 = mul i64 %sext_ln385_1, i64 %sext_ln413" [top.cpp:413]   --->   Operation 1179 'mul' 'mul_ln413' <Predicate = (icmp_ln392)> <Delay = 3.88> <CoreInst = "Multiplier">   --->   Core 3 'Multiplier' <Latency = 0> <II = 1> <Delay = 3.88> <FuncUnit> <Opcode : 'mul'> <InPorts = 2> <OutPorts = 1>
ST_52 : Operation 1180 [1/1] (0.00ns)   --->   "%tmp_236 = bitselect i1 @_ssdm_op_BitSelect.i1.i64.i32, i64 %mul_ln413, i32 63" [top.cpp:413]   --->   Operation 1180 'bitselect' 'tmp_236' <Predicate = (icmp_ln392)> <Delay = 0.00>
ST_52 : Operation 1181 [1/1] (0.00ns)   --->   "%nz1 = partselect i32 @_ssdm_op_PartSelect.i32.i64.i32.i32, i64 %mul_ln413, i32 16, i32 47" [top.cpp:413]   --->   Operation 1181 'partselect' 'nz1' <Predicate = (icmp_ln392)> <Delay = 0.00>
ST_52 : Operation 1182 [1/1] (0.00ns)   --->   "%tmp_237 = bitselect i1 @_ssdm_op_BitSelect.i1.i64.i32, i64 %mul_ln413, i32 15" [top.cpp:413]   --->   Operation 1182 'bitselect' 'tmp_237' <Predicate = (icmp_ln392)> <Delay = 0.00>
ST_52 : Operation 1183 [1/1] (0.00ns) (grouped into LUT with out node and_ln413)   --->   "%tmp_238 = bitselect i1 @_ssdm_op_BitSelect.i1.i64.i32, i64 %mul_ln413, i32 47" [top.cpp:413]   --->   Operation 1183 'bitselect' 'tmp_238' <Predicate = (icmp_ln392)> <Delay = 0.00>
ST_52 : Operation 1184 [1/1] (0.00ns)   --->   "%zext_ln413 = zext i1 %tmp_237" [top.cpp:413]   --->   Operation 1184 'zext' 'zext_ln413' <Predicate = (icmp_ln392)> <Delay = 0.00>
ST_52 : Operation 1185 [1/1] (1.20ns)   --->   "%nz1_1 = add i32 %nz1, i32 %zext_ln413" [top.cpp:413]   --->   Operation 1185 'add' 'nz1_1' <Predicate = (icmp_ln392)> <Delay = 1.20> <CoreInst = "Adder">   --->   Core 1 'Adder' <Latency = 0> <II = 1> <Delay = 1.20> <FuncUnit> <Opcode : 'add' 'sub'> <InPorts = 2> <OutPorts = 1>
ST_52 : Operation 1186 [1/1] (0.00ns)   --->   "%tmp_239 = bitselect i1 @_ssdm_op_BitSelect.i1.i32.i32, i32 %nz1_1, i32 31" [top.cpp:413]   --->   Operation 1186 'bitselect' 'tmp_239' <Predicate = (icmp_ln392)> <Delay = 0.00>
ST_52 : Operation 1187 [1/1] (0.00ns) (grouped into LUT with out node and_ln413)   --->   "%xor_ln413 = xor i1 %tmp_239, i1 1" [top.cpp:413]   --->   Operation 1187 'xor' 'xor_ln413' <Predicate = (icmp_ln392)> <Delay = 0.00> <CoreInst = "LogicGate">   --->   Core 74 'LogicGate' <Latency = 0> <II = 1> <Delay = 0.33> <FuncUnit> <Opcode : 'and' 'or' 'xor'> <InPorts = 2> <OutPorts = 1>
ST_52 : Operation 1188 [1/1] (0.33ns) (out node of the LUT)   --->   "%and_ln413 = and i1 %tmp_238, i1 %xor_ln413" [top.cpp:413]   --->   Operation 1188 'and' 'and_ln413' <Predicate = (icmp_ln392)> <Delay = 0.33> <CoreInst = "LogicGate">   --->   Core 74 'LogicGate' <Latency = 0> <II = 1> <Delay = 0.33> <FuncUnit> <Opcode : 'and' 'or' 'xor'> <InPorts = 2> <OutPorts = 1>
ST_52 : Operation 1189 [1/1] (0.00ns) (grouped into LUT with out node and_ln413_4)   --->   "%tmp_240 = bitselect i1 @_ssdm_op_BitSelect.i1.i64.i32, i64 %mul_ln413, i32 48" [top.cpp:413]   --->   Operation 1189 'bitselect' 'tmp_240' <Predicate = (icmp_ln392)> <Delay = 0.00>
ST_52 : Operation 1190 [1/1] (0.00ns)   --->   "%tmp_103 = partselect i15 @_ssdm_op_PartSelect.i15.i64.i32, i64 %mul_ln413, i32 49" [top.cpp:413]   --->   Operation 1190 'partselect' 'tmp_103' <Predicate = (icmp_ln392)> <Delay = 0.00>
ST_52 : Operation 1191 [1/1] (1.00ns)   --->   "%icmp_ln413 = icmp_eq  i15 %tmp_103, i15 32767" [top.cpp:413]   --->   Operation 1191 'icmp' 'icmp_ln413' <Predicate = (icmp_ln392)> <Delay = 1.00> <CoreInst = "Cmp">   --->   Core 9 'Cmp' <Latency = 0> <II = 1> <Delay = 1.00> <FuncUnit> <Opcode : 'seteq' 'setne' 'setle' 'setge' 'setlt' 'setgt'> <InPorts = 2> <OutPorts = 1>
ST_52 : Operation 1192 [1/1] (0.00ns)   --->   "%tmp_111 = partselect i16 @_ssdm_op_PartSelect.i16.i64.i32, i64 %mul_ln413, i32 48" [top.cpp:413]   --->   Operation 1192 'partselect' 'tmp_111' <Predicate = (icmp_ln392)> <Delay = 0.00>
ST_52 : Operation 1193 [1/1] (1.01ns)   --->   "%icmp_ln413_1 = icmp_eq  i16 %tmp_111, i16 65535" [top.cpp:413]   --->   Operation 1193 'icmp' 'icmp_ln413_1' <Predicate = (icmp_ln392)> <Delay = 1.01> <CoreInst = "Cmp">   --->   Core 9 'Cmp' <Latency = 0> <II = 1> <Delay = 1.01> <FuncUnit> <Opcode : 'seteq' 'setne' 'setle' 'setge' 'setlt' 'setgt'> <InPorts = 2> <OutPorts = 1>
ST_52 : Operation 1194 [1/1] (1.01ns)   --->   "%icmp_ln413_2 = icmp_eq  i16 %tmp_111, i16 0" [top.cpp:413]   --->   Operation 1194 'icmp' 'icmp_ln413_2' <Predicate = (icmp_ln392)> <Delay = 1.01> <CoreInst = "Cmp">   --->   Core 9 'Cmp' <Latency = 0> <II = 1> <Delay = 1.01> <FuncUnit> <Opcode : 'seteq' 'setne' 'setle' 'setge' 'setlt' 'setgt'> <InPorts = 2> <OutPorts = 1>
ST_52 : Operation 1195 [1/1] (0.00ns) (grouped into LUT with out node and_ln413_3)   --->   "%select_ln413 = select i1 %and_ln413, i1 %icmp_ln413_1, i1 %icmp_ln413_2" [top.cpp:413]   --->   Operation 1195 'select' 'select_ln413' <Predicate = (icmp_ln392)> <Delay = 0.00> <CoreInst = "Sel">   --->   Core 73 'Sel' <Latency = 0> <II = 1> <Delay = 0.26> <FuncUnit> <Opcode : 'select'> <InPorts = 3> <OutPorts = 1>
ST_52 : Operation 1196 [1/1] (0.00ns) (grouped into LUT with out node and_ln413_4)   --->   "%xor_ln413_1 = xor i1 %tmp_240, i1 1" [top.cpp:413]   --->   Operation 1196 'xor' 'xor_ln413_1' <Predicate = (icmp_ln392)> <Delay = 0.00> <CoreInst = "LogicGate">   --->   Core 74 'LogicGate' <Latency = 0> <II = 1> <Delay = 0.33> <FuncUnit> <Opcode : 'and' 'or' 'xor'> <InPorts = 2> <OutPorts = 1>
ST_52 : Operation 1197 [1/1] (0.00ns) (grouped into LUT with out node and_ln413_4)   --->   "%and_ln413_1 = and i1 %icmp_ln413, i1 %xor_ln413_1" [top.cpp:413]   --->   Operation 1197 'and' 'and_ln413_1' <Predicate = (icmp_ln392)> <Delay = 0.00> <CoreInst = "LogicGate">   --->   Core 74 'LogicGate' <Latency = 0> <II = 1> <Delay = 0.33> <FuncUnit> <Opcode : 'and' 'or' 'xor'> <InPorts = 2> <OutPorts = 1>
ST_52 : Operation 1198 [1/1] (0.00ns) (grouped into LUT with out node and_ln413_4)   --->   "%select_ln413_1 = select i1 %and_ln413, i1 %and_ln413_1, i1 %icmp_ln413_1" [top.cpp:413]   --->   Operation 1198 'select' 'select_ln413_1' <Predicate = (icmp_ln392)> <Delay = 0.00> <CoreInst = "Sel">   --->   Core 73 'Sel' <Latency = 0> <II = 1> <Delay = 0.26> <FuncUnit> <Opcode : 'select'> <InPorts = 3> <OutPorts = 1>
ST_52 : Operation 1199 [1/1] (0.00ns) (grouped into LUT with out node or_ln413_1)   --->   "%and_ln413_2 = and i1 %and_ln413, i1 %icmp_ln413_1" [top.cpp:413]   --->   Operation 1199 'and' 'and_ln413_2' <Predicate = (icmp_ln392)> <Delay = 0.00> <CoreInst = "LogicGate">   --->   Core 74 'LogicGate' <Latency = 0> <II = 1> <Delay = 0.33> <FuncUnit> <Opcode : 'and' 'or' 'xor'> <InPorts = 2> <OutPorts = 1>
ST_52 : Operation 1200 [1/1] (0.00ns) (grouped into LUT with out node and_ln413_3)   --->   "%xor_ln413_2 = xor i1 %select_ln413, i1 1" [top.cpp:413]   --->   Operation 1200 'xor' 'xor_ln413_2' <Predicate = (icmp_ln392)> <Delay = 0.00> <CoreInst = "LogicGate">   --->   Core 74 'LogicGate' <Latency = 0> <II = 1> <Delay = 0.33> <FuncUnit> <Opcode : 'and' 'or' 'xor'> <InPorts = 2> <OutPorts = 1>
ST_52 : Operation 1201 [1/1] (0.00ns) (grouped into LUT with out node and_ln413_3)   --->   "%or_ln413 = or i1 %tmp_239, i1 %xor_ln413_2" [top.cpp:413]   --->   Operation 1201 'or' 'or_ln413' <Predicate = (icmp_ln392)> <Delay = 0.00> <CoreInst = "LogicGate">   --->   Core 74 'LogicGate' <Latency = 0> <II = 1> <Delay = 0.33> <FuncUnit> <Opcode : 'and' 'or' 'xor'> <InPorts = 2> <OutPorts = 1>
ST_52 : Operation 1202 [1/1] (0.00ns) (grouped into LUT with out node and_ln413_3)   --->   "%xor_ln413_3 = xor i1 %tmp_236, i1 1" [top.cpp:413]   --->   Operation 1202 'xor' 'xor_ln413_3' <Predicate = (icmp_ln392)> <Delay = 0.00> <CoreInst = "LogicGate">   --->   Core 74 'LogicGate' <Latency = 0> <II = 1> <Delay = 0.33> <FuncUnit> <Opcode : 'and' 'or' 'xor'> <InPorts = 2> <OutPorts = 1>
ST_52 : Operation 1203 [1/1] (0.33ns) (out node of the LUT)   --->   "%and_ln413_3 = and i1 %or_ln413, i1 %xor_ln413_3" [top.cpp:413]   --->   Operation 1203 'and' 'and_ln413_3' <Predicate = (icmp_ln392)> <Delay = 0.33> <CoreInst = "LogicGate">   --->   Core 74 'LogicGate' <Latency = 0> <II = 1> <Delay = 0.33> <FuncUnit> <Opcode : 'and' 'or' 'xor'> <InPorts = 2> <OutPorts = 1>
ST_52 : Operation 1204 [1/1] (0.33ns) (out node of the LUT)   --->   "%and_ln413_4 = and i1 %tmp_239, i1 %select_ln413_1" [top.cpp:413]   --->   Operation 1204 'and' 'and_ln413_4' <Predicate = (icmp_ln392)> <Delay = 0.33> <CoreInst = "LogicGate">   --->   Core 74 'LogicGate' <Latency = 0> <II = 1> <Delay = 0.33> <FuncUnit> <Opcode : 'and' 'or' 'xor'> <InPorts = 2> <OutPorts = 1>
ST_52 : Operation 1205 [1/1] (0.00ns) (grouped into LUT with out node or_ln413_1)   --->   "%or_ln413_2 = or i1 %and_ln413_2, i1 %and_ln413_4" [top.cpp:413]   --->   Operation 1205 'or' 'or_ln413_2' <Predicate = (icmp_ln392)> <Delay = 0.00> <CoreInst = "LogicGate">   --->   Core 74 'LogicGate' <Latency = 0> <II = 1> <Delay = 0.33> <FuncUnit> <Opcode : 'and' 'or' 'xor'> <InPorts = 2> <OutPorts = 1>
ST_52 : Operation 1206 [1/1] (0.00ns) (grouped into LUT with out node or_ln413_1)   --->   "%xor_ln413_4 = xor i1 %or_ln413_2, i1 1" [top.cpp:413]   --->   Operation 1206 'xor' 'xor_ln413_4' <Predicate = (icmp_ln392)> <Delay = 0.00> <CoreInst = "LogicGate">   --->   Core 74 'LogicGate' <Latency = 0> <II = 1> <Delay = 0.33> <FuncUnit> <Opcode : 'and' 'or' 'xor'> <InPorts = 2> <OutPorts = 1>
ST_52 : Operation 1207 [1/1] (0.00ns) (grouped into LUT with out node or_ln413_1)   --->   "%and_ln413_5 = and i1 %tmp_236, i1 %xor_ln413_4" [top.cpp:413]   --->   Operation 1207 'and' 'and_ln413_5' <Predicate = (icmp_ln392)> <Delay = 0.00> <CoreInst = "LogicGate">   --->   Core 74 'LogicGate' <Latency = 0> <II = 1> <Delay = 0.33> <FuncUnit> <Opcode : 'and' 'or' 'xor'> <InPorts = 2> <OutPorts = 1>
ST_52 : Operation 1208 [1/1] (0.00ns) (grouped into LUT with out node nz1_2)   --->   "%select_ln413_2 = select i1 %and_ln413_3, i32 2147483647, i32 2147483648" [top.cpp:413]   --->   Operation 1208 'select' 'select_ln413_2' <Predicate = (icmp_ln392)> <Delay = 0.00> <CoreInst = "Sel">   --->   Core 73 'Sel' <Latency = 0> <II = 1> <Delay = 0.52> <FuncUnit> <Opcode : 'select'> <InPorts = 3> <OutPorts = 1>
ST_52 : Operation 1209 [1/1] (0.33ns) (out node of the LUT)   --->   "%or_ln413_1 = or i1 %and_ln413_3, i1 %and_ln413_5" [top.cpp:413]   --->   Operation 1209 'or' 'or_ln413_1' <Predicate = (icmp_ln392)> <Delay = 0.33> <CoreInst = "LogicGate">   --->   Core 74 'LogicGate' <Latency = 0> <II = 1> <Delay = 0.33> <FuncUnit> <Opcode : 'and' 'or' 'xor'> <InPorts = 2> <OutPorts = 1>
ST_52 : Operation 1210 [1/1] (0.52ns) (out node of the LUT)   --->   "%nz1_2 = select i1 %or_ln413_1, i32 %select_ln413_2, i32 %nz1_1" [top.cpp:413]   --->   Operation 1210 'select' 'nz1_2' <Predicate = (icmp_ln392)> <Delay = 0.52> <CoreInst = "Sel">   --->   Core 73 'Sel' <Latency = 0> <II = 1> <Delay = 0.52> <FuncUnit> <Opcode : 'select'> <InPorts = 3> <OutPorts = 1>
ST_52 : Operation 1211 [1/1] (3.88ns)   --->   "%mul_ln414 = mul i64 %sext_ln386_1, i64 %sext_ln414" [top.cpp:414]   --->   Operation 1211 'mul' 'mul_ln414' <Predicate = (icmp_ln392)> <Delay = 3.88> <CoreInst = "Multiplier">   --->   Core 3 'Multiplier' <Latency = 0> <II = 1> <Delay = 3.88> <FuncUnit> <Opcode : 'mul'> <InPorts = 2> <OutPorts = 1>
ST_52 : Operation 1212 [1/1] (0.00ns)   --->   "%tmp_241 = bitselect i1 @_ssdm_op_BitSelect.i1.i64.i32, i64 %mul_ln414, i32 63" [top.cpp:414]   --->   Operation 1212 'bitselect' 'tmp_241' <Predicate = (icmp_ln392)> <Delay = 0.00>
ST_52 : Operation 1213 [1/1] (0.00ns)   --->   "%nz2 = partselect i32 @_ssdm_op_PartSelect.i32.i64.i32.i32, i64 %mul_ln414, i32 16, i32 47" [top.cpp:414]   --->   Operation 1213 'partselect' 'nz2' <Predicate = (icmp_ln392)> <Delay = 0.00>
ST_52 : Operation 1214 [1/1] (0.00ns)   --->   "%tmp_242 = bitselect i1 @_ssdm_op_BitSelect.i1.i64.i32, i64 %mul_ln414, i32 15" [top.cpp:414]   --->   Operation 1214 'bitselect' 'tmp_242' <Predicate = (icmp_ln392)> <Delay = 0.00>
ST_52 : Operation 1215 [1/1] (0.00ns) (grouped into LUT with out node and_ln414)   --->   "%tmp_243 = bitselect i1 @_ssdm_op_BitSelect.i1.i64.i32, i64 %mul_ln414, i32 47" [top.cpp:414]   --->   Operation 1215 'bitselect' 'tmp_243' <Predicate = (icmp_ln392)> <Delay = 0.00>
ST_52 : Operation 1216 [1/1] (0.00ns)   --->   "%zext_ln414 = zext i1 %tmp_242" [top.cpp:414]   --->   Operation 1216 'zext' 'zext_ln414' <Predicate = (icmp_ln392)> <Delay = 0.00>
ST_52 : Operation 1217 [1/1] (1.20ns)   --->   "%nz2_1 = add i32 %nz2, i32 %zext_ln414" [top.cpp:414]   --->   Operation 1217 'add' 'nz2_1' <Predicate = (icmp_ln392)> <Delay = 1.20> <CoreInst = "Adder">   --->   Core 1 'Adder' <Latency = 0> <II = 1> <Delay = 1.20> <FuncUnit> <Opcode : 'add' 'sub'> <InPorts = 2> <OutPorts = 1>
ST_52 : Operation 1218 [1/1] (0.00ns)   --->   "%tmp_244 = bitselect i1 @_ssdm_op_BitSelect.i1.i32.i32, i32 %nz2_1, i32 31" [top.cpp:414]   --->   Operation 1218 'bitselect' 'tmp_244' <Predicate = (icmp_ln392)> <Delay = 0.00>
ST_52 : Operation 1219 [1/1] (0.00ns) (grouped into LUT with out node and_ln414)   --->   "%xor_ln414 = xor i1 %tmp_244, i1 1" [top.cpp:414]   --->   Operation 1219 'xor' 'xor_ln414' <Predicate = (icmp_ln392)> <Delay = 0.00> <CoreInst = "LogicGate">   --->   Core 74 'LogicGate' <Latency = 0> <II = 1> <Delay = 0.33> <FuncUnit> <Opcode : 'and' 'or' 'xor'> <InPorts = 2> <OutPorts = 1>
ST_52 : Operation 1220 [1/1] (0.33ns) (out node of the LUT)   --->   "%and_ln414 = and i1 %tmp_243, i1 %xor_ln414" [top.cpp:414]   --->   Operation 1220 'and' 'and_ln414' <Predicate = (icmp_ln392)> <Delay = 0.33> <CoreInst = "LogicGate">   --->   Core 74 'LogicGate' <Latency = 0> <II = 1> <Delay = 0.33> <FuncUnit> <Opcode : 'and' 'or' 'xor'> <InPorts = 2> <OutPorts = 1>
ST_52 : Operation 1221 [1/1] (0.00ns) (grouped into LUT with out node and_ln414_4)   --->   "%tmp_245 = bitselect i1 @_ssdm_op_BitSelect.i1.i64.i32, i64 %mul_ln414, i32 48" [top.cpp:414]   --->   Operation 1221 'bitselect' 'tmp_245' <Predicate = (icmp_ln392)> <Delay = 0.00>
ST_52 : Operation 1222 [1/1] (0.00ns)   --->   "%tmp_112 = partselect i15 @_ssdm_op_PartSelect.i15.i64.i32, i64 %mul_ln414, i32 49" [top.cpp:414]   --->   Operation 1222 'partselect' 'tmp_112' <Predicate = (icmp_ln392)> <Delay = 0.00>
ST_52 : Operation 1223 [1/1] (1.00ns)   --->   "%icmp_ln414 = icmp_eq  i15 %tmp_112, i15 32767" [top.cpp:414]   --->   Operation 1223 'icmp' 'icmp_ln414' <Predicate = (icmp_ln392)> <Delay = 1.00> <CoreInst = "Cmp">   --->   Core 9 'Cmp' <Latency = 0> <II = 1> <Delay = 1.00> <FuncUnit> <Opcode : 'seteq' 'setne' 'setle' 'setge' 'setlt' 'setgt'> <InPorts = 2> <OutPorts = 1>
ST_52 : Operation 1224 [1/1] (0.00ns)   --->   "%tmp_118 = partselect i16 @_ssdm_op_PartSelect.i16.i64.i32, i64 %mul_ln414, i32 48" [top.cpp:414]   --->   Operation 1224 'partselect' 'tmp_118' <Predicate = (icmp_ln392)> <Delay = 0.00>
ST_52 : Operation 1225 [1/1] (1.01ns)   --->   "%icmp_ln414_1 = icmp_eq  i16 %tmp_118, i16 65535" [top.cpp:414]   --->   Operation 1225 'icmp' 'icmp_ln414_1' <Predicate = (icmp_ln392)> <Delay = 1.01> <CoreInst = "Cmp">   --->   Core 9 'Cmp' <Latency = 0> <II = 1> <Delay = 1.01> <FuncUnit> <Opcode : 'seteq' 'setne' 'setle' 'setge' 'setlt' 'setgt'> <InPorts = 2> <OutPorts = 1>
ST_52 : Operation 1226 [1/1] (1.01ns)   --->   "%icmp_ln414_2 = icmp_eq  i16 %tmp_118, i16 0" [top.cpp:414]   --->   Operation 1226 'icmp' 'icmp_ln414_2' <Predicate = (icmp_ln392)> <Delay = 1.01> <CoreInst = "Cmp">   --->   Core 9 'Cmp' <Latency = 0> <II = 1> <Delay = 1.01> <FuncUnit> <Opcode : 'seteq' 'setne' 'setle' 'setge' 'setlt' 'setgt'> <InPorts = 2> <OutPorts = 1>
ST_52 : Operation 1227 [1/1] (0.00ns) (grouped into LUT with out node and_ln414_3)   --->   "%select_ln414 = select i1 %and_ln414, i1 %icmp_ln414_1, i1 %icmp_ln414_2" [top.cpp:414]   --->   Operation 1227 'select' 'select_ln414' <Predicate = (icmp_ln392)> <Delay = 0.00> <CoreInst = "Sel">   --->   Core 73 'Sel' <Latency = 0> <II = 1> <Delay = 0.26> <FuncUnit> <Opcode : 'select'> <InPorts = 3> <OutPorts = 1>
ST_52 : Operation 1228 [1/1] (0.00ns) (grouped into LUT with out node and_ln414_4)   --->   "%xor_ln414_1 = xor i1 %tmp_245, i1 1" [top.cpp:414]   --->   Operation 1228 'xor' 'xor_ln414_1' <Predicate = (icmp_ln392)> <Delay = 0.00> <CoreInst = "LogicGate">   --->   Core 74 'LogicGate' <Latency = 0> <II = 1> <Delay = 0.33> <FuncUnit> <Opcode : 'and' 'or' 'xor'> <InPorts = 2> <OutPorts = 1>
ST_52 : Operation 1229 [1/1] (0.00ns) (grouped into LUT with out node and_ln414_4)   --->   "%and_ln414_1 = and i1 %icmp_ln414, i1 %xor_ln414_1" [top.cpp:414]   --->   Operation 1229 'and' 'and_ln414_1' <Predicate = (icmp_ln392)> <Delay = 0.00> <CoreInst = "LogicGate">   --->   Core 74 'LogicGate' <Latency = 0> <II = 1> <Delay = 0.33> <FuncUnit> <Opcode : 'and' 'or' 'xor'> <InPorts = 2> <OutPorts = 1>
ST_52 : Operation 1230 [1/1] (0.00ns) (grouped into LUT with out node and_ln414_4)   --->   "%select_ln414_1 = select i1 %and_ln414, i1 %and_ln414_1, i1 %icmp_ln414_1" [top.cpp:414]   --->   Operation 1230 'select' 'select_ln414_1' <Predicate = (icmp_ln392)> <Delay = 0.00> <CoreInst = "Sel">   --->   Core 73 'Sel' <Latency = 0> <II = 1> <Delay = 0.26> <FuncUnit> <Opcode : 'select'> <InPorts = 3> <OutPorts = 1>
ST_52 : Operation 1231 [1/1] (0.00ns) (grouped into LUT with out node or_ln414_1)   --->   "%and_ln414_2 = and i1 %and_ln414, i1 %icmp_ln414_1" [top.cpp:414]   --->   Operation 1231 'and' 'and_ln414_2' <Predicate = (icmp_ln392)> <Delay = 0.00> <CoreInst = "LogicGate">   --->   Core 74 'LogicGate' <Latency = 0> <II = 1> <Delay = 0.33> <FuncUnit> <Opcode : 'and' 'or' 'xor'> <InPorts = 2> <OutPorts = 1>
ST_52 : Operation 1232 [1/1] (0.00ns) (grouped into LUT with out node and_ln414_3)   --->   "%xor_ln414_2 = xor i1 %select_ln414, i1 1" [top.cpp:414]   --->   Operation 1232 'xor' 'xor_ln414_2' <Predicate = (icmp_ln392)> <Delay = 0.00> <CoreInst = "LogicGate">   --->   Core 74 'LogicGate' <Latency = 0> <II = 1> <Delay = 0.33> <FuncUnit> <Opcode : 'and' 'or' 'xor'> <InPorts = 2> <OutPorts = 1>
ST_52 : Operation 1233 [1/1] (0.00ns) (grouped into LUT with out node and_ln414_3)   --->   "%or_ln414 = or i1 %tmp_244, i1 %xor_ln414_2" [top.cpp:414]   --->   Operation 1233 'or' 'or_ln414' <Predicate = (icmp_ln392)> <Delay = 0.00> <CoreInst = "LogicGate">   --->   Core 74 'LogicGate' <Latency = 0> <II = 1> <Delay = 0.33> <FuncUnit> <Opcode : 'and' 'or' 'xor'> <InPorts = 2> <OutPorts = 1>
ST_52 : Operation 1234 [1/1] (0.00ns) (grouped into LUT with out node and_ln414_3)   --->   "%xor_ln414_3 = xor i1 %tmp_241, i1 1" [top.cpp:414]   --->   Operation 1234 'xor' 'xor_ln414_3' <Predicate = (icmp_ln392)> <Delay = 0.00> <CoreInst = "LogicGate">   --->   Core 74 'LogicGate' <Latency = 0> <II = 1> <Delay = 0.33> <FuncUnit> <Opcode : 'and' 'or' 'xor'> <InPorts = 2> <OutPorts = 1>
ST_52 : Operation 1235 [1/1] (0.33ns) (out node of the LUT)   --->   "%and_ln414_3 = and i1 %or_ln414, i1 %xor_ln414_3" [top.cpp:414]   --->   Operation 1235 'and' 'and_ln414_3' <Predicate = (icmp_ln392)> <Delay = 0.33> <CoreInst = "LogicGate">   --->   Core 74 'LogicGate' <Latency = 0> <II = 1> <Delay = 0.33> <FuncUnit> <Opcode : 'and' 'or' 'xor'> <InPorts = 2> <OutPorts = 1>
ST_52 : Operation 1236 [1/1] (0.33ns) (out node of the LUT)   --->   "%and_ln414_4 = and i1 %tmp_244, i1 %select_ln414_1" [top.cpp:414]   --->   Operation 1236 'and' 'and_ln414_4' <Predicate = (icmp_ln392)> <Delay = 0.33> <CoreInst = "LogicGate">   --->   Core 74 'LogicGate' <Latency = 0> <II = 1> <Delay = 0.33> <FuncUnit> <Opcode : 'and' 'or' 'xor'> <InPorts = 2> <OutPorts = 1>
ST_52 : Operation 1237 [1/1] (0.00ns) (grouped into LUT with out node or_ln414_1)   --->   "%or_ln414_2 = or i1 %and_ln414_2, i1 %and_ln414_4" [top.cpp:414]   --->   Operation 1237 'or' 'or_ln414_2' <Predicate = (icmp_ln392)> <Delay = 0.00> <CoreInst = "LogicGate">   --->   Core 74 'LogicGate' <Latency = 0> <II = 1> <Delay = 0.33> <FuncUnit> <Opcode : 'and' 'or' 'xor'> <InPorts = 2> <OutPorts = 1>
ST_52 : Operation 1238 [1/1] (0.00ns) (grouped into LUT with out node or_ln414_1)   --->   "%xor_ln414_4 = xor i1 %or_ln414_2, i1 1" [top.cpp:414]   --->   Operation 1238 'xor' 'xor_ln414_4' <Predicate = (icmp_ln392)> <Delay = 0.00> <CoreInst = "LogicGate">   --->   Core 74 'LogicGate' <Latency = 0> <II = 1> <Delay = 0.33> <FuncUnit> <Opcode : 'and' 'or' 'xor'> <InPorts = 2> <OutPorts = 1>
ST_52 : Operation 1239 [1/1] (0.00ns) (grouped into LUT with out node or_ln414_1)   --->   "%and_ln414_5 = and i1 %tmp_241, i1 %xor_ln414_4" [top.cpp:414]   --->   Operation 1239 'and' 'and_ln414_5' <Predicate = (icmp_ln392)> <Delay = 0.00> <CoreInst = "LogicGate">   --->   Core 74 'LogicGate' <Latency = 0> <II = 1> <Delay = 0.33> <FuncUnit> <Opcode : 'and' 'or' 'xor'> <InPorts = 2> <OutPorts = 1>
ST_52 : Operation 1240 [1/1] (0.00ns) (grouped into LUT with out node nz2_2)   --->   "%select_ln414_2 = select i1 %and_ln414_3, i32 2147483647, i32 2147483648" [top.cpp:414]   --->   Operation 1240 'select' 'select_ln414_2' <Predicate = (icmp_ln392)> <Delay = 0.00> <CoreInst = "Sel">   --->   Core 73 'Sel' <Latency = 0> <II = 1> <Delay = 0.52> <FuncUnit> <Opcode : 'select'> <InPorts = 3> <OutPorts = 1>
ST_52 : Operation 1241 [1/1] (0.33ns) (out node of the LUT)   --->   "%or_ln414_1 = or i1 %and_ln414_3, i1 %and_ln414_5" [top.cpp:414]   --->   Operation 1241 'or' 'or_ln414_1' <Predicate = (icmp_ln392)> <Delay = 0.33> <CoreInst = "LogicGate">   --->   Core 74 'LogicGate' <Latency = 0> <II = 1> <Delay = 0.33> <FuncUnit> <Opcode : 'and' 'or' 'xor'> <InPorts = 2> <OutPorts = 1>
ST_52 : Operation 1242 [1/1] (0.52ns) (out node of the LUT)   --->   "%nz2_2 = select i1 %or_ln414_1, i32 %select_ln414_2, i32 %nz2_1" [top.cpp:414]   --->   Operation 1242 'select' 'nz2_2' <Predicate = (icmp_ln392)> <Delay = 0.52> <CoreInst = "Sel">   --->   Core 73 'Sel' <Latency = 0> <II = 1> <Delay = 0.52> <FuncUnit> <Opcode : 'select'> <InPorts = 3> <OutPorts = 1>

State 53 <SV = 51> <Delay = 4.80>
ST_53 : Operation 1243 [1/1] (0.00ns)   --->   "%sext_ln399 = sext i32 %nx0_2" [top.cpp:399]   --->   Operation 1243 'sext' 'sext_ln399' <Predicate = (!tmp_152 & !tmp_153 & icmp_ln392)> <Delay = 0.00>
ST_53 : Operation 1244 [1/1] (0.00ns)   --->   "%sext_ln399_1 = sext i32 %nx1_2" [top.cpp:399]   --->   Operation 1244 'sext' 'sext_ln399_1' <Predicate = (!tmp_152 & !tmp_153 & icmp_ln392)> <Delay = 0.00>
ST_53 : Operation 1245 [1/1] (1.20ns)   --->   "%norm_x = add i32 %nx1_2, i32 %nx0_2" [top.cpp:399]   --->   Operation 1245 'add' 'norm_x' <Predicate = (!tmp_152 & !tmp_153 & icmp_ln392)> <Delay = 1.20> <CoreInst = "Adder">   --->   Core 1 'Adder' <Latency = 0> <II = 1> <Delay = 1.20> <FuncUnit> <Opcode : 'add' 'sub'> <InPorts = 2> <OutPorts = 1>
ST_53 : Operation 1246 [1/1] (1.20ns)   --->   "%add_ln399 = add i33 %sext_ln399_1, i33 %sext_ln399" [top.cpp:399]   --->   Operation 1246 'add' 'add_ln399' <Predicate = (!tmp_152 & !tmp_153 & icmp_ln392)> <Delay = 1.20> <CoreInst = "Adder">   --->   Core 1 'Adder' <Latency = 0> <II = 1> <Delay = 1.20> <FuncUnit> <Opcode : 'add' 'sub'> <InPorts = 2> <OutPorts = 1>
ST_53 : Operation 1247 [1/1] (0.00ns)   --->   "%tmp_200 = bitselect i1 @_ssdm_op_BitSelect.i1.i33.i32, i33 %add_ln399, i32 32" [top.cpp:399]   --->   Operation 1247 'bitselect' 'tmp_200' <Predicate = (!tmp_152 & !tmp_153 & icmp_ln392)> <Delay = 0.00>
ST_53 : Operation 1248 [1/1] (0.00ns)   --->   "%tmp_201 = bitselect i1 @_ssdm_op_BitSelect.i1.i32.i32, i32 %norm_x, i32 31" [top.cpp:399]   --->   Operation 1248 'bitselect' 'tmp_201' <Predicate = (!tmp_152 & !tmp_153 & icmp_ln392)> <Delay = 0.00>
ST_53 : Operation 1249 [1/1] (0.00ns) (grouped into LUT with out node norm_x_1)   --->   "%xor_ln399 = xor i1 %tmp_200, i1 1" [top.cpp:399]   --->   Operation 1249 'xor' 'xor_ln399' <Predicate = (!tmp_152 & !tmp_153 & icmp_ln392)> <Delay = 0.00> <CoreInst = "LogicGate">   --->   Core 74 'LogicGate' <Latency = 0> <II = 1> <Delay = 0.33> <FuncUnit> <Opcode : 'and' 'or' 'xor'> <InPorts = 2> <OutPorts = 1>
ST_53 : Operation 1250 [1/1] (0.00ns) (grouped into LUT with out node norm_x_1)   --->   "%and_ln399 = and i1 %tmp_201, i1 %xor_ln399" [top.cpp:399]   --->   Operation 1250 'and' 'and_ln399' <Predicate = (!tmp_152 & !tmp_153 & icmp_ln392)> <Delay = 0.00> <CoreInst = "LogicGate">   --->   Core 74 'LogicGate' <Latency = 0> <II = 1> <Delay = 0.33> <FuncUnit> <Opcode : 'and' 'or' 'xor'> <InPorts = 2> <OutPorts = 1>
ST_53 : Operation 1251 [1/1] (0.00ns) (grouped into LUT with out node norm_x_1)   --->   "%xor_ln399_1 = xor i1 %tmp_200, i1 %tmp_201" [top.cpp:399]   --->   Operation 1251 'xor' 'xor_ln399_1' <Predicate = (!tmp_152 & !tmp_153 & icmp_ln392)> <Delay = 0.00> <CoreInst = "LogicGate">   --->   Core 74 'LogicGate' <Latency = 0> <II = 1> <Delay = 0.33> <FuncUnit> <Opcode : 'and' 'or' 'xor'> <InPorts = 2> <OutPorts = 1>
ST_53 : Operation 1252 [1/1] (0.00ns) (grouped into LUT with out node norm_x_1)   --->   "%select_ln399 = select i1 %and_ln399, i32 2147483647, i32 2147483648" [top.cpp:399]   --->   Operation 1252 'select' 'select_ln399' <Predicate = (!tmp_152 & !tmp_153 & icmp_ln392)> <Delay = 0.00> <CoreInst = "Sel">   --->   Core 73 'Sel' <Latency = 0> <II = 1> <Delay = 0.52> <FuncUnit> <Opcode : 'select'> <InPorts = 3> <OutPorts = 1>
ST_53 : Operation 1253 [1/1] (0.52ns) (out node of the LUT)   --->   "%norm_x_1 = select i1 %xor_ln399_1, i32 %select_ln399, i32 %norm_x" [top.cpp:399]   --->   Operation 1253 'select' 'norm_x_1' <Predicate = (!tmp_152 & !tmp_153 & icmp_ln392)> <Delay = 0.52> <CoreInst = "Sel">   --->   Core 73 'Sel' <Latency = 0> <II = 1> <Delay = 0.52> <FuncUnit> <Opcode : 'select'> <InPorts = 3> <OutPorts = 1>
ST_53 : Operation 1254 [1/1] (0.00ns)   --->   "%sext_ln400 = sext i32 %norm_x_1" [top.cpp:400]   --->   Operation 1254 'sext' 'sext_ln400' <Predicate = (!tmp_152 & !tmp_153 & icmp_ln392)> <Delay = 0.00>
ST_53 : Operation 1255 [1/1] (0.00ns)   --->   "%sext_ln400_1 = sext i32 %nx2_2" [top.cpp:400]   --->   Operation 1255 'sext' 'sext_ln400_1' <Predicate = (!tmp_152 & !tmp_153 & icmp_ln392)> <Delay = 0.00>
ST_53 : Operation 1256 [1/1] (1.20ns)   --->   "%add_ln400_1 = add i32 %nx2_2, i32 %norm_x_1" [top.cpp:400]   --->   Operation 1256 'add' 'add_ln400_1' <Predicate = (!tmp_152 & !tmp_153 & icmp_ln392)> <Delay = 1.20> <CoreInst = "Adder">   --->   Core 1 'Adder' <Latency = 0> <II = 1> <Delay = 1.20> <FuncUnit> <Opcode : 'add' 'sub'> <InPorts = 2> <OutPorts = 1>
ST_53 : Operation 1257 [1/1] (1.20ns)   --->   "%add_ln400 = add i33 %sext_ln400_1, i33 %sext_ln400" [top.cpp:400]   --->   Operation 1257 'add' 'add_ln400' <Predicate = (!tmp_152 & !tmp_153 & icmp_ln392)> <Delay = 1.20> <CoreInst = "Adder">   --->   Core 1 'Adder' <Latency = 0> <II = 1> <Delay = 1.20> <FuncUnit> <Opcode : 'add' 'sub'> <InPorts = 2> <OutPorts = 1>
ST_53 : Operation 1258 [1/1] (0.00ns)   --->   "%tmp_202 = bitselect i1 @_ssdm_op_BitSelect.i1.i33.i32, i33 %add_ln400, i32 32" [top.cpp:400]   --->   Operation 1258 'bitselect' 'tmp_202' <Predicate = (!tmp_152 & !tmp_153 & icmp_ln392)> <Delay = 0.00>
ST_53 : Operation 1259 [1/1] (0.00ns)   --->   "%tmp_203 = bitselect i1 @_ssdm_op_BitSelect.i1.i32.i32, i32 %add_ln400_1, i32 31" [top.cpp:400]   --->   Operation 1259 'bitselect' 'tmp_203' <Predicate = (!tmp_152 & !tmp_153 & icmp_ln392)> <Delay = 0.00>
ST_53 : Operation 1260 [1/1] (0.00ns) (grouped into LUT with out node norm_x_2)   --->   "%xor_ln400 = xor i1 %tmp_202, i1 1" [top.cpp:400]   --->   Operation 1260 'xor' 'xor_ln400' <Predicate = (!tmp_152 & !tmp_153 & icmp_ln392)> <Delay = 0.00> <CoreInst = "LogicGate">   --->   Core 74 'LogicGate' <Latency = 0> <II = 1> <Delay = 0.33> <FuncUnit> <Opcode : 'and' 'or' 'xor'> <InPorts = 2> <OutPorts = 1>
ST_53 : Operation 1261 [1/1] (0.00ns) (grouped into LUT with out node norm_x_2)   --->   "%and_ln400 = and i1 %tmp_203, i1 %xor_ln400" [top.cpp:400]   --->   Operation 1261 'and' 'and_ln400' <Predicate = (!tmp_152 & !tmp_153 & icmp_ln392)> <Delay = 0.00> <CoreInst = "LogicGate">   --->   Core 74 'LogicGate' <Latency = 0> <II = 1> <Delay = 0.33> <FuncUnit> <Opcode : 'and' 'or' 'xor'> <InPorts = 2> <OutPorts = 1>
ST_53 : Operation 1262 [1/1] (0.00ns) (grouped into LUT with out node norm_x_2)   --->   "%xor_ln400_1 = xor i1 %tmp_202, i1 %tmp_203" [top.cpp:400]   --->   Operation 1262 'xor' 'xor_ln400_1' <Predicate = (!tmp_152 & !tmp_153 & icmp_ln392)> <Delay = 0.00> <CoreInst = "LogicGate">   --->   Core 74 'LogicGate' <Latency = 0> <II = 1> <Delay = 0.33> <FuncUnit> <Opcode : 'and' 'or' 'xor'> <InPorts = 2> <OutPorts = 1>
ST_53 : Operation 1263 [1/1] (0.00ns) (grouped into LUT with out node norm_x_2)   --->   "%select_ln400 = select i1 %and_ln400, i32 2147483647, i32 2147483648" [top.cpp:400]   --->   Operation 1263 'select' 'select_ln400' <Predicate = (!tmp_152 & !tmp_153 & icmp_ln392)> <Delay = 0.00> <CoreInst = "Sel">   --->   Core 73 'Sel' <Latency = 0> <II = 1> <Delay = 0.52> <FuncUnit> <Opcode : 'select'> <InPorts = 3> <OutPorts = 1>
ST_53 : Operation 1264 [1/1] (0.52ns) (out node of the LUT)   --->   "%norm_x_2 = select i1 %xor_ln400_1, i32 %select_ln400, i32 %add_ln400_1" [top.cpp:400]   --->   Operation 1264 'select' 'norm_x_2' <Predicate = (!tmp_152 & !tmp_153 & icmp_ln392)> <Delay = 0.52> <CoreInst = "Sel">   --->   Core 73 'Sel' <Latency = 0> <II = 1> <Delay = 0.52> <FuncUnit> <Opcode : 'select'> <InPorts = 3> <OutPorts = 1>
ST_53 : Operation 1265 [1/1] ( I:1.35ns O:1.35ns )   --->   "%store_ln401 = store i32 %norm_x_2, i12 %normal_buffer_x_addr_1" [top.cpp:401]   --->   Operation 1265 'store' 'store_ln401' <Predicate = (!tmp_152 & !tmp_153 & icmp_ln392)> <Delay = 1.35> <CoreInst = "RAM">   --->   Core 82 'RAM' <Latency = 1> <II = 1> <Delay = 1.35> <Storage> <Opcode : 'load' 'store'> <Ports = 2> <Width = 32> <Depth = 4096> <RAM>
ST_53 : Operation 1266 [1/1] (0.00ns)   --->   "%sext_ln407 = sext i32 %ny0_2" [top.cpp:407]   --->   Operation 1266 'sext' 'sext_ln407' <Predicate = (!tmp_152 & !tmp_153 & icmp_ln392)> <Delay = 0.00>
ST_53 : Operation 1267 [1/1] (0.00ns)   --->   "%sext_ln407_1 = sext i32 %ny1_2" [top.cpp:407]   --->   Operation 1267 'sext' 'sext_ln407_1' <Predicate = (!tmp_152 & !tmp_153 & icmp_ln392)> <Delay = 0.00>
ST_53 : Operation 1268 [1/1] (1.20ns)   --->   "%norm_y = add i32 %ny1_2, i32 %ny0_2" [top.cpp:407]   --->   Operation 1268 'add' 'norm_y' <Predicate = (!tmp_152 & !tmp_153 & icmp_ln392)> <Delay = 1.20> <CoreInst = "Adder">   --->   Core 1 'Adder' <Latency = 0> <II = 1> <Delay = 1.20> <FuncUnit> <Opcode : 'add' 'sub'> <InPorts = 2> <OutPorts = 1>
ST_53 : Operation 1269 [1/1] (1.20ns)   --->   "%add_ln407 = add i33 %sext_ln407_1, i33 %sext_ln407" [top.cpp:407]   --->   Operation 1269 'add' 'add_ln407' <Predicate = (!tmp_152 & !tmp_153 & icmp_ln392)> <Delay = 1.20> <CoreInst = "Adder">   --->   Core 1 'Adder' <Latency = 0> <II = 1> <Delay = 1.20> <FuncUnit> <Opcode : 'add' 'sub'> <InPorts = 2> <OutPorts = 1>
ST_53 : Operation 1270 [1/1] (0.00ns)   --->   "%tmp_225 = bitselect i1 @_ssdm_op_BitSelect.i1.i33.i32, i33 %add_ln407, i32 32" [top.cpp:407]   --->   Operation 1270 'bitselect' 'tmp_225' <Predicate = (!tmp_152 & !tmp_153 & icmp_ln392)> <Delay = 0.00>
ST_53 : Operation 1271 [1/1] (0.00ns)   --->   "%tmp_226 = bitselect i1 @_ssdm_op_BitSelect.i1.i32.i32, i32 %norm_y, i32 31" [top.cpp:407]   --->   Operation 1271 'bitselect' 'tmp_226' <Predicate = (!tmp_152 & !tmp_153 & icmp_ln392)> <Delay = 0.00>
ST_53 : Operation 1272 [1/1] (0.00ns) (grouped into LUT with out node norm_y_1)   --->   "%xor_ln407 = xor i1 %tmp_225, i1 1" [top.cpp:407]   --->   Operation 1272 'xor' 'xor_ln407' <Predicate = (!tmp_152 & !tmp_153 & icmp_ln392)> <Delay = 0.00> <CoreInst = "LogicGate">   --->   Core 74 'LogicGate' <Latency = 0> <II = 1> <Delay = 0.33> <FuncUnit> <Opcode : 'and' 'or' 'xor'> <InPorts = 2> <OutPorts = 1>
ST_53 : Operation 1273 [1/1] (0.00ns) (grouped into LUT with out node norm_y_1)   --->   "%and_ln407 = and i1 %tmp_226, i1 %xor_ln407" [top.cpp:407]   --->   Operation 1273 'and' 'and_ln407' <Predicate = (!tmp_152 & !tmp_153 & icmp_ln392)> <Delay = 0.00> <CoreInst = "LogicGate">   --->   Core 74 'LogicGate' <Latency = 0> <II = 1> <Delay = 0.33> <FuncUnit> <Opcode : 'and' 'or' 'xor'> <InPorts = 2> <OutPorts = 1>
ST_53 : Operation 1274 [1/1] (0.00ns) (grouped into LUT with out node norm_y_1)   --->   "%xor_ln407_1 = xor i1 %tmp_225, i1 %tmp_226" [top.cpp:407]   --->   Operation 1274 'xor' 'xor_ln407_1' <Predicate = (!tmp_152 & !tmp_153 & icmp_ln392)> <Delay = 0.00> <CoreInst = "LogicGate">   --->   Core 74 'LogicGate' <Latency = 0> <II = 1> <Delay = 0.33> <FuncUnit> <Opcode : 'and' 'or' 'xor'> <InPorts = 2> <OutPorts = 1>
ST_53 : Operation 1275 [1/1] (0.00ns) (grouped into LUT with out node norm_y_1)   --->   "%select_ln407 = select i1 %and_ln407, i32 2147483647, i32 2147483648" [top.cpp:407]   --->   Operation 1275 'select' 'select_ln407' <Predicate = (!tmp_152 & !tmp_153 & icmp_ln392)> <Delay = 0.00> <CoreInst = "Sel">   --->   Core 73 'Sel' <Latency = 0> <II = 1> <Delay = 0.52> <FuncUnit> <Opcode : 'select'> <InPorts = 3> <OutPorts = 1>
ST_53 : Operation 1276 [1/1] (0.52ns) (out node of the LUT)   --->   "%norm_y_1 = select i1 %xor_ln407_1, i32 %select_ln407, i32 %norm_y" [top.cpp:407]   --->   Operation 1276 'select' 'norm_y_1' <Predicate = (!tmp_152 & !tmp_153 & icmp_ln392)> <Delay = 0.52> <CoreInst = "Sel">   --->   Core 73 'Sel' <Latency = 0> <II = 1> <Delay = 0.52> <FuncUnit> <Opcode : 'select'> <InPorts = 3> <OutPorts = 1>
ST_53 : Operation 1277 [1/1] (0.00ns)   --->   "%sext_ln408 = sext i32 %norm_y_1" [top.cpp:408]   --->   Operation 1277 'sext' 'sext_ln408' <Predicate = (!tmp_152 & !tmp_153 & icmp_ln392)> <Delay = 0.00>
ST_53 : Operation 1278 [1/1] (0.00ns)   --->   "%sext_ln408_1 = sext i32 %ny2_2" [top.cpp:408]   --->   Operation 1278 'sext' 'sext_ln408_1' <Predicate = (!tmp_152 & !tmp_153 & icmp_ln392)> <Delay = 0.00>
ST_53 : Operation 1279 [1/1] (1.20ns)   --->   "%add_ln408_1 = add i32 %ny2_2, i32 %norm_y_1" [top.cpp:408]   --->   Operation 1279 'add' 'add_ln408_1' <Predicate = (!tmp_152 & !tmp_153 & icmp_ln392)> <Delay = 1.20> <CoreInst = "Adder">   --->   Core 1 'Adder' <Latency = 0> <II = 1> <Delay = 1.20> <FuncUnit> <Opcode : 'add' 'sub'> <InPorts = 2> <OutPorts = 1>
ST_53 : Operation 1280 [1/1] (1.20ns)   --->   "%add_ln408 = add i33 %sext_ln408_1, i33 %sext_ln408" [top.cpp:408]   --->   Operation 1280 'add' 'add_ln408' <Predicate = (!tmp_152 & !tmp_153 & icmp_ln392)> <Delay = 1.20> <CoreInst = "Adder">   --->   Core 1 'Adder' <Latency = 0> <II = 1> <Delay = 1.20> <FuncUnit> <Opcode : 'add' 'sub'> <InPorts = 2> <OutPorts = 1>
ST_53 : Operation 1281 [1/1] (0.00ns)   --->   "%tmp_227 = bitselect i1 @_ssdm_op_BitSelect.i1.i33.i32, i33 %add_ln408, i32 32" [top.cpp:408]   --->   Operation 1281 'bitselect' 'tmp_227' <Predicate = (!tmp_152 & !tmp_153 & icmp_ln392)> <Delay = 0.00>
ST_53 : Operation 1282 [1/1] (0.00ns)   --->   "%tmp_228 = bitselect i1 @_ssdm_op_BitSelect.i1.i32.i32, i32 %add_ln408_1, i32 31" [top.cpp:408]   --->   Operation 1282 'bitselect' 'tmp_228' <Predicate = (!tmp_152 & !tmp_153 & icmp_ln392)> <Delay = 0.00>
ST_53 : Operation 1283 [1/1] (0.00ns) (grouped into LUT with out node norm_y_2)   --->   "%xor_ln408 = xor i1 %tmp_227, i1 1" [top.cpp:408]   --->   Operation 1283 'xor' 'xor_ln408' <Predicate = (!tmp_152 & !tmp_153 & icmp_ln392)> <Delay = 0.00> <CoreInst = "LogicGate">   --->   Core 74 'LogicGate' <Latency = 0> <II = 1> <Delay = 0.33> <FuncUnit> <Opcode : 'and' 'or' 'xor'> <InPorts = 2> <OutPorts = 1>
ST_53 : Operation 1284 [1/1] (0.00ns) (grouped into LUT with out node norm_y_2)   --->   "%and_ln408 = and i1 %tmp_228, i1 %xor_ln408" [top.cpp:408]   --->   Operation 1284 'and' 'and_ln408' <Predicate = (!tmp_152 & !tmp_153 & icmp_ln392)> <Delay = 0.00> <CoreInst = "LogicGate">   --->   Core 74 'LogicGate' <Latency = 0> <II = 1> <Delay = 0.33> <FuncUnit> <Opcode : 'and' 'or' 'xor'> <InPorts = 2> <OutPorts = 1>
ST_53 : Operation 1285 [1/1] (0.00ns) (grouped into LUT with out node norm_y_2)   --->   "%xor_ln408_1 = xor i1 %tmp_227, i1 %tmp_228" [top.cpp:408]   --->   Operation 1285 'xor' 'xor_ln408_1' <Predicate = (!tmp_152 & !tmp_153 & icmp_ln392)> <Delay = 0.00> <CoreInst = "LogicGate">   --->   Core 74 'LogicGate' <Latency = 0> <II = 1> <Delay = 0.33> <FuncUnit> <Opcode : 'and' 'or' 'xor'> <InPorts = 2> <OutPorts = 1>
ST_53 : Operation 1286 [1/1] (0.00ns) (grouped into LUT with out node norm_y_2)   --->   "%select_ln408 = select i1 %and_ln408, i32 2147483647, i32 2147483648" [top.cpp:408]   --->   Operation 1286 'select' 'select_ln408' <Predicate = (!tmp_152 & !tmp_153 & icmp_ln392)> <Delay = 0.00> <CoreInst = "Sel">   --->   Core 73 'Sel' <Latency = 0> <II = 1> <Delay = 0.52> <FuncUnit> <Opcode : 'select'> <InPorts = 3> <OutPorts = 1>
ST_53 : Operation 1287 [1/1] (0.52ns) (out node of the LUT)   --->   "%norm_y_2 = select i1 %xor_ln408_1, i32 %select_ln408, i32 %add_ln408_1" [top.cpp:408]   --->   Operation 1287 'select' 'norm_y_2' <Predicate = (!tmp_152 & !tmp_153 & icmp_ln392)> <Delay = 0.52> <CoreInst = "Sel">   --->   Core 73 'Sel' <Latency = 0> <II = 1> <Delay = 0.52> <FuncUnit> <Opcode : 'select'> <InPorts = 3> <OutPorts = 1>
ST_53 : Operation 1288 [1/1] ( I:1.35ns O:1.35ns )   --->   "%store_ln409 = store i32 %norm_y_2, i12 %normal_buffer_y_addr_1" [top.cpp:409]   --->   Operation 1288 'store' 'store_ln409' <Predicate = (!tmp_152 & !tmp_153 & icmp_ln392)> <Delay = 1.35> <CoreInst = "RAM">   --->   Core 82 'RAM' <Latency = 1> <II = 1> <Delay = 1.35> <Storage> <Opcode : 'load' 'store'> <Ports = 2> <Width = 32> <Depth = 4096> <RAM>
ST_53 : Operation 1289 [1/1] (0.00ns)   --->   "%sext_ln415 = sext i32 %nz0_2" [top.cpp:415]   --->   Operation 1289 'sext' 'sext_ln415' <Predicate = (!tmp_152 & !tmp_153 & icmp_ln392)> <Delay = 0.00>
ST_53 : Operation 1290 [1/1] (0.00ns)   --->   "%sext_ln415_1 = sext i32 %nz1_2" [top.cpp:415]   --->   Operation 1290 'sext' 'sext_ln415_1' <Predicate = (!tmp_152 & !tmp_153 & icmp_ln392)> <Delay = 0.00>
ST_53 : Operation 1291 [1/1] (1.20ns)   --->   "%norm_z = add i32 %nz1_2, i32 %nz0_2" [top.cpp:415]   --->   Operation 1291 'add' 'norm_z' <Predicate = (!tmp_152 & !tmp_153 & icmp_ln392)> <Delay = 1.20> <CoreInst = "Adder">   --->   Core 1 'Adder' <Latency = 0> <II = 1> <Delay = 1.20> <FuncUnit> <Opcode : 'add' 'sub'> <InPorts = 2> <OutPorts = 1>
ST_53 : Operation 1292 [1/1] (1.20ns)   --->   "%add_ln415 = add i33 %sext_ln415_1, i33 %sext_ln415" [top.cpp:415]   --->   Operation 1292 'add' 'add_ln415' <Predicate = (!tmp_152 & !tmp_153 & icmp_ln392)> <Delay = 1.20> <CoreInst = "Adder">   --->   Core 1 'Adder' <Latency = 0> <II = 1> <Delay = 1.20> <FuncUnit> <Opcode : 'add' 'sub'> <InPorts = 2> <OutPorts = 1>
ST_53 : Operation 1293 [1/1] (0.00ns)   --->   "%tmp_246 = bitselect i1 @_ssdm_op_BitSelect.i1.i33.i32, i33 %add_ln415, i32 32" [top.cpp:415]   --->   Operation 1293 'bitselect' 'tmp_246' <Predicate = (!tmp_152 & !tmp_153 & icmp_ln392)> <Delay = 0.00>
ST_53 : Operation 1294 [1/1] (0.00ns)   --->   "%tmp_247 = bitselect i1 @_ssdm_op_BitSelect.i1.i32.i32, i32 %norm_z, i32 31" [top.cpp:415]   --->   Operation 1294 'bitselect' 'tmp_247' <Predicate = (!tmp_152 & !tmp_153 & icmp_ln392)> <Delay = 0.00>
ST_53 : Operation 1295 [1/1] (0.00ns) (grouped into LUT with out node norm_z_1)   --->   "%xor_ln415 = xor i1 %tmp_246, i1 1" [top.cpp:415]   --->   Operation 1295 'xor' 'xor_ln415' <Predicate = (!tmp_152 & !tmp_153 & icmp_ln392)> <Delay = 0.00> <CoreInst = "LogicGate">   --->   Core 74 'LogicGate' <Latency = 0> <II = 1> <Delay = 0.33> <FuncUnit> <Opcode : 'and' 'or' 'xor'> <InPorts = 2> <OutPorts = 1>
ST_53 : Operation 1296 [1/1] (0.00ns) (grouped into LUT with out node norm_z_1)   --->   "%and_ln415 = and i1 %tmp_247, i1 %xor_ln415" [top.cpp:415]   --->   Operation 1296 'and' 'and_ln415' <Predicate = (!tmp_152 & !tmp_153 & icmp_ln392)> <Delay = 0.00> <CoreInst = "LogicGate">   --->   Core 74 'LogicGate' <Latency = 0> <II = 1> <Delay = 0.33> <FuncUnit> <Opcode : 'and' 'or' 'xor'> <InPorts = 2> <OutPorts = 1>
ST_53 : Operation 1297 [1/1] (0.00ns) (grouped into LUT with out node norm_z_1)   --->   "%xor_ln415_1 = xor i1 %tmp_246, i1 %tmp_247" [top.cpp:415]   --->   Operation 1297 'xor' 'xor_ln415_1' <Predicate = (!tmp_152 & !tmp_153 & icmp_ln392)> <Delay = 0.00> <CoreInst = "LogicGate">   --->   Core 74 'LogicGate' <Latency = 0> <II = 1> <Delay = 0.33> <FuncUnit> <Opcode : 'and' 'or' 'xor'> <InPorts = 2> <OutPorts = 1>
ST_53 : Operation 1298 [1/1] (0.00ns) (grouped into LUT with out node norm_z_1)   --->   "%select_ln415 = select i1 %and_ln415, i32 2147483647, i32 2147483648" [top.cpp:415]   --->   Operation 1298 'select' 'select_ln415' <Predicate = (!tmp_152 & !tmp_153 & icmp_ln392)> <Delay = 0.00> <CoreInst = "Sel">   --->   Core 73 'Sel' <Latency = 0> <II = 1> <Delay = 0.52> <FuncUnit> <Opcode : 'select'> <InPorts = 3> <OutPorts = 1>
ST_53 : Operation 1299 [1/1] (0.52ns) (out node of the LUT)   --->   "%norm_z_1 = select i1 %xor_ln415_1, i32 %select_ln415, i32 %norm_z" [top.cpp:415]   --->   Operation 1299 'select' 'norm_z_1' <Predicate = (!tmp_152 & !tmp_153 & icmp_ln392)> <Delay = 0.52> <CoreInst = "Sel">   --->   Core 73 'Sel' <Latency = 0> <II = 1> <Delay = 0.52> <FuncUnit> <Opcode : 'select'> <InPorts = 3> <OutPorts = 1>
ST_53 : Operation 1300 [1/1] (0.00ns)   --->   "%sext_ln416 = sext i32 %norm_z_1" [top.cpp:416]   --->   Operation 1300 'sext' 'sext_ln416' <Predicate = (!tmp_152 & !tmp_153 & icmp_ln392)> <Delay = 0.00>
ST_53 : Operation 1301 [1/1] (0.00ns)   --->   "%sext_ln416_1 = sext i32 %nz2_2" [top.cpp:416]   --->   Operation 1301 'sext' 'sext_ln416_1' <Predicate = (!tmp_152 & !tmp_153 & icmp_ln392)> <Delay = 0.00>
ST_53 : Operation 1302 [1/1] (1.20ns)   --->   "%add_ln416_1 = add i32 %nz2_2, i32 %norm_z_1" [top.cpp:416]   --->   Operation 1302 'add' 'add_ln416_1' <Predicate = (!tmp_152 & !tmp_153 & icmp_ln392)> <Delay = 1.20> <CoreInst = "Adder">   --->   Core 1 'Adder' <Latency = 0> <II = 1> <Delay = 1.20> <FuncUnit> <Opcode : 'add' 'sub'> <InPorts = 2> <OutPorts = 1>
ST_53 : Operation 1303 [1/1] (1.20ns)   --->   "%add_ln416 = add i33 %sext_ln416_1, i33 %sext_ln416" [top.cpp:416]   --->   Operation 1303 'add' 'add_ln416' <Predicate = (!tmp_152 & !tmp_153 & icmp_ln392)> <Delay = 1.20> <CoreInst = "Adder">   --->   Core 1 'Adder' <Latency = 0> <II = 1> <Delay = 1.20> <FuncUnit> <Opcode : 'add' 'sub'> <InPorts = 2> <OutPorts = 1>
ST_53 : Operation 1304 [1/1] (0.00ns)   --->   "%tmp_248 = bitselect i1 @_ssdm_op_BitSelect.i1.i33.i32, i33 %add_ln416, i32 32" [top.cpp:416]   --->   Operation 1304 'bitselect' 'tmp_248' <Predicate = (!tmp_152 & !tmp_153 & icmp_ln392)> <Delay = 0.00>
ST_53 : Operation 1305 [1/1] (0.00ns)   --->   "%tmp_249 = bitselect i1 @_ssdm_op_BitSelect.i1.i32.i32, i32 %add_ln416_1, i32 31" [top.cpp:416]   --->   Operation 1305 'bitselect' 'tmp_249' <Predicate = (!tmp_152 & !tmp_153 & icmp_ln392)> <Delay = 0.00>
ST_53 : Operation 1306 [1/1] (0.00ns) (grouped into LUT with out node norm_z_2)   --->   "%xor_ln416 = xor i1 %tmp_248, i1 1" [top.cpp:416]   --->   Operation 1306 'xor' 'xor_ln416' <Predicate = (!tmp_152 & !tmp_153 & icmp_ln392)> <Delay = 0.00> <CoreInst = "LogicGate">   --->   Core 74 'LogicGate' <Latency = 0> <II = 1> <Delay = 0.33> <FuncUnit> <Opcode : 'and' 'or' 'xor'> <InPorts = 2> <OutPorts = 1>
ST_53 : Operation 1307 [1/1] (0.00ns) (grouped into LUT with out node norm_z_2)   --->   "%and_ln416 = and i1 %tmp_249, i1 %xor_ln416" [top.cpp:416]   --->   Operation 1307 'and' 'and_ln416' <Predicate = (!tmp_152 & !tmp_153 & icmp_ln392)> <Delay = 0.00> <CoreInst = "LogicGate">   --->   Core 74 'LogicGate' <Latency = 0> <II = 1> <Delay = 0.33> <FuncUnit> <Opcode : 'and' 'or' 'xor'> <InPorts = 2> <OutPorts = 1>
ST_53 : Operation 1308 [1/1] (0.00ns) (grouped into LUT with out node norm_z_2)   --->   "%xor_ln416_1 = xor i1 %tmp_248, i1 %tmp_249" [top.cpp:416]   --->   Operation 1308 'xor' 'xor_ln416_1' <Predicate = (!tmp_152 & !tmp_153 & icmp_ln392)> <Delay = 0.00> <CoreInst = "LogicGate">   --->   Core 74 'LogicGate' <Latency = 0> <II = 1> <Delay = 0.33> <FuncUnit> <Opcode : 'and' 'or' 'xor'> <InPorts = 2> <OutPorts = 1>
ST_53 : Operation 1309 [1/1] (0.00ns) (grouped into LUT with out node norm_z_2)   --->   "%select_ln416 = select i1 %and_ln416, i32 2147483647, i32 2147483648" [top.cpp:416]   --->   Operation 1309 'select' 'select_ln416' <Predicate = (!tmp_152 & !tmp_153 & icmp_ln392)> <Delay = 0.00> <CoreInst = "Sel">   --->   Core 73 'Sel' <Latency = 0> <II = 1> <Delay = 0.52> <FuncUnit> <Opcode : 'select'> <InPorts = 3> <OutPorts = 1>
ST_53 : Operation 1310 [1/1] (0.52ns) (out node of the LUT)   --->   "%norm_z_2 = select i1 %xor_ln416_1, i32 %select_ln416, i32 %add_ln416_1" [top.cpp:416]   --->   Operation 1310 'select' 'norm_z_2' <Predicate = (!tmp_152 & !tmp_153 & icmp_ln392)> <Delay = 0.52> <CoreInst = "Sel">   --->   Core 73 'Sel' <Latency = 0> <II = 1> <Delay = 0.52> <FuncUnit> <Opcode : 'select'> <InPorts = 3> <OutPorts = 1>
ST_53 : Operation 1311 [1/1] ( I:1.35ns O:1.35ns )   --->   "%store_ln417 = store i32 %norm_z_2, i12 %normal_buffer_z_addr_1" [top.cpp:417]   --->   Operation 1311 'store' 'store_ln417' <Predicate = (!tmp_152 & !tmp_153 & icmp_ln392)> <Delay = 1.35> <CoreInst = "RAM">   --->   Core 82 'RAM' <Latency = 1> <II = 1> <Delay = 1.35> <Storage> <Opcode : 'load' 'store'> <Ports = 2> <Width = 32> <Depth = 4096> <RAM>
ST_53 : Operation 1312 [1/1] (0.00ns)   --->   "%br_ln418 = br void %if.end219" [top.cpp:418]   --->   Operation 1312 'br' 'br_ln418' <Predicate = (!tmp_152 & !tmp_153 & icmp_ln392)> <Delay = 0.00>
ST_53 : Operation 1313 [1/1] (0.00ns)   --->   "%br_ln419 = br void %for.inc221" [top.cpp:419]   --->   Operation 1313 'br' 'br_ln419' <Predicate = (!tmp_152 & !tmp_153)> <Delay = 0.00>
ST_53 : Operation 1314 [1/1] (1.47ns)   --->   "%add_ln339 = add i64 %x_2, i64 1" [top.cpp:339]   --->   Operation 1314 'add' 'add_ln339' <Predicate = true> <Delay = 1.47> <CoreInst = "Adder">   --->   Core 1 'Adder' <Latency = 0> <II = 1> <Delay = 1.47> <FuncUnit> <Opcode : 'add' 'sub'> <InPorts = 2> <OutPorts = 1>
ST_53 : Operation 1315 [1/1] (0.00ns)   --->   "%br_ln339 = br void %for.body82" [top.cpp:339]   --->   Operation 1315 'br' 'br_ln339' <Predicate = true> <Delay = 0.00>


============================================================
+ Verbose Summary: Timing violations
============================================================
Target clock period: 10.000ns, clock uncertainty: 2.700ns.

 <State 1>: 0.489ns
The critical path consists of the following:
	'alloca' operation 7 bit ('y', top.cpp:300) [28]  (0.000 ns)
	'store' operation 0 bit ('store_ln300', top.cpp:300) of constant 0 on local variable 'y', top.cpp:300 [29]  (0.489 ns)

 <State 2>: 1.386ns
The critical path consists of the following:
	'load' operation 7 bit ('y', top.cpp:300) on local variable 'y', top.cpp:300 [32]  (0.000 ns)
	'icmp' operation 1 bit ('icmp_ln300', top.cpp:300) [33]  (0.897 ns)
	'store' operation 0 bit ('store_ln309', top.cpp:309) of constant 0 on local variable 'i', top.cpp:309 [67]  (0.489 ns)

 <State 3>: 2.314ns
The critical path consists of the following:
	'phi' operation 7 bit ('x', top.cpp:301) with incoming values : ('add_ln301', top.cpp:301) [43]  (0.000 ns)
	'add' operation 12 bit ('add_ln302', top.cpp:302) [49]  (0.962 ns)
	'getelementptr' operation 12 bit ('depth_buffer_addr', top.cpp:302) [51]  (0.000 ns)
	'store' operation 0 bit ('store_ln302', top.cpp:302) of constant 655294464 on array 'depth_buffer' [57]  (1.352 ns)

 <State 4>: 0.907ns
The critical path consists of the following:
	'load' operation 8 bit ('i', top.cpp:309) on local variable 'i', top.cpp:309 [70]  (0.000 ns)
	'icmp' operation 1 bit ('icmp_ln309', top.cpp:309) [71]  (0.907 ns)

 <State 5>: 1.352ns
The critical path consists of the following:
	'getelementptr' operation 7 bit ('screen_tris_v0_x_addr', top.cpp:314) [82]  (0.000 ns)
	'load' operation 32 bit ('x0', top.cpp:314) on array 'screen_tris_v0_x' [83]  (1.352 ns)

 <State 6>: 3.080ns
The critical path consists of the following:
	'load' operation 32 bit ('x0', top.cpp:314) on array 'screen_tris_v0_x' [83]  (1.352 ns)
	'sub' operation 33 bit ('sub_ln322', top.cpp:322) [96]  (1.203 ns)
	'xor' operation 1 bit ('xor_ln322_1', top.cpp:322) [102]  (0.000 ns)
	'select' operation 32 bit ('dx1', top.cpp:322) [104]  (0.525 ns)

 <State 7>: 6.076ns
The critical path consists of the following:
	'mul' operation 64 bit ('mul_ln324', top.cpp:324) [118]  (3.880 ns)
	'add' operation 32 bit ('term_a', top.cpp:324) [124]  (1.203 ns)
	'xor' operation 1 bit ('xor_ln324', top.cpp:324) [126]  (0.000 ns)
	'and' operation 1 bit ('and_ln324', top.cpp:324) [127]  (0.331 ns)
	'select' operation 1 bit ('select_ln324_1', top.cpp:324) [137]  (0.000 ns)
	'and' operation 1 bit ('and_ln324_4', top.cpp:324) [143]  (0.331 ns)
	'or' operation 1 bit ('or_ln324_2', top.cpp:324) [144]  (0.000 ns)
	'xor' operation 1 bit ('xor_ln324_4', top.cpp:324) [145]  (0.000 ns)
	'and' operation 1 bit ('and_ln324_5', top.cpp:324) [146]  (0.000 ns)
	'or' operation 1 bit ('or_ln324_1', top.cpp:324) [148]  (0.331 ns)

 <State 8>: 3.430ns
The critical path consists of the following:
	'select' operation 32 bit ('select_ln324_2', top.cpp:324) [147]  (0.000 ns)
	'select' operation 32 bit ('term_a', top.cpp:324) [149]  (0.000 ns)
	'sub' operation 33 bit ('sub_ln330', top.cpp:330) [206]  (1.203 ns)
	'select' operation 32 bit ('area', top.cpp:330) [214]  (0.525 ns)
	'sdiv' operation 34 bit ('sdiv_ln336', top.cpp:336) [219]  (1.702 ns)

 <State 9>: 1.702ns
The critical path consists of the following:
	'sdiv' operation 34 bit ('sdiv_ln336', top.cpp:336) [219]  (1.702 ns)

 <State 10>: 1.702ns
The critical path consists of the following:
	'sdiv' operation 34 bit ('sdiv_ln336', top.cpp:336) [219]  (1.702 ns)

 <State 11>: 1.702ns
The critical path consists of the following:
	'sdiv' operation 34 bit ('sdiv_ln336', top.cpp:336) [219]  (1.702 ns)

 <State 12>: 1.702ns
The critical path consists of the following:
	'sdiv' operation 34 bit ('sdiv_ln336', top.cpp:336) [219]  (1.702 ns)

 <State 13>: 1.702ns
The critical path consists of the following:
	'sdiv' operation 34 bit ('sdiv_ln336', top.cpp:336) [219]  (1.702 ns)

 <State 14>: 1.702ns
The critical path consists of the following:
	'sdiv' operation 34 bit ('sdiv_ln336', top.cpp:336) [219]  (1.702 ns)

 <State 15>: 1.702ns
The critical path consists of the following:
	'sdiv' operation 34 bit ('sdiv_ln336', top.cpp:336) [219]  (1.702 ns)

 <State 16>: 1.702ns
The critical path consists of the following:
	'sdiv' operation 34 bit ('sdiv_ln336', top.cpp:336) [219]  (1.702 ns)

 <State 17>: 1.702ns
The critical path consists of the following:
	'sdiv' operation 34 bit ('sdiv_ln336', top.cpp:336) [219]  (1.702 ns)

 <State 18>: 1.702ns
The critical path consists of the following:
	'sdiv' operation 34 bit ('sdiv_ln336', top.cpp:336) [219]  (1.702 ns)

 <State 19>: 1.702ns
The critical path consists of the following:
	'sdiv' operation 34 bit ('sdiv_ln336', top.cpp:336) [219]  (1.702 ns)

 <State 20>: 1.702ns
The critical path consists of the following:
	'sdiv' operation 34 bit ('sdiv_ln336', top.cpp:336) [219]  (1.702 ns)

 <State 21>: 1.702ns
The critical path consists of the following:
	'sdiv' operation 34 bit ('sdiv_ln336', top.cpp:336) [219]  (1.702 ns)

 <State 22>: 1.702ns
The critical path consists of the following:
	'sdiv' operation 34 bit ('sdiv_ln336', top.cpp:336) [219]  (1.702 ns)

 <State 23>: 1.702ns
The critical path consists of the following:
	'sdiv' operation 34 bit ('sdiv_ln336', top.cpp:336) [219]  (1.702 ns)

 <State 24>: 1.702ns
The critical path consists of the following:
	'sdiv' operation 34 bit ('sdiv_ln336', top.cpp:336) [219]  (1.702 ns)

 <State 25>: 1.702ns
The critical path consists of the following:
	'sdiv' operation 34 bit ('sdiv_ln336', top.cpp:336) [219]  (1.702 ns)

 <State 26>: 1.702ns
The critical path consists of the following:
	'sdiv' operation 34 bit ('sdiv_ln336', top.cpp:336) [219]  (1.702 ns)

 <State 27>: 1.702ns
The critical path consists of the following:
	'sdiv' operation 34 bit ('sdiv_ln336', top.cpp:336) [219]  (1.702 ns)

 <State 28>: 1.702ns
The critical path consists of the following:
	'sdiv' operation 34 bit ('sdiv_ln336', top.cpp:336) [219]  (1.702 ns)

 <State 29>: 1.702ns
The critical path consists of the following:
	'sdiv' operation 34 bit ('sdiv_ln336', top.cpp:336) [219]  (1.702 ns)

 <State 30>: 1.702ns
The critical path consists of the following:
	'sdiv' operation 34 bit ('sdiv_ln336', top.cpp:336) [219]  (1.702 ns)

 <State 31>: 1.702ns
The critical path consists of the following:
	'sdiv' operation 34 bit ('sdiv_ln336', top.cpp:336) [219]  (1.702 ns)

 <State 32>: 1.702ns
The critical path consists of the following:
	'sdiv' operation 34 bit ('sdiv_ln336', top.cpp:336) [219]  (1.702 ns)

 <State 33>: 1.702ns
The critical path consists of the following:
	'sdiv' operation 34 bit ('sdiv_ln336', top.cpp:336) [219]  (1.702 ns)

 <State 34>: 1.702ns
The critical path consists of the following:
	'sdiv' operation 34 bit ('sdiv_ln336', top.cpp:336) [219]  (1.702 ns)

 <State 35>: 1.702ns
The critical path consists of the following:
	'sdiv' operation 34 bit ('sdiv_ln336', top.cpp:336) [219]  (1.702 ns)

 <State 36>: 1.702ns
The critical path consists of the following:
	'sdiv' operation 34 bit ('sdiv_ln336', top.cpp:336) [219]  (1.702 ns)

 <State 37>: 1.702ns
The critical path consists of the following:
	'sdiv' operation 34 bit ('sdiv_ln336', top.cpp:336) [219]  (1.702 ns)

 <State 38>: 1.702ns
The critical path consists of the following:
	'sdiv' operation 34 bit ('sdiv_ln336', top.cpp:336) [219]  (1.702 ns)

 <State 39>: 1.702ns
The critical path consists of the following:
	'sdiv' operation 34 bit ('sdiv_ln336', top.cpp:336) [219]  (1.702 ns)

 <State 40>: 1.702ns
The critical path consists of the following:
	'sdiv' operation 34 bit ('sdiv_ln336', top.cpp:336) [219]  (1.702 ns)

 <State 41>: 1.702ns
The critical path consists of the following:
	'sdiv' operation 34 bit ('sdiv_ln336', top.cpp:336) [219]  (1.702 ns)

 <State 42>: 1.702ns
The critical path consists of the following:
	'sdiv' operation 34 bit ('sdiv_ln336', top.cpp:336) [219]  (1.702 ns)

 <State 43>: 1.702ns
The critical path consists of the following:
	'sdiv' operation 34 bit ('sdiv_ln336', top.cpp:336) [219]  (1.702 ns)

 <State 44>: 1.702ns
The critical path consists of the following:
	'sdiv' operation 34 bit ('sdiv_ln336', top.cpp:336) [219]  (1.702 ns)

 <State 45>: 3.183ns
The critical path consists of the following:
	'sdiv' operation 34 bit ('sdiv_ln336', top.cpp:336) [219]  (1.702 ns)
	'icmp' operation 1 bit ('icmp_ln336_1', top.cpp:336) [225]  (0.625 ns)
	'or' operation 1 bit ('or_ln336', top.cpp:336) [226]  (0.000 ns)
	'and' operation 1 bit ('and_ln336', top.cpp:336) [228]  (0.331 ns)
	'select' operation 32 bit ('select_ln336', top.cpp:336) [232]  (0.000 ns)
	'select' operation 32 bit ('inv_area', top.cpp:336) [234]  (0.525 ns)

 <State 46>: 4.803ns
The critical path consists of the following:
	'phi' operation 64 bit ('y', top.cpp:338) with incoming values : ('zext_ln338_1', top.cpp:338) ('add_ln338', top.cpp:338) [286]  (0.000 ns)
	'icmp' operation 1 bit ('tobool35_i_i_i5489', top.cpp:342) [299]  (1.016 ns)
	'or' operation 1 bit ('brmerge77', top.cpp:342) [300]  (0.000 ns)
	'and' operation 1 bit ('spec_select417', top.cpp:342) [302]  (0.331 ns)
	'select' operation 32 bit ('spec_select81', top.cpp:342) [306]  (0.000 ns)
	'select' operation 32 bit ('spec_select418', top.cpp:342) [308]  (0.000 ns)
	'add' operation 33 bit ('add_i5370', top.cpp:342) [310]  (1.203 ns)
	'xor' operation 1 bit ('brmerge87', top.cpp:342) [316]  (0.000 ns)
	'select' operation 32 bit ('py', top.cpp:342) [318]  (0.525 ns)
	'sub' operation 33 bit ('sub_i5178', top.cpp:323) [320]  (1.203 ns)
	'xor' operation 1 bit ('brmerge101', top.cpp:346) [326]  (0.000 ns)
	'select' operation 32 bit ('w0_dy2', top.cpp:346) [328]  (0.525 ns)

 <State 47>: 4.803ns
The critical path consists of the following:
	'phi' operation 64 bit ('x', top.cpp:338) with incoming values : ('zext_ln338', top.cpp:338) ('add_ln339', top.cpp:339) [352]  (0.000 ns)
	'icmp' operation 1 bit ('icmp_ln341_1', top.cpp:341) [370]  (1.016 ns)
	'or' operation 1 bit ('or_ln341', top.cpp:341) [371]  (0.000 ns)
	'and' operation 1 bit ('and_ln341', top.cpp:341) [373]  (0.331 ns)
	'select' operation 32 bit ('select_ln341', top.cpp:341) [377]  (0.000 ns)
	'select' operation 32 bit ('select_ln341_1', top.cpp:341) [379]  (0.000 ns)
	'add' operation 33 bit ('add_ln341', top.cpp:341) [381]  (1.203 ns)
	'xor' operation 1 bit ('xor_ln341_3', top.cpp:341) [387]  (0.000 ns)
	'select' operation 32 bit ('px', top.cpp:341) [389]  (0.525 ns)
	'sub' operation 33 bit ('sub_ln345', top.cpp:345) [391]  (1.203 ns)
	'select' operation 32 bit ('w0_dx1', top.cpp:345) [399]  (0.525 ns)

 <State 48>: 6.076ns
The critical path consists of the following:
	'mul' operation 64 bit ('mul_ln347', top.cpp:347) [401]  (3.880 ns)
	'add' operation 32 bit ('w0_term1', top.cpp:347) [407]  (1.203 ns)
	'xor' operation 1 bit ('xor_ln347', top.cpp:347) [409]  (0.000 ns)
	'and' operation 1 bit ('and_ln347', top.cpp:347) [410]  (0.331 ns)
	'select' operation 1 bit ('select_ln347_1', top.cpp:347) [420]  (0.000 ns)
	'and' operation 1 bit ('and_ln347_4', top.cpp:347) [426]  (0.331 ns)
	'or' operation 1 bit ('or_ln347_2', top.cpp:347) [427]  (0.000 ns)
	'xor' operation 1 bit ('xor_ln347_4', top.cpp:347) [428]  (0.000 ns)
	'and' operation 1 bit ('and_ln347_5', top.cpp:347) [429]  (0.000 ns)
	'or' operation 1 bit ('or_ln347_1', top.cpp:347) [431]  (0.331 ns)

 <State 49>: 1.728ns
The critical path consists of the following:
	'select' operation 32 bit ('select_ln347_2', top.cpp:347) [430]  (0.000 ns)
	'select' operation 32 bit ('w0_term1', top.cpp:347) [432]  (0.000 ns)
	'sub' operation 33 bit ('sub_ln353', top.cpp:353) [477]  (1.203 ns)
	'select' operation 32 bit ('w0_diff', top.cpp:353) [485]  (0.525 ns)

 <State 50>: 7.002ns
The critical path consists of the following:
	'mul' operation 64 bit ('mul_ln366', top.cpp:366) [605]  (3.880 ns)
	'add' operation 32 bit ('w1', top.cpp:366) [611]  (1.203 ns)
	'xor' operation 1 bit ('xor_ln366', top.cpp:366) [613]  (0.000 ns)
	'and' operation 1 bit ('and_ln366', top.cpp:366) [614]  (0.331 ns)
	'select' operation 1 bit ('select_ln366', top.cpp:366) [621]  (0.000 ns)
	'xor' operation 1 bit ('xor_ln366_2', top.cpp:366) [626]  (0.000 ns)
	'or' operation 1 bit ('or_ln366', top.cpp:366) [627]  (0.000 ns)
	'and' operation 1 bit ('and_ln366_3', top.cpp:366) [629]  (0.331 ns)
	'or' operation 1 bit ('or_ln366_1', top.cpp:366) [635]  (0.331 ns)
	'select' operation 32 bit ('w1', top.cpp:366) [636]  (0.525 ns)
	'or' operation 32 bit ('or_ln381', top.cpp:381) [748]  (0.401 ns)

 <State 51>: 6.601ns
The critical path consists of the following:
	'mul' operation 63 bit ('mul_ln384', top.cpp:384) [753]  (3.880 ns)
	'add' operation 32 bit ('z0_val', top.cpp:384) [759]  (1.203 ns)
	'xor' operation 1 bit ('xor_ln384', top.cpp:384) [761]  (0.000 ns)
	'and' operation 1 bit ('and_ln384', top.cpp:384) [762]  (0.331 ns)
	'select' operation 1 bit ('select_ln384', top.cpp:384) [769]  (0.000 ns)
	'xor' operation 1 bit ('xor_ln384_2', top.cpp:384) [774]  (0.000 ns)
	'or' operation 1 bit ('or_ln384', top.cpp:384) [775]  (0.000 ns)
	'and' operation 1 bit ('and_ln384_3', top.cpp:384) [777]  (0.331 ns)
	'or' operation 1 bit ('or_ln384_1', top.cpp:384) [783]  (0.331 ns)
	'select' operation 32 bit ('z0_val', top.cpp:384) [784]  (0.525 ns)

 <State 52>: 6.601ns
The critical path consists of the following:
	'mul' operation 63 bit ('mul_ln396', top.cpp:396) [878]  (3.880 ns)
	'add' operation 32 bit ('nx0', top.cpp:396) [884]  (1.203 ns)
	'xor' operation 1 bit ('xor_ln396', top.cpp:396) [886]  (0.000 ns)
	'and' operation 1 bit ('and_ln396', top.cpp:396) [887]  (0.331 ns)
	'select' operation 1 bit ('select_ln396', top.cpp:396) [894]  (0.000 ns)
	'xor' operation 1 bit ('xor_ln396_2', top.cpp:396) [899]  (0.000 ns)
	'or' operation 1 bit ('or_ln396', top.cpp:396) [900]  (0.000 ns)
	'and' operation 1 bit ('and_ln396_3', top.cpp:396) [902]  (0.331 ns)
	'or' operation 1 bit ('or_ln396_1', top.cpp:396) [908]  (0.331 ns)
	'select' operation 32 bit ('nx0', top.cpp:396) [909]  (0.525 ns)

 <State 53>: 4.808ns
The critical path consists of the following:
	'add' operation 33 bit ('add_ln399', top.cpp:399) [977]  (1.203 ns)
	'xor' operation 1 bit ('xor_ln399_1', top.cpp:399) [982]  (0.000 ns)
	'select' operation 32 bit ('norm_x', top.cpp:399) [984]  (0.525 ns)
	'add' operation 32 bit ('add_ln400_1', top.cpp:400) [987]  (1.203 ns)
	'select' operation 32 bit ('norm_x', top.cpp:400) [995]  (0.525 ns)
	'store' operation 0 bit ('store_ln401', top.cpp:401) of variable 'norm_x', top.cpp:400 on array 'normal_buffer_x' [996]  (1.352 ns)


============================================================
+ Verbose Summary: Binding
============================================================
N/A
* FSMD analyzer results:
  - Output states:
 - Input state : 
  - Chain level:
	State 1
	State 2
	State 3
	State 4
	State 5
	State 6
	State 7
	State 8
	State 9
	State 10
	State 11
	State 12
	State 13
	State 14
	State 15
	State 16
	State 17
	State 18
	State 19
	State 20
	State 21
	State 22
	State 23
	State 24
	State 25
	State 26
	State 27
	State 28
	State 29
	State 30
	State 31
	State 32
	State 33
	State 34
	State 35
	State 36
	State 37
	State 38
	State 39
	State 40
	State 41
	State 42
	State 43
	State 44
	State 45
	State 46
	State 47
	State 48
	State 49
	State 50
	State 51
	State 52
	State 53


============================================================
+ Verbose Summary: Datapath Resource usage 
============================================================
N/A
