

================================================================
== Vitis HLS Report for 'top_kernel'
================================================================
* Date:           Mon Mar 30 23:31:11 2026

* Version:        2025.1.1 (Build 6214317 on Sep 11 2025)
* Project:        project_1
* Solution:       hls (Vivado IP Flow Target)
* Product family: zynquplus
* Target device:  xczu3eg-sbva484-1-e


================================================================
== Performance Estimates
================================================================
+ Timing: 
    * Summary: 
    +--------+----------+----------+------------+
    |  Clock |  Target  | Estimated| Uncertainty|
    +--------+----------+----------+------------+
    |ap_clk  |  10.00 ns|  7.300 ns|     2.70 ns|
    +--------+----------+----------+------------+

+ Latency: 
    * Summary: 
    +---------+---------+----------+----------+-----+-----+----------+
    |  Latency (cycles) |  Latency (absolute) |  Interval | Pipeline |
    |   min   |   max   |    min   |    max   | min | max |   Type   |
    +---------+---------+----------+----------+-----+-----+----------+
    |        ?|        ?|         ?|         ?|    ?|    ?|  dataflow|
    +---------+---------+----------+----------+-----+-----+----------+

    + Detail: 
        * Instance: 
        +-----------------------------------------+--------------------------------------+---------+---------+-----------+-----------+-------+-------+---------+
        |                                         |                                      |  Latency (cycles) |   Latency (absolute)  |    Interval   | Pipeline|
        |                 Instance                |                Module                |   min   |   max   |    min    |    max    |  min  |  max  |   Type  |
        +-----------------------------------------+--------------------------------------+---------+---------+-----------+-----------+-------+-------+---------+
        |entry_proc_U0                            |entry_proc                            |        0|        0|       0 ns|       0 ns|      0|      0|       no|
        |k1_vertex_transform_U0                   |k1_vertex_transform                   |     2336|     2336|  23.360 us|  23.360 us|   2336|   2336|       no|
        |k2_perspective_divide_U0                 |k2_perspective_divide                 |      385|    16513|   3.850 us|   0.165 ms|    385|  16513|       no|
        |Block_entry_screen_tris_v0_x_rd_proc_U0  |Block_entry_screen_tris_v0_x_rd_proc  |        ?|        ?|          ?|          ?|      ?|      ?|       no|
        |k5_deferred_lighting_U0                  |k5_deferred_lighting                  |    20615|    20615|   0.206 ms|   0.206 ms|  20615|  20615|       no|
        +-----------------------------------------+--------------------------------------+---------+---------+-----------+-----------+-------+-------+---------+

        * Loop: 
        N/A



================================================================
== Utilization Estimates
================================================================
* Summary: 
+-----------------+---------+-----+--------+-------+-----+
|       Name      | BRAM_18K| DSP |   FF   |  LUT  | URAM|
+-----------------+---------+-----+--------+-------+-----+
|DSP              |        -|    -|       -|      -|    -|
|Expression       |        -|    -|       0|     24|    -|
|FIFO             |        -|    -|      99|     66|    -|
|Instance         |       93|  110|   16278|  31738|    0|
|Memory           |      144|    -|       4|      8|    0|
|Multiplexer      |        -|    -|       0|     45|    -|
|Register         |        -|    -|       5|      -|    -|
+-----------------+---------+-----+--------+-------+-----+
|Total            |      237|  110|   16386|  31881|    0|
+-----------------+---------+-----+--------+-------+-----+
|Available        |      432|  360|  141120|  70560|    0|
+-----------------+---------+-----+--------+-------+-----+
|Utilization (%)  |       54|   30|      11|     45|    0|
+-----------------+---------+-----+--------+-------+-----+

+ Detail: 
    * Instance: 
    +-----------------------------------------+--------------------------------------+---------+----+------+-------+-----+
    |                 Instance                |                Module                | BRAM_18K| DSP|  FF  |  LUT  | URAM|
    +-----------------------------------------+--------------------------------------+---------+----+------+-------+-----+
    |Block_entry_screen_tris_v0_x_rd_proc_U0  |Block_entry_screen_tris_v0_x_rd_proc  |       36|  84|  4087|   7347|    0|
    |control_s_axi_U                          |control_s_axi                         |        0|   0|   176|    296|    0|
    |entry_proc_U0                            |entry_proc                            |        0|   0|     2|     20|    0|
    |gmem0_m_axi_U                            |gmem0_m_axi                           |       57|   0|  2652|   2720|    0|
    |gmem1_m_axi_U                            |gmem1_m_axi                           |        0|   0|   611|    666|    0|
    |k1_vertex_transform_U0                   |k1_vertex_transform                   |        0|  12|  7428|  17558|    0|
    |k2_perspective_divide_U0                 |k2_perspective_divide                 |        0|  12|  1085|   2147|    0|
    |k5_deferred_lighting_U0                  |k5_deferred_lighting                  |        0|   2|   237|    984|    0|
    +-----------------------------------------+--------------------------------------+---------+----+------+-------+-----+
    |Total                                    |                                      |       93| 110| 16278|  31738|    0|
    +-----------------------------------------+--------------------------------------+---------+----+------+-------+-----+

    * DSP: 
    N/A

    * Memory: 
    +-------------------------+-----------------------------------+---------+---+----+-----+------+-----+------+-------------+
    |          Memory         |               Module              | BRAM_18K| FF| LUT| URAM| Words| Bits| Banks| W*Bits*Banks|
    +-------------------------+-----------------------------------+---------+---+----+-----+------+-----+------+-------------+
    |clip_tris_is_active_U    |clip_tris_is_active_RAM_AUTO_1R1W  |        0|  2|   4|    0|   128|    1|     1|          128|
    |screen_tris_is_active_U  |clip_tris_is_active_RAM_AUTO_1R1W  |        0|  2|   4|    0|   128|    1|     1|          128|
    |clip_tris_n0_x_U         |clip_tris_n0_x_RAM_AUTO_1R1W       |        2|  0|   0|    0|   128|   32|     1|         4096|
    |clip_tris_n0_y_U         |clip_tris_n0_x_RAM_AUTO_1R1W       |        2|  0|   0|    0|   128|   32|     1|         4096|
    |clip_tris_n0_z_U         |clip_tris_n0_x_RAM_AUTO_1R1W       |        2|  0|   0|    0|   128|   32|     1|         4096|
    |clip_tris_n1_x_U         |clip_tris_n0_x_RAM_AUTO_1R1W       |        2|  0|   0|    0|   128|   32|     1|         4096|
    |clip_tris_n1_y_U         |clip_tris_n0_x_RAM_AUTO_1R1W       |        2|  0|   0|    0|   128|   32|     1|         4096|
    |clip_tris_n1_z_U         |clip_tris_n0_x_RAM_AUTO_1R1W       |        2|  0|   0|    0|   128|   32|     1|         4096|
    |clip_tris_n2_x_U         |clip_tris_n0_x_RAM_AUTO_1R1W       |        2|  0|   0|    0|   128|   32|     1|         4096|
    |clip_tris_n2_y_U         |clip_tris_n0_x_RAM_AUTO_1R1W       |        2|  0|   0|    0|   128|   32|     1|         4096|
    |clip_tris_n2_z_U         |clip_tris_n0_x_RAM_AUTO_1R1W       |        2|  0|   0|    0|   128|   32|     1|         4096|
    |clip_tris_v0_x_U         |clip_tris_n0_x_RAM_AUTO_1R1W       |        2|  0|   0|    0|   128|   32|     1|         4096|
    |clip_tris_v0_y_U         |clip_tris_n0_x_RAM_AUTO_1R1W       |        2|  0|   0|    0|   128|   32|     1|         4096|
    |clip_tris_v0_z_U         |clip_tris_n0_x_RAM_AUTO_1R1W       |        2|  0|   0|    0|   128|   32|     1|         4096|
    |clip_tris_v1_w_U         |clip_tris_n0_x_RAM_AUTO_1R1W       |        2|  0|   0|    0|   128|   32|     1|         4096|
    |clip_tris_v1_x_U         |clip_tris_n0_x_RAM_AUTO_1R1W       |        2|  0|   0|    0|   128|   32|     1|         4096|
    |clip_tris_v1_y_U         |clip_tris_n0_x_RAM_AUTO_1R1W       |        2|  0|   0|    0|   128|   32|     1|         4096|
    |clip_tris_v1_z_U         |clip_tris_n0_x_RAM_AUTO_1R1W       |        2|  0|   0|    0|   128|   32|     1|         4096|
    |clip_tris_v2_w_U         |clip_tris_n0_x_RAM_AUTO_1R1W       |        2|  0|   0|    0|   128|   32|     1|         4096|
    |clip_tris_v2_x_U         |clip_tris_n0_x_RAM_AUTO_1R1W       |        2|  0|   0|    0|   128|   32|     1|         4096|
    |clip_tris_v2_y_U         |clip_tris_n0_x_RAM_AUTO_1R1W       |        2|  0|   0|    0|   128|   32|     1|         4096|
    |clip_tris_v2_z_U         |clip_tris_n0_x_RAM_AUTO_1R1W       |        2|  0|   0|    0|   128|   32|     1|         4096|
    |screen_tris_v0_x_U       |clip_tris_n0_x_RAM_AUTO_1R1W       |        2|  0|   0|    0|   128|   32|     1|         4096|
    |screen_tris_v0_y_U       |clip_tris_n0_x_RAM_AUTO_1R1W       |        2|  0|   0|    0|   128|   32|     1|         4096|
    |screen_tris_v0_z_U       |clip_tris_n0_x_RAM_AUTO_1R1W       |        2|  0|   0|    0|   128|   32|     1|         4096|
    |screen_tris_v1_x_U       |clip_tris_n0_x_RAM_AUTO_1R1W       |        2|  0|   0|    0|   128|   32|     1|         4096|
    |screen_tris_v1_y_U       |clip_tris_n0_x_RAM_AUTO_1R1W       |        2|  0|   0|    0|   128|   32|     1|         4096|
    |screen_tris_v1_z_U       |clip_tris_n0_x_RAM_AUTO_1R1W       |        2|  0|   0|    0|   128|   32|     1|         4096|
    |screen_tris_v2_x_U       |clip_tris_n0_x_RAM_AUTO_1R1W       |        2|  0|   0|    0|   128|   32|     1|         4096|
    |screen_tris_v2_y_U       |clip_tris_n0_x_RAM_AUTO_1R1W       |        2|  0|   0|    0|   128|   32|     1|         4096|
    |screen_tris_v2_z_U       |clip_tris_n0_x_RAM_AUTO_1R1W       |        2|  0|   0|    0|   128|   32|     1|         4096|
    |screen_tris_n0_x_U       |clip_tris_n0_x_RAM_AUTO_1R1W       |        2|  0|   0|    0|   128|   32|     1|         4096|
    |screen_tris_n0_y_U       |clip_tris_n0_x_RAM_AUTO_1R1W       |        2|  0|   0|    0|   128|   32|     1|         4096|
    |screen_tris_n0_z_U       |clip_tris_n0_x_RAM_AUTO_1R1W       |        2|  0|   0|    0|   128|   32|     1|         4096|
    |screen_tris_n1_x_U       |clip_tris_n0_x_RAM_AUTO_1R1W       |        2|  0|   0|    0|   128|   32|     1|         4096|
    |screen_tris_n1_y_U       |clip_tris_n0_x_RAM_AUTO_1R1W       |        2|  0|   0|    0|   128|   32|     1|         4096|
    |screen_tris_n1_z_U       |clip_tris_n0_x_RAM_AUTO_1R1W       |        2|  0|   0|    0|   128|   32|     1|         4096|
    |screen_tris_n2_x_U       |clip_tris_n0_x_RAM_AUTO_1R1W       |        2|  0|   0|    0|   128|   32|     1|         4096|
    |screen_tris_n2_y_U       |clip_tris_n0_x_RAM_AUTO_1R1W       |        2|  0|   0|    0|   128|   32|     1|         4096|
    |screen_tris_n2_z_U       |clip_tris_n0_x_RAM_AUTO_1R1W       |        2|  0|   0|    0|   128|   32|     1|         4096|
    |clip_tris_v0_w_U         |clip_tris_v0_w_RAM_AUTO_1R1W       |        4|  0|   0|    0|   128|   32|     1|         4096|
    |depth_buffer_U           |depth_buffer_RAM_AUTO_1R1W         |       16|  0|   0|    0|  4096|   32|     1|       131072|
    |normal_buffer_x_U        |depth_buffer_RAM_AUTO_1R1W         |       16|  0|   0|    0|  4096|   32|     1|       131072|
    |normal_buffer_y_U        |depth_buffer_RAM_AUTO_1R1W         |       16|  0|   0|    0|  4096|   32|     1|       131072|
    |normal_buffer_z_U        |depth_buffer_RAM_AUTO_1R1W         |       16|  0|   0|    0|  4096|   32|     1|       131072|
    +-------------------------+-----------------------------------+---------+---+----+-----+------+-----+------+-------------+
    |Total                    |                                   |      144|  4|   8|    0| 21632| 1378|    45|       684288|
    +-------------------------+-----------------------------------+---------+---+----+-----+------+-----+------+-------------+

    * FIFO: 
    +----------------+---------+----+----+-----+------+-----+---------+
    |      Name      | BRAM_18K| FF | LUT| URAM| Depth| Bits| Size:D*B|
    +----------------+---------+----+----+-----+------+-----+---------+
    |out_pixels_c_U  |        0|  99|   0|    -|     5|   64|      320|
    +----------------+---------+----+----+-----+------+-----+---------+
    |Total           |        0|  99|   0|    0|     5|   64|      320|
    +----------------+---------+----+----+-----+------+-----+---------+

    * Expression: 
    +---------------------------------------------+----------+----+---+----+------------+------------+
    |                Variable Name                | Operation| DSP| FF| LUT| Bitwidth P0| Bitwidth P1|
    +---------------------------------------------+----------+----+---+----+------------+------------+
    |ap_channel_done_clip_tris_v2_z               |       and|   0|  0|   2|           1|           1|
    |ap_channel_done_normal_buffer_z              |       and|   0|  0|   2|           1|           1|
    |ap_channel_done_screen_tris_is_active        |       and|   0|  0|   2|           1|           1|
    |ap_idle                                      |       and|   0|  0|   2|           1|           1|
    |ap_sync_ready                                |       and|   0|  0|   2|           1|           1|
    |entry_proc_U0_ap_start                       |       and|   0|  0|   2|           1|           1|
    |k1_vertex_transform_U0_ap_start              |       and|   0|  0|   2|           1|           1|
    |ap_sync_channel_write_clip_tris_v2_z         |        or|   0|  0|   2|           1|           1|
    |ap_sync_channel_write_normal_buffer_z        |        or|   0|  0|   2|           1|           1|
    |ap_sync_channel_write_screen_tris_is_active  |        or|   0|  0|   2|           1|           1|
    |ap_sync_entry_proc_U0_ap_ready               |        or|   0|  0|   2|           1|           1|
    |ap_sync_k1_vertex_transform_U0_ap_ready      |        or|   0|  0|   2|           1|           1|
    +---------------------------------------------+----------+----+---+----+------------+------------+
    |Total                                        |          |   0|  0|  24|          12|          12|
    +---------------------------------------------+----------+----+---+----+------------+------------+

    * Multiplexer: 
    +-------------------------------------------------+----+-----------+-----+-----------+
    |                       Name                      | LUT| Input Size| Bits| Total Bits|
    +-------------------------------------------------+----+-----------+-----+-----------+
    |ap_sync_reg_channel_write_clip_tris_v2_z         |   9|          2|    1|          2|
    |ap_sync_reg_channel_write_normal_buffer_z        |   9|          2|    1|          2|
    |ap_sync_reg_channel_write_screen_tris_is_active  |   9|          2|    1|          2|
    |ap_sync_reg_entry_proc_U0_ap_ready               |   9|          2|    1|          2|
    |ap_sync_reg_k1_vertex_transform_U0_ap_ready      |   9|          2|    1|          2|
    +-------------------------------------------------+----+-----------+-----+-----------+
    |Total                                            |  45|         10|    5|         10|
    +-------------------------------------------------+----+-----------+-----+-----------+

    * Register: 
    +-------------------------------------------------+---+----+-----+-----------+
    |                       Name                      | FF| LUT| Bits| Const Bits|
    +-------------------------------------------------+---+----+-----+-----------+
    |ap_sync_reg_channel_write_clip_tris_v2_z         |  1|   0|    1|          0|
    |ap_sync_reg_channel_write_normal_buffer_z        |  1|   0|    1|          0|
    |ap_sync_reg_channel_write_screen_tris_is_active  |  1|   0|    1|          0|
    |ap_sync_reg_entry_proc_U0_ap_ready               |  1|   0|    1|          0|
    |ap_sync_reg_k1_vertex_transform_U0_ap_ready      |  1|   0|    1|          0|
    +-------------------------------------------------+---+----+-----+-----------+
    |Total                                            |  5|   0|    5|          0|
    +-------------------------------------------------+---+----+-----+-----------+



================================================================
== Interface
================================================================
* Summary: 
+-----------------------+-----+------+------------+--------------+--------------+
|       RTL Ports       | Dir | Bits |  Protocol  | Source Object|    C Type    |
+-----------------------+-----+------+------------+--------------+--------------+
|s_axi_control_AWVALID  |   in|     1|       s_axi|       control|        scalar|
|s_axi_control_AWREADY  |  out|     1|       s_axi|       control|        scalar|
|s_axi_control_AWADDR   |   in|     6|       s_axi|       control|        scalar|
|s_axi_control_WVALID   |   in|     1|       s_axi|       control|        scalar|
|s_axi_control_WREADY   |  out|     1|       s_axi|       control|        scalar|
|s_axi_control_WDATA    |   in|    32|       s_axi|       control|        scalar|
|s_axi_control_WSTRB    |   in|     4|       s_axi|       control|        scalar|
|s_axi_control_ARVALID  |   in|     1|       s_axi|       control|        scalar|
|s_axi_control_ARREADY  |  out|     1|       s_axi|       control|        scalar|
|s_axi_control_ARADDR   |   in|     6|       s_axi|       control|        scalar|
|s_axi_control_RVALID   |  out|     1|       s_axi|       control|        scalar|
|s_axi_control_RREADY   |   in|     1|       s_axi|       control|        scalar|
|s_axi_control_RDATA    |  out|    32|       s_axi|       control|        scalar|
|s_axi_control_RRESP    |  out|     2|       s_axi|       control|        scalar|
|s_axi_control_BVALID   |  out|     1|       s_axi|       control|        scalar|
|s_axi_control_BREADY   |   in|     1|       s_axi|       control|        scalar|
|s_axi_control_BRESP    |  out|     2|       s_axi|       control|        scalar|
|ap_clk                 |   in|     1|  ap_ctrl_hs|    top_kernel|  return value|
|ap_rst_n               |   in|     1|  ap_ctrl_hs|    top_kernel|  return value|
|interrupt              |  out|     1|  ap_ctrl_hs|    top_kernel|  return value|
|m_axi_gmem0_AWVALID    |  out|     1|       m_axi|         gmem0|       pointer|
|m_axi_gmem0_AWREADY    |   in|     1|       m_axi|         gmem0|       pointer|
|m_axi_gmem0_AWADDR     |  out|    64|       m_axi|         gmem0|       pointer|
|m_axi_gmem0_AWID       |  out|     1|       m_axi|         gmem0|       pointer|
|m_axi_gmem0_AWLEN      |  out|     8|       m_axi|         gmem0|       pointer|
|m_axi_gmem0_AWSIZE     |  out|     3|       m_axi|         gmem0|       pointer|
|m_axi_gmem0_AWBURST    |  out|     2|       m_axi|         gmem0|       pointer|
|m_axi_gmem0_AWLOCK     |  out|     2|       m_axi|         gmem0|       pointer|
|m_axi_gmem0_AWCACHE    |  out|     4|       m_axi|         gmem0|       pointer|
|m_axi_gmem0_AWPROT     |  out|     3|       m_axi|         gmem0|       pointer|
|m_axi_gmem0_AWQOS      |  out|     4|       m_axi|         gmem0|       pointer|
|m_axi_gmem0_AWREGION   |  out|     4|       m_axi|         gmem0|       pointer|
|m_axi_gmem0_AWUSER     |  out|     1|       m_axi|         gmem0|       pointer|
|m_axi_gmem0_WVALID     |  out|     1|       m_axi|         gmem0|       pointer|
|m_axi_gmem0_WREADY     |   in|     1|       m_axi|         gmem0|       pointer|
|m_axi_gmem0_WDATA      |  out|  1024|       m_axi|         gmem0|       pointer|
|m_axi_gmem0_WSTRB      |  out|   128|       m_axi|         gmem0|       pointer|
|m_axi_gmem0_WLAST      |  out|     1|       m_axi|         gmem0|       pointer|
|m_axi_gmem0_WID        |  out|     1|       m_axi|         gmem0|       pointer|
|m_axi_gmem0_WUSER      |  out|     1|       m_axi|         gmem0|       pointer|
|m_axi_gmem0_ARVALID    |  out|     1|       m_axi|         gmem0|       pointer|
|m_axi_gmem0_ARREADY    |   in|     1|       m_axi|         gmem0|       pointer|
|m_axi_gmem0_ARADDR     |  out|    64|       m_axi|         gmem0|       pointer|
|m_axi_gmem0_ARID       |  out|     1|       m_axi|         gmem0|       pointer|
|m_axi_gmem0_ARLEN      |  out|     8|       m_axi|         gmem0|       pointer|
|m_axi_gmem0_ARSIZE     |  out|     3|       m_axi|         gmem0|       pointer|
|m_axi_gmem0_ARBURST    |  out|     2|       m_axi|         gmem0|       pointer|
|m_axi_gmem0_ARLOCK     |  out|     2|       m_axi|         gmem0|       pointer|
|m_axi_gmem0_ARCACHE    |  out|     4|       m_axi|         gmem0|       pointer|
|m_axi_gmem0_ARPROT     |  out|     3|       m_axi|         gmem0|       pointer|
|m_axi_gmem0_ARQOS      |  out|     4|       m_axi|         gmem0|       pointer|
|m_axi_gmem0_ARREGION   |  out|     4|       m_axi|         gmem0|       pointer|
|m_axi_gmem0_ARUSER     |  out|     1|       m_axi|         gmem0|       pointer|
|m_axi_gmem0_RVALID     |   in|     1|       m_axi|         gmem0|       pointer|
|m_axi_gmem0_RREADY     |  out|     1|       m_axi|         gmem0|       pointer|
|m_axi_gmem0_RDATA      |   in|  1024|       m_axi|         gmem0|       pointer|
|m_axi_gmem0_RLAST      |   in|     1|       m_axi|         gmem0|       pointer|
|m_axi_gmem0_RID        |   in|     1|       m_axi|         gmem0|       pointer|
|m_axi_gmem0_RUSER      |   in|     1|       m_axi|         gmem0|       pointer|
|m_axi_gmem0_RRESP      |   in|     2|       m_axi|         gmem0|       pointer|
|m_axi_gmem0_BVALID     |   in|     1|       m_axi|         gmem0|       pointer|
|m_axi_gmem0_BREADY     |  out|     1|       m_axi|         gmem0|       pointer|
|m_axi_gmem0_BRESP      |   in|     2|       m_axi|         gmem0|       pointer|
|m_axi_gmem0_BID        |   in|     1|       m_axi|         gmem0|       pointer|
|m_axi_gmem0_BUSER      |   in|     1|       m_axi|         gmem0|       pointer|
|m_axi_gmem1_AWVALID    |  out|     1|       m_axi|         gmem1|       pointer|
|m_axi_gmem1_AWREADY    |   in|     1|       m_axi|         gmem1|       pointer|
|m_axi_gmem1_AWADDR     |  out|    64|       m_axi|         gmem1|       pointer|
|m_axi_gmem1_AWID       |  out|     1|       m_axi|         gmem1|       pointer|
|m_axi_gmem1_AWLEN      |  out|     8|       m_axi|         gmem1|       pointer|
|m_axi_gmem1_AWSIZE     |  out|     3|       m_axi|         gmem1|       pointer|
|m_axi_gmem1_AWBURST    |  out|     2|       m_axi|         gmem1|       pointer|
|m_axi_gmem1_AWLOCK     |  out|     2|       m_axi|         gmem1|       pointer|
|m_axi_gmem1_AWCACHE    |  out|     4|       m_axi|         gmem1|       pointer|
|m_axi_gmem1_AWPROT     |  out|     3|       m_axi|         gmem1|       pointer|
|m_axi_gmem1_AWQOS      |  out|     4|       m_axi|         gmem1|       pointer|
|m_axi_gmem1_AWREGION   |  out|     4|       m_axi|         gmem1|       pointer|
|m_axi_gmem1_AWUSER     |  out|     1|       m_axi|         gmem1|       pointer|
|m_axi_gmem1_WVALID     |  out|     1|       m_axi|         gmem1|       pointer|
|m_axi_gmem1_WREADY     |   in|     1|       m_axi|         gmem1|       pointer|
|m_axi_gmem1_WDATA      |  out|    32|       m_axi|         gmem1|       pointer|
|m_axi_gmem1_WSTRB      |  out|     4|       m_axi|         gmem1|       pointer|
|m_axi_gmem1_WLAST      |  out|     1|       m_axi|         gmem1|       pointer|
|m_axi_gmem1_WID        |  out|     1|       m_axi|         gmem1|       pointer|
|m_axi_gmem1_WUSER      |  out|     1|       m_axi|         gmem1|       pointer|
|m_axi_gmem1_ARVALID    |  out|     1|       m_axi|         gmem1|       pointer|
|m_axi_gmem1_ARREADY    |   in|     1|       m_axi|         gmem1|       pointer|
|m_axi_gmem1_ARADDR     |  out|    64|       m_axi|         gmem1|       pointer|
|m_axi_gmem1_ARID       |  out|     1|       m_axi|         gmem1|       pointer|
|m_axi_gmem1_ARLEN      |  out|     8|       m_axi|         gmem1|       pointer|
|m_axi_gmem1_ARSIZE     |  out|     3|       m_axi|         gmem1|       pointer|
|m_axi_gmem1_ARBURST    |  out|     2|       m_axi|         gmem1|       pointer|
|m_axi_gmem1_ARLOCK     |  out|     2|       m_axi|         gmem1|       pointer|
|m_axi_gmem1_ARCACHE    |  out|     4|       m_axi|         gmem1|       pointer|
|m_axi_gmem1_ARPROT     |  out|     3|       m_axi|         gmem1|       pointer|
|m_axi_gmem1_ARQOS      |  out|     4|       m_axi|         gmem1|       pointer|
|m_axi_gmem1_ARREGION   |  out|     4|       m_axi|         gmem1|       pointer|
|m_axi_gmem1_ARUSER     |  out|     1|       m_axi|         gmem1|       pointer|
|m_axi_gmem1_RVALID     |   in|     1|       m_axi|         gmem1|       pointer|
|m_axi_gmem1_RREADY     |  out|     1|       m_axi|         gmem1|       pointer|
|m_axi_gmem1_RDATA      |   in|    32|       m_axi|         gmem1|       pointer|
|m_axi_gmem1_RLAST      |   in|     1|       m_axi|         gmem1|       pointer|
|m_axi_gmem1_RID        |   in|     1|       m_axi|         gmem1|       pointer|
|m_axi_gmem1_RUSER      |   in|     1|       m_axi|         gmem1|       pointer|
|m_axi_gmem1_RRESP      |   in|     2|       m_axi|         gmem1|       pointer|
|m_axi_gmem1_BVALID     |   in|     1|       m_axi|         gmem1|       pointer|
|m_axi_gmem1_BREADY     |  out|     1|       m_axi|         gmem1|       pointer|
|m_axi_gmem1_BRESP      |   in|     2|       m_axi|         gmem1|       pointer|
|m_axi_gmem1_BID        |   in|     1|       m_axi|         gmem1|       pointer|
|m_axi_gmem1_BUSER      |   in|     1|       m_axi|         gmem1|       pointer|
|mvp_matrix_address0    |  out|     4|   ap_memory|    mvp_matrix|         array|
|mvp_matrix_ce0         |  out|     1|   ap_memory|    mvp_matrix|         array|
|mvp_matrix_d0          |  out|    32|   ap_memory|    mvp_matrix|         array|
|mvp_matrix_q0          |   in|    32|   ap_memory|    mvp_matrix|         array|
|mvp_matrix_we0         |  out|     1|   ap_memory|    mvp_matrix|         array|
|mvp_matrix_address1    |  out|     4|   ap_memory|    mvp_matrix|         array|
|mvp_matrix_ce1         |  out|     1|   ap_memory|    mvp_matrix|         array|
|mvp_matrix_d1          |  out|    32|   ap_memory|    mvp_matrix|         array|
|mvp_matrix_q1          |   in|    32|   ap_memory|    mvp_matrix|         array|
|mvp_matrix_we1         |  out|     1|   ap_memory|    mvp_matrix|         array|
+-----------------------+-----+------+------------+--------------+--------------+

============================================================
+ Verbose Summary: Synthesis Manager
============================================================
InlineROM: 1
ExposeGlobal: 0
============================================================
+ Verbose Summary: CDFG Model
============================================================
IsTopModel: 1
ResetActiveHigh: 1
IsCombinational: 2
IsDatapathOnly: 2
HasWiredReturn: 1
HasMFsm: 0
HasVarLatency: 1
IsPipeline: 0
IsRtlPipelined: 0
IsInstanceOverlapped: 0
IsDontTouch: 0
HasImplIP: 0
IsGatedGlobalClock: 0


============================================================
+ Verbose Summary: Schedule
============================================================
* Number of FSM states : 8
* Pipeline : 0
* Dataflow Pipeline: 1
  DF-Pipeline-0: Size = 8, States = { 1 2 3 4 5 6 7 8 }

* FSM state transitions: 
1 --> 2 
2 --> 3 
3 --> 4 
4 --> 5 
5 --> 6 
6 --> 7 
7 --> 8 
8 --> 

* FSM state operations: 

State 1 <SV = 0> <Delay = 3.64>
ST_1 : Operation 9 [1/1] (1.00ns)   --->   "%out_pixels_read = read i64 @_ssdm_op_Read.s_axilite.i64, i64 %out_pixels" [top.cpp:211]   --->   Operation 9 'read' 'out_pixels_read' <Predicate = true> <Delay = 1.00> <CoreInst = "s_axilite">   --->   Core 120 's_axilite' <Latency = 0> <II = 1> <Delay = 1.00> <Adapter> <Opcode : 'read' 'write'>
ST_1 : Operation 10 [1/1] (1.00ns)   --->   "%in_tris_read = read i64 @_ssdm_op_Read.s_axilite.i64, i64 %in_tris" [top.cpp:211]   --->   Operation 10 'read' 'in_tris_read' <Predicate = true> <Delay = 1.00> <CoreInst = "s_axilite">   --->   Core 120 's_axilite' <Latency = 0> <II = 1> <Delay = 1.00> <Adapter> <Opcode : 'read' 'write'>
ST_1 : Operation 11 [1/1] (0.00ns)   --->   "%out_pixels_c = alloca i64 1" [top.cpp:211]   --->   Operation 11 'alloca' 'out_pixels_c' <Predicate = true> <Delay = 0.00> <CoreInst = "FIFO_SRL">   --->   Core 80 'FIFO_SRL' <Latency = 0> <II = 1> <Delay = 2.15> <Storage> <Opcode : 'read' 'write' 'nbread' 'nbwrite'> <Ports = 0> <Width = 64> <Depth = 5> <FIFO>
ST_1 : Operation 12 [1/1] (2.15ns)   --->   "%call_ln211 = call void @entry_proc, i64 %out_pixels_read, i64 %out_pixels_c" [top.cpp:211]   --->   Operation 12 'call' 'call_ln211' <Predicate = true> <Delay = 2.15> <CoreType = "Generic">   --->   Generic Core
ST_1 : Operation 13 [2/2] (2.64ns)   --->   "%call_ln223 = call void @k1_vertex_transform, i1024 %gmem0, i64 %in_tris_read, i32 %mvp_matrix, i1 %clip_tris_is_active, i32 %clip_tris_n0_x, i32 %clip_tris_n0_y, i32 %clip_tris_n0_z, i32 %clip_tris_n1_x, i32 %clip_tris_n1_y, i32 %clip_tris_n1_z, i32 %clip_tris_n2_x, i32 %clip_tris_n2_y, i32 %clip_tris_n2_z, i32 %clip_tris_v0_w, i32 %clip_tris_v0_x, i32 %clip_tris_v0_y, i32 %clip_tris_v0_z, i32 %clip_tris_v1_w, i32 %clip_tris_v1_x, i32 %clip_tris_v1_y, i32 %clip_tris_v1_z, i32 %clip_tris_v2_w, i32 %clip_tris_v2_x, i32 %clip_tris_v2_y, i32 %clip_tris_v2_z" [top.cpp:223]   --->   Operation 13 'call' 'call_ln223' <Predicate = true> <Delay = 2.64> <CoreType = "Generic">   --->   Generic Core

State 2 <SV = 1> <Delay = 0.00>
ST_2 : Operation 14 [1/2] (0.00ns)   --->   "%call_ln223 = call void @k1_vertex_transform, i1024 %gmem0, i64 %in_tris_read, i32 %mvp_matrix, i1 %clip_tris_is_active, i32 %clip_tris_n0_x, i32 %clip_tris_n0_y, i32 %clip_tris_n0_z, i32 %clip_tris_n1_x, i32 %clip_tris_n1_y, i32 %clip_tris_n1_z, i32 %clip_tris_n2_x, i32 %clip_tris_n2_y, i32 %clip_tris_n2_z, i32 %clip_tris_v0_w, i32 %clip_tris_v0_x, i32 %clip_tris_v0_y, i32 %clip_tris_v0_z, i32 %clip_tris_v1_w, i32 %clip_tris_v1_x, i32 %clip_tris_v1_y, i32 %clip_tris_v1_z, i32 %clip_tris_v2_w, i32 %clip_tris_v2_x, i32 %clip_tris_v2_y, i32 %clip_tris_v2_z" [top.cpp:223]   --->   Operation 14 'call' 'call_ln223' <Predicate = true> <Delay = 0.00> <CoreType = "Generic">   --->   Generic Core

State 3 <SV = 2> <Delay = 0.00>
ST_3 : Operation 15 [2/2] (0.00ns)   --->   "%call_ln224 = call void @k2_perspective_divide, i32 %clip_tris_v0_x, i32 %clip_tris_v0_y, i32 %clip_tris_v0_z, i32 %clip_tris_v0_w, i32 %clip_tris_v1_x, i32 %clip_tris_v1_y, i32 %clip_tris_v1_z, i32 %clip_tris_v1_w, i32 %clip_tris_v2_x, i32 %clip_tris_v2_y, i32 %clip_tris_v2_z, i32 %clip_tris_v2_w, i32 %clip_tris_n0_x, i32 %clip_tris_n0_y, i32 %clip_tris_n0_z, i32 %clip_tris_n1_x, i32 %clip_tris_n1_y, i32 %clip_tris_n1_z, i32 %clip_tris_n2_x, i32 %clip_tris_n2_y, i32 %clip_tris_n2_z, i1 %clip_tris_is_active, i32 %screen_tris_v0_x, i32 %screen_tris_v0_y, i32 %screen_tris_v0_z, i32 %screen_tris_v1_x, i32 %screen_tris_v1_y, i32 %screen_tris_v1_z, i32 %screen_tris_v2_x, i32 %screen_tris_v2_y, i32 %screen_tris_v2_z, i32 %screen_tris_n0_x, i32 %screen_tris_n0_y, i32 %screen_tris_n0_z, i32 %screen_tris_n1_x, i32 %screen_tris_n1_y, i32 %screen_tris_n1_z, i32 %screen_tris_n2_x, i32 %screen_tris_n2_y, i32 %screen_tris_n2_z, i1 %screen_tris_is_active" [top.cpp:224]   --->   Operation 15 'call' 'call_ln224' <Predicate = true> <Delay = 0.00> <CoreType = "Generic">   --->   Generic Core

State 4 <SV = 3> <Delay = 0.90>
ST_4 : Operation 16 [1/2] (0.90ns)   --->   "%call_ln224 = call void @k2_perspective_divide, i32 %clip_tris_v0_x, i32 %clip_tris_v0_y, i32 %clip_tris_v0_z, i32 %clip_tris_v0_w, i32 %clip_tris_v1_x, i32 %clip_tris_v1_y, i32 %clip_tris_v1_z, i32 %clip_tris_v1_w, i32 %clip_tris_v2_x, i32 %clip_tris_v2_y, i32 %clip_tris_v2_z, i32 %clip_tris_v2_w, i32 %clip_tris_n0_x, i32 %clip_tris_n0_y, i32 %clip_tris_n0_z, i32 %clip_tris_n1_x, i32 %clip_tris_n1_y, i32 %clip_tris_n1_z, i32 %clip_tris_n2_x, i32 %clip_tris_n2_y, i32 %clip_tris_n2_z, i1 %clip_tris_is_active, i32 %screen_tris_v0_x, i32 %screen_tris_v0_y, i32 %screen_tris_v0_z, i32 %screen_tris_v1_x, i32 %screen_tris_v1_y, i32 %screen_tris_v1_z, i32 %screen_tris_v2_x, i32 %screen_tris_v2_y, i32 %screen_tris_v2_z, i32 %screen_tris_n0_x, i32 %screen_tris_n0_y, i32 %screen_tris_n0_z, i32 %screen_tris_n1_x, i32 %screen_tris_n1_y, i32 %screen_tris_n1_z, i32 %screen_tris_n2_x, i32 %screen_tris_n2_y, i32 %screen_tris_n2_z, i1 %screen_tris_is_active" [top.cpp:224]   --->   Operation 16 'call' 'call_ln224' <Predicate = true> <Delay = 0.90> <CoreType = "Generic">   --->   Generic Core

State 5 <SV = 4> <Delay = 0.00>
ST_5 : Operation 17 [2/2] (0.00ns)   --->   "%call_ln225 = call void @Block_entry_screen_tris (.v0.x)_rd_proc, i32 %depth_buffer, i32 %normal_buffer_x, i32 %normal_buffer_y, i32 %normal_buffer_z, i1 %screen_tris_is_active, i32 %screen_tris_n0_x, i32 %screen_tris_n0_y, i32 %screen_tris_n0_z, i32 %screen_tris_n1_x, i32 %screen_tris_n1_y, i32 %screen_tris_n1_z, i32 %screen_tris_n2_x, i32 %screen_tris_n2_y, i32 %screen_tris_n2_z, i32 %screen_tris_v0_x, i32 %screen_tris_v0_y, i32 %screen_tris_v0_z, i32 %screen_tris_v1_x, i32 %screen_tris_v1_y, i32 %screen_tris_v1_z, i32 %screen_tris_v2_x, i32 %screen_tris_v2_y, i32 %screen_tris_v2_z, i16 %bounds_max_x, i16 %bounds_max_y, i15 %bounds_min_x, i15 %bounds_min_y" [top.cpp:225]   --->   Operation 17 'call' 'call_ln225' <Predicate = true> <Delay = 0.00> <CoreType = "Generic">   --->   Generic Core

State 6 <SV = 5> <Delay = 0.00>
ST_6 : Operation 18 [1/2] (0.00ns)   --->   "%call_ln225 = call void @Block_entry_screen_tris (.v0.x)_rd_proc, i32 %depth_buffer, i32 %normal_buffer_x, i32 %normal_buffer_y, i32 %normal_buffer_z, i1 %screen_tris_is_active, i32 %screen_tris_n0_x, i32 %screen_tris_n0_y, i32 %screen_tris_n0_z, i32 %screen_tris_n1_x, i32 %screen_tris_n1_y, i32 %screen_tris_n1_z, i32 %screen_tris_n2_x, i32 %screen_tris_n2_y, i32 %screen_tris_n2_z, i32 %screen_tris_v0_x, i32 %screen_tris_v0_y, i32 %screen_tris_v0_z, i32 %screen_tris_v1_x, i32 %screen_tris_v1_y, i32 %screen_tris_v1_z, i32 %screen_tris_v2_x, i32 %screen_tris_v2_y, i32 %screen_tris_v2_z, i16 %bounds_max_x, i16 %bounds_max_y, i15 %bounds_min_x, i15 %bounds_min_y" [top.cpp:225]   --->   Operation 18 'call' 'call_ln225' <Predicate = true> <Delay = 0.00> <CoreType = "Generic">   --->   Generic Core

State 7 <SV = 6> <Delay = 0.00>
ST_7 : Operation 19 [2/2] (0.00ns)   --->   "%call_ln227 = call void @k5_deferred_lighting, i32 %gmem1, i64 %out_pixels_c, i32 %depth_buffer, i32 %normal_buffer_x, i32 %normal_buffer_y, i32 %normal_buffer_z" [top.cpp:227]   --->   Operation 19 'call' 'call_ln227' <Predicate = true> <Delay = 0.00> <CoreType = "Generic">   --->   Generic Core

State 8 <SV = 7> <Delay = 0.00>
ST_8 : Operation 20 [1/1] (0.00ns)   --->   "%empty = specchannel i32 @_ssdm_op_SpecChannel, void @out_pixels_c_str, i32 1, void @p_str, void @p_str, i32 5, i32 0, i64 %out_pixels_c, i64 %out_pixels_c" [top.cpp:211]   --->   Operation 20 'specchannel' 'empty' <Predicate = true> <Delay = 0.00>
ST_8 : Operation 21 [1/1] (0.00ns)   --->   "%specinterface_ln211 = specinterface void @_ssdm_op_SpecInterface, i64 %out_pixels_c, void @ap_fifo_str, i32 0, i32 0, void @p_str, i32 0, i32 0, void @p_str, void @p_str, void @p_str, i32 2, i32 2, i32 16, i32 16, void @p_str, void @p_str, i32 4294967295, i32 0, i32 0" [top.cpp:211]   --->   Operation 21 'specinterface' 'specinterface_ln211' <Predicate = true> <Delay = 0.00>
ST_8 : Operation 22 [1/1] (0.00ns)   --->   "%specdataflowpipeline_ln211 = specdataflowpipeline void @_ssdm_op_SpecDataflowPipeline, i32 4294967295, i32 0, void @empty_11" [top.cpp:211]   --->   Operation 22 'specdataflowpipeline' 'specdataflowpipeline_ln211' <Predicate = true> <Delay = 0.00>
ST_8 : Operation 23 [1/1] (0.00ns)   --->   "%spectopmodule_ln205 = spectopmodule void @_ssdm_op_SpecTopModule, void @empty_15" [top.cpp:205]   --->   Operation 23 'spectopmodule' 'spectopmodule_ln205' <Predicate = true> <Delay = 0.00>
ST_8 : Operation 24 [1/1] (0.00ns)   --->   "%specinterface_ln0 = specinterface void @_ssdm_op_SpecInterface, i1024 %gmem0, void @empty_16, i32 0, i32 0, void @empty_11, i32 0, i32 0, void @empty_19, void @empty_6, void @empty_11, i32 16, i32 16, i32 16, i32 16, void @empty_11, void @empty_11, i32 4294967295, i32 0, i32 0"   --->   Operation 24 'specinterface' 'specinterface_ln0' <Predicate = true> <Delay = 0.00>
ST_8 : Operation 25 [1/1] (0.00ns)   --->   "%specbitsmap_ln0 = specbitsmap void @_ssdm_op_SpecBitsMap, i1024 %gmem0"   --->   Operation 25 'specbitsmap' 'specbitsmap_ln0' <Predicate = true> <Delay = 0.00>
ST_8 : Operation 26 [1/1] (0.00ns)   --->   "%specinterface_ln0 = specinterface void @_ssdm_op_SpecInterface, i32 %gmem1, void @empty_16, i32 0, i32 0, void @empty_11, i32 0, i32 0, void @empty_7, void @empty_6, void @empty_11, i32 16, i32 16, i32 16, i32 16, void @empty_11, void @empty_11, i32 4294967295, i32 0, i32 0"   --->   Operation 26 'specinterface' 'specinterface_ln0' <Predicate = true> <Delay = 0.00>
ST_8 : Operation 27 [1/1] (0.00ns)   --->   "%specbitsmap_ln0 = specbitsmap void @_ssdm_op_SpecBitsMap, i32 %gmem1"   --->   Operation 27 'specbitsmap' 'specbitsmap_ln0' <Predicate = true> <Delay = 0.00>
ST_8 : Operation 28 [1/1] (0.00ns)   --->   "%specinterface_ln0 = specinterface void @_ssdm_op_SpecInterface, i64 %in_tris, void @empty, i32 0, i32 0, void @empty_11, i32 0, i32 0, void @empty_0, void @empty_17, void @empty_11, i32 0, i32 0, i32 0, i32 0, void @empty_11, void @empty_10, i32 4294967295, i32 0, i32 0"   --->   Operation 28 'specinterface' 'specinterface_ln0' <Predicate = true> <Delay = 0.00>
ST_8 : Operation 29 [1/1] (0.00ns)   --->   "%specinterface_ln0 = specinterface void @_ssdm_op_SpecInterface, i64 %in_tris, void @empty_9, i32 0, i32 0, void @empty_11, i32 0, i32 0, void @empty_11, void @empty_11, void @empty_11, i32 0, i32 0, i32 0, i32 0, void @empty_11, void @empty_10, i32 4294967295, i32 0, i32 0"   --->   Operation 29 'specinterface' 'specinterface_ln0' <Predicate = true> <Delay = 0.00>
ST_8 : Operation 30 [1/1] (0.00ns)   --->   "%specinterface_ln0 = specinterface void @_ssdm_op_SpecInterface, i32 %mvp_matrix, void @empty_8, i32 0, i32 0, void @empty_11, i32 4294967295, i32 0, void @empty_11, void @empty_11, void @empty_11, i32 0, i32 0, i32 0, i32 0, void @empty_11, void @empty_11, i32 4294967295, i32 0, i32 0"   --->   Operation 30 'specinterface' 'specinterface_ln0' <Predicate = true> <Delay = 0.00>
ST_8 : Operation 31 [1/1] (0.00ns)   --->   "%specbitsmap_ln0 = specbitsmap void @_ssdm_op_SpecBitsMap, i32 %mvp_matrix"   --->   Operation 31 'specbitsmap' 'specbitsmap_ln0' <Predicate = true> <Delay = 0.00>
ST_8 : Operation 32 [1/1] (0.00ns)   --->   "%specinterface_ln0 = specinterface void @_ssdm_op_SpecInterface, i64 %out_pixels, void @empty, i32 0, i32 0, void @empty_11, i32 0, i32 0, void @empty_0, void @empty_1, void @empty_11, i32 0, i32 0, i32 0, i32 0, void @empty_11, void @empty_10, i32 4294967295, i32 0, i32 0"   --->   Operation 32 'specinterface' 'specinterface_ln0' <Predicate = true> <Delay = 0.00>
ST_8 : Operation 33 [1/1] (0.00ns)   --->   "%specinterface_ln0 = specinterface void @_ssdm_op_SpecInterface, i64 %out_pixels, void @empty_9, i32 0, i32 0, void @empty_11, i32 0, i32 0, void @empty_11, void @empty_11, void @empty_11, i32 0, i32 0, i32 0, i32 0, void @empty_11, void @empty_10, i32 4294967295, i32 0, i32 0"   --->   Operation 33 'specinterface' 'specinterface_ln0' <Predicate = true> <Delay = 0.00>
ST_8 : Operation 34 [1/1] (0.00ns)   --->   "%specinterface_ln0 = specinterface void @_ssdm_op_SpecInterface, i32 0, void @empty, i32 0, i32 0, void @empty_11, i32 0, i32 0, void @empty_0, void @empty_11, void @empty_11, i32 0, i32 0, i32 0, i32 0, void @empty_11, void @empty_11, i32 4294967295, i32 0, i32 0"   --->   Operation 34 'specinterface' 'specinterface_ln0' <Predicate = true> <Delay = 0.00>
ST_8 : Operation 35 [1/2] (0.00ns)   --->   "%call_ln227 = call void @k5_deferred_lighting, i32 %gmem1, i64 %out_pixels_c, i32 %depth_buffer, i32 %normal_buffer_x, i32 %normal_buffer_y, i32 %normal_buffer_z" [top.cpp:227]   --->   Operation 35 'call' 'call_ln227' <Predicate = true> <Delay = 0.00> <CoreType = "Generic">   --->   Generic Core
ST_8 : Operation 36 [1/1] (0.00ns)   --->   "%ret_ln228 = ret" [top.cpp:228]   --->   Operation 36 'ret' 'ret_ln228' <Predicate = true> <Delay = 0.00>


============================================================
+ Verbose Summary: Binding
============================================================
STG Binding: 
---------------- STG Properties BEGIN ----------------
- Is combinational: 0
- Is one-state seq: 0
- Is datapath-only: 0
- Is pipelined: 0
- Is top level: 1
Port [ Return ] is wired: 1; IO mode=ap_ctrl_hs:ce=0
Port [ gmem0]:  wired=1; compound=1; hidden=0; nouse=0; global=0; static=0; extern=0; dir=0; type=4; pingpong=0; private_global=0; IO mode=m_axi:ce=0
Port [ gmem1]:  wired=1; compound=1; hidden=0; nouse=0; global=0; static=0; extern=0; dir=1; type=4; pingpong=0; private_global=0; IO mode=m_axi:ce=0
Port [ in_tris]:  wired=1; compound=0; hidden=0; nouse=0; global=0; static=0; extern=0; dir=0; type=0; pingpong=0; private_global=0; IO mode=ap_none:ce=0
Port [ mvp_matrix]:  wired=1; compound=1; hidden=0; nouse=0; global=0; static=0; extern=0; dir=0; type=1; pingpong=0; private_global=0; MemPort=[11]; IO mode=ap_memory:ce=0
Port [ out_pixels]:  wired=1; compound=0; hidden=0; nouse=0; global=0; static=0; extern=0; dir=0; type=0; pingpong=0; private_global=0; IO mode=ap_none:ce=0
Port [ clip_tris_is_active]:  wired=0; compound=1; hidden=1; nouse=0; global=1; static=1; extern=0; dir=2; type=1; pingpong=0; private_global=1; MemPort=[23]; IO mode=ap_memory:ce=0
Port [ clip_tris_n0_x]:  wired=0; compound=1; hidden=1; nouse=0; global=1; static=1; extern=0; dir=2; type=1; pingpong=0; private_global=1; MemPort=[23]; IO mode=ap_memory:ce=0
Port [ clip_tris_n0_y]:  wired=0; compound=1; hidden=1; nouse=0; global=1; static=1; extern=0; dir=2; type=1; pingpong=0; private_global=1; MemPort=[23]; IO mode=ap_memory:ce=0
Port [ clip_tris_n0_z]:  wired=0; compound=1; hidden=1; nouse=0; global=1; static=1; extern=0; dir=2; type=1; pingpong=0; private_global=1; MemPort=[23]; IO mode=ap_memory:ce=0
Port [ clip_tris_n1_x]:  wired=0; compound=1; hidden=1; nouse=0; global=1; static=1; extern=0; dir=2; type=1; pingpong=0; private_global=1; MemPort=[23]; IO mode=ap_memory:ce=0
Port [ clip_tris_n1_y]:  wired=0; compound=1; hidden=1; nouse=0; global=1; static=1; extern=0; dir=2; type=1; pingpong=0; private_global=1; MemPort=[23]; IO mode=ap_memory:ce=0
Port [ clip_tris_n1_z]:  wired=0; compound=1; hidden=1; nouse=0; global=1; static=1; extern=0; dir=2; type=1; pingpong=0; private_global=1; MemPort=[23]; IO mode=ap_memory:ce=0
Port [ clip_tris_n2_x]:  wired=0; compound=1; hidden=1; nouse=0; global=1; static=1; extern=0; dir=2; type=1; pingpong=0; private_global=1; MemPort=[23]; IO mode=ap_memory:ce=0
Port [ clip_tris_n2_y]:  wired=0; compound=1; hidden=1; nouse=0; global=1; static=1; extern=0; dir=2; type=1; pingpong=0; private_global=1; MemPort=[23]; IO mode=ap_memory:ce=0
Port [ clip_tris_n2_z]:  wired=0; compound=1; hidden=1; nouse=0; global=1; static=1; extern=0; dir=2; type=1; pingpong=0; private_global=1; MemPort=[23]; IO mode=ap_memory:ce=0
Port [ clip_tris_v0_w]:  wired=0; compound=1; hidden=1; nouse=0; global=1; static=1; extern=0; dir=2; type=1; pingpong=0; private_global=1; MemPort=[20]; IO mode=ap_memory:ce=0
Port [ clip_tris_v0_x]:  wired=0; compound=1; hidden=1; nouse=0; global=1; static=1; extern=0; dir=2; type=1; pingpong=0; private_global=1; MemPort=[23]; IO mode=ap_memory:ce=0
Port [ clip_tris_v0_y]:  wired=0; compound=1; hidden=1; nouse=0; global=1; static=1; extern=0; dir=2; type=1; pingpong=0; private_global=1; MemPort=[23]; IO mode=ap_memory:ce=0
Port [ clip_tris_v0_z]:  wired=0; compound=1; hidden=1; nouse=0; global=1; static=1; extern=0; dir=2; type=1; pingpong=0; private_global=1; MemPort=[23]; IO mode=ap_memory:ce=0
Port [ clip_tris_v1_w]:  wired=0; compound=1; hidden=1; nouse=0; global=1; static=1; extern=0; dir=2; type=1; pingpong=0; private_global=1; MemPort=[23]; IO mode=ap_memory:ce=0
Port [ clip_tris_v1_x]:  wired=0; compound=1; hidden=1; nouse=0; global=1; static=1; extern=0; dir=2; type=1; pingpong=0; private_global=1; MemPort=[23]; IO mode=ap_memory:ce=0
Port [ clip_tris_v1_y]:  wired=0; compound=1; hidden=1; nouse=0; global=1; static=1; extern=0; dir=2; type=1; pingpong=0; private_global=1; MemPort=[23]; IO mode=ap_memory:ce=0
Port [ clip_tris_v1_z]:  wired=0; compound=1; hidden=1; nouse=0; global=1; static=1; extern=0; dir=2; type=1; pingpong=0; private_global=1; MemPort=[23]; IO mode=ap_memory:ce=0
Port [ clip_tris_v2_w]:  wired=0; compound=1; hidden=1; nouse=0; global=1; static=1; extern=0; dir=2; type=1; pingpong=0; private_global=1; MemPort=[23]; IO mode=ap_memory:ce=0
Port [ clip_tris_v2_x]:  wired=0; compound=1; hidden=1; nouse=0; global=1; static=1; extern=0; dir=2; type=1; pingpong=0; private_global=1; MemPort=[23]; IO mode=ap_memory:ce=0
Port [ clip_tris_v2_y]:  wired=0; compound=1; hidden=1; nouse=0; global=1; static=1; extern=0; dir=2; type=1; pingpong=0; private_global=1; MemPort=[23]; IO mode=ap_memory:ce=0
Port [ clip_tris_v2_z]:  wired=0; compound=1; hidden=1; nouse=0; global=1; static=1; extern=0; dir=2; type=1; pingpong=0; private_global=1; MemPort=[23]; IO mode=ap_memory:ce=0
Port [ screen_tris_v0_x]:  wired=0; compound=1; hidden=1; nouse=0; global=1; static=1; extern=0; dir=2; type=1; pingpong=0; private_global=1; MemPort=[23]; IO mode=ap_memory:ce=0
Port [ screen_tris_v0_y]:  wired=0; compound=1; hidden=1; nouse=0; global=1; static=1; extern=0; dir=2; type=1; pingpong=0; private_global=1; MemPort=[23]; IO mode=ap_memory:ce=0
Port [ screen_tris_v0_z]:  wired=0; compound=1; hidden=1; nouse=0; global=1; static=1; extern=0; dir=2; type=1; pingpong=0; private_global=1; MemPort=[23]; IO mode=ap_memory:ce=0
Port [ screen_tris_v1_x]:  wired=0; compound=1; hidden=1; nouse=0; global=1; static=1; extern=0; dir=2; type=1; pingpong=0; private_global=1; MemPort=[23]; IO mode=ap_memory:ce=0
Port [ screen_tris_v1_y]:  wired=0; compound=1; hidden=1; nouse=0; global=1; static=1; extern=0; dir=2; type=1; pingpong=0; private_global=1; MemPort=[23]; IO mode=ap_memory:ce=0
Port [ screen_tris_v1_z]:  wired=0; compound=1; hidden=1; nouse=0; global=1; static=1; extern=0; dir=2; type=1; pingpong=0; private_global=1; MemPort=[23]; IO mode=ap_memory:ce=0
Port [ screen_tris_v2_x]:  wired=0; compound=1; hidden=1; nouse=0; global=1; static=1; extern=0; dir=2; type=1; pingpong=0; private_global=1; MemPort=[23]; IO mode=ap_memory:ce=0
Port [ screen_tris_v2_y]:  wired=0; compound=1; hidden=1; nouse=0; global=1; static=1; extern=0; dir=2; type=1; pingpong=0; private_global=1; MemPort=[23]; IO mode=ap_memory:ce=0
Port [ screen_tris_v2_z]:  wired=0; compound=1; hidden=1; nouse=0; global=1; static=1; extern=0; dir=2; type=1; pingpong=0; private_global=1; MemPort=[23]; IO mode=ap_memory:ce=0
Port [ screen_tris_n0_x]:  wired=0; compound=1; hidden=1; nouse=0; global=1; static=1; extern=0; dir=2; type=1; pingpong=0; private_global=1; MemPort=[23]; IO mode=ap_memory:ce=0
Port [ screen_tris_n0_y]:  wired=0; compound=1; hidden=1; nouse=0; global=1; static=1; extern=0; dir=2; type=1; pingpong=0; private_global=1; MemPort=[23]; IO mode=ap_memory:ce=0
Port [ screen_tris_n0_z]:  wired=0; compound=1; hidden=1; nouse=0; global=1; static=1; extern=0; dir=2; type=1; pingpong=0; private_global=1; MemPort=[23]; IO mode=ap_memory:ce=0
Port [ screen_tris_n1_x]:  wired=0; compound=1; hidden=1; nouse=0; global=1; static=1; extern=0; dir=2; type=1; pingpong=0; private_global=1; MemPort=[23]; IO mode=ap_memory:ce=0
Port [ screen_tris_n1_y]:  wired=0; compound=1; hidden=1; nouse=0; global=1; static=1; extern=0; dir=2; type=1; pingpong=0; private_global=1; MemPort=[23]; IO mode=ap_memory:ce=0
Port [ screen_tris_n1_z]:  wired=0; compound=1; hidden=1; nouse=0; global=1; static=1; extern=0; dir=2; type=1; pingpong=0; private_global=1; MemPort=[23]; IO mode=ap_memory:ce=0
Port [ screen_tris_n2_x]:  wired=0; compound=1; hidden=1; nouse=0; global=1; static=1; extern=0; dir=2; type=1; pingpong=0; private_global=1; MemPort=[23]; IO mode=ap_memory:ce=0
Port [ screen_tris_n2_y]:  wired=0; compound=1; hidden=1; nouse=0; global=1; static=1; extern=0; dir=2; type=1; pingpong=0; private_global=1; MemPort=[23]; IO mode=ap_memory:ce=0
Port [ screen_tris_n2_z]:  wired=0; compound=1; hidden=1; nouse=0; global=1; static=1; extern=0; dir=2; type=1; pingpong=0; private_global=1; MemPort=[23]; IO mode=ap_memory:ce=0
Port [ screen_tris_is_active]:  wired=0; compound=1; hidden=1; nouse=0; global=1; static=1; extern=0; dir=2; type=1; pingpong=0; private_global=1; MemPort=[23]; IO mode=ap_memory:ce=0
Port [ bounds_max_x]:  wired=0; compound=1; hidden=1; nouse=1; global=1; static=1; extern=0; dir=2; type=1; pingpong=0; private_global=0; MemPort=[20]; IO mode=ap_memory:ce=0
Port [ bounds_max_y]:  wired=0; compound=1; hidden=1; nouse=1; global=1; static=1; extern=0; dir=2; type=1; pingpong=0; private_global=0; MemPort=[20]; IO mode=ap_memory:ce=0
Port [ bounds_min_x]:  wired=0; compound=1; hidden=1; nouse=1; global=1; static=1; extern=0; dir=2; type=1; pingpong=0; private_global=0; MemPort=[20]; IO mode=ap_memory:ce=0
Port [ bounds_min_y]:  wired=0; compound=1; hidden=1; nouse=1; global=1; static=1; extern=0; dir=2; type=1; pingpong=0; private_global=0; MemPort=[20]; IO mode=ap_memory:ce=0
Port [ depth_buffer]:  wired=0; compound=1; hidden=1; nouse=0; global=1; static=1; extern=0; dir=2; type=1; pingpong=0; private_global=1; MemPort=[23]; IO mode=ap_memory:ce=0
Port [ normal_buffer_x]:  wired=0; compound=1; hidden=1; nouse=0; global=1; static=1; extern=0; dir=2; type=1; pingpong=0; private_global=1; MemPort=[23]; IO mode=ap_memory:ce=0
Port [ normal_buffer_y]:  wired=0; compound=1; hidden=1; nouse=0; global=1; static=1; extern=0; dir=2; type=1; pingpong=0; private_global=1; MemPort=[23]; IO mode=ap_memory:ce=0
Port [ normal_buffer_z]:  wired=0; compound=1; hidden=1; nouse=0; global=1; static=1; extern=0; dir=2; type=1; pingpong=0; private_global=1; MemPort=[23]; IO mode=ap_memory:ce=0
---------------- STG Properties END ------------------

---------------- Datapath Model BEGIN ----------------

<LifeTime>
<method=bitvector/>
out_pixels_read            (read                ) [ 000000000]
in_tris_read               (read                ) [ 001000000]
out_pixels_c               (alloca              ) [ 011111111]
call_ln211                 (call                ) [ 000000000]
call_ln223                 (call                ) [ 000000000]
call_ln224                 (call                ) [ 000000000]
call_ln225                 (call                ) [ 000000000]
empty                      (specchannel         ) [ 000000000]
specinterface_ln211        (specinterface       ) [ 000000000]
specdataflowpipeline_ln211 (specdataflowpipeline) [ 000000000]
spectopmodule_ln205        (spectopmodule       ) [ 000000000]
specinterface_ln0          (specinterface       ) [ 000000000]
specbitsmap_ln0            (specbitsmap         ) [ 000000000]
specinterface_ln0          (specinterface       ) [ 000000000]
specbitsmap_ln0            (specbitsmap         ) [ 000000000]
specinterface_ln0          (specinterface       ) [ 000000000]
specinterface_ln0          (specinterface       ) [ 000000000]
specinterface_ln0          (specinterface       ) [ 000000000]
specbitsmap_ln0            (specbitsmap         ) [ 000000000]
specinterface_ln0          (specinterface       ) [ 000000000]
specinterface_ln0          (specinterface       ) [ 000000000]
specinterface_ln0          (specinterface       ) [ 000000000]
call_ln227                 (call                ) [ 000000000]
ret_ln228                  (ret                 ) [ 000000000]
</LifeTime>

<model>

<comp_list>
<comp id="0" class="1000" name="gmem0">
<pin_list>
<pin id="1" dir="1" index="0" bw="1" slack="0"/>
</pin_list>
<bind>
<StgValue><ssdm name="gmem0"/><MemPortTyVec>0 </MemPortTyVec>
</StgValue>
</bind>
</comp>

<comp id="2" class="1000" name="gmem1">
<pin_list>
<pin id="3" dir="1" index="0" bw="1" slack="0"/>
</pin_list>
<bind>
<StgValue><ssdm name="gmem1"/><MemPortTyVec>1 </MemPortTyVec>
</StgValue>
</bind>
</comp>

<comp id="4" class="1000" name="in_tris">
<pin_list>
<pin id="5" dir="1" index="0" bw="1" slack="0"/>
</pin_list>
<bind>
<StgValue><ssdm name="in_tris"/></StgValue>
</bind>
</comp>

<comp id="6" class="1000" name="mvp_matrix">
<pin_list>
<pin id="7" dir="1" index="0" bw="1" slack="0"/>
</pin_list>
<bind>
<StgValue><ssdm name="mvp_matrix"/><MemPortTyVec>1 1 </MemPortTyVec>
</StgValue>
</bind>
</comp>

<comp id="8" class="1000" name="out_pixels">
<pin_list>
<pin id="9" dir="1" index="0" bw="1" slack="0"/>
</pin_list>
<bind>
<StgValue><ssdm name="out_pixels"/></StgValue>
</bind>
</comp>

<comp id="10" class="1000" name="clip_tris_is_active">
<pin_list>
<pin id="11" dir="1" index="0" bw="1" slack="0"/>
</pin_list>
<bind>
<StgValue><ssdm name="clip_tris_is_active"/><MemPortTyVec>2 3 </MemPortTyVec>
</StgValue>
</bind>
</comp>

<comp id="12" class="1000" name="clip_tris_n0_x">
<pin_list>
<pin id="13" dir="1" index="0" bw="1" slack="0"/>
</pin_list>
<bind>
<StgValue><ssdm name="clip_tris_n0_x"/><MemPortTyVec>2 3 </MemPortTyVec>
</StgValue>
</bind>
</comp>

<comp id="14" class="1000" name="clip_tris_n0_y">
<pin_list>
<pin id="15" dir="1" index="0" bw="1" slack="0"/>
</pin_list>
<bind>
<StgValue><ssdm name="clip_tris_n0_y"/><MemPortTyVec>2 3 </MemPortTyVec>
</StgValue>
</bind>
</comp>

<comp id="16" class="1000" name="clip_tris_n0_z">
<pin_list>
<pin id="17" dir="1" index="0" bw="1" slack="0"/>
</pin_list>
<bind>
<StgValue><ssdm name="clip_tris_n0_z"/><MemPortTyVec>2 3 </MemPortTyVec>
</StgValue>
</bind>
</comp>

<comp id="18" class="1000" name="clip_tris_n1_x">
<pin_list>
<pin id="19" dir="1" index="0" bw="1" slack="0"/>
</pin_list>
<bind>
<StgValue><ssdm name="clip_tris_n1_x"/><MemPortTyVec>2 3 </MemPortTyVec>
</StgValue>
</bind>
</comp>

<comp id="20" class="1000" name="clip_tris_n1_y">
<pin_list>
<pin id="21" dir="1" index="0" bw="1" slack="0"/>
</pin_list>
<bind>
<StgValue><ssdm name="clip_tris_n1_y"/><MemPortTyVec>2 3 </MemPortTyVec>
</StgValue>
</bind>
</comp>

<comp id="22" class="1000" name="clip_tris_n1_z">
<pin_list>
<pin id="23" dir="1" index="0" bw="1" slack="0"/>
</pin_list>
<bind>
<StgValue><ssdm name="clip_tris_n1_z"/><MemPortTyVec>2 3 </MemPortTyVec>
</StgValue>
</bind>
</comp>

<comp id="24" class="1000" name="clip_tris_n2_x">
<pin_list>
<pin id="25" dir="1" index="0" bw="1" slack="0"/>
</pin_list>
<bind>
<StgValue><ssdm name="clip_tris_n2_x"/><MemPortTyVec>2 3 </MemPortTyVec>
</StgValue>
</bind>
</comp>

<comp id="26" class="1000" name="clip_tris_n2_y">
<pin_list>
<pin id="27" dir="1" index="0" bw="1" slack="0"/>
</pin_list>
<bind>
<StgValue><ssdm name="clip_tris_n2_y"/><MemPortTyVec>2 3 </MemPortTyVec>
</StgValue>
</bind>
</comp>

<comp id="28" class="1000" name="clip_tris_n2_z">
<pin_list>
<pin id="29" dir="1" index="0" bw="1" slack="0"/>
</pin_list>
<bind>
<StgValue><ssdm name="clip_tris_n2_z"/><MemPortTyVec>2 3 </MemPortTyVec>
</StgValue>
</bind>
</comp>

<comp id="30" class="1000" name="clip_tris_v0_w">
<pin_list>
<pin id="31" dir="1" index="0" bw="1" slack="0"/>
</pin_list>
<bind>
<StgValue><ssdm name="clip_tris_v0_w"/><MemPortTyVec>2 0 </MemPortTyVec>
</StgValue>
</bind>
</comp>

<comp id="32" class="1000" name="clip_tris_v0_x">
<pin_list>
<pin id="33" dir="1" index="0" bw="1" slack="0"/>
</pin_list>
<bind>
<StgValue><ssdm name="clip_tris_v0_x"/><MemPortTyVec>2 3 </MemPortTyVec>
</StgValue>
</bind>
</comp>

<comp id="34" class="1000" name="clip_tris_v0_y">
<pin_list>
<pin id="35" dir="1" index="0" bw="1" slack="0"/>
</pin_list>
<bind>
<StgValue><ssdm name="clip_tris_v0_y"/><MemPortTyVec>2 3 </MemPortTyVec>
</StgValue>
</bind>
</comp>

<comp id="36" class="1000" name="clip_tris_v0_z">
<pin_list>
<pin id="37" dir="1" index="0" bw="1" slack="0"/>
</pin_list>
<bind>
<StgValue><ssdm name="clip_tris_v0_z"/><MemPortTyVec>2 3 </MemPortTyVec>
</StgValue>
</bind>
</comp>

<comp id="38" class="1000" name="clip_tris_v1_w">
<pin_list>
<pin id="39" dir="1" index="0" bw="1" slack="0"/>
</pin_list>
<bind>
<StgValue><ssdm name="clip_tris_v1_w"/><MemPortTyVec>2 3 </MemPortTyVec>
</StgValue>
</bind>
</comp>

<comp id="40" class="1000" name="clip_tris_v1_x">
<pin_list>
<pin id="41" dir="1" index="0" bw="1" slack="0"/>
</pin_list>
<bind>
<StgValue><ssdm name="clip_tris_v1_x"/><MemPortTyVec>2 3 </MemPortTyVec>
</StgValue>
</bind>
</comp>

<comp id="42" class="1000" name="clip_tris_v1_y">
<pin_list>
<pin id="43" dir="1" index="0" bw="1" slack="0"/>
</pin_list>
<bind>
<StgValue><ssdm name="clip_tris_v1_y"/><MemPortTyVec>2 3 </MemPortTyVec>
</StgValue>
</bind>
</comp>

<comp id="44" class="1000" name="clip_tris_v1_z">
<pin_list>
<pin id="45" dir="1" index="0" bw="1" slack="0"/>
</pin_list>
<bind>
<StgValue><ssdm name="clip_tris_v1_z"/><MemPortTyVec>2 3 </MemPortTyVec>
</StgValue>
</bind>
</comp>

<comp id="46" class="1000" name="clip_tris_v2_w">
<pin_list>
<pin id="47" dir="1" index="0" bw="1" slack="0"/>
</pin_list>
<bind>
<StgValue><ssdm name="clip_tris_v2_w"/><MemPortTyVec>2 3 </MemPortTyVec>
</StgValue>
</bind>
</comp>

<comp id="48" class="1000" name="clip_tris_v2_x">
<pin_list>
<pin id="49" dir="1" index="0" bw="1" slack="0"/>
</pin_list>
<bind>
<StgValue><ssdm name="clip_tris_v2_x"/><MemPortTyVec>2 3 </MemPortTyVec>
</StgValue>
</bind>
</comp>

<comp id="50" class="1000" name="clip_tris_v2_y">
<pin_list>
<pin id="51" dir="1" index="0" bw="1" slack="0"/>
</pin_list>
<bind>
<StgValue><ssdm name="clip_tris_v2_y"/><MemPortTyVec>2 3 </MemPortTyVec>
</StgValue>
</bind>
</comp>

<comp id="52" class="1000" name="clip_tris_v2_z">
<pin_list>
<pin id="53" dir="1" index="0" bw="1" slack="0"/>
</pin_list>
<bind>
<StgValue><ssdm name="clip_tris_v2_z"/><MemPortTyVec>2 3 </MemPortTyVec>
</StgValue>
</bind>
</comp>

<comp id="54" class="1000" name="screen_tris_v0_x">
<pin_list>
<pin id="55" dir="1" index="0" bw="1" slack="0"/>
</pin_list>
<bind>
<StgValue><ssdm name="screen_tris_v0_x"/><MemPortTyVec>2 3 </MemPortTyVec>
</StgValue>
</bind>
</comp>

<comp id="56" class="1000" name="screen_tris_v0_y">
<pin_list>
<pin id="57" dir="1" index="0" bw="1" slack="0"/>
</pin_list>
<bind>
<StgValue><ssdm name="screen_tris_v0_y"/><MemPortTyVec>2 3 </MemPortTyVec>
</StgValue>
</bind>
</comp>

<comp id="58" class="1000" name="screen_tris_v0_z">
<pin_list>
<pin id="59" dir="1" index="0" bw="1" slack="0"/>
</pin_list>
<bind>
<StgValue><ssdm name="screen_tris_v0_z"/><MemPortTyVec>2 3 </MemPortTyVec>
</StgValue>
</bind>
</comp>

<comp id="60" class="1000" name="screen_tris_v1_x">
<pin_list>
<pin id="61" dir="1" index="0" bw="1" slack="0"/>
</pin_list>
<bind>
<StgValue><ssdm name="screen_tris_v1_x"/><MemPortTyVec>2 3 </MemPortTyVec>
</StgValue>
</bind>
</comp>

<comp id="62" class="1000" name="screen_tris_v1_y">
<pin_list>
<pin id="63" dir="1" index="0" bw="1" slack="0"/>
</pin_list>
<bind>
<StgValue><ssdm name="screen_tris_v1_y"/><MemPortTyVec>2 3 </MemPortTyVec>
</StgValue>
</bind>
</comp>

<comp id="64" class="1000" name="screen_tris_v1_z">
<pin_list>
<pin id="65" dir="1" index="0" bw="1" slack="0"/>
</pin_list>
<bind>
<StgValue><ssdm name="screen_tris_v1_z"/><MemPortTyVec>2 3 </MemPortTyVec>
</StgValue>
</bind>
</comp>

<comp id="66" class="1000" name="screen_tris_v2_x">
<pin_list>
<pin id="67" dir="1" index="0" bw="1" slack="0"/>
</pin_list>
<bind>
<StgValue><ssdm name="screen_tris_v2_x"/><MemPortTyVec>2 3 </MemPortTyVec>
</StgValue>
</bind>
</comp>

<comp id="68" class="1000" name="screen_tris_v2_y">
<pin_list>
<pin id="69" dir="1" index="0" bw="1" slack="0"/>
</pin_list>
<bind>
<StgValue><ssdm name="screen_tris_v2_y"/><MemPortTyVec>2 3 </MemPortTyVec>
</StgValue>
</bind>
</comp>

<comp id="70" class="1000" name="screen_tris_v2_z">
<pin_list>
<pin id="71" dir="1" index="0" bw="1" slack="0"/>
</pin_list>
<bind>
<StgValue><ssdm name="screen_tris_v2_z"/><MemPortTyVec>2 3 </MemPortTyVec>
</StgValue>
</bind>
</comp>

<comp id="72" class="1000" name="screen_tris_n0_x">
<pin_list>
<pin id="73" dir="1" index="0" bw="1" slack="0"/>
</pin_list>
<bind>
<StgValue><ssdm name="screen_tris_n0_x"/><MemPortTyVec>2 3 </MemPortTyVec>
</StgValue>
</bind>
</comp>

<comp id="74" class="1000" name="screen_tris_n0_y">
<pin_list>
<pin id="75" dir="1" index="0" bw="1" slack="0"/>
</pin_list>
<bind>
<StgValue><ssdm name="screen_tris_n0_y"/><MemPortTyVec>2 3 </MemPortTyVec>
</StgValue>
</bind>
</comp>

<comp id="76" class="1000" name="screen_tris_n0_z">
<pin_list>
<pin id="77" dir="1" index="0" bw="1" slack="0"/>
</pin_list>
<bind>
<StgValue><ssdm name="screen_tris_n0_z"/><MemPortTyVec>2 3 </MemPortTyVec>
</StgValue>
</bind>
</comp>

<comp id="78" class="1000" name="screen_tris_n1_x">
<pin_list>
<pin id="79" dir="1" index="0" bw="1" slack="0"/>
</pin_list>
<bind>
<StgValue><ssdm name="screen_tris_n1_x"/><MemPortTyVec>2 3 </MemPortTyVec>
</StgValue>
</bind>
</comp>

<comp id="80" class="1000" name="screen_tris_n1_y">
<pin_list>
<pin id="81" dir="1" index="0" bw="1" slack="0"/>
</pin_list>
<bind>
<StgValue><ssdm name="screen_tris_n1_y"/><MemPortTyVec>2 3 </MemPortTyVec>
</StgValue>
</bind>
</comp>

<comp id="82" class="1000" name="screen_tris_n1_z">
<pin_list>
<pin id="83" dir="1" index="0" bw="1" slack="0"/>
</pin_list>
<bind>
<StgValue><ssdm name="screen_tris_n1_z"/><MemPortTyVec>2 3 </MemPortTyVec>
</StgValue>
</bind>
</comp>

<comp id="84" class="1000" name="screen_tris_n2_x">
<pin_list>
<pin id="85" dir="1" index="0" bw="1" slack="0"/>
</pin_list>
<bind>
<StgValue><ssdm name="screen_tris_n2_x"/><MemPortTyVec>2 3 </MemPortTyVec>
</StgValue>
</bind>
</comp>

<comp id="86" class="1000" name="screen_tris_n2_y">
<pin_list>
<pin id="87" dir="1" index="0" bw="1" slack="0"/>
</pin_list>
<bind>
<StgValue><ssdm name="screen_tris_n2_y"/><MemPortTyVec>2 3 </MemPortTyVec>
</StgValue>
</bind>
</comp>

<comp id="88" class="1000" name="screen_tris_n2_z">
<pin_list>
<pin id="89" dir="1" index="0" bw="1" slack="0"/>
</pin_list>
<bind>
<StgValue><ssdm name="screen_tris_n2_z"/><MemPortTyVec>2 3 </MemPortTyVec>
</StgValue>
</bind>
</comp>

<comp id="90" class="1000" name="screen_tris_is_active">
<pin_list>
<pin id="91" dir="1" index="0" bw="1" slack="0"/>
</pin_list>
<bind>
<StgValue><ssdm name="screen_tris_is_active"/><MemPortTyVec>2 3 </MemPortTyVec>
</StgValue>
</bind>
</comp>

<comp id="92" class="1000" name="bounds_max_x">
<pin_list>
<pin id="93" dir="1" index="0" bw="1" slack="0"/>
</pin_list>
<bind>
<StgValue><ssdm name="bounds_max_x"/><MemPortTyVec>2 0 </MemPortTyVec>
</StgValue>
</bind>
</comp>

<comp id="94" class="1000" name="bounds_max_y">
<pin_list>
<pin id="95" dir="1" index="0" bw="1" slack="0"/>
</pin_list>
<bind>
<StgValue><ssdm name="bounds_max_y"/><MemPortTyVec>2 0 </MemPortTyVec>
</StgValue>
</bind>
</comp>

<comp id="96" class="1000" name="bounds_min_x">
<pin_list>
<pin id="97" dir="1" index="0" bw="1" slack="0"/>
</pin_list>
<bind>
<StgValue><ssdm name="bounds_min_x"/><MemPortTyVec>2 0 </MemPortTyVec>
</StgValue>
</bind>
</comp>

<comp id="98" class="1000" name="bounds_min_y">
<pin_list>
<pin id="99" dir="1" index="0" bw="1" slack="0"/>
</pin_list>
<bind>
<StgValue><ssdm name="bounds_min_y"/><MemPortTyVec>2 0 </MemPortTyVec>
</StgValue>
</bind>
</comp>

<comp id="100" class="1000" name="depth_buffer">
<pin_list>
<pin id="101" dir="1" index="0" bw="1" slack="0"/>
</pin_list>
<bind>
<StgValue><ssdm name="depth_buffer"/><MemPortTyVec>2 3 </MemPortTyVec>
</StgValue>
</bind>
</comp>

<comp id="102" class="1000" name="normal_buffer_x">
<pin_list>
<pin id="103" dir="1" index="0" bw="1" slack="0"/>
</pin_list>
<bind>
<StgValue><ssdm name="normal_buffer_x"/><MemPortTyVec>2 3 </MemPortTyVec>
</StgValue>
</bind>
</comp>

<comp id="104" class="1000" name="normal_buffer_y">
<pin_list>
<pin id="105" dir="1" index="0" bw="1" slack="0"/>
</pin_list>
<bind>
<StgValue><ssdm name="normal_buffer_y"/><MemPortTyVec>2 3 </MemPortTyVec>
</StgValue>
</bind>
</comp>

<comp id="106" class="1000" name="normal_buffer_z">
<pin_list>
<pin id="107" dir="1" index="0" bw="1" slack="0"/>
</pin_list>
<bind>
<StgValue><ssdm name="normal_buffer_z"/><MemPortTyVec>2 3 </MemPortTyVec>
</StgValue>
</bind>
</comp>

<comp id="108" class="1001" name="const_108">
<pin_list>
<pin id="109" dir="1" index="0" bw="1" slack="0"/>
</pin_list>
<bind>
<StgValue><ssdm name="_ssdm_op_Read.s_axilite.i64"/></StgValue>
</bind>
</comp>

<comp id="110" class="1001" name="const_110">
<pin_list>
<pin id="111" dir="1" index="0" bw="1" slack="0"/>
</pin_list>
<bind>
<StgValue><ssdm name=""/></StgValue>
</bind>
</comp>

<comp id="112" class="1001" name="const_112">
<pin_list>
<pin id="113" dir="1" index="0" bw="1" slack="0"/>
</pin_list>
<bind>
<StgValue><ssdm name="entry_proc"/></StgValue>
</bind>
</comp>

<comp id="114" class="1001" name="const_114">
<pin_list>
<pin id="115" dir="1" index="0" bw="1" slack="0"/>
</pin_list>
<bind>
<StgValue><ssdm name="k1_vertex_transform"/></StgValue>
</bind>
</comp>

<comp id="116" class="1001" name="const_116">
<pin_list>
<pin id="117" dir="1" index="0" bw="1" slack="0"/>
</pin_list>
<bind>
<StgValue><ssdm name="k2_perspective_divide"/></StgValue>
</bind>
</comp>

<comp id="118" class="1001" name="const_118">
<pin_list>
<pin id="119" dir="1" index="0" bw="1" slack="0"/>
</pin_list>
<bind>
<StgValue><ssdm name="Block_entry_screen_tris (.v0.x)_rd_proc"/></StgValue>
</bind>
</comp>

<comp id="120" class="1001" name="const_120">
<pin_list>
<pin id="121" dir="1" index="0" bw="1" slack="0"/>
</pin_list>
<bind>
<StgValue><ssdm name="k5_deferred_lighting"/></StgValue>
</bind>
</comp>

<comp id="122" class="1001" name="const_122">
<pin_list>
<pin id="123" dir="1" index="0" bw="1" slack="2147483647"/>
</pin_list>
<bind>
<StgValue><ssdm name="_ssdm_op_SpecChannel"/></StgValue>
</bind>
</comp>

<comp id="124" class="1001" name="const_124">
<pin_list>
<pin id="125" dir="1" index="0" bw="1" slack="2147483647"/>
</pin_list>
<bind>
<StgValue><ssdm name="out_pixels_c_str"/></StgValue>
</bind>
</comp>

<comp id="126" class="1001" name="const_126">
<pin_list>
<pin id="127" dir="1" index="0" bw="1" slack="2147483647"/>
</pin_list>
<bind>
<StgValue><ssdm name=""/></StgValue>
</bind>
</comp>

<comp id="128" class="1001" name="const_128">
<pin_list>
<pin id="129" dir="1" index="0" bw="1" slack="2147483647"/>
</pin_list>
<bind>
<StgValue><ssdm name="p_str"/></StgValue>
</bind>
</comp>

<comp id="130" class="1001" name="const_130">
<pin_list>
<pin id="131" dir="1" index="0" bw="1" slack="2147483647"/>
</pin_list>
<bind>
<StgValue><ssdm name=""/></StgValue>
</bind>
</comp>

<comp id="132" class="1001" name="const_132">
<pin_list>
<pin id="133" dir="1" index="0" bw="1" slack="2147483647"/>
</pin_list>
<bind>
<StgValue><ssdm name=""/></StgValue>
</bind>
</comp>

<comp id="134" class="1001" name="const_134">
<pin_list>
<pin id="135" dir="1" index="0" bw="1" slack="2147483647"/>
</pin_list>
<bind>
<StgValue><ssdm name="_ssdm_op_SpecInterface"/></StgValue>
</bind>
</comp>

<comp id="136" class="1001" name="const_136">
<pin_list>
<pin id="137" dir="1" index="0" bw="1" slack="2147483647"/>
</pin_list>
<bind>
<StgValue><ssdm name="ap_fifo_str"/></StgValue>
</bind>
</comp>

<comp id="138" class="1001" name="const_138">
<pin_list>
<pin id="139" dir="1" index="0" bw="1" slack="2147483647"/>
</pin_list>
<bind>
<StgValue><ssdm name=""/></StgValue>
</bind>
</comp>

<comp id="140" class="1001" name="const_140">
<pin_list>
<pin id="141" dir="1" index="0" bw="1" slack="2147483647"/>
</pin_list>
<bind>
<StgValue><ssdm name=""/></StgValue>
</bind>
</comp>

<comp id="142" class="1001" name="const_142">
<pin_list>
<pin id="143" dir="1" index="0" bw="1" slack="2147483647"/>
</pin_list>
<bind>
<StgValue><ssdm name=""/></StgValue>
</bind>
</comp>

<comp id="144" class="1001" name="const_144">
<pin_list>
<pin id="145" dir="1" index="0" bw="1" slack="2147483647"/>
</pin_list>
<bind>
<StgValue><ssdm name="_ssdm_op_SpecDataflowPipeline"/></StgValue>
</bind>
</comp>

<comp id="146" class="1001" name="const_146">
<pin_list>
<pin id="147" dir="1" index="0" bw="1" slack="2147483647"/>
</pin_list>
<bind>
<StgValue><ssdm name="empty_11"/></StgValue>
</bind>
</comp>

<comp id="148" class="1001" name="const_148">
<pin_list>
<pin id="149" dir="1" index="0" bw="1" slack="2147483647"/>
</pin_list>
<bind>
<StgValue><ssdm name="_ssdm_op_SpecTopModule"/></StgValue>
</bind>
</comp>

<comp id="150" class="1001" name="const_150">
<pin_list>
<pin id="151" dir="1" index="0" bw="1" slack="2147483647"/>
</pin_list>
<bind>
<StgValue><ssdm name="empty_15"/></StgValue>
</bind>
</comp>

<comp id="152" class="1001" name="const_152">
<pin_list>
<pin id="153" dir="1" index="0" bw="1" slack="2147483647"/>
</pin_list>
<bind>
<StgValue><ssdm name="empty_16"/></StgValue>
</bind>
</comp>

<comp id="154" class="1001" name="const_154">
<pin_list>
<pin id="155" dir="1" index="0" bw="1" slack="2147483647"/>
</pin_list>
<bind>
<StgValue><ssdm name="empty_19"/></StgValue>
</bind>
</comp>

<comp id="156" class="1001" name="const_156">
<pin_list>
<pin id="157" dir="1" index="0" bw="1" slack="2147483647"/>
</pin_list>
<bind>
<StgValue><ssdm name="empty_6"/></StgValue>
</bind>
</comp>

<comp id="158" class="1001" name="const_158">
<pin_list>
<pin id="159" dir="1" index="0" bw="1" slack="2147483647"/>
</pin_list>
<bind>
<StgValue><ssdm name="_ssdm_op_SpecBitsMap"/></StgValue>
</bind>
</comp>

<comp id="160" class="1001" name="const_160">
<pin_list>
<pin id="161" dir="1" index="0" bw="1" slack="2147483647"/>
</pin_list>
<bind>
<StgValue><ssdm name="empty_7"/></StgValue>
</bind>
</comp>

<comp id="162" class="1001" name="const_162">
<pin_list>
<pin id="163" dir="1" index="0" bw="1" slack="2147483647"/>
</pin_list>
<bind>
<StgValue><ssdm name="empty"/></StgValue>
</bind>
</comp>

<comp id="164" class="1001" name="const_164">
<pin_list>
<pin id="165" dir="1" index="0" bw="1" slack="2147483647"/>
</pin_list>
<bind>
<StgValue><ssdm name="empty_0"/></StgValue>
</bind>
</comp>

<comp id="166" class="1001" name="const_166">
<pin_list>
<pin id="167" dir="1" index="0" bw="1" slack="2147483647"/>
</pin_list>
<bind>
<StgValue><ssdm name="empty_17"/></StgValue>
</bind>
</comp>

<comp id="168" class="1001" name="const_168">
<pin_list>
<pin id="169" dir="1" index="0" bw="1" slack="2147483647"/>
</pin_list>
<bind>
<StgValue><ssdm name="empty_10"/></StgValue>
</bind>
</comp>

<comp id="170" class="1001" name="const_170">
<pin_list>
<pin id="171" dir="1" index="0" bw="1" slack="2147483647"/>
</pin_list>
<bind>
<StgValue><ssdm name="empty_9"/></StgValue>
</bind>
</comp>

<comp id="172" class="1001" name="const_172">
<pin_list>
<pin id="173" dir="1" index="0" bw="1" slack="2147483647"/>
</pin_list>
<bind>
<StgValue><ssdm name="empty_8"/></StgValue>
</bind>
</comp>

<comp id="174" class="1001" name="const_174">
<pin_list>
<pin id="175" dir="1" index="0" bw="1" slack="2147483647"/>
</pin_list>
<bind>
<StgValue><ssdm name="empty_1"/></StgValue>
</bind>
</comp>

<comp id="176" class="1004" name="out_pixels_c_fu_176">
<pin_list>
<pin id="177" dir="0" index="0" bw="1" slack="0"/>
<pin id="178" dir="1" index="1" bw="64" slack="0"/>
</pin_list>
<bind>
<opcode="alloca(26) " fcode="alloca"/>
<opset="out_pixels_c/1 "/>
</bind>
</comp>

<comp id="180" class="1004" name="out_pixels_read_read_fu_180">
<pin_list>
<pin id="181" dir="0" index="0" bw="64" slack="0"/>
<pin id="182" dir="0" index="1" bw="64" slack="0"/>
<pin id="183" dir="1" index="2" bw="64" slack="0"/>
</pin_list>
<bind>
<opcode="read(1150) " fcode="read"/>
<opset="out_pixels_read/1 "/>
</bind>
</comp>

<comp id="186" class="1004" name="in_tris_read_read_fu_186">
<pin_list>
<pin id="187" dir="0" index="0" bw="64" slack="0"/>
<pin id="188" dir="0" index="1" bw="64" slack="0"/>
<pin id="189" dir="1" index="2" bw="64" slack="0"/>
</pin_list>
<bind>
<opcode="read(1150) " fcode="read"/>
<opset="in_tris_read/1 "/>
</bind>
</comp>

<comp id="192" class="1004" name="call_ln211_entry_proc_fu_192">
<pin_list>
<pin id="193" dir="0" index="0" bw="0" slack="0"/>
<pin id="194" dir="0" index="1" bw="64" slack="0"/>
<pin id="195" dir="0" index="2" bw="64" slack="0"/>
<pin id="196" dir="1" index="3" bw="0" slack="2147483647"/>
</pin_list>
<bind>
<opcode="call(48) " fcode="call"/>
<opset="call_ln211/1 "/>
</bind>
</comp>

<comp id="199" class="1004" name="grp_k1_vertex_transform_fu_199">
<pin_list>
<pin id="200" dir="0" index="0" bw="0" slack="0"/>
<pin id="201" dir="0" index="1" bw="1024" slack="0"/>
<pin id="202" dir="0" index="2" bw="64" slack="0"/>
<pin id="203" dir="0" index="3" bw="32" slack="0"/>
<pin id="204" dir="0" index="4" bw="1" slack="0"/>
<pin id="205" dir="0" index="5" bw="32" slack="0"/>
<pin id="206" dir="0" index="6" bw="32" slack="0"/>
<pin id="207" dir="0" index="7" bw="32" slack="0"/>
<pin id="208" dir="0" index="8" bw="32" slack="0"/>
<pin id="209" dir="0" index="9" bw="32" slack="0"/>
<pin id="210" dir="0" index="10" bw="32" slack="0"/>
<pin id="211" dir="0" index="11" bw="32" slack="0"/>
<pin id="212" dir="0" index="12" bw="32" slack="0"/>
<pin id="213" dir="0" index="13" bw="32" slack="0"/>
<pin id="214" dir="0" index="14" bw="32" slack="0"/>
<pin id="215" dir="0" index="15" bw="32" slack="0"/>
<pin id="216" dir="0" index="16" bw="32" slack="0"/>
<pin id="217" dir="0" index="17" bw="32" slack="0"/>
<pin id="218" dir="0" index="18" bw="32" slack="0"/>
<pin id="219" dir="0" index="19" bw="32" slack="0"/>
<pin id="220" dir="0" index="20" bw="32" slack="0"/>
<pin id="221" dir="0" index="21" bw="32" slack="0"/>
<pin id="222" dir="0" index="22" bw="32" slack="0"/>
<pin id="223" dir="0" index="23" bw="32" slack="0"/>
<pin id="224" dir="0" index="24" bw="32" slack="0"/>
<pin id="225" dir="0" index="25" bw="32" slack="0"/>
<pin id="226" dir="1" index="26" bw="0" slack="2147483647"/>
</pin_list>
<bind>
<opcode="call(48) " fcode="call"/>
<opset="call_ln223/1 "/>
</bind>
</comp>

<comp id="253" class="1004" name="grp_k2_perspective_divide_fu_253">
<pin_list>
<pin id="254" dir="0" index="0" bw="0" slack="0"/>
<pin id="255" dir="0" index="1" bw="32" slack="0"/>
<pin id="256" dir="0" index="2" bw="32" slack="0"/>
<pin id="257" dir="0" index="3" bw="32" slack="0"/>
<pin id="258" dir="0" index="4" bw="32" slack="0"/>
<pin id="259" dir="0" index="5" bw="32" slack="0"/>
<pin id="260" dir="0" index="6" bw="32" slack="0"/>
<pin id="261" dir="0" index="7" bw="32" slack="0"/>
<pin id="262" dir="0" index="8" bw="32" slack="0"/>
<pin id="263" dir="0" index="9" bw="32" slack="0"/>
<pin id="264" dir="0" index="10" bw="32" slack="0"/>
<pin id="265" dir="0" index="11" bw="32" slack="0"/>
<pin id="266" dir="0" index="12" bw="32" slack="0"/>
<pin id="267" dir="0" index="13" bw="32" slack="0"/>
<pin id="268" dir="0" index="14" bw="32" slack="0"/>
<pin id="269" dir="0" index="15" bw="32" slack="0"/>
<pin id="270" dir="0" index="16" bw="32" slack="0"/>
<pin id="271" dir="0" index="17" bw="32" slack="0"/>
<pin id="272" dir="0" index="18" bw="32" slack="0"/>
<pin id="273" dir="0" index="19" bw="32" slack="0"/>
<pin id="274" dir="0" index="20" bw="32" slack="0"/>
<pin id="275" dir="0" index="21" bw="32" slack="0"/>
<pin id="276" dir="0" index="22" bw="1" slack="0"/>
<pin id="277" dir="0" index="23" bw="32" slack="0"/>
<pin id="278" dir="0" index="24" bw="32" slack="0"/>
<pin id="279" dir="0" index="25" bw="32" slack="0"/>
<pin id="280" dir="0" index="26" bw="32" slack="0"/>
<pin id="281" dir="0" index="27" bw="32" slack="0"/>
<pin id="282" dir="0" index="28" bw="32" slack="0"/>
<pin id="283" dir="0" index="29" bw="32" slack="0"/>
<pin id="284" dir="0" index="30" bw="32" slack="0"/>
<pin id="285" dir="0" index="31" bw="32" slack="0"/>
<pin id="286" dir="0" index="32" bw="32" slack="0"/>
<pin id="287" dir="0" index="33" bw="32" slack="0"/>
<pin id="288" dir="0" index="34" bw="32" slack="0"/>
<pin id="289" dir="0" index="35" bw="32" slack="0"/>
<pin id="290" dir="0" index="36" bw="32" slack="0"/>
<pin id="291" dir="0" index="37" bw="32" slack="0"/>
<pin id="292" dir="0" index="38" bw="32" slack="0"/>
<pin id="293" dir="0" index="39" bw="32" slack="0"/>
<pin id="294" dir="0" index="40" bw="32" slack="0"/>
<pin id="295" dir="0" index="41" bw="1" slack="0"/>
<pin id="296" dir="1" index="42" bw="0" slack="2147483647"/>
</pin_list>
<bind>
<opcode="call(48) " fcode="call"/>
<opset="call_ln224/3 "/>
</bind>
</comp>

<comp id="339" class="1004" name="grp_Block_entry_screen_tris_v0_x_rd_proc_fu_339">
<pin_list>
<pin id="340" dir="0" index="0" bw="0" slack="0"/>
<pin id="341" dir="0" index="1" bw="32" slack="0"/>
<pin id="342" dir="0" index="2" bw="32" slack="0"/>
<pin id="343" dir="0" index="3" bw="32" slack="0"/>
<pin id="344" dir="0" index="4" bw="32" slack="0"/>
<pin id="345" dir="0" index="5" bw="1" slack="0"/>
<pin id="346" dir="0" index="6" bw="32" slack="0"/>
<pin id="347" dir="0" index="7" bw="32" slack="0"/>
<pin id="348" dir="0" index="8" bw="32" slack="0"/>
<pin id="349" dir="0" index="9" bw="32" slack="0"/>
<pin id="350" dir="0" index="10" bw="32" slack="0"/>
<pin id="351" dir="0" index="11" bw="32" slack="0"/>
<pin id="352" dir="0" index="12" bw="32" slack="0"/>
<pin id="353" dir="0" index="13" bw="32" slack="0"/>
<pin id="354" dir="0" index="14" bw="32" slack="0"/>
<pin id="355" dir="0" index="15" bw="32" slack="0"/>
<pin id="356" dir="0" index="16" bw="32" slack="0"/>
<pin id="357" dir="0" index="17" bw="32" slack="0"/>
<pin id="358" dir="0" index="18" bw="32" slack="0"/>
<pin id="359" dir="0" index="19" bw="32" slack="0"/>
<pin id="360" dir="0" index="20" bw="32" slack="0"/>
<pin id="361" dir="0" index="21" bw="32" slack="0"/>
<pin id="362" dir="0" index="22" bw="32" slack="0"/>
<pin id="363" dir="0" index="23" bw="32" slack="0"/>
<pin id="364" dir="0" index="24" bw="16" slack="0"/>
<pin id="365" dir="0" index="25" bw="16" slack="0"/>
<pin id="366" dir="0" index="26" bw="15" slack="0"/>
<pin id="367" dir="0" index="27" bw="15" slack="0"/>
<pin id="368" dir="1" index="28" bw="0" slack="2147483647"/>
</pin_list>
<bind>
<opcode="call(48) " fcode="call"/>
<opset="call_ln225/5 "/>
</bind>
</comp>

<comp id="397" class="1004" name="grp_k5_deferred_lighting_fu_397">
<pin_list>
<pin id="398" dir="0" index="0" bw="0" slack="0"/>
<pin id="399" dir="0" index="1" bw="32" slack="0"/>
<pin id="400" dir="0" index="2" bw="64" slack="6"/>
<pin id="401" dir="0" index="3" bw="32" slack="0"/>
<pin id="402" dir="0" index="4" bw="32" slack="0"/>
<pin id="403" dir="0" index="5" bw="32" slack="0"/>
<pin id="404" dir="0" index="6" bw="32" slack="0"/>
<pin id="405" dir="1" index="7" bw="0" slack="2147483647"/>
</pin_list>
<bind>
<opcode="call(48) " fcode="call"/>
<opset="call_ln227/7 "/>
</bind>
</comp>

<comp id="412" class="1005" name="in_tris_read_reg_412">
<pin_list>
<pin id="413" dir="0" index="0" bw="64" slack="1"/>
<pin id="414" dir="1" index="1" bw="64" slack="1"/>
</pin_list>
<bind>
<opset="in_tris_read "/>
</bind>
</comp>

<comp id="417" class="1005" name="out_pixels_c_reg_417">
<pin_list>
<pin id="418" dir="0" index="0" bw="64" slack="0"/>
<pin id="419" dir="1" index="1" bw="64" slack="0"/>
</pin_list>
<bind>
<opset="out_pixels_c "/>
</bind>
</comp>

</comp_list>

<net_list>
<net id="179"><net_src comp="110" pin="0"/><net_sink comp="176" pin=0"/></net>

<net id="184"><net_src comp="108" pin="0"/><net_sink comp="180" pin=0"/></net>

<net id="185"><net_src comp="8" pin="0"/><net_sink comp="180" pin=1"/></net>

<net id="190"><net_src comp="108" pin="0"/><net_sink comp="186" pin=0"/></net>

<net id="191"><net_src comp="4" pin="0"/><net_sink comp="186" pin=1"/></net>

<net id="197"><net_src comp="112" pin="0"/><net_sink comp="192" pin=0"/></net>

<net id="198"><net_src comp="180" pin="2"/><net_sink comp="192" pin=1"/></net>

<net id="227"><net_src comp="114" pin="0"/><net_sink comp="199" pin=0"/></net>

<net id="228"><net_src comp="0" pin="0"/><net_sink comp="199" pin=1"/></net>

<net id="229"><net_src comp="186" pin="2"/><net_sink comp="199" pin=2"/></net>

<net id="230"><net_src comp="6" pin="0"/><net_sink comp="199" pin=3"/></net>

<net id="231"><net_src comp="10" pin="0"/><net_sink comp="199" pin=4"/></net>

<net id="232"><net_src comp="12" pin="0"/><net_sink comp="199" pin=5"/></net>

<net id="233"><net_src comp="14" pin="0"/><net_sink comp="199" pin=6"/></net>

<net id="234"><net_src comp="16" pin="0"/><net_sink comp="199" pin=7"/></net>

<net id="235"><net_src comp="18" pin="0"/><net_sink comp="199" pin=8"/></net>

<net id="236"><net_src comp="20" pin="0"/><net_sink comp="199" pin=9"/></net>

<net id="237"><net_src comp="22" pin="0"/><net_sink comp="199" pin=10"/></net>

<net id="238"><net_src comp="24" pin="0"/><net_sink comp="199" pin=11"/></net>

<net id="239"><net_src comp="26" pin="0"/><net_sink comp="199" pin=12"/></net>

<net id="240"><net_src comp="28" pin="0"/><net_sink comp="199" pin=13"/></net>

<net id="241"><net_src comp="30" pin="0"/><net_sink comp="199" pin=14"/></net>

<net id="242"><net_src comp="32" pin="0"/><net_sink comp="199" pin=15"/></net>

<net id="243"><net_src comp="34" pin="0"/><net_sink comp="199" pin=16"/></net>

<net id="244"><net_src comp="36" pin="0"/><net_sink comp="199" pin=17"/></net>

<net id="245"><net_src comp="38" pin="0"/><net_sink comp="199" pin=18"/></net>

<net id="246"><net_src comp="40" pin="0"/><net_sink comp="199" pin=19"/></net>

<net id="247"><net_src comp="42" pin="0"/><net_sink comp="199" pin=20"/></net>

<net id="248"><net_src comp="44" pin="0"/><net_sink comp="199" pin=21"/></net>

<net id="249"><net_src comp="46" pin="0"/><net_sink comp="199" pin=22"/></net>

<net id="250"><net_src comp="48" pin="0"/><net_sink comp="199" pin=23"/></net>

<net id="251"><net_src comp="50" pin="0"/><net_sink comp="199" pin=24"/></net>

<net id="252"><net_src comp="52" pin="0"/><net_sink comp="199" pin=25"/></net>

<net id="297"><net_src comp="116" pin="0"/><net_sink comp="253" pin=0"/></net>

<net id="298"><net_src comp="32" pin="0"/><net_sink comp="253" pin=1"/></net>

<net id="299"><net_src comp="34" pin="0"/><net_sink comp="253" pin=2"/></net>

<net id="300"><net_src comp="36" pin="0"/><net_sink comp="253" pin=3"/></net>

<net id="301"><net_src comp="30" pin="0"/><net_sink comp="253" pin=4"/></net>

<net id="302"><net_src comp="40" pin="0"/><net_sink comp="253" pin=5"/></net>

<net id="303"><net_src comp="42" pin="0"/><net_sink comp="253" pin=6"/></net>

<net id="304"><net_src comp="44" pin="0"/><net_sink comp="253" pin=7"/></net>

<net id="305"><net_src comp="38" pin="0"/><net_sink comp="253" pin=8"/></net>

<net id="306"><net_src comp="48" pin="0"/><net_sink comp="253" pin=9"/></net>

<net id="307"><net_src comp="50" pin="0"/><net_sink comp="253" pin=10"/></net>

<net id="308"><net_src comp="52" pin="0"/><net_sink comp="253" pin=11"/></net>

<net id="309"><net_src comp="46" pin="0"/><net_sink comp="253" pin=12"/></net>

<net id="310"><net_src comp="12" pin="0"/><net_sink comp="253" pin=13"/></net>

<net id="311"><net_src comp="14" pin="0"/><net_sink comp="253" pin=14"/></net>

<net id="312"><net_src comp="16" pin="0"/><net_sink comp="253" pin=15"/></net>

<net id="313"><net_src comp="18" pin="0"/><net_sink comp="253" pin=16"/></net>

<net id="314"><net_src comp="20" pin="0"/><net_sink comp="253" pin=17"/></net>

<net id="315"><net_src comp="22" pin="0"/><net_sink comp="253" pin=18"/></net>

<net id="316"><net_src comp="24" pin="0"/><net_sink comp="253" pin=19"/></net>

<net id="317"><net_src comp="26" pin="0"/><net_sink comp="253" pin=20"/></net>

<net id="318"><net_src comp="28" pin="0"/><net_sink comp="253" pin=21"/></net>

<net id="319"><net_src comp="10" pin="0"/><net_sink comp="253" pin=22"/></net>

<net id="320"><net_src comp="54" pin="0"/><net_sink comp="253" pin=23"/></net>

<net id="321"><net_src comp="56" pin="0"/><net_sink comp="253" pin=24"/></net>

<net id="322"><net_src comp="58" pin="0"/><net_sink comp="253" pin=25"/></net>

<net id="323"><net_src comp="60" pin="0"/><net_sink comp="253" pin=26"/></net>

<net id="324"><net_src comp="62" pin="0"/><net_sink comp="253" pin=27"/></net>

<net id="325"><net_src comp="64" pin="0"/><net_sink comp="253" pin=28"/></net>

<net id="326"><net_src comp="66" pin="0"/><net_sink comp="253" pin=29"/></net>

<net id="327"><net_src comp="68" pin="0"/><net_sink comp="253" pin=30"/></net>

<net id="328"><net_src comp="70" pin="0"/><net_sink comp="253" pin=31"/></net>

<net id="329"><net_src comp="72" pin="0"/><net_sink comp="253" pin=32"/></net>

<net id="330"><net_src comp="74" pin="0"/><net_sink comp="253" pin=33"/></net>

<net id="331"><net_src comp="76" pin="0"/><net_sink comp="253" pin=34"/></net>

<net id="332"><net_src comp="78" pin="0"/><net_sink comp="253" pin=35"/></net>

<net id="333"><net_src comp="80" pin="0"/><net_sink comp="253" pin=36"/></net>

<net id="334"><net_src comp="82" pin="0"/><net_sink comp="253" pin=37"/></net>

<net id="335"><net_src comp="84" pin="0"/><net_sink comp="253" pin=38"/></net>

<net id="336"><net_src comp="86" pin="0"/><net_sink comp="253" pin=39"/></net>

<net id="337"><net_src comp="88" pin="0"/><net_sink comp="253" pin=40"/></net>

<net id="338"><net_src comp="90" pin="0"/><net_sink comp="253" pin=41"/></net>

<net id="369"><net_src comp="118" pin="0"/><net_sink comp="339" pin=0"/></net>

<net id="370"><net_src comp="100" pin="0"/><net_sink comp="339" pin=1"/></net>

<net id="371"><net_src comp="102" pin="0"/><net_sink comp="339" pin=2"/></net>

<net id="372"><net_src comp="104" pin="0"/><net_sink comp="339" pin=3"/></net>

<net id="373"><net_src comp="106" pin="0"/><net_sink comp="339" pin=4"/></net>

<net id="374"><net_src comp="90" pin="0"/><net_sink comp="339" pin=5"/></net>

<net id="375"><net_src comp="72" pin="0"/><net_sink comp="339" pin=6"/></net>

<net id="376"><net_src comp="74" pin="0"/><net_sink comp="339" pin=7"/></net>

<net id="377"><net_src comp="76" pin="0"/><net_sink comp="339" pin=8"/></net>

<net id="378"><net_src comp="78" pin="0"/><net_sink comp="339" pin=9"/></net>

<net id="379"><net_src comp="80" pin="0"/><net_sink comp="339" pin=10"/></net>

<net id="380"><net_src comp="82" pin="0"/><net_sink comp="339" pin=11"/></net>

<net id="381"><net_src comp="84" pin="0"/><net_sink comp="339" pin=12"/></net>

<net id="382"><net_src comp="86" pin="0"/><net_sink comp="339" pin=13"/></net>

<net id="383"><net_src comp="88" pin="0"/><net_sink comp="339" pin=14"/></net>

<net id="384"><net_src comp="54" pin="0"/><net_sink comp="339" pin=15"/></net>

<net id="385"><net_src comp="56" pin="0"/><net_sink comp="339" pin=16"/></net>

<net id="386"><net_src comp="58" pin="0"/><net_sink comp="339" pin=17"/></net>

<net id="387"><net_src comp="60" pin="0"/><net_sink comp="339" pin=18"/></net>

<net id="388"><net_src comp="62" pin="0"/><net_sink comp="339" pin=19"/></net>

<net id="389"><net_src comp="64" pin="0"/><net_sink comp="339" pin=20"/></net>

<net id="390"><net_src comp="66" pin="0"/><net_sink comp="339" pin=21"/></net>

<net id="391"><net_src comp="68" pin="0"/><net_sink comp="339" pin=22"/></net>

<net id="392"><net_src comp="70" pin="0"/><net_sink comp="339" pin=23"/></net>

<net id="393"><net_src comp="92" pin="0"/><net_sink comp="339" pin=24"/></net>

<net id="394"><net_src comp="94" pin="0"/><net_sink comp="339" pin=25"/></net>

<net id="395"><net_src comp="96" pin="0"/><net_sink comp="339" pin=26"/></net>

<net id="396"><net_src comp="98" pin="0"/><net_sink comp="339" pin=27"/></net>

<net id="406"><net_src comp="120" pin="0"/><net_sink comp="397" pin=0"/></net>

<net id="407"><net_src comp="2" pin="0"/><net_sink comp="397" pin=1"/></net>

<net id="408"><net_src comp="100" pin="0"/><net_sink comp="397" pin=3"/></net>

<net id="409"><net_src comp="102" pin="0"/><net_sink comp="397" pin=4"/></net>

<net id="410"><net_src comp="104" pin="0"/><net_sink comp="397" pin=5"/></net>

<net id="411"><net_src comp="106" pin="0"/><net_sink comp="397" pin=6"/></net>

<net id="415"><net_src comp="186" pin="2"/><net_sink comp="412" pin=0"/></net>

<net id="416"><net_src comp="412" pin="1"/><net_sink comp="199" pin=2"/></net>

<net id="420"><net_src comp="176" pin="1"/><net_sink comp="417" pin=0"/></net>

<net id="421"><net_src comp="417" pin="1"/><net_sink comp="192" pin=2"/></net>

<net id="422"><net_src comp="417" pin="1"/><net_sink comp="397" pin=2"/></net>

</net_list>

</model> 
---------------- Datapath Model END ------------------

* FSMD analyzer results:
  - Output states:
	Port: gmem1 | {7 8 }
	Port: clip_tris_is_active | {1 2 }
	Port: clip_tris_n0_x | {1 2 }
	Port: clip_tris_n0_y | {1 2 }
	Port: clip_tris_n0_z | {1 2 }
	Port: clip_tris_n1_x | {1 2 }
	Port: clip_tris_n1_y | {1 2 }
	Port: clip_tris_n1_z | {1 2 }
	Port: clip_tris_n2_x | {1 2 }
	Port: clip_tris_n2_y | {1 2 }
	Port: clip_tris_n2_z | {1 2 }
	Port: clip_tris_v0_w | {1 2 }
	Port: clip_tris_v0_x | {1 2 }
	Port: clip_tris_v0_y | {1 2 }
	Port: clip_tris_v0_z | {1 2 }
	Port: clip_tris_v1_w | {1 2 }
	Port: clip_tris_v1_x | {1 2 }
	Port: clip_tris_v1_y | {1 2 }
	Port: clip_tris_v1_z | {1 2 }
	Port: clip_tris_v2_w | {1 2 }
	Port: clip_tris_v2_x | {1 2 }
	Port: clip_tris_v2_y | {1 2 }
	Port: clip_tris_v2_z | {1 2 }
	Port: screen_tris_v0_x | {3 4 }
	Port: screen_tris_v0_y | {3 4 }
	Port: screen_tris_v0_z | {3 4 }
	Port: screen_tris_v1_x | {3 4 }
	Port: screen_tris_v1_y | {3 4 }
	Port: screen_tris_v1_z | {3 4 }
	Port: screen_tris_v2_x | {3 4 }
	Port: screen_tris_v2_y | {3 4 }
	Port: screen_tris_v2_z | {3 4 }
	Port: screen_tris_n0_x | {3 4 }
	Port: screen_tris_n0_y | {3 4 }
	Port: screen_tris_n0_z | {3 4 }
	Port: screen_tris_n1_x | {3 4 }
	Port: screen_tris_n1_y | {3 4 }
	Port: screen_tris_n1_z | {3 4 }
	Port: screen_tris_n2_x | {3 4 }
	Port: screen_tris_n2_y | {3 4 }
	Port: screen_tris_n2_z | {3 4 }
	Port: screen_tris_is_active | {3 4 }
	Port: bounds_max_x | {5 6 }
	Port: bounds_max_y | {5 6 }
	Port: bounds_min_x | {5 6 }
	Port: bounds_min_y | {5 6 }
	Port: depth_buffer | {5 6 }
	Port: normal_buffer_x | {5 6 }
	Port: normal_buffer_y | {5 6 }
	Port: normal_buffer_z | {5 6 }
 - Input state : 
	Port: top_kernel : gmem0 | {1 2 }
	Port: top_kernel : in_tris | {1 }
	Port: top_kernel : mvp_matrix | {1 2 }
	Port: top_kernel : out_pixels | {1 }
	Port: top_kernel : clip_tris_is_active | {3 4 }
	Port: top_kernel : clip_tris_n0_x | {3 4 }
	Port: top_kernel : clip_tris_n0_y | {3 4 }
	Port: top_kernel : clip_tris_n0_z | {3 4 }
	Port: top_kernel : clip_tris_n1_x | {3 4 }
	Port: top_kernel : clip_tris_n1_y | {3 4 }
	Port: top_kernel : clip_tris_n1_z | {3 4 }
	Port: top_kernel : clip_tris_n2_x | {3 4 }
	Port: top_kernel : clip_tris_n2_y | {3 4 }
	Port: top_kernel : clip_tris_n2_z | {3 4 }
	Port: top_kernel : clip_tris_v0_w | {3 4 }
	Port: top_kernel : clip_tris_v0_x | {3 4 }
	Port: top_kernel : clip_tris_v0_y | {3 4 }
	Port: top_kernel : clip_tris_v0_z | {3 4 }
	Port: top_kernel : clip_tris_v1_w | {3 4 }
	Port: top_kernel : clip_tris_v1_x | {3 4 }
	Port: top_kernel : clip_tris_v1_y | {3 4 }
	Port: top_kernel : clip_tris_v1_z | {3 4 }
	Port: top_kernel : clip_tris_v2_w | {3 4 }
	Port: top_kernel : clip_tris_v2_x | {3 4 }
	Port: top_kernel : clip_tris_v2_y | {3 4 }
	Port: top_kernel : clip_tris_v2_z | {3 4 }
	Port: top_kernel : screen_tris_v0_x | {5 6 }
	Port: top_kernel : screen_tris_v0_y | {5 6 }
	Port: top_kernel : screen_tris_v0_z | {5 6 }
	Port: top_kernel : screen_tris_v1_x | {5 6 }
	Port: top_kernel : screen_tris_v1_y | {5 6 }
	Port: top_kernel : screen_tris_v1_z | {5 6 }
	Port: top_kernel : screen_tris_v2_x | {5 6 }
	Port: top_kernel : screen_tris_v2_y | {5 6 }
	Port: top_kernel : screen_tris_v2_z | {5 6 }
	Port: top_kernel : screen_tris_n0_x | {5 6 }
	Port: top_kernel : screen_tris_n0_y | {5 6 }
	Port: top_kernel : screen_tris_n0_z | {5 6 }
	Port: top_kernel : screen_tris_n1_x | {5 6 }
	Port: top_kernel : screen_tris_n1_y | {5 6 }
	Port: top_kernel : screen_tris_n1_z | {5 6 }
	Port: top_kernel : screen_tris_n2_x | {5 6 }
	Port: top_kernel : screen_tris_n2_y | {5 6 }
	Port: top_kernel : screen_tris_n2_z | {5 6 }
	Port: top_kernel : screen_tris_is_active | {5 6 }
	Port: top_kernel : bounds_max_x | {5 6 }
	Port: top_kernel : bounds_max_y | {5 6 }
	Port: top_kernel : bounds_min_x | {5 6 }
	Port: top_kernel : bounds_min_y | {5 6 }
	Port: top_kernel : depth_buffer | {7 8 }
	Port: top_kernel : normal_buffer_x | {7 8 }
	Port: top_kernel : normal_buffer_y | {7 8 }
	Port: top_kernel : normal_buffer_z | {7 8 }
  - Chain level:
	State 1
		call_ln211 : 1
	State 2
	State 3
	State 4
	State 5
	State 6
	State 7
	State 8


============================================================
+ Verbose Summary: Datapath Resource usage 
============================================================

* Functional unit list:
|----------|-------------------------------------------------|---------|---------|---------|---------|---------|---------|
| Operation|                 Functional Unit                 |   BRAM  |   DSP   |  Delay  |    FF   |   LUT   |   URAM  |
|----------|-------------------------------------------------|---------|---------|---------|---------|---------|---------|
|          |           call_ln211_entry_proc_fu_192          |    0    |    0    |    0    |    0    |    0    |    0    |
|          |          grp_k1_vertex_transform_fu_199         |    0    |    12   |  19.868 |  12724  |  17282  |    0    |
|   call   |         grp_k2_perspective_divide_fu_253        |    0    |    12   |  27.019 |   1433  |   1947  |    0    |
|          | grp_Block_entry_screen_tris_v0_x_rd_proc_fu_339 |    32   |    84   |  24.425 |   4708  |   6689  |    0    |
|          |         grp_k5_deferred_lighting_fu_397         |    0    |    2    |  1.956  |   245   |   883   |    0    |
|----------|-------------------------------------------------|---------|---------|---------|---------|---------|---------|
|   read   |           out_pixels_read_read_fu_180           |    0    |    0    |    0    |    0    |    0    |    0    |
|          |             in_tris_read_read_fu_186            |    0    |    0    |    0    |    0    |    0    |    0    |
|----------|-------------------------------------------------|---------|---------|---------|---------|---------|---------|
|   Total  |                                                 |    32   |   110   |  73.268 |  19110  |  26801  |    0    |
|----------|-------------------------------------------------|---------|---------|---------|---------|---------|---------|

Memories:
+---------------------+--------+--------+--------+--------+
|                     |  BRAM  |   FF   |   LUT  |  URAM  |
+---------------------+--------+--------+--------+--------+
|     bounds_max_x    |    1   |    0   |    0   |    0   |
|     bounds_max_y    |    1   |    0   |    0   |    0   |
|     bounds_min_x    |    1   |    0   |    0   |    0   |
|     bounds_min_y    |    1   |    0   |    0   |    0   |
| clip_tris_is_active |    0   |    2   |    4   |    0   |
|    clip_tris_n0_x   |    2   |    0   |    0   |    0   |
|    clip_tris_n0_y   |    2   |    0   |    0   |    0   |
|    clip_tris_n0_z   |    2   |    0   |    0   |    0   |
|    clip_tris_n1_x   |    2   |    0   |    0   |    0   |
|    clip_tris_n1_y   |    2   |    0   |    0   |    0   |
|    clip_tris_n1_z   |    2   |    0   |    0   |    0   |
|    clip_tris_n2_x   |    2   |    0   |    0   |    0   |
|    clip_tris_n2_y   |    2   |    0   |    0   |    0   |
|    clip_tris_n2_z   |    2   |    0   |    0   |    0   |
|    clip_tris_v0_w   |    4   |    0   |    0   |    0   |
|    clip_tris_v0_x   |    2   |    0   |    0   |    0   |
|    clip_tris_v0_y   |    2   |    0   |    0   |    0   |
|    clip_tris_v0_z   |    2   |    0   |    0   |    0   |
|    clip_tris_v1_w   |    2   |    0   |    0   |    0   |
|    clip_tris_v1_x   |    2   |    0   |    0   |    0   |
|    clip_tris_v1_y   |    2   |    0   |    0   |    0   |
|    clip_tris_v1_z   |    2   |    0   |    0   |    0   |
|    clip_tris_v2_w   |    2   |    0   |    0   |    0   |
|    clip_tris_v2_x   |    2   |    0   |    0   |    0   |
|    clip_tris_v2_y   |    2   |    0   |    0   |    0   |
|    clip_tris_v2_z   |    2   |    0   |    0   |    0   |
|     depth_buffer    |   16   |    0   |    0   |    0   |
|   normal_buffer_x   |   16   |    0   |    0   |    0   |
|   normal_buffer_y   |   16   |    0   |    0   |    0   |
|   normal_buffer_z   |   16   |    0   |    0   |    0   |
|screen_tris_is_active|    0   |    2   |    4   |    0   |
|   screen_tris_n0_x  |    2   |    0   |    0   |    0   |
|   screen_tris_n0_y  |    2   |    0   |    0   |    0   |
|   screen_tris_n0_z  |    2   |    0   |    0   |    0   |
|   screen_tris_n1_x  |    2   |    0   |    0   |    0   |
|   screen_tris_n1_y  |    2   |    0   |    0   |    0   |
|   screen_tris_n1_z  |    2   |    0   |    0   |    0   |
|   screen_tris_n2_x  |    2   |    0   |    0   |    0   |
|   screen_tris_n2_y  |    2   |    0   |    0   |    0   |
|   screen_tris_n2_z  |    2   |    0   |    0   |    0   |
|   screen_tris_v0_x  |    2   |    0   |    0   |    0   |
|   screen_tris_v0_y  |    2   |    0   |    0   |    0   |
|   screen_tris_v0_z  |    2   |    0   |    0   |    0   |
|   screen_tris_v1_x  |    2   |    0   |    0   |    0   |
|   screen_tris_v1_y  |    2   |    0   |    0   |    0   |
|   screen_tris_v1_z  |    2   |    0   |    0   |    0   |
|   screen_tris_v2_x  |    2   |    0   |    0   |    0   |
|   screen_tris_v2_y  |    2   |    0   |    0   |    0   |
|   screen_tris_v2_z  |    2   |    0   |    0   |    0   |
+---------------------+--------+--------+--------+--------+
|        Total        |   148  |    4   |    8   |    0   |
+---------------------+--------+--------+--------+--------+

* Register list:
+--------------------+--------+
|                    |   FF   |
+--------------------+--------+
|in_tris_read_reg_412|   64   |
|out_pixels_c_reg_417|   64   |
+--------------------+--------+
|        Total       |   128  |
+--------------------+--------+

* Multiplexer (MUX) list: 
|--------------------------------|------|------|------|--------||---------||---------||---------|
|              Comp              |  Pin | Size |  BW  | S x BW ||  Delay  ||    FF   ||   LUT   |
|--------------------------------|------|------|------|--------||---------||---------||---------|
| grp_k1_vertex_transform_fu_199 |  p2  |   2  |  64  |   128  ||    0    ||    9    |
|--------------------------------|------|------|------|--------||---------||---------||---------|
|              Total             |      |      |      |   128  ||  0.489  ||    0    ||    9    |
|--------------------------------|------|------|------|--------||---------||---------||---------|



* Summary:
+-----------+--------+--------+--------+--------+--------+--------+
|           |  BRAM  |   DSP  |  Delay |   FF   |   LUT  |  URAM  |
+-----------+--------+--------+--------+--------+--------+--------+
|  Function |   32   |   110  |   73   |  19110 |  26801 |    0   |
|   Memory  |   148  |    -   |    -   |    4   |    8   |    0   |
|Multiplexer|    -   |    -   |    0   |    0   |    9   |    -   |
|  Register |    -   |    -   |    -   |   128  |    -   |    -   |
+-----------+--------+--------+--------+--------+--------+--------+
|   Total   |   180  |   110  |   73   |  19242 |  26818 |    0   |
+-----------+--------+--------+--------+--------+--------+--------+
