================================================================
== Vivado Place & Route Results
================================================================
+ General Information:
    * Date:            Mon Mar 30 23:52:13 EDT 2026
    * Version:         2025.1 (Build 6214317 on Sep 11 2025)
    * Project:         project_1
    * Solution:        hls (Vivado IP Flow Target)
    * Product family:  zynquplus
    * Target device:   xczu3eg-sbva484-1-e


================================================================
== Run Constraints & Options
================================================================
+ Design Constraints & Options:
    * Place & Route target clock:  10 ns
    * C-Synthesis target clock:    10 ns
    * C-Synthesis uncertainty:     27%

+ RTL Synthesis Options:
    * config_export -vivado_synth_strategy:     default
    * config_export -vivado_synth_design_args:  -directive sdx_optimization_effort_high

+ Place & Route Options:
    * config_export -vivado_impl_strategy:  default
    * config_export -vivado_phys_opt:       auto

+ Reporting Options:
    * config_export -vivado_report_level:      2
    * config_export -vivado_max_timing_paths:  10


================================================================
== Place & Route Resource Summary
================================================================
LUT:              16553
FF:               12122
DSP:              108
BRAM:             175
URAM:             0
SRL:              170


================================================================
== Place & Route Timing Summary
================================================================
* Timing was met
+----------------+-------------+
| Timing         | Period (ns) |
+----------------+-------------+
| Target         | 10.000      |
| Post-Synthesis | 7.813       |
| Post-Route     | 9.796       |
+----------------+-------------+


================================================================
== Place & Route Resources
================================================================
+-------------------------------------------+-------+-------+-----+------+------+-----+--------+------+---------+----------+--------+
| Name                                      | LUT   | FF    | DSP | BRAM | URAM | SRL | Pragma | Impl | Latency | Variable | Source |
+-------------------------------------------+-------+-------+-----+------+------+-----+--------+------+---------+----------+--------+
| inst                                      | 16553 | 12122 | 108 | 175  |      |     |        |      |         |          |        |
|   Block_entry_screen_tris_v0_x_rd_proc_U0 | 3222  | 1779  | 84  | 36   |      |     |        |      |         |          |        |
|     bounds_max_x_U                        |       |       |     |      |      |     |        |      |         |          |        |
|     bounds_max_y_U                        |       |       |     |      |      |     |        |      |         |          |        |
|     bounds_min_x_U                        |       |       |     |      |      |     |        |      |         |          |        |
|     bounds_min_y_U                        |       |       |     |      |      |     |        |      |         |          |        |
|     grp_k3_bounding_box_fu_58             | 22    | 70    |     |      |      |     |        |      |         |          |        |
|       (grp_k3_bounding_box_fu_58)         | 2     | 68    |     |      |      |     |        |      |         |          |        |
|     grp_k4_rasterize_fu_84                | 3198  | 1702  | 84  | 32   |      |     |        |      |         |          |        |
|       (grp_k4_rasterize_fu_84)            | 288   | 1531  |     |      |      |     |        |      |         |          |        |
|       local_depth_U                       | 239   |       |     | 8    |      |     |        |      |         |          |        |
|       local_normal_x_U                    | 79    |       |     | 8    |      |     |        |      |         |          |        |
|       local_normal_y_U                    | 82    |       |     | 8    |      |     |        |      |         |          |        |
|       local_normal_z_U                    | 93    |       |     | 8    |      |     |        |      |         |          |        |
|       mul_32ns_32s_63_1_1_U134            | 80    |       | 4   |      |      |     |        |      |         |          |        |
|       mul_32ns_32s_63_1_1_U135            |       |       |     |      |      |     |        |      |         |          |        |
|       mul_32ns_32s_63_1_1_U136            | 66    |       | 4   |      |      |     |        |      |         |          |        |
|       mul_32s_32s_64_1_1_U137             | 141   |       | 4   |      |      |     |        |      |         |          |        |
|       mul_32s_32s_64_1_1_U138             | 109   |       | 4   |      |      |     |        |      |         |          |        |
|       mul_32s_32s_64_1_1_U139             | 127   |       | 4   |      |      |     |        |      |         |          |        |
|       mul_32s_32s_64_1_1_U140             | 191   |       | 4   |      |      |     |        |      |         |          |        |
|       mul_32s_32s_64_1_1_U141             | 159   |       | 4   |      |      |     |        |      |         |          |        |
|       mul_32s_32s_64_1_1_U142             | 177   |       | 4   |      |      |     |        |      |         |          |        |
|       mul_33s_33s_65_1_1_U143             | 146   |       | 4   |      |      |     |        |      |         |          |        |
|       mul_33s_33s_65_1_1_U144             | 81    |       | 4   |      |      |     |        |      |         |          |        |
|       mul_33s_33s_65_1_1_U145             | 172   |       | 4   |      |      |     |        |      |         |          |        |
|       mul_33s_33s_65_1_1_U146             | 81    |       | 4   |      |      |     |        |      |         |          |        |
|       mul_33s_33s_65_1_1_U147             | 204   |       | 4   |      |      |     |        |      |         |          |        |
|       mul_33s_33s_65_1_1_U148             | 114   |       | 4   |      |      |     |        |      |         |          |        |
|       mul_66s_32s_97_1_1_U149             | 86    |       | 8   |      |      |     |        |      |         |          |        |
|       mul_66s_32s_97_1_1_U150             | 86    |       | 8   |      |      |     |        |      |         |          |        |
|       mul_66s_32s_97_1_1_U151             | 86    |       | 8   |      |      |     |        |      |         |          |        |
|       sdiv_34ns_32s_34_38_seq_1_U152      | 268   | 171   |     |      |      |     |        |      |         |          |        |
|   clip_tris_is_active_U                   |       |       |     |      |      |     |        |      |         |          |        |
|   clip_tris_n0_x_U                        |       |       |     |      |      |     |        |      |         |          |        |
|   clip_tris_n0_y_U                        |       |       |     |      |      |     |        |      |         |          |        |
|   clip_tris_n0_z_U                        |       |       |     |      |      |     |        |      |         |          |        |
|   clip_tris_n1_x_U                        |       |       |     |      |      |     |        |      |         |          |        |
|   clip_tris_n1_y_U                        |       |       |     |      |      |     |        |      |         |          |        |
|   clip_tris_n1_z_U                        |       |       |     |      |      |     |        |      |         |          |        |
|   clip_tris_n2_x_U                        |       |       |     |      |      |     |        |      |         |          |        |
|   clip_tris_n2_y_U                        |       |       |     |      |      |     |        |      |         |          |        |
|   clip_tris_n2_z_U                        |       |       |     |      |      |     |        |      |         |          |        |
|   clip_tris_v0_w_U                        | 88    | 40    |     | 4    |      |     |        |      |         |          |        |
|   clip_tris_v0_x_U                        |       |       |     |      |      |     |        |      |         |          |        |
|   clip_tris_v0_y_U                        |       |       |     |      |      |     |        |      |         |          |        |
|   clip_tris_v0_z_U                        |       |       |     |      |      |     |        |      |         |          |        |
|   clip_tris_v1_w_U                        |       |       |     |      |      |     |        |      |         |          |        |
|   clip_tris_v1_x_U                        |       |       |     |      |      |     |        |      |         |          |        |
|   clip_tris_v1_y_U                        |       |       |     |      |      |     |        |      |         |          |        |
|   clip_tris_v1_z_U                        |       |       |     |      |      |     |        |      |         |          |        |
|   clip_tris_v2_w_U                        |       |       |     |      |      |     |        |      |         |          |        |
|   clip_tris_v2_x_U                        |       |       |     |      |      |     |        |      |         |          |        |
|   clip_tris_v2_y_U                        |       |       |     |      |      |     |        |      |         |          |        |
|   clip_tris_v2_z_U                        |       |       |     |      |      |     |        |      |         |          |        |
|   control_s_axi_U                         | 150   | 181   |     |      |      |     |        |      |         |          |        |
|   depth_buffer_U                          |       |       |     |      |      |     |        |      |         |          |        |
|   gmem0_m_axi_U                           | 1436  | 2698  |     | 29   |      |     |        |      |         |          |        |
|   gmem1_m_axi_U                           | 670   | 998   |     |      |      |     |        |      |         |          |        |
|   k1_vertex_transform_U0                  | 8704  | 5487  | 12  |      |      |     |        |      |         |          |        |
|     (k1_vertex_transform_U0)              | 9     | 588   |     |      |      |     |        |      |         |          |        |
|       mul_32s_32s_64_1_1_U3               | 1083  |       | 4   |      |      |     |        |      |         |          |        |
|       mul_32s_32s_64_1_1_U4               | 695   |       | 4   |      |      |     |        |      |         |          |        |
|       mul_32s_32s_64_1_1_U5               | 950   |       | 4   |      |      |     |        |      |         |          |        |
|   k2_perspective_divide_U0                | 765   | 457   | 12  | 8    |      |     |        |      |         |          |        |
|     (k2_perspective_divide_U0)            | 37    | 287   |     |      |      |     |        |      |         |          |        |
|     mul_32s_32s_64_1_1_U72                | 55    |       | 4   |      |      |     |        |      |         |          |        |
|     mul_32s_32s_64_1_1_U73                | 55    |       | 4   |      |      |     |        |      |         |          |        |
|     mul_32s_32s_64_1_1_U74                | 55    |       | 4   |      |      |     |        |      |         |          |        |
|     sdiv_34ns_32s_34_38_seq_1_U75         | 183   | 170   |     |      |      |     |        |      |         |          |        |
|     verts_w_U                             |       |       |     |      |      |     |        |      |         |          |        |
|     verts_x_U                             | 118   |       |     | 2    |      |     |        |      |         |          |        |
|     verts_y_U                             | 130   |       |     | 2    |      |     |        |      |         |          |        |
|     verts_z_U                             | 116   |       |     | 2    |      |     |        |      |         |          |        |
|   k5_deferred_lighting_U0                 | 366   | 202   |     |      |      |     |        |      |         |          |        |
|     (k5_deferred_lighting_U0)             | 241   | 202   |     |      |      |     |        |      |         |          |        |
|     mul_32s_17s_49_1_1_U209               | 140   |       |     |      |      |     |        |      |         |          |        |
|   normal_buffer_x_U                       |       |       |     |      |      |     |        |      |         |          |        |
|   normal_buffer_y_U                       | 173   | 6     |     | 15   |      |     |        |      |         |          |        |
|   normal_buffer_z_U                       |       |       |     |      |      |     |        |      |         |          |        |
|   out_pixels_c_U                          |       |       |     |      |      |     |        |      |         |          |        |
|   screen_tris_is_active_U                 |       |       |     |      |      |     |        |      |         |          |        |
|   screen_tris_n0_x_U                      |       |       |     |      |      |     |        |      |         |          |        |
|   screen_tris_n0_y_U                      |       |       |     |      |      |     |        |      |         |          |        |
|   screen_tris_n0_z_U                      |       |       |     |      |      |     |        |      |         |          |        |
|   screen_tris_n1_x_U                      |       |       |     |      |      |     |        |      |         |          |        |
|   screen_tris_n1_y_U                      |       |       |     |      |      |     |        |      |         |          |        |
|   screen_tris_n1_z_U                      |       |       |     |      |      |     |        |      |         |          |        |
|   screen_tris_n2_x_U                      |       |       |     |      |      |     |        |      |         |          |        |
|   screen_tris_n2_y_U                      |       |       |     |      |      |     |        |      |         |          |        |
|   screen_tris_n2_z_U                      |       |       |     |      |      |     |        |      |         |          |        |
|   screen_tris_v0_x_U                      | 82    | 6     |     | 1    |      |     |        |      |         |          |        |
|   screen_tris_v0_y_U                      | 83    | 6     |     | 1    |      |     |        |      |         |          |        |
|   screen_tris_v0_z_U                      |       |       |     |      |      |     |        |      |         |          |        |
|   screen_tris_v1_x_U                      | 177   | 6     |     | 1    |      |     |        |      |         |          |        |
|   screen_tris_v1_y_U                      | 177   | 6     |     | 1    |      |     |        |      |         |          |        |
|   screen_tris_v1_z_U                      |       |       |     |      |      |     |        |      |         |          |        |
|   screen_tris_v2_x_U                      |       |       |     |      |      |     |        |      |         |          |        |
|   screen_tris_v2_y_U                      |       |       |     |      |      |     |        |      |         |          |        |
|   screen_tris_v2_z_U                      |       |       |     |      |      |     |        |      |         |          |        |
+-------------------------------------------+-------+-------+-----+------+------+-----+--------+------+---------+----------+--------+


================================================================
== Place & Route Fail Fast
================================================================
+-----------------------------------------------------------+-----------+--------+--------+
| Criteria                                                  | Guideline | Actual | Status |
+-----------------------------------------------------------+-----------+--------+--------+
| LUT                                                       | 70%       | 23.46% | OK     |
| FD                                                        | 50%       | 8.59%  | OK     |
| LUTRAM+SRL                                                | 25%       | 0.65%  | OK     |
| CARRY8                                                    | 25%       | 9.26%  | OK     |
| MUXF7                                                     | 15%       | 0.14%  | OK     |
| DSP                                                       | 80%       | 30.00% | OK     |
| RAMB/FIFO                                                 | 80%       | 40.51% | OK     |
| DSP+RAMB+URAM (Avg)                                       | 70%       | 35.25% | OK     |
| BUFGCE* + BUFGCTRL                                        | 24        | 0      | OK     |
| DONT_TOUCH (cells/nets)                                   | 0         | 0      | OK     |
| MARK_DEBUG (nets)                                         | 0         | 0      | OK     |
| Control Sets                                              | 1323      | 217    | OK     |
| Average Fanout for modules > 100k cells                   | 4         | 1.35   | OK     |
| Max Average Fanout for modules > 100k cells               | 4         | 0      | OK     |
| Non-FD high fanout nets > 10k loads                       | 0         | 0      | OK     |
+-----------------------------------------------------------+-----------+--------+--------+
| TIMING-6 (No common primary clock between related clocks) | 0         | 0      | OK     |
| TIMING-7 (No common node between related clocks)          | 0         | 0      | OK     |
| TIMING-8 (No common period between related clocks)        | 0         | 0      | OK     |
| TIMING-14 (LUT on the clock tree)                         | 0         | 0      | OK     |
| TIMING-35 (No common node in paths with the same clock)   | 0         | 0      | OK     |
+-----------------------------------------------------------+-----------+--------+--------+
| Number of paths above max LUT budgeting (0.350ns)         | 0         | 0      | OK     |
| Number of paths above max Net budgeting (0.239ns)         | 0         | 0      | OK     |
+-----------------------------------------------------------+-----------+--------+--------+


================================================================
== Place & Route Timing Paths
================================================================
* Timing was met
+-------+-------+----------------------------------------------------------------------------------------------------------------+--------------------------------------------------------------------------------------------------------------+--------------+------------+----------------+----------------+--------------+
| Path  | SLACK | STARTPOINT PIN                                                                                                 | ENDPOINT PIN                                                                                                 | LOGIC LEVELS | MAX FANOUT | DATAPATH DELAY | DATAPATH LOGIC | DATAPATH NET |
|       |       |                                                                                                                |                                                                                                              |              |            |                |          DELAY |        DELAY |
+-------+-------+----------------------------------------------------------------------------------------------------------------+--------------------------------------------------------------------------------------------------------------+--------------+------------+----------------+----------------+--------------+
| Path1 | 0.204 | k1_vertex_transform_U0/grp_k1_vertex_transform_Pipeline_VITIS_LOOP_10_1_fu_263/shl_ln_reg_4831_reg[8]_rep__0/C | k1_vertex_transform_U0/grp_k1_vertex_transform_Pipeline_VITIS_LOOP_10_1_fu_263/add_ln22_1_reg_5017_reg[61]/D |           24 |        116 |          9.776 |          4.622 |        5.154 |
| Path2 | 0.220 | k1_vertex_transform_U0/grp_k1_vertex_transform_Pipeline_VITIS_LOOP_10_1_fu_263/shl_ln_reg_4831_reg[8]_rep__0/C | k1_vertex_transform_U0/grp_k1_vertex_transform_Pipeline_VITIS_LOOP_10_1_fu_263/add_ln20_1_reg_4939_reg[54]/D |           24 |        116 |          9.758 |          4.640 |        5.118 |
| Path3 | 0.229 | k1_vertex_transform_U0/grp_k1_vertex_transform_Pipeline_VITIS_LOOP_10_1_fu_263/shl_ln_reg_4831_reg[8]_rep__0/C | k1_vertex_transform_U0/grp_k1_vertex_transform_Pipeline_VITIS_LOOP_10_1_fu_263/add_ln20_9_reg_5178_reg[61]/D |           24 |        116 |          9.751 |          4.622 |        5.129 |
| Path4 | 0.231 | k1_vertex_transform_U0/grp_k1_vertex_transform_Pipeline_VITIS_LOOP_10_1_fu_263/shl_ln_reg_4831_reg[8]_rep__0/C | k1_vertex_transform_U0/grp_k1_vertex_transform_Pipeline_VITIS_LOOP_10_1_fu_263/add_ln21_5_reg_5111_reg[61]/D |           24 |        116 |          9.749 |          4.622 |        5.127 |
| Path5 | 0.236 | k1_vertex_transform_U0/grp_k1_vertex_transform_Pipeline_VITIS_LOOP_10_1_fu_263/shl_ln_reg_4831_reg[8]_rep__0/C | k1_vertex_transform_U0/grp_k1_vertex_transform_Pipeline_VITIS_LOOP_10_1_fu_263/add_ln22_1_reg_5017_reg[59]/D |           24 |        116 |          9.745 |          4.581 |        5.164 |
+-------+-------+----------------------------------------------------------------------------------------------------------------+--------------------------------------------------------------------------------------------------------------+--------------+------------+----------------+----------------+--------------+

    +------------------------------------------------------------------------------------------------------------------------------------------+------------------------+
    | Path1 Cells                                                                                                                              | Primitive Type         |
    +------------------------------------------------------------------------------------------------------------------------------------------+------------------------+
    | k1_vertex_transform_U0/grp_k1_vertex_transform_Pipeline_VITIS_LOOP_10_1_fu_263/shl_ln_reg_4831_reg[8]_rep__0                             | REGISTER.SDR.FDRE      |
    | k1_vertex_transform_U0/grp_k1_vertex_transform_Pipeline_VITIS_LOOP_10_1_fu_263/mul_32s_32s_64_1_1_U3/verts_w_reg_4913[11]_i_11           | CLB.LUT.LUT6           |
    | k1_vertex_transform_U0/grp_k1_vertex_transform_Pipeline_VITIS_LOOP_10_1_fu_263/mul_32s_32s_64_1_1_U5/verts_w_reg_4913[11]_i_5            | CLB.LUT.LUT3           |
    | k1_vertex_transform_U0/grp_k1_vertex_transform_Pipeline_VITIS_LOOP_10_1_fu_263/mul_32s_32s_64_1_1_U5/sext_ln20_1_reg_4925[27]_i_4        | CLB.LUT.LUT5           |
    | k1_vertex_transform_U0/grp_k1_vertex_transform_Pipeline_VITIS_LOOP_10_1_fu_263/mul_32s_32s_64_1_1_U4/sext_ln20_1_reg_4925[11]_i_2        | CLB.LUT.LUT6           |
    | k1_vertex_transform_U0/grp_k1_vertex_transform_Pipeline_VITIS_LOOP_10_1_fu_263/mul_32s_32s_64_1_1_U4/sext_ln20_1_reg_4925[3]_i_1         | CLB.LUT.LUT3           |
    | k1_vertex_transform_U0/grp_k1_vertex_transform_Pipeline_VITIS_LOOP_10_1_fu_263/mul_32s_32s_64_1_1_U4/tmp_product__1_i_71                 | CLB.LUT.LUT6           |
    | k1_vertex_transform_U0/grp_k1_vertex_transform_Pipeline_VITIS_LOOP_10_1_fu_263/mul_32s_32s_64_1_1_U4/tmp_product__1_i_14                 | CLB.LUT.LUT6           |
    | k1_vertex_transform_U0/grp_k1_vertex_transform_Pipeline_VITIS_LOOP_10_1_fu_263/mul_32s_32s_64_1_1_U4/tmp_product__1/DSP_A_B_DATA_INST    | ARITHMETIC.DSP.DSP48E2 |
    | k1_vertex_transform_U0/grp_k1_vertex_transform_Pipeline_VITIS_LOOP_10_1_fu_263/mul_32s_32s_64_1_1_U4/tmp_product__1/DSP_PREADD_DATA_INST | ARITHMETIC.DSP.DSP48E2 |
    | k1_vertex_transform_U0/grp_k1_vertex_transform_Pipeline_VITIS_LOOP_10_1_fu_263/mul_32s_32s_64_1_1_U4/tmp_product__1/DSP_MULTIPLIER_INST  | ARITHMETIC.DSP.DSP48E2 |
    | k1_vertex_transform_U0/grp_k1_vertex_transform_Pipeline_VITIS_LOOP_10_1_fu_263/mul_32s_32s_64_1_1_U4/tmp_product__1/DSP_M_DATA_INST      | ARITHMETIC.DSP.DSP48E2 |
    | k1_vertex_transform_U0/grp_k1_vertex_transform_Pipeline_VITIS_LOOP_10_1_fu_263/mul_32s_32s_64_1_1_U4/tmp_product__1/DSP_ALU_INST         | ARITHMETIC.DSP.DSP48E2 |
    | k1_vertex_transform_U0/grp_k1_vertex_transform_Pipeline_VITIS_LOOP_10_1_fu_263/mul_32s_32s_64_1_1_U4/tmp_product__1/DSP_OUTPUT_INST      | ARITHMETIC.DSP.DSP48E2 |
    | k1_vertex_transform_U0/grp_k1_vertex_transform_Pipeline_VITIS_LOOP_10_1_fu_263/mul_32s_32s_64_1_1_U4/tmp_product__2/DSP_ALU_INST         | ARITHMETIC.DSP.DSP48E2 |
    | k1_vertex_transform_U0/grp_k1_vertex_transform_Pipeline_VITIS_LOOP_10_1_fu_263/mul_32s_32s_64_1_1_U4/tmp_product__2/DSP_OUTPUT_INST      | ARITHMETIC.DSP.DSP48E2 |
    | k1_vertex_transform_U0/grp_k1_vertex_transform_Pipeline_VITIS_LOOP_10_1_fu_263/mul_32s_32s_64_1_1_U4/tmp_product_carry__0_i_8__1         | CLB.LUT.LUT2           |
    | k1_vertex_transform_U0/grp_k1_vertex_transform_Pipeline_VITIS_LOOP_10_1_fu_263/mul_32s_32s_64_1_1_U4/tmp_product_carry__0                | CLB.CARRY.CARRY8       |
    | k1_vertex_transform_U0/grp_k1_vertex_transform_Pipeline_VITIS_LOOP_10_1_fu_263/mul_32s_32s_64_1_1_U4/tmp_product_carry__1                | CLB.CARRY.CARRY8       |
    | k1_vertex_transform_U0/grp_k1_vertex_transform_Pipeline_VITIS_LOOP_10_1_fu_263/mul_32s_32s_64_1_1_U4/add_ln22_1_reg_5017[39]_i_2         | CLB.LUT.LUT3           |
    | k1_vertex_transform_U0/grp_k1_vertex_transform_Pipeline_VITIS_LOOP_10_1_fu_263/mul_32s_32s_64_1_1_U4/add_ln22_1_reg_5017[39]_i_10        | CLB.LUT.LUT4           |
    | k1_vertex_transform_U0/grp_k1_vertex_transform_Pipeline_VITIS_LOOP_10_1_fu_263/mul_32s_32s_64_1_1_U4/add_ln22_1_reg_5017_reg[39]_i_1     | CLB.CARRY.CARRY8       |
    | k1_vertex_transform_U0/grp_k1_vertex_transform_Pipeline_VITIS_LOOP_10_1_fu_263/mul_32s_32s_64_1_1_U4/add_ln22_1_reg_5017_reg[47]_i_1     | CLB.CARRY.CARRY8       |
    | k1_vertex_transform_U0/grp_k1_vertex_transform_Pipeline_VITIS_LOOP_10_1_fu_263/mul_32s_32s_64_1_1_U4/add_ln22_1_reg_5017_reg[55]_i_1     | CLB.CARRY.CARRY8       |
    | k1_vertex_transform_U0/grp_k1_vertex_transform_Pipeline_VITIS_LOOP_10_1_fu_263/mul_32s_32s_64_1_1_U4/add_ln22_1_reg_5017_reg[63]_i_1     | CLB.CARRY.CARRY8       |
    | k1_vertex_transform_U0/grp_k1_vertex_transform_Pipeline_VITIS_LOOP_10_1_fu_263/add_ln22_1_reg_5017_reg[61]                               | REGISTER.SDR.FDRE      |
    | k1_vertex_transform_U0/grp_k1_vertex_transform_Pipeline_VITIS_LOOP_10_1_fu_263/shl_ln_reg_4831_reg[8]_rep__0                             | REGISTER.SDR.FDRE      |
    | k1_vertex_transform_U0/grp_k1_vertex_transform_Pipeline_VITIS_LOOP_10_1_fu_263/mul_32s_32s_64_1_1_U3/verts_w_reg_4913[11]_i_11           | CLB.LUT.LUT6           |
    | k1_vertex_transform_U0/grp_k1_vertex_transform_Pipeline_VITIS_LOOP_10_1_fu_263/mul_32s_32s_64_1_1_U5/verts_w_reg_4913[11]_i_5            | CLB.LUT.LUT3           |
    | k1_vertex_transform_U0/grp_k1_vertex_transform_Pipeline_VITIS_LOOP_10_1_fu_263/mul_32s_32s_64_1_1_U5/sext_ln20_1_reg_4925[27]_i_4        | CLB.LUT.LUT5           |
    | k1_vertex_transform_U0/grp_k1_vertex_transform_Pipeline_VITIS_LOOP_10_1_fu_263/mul_32s_32s_64_1_1_U4/sext_ln20_1_reg_4925[11]_i_2        | CLB.LUT.LUT6           |
    | k1_vertex_transform_U0/grp_k1_vertex_transform_Pipeline_VITIS_LOOP_10_1_fu_263/mul_32s_32s_64_1_1_U4/sext_ln20_1_reg_4925[3]_i_1         | CLB.LUT.LUT3           |
    | k1_vertex_transform_U0/grp_k1_vertex_transform_Pipeline_VITIS_LOOP_10_1_fu_263/mul_32s_32s_64_1_1_U4/tmp_product__1_i_71                 | CLB.LUT.LUT6           |
    | k1_vertex_transform_U0/grp_k1_vertex_transform_Pipeline_VITIS_LOOP_10_1_fu_263/mul_32s_32s_64_1_1_U4/tmp_product__1_i_14                 | CLB.LUT.LUT6           |
    | k1_vertex_transform_U0/grp_k1_vertex_transform_Pipeline_VITIS_LOOP_10_1_fu_263/mul_32s_32s_64_1_1_U4/tmp_product__1/DSP_A_B_DATA_INST    | ARITHMETIC.DSP.DSP48E2 |
    | k1_vertex_transform_U0/grp_k1_vertex_transform_Pipeline_VITIS_LOOP_10_1_fu_263/mul_32s_32s_64_1_1_U4/tmp_product__1/DSP_PREADD_DATA_INST | ARITHMETIC.DSP.DSP48E2 |
    | k1_vertex_transform_U0/grp_k1_vertex_transform_Pipeline_VITIS_LOOP_10_1_fu_263/mul_32s_32s_64_1_1_U4/tmp_product__1/DSP_MULTIPLIER_INST  | ARITHMETIC.DSP.DSP48E2 |
    | k1_vertex_transform_U0/grp_k1_vertex_transform_Pipeline_VITIS_LOOP_10_1_fu_263/mul_32s_32s_64_1_1_U4/tmp_product__1/DSP_M_DATA_INST      | ARITHMETIC.DSP.DSP48E2 |
    | k1_vertex_transform_U0/grp_k1_vertex_transform_Pipeline_VITIS_LOOP_10_1_fu_263/mul_32s_32s_64_1_1_U4/tmp_product__1/DSP_ALU_INST         | ARITHMETIC.DSP.DSP48E2 |
    | k1_vertex_transform_U0/grp_k1_vertex_transform_Pipeline_VITIS_LOOP_10_1_fu_263/mul_32s_32s_64_1_1_U4/tmp_product__1/DSP_OUTPUT_INST      | ARITHMETIC.DSP.DSP48E2 |
    | k1_vertex_transform_U0/grp_k1_vertex_transform_Pipeline_VITIS_LOOP_10_1_fu_263/mul_32s_32s_64_1_1_U4/tmp_product__2/DSP_ALU_INST         | ARITHMETIC.DSP.DSP48E2 |
    | k1_vertex_transform_U0/grp_k1_vertex_transform_Pipeline_VITIS_LOOP_10_1_fu_263/mul_32s_32s_64_1_1_U4/tmp_product__2/DSP_OUTPUT_INST      | ARITHMETIC.DSP.DSP48E2 |
    | k1_vertex_transform_U0/grp_k1_vertex_transform_Pipeline_VITIS_LOOP_10_1_fu_263/mul_32s_32s_64_1_1_U4/tmp_product_carry_i_3__1            | CLB.LUT.LUT2           |
    | k1_vertex_transform_U0/grp_k1_vertex_transform_Pipeline_VITIS_LOOP_10_1_fu_263/mul_32s_32s_64_1_1_U4/tmp_product_carry                   | CLB.CARRY.CARRY8       |
    | k1_vertex_transform_U0/grp_k1_vertex_transform_Pipeline_VITIS_LOOP_10_1_fu_263/mul_32s_32s_64_1_1_U4/tmp_product_carry__0                | CLB.CARRY.CARRY8       |
    | k1_vertex_transform_U0/grp_k1_vertex_transform_Pipeline_VITIS_LOOP_10_1_fu_263/mul_32s_32s_64_1_1_U5/add_ln20_1_reg_4939[31]_i_2         | CLB.LUT.LUT3           |
    | k1_vertex_transform_U0/grp_k1_vertex_transform_Pipeline_VITIS_LOOP_10_1_fu_263/mul_32s_32s_64_1_1_U5/add_ln20_1_reg_4939[31]_i_10        | CLB.LUT.LUT4           |
    | k1_vertex_transform_U0/grp_k1_vertex_transform_Pipeline_VITIS_LOOP_10_1_fu_263/mul_32s_32s_64_1_1_U5/add_ln20_1_reg_4939_reg[31]_i_1     | CLB.CARRY.CARRY8       |
    | k1_vertex_transform_U0/grp_k1_vertex_transform_Pipeline_VITIS_LOOP_10_1_fu_263/mul_32s_32s_64_1_1_U5/add_ln20_1_reg_4939_reg[39]_i_1     | CLB.CARRY.CARRY8       |
    | k1_vertex_transform_U0/grp_k1_vertex_transform_Pipeline_VITIS_LOOP_10_1_fu_263/mul_32s_32s_64_1_1_U5/add_ln20_1_reg_4939_reg[47]_i_1     | CLB.CARRY.CARRY8       |
    | k1_vertex_transform_U0/grp_k1_vertex_transform_Pipeline_VITIS_LOOP_10_1_fu_263/mul_32s_32s_64_1_1_U5/add_ln20_1_reg_4939_reg[55]_i_1     | CLB.CARRY.CARRY8       |
    | k1_vertex_transform_U0/grp_k1_vertex_transform_Pipeline_VITIS_LOOP_10_1_fu_263/add_ln20_1_reg_4939_reg[54]                               | REGISTER.SDR.FDRE      |
    | k1_vertex_transform_U0/grp_k1_vertex_transform_Pipeline_VITIS_LOOP_10_1_fu_263/shl_ln_reg_4831_reg[8]_rep__0                             | REGISTER.SDR.FDRE      |
    | k1_vertex_transform_U0/grp_k1_vertex_transform_Pipeline_VITIS_LOOP_10_1_fu_263/mul_32s_32s_64_1_1_U3/verts_w_reg_4913[11]_i_11           | CLB.LUT.LUT6           |
    | k1_vertex_transform_U0/grp_k1_vertex_transform_Pipeline_VITIS_LOOP_10_1_fu_263/mul_32s_32s_64_1_1_U5/verts_w_reg_4913[11]_i_5            | CLB.LUT.LUT3           |
    | k1_vertex_transform_U0/grp_k1_vertex_transform_Pipeline_VITIS_LOOP_10_1_fu_263/mul_32s_32s_64_1_1_U5/sext_ln20_1_reg_4925[27]_i_4        | CLB.LUT.LUT5           |
    | k1_vertex_transform_U0/grp_k1_vertex_transform_Pipeline_VITIS_LOOP_10_1_fu_263/mul_32s_32s_64_1_1_U4/sext_ln20_1_reg_4925[11]_i_2        | CLB.LUT.LUT6           |
    | k1_vertex_transform_U0/grp_k1_vertex_transform_Pipeline_VITIS_LOOP_10_1_fu_263/mul_32s_32s_64_1_1_U4/sext_ln20_1_reg_4925[3]_i_1         | CLB.LUT.LUT3           |
    | k1_vertex_transform_U0/grp_k1_vertex_transform_Pipeline_VITIS_LOOP_10_1_fu_263/mul_32s_32s_64_1_1_U4/tmp_product__1_i_71                 | CLB.LUT.LUT6           |
    | k1_vertex_transform_U0/grp_k1_vertex_transform_Pipeline_VITIS_LOOP_10_1_fu_263/mul_32s_32s_64_1_1_U4/tmp_product__1_i_14                 | CLB.LUT.LUT6           |
    | k1_vertex_transform_U0/grp_k1_vertex_transform_Pipeline_VITIS_LOOP_10_1_fu_263/mul_32s_32s_64_1_1_U4/tmp_product__1/DSP_A_B_DATA_INST    | ARITHMETIC.DSP.DSP48E2 |
    | k1_vertex_transform_U0/grp_k1_vertex_transform_Pipeline_VITIS_LOOP_10_1_fu_263/mul_32s_32s_64_1_1_U4/tmp_product__1/DSP_PREADD_DATA_INST | ARITHMETIC.DSP.DSP48E2 |
    | k1_vertex_transform_U0/grp_k1_vertex_transform_Pipeline_VITIS_LOOP_10_1_fu_263/mul_32s_32s_64_1_1_U4/tmp_product__1/DSP_MULTIPLIER_INST  | ARITHMETIC.DSP.DSP48E2 |
    | k1_vertex_transform_U0/grp_k1_vertex_transform_Pipeline_VITIS_LOOP_10_1_fu_263/mul_32s_32s_64_1_1_U4/tmp_product__1/DSP_M_DATA_INST      | ARITHMETIC.DSP.DSP48E2 |
    | k1_vertex_transform_U0/grp_k1_vertex_transform_Pipeline_VITIS_LOOP_10_1_fu_263/mul_32s_32s_64_1_1_U4/tmp_product__1/DSP_ALU_INST         | ARITHMETIC.DSP.DSP48E2 |
    | k1_vertex_transform_U0/grp_k1_vertex_transform_Pipeline_VITIS_LOOP_10_1_fu_263/mul_32s_32s_64_1_1_U4/tmp_product__1/DSP_OUTPUT_INST      | ARITHMETIC.DSP.DSP48E2 |
    | k1_vertex_transform_U0/grp_k1_vertex_transform_Pipeline_VITIS_LOOP_10_1_fu_263/mul_32s_32s_64_1_1_U4/tmp_product__2/DSP_ALU_INST         | ARITHMETIC.DSP.DSP48E2 |
    | k1_vertex_transform_U0/grp_k1_vertex_transform_Pipeline_VITIS_LOOP_10_1_fu_263/mul_32s_32s_64_1_1_U4/tmp_product__2/DSP_OUTPUT_INST      | ARITHMETIC.DSP.DSP48E2 |
    | k1_vertex_transform_U0/grp_k1_vertex_transform_Pipeline_VITIS_LOOP_10_1_fu_263/mul_32s_32s_64_1_1_U4/tmp_product_carry__0_i_8__1         | CLB.LUT.LUT2           |
    | k1_vertex_transform_U0/grp_k1_vertex_transform_Pipeline_VITIS_LOOP_10_1_fu_263/mul_32s_32s_64_1_1_U4/tmp_product_carry__0                | CLB.CARRY.CARRY8       |
    | k1_vertex_transform_U0/grp_k1_vertex_transform_Pipeline_VITIS_LOOP_10_1_fu_263/mul_32s_32s_64_1_1_U4/tmp_product_carry__1                | CLB.CARRY.CARRY8       |
    | k1_vertex_transform_U0/grp_k1_vertex_transform_Pipeline_VITIS_LOOP_10_1_fu_263/mul_32s_32s_64_1_1_U4/add_ln22_1_reg_5017[39]_i_2         | CLB.LUT.LUT3           |
    | k1_vertex_transform_U0/grp_k1_vertex_transform_Pipeline_VITIS_LOOP_10_1_fu_263/mul_32s_32s_64_1_1_U4/add_ln22_1_reg_5017[39]_i_10        | CLB.LUT.LUT4           |
    | k1_vertex_transform_U0/grp_k1_vertex_transform_Pipeline_VITIS_LOOP_10_1_fu_263/mul_32s_32s_64_1_1_U4/add_ln22_1_reg_5017_reg[39]_i_1     | CLB.CARRY.CARRY8       |
    | k1_vertex_transform_U0/grp_k1_vertex_transform_Pipeline_VITIS_LOOP_10_1_fu_263/mul_32s_32s_64_1_1_U4/add_ln22_1_reg_5017_reg[47]_i_1     | CLB.CARRY.CARRY8       |
    | k1_vertex_transform_U0/grp_k1_vertex_transform_Pipeline_VITIS_LOOP_10_1_fu_263/mul_32s_32s_64_1_1_U4/add_ln22_1_reg_5017_reg[55]_i_1     | CLB.CARRY.CARRY8       |
    | k1_vertex_transform_U0/grp_k1_vertex_transform_Pipeline_VITIS_LOOP_10_1_fu_263/mul_32s_32s_64_1_1_U4/add_ln22_1_reg_5017_reg[63]_i_1     | CLB.CARRY.CARRY8       |
    | k1_vertex_transform_U0/grp_k1_vertex_transform_Pipeline_VITIS_LOOP_10_1_fu_263/add_ln20_9_reg_5178_reg[61]                               | REGISTER.SDR.FDRE      |
    | k1_vertex_transform_U0/grp_k1_vertex_transform_Pipeline_VITIS_LOOP_10_1_fu_263/shl_ln_reg_4831_reg[8]_rep__0                             | REGISTER.SDR.FDRE      |
    | k1_vertex_transform_U0/grp_k1_vertex_transform_Pipeline_VITIS_LOOP_10_1_fu_263/mul_32s_32s_64_1_1_U3/verts_w_reg_4913[11]_i_11           | CLB.LUT.LUT6           |
    | k1_vertex_transform_U0/grp_k1_vertex_transform_Pipeline_VITIS_LOOP_10_1_fu_263/mul_32s_32s_64_1_1_U5/verts_w_reg_4913[11]_i_5            | CLB.LUT.LUT3           |
    | k1_vertex_transform_U0/grp_k1_vertex_transform_Pipeline_VITIS_LOOP_10_1_fu_263/mul_32s_32s_64_1_1_U5/sext_ln20_1_reg_4925[27]_i_4        | CLB.LUT.LUT5           |
    | k1_vertex_transform_U0/grp_k1_vertex_transform_Pipeline_VITIS_LOOP_10_1_fu_263/mul_32s_32s_64_1_1_U4/sext_ln20_1_reg_4925[11]_i_2        | CLB.LUT.LUT6           |
    | k1_vertex_transform_U0/grp_k1_vertex_transform_Pipeline_VITIS_LOOP_10_1_fu_263/mul_32s_32s_64_1_1_U4/sext_ln20_1_reg_4925[3]_i_1         | CLB.LUT.LUT3           |
    | k1_vertex_transform_U0/grp_k1_vertex_transform_Pipeline_VITIS_LOOP_10_1_fu_263/mul_32s_32s_64_1_1_U4/tmp_product__1_i_71                 | CLB.LUT.LUT6           |
    | k1_vertex_transform_U0/grp_k1_vertex_transform_Pipeline_VITIS_LOOP_10_1_fu_263/mul_32s_32s_64_1_1_U4/tmp_product__1_i_14                 | CLB.LUT.LUT6           |
    | k1_vertex_transform_U0/grp_k1_vertex_transform_Pipeline_VITIS_LOOP_10_1_fu_263/mul_32s_32s_64_1_1_U4/tmp_product__1/DSP_A_B_DATA_INST    | ARITHMETIC.DSP.DSP48E2 |
    | k1_vertex_transform_U0/grp_k1_vertex_transform_Pipeline_VITIS_LOOP_10_1_fu_263/mul_32s_32s_64_1_1_U4/tmp_product__1/DSP_PREADD_DATA_INST | ARITHMETIC.DSP.DSP48E2 |
    | k1_vertex_transform_U0/grp_k1_vertex_transform_Pipeline_VITIS_LOOP_10_1_fu_263/mul_32s_32s_64_1_1_U4/tmp_product__1/DSP_MULTIPLIER_INST  | ARITHMETIC.DSP.DSP48E2 |
    | k1_vertex_transform_U0/grp_k1_vertex_transform_Pipeline_VITIS_LOOP_10_1_fu_263/mul_32s_32s_64_1_1_U4/tmp_product__1/DSP_M_DATA_INST      | ARITHMETIC.DSP.DSP48E2 |
    | k1_vertex_transform_U0/grp_k1_vertex_transform_Pipeline_VITIS_LOOP_10_1_fu_263/mul_32s_32s_64_1_1_U4/tmp_product__1/DSP_ALU_INST         | ARITHMETIC.DSP.DSP48E2 |
    | k1_vertex_transform_U0/grp_k1_vertex_transform_Pipeline_VITIS_LOOP_10_1_fu_263/mul_32s_32s_64_1_1_U4/tmp_product__1/DSP_OUTPUT_INST      | ARITHMETIC.DSP.DSP48E2 |
    | k1_vertex_transform_U0/grp_k1_vertex_transform_Pipeline_VITIS_LOOP_10_1_fu_263/mul_32s_32s_64_1_1_U4/tmp_product__2/DSP_ALU_INST         | ARITHMETIC.DSP.DSP48E2 |
    | k1_vertex_transform_U0/grp_k1_vertex_transform_Pipeline_VITIS_LOOP_10_1_fu_263/mul_32s_32s_64_1_1_U4/tmp_product__2/DSP_OUTPUT_INST      | ARITHMETIC.DSP.DSP48E2 |
    | k1_vertex_transform_U0/grp_k1_vertex_transform_Pipeline_VITIS_LOOP_10_1_fu_263/mul_32s_32s_64_1_1_U4/tmp_product_carry__0_i_8__1         | CLB.LUT.LUT2           |
    | k1_vertex_transform_U0/grp_k1_vertex_transform_Pipeline_VITIS_LOOP_10_1_fu_263/mul_32s_32s_64_1_1_U4/tmp_product_carry__0                | CLB.CARRY.CARRY8       |
    | k1_vertex_transform_U0/grp_k1_vertex_transform_Pipeline_VITIS_LOOP_10_1_fu_263/mul_32s_32s_64_1_1_U4/tmp_product_carry__1                | CLB.CARRY.CARRY8       |
    | k1_vertex_transform_U0/grp_k1_vertex_transform_Pipeline_VITIS_LOOP_10_1_fu_263/mul_32s_32s_64_1_1_U4/add_ln22_1_reg_5017[39]_i_2         | CLB.LUT.LUT3           |
    | k1_vertex_transform_U0/grp_k1_vertex_transform_Pipeline_VITIS_LOOP_10_1_fu_263/mul_32s_32s_64_1_1_U4/add_ln22_1_reg_5017[39]_i_10        | CLB.LUT.LUT4           |
    | k1_vertex_transform_U0/grp_k1_vertex_transform_Pipeline_VITIS_LOOP_10_1_fu_263/mul_32s_32s_64_1_1_U4/add_ln22_1_reg_5017_reg[39]_i_1     | CLB.CARRY.CARRY8       |
    | k1_vertex_transform_U0/grp_k1_vertex_transform_Pipeline_VITIS_LOOP_10_1_fu_263/mul_32s_32s_64_1_1_U4/add_ln22_1_reg_5017_reg[47]_i_1     | CLB.CARRY.CARRY8       |
    | k1_vertex_transform_U0/grp_k1_vertex_transform_Pipeline_VITIS_LOOP_10_1_fu_263/mul_32s_32s_64_1_1_U4/add_ln22_1_reg_5017_reg[55]_i_1     | CLB.CARRY.CARRY8       |
    | k1_vertex_transform_U0/grp_k1_vertex_transform_Pipeline_VITIS_LOOP_10_1_fu_263/mul_32s_32s_64_1_1_U4/add_ln22_1_reg_5017_reg[63]_i_1     | CLB.CARRY.CARRY8       |
    | k1_vertex_transform_U0/grp_k1_vertex_transform_Pipeline_VITIS_LOOP_10_1_fu_263/add_ln21_5_reg_5111_reg[61]                               | REGISTER.SDR.FDRE      |
    | k1_vertex_transform_U0/grp_k1_vertex_transform_Pipeline_VITIS_LOOP_10_1_fu_263/shl_ln_reg_4831_reg[8]_rep__0                             | REGISTER.SDR.FDRE      |
    | k1_vertex_transform_U0/grp_k1_vertex_transform_Pipeline_VITIS_LOOP_10_1_fu_263/mul_32s_32s_64_1_1_U3/verts_w_reg_4913[11]_i_11           | CLB.LUT.LUT6           |
    | k1_vertex_transform_U0/grp_k1_vertex_transform_Pipeline_VITIS_LOOP_10_1_fu_263/mul_32s_32s_64_1_1_U5/verts_w_reg_4913[11]_i_5            | CLB.LUT.LUT3           |
    | k1_vertex_transform_U0/grp_k1_vertex_transform_Pipeline_VITIS_LOOP_10_1_fu_263/mul_32s_32s_64_1_1_U5/sext_ln20_1_reg_4925[27]_i_4        | CLB.LUT.LUT5           |
    | k1_vertex_transform_U0/grp_k1_vertex_transform_Pipeline_VITIS_LOOP_10_1_fu_263/mul_32s_32s_64_1_1_U4/sext_ln20_1_reg_4925[11]_i_2        | CLB.LUT.LUT6           |
    | k1_vertex_transform_U0/grp_k1_vertex_transform_Pipeline_VITIS_LOOP_10_1_fu_263/mul_32s_32s_64_1_1_U4/sext_ln20_1_reg_4925[3]_i_1         | CLB.LUT.LUT3           |
    | k1_vertex_transform_U0/grp_k1_vertex_transform_Pipeline_VITIS_LOOP_10_1_fu_263/mul_32s_32s_64_1_1_U4/tmp_product__1_i_71                 | CLB.LUT.LUT6           |
    | k1_vertex_transform_U0/grp_k1_vertex_transform_Pipeline_VITIS_LOOP_10_1_fu_263/mul_32s_32s_64_1_1_U4/tmp_product__1_i_14                 | CLB.LUT.LUT6           |
    | k1_vertex_transform_U0/grp_k1_vertex_transform_Pipeline_VITIS_LOOP_10_1_fu_263/mul_32s_32s_64_1_1_U4/tmp_product__1/DSP_A_B_DATA_INST    | ARITHMETIC.DSP.DSP48E2 |
    | k1_vertex_transform_U0/grp_k1_vertex_transform_Pipeline_VITIS_LOOP_10_1_fu_263/mul_32s_32s_64_1_1_U4/tmp_product__1/DSP_PREADD_DATA_INST | ARITHMETIC.DSP.DSP48E2 |
    | k1_vertex_transform_U0/grp_k1_vertex_transform_Pipeline_VITIS_LOOP_10_1_fu_263/mul_32s_32s_64_1_1_U4/tmp_product__1/DSP_MULTIPLIER_INST  | ARITHMETIC.DSP.DSP48E2 |
    | k1_vertex_transform_U0/grp_k1_vertex_transform_Pipeline_VITIS_LOOP_10_1_fu_263/mul_32s_32s_64_1_1_U4/tmp_product__1/DSP_M_DATA_INST      | ARITHMETIC.DSP.DSP48E2 |
    | k1_vertex_transform_U0/grp_k1_vertex_transform_Pipeline_VITIS_LOOP_10_1_fu_263/mul_32s_32s_64_1_1_U4/tmp_product__1/DSP_ALU_INST         | ARITHMETIC.DSP.DSP48E2 |
    | k1_vertex_transform_U0/grp_k1_vertex_transform_Pipeline_VITIS_LOOP_10_1_fu_263/mul_32s_32s_64_1_1_U4/tmp_product__1/DSP_OUTPUT_INST      | ARITHMETIC.DSP.DSP48E2 |
    | k1_vertex_transform_U0/grp_k1_vertex_transform_Pipeline_VITIS_LOOP_10_1_fu_263/mul_32s_32s_64_1_1_U4/tmp_product__2/DSP_ALU_INST         | ARITHMETIC.DSP.DSP48E2 |
    | k1_vertex_transform_U0/grp_k1_vertex_transform_Pipeline_VITIS_LOOP_10_1_fu_263/mul_32s_32s_64_1_1_U4/tmp_product__2/DSP_OUTPUT_INST      | ARITHMETIC.DSP.DSP48E2 |
    | k1_vertex_transform_U0/grp_k1_vertex_transform_Pipeline_VITIS_LOOP_10_1_fu_263/mul_32s_32s_64_1_1_U4/tmp_product_carry__0_i_8__1         | CLB.LUT.LUT2           |
    | k1_vertex_transform_U0/grp_k1_vertex_transform_Pipeline_VITIS_LOOP_10_1_fu_263/mul_32s_32s_64_1_1_U4/tmp_product_carry__0                | CLB.CARRY.CARRY8       |
    | k1_vertex_transform_U0/grp_k1_vertex_transform_Pipeline_VITIS_LOOP_10_1_fu_263/mul_32s_32s_64_1_1_U4/tmp_product_carry__1                | CLB.CARRY.CARRY8       |
    | k1_vertex_transform_U0/grp_k1_vertex_transform_Pipeline_VITIS_LOOP_10_1_fu_263/mul_32s_32s_64_1_1_U4/add_ln22_1_reg_5017[39]_i_2         | CLB.LUT.LUT3           |
    | k1_vertex_transform_U0/grp_k1_vertex_transform_Pipeline_VITIS_LOOP_10_1_fu_263/mul_32s_32s_64_1_1_U4/add_ln22_1_reg_5017[39]_i_10        | CLB.LUT.LUT4           |
    | k1_vertex_transform_U0/grp_k1_vertex_transform_Pipeline_VITIS_LOOP_10_1_fu_263/mul_32s_32s_64_1_1_U4/add_ln22_1_reg_5017_reg[39]_i_1     | CLB.CARRY.CARRY8       |
    | k1_vertex_transform_U0/grp_k1_vertex_transform_Pipeline_VITIS_LOOP_10_1_fu_263/mul_32s_32s_64_1_1_U4/add_ln22_1_reg_5017_reg[47]_i_1     | CLB.CARRY.CARRY8       |
    | k1_vertex_transform_U0/grp_k1_vertex_transform_Pipeline_VITIS_LOOP_10_1_fu_263/mul_32s_32s_64_1_1_U4/add_ln22_1_reg_5017_reg[55]_i_1     | CLB.CARRY.CARRY8       |
    | k1_vertex_transform_U0/grp_k1_vertex_transform_Pipeline_VITIS_LOOP_10_1_fu_263/mul_32s_32s_64_1_1_U4/add_ln22_1_reg_5017_reg[63]_i_1     | CLB.CARRY.CARRY8       |
    | k1_vertex_transform_U0/grp_k1_vertex_transform_Pipeline_VITIS_LOOP_10_1_fu_263/add_ln22_1_reg_5017_reg[59]                               | REGISTER.SDR.FDRE      |
    +------------------------------------------------------------------------------------------------------------------------------------------+------------------------+

    +------------------------------------------------------------------------------------------------------------------------------------------+------------------------+
    | Path2 Cells                                                                                                                              | Primitive Type         |
    +------------------------------------------------------------------------------------------------------------------------------------------+------------------------+
    | k1_vertex_transform_U0/grp_k1_vertex_transform_Pipeline_VITIS_LOOP_10_1_fu_263/shl_ln_reg_4831_reg[8]_rep__0                             | REGISTER.SDR.FDRE      |
    | k1_vertex_transform_U0/grp_k1_vertex_transform_Pipeline_VITIS_LOOP_10_1_fu_263/mul_32s_32s_64_1_1_U3/verts_w_reg_4913[11]_i_11           | CLB.LUT.LUT6           |
    | k1_vertex_transform_U0/grp_k1_vertex_transform_Pipeline_VITIS_LOOP_10_1_fu_263/mul_32s_32s_64_1_1_U5/verts_w_reg_4913[11]_i_5            | CLB.LUT.LUT3           |
    | k1_vertex_transform_U0/grp_k1_vertex_transform_Pipeline_VITIS_LOOP_10_1_fu_263/mul_32s_32s_64_1_1_U5/sext_ln20_1_reg_4925[27]_i_4        | CLB.LUT.LUT5           |
    | k1_vertex_transform_U0/grp_k1_vertex_transform_Pipeline_VITIS_LOOP_10_1_fu_263/mul_32s_32s_64_1_1_U4/sext_ln20_1_reg_4925[11]_i_2        | CLB.LUT.LUT6           |
    | k1_vertex_transform_U0/grp_k1_vertex_transform_Pipeline_VITIS_LOOP_10_1_fu_263/mul_32s_32s_64_1_1_U4/sext_ln20_1_reg_4925[3]_i_1         | CLB.LUT.LUT3           |
    | k1_vertex_transform_U0/grp_k1_vertex_transform_Pipeline_VITIS_LOOP_10_1_fu_263/mul_32s_32s_64_1_1_U4/tmp_product__1_i_71                 | CLB.LUT.LUT6           |
    | k1_vertex_transform_U0/grp_k1_vertex_transform_Pipeline_VITIS_LOOP_10_1_fu_263/mul_32s_32s_64_1_1_U4/tmp_product__1_i_14                 | CLB.LUT.LUT6           |
    | k1_vertex_transform_U0/grp_k1_vertex_transform_Pipeline_VITIS_LOOP_10_1_fu_263/mul_32s_32s_64_1_1_U4/tmp_product__1/DSP_A_B_DATA_INST    | ARITHMETIC.DSP.DSP48E2 |
    | k1_vertex_transform_U0/grp_k1_vertex_transform_Pipeline_VITIS_LOOP_10_1_fu_263/mul_32s_32s_64_1_1_U4/tmp_product__1/DSP_PREADD_DATA_INST | ARITHMETIC.DSP.DSP48E2 |
    | k1_vertex_transform_U0/grp_k1_vertex_transform_Pipeline_VITIS_LOOP_10_1_fu_263/mul_32s_32s_64_1_1_U4/tmp_product__1/DSP_MULTIPLIER_INST  | ARITHMETIC.DSP.DSP48E2 |
    | k1_vertex_transform_U0/grp_k1_vertex_transform_Pipeline_VITIS_LOOP_10_1_fu_263/mul_32s_32s_64_1_1_U4/tmp_product__1/DSP_M_DATA_INST      | ARITHMETIC.DSP.DSP48E2 |
    | k1_vertex_transform_U0/grp_k1_vertex_transform_Pipeline_VITIS_LOOP_10_1_fu_263/mul_32s_32s_64_1_1_U4/tmp_product__1/DSP_ALU_INST         | ARITHMETIC.DSP.DSP48E2 |
    | k1_vertex_transform_U0/grp_k1_vertex_transform_Pipeline_VITIS_LOOP_10_1_fu_263/mul_32s_32s_64_1_1_U4/tmp_product__1/DSP_OUTPUT_INST      | ARITHMETIC.DSP.DSP48E2 |
    | k1_vertex_transform_U0/grp_k1_vertex_transform_Pipeline_VITIS_LOOP_10_1_fu_263/mul_32s_32s_64_1_1_U4/tmp_product__2/DSP_ALU_INST         | ARITHMETIC.DSP.DSP48E2 |
    | k1_vertex_transform_U0/grp_k1_vertex_transform_Pipeline_VITIS_LOOP_10_1_fu_263/mul_32s_32s_64_1_1_U4/tmp_product__2/DSP_OUTPUT_INST      | ARITHMETIC.DSP.DSP48E2 |
    | k1_vertex_transform_U0/grp_k1_vertex_transform_Pipeline_VITIS_LOOP_10_1_fu_263/mul_32s_32s_64_1_1_U4/tmp_product_carry__0_i_8__1         | CLB.LUT.LUT2           |
    | k1_vertex_transform_U0/grp_k1_vertex_transform_Pipeline_VITIS_LOOP_10_1_fu_263/mul_32s_32s_64_1_1_U4/tmp_product_carry__0                | CLB.CARRY.CARRY8       |
    | k1_vertex_transform_U0/grp_k1_vertex_transform_Pipeline_VITIS_LOOP_10_1_fu_263/mul_32s_32s_64_1_1_U4/tmp_product_carry__1                | CLB.CARRY.CARRY8       |
    | k1_vertex_transform_U0/grp_k1_vertex_transform_Pipeline_VITIS_LOOP_10_1_fu_263/mul_32s_32s_64_1_1_U4/add_ln22_1_reg_5017[39]_i_2         | CLB.LUT.LUT3           |
    | k1_vertex_transform_U0/grp_k1_vertex_transform_Pipeline_VITIS_LOOP_10_1_fu_263/mul_32s_32s_64_1_1_U4/add_ln22_1_reg_5017[39]_i_10        | CLB.LUT.LUT4           |
    | k1_vertex_transform_U0/grp_k1_vertex_transform_Pipeline_VITIS_LOOP_10_1_fu_263/mul_32s_32s_64_1_1_U4/add_ln22_1_reg_5017_reg[39]_i_1     | CLB.CARRY.CARRY8       |
    | k1_vertex_transform_U0/grp_k1_vertex_transform_Pipeline_VITIS_LOOP_10_1_fu_263/mul_32s_32s_64_1_1_U4/add_ln22_1_reg_5017_reg[47]_i_1     | CLB.CARRY.CARRY8       |
    | k1_vertex_transform_U0/grp_k1_vertex_transform_Pipeline_VITIS_LOOP_10_1_fu_263/mul_32s_32s_64_1_1_U4/add_ln22_1_reg_5017_reg[55]_i_1     | CLB.CARRY.CARRY8       |
    | k1_vertex_transform_U0/grp_k1_vertex_transform_Pipeline_VITIS_LOOP_10_1_fu_263/mul_32s_32s_64_1_1_U4/add_ln22_1_reg_5017_reg[63]_i_1     | CLB.CARRY.CARRY8       |
    | k1_vertex_transform_U0/grp_k1_vertex_transform_Pipeline_VITIS_LOOP_10_1_fu_263/add_ln22_1_reg_5017_reg[61]                               | REGISTER.SDR.FDRE      |
    | k1_vertex_transform_U0/grp_k1_vertex_transform_Pipeline_VITIS_LOOP_10_1_fu_263/shl_ln_reg_4831_reg[8]_rep__0                             | REGISTER.SDR.FDRE      |
    | k1_vertex_transform_U0/grp_k1_vertex_transform_Pipeline_VITIS_LOOP_10_1_fu_263/mul_32s_32s_64_1_1_U3/verts_w_reg_4913[11]_i_11           | CLB.LUT.LUT6           |
    | k1_vertex_transform_U0/grp_k1_vertex_transform_Pipeline_VITIS_LOOP_10_1_fu_263/mul_32s_32s_64_1_1_U5/verts_w_reg_4913[11]_i_5            | CLB.LUT.LUT3           |
    | k1_vertex_transform_U0/grp_k1_vertex_transform_Pipeline_VITIS_LOOP_10_1_fu_263/mul_32s_32s_64_1_1_U5/sext_ln20_1_reg_4925[27]_i_4        | CLB.LUT.LUT5           |
    | k1_vertex_transform_U0/grp_k1_vertex_transform_Pipeline_VITIS_LOOP_10_1_fu_263/mul_32s_32s_64_1_1_U4/sext_ln20_1_reg_4925[11]_i_2        | CLB.LUT.LUT6           |
    | k1_vertex_transform_U0/grp_k1_vertex_transform_Pipeline_VITIS_LOOP_10_1_fu_263/mul_32s_32s_64_1_1_U4/sext_ln20_1_reg_4925[3]_i_1         | CLB.LUT.LUT3           |
    | k1_vertex_transform_U0/grp_k1_vertex_transform_Pipeline_VITIS_LOOP_10_1_fu_263/mul_32s_32s_64_1_1_U4/tmp_product__1_i_71                 | CLB.LUT.LUT6           |
    | k1_vertex_transform_U0/grp_k1_vertex_transform_Pipeline_VITIS_LOOP_10_1_fu_263/mul_32s_32s_64_1_1_U4/tmp_product__1_i_14                 | CLB.LUT.LUT6           |
    | k1_vertex_transform_U0/grp_k1_vertex_transform_Pipeline_VITIS_LOOP_10_1_fu_263/mul_32s_32s_64_1_1_U4/tmp_product__1/DSP_A_B_DATA_INST    | ARITHMETIC.DSP.DSP48E2 |
    | k1_vertex_transform_U0/grp_k1_vertex_transform_Pipeline_VITIS_LOOP_10_1_fu_263/mul_32s_32s_64_1_1_U4/tmp_product__1/DSP_PREADD_DATA_INST | ARITHMETIC.DSP.DSP48E2 |
    | k1_vertex_transform_U0/grp_k1_vertex_transform_Pipeline_VITIS_LOOP_10_1_fu_263/mul_32s_32s_64_1_1_U4/tmp_product__1/DSP_MULTIPLIER_INST  | ARITHMETIC.DSP.DSP48E2 |
    | k1_vertex_transform_U0/grp_k1_vertex_transform_Pipeline_VITIS_LOOP_10_1_fu_263/mul_32s_32s_64_1_1_U4/tmp_product__1/DSP_M_DATA_INST      | ARITHMETIC.DSP.DSP48E2 |
    | k1_vertex_transform_U0/grp_k1_vertex_transform_Pipeline_VITIS_LOOP_10_1_fu_263/mul_32s_32s_64_1_1_U4/tmp_product__1/DSP_ALU_INST         | ARITHMETIC.DSP.DSP48E2 |
    | k1_vertex_transform_U0/grp_k1_vertex_transform_Pipeline_VITIS_LOOP_10_1_fu_263/mul_32s_32s_64_1_1_U4/tmp_product__1/DSP_OUTPUT_INST      | ARITHMETIC.DSP.DSP48E2 |
    | k1_vertex_transform_U0/grp_k1_vertex_transform_Pipeline_VITIS_LOOP_10_1_fu_263/mul_32s_32s_64_1_1_U4/tmp_product__2/DSP_ALU_INST         | ARITHMETIC.DSP.DSP48E2 |
    | k1_vertex_transform_U0/grp_k1_vertex_transform_Pipeline_VITIS_LOOP_10_1_fu_263/mul_32s_32s_64_1_1_U4/tmp_product__2/DSP_OUTPUT_INST      | ARITHMETIC.DSP.DSP48E2 |
    | k1_vertex_transform_U0/grp_k1_vertex_transform_Pipeline_VITIS_LOOP_10_1_fu_263/mul_32s_32s_64_1_1_U4/tmp_product_carry_i_3__1            | CLB.LUT.LUT2           |
    | k1_vertex_transform_U0/grp_k1_vertex_transform_Pipeline_VITIS_LOOP_10_1_fu_263/mul_32s_32s_64_1_1_U4/tmp_product_carry                   | CLB.CARRY.CARRY8       |
    | k1_vertex_transform_U0/grp_k1_vertex_transform_Pipeline_VITIS_LOOP_10_1_fu_263/mul_32s_32s_64_1_1_U4/tmp_product_carry__0                | CLB.CARRY.CARRY8       |
    | k1_vertex_transform_U0/grp_k1_vertex_transform_Pipeline_VITIS_LOOP_10_1_fu_263/mul_32s_32s_64_1_1_U5/add_ln20_1_reg_4939[31]_i_2         | CLB.LUT.LUT3           |
    | k1_vertex_transform_U0/grp_k1_vertex_transform_Pipeline_VITIS_LOOP_10_1_fu_263/mul_32s_32s_64_1_1_U5/add_ln20_1_reg_4939[31]_i_10        | CLB.LUT.LUT4           |
    | k1_vertex_transform_U0/grp_k1_vertex_transform_Pipeline_VITIS_LOOP_10_1_fu_263/mul_32s_32s_64_1_1_U5/add_ln20_1_reg_4939_reg[31]_i_1     | CLB.CARRY.CARRY8       |
    | k1_vertex_transform_U0/grp_k1_vertex_transform_Pipeline_VITIS_LOOP_10_1_fu_263/mul_32s_32s_64_1_1_U5/add_ln20_1_reg_4939_reg[39]_i_1     | CLB.CARRY.CARRY8       |
    | k1_vertex_transform_U0/grp_k1_vertex_transform_Pipeline_VITIS_LOOP_10_1_fu_263/mul_32s_32s_64_1_1_U5/add_ln20_1_reg_4939_reg[47]_i_1     | CLB.CARRY.CARRY8       |
    | k1_vertex_transform_U0/grp_k1_vertex_transform_Pipeline_VITIS_LOOP_10_1_fu_263/mul_32s_32s_64_1_1_U5/add_ln20_1_reg_4939_reg[55]_i_1     | CLB.CARRY.CARRY8       |
    | k1_vertex_transform_U0/grp_k1_vertex_transform_Pipeline_VITIS_LOOP_10_1_fu_263/add_ln20_1_reg_4939_reg[54]                               | REGISTER.SDR.FDRE      |
    | k1_vertex_transform_U0/grp_k1_vertex_transform_Pipeline_VITIS_LOOP_10_1_fu_263/shl_ln_reg_4831_reg[8]_rep__0                             | REGISTER.SDR.FDRE      |
    | k1_vertex_transform_U0/grp_k1_vertex_transform_Pipeline_VITIS_LOOP_10_1_fu_263/mul_32s_32s_64_1_1_U3/verts_w_reg_4913[11]_i_11           | CLB.LUT.LUT6           |
    | k1_vertex_transform_U0/grp_k1_vertex_transform_Pipeline_VITIS_LOOP_10_1_fu_263/mul_32s_32s_64_1_1_U5/verts_w_reg_4913[11]_i_5            | CLB.LUT.LUT3           |
    | k1_vertex_transform_U0/grp_k1_vertex_transform_Pipeline_VITIS_LOOP_10_1_fu_263/mul_32s_32s_64_1_1_U5/sext_ln20_1_reg_4925[27]_i_4        | CLB.LUT.LUT5           |
    | k1_vertex_transform_U0/grp_k1_vertex_transform_Pipeline_VITIS_LOOP_10_1_fu_263/mul_32s_32s_64_1_1_U4/sext_ln20_1_reg_4925[11]_i_2        | CLB.LUT.LUT6           |
    | k1_vertex_transform_U0/grp_k1_vertex_transform_Pipeline_VITIS_LOOP_10_1_fu_263/mul_32s_32s_64_1_1_U4/sext_ln20_1_reg_4925[3]_i_1         | CLB.LUT.LUT3           |
    | k1_vertex_transform_U0/grp_k1_vertex_transform_Pipeline_VITIS_LOOP_10_1_fu_263/mul_32s_32s_64_1_1_U4/tmp_product__1_i_71                 | CLB.LUT.LUT6           |
    | k1_vertex_transform_U0/grp_k1_vertex_transform_Pipeline_VITIS_LOOP_10_1_fu_263/mul_32s_32s_64_1_1_U4/tmp_product__1_i_14                 | CLB.LUT.LUT6           |
    | k1_vertex_transform_U0/grp_k1_vertex_transform_Pipeline_VITIS_LOOP_10_1_fu_263/mul_32s_32s_64_1_1_U4/tmp_product__1/DSP_A_B_DATA_INST    | ARITHMETIC.DSP.DSP48E2 |
    | k1_vertex_transform_U0/grp_k1_vertex_transform_Pipeline_VITIS_LOOP_10_1_fu_263/mul_32s_32s_64_1_1_U4/tmp_product__1/DSP_PREADD_DATA_INST | ARITHMETIC.DSP.DSP48E2 |
    | k1_vertex_transform_U0/grp_k1_vertex_transform_Pipeline_VITIS_LOOP_10_1_fu_263/mul_32s_32s_64_1_1_U4/tmp_product__1/DSP_MULTIPLIER_INST  | ARITHMETIC.DSP.DSP48E2 |
    | k1_vertex_transform_U0/grp_k1_vertex_transform_Pipeline_VITIS_LOOP_10_1_fu_263/mul_32s_32s_64_1_1_U4/tmp_product__1/DSP_M_DATA_INST      | ARITHMETIC.DSP.DSP48E2 |
    | k1_vertex_transform_U0/grp_k1_vertex_transform_Pipeline_VITIS_LOOP_10_1_fu_263/mul_32s_32s_64_1_1_U4/tmp_product__1/DSP_ALU_INST         | ARITHMETIC.DSP.DSP48E2 |
    | k1_vertex_transform_U0/grp_k1_vertex_transform_Pipeline_VITIS_LOOP_10_1_fu_263/mul_32s_32s_64_1_1_U4/tmp_product__1/DSP_OUTPUT_INST      | ARITHMETIC.DSP.DSP48E2 |
    | k1_vertex_transform_U0/grp_k1_vertex_transform_Pipeline_VITIS_LOOP_10_1_fu_263/mul_32s_32s_64_1_1_U4/tmp_product__2/DSP_ALU_INST         | ARITHMETIC.DSP.DSP48E2 |
    | k1_vertex_transform_U0/grp_k1_vertex_transform_Pipeline_VITIS_LOOP_10_1_fu_263/mul_32s_32s_64_1_1_U4/tmp_product__2/DSP_OUTPUT_INST      | ARITHMETIC.DSP.DSP48E2 |
    | k1_vertex_transform_U0/grp_k1_vertex_transform_Pipeline_VITIS_LOOP_10_1_fu_263/mul_32s_32s_64_1_1_U4/tmp_product_carry__0_i_8__1         | CLB.LUT.LUT2           |
    | k1_vertex_transform_U0/grp_k1_vertex_transform_Pipeline_VITIS_LOOP_10_1_fu_263/mul_32s_32s_64_1_1_U4/tmp_product_carry__0                | CLB.CARRY.CARRY8       |
    | k1_vertex_transform_U0/grp_k1_vertex_transform_Pipeline_VITIS_LOOP_10_1_fu_263/mul_32s_32s_64_1_1_U4/tmp_product_carry__1                | CLB.CARRY.CARRY8       |
    | k1_vertex_transform_U0/grp_k1_vertex_transform_Pipeline_VITIS_LOOP_10_1_fu_263/mul_32s_32s_64_1_1_U4/add_ln22_1_reg_5017[39]_i_2         | CLB.LUT.LUT3           |
    | k1_vertex_transform_U0/grp_k1_vertex_transform_Pipeline_VITIS_LOOP_10_1_fu_263/mul_32s_32s_64_1_1_U4/add_ln22_1_reg_5017[39]_i_10        | CLB.LUT.LUT4           |
    | k1_vertex_transform_U0/grp_k1_vertex_transform_Pipeline_VITIS_LOOP_10_1_fu_263/mul_32s_32s_64_1_1_U4/add_ln22_1_reg_5017_reg[39]_i_1     | CLB.CARRY.CARRY8       |
    | k1_vertex_transform_U0/grp_k1_vertex_transform_Pipeline_VITIS_LOOP_10_1_fu_263/mul_32s_32s_64_1_1_U4/add_ln22_1_reg_5017_reg[47]_i_1     | CLB.CARRY.CARRY8       |
    | k1_vertex_transform_U0/grp_k1_vertex_transform_Pipeline_VITIS_LOOP_10_1_fu_263/mul_32s_32s_64_1_1_U4/add_ln22_1_reg_5017_reg[55]_i_1     | CLB.CARRY.CARRY8       |
    | k1_vertex_transform_U0/grp_k1_vertex_transform_Pipeline_VITIS_LOOP_10_1_fu_263/mul_32s_32s_64_1_1_U4/add_ln22_1_reg_5017_reg[63]_i_1     | CLB.CARRY.CARRY8       |
    | k1_vertex_transform_U0/grp_k1_vertex_transform_Pipeline_VITIS_LOOP_10_1_fu_263/add_ln20_9_reg_5178_reg[61]                               | REGISTER.SDR.FDRE      |
    | k1_vertex_transform_U0/grp_k1_vertex_transform_Pipeline_VITIS_LOOP_10_1_fu_263/shl_ln_reg_4831_reg[8]_rep__0                             | REGISTER.SDR.FDRE      |
    | k1_vertex_transform_U0/grp_k1_vertex_transform_Pipeline_VITIS_LOOP_10_1_fu_263/mul_32s_32s_64_1_1_U3/verts_w_reg_4913[11]_i_11           | CLB.LUT.LUT6           |
    | k1_vertex_transform_U0/grp_k1_vertex_transform_Pipeline_VITIS_LOOP_10_1_fu_263/mul_32s_32s_64_1_1_U5/verts_w_reg_4913[11]_i_5            | CLB.LUT.LUT3           |
    | k1_vertex_transform_U0/grp_k1_vertex_transform_Pipeline_VITIS_LOOP_10_1_fu_263/mul_32s_32s_64_1_1_U5/sext_ln20_1_reg_4925[27]_i_4        | CLB.LUT.LUT5           |
    | k1_vertex_transform_U0/grp_k1_vertex_transform_Pipeline_VITIS_LOOP_10_1_fu_263/mul_32s_32s_64_1_1_U4/sext_ln20_1_reg_4925[11]_i_2        | CLB.LUT.LUT6           |
    | k1_vertex_transform_U0/grp_k1_vertex_transform_Pipeline_VITIS_LOOP_10_1_fu_263/mul_32s_32s_64_1_1_U4/sext_ln20_1_reg_4925[3]_i_1         | CLB.LUT.LUT3           |
    | k1_vertex_transform_U0/grp_k1_vertex_transform_Pipeline_VITIS_LOOP_10_1_fu_263/mul_32s_32s_64_1_1_U4/tmp_product__1_i_71                 | CLB.LUT.LUT6           |
    | k1_vertex_transform_U0/grp_k1_vertex_transform_Pipeline_VITIS_LOOP_10_1_fu_263/mul_32s_32s_64_1_1_U4/tmp_product__1_i_14                 | CLB.LUT.LUT6           |
    | k1_vertex_transform_U0/grp_k1_vertex_transform_Pipeline_VITIS_LOOP_10_1_fu_263/mul_32s_32s_64_1_1_U4/tmp_product__1/DSP_A_B_DATA_INST    | ARITHMETIC.DSP.DSP48E2 |
    | k1_vertex_transform_U0/grp_k1_vertex_transform_Pipeline_VITIS_LOOP_10_1_fu_263/mul_32s_32s_64_1_1_U4/tmp_product__1/DSP_PREADD_DATA_INST | ARITHMETIC.DSP.DSP48E2 |
    | k1_vertex_transform_U0/grp_k1_vertex_transform_Pipeline_VITIS_LOOP_10_1_fu_263/mul_32s_32s_64_1_1_U4/tmp_product__1/DSP_MULTIPLIER_INST  | ARITHMETIC.DSP.DSP48E2 |
    | k1_vertex_transform_U0/grp_k1_vertex_transform_Pipeline_VITIS_LOOP_10_1_fu_263/mul_32s_32s_64_1_1_U4/tmp_product__1/DSP_M_DATA_INST      | ARITHMETIC.DSP.DSP48E2 |
    | k1_vertex_transform_U0/grp_k1_vertex_transform_Pipeline_VITIS_LOOP_10_1_fu_263/mul_32s_32s_64_1_1_U4/tmp_product__1/DSP_ALU_INST         | ARITHMETIC.DSP.DSP48E2 |
    | k1_vertex_transform_U0/grp_k1_vertex_transform_Pipeline_VITIS_LOOP_10_1_fu_263/mul_32s_32s_64_1_1_U4/tmp_product__1/DSP_OUTPUT_INST      | ARITHMETIC.DSP.DSP48E2 |
    | k1_vertex_transform_U0/grp_k1_vertex_transform_Pipeline_VITIS_LOOP_10_1_fu_263/mul_32s_32s_64_1_1_U4/tmp_product__2/DSP_ALU_INST         | ARITHMETIC.DSP.DSP48E2 |
    | k1_vertex_transform_U0/grp_k1_vertex_transform_Pipeline_VITIS_LOOP_10_1_fu_263/mul_32s_32s_64_1_1_U4/tmp_product__2/DSP_OUTPUT_INST      | ARITHMETIC.DSP.DSP48E2 |
    | k1_vertex_transform_U0/grp_k1_vertex_transform_Pipeline_VITIS_LOOP_10_1_fu_263/mul_32s_32s_64_1_1_U4/tmp_product_carry__0_i_8__1         | CLB.LUT.LUT2           |
    | k1_vertex_transform_U0/grp_k1_vertex_transform_Pipeline_VITIS_LOOP_10_1_fu_263/mul_32s_32s_64_1_1_U4/tmp_product_carry__0                | CLB.CARRY.CARRY8       |
    | k1_vertex_transform_U0/grp_k1_vertex_transform_Pipeline_VITIS_LOOP_10_1_fu_263/mul_32s_32s_64_1_1_U4/tmp_product_carry__1                | CLB.CARRY.CARRY8       |
    | k1_vertex_transform_U0/grp_k1_vertex_transform_Pipeline_VITIS_LOOP_10_1_fu_263/mul_32s_32s_64_1_1_U4/add_ln22_1_reg_5017[39]_i_2         | CLB.LUT.LUT3           |
    | k1_vertex_transform_U0/grp_k1_vertex_transform_Pipeline_VITIS_LOOP_10_1_fu_263/mul_32s_32s_64_1_1_U4/add_ln22_1_reg_5017[39]_i_10        | CLB.LUT.LUT4           |
    | k1_vertex_transform_U0/grp_k1_vertex_transform_Pipeline_VITIS_LOOP_10_1_fu_263/mul_32s_32s_64_1_1_U4/add_ln22_1_reg_5017_reg[39]_i_1     | CLB.CARRY.CARRY8       |
    | k1_vertex_transform_U0/grp_k1_vertex_transform_Pipeline_VITIS_LOOP_10_1_fu_263/mul_32s_32s_64_1_1_U4/add_ln22_1_reg_5017_reg[47]_i_1     | CLB.CARRY.CARRY8       |
    | k1_vertex_transform_U0/grp_k1_vertex_transform_Pipeline_VITIS_LOOP_10_1_fu_263/mul_32s_32s_64_1_1_U4/add_ln22_1_reg_5017_reg[55]_i_1     | CLB.CARRY.CARRY8       |
    | k1_vertex_transform_U0/grp_k1_vertex_transform_Pipeline_VITIS_LOOP_10_1_fu_263/mul_32s_32s_64_1_1_U4/add_ln22_1_reg_5017_reg[63]_i_1     | CLB.CARRY.CARRY8       |
    | k1_vertex_transform_U0/grp_k1_vertex_transform_Pipeline_VITIS_LOOP_10_1_fu_263/add_ln21_5_reg_5111_reg[61]                               | REGISTER.SDR.FDRE      |
    | k1_vertex_transform_U0/grp_k1_vertex_transform_Pipeline_VITIS_LOOP_10_1_fu_263/shl_ln_reg_4831_reg[8]_rep__0                             | REGISTER.SDR.FDRE      |
    | k1_vertex_transform_U0/grp_k1_vertex_transform_Pipeline_VITIS_LOOP_10_1_fu_263/mul_32s_32s_64_1_1_U3/verts_w_reg_4913[11]_i_11           | CLB.LUT.LUT6           |
    | k1_vertex_transform_U0/grp_k1_vertex_transform_Pipeline_VITIS_LOOP_10_1_fu_263/mul_32s_32s_64_1_1_U5/verts_w_reg_4913[11]_i_5            | CLB.LUT.LUT3           |
    | k1_vertex_transform_U0/grp_k1_vertex_transform_Pipeline_VITIS_LOOP_10_1_fu_263/mul_32s_32s_64_1_1_U5/sext_ln20_1_reg_4925[27]_i_4        | CLB.LUT.LUT5           |
    | k1_vertex_transform_U0/grp_k1_vertex_transform_Pipeline_VITIS_LOOP_10_1_fu_263/mul_32s_32s_64_1_1_U4/sext_ln20_1_reg_4925[11]_i_2        | CLB.LUT.LUT6           |
    | k1_vertex_transform_U0/grp_k1_vertex_transform_Pipeline_VITIS_LOOP_10_1_fu_263/mul_32s_32s_64_1_1_U4/sext_ln20_1_reg_4925[3]_i_1         | CLB.LUT.LUT3           |
    | k1_vertex_transform_U0/grp_k1_vertex_transform_Pipeline_VITIS_LOOP_10_1_fu_263/mul_32s_32s_64_1_1_U4/tmp_product__1_i_71                 | CLB.LUT.LUT6           |
    | k1_vertex_transform_U0/grp_k1_vertex_transform_Pipeline_VITIS_LOOP_10_1_fu_263/mul_32s_32s_64_1_1_U4/tmp_product__1_i_14                 | CLB.LUT.LUT6           |
    | k1_vertex_transform_U0/grp_k1_vertex_transform_Pipeline_VITIS_LOOP_10_1_fu_263/mul_32s_32s_64_1_1_U4/tmp_product__1/DSP_A_B_DATA_INST    | ARITHMETIC.DSP.DSP48E2 |
    | k1_vertex_transform_U0/grp_k1_vertex_transform_Pipeline_VITIS_LOOP_10_1_fu_263/mul_32s_32s_64_1_1_U4/tmp_product__1/DSP_PREADD_DATA_INST | ARITHMETIC.DSP.DSP48E2 |
    | k1_vertex_transform_U0/grp_k1_vertex_transform_Pipeline_VITIS_LOOP_10_1_fu_263/mul_32s_32s_64_1_1_U4/tmp_product__1/DSP_MULTIPLIER_INST  | ARITHMETIC.DSP.DSP48E2 |
    | k1_vertex_transform_U0/grp_k1_vertex_transform_Pipeline_VITIS_LOOP_10_1_fu_263/mul_32s_32s_64_1_1_U4/tmp_product__1/DSP_M_DATA_INST      | ARITHMETIC.DSP.DSP48E2 |
    | k1_vertex_transform_U0/grp_k1_vertex_transform_Pipeline_VITIS_LOOP_10_1_fu_263/mul_32s_32s_64_1_1_U4/tmp_product__1/DSP_ALU_INST         | ARITHMETIC.DSP.DSP48E2 |
    | k1_vertex_transform_U0/grp_k1_vertex_transform_Pipeline_VITIS_LOOP_10_1_fu_263/mul_32s_32s_64_1_1_U4/tmp_product__1/DSP_OUTPUT_INST      | ARITHMETIC.DSP.DSP48E2 |
    | k1_vertex_transform_U0/grp_k1_vertex_transform_Pipeline_VITIS_LOOP_10_1_fu_263/mul_32s_32s_64_1_1_U4/tmp_product__2/DSP_ALU_INST         | ARITHMETIC.DSP.DSP48E2 |
    | k1_vertex_transform_U0/grp_k1_vertex_transform_Pipeline_VITIS_LOOP_10_1_fu_263/mul_32s_32s_64_1_1_U4/tmp_product__2/DSP_OUTPUT_INST      | ARITHMETIC.DSP.DSP48E2 |
    | k1_vertex_transform_U0/grp_k1_vertex_transform_Pipeline_VITIS_LOOP_10_1_fu_263/mul_32s_32s_64_1_1_U4/tmp_product_carry__0_i_8__1         | CLB.LUT.LUT2           |
    | k1_vertex_transform_U0/grp_k1_vertex_transform_Pipeline_VITIS_LOOP_10_1_fu_263/mul_32s_32s_64_1_1_U4/tmp_product_carry__0                | CLB.CARRY.CARRY8       |
    | k1_vertex_transform_U0/grp_k1_vertex_transform_Pipeline_VITIS_LOOP_10_1_fu_263/mul_32s_32s_64_1_1_U4/tmp_product_carry__1                | CLB.CARRY.CARRY8       |
    | k1_vertex_transform_U0/grp_k1_vertex_transform_Pipeline_VITIS_LOOP_10_1_fu_263/mul_32s_32s_64_1_1_U4/add_ln22_1_reg_5017[39]_i_2         | CLB.LUT.LUT3           |
    | k1_vertex_transform_U0/grp_k1_vertex_transform_Pipeline_VITIS_LOOP_10_1_fu_263/mul_32s_32s_64_1_1_U4/add_ln22_1_reg_5017[39]_i_10        | CLB.LUT.LUT4           |
    | k1_vertex_transform_U0/grp_k1_vertex_transform_Pipeline_VITIS_LOOP_10_1_fu_263/mul_32s_32s_64_1_1_U4/add_ln22_1_reg_5017_reg[39]_i_1     | CLB.CARRY.CARRY8       |
    | k1_vertex_transform_U0/grp_k1_vertex_transform_Pipeline_VITIS_LOOP_10_1_fu_263/mul_32s_32s_64_1_1_U4/add_ln22_1_reg_5017_reg[47]_i_1     | CLB.CARRY.CARRY8       |
    | k1_vertex_transform_U0/grp_k1_vertex_transform_Pipeline_VITIS_LOOP_10_1_fu_263/mul_32s_32s_64_1_1_U4/add_ln22_1_reg_5017_reg[55]_i_1     | CLB.CARRY.CARRY8       |
    | k1_vertex_transform_U0/grp_k1_vertex_transform_Pipeline_VITIS_LOOP_10_1_fu_263/mul_32s_32s_64_1_1_U4/add_ln22_1_reg_5017_reg[63]_i_1     | CLB.CARRY.CARRY8       |
    | k1_vertex_transform_U0/grp_k1_vertex_transform_Pipeline_VITIS_LOOP_10_1_fu_263/add_ln22_1_reg_5017_reg[59]                               | REGISTER.SDR.FDRE      |
    +------------------------------------------------------------------------------------------------------------------------------------------+------------------------+

    +------------------------------------------------------------------------------------------------------------------------------------------+------------------------+
    | Path3 Cells                                                                                                                              | Primitive Type         |
    +------------------------------------------------------------------------------------------------------------------------------------------+------------------------+
    | k1_vertex_transform_U0/grp_k1_vertex_transform_Pipeline_VITIS_LOOP_10_1_fu_263/shl_ln_reg_4831_reg[8]_rep__0                             | REGISTER.SDR.FDRE      |
    | k1_vertex_transform_U0/grp_k1_vertex_transform_Pipeline_VITIS_LOOP_10_1_fu_263/mul_32s_32s_64_1_1_U3/verts_w_reg_4913[11]_i_11           | CLB.LUT.LUT6           |
    | k1_vertex_transform_U0/grp_k1_vertex_transform_Pipeline_VITIS_LOOP_10_1_fu_263/mul_32s_32s_64_1_1_U5/verts_w_reg_4913[11]_i_5            | CLB.LUT.LUT3           |
    | k1_vertex_transform_U0/grp_k1_vertex_transform_Pipeline_VITIS_LOOP_10_1_fu_263/mul_32s_32s_64_1_1_U5/sext_ln20_1_reg_4925[27]_i_4        | CLB.LUT.LUT5           |
    | k1_vertex_transform_U0/grp_k1_vertex_transform_Pipeline_VITIS_LOOP_10_1_fu_263/mul_32s_32s_64_1_1_U4/sext_ln20_1_reg_4925[11]_i_2        | CLB.LUT.LUT6           |
    | k1_vertex_transform_U0/grp_k1_vertex_transform_Pipeline_VITIS_LOOP_10_1_fu_263/mul_32s_32s_64_1_1_U4/sext_ln20_1_reg_4925[3]_i_1         | CLB.LUT.LUT3           |
    | k1_vertex_transform_U0/grp_k1_vertex_transform_Pipeline_VITIS_LOOP_10_1_fu_263/mul_32s_32s_64_1_1_U4/tmp_product__1_i_71                 | CLB.LUT.LUT6           |
    | k1_vertex_transform_U0/grp_k1_vertex_transform_Pipeline_VITIS_LOOP_10_1_fu_263/mul_32s_32s_64_1_1_U4/tmp_product__1_i_14                 | CLB.LUT.LUT6           |
    | k1_vertex_transform_U0/grp_k1_vertex_transform_Pipeline_VITIS_LOOP_10_1_fu_263/mul_32s_32s_64_1_1_U4/tmp_product__1/DSP_A_B_DATA_INST    | ARITHMETIC.DSP.DSP48E2 |
    | k1_vertex_transform_U0/grp_k1_vertex_transform_Pipeline_VITIS_LOOP_10_1_fu_263/mul_32s_32s_64_1_1_U4/tmp_product__1/DSP_PREADD_DATA_INST | ARITHMETIC.DSP.DSP48E2 |
    | k1_vertex_transform_U0/grp_k1_vertex_transform_Pipeline_VITIS_LOOP_10_1_fu_263/mul_32s_32s_64_1_1_U4/tmp_product__1/DSP_MULTIPLIER_INST  | ARITHMETIC.DSP.DSP48E2 |
    | k1_vertex_transform_U0/grp_k1_vertex_transform_Pipeline_VITIS_LOOP_10_1_fu_263/mul_32s_32s_64_1_1_U4/tmp_product__1/DSP_M_DATA_INST      | ARITHMETIC.DSP.DSP48E2 |
    | k1_vertex_transform_U0/grp_k1_vertex_transform_Pipeline_VITIS_LOOP_10_1_fu_263/mul_32s_32s_64_1_1_U4/tmp_product__1/DSP_ALU_INST         | ARITHMETIC.DSP.DSP48E2 |
    | k1_vertex_transform_U0/grp_k1_vertex_transform_Pipeline_VITIS_LOOP_10_1_fu_263/mul_32s_32s_64_1_1_U4/tmp_product__1/DSP_OUTPUT_INST      | ARITHMETIC.DSP.DSP48E2 |
    | k1_vertex_transform_U0/grp_k1_vertex_transform_Pipeline_VITIS_LOOP_10_1_fu_263/mul_32s_32s_64_1_1_U4/tmp_product__2/DSP_ALU_INST         | ARITHMETIC.DSP.DSP48E2 |
    | k1_vertex_transform_U0/grp_k1_vertex_transform_Pipeline_VITIS_LOOP_10_1_fu_263/mul_32s_32s_64_1_1_U4/tmp_product__2/DSP_OUTPUT_INST      | ARITHMETIC.DSP.DSP48E2 |
    | k1_vertex_transform_U0/grp_k1_vertex_transform_Pipeline_VITIS_LOOP_10_1_fu_263/mul_32s_32s_64_1_1_U4/tmp_product_carry__0_i_8__1         | CLB.LUT.LUT2           |
    | k1_vertex_transform_U0/grp_k1_vertex_transform_Pipeline_VITIS_LOOP_10_1_fu_263/mul_32s_32s_64_1_1_U4/tmp_product_carry__0                | CLB.CARRY.CARRY8       |
    | k1_vertex_transform_U0/grp_k1_vertex_transform_Pipeline_VITIS_LOOP_10_1_fu_263/mul_32s_32s_64_1_1_U4/tmp_product_carry__1                | CLB.CARRY.CARRY8       |
    | k1_vertex_transform_U0/grp_k1_vertex_transform_Pipeline_VITIS_LOOP_10_1_fu_263/mul_32s_32s_64_1_1_U4/add_ln22_1_reg_5017[39]_i_2         | CLB.LUT.LUT3           |
    | k1_vertex_transform_U0/grp_k1_vertex_transform_Pipeline_VITIS_LOOP_10_1_fu_263/mul_32s_32s_64_1_1_U4/add_ln22_1_reg_5017[39]_i_10        | CLB.LUT.LUT4           |
    | k1_vertex_transform_U0/grp_k1_vertex_transform_Pipeline_VITIS_LOOP_10_1_fu_263/mul_32s_32s_64_1_1_U4/add_ln22_1_reg_5017_reg[39]_i_1     | CLB.CARRY.CARRY8       |
    | k1_vertex_transform_U0/grp_k1_vertex_transform_Pipeline_VITIS_LOOP_10_1_fu_263/mul_32s_32s_64_1_1_U4/add_ln22_1_reg_5017_reg[47]_i_1     | CLB.CARRY.CARRY8       |
    | k1_vertex_transform_U0/grp_k1_vertex_transform_Pipeline_VITIS_LOOP_10_1_fu_263/mul_32s_32s_64_1_1_U4/add_ln22_1_reg_5017_reg[55]_i_1     | CLB.CARRY.CARRY8       |
    | k1_vertex_transform_U0/grp_k1_vertex_transform_Pipeline_VITIS_LOOP_10_1_fu_263/mul_32s_32s_64_1_1_U4/add_ln22_1_reg_5017_reg[63]_i_1     | CLB.CARRY.CARRY8       |
    | k1_vertex_transform_U0/grp_k1_vertex_transform_Pipeline_VITIS_LOOP_10_1_fu_263/add_ln22_1_reg_5017_reg[61]                               | REGISTER.SDR.FDRE      |
    | k1_vertex_transform_U0/grp_k1_vertex_transform_Pipeline_VITIS_LOOP_10_1_fu_263/shl_ln_reg_4831_reg[8]_rep__0                             | REGISTER.SDR.FDRE      |
    | k1_vertex_transform_U0/grp_k1_vertex_transform_Pipeline_VITIS_LOOP_10_1_fu_263/mul_32s_32s_64_1_1_U3/verts_w_reg_4913[11]_i_11           | CLB.LUT.LUT6           |
    | k1_vertex_transform_U0/grp_k1_vertex_transform_Pipeline_VITIS_LOOP_10_1_fu_263/mul_32s_32s_64_1_1_U5/verts_w_reg_4913[11]_i_5            | CLB.LUT.LUT3           |
    | k1_vertex_transform_U0/grp_k1_vertex_transform_Pipeline_VITIS_LOOP_10_1_fu_263/mul_32s_32s_64_1_1_U5/sext_ln20_1_reg_4925[27]_i_4        | CLB.LUT.LUT5           |
    | k1_vertex_transform_U0/grp_k1_vertex_transform_Pipeline_VITIS_LOOP_10_1_fu_263/mul_32s_32s_64_1_1_U4/sext_ln20_1_reg_4925[11]_i_2        | CLB.LUT.LUT6           |
    | k1_vertex_transform_U0/grp_k1_vertex_transform_Pipeline_VITIS_LOOP_10_1_fu_263/mul_32s_32s_64_1_1_U4/sext_ln20_1_reg_4925[3]_i_1         | CLB.LUT.LUT3           |
    | k1_vertex_transform_U0/grp_k1_vertex_transform_Pipeline_VITIS_LOOP_10_1_fu_263/mul_32s_32s_64_1_1_U4/tmp_product__1_i_71                 | CLB.LUT.LUT6           |
    | k1_vertex_transform_U0/grp_k1_vertex_transform_Pipeline_VITIS_LOOP_10_1_fu_263/mul_32s_32s_64_1_1_U4/tmp_product__1_i_14                 | CLB.LUT.LUT6           |
    | k1_vertex_transform_U0/grp_k1_vertex_transform_Pipeline_VITIS_LOOP_10_1_fu_263/mul_32s_32s_64_1_1_U4/tmp_product__1/DSP_A_B_DATA_INST    | ARITHMETIC.DSP.DSP48E2 |
    | k1_vertex_transform_U0/grp_k1_vertex_transform_Pipeline_VITIS_LOOP_10_1_fu_263/mul_32s_32s_64_1_1_U4/tmp_product__1/DSP_PREADD_DATA_INST | ARITHMETIC.DSP.DSP48E2 |
    | k1_vertex_transform_U0/grp_k1_vertex_transform_Pipeline_VITIS_LOOP_10_1_fu_263/mul_32s_32s_64_1_1_U4/tmp_product__1/DSP_MULTIPLIER_INST  | ARITHMETIC.DSP.DSP48E2 |
    | k1_vertex_transform_U0/grp_k1_vertex_transform_Pipeline_VITIS_LOOP_10_1_fu_263/mul_32s_32s_64_1_1_U4/tmp_product__1/DSP_M_DATA_INST      | ARITHMETIC.DSP.DSP48E2 |
    | k1_vertex_transform_U0/grp_k1_vertex_transform_Pipeline_VITIS_LOOP_10_1_fu_263/mul_32s_32s_64_1_1_U4/tmp_product__1/DSP_ALU_INST         | ARITHMETIC.DSP.DSP48E2 |
    | k1_vertex_transform_U0/grp_k1_vertex_transform_Pipeline_VITIS_LOOP_10_1_fu_263/mul_32s_32s_64_1_1_U4/tmp_product__1/DSP_OUTPUT_INST      | ARITHMETIC.DSP.DSP48E2 |
    | k1_vertex_transform_U0/grp_k1_vertex_transform_Pipeline_VITIS_LOOP_10_1_fu_263/mul_32s_32s_64_1_1_U4/tmp_product__2/DSP_ALU_INST         | ARITHMETIC.DSP.DSP48E2 |
    | k1_vertex_transform_U0/grp_k1_vertex_transform_Pipeline_VITIS_LOOP_10_1_fu_263/mul_32s_32s_64_1_1_U4/tmp_product__2/DSP_OUTPUT_INST      | ARITHMETIC.DSP.DSP48E2 |
    | k1_vertex_transform_U0/grp_k1_vertex_transform_Pipeline_VITIS_LOOP_10_1_fu_263/mul_32s_32s_64_1_1_U4/tmp_product_carry_i_3__1            | CLB.LUT.LUT2           |
    | k1_vertex_transform_U0/grp_k1_vertex_transform_Pipeline_VITIS_LOOP_10_1_fu_263/mul_32s_32s_64_1_1_U4/tmp_product_carry                   | CLB.CARRY.CARRY8       |
    | k1_vertex_transform_U0/grp_k1_vertex_transform_Pipeline_VITIS_LOOP_10_1_fu_263/mul_32s_32s_64_1_1_U4/tmp_product_carry__0                | CLB.CARRY.CARRY8       |
    | k1_vertex_transform_U0/grp_k1_vertex_transform_Pipeline_VITIS_LOOP_10_1_fu_263/mul_32s_32s_64_1_1_U5/add_ln20_1_reg_4939[31]_i_2         | CLB.LUT.LUT3           |
    | k1_vertex_transform_U0/grp_k1_vertex_transform_Pipeline_VITIS_LOOP_10_1_fu_263/mul_32s_32s_64_1_1_U5/add_ln20_1_reg_4939[31]_i_10        | CLB.LUT.LUT4           |
    | k1_vertex_transform_U0/grp_k1_vertex_transform_Pipeline_VITIS_LOOP_10_1_fu_263/mul_32s_32s_64_1_1_U5/add_ln20_1_reg_4939_reg[31]_i_1     | CLB.CARRY.CARRY8       |
    | k1_vertex_transform_U0/grp_k1_vertex_transform_Pipeline_VITIS_LOOP_10_1_fu_263/mul_32s_32s_64_1_1_U5/add_ln20_1_reg_4939_reg[39]_i_1     | CLB.CARRY.CARRY8       |
    | k1_vertex_transform_U0/grp_k1_vertex_transform_Pipeline_VITIS_LOOP_10_1_fu_263/mul_32s_32s_64_1_1_U5/add_ln20_1_reg_4939_reg[47]_i_1     | CLB.CARRY.CARRY8       |
    | k1_vertex_transform_U0/grp_k1_vertex_transform_Pipeline_VITIS_LOOP_10_1_fu_263/mul_32s_32s_64_1_1_U5/add_ln20_1_reg_4939_reg[55]_i_1     | CLB.CARRY.CARRY8       |
    | k1_vertex_transform_U0/grp_k1_vertex_transform_Pipeline_VITIS_LOOP_10_1_fu_263/add_ln20_1_reg_4939_reg[54]                               | REGISTER.SDR.FDRE      |
    | k1_vertex_transform_U0/grp_k1_vertex_transform_Pipeline_VITIS_LOOP_10_1_fu_263/shl_ln_reg_4831_reg[8]_rep__0                             | REGISTER.SDR.FDRE      |
    | k1_vertex_transform_U0/grp_k1_vertex_transform_Pipeline_VITIS_LOOP_10_1_fu_263/mul_32s_32s_64_1_1_U3/verts_w_reg_4913[11]_i_11           | CLB.LUT.LUT6           |
    | k1_vertex_transform_U0/grp_k1_vertex_transform_Pipeline_VITIS_LOOP_10_1_fu_263/mul_32s_32s_64_1_1_U5/verts_w_reg_4913[11]_i_5            | CLB.LUT.LUT3           |
    | k1_vertex_transform_U0/grp_k1_vertex_transform_Pipeline_VITIS_LOOP_10_1_fu_263/mul_32s_32s_64_1_1_U5/sext_ln20_1_reg_4925[27]_i_4        | CLB.LUT.LUT5           |
    | k1_vertex_transform_U0/grp_k1_vertex_transform_Pipeline_VITIS_LOOP_10_1_fu_263/mul_32s_32s_64_1_1_U4/sext_ln20_1_reg_4925[11]_i_2        | CLB.LUT.LUT6           |
    | k1_vertex_transform_U0/grp_k1_vertex_transform_Pipeline_VITIS_LOOP_10_1_fu_263/mul_32s_32s_64_1_1_U4/sext_ln20_1_reg_4925[3]_i_1         | CLB.LUT.LUT3           |
    | k1_vertex_transform_U0/grp_k1_vertex_transform_Pipeline_VITIS_LOOP_10_1_fu_263/mul_32s_32s_64_1_1_U4/tmp_product__1_i_71                 | CLB.LUT.LUT6           |
    | k1_vertex_transform_U0/grp_k1_vertex_transform_Pipeline_VITIS_LOOP_10_1_fu_263/mul_32s_32s_64_1_1_U4/tmp_product__1_i_14                 | CLB.LUT.LUT6           |
    | k1_vertex_transform_U0/grp_k1_vertex_transform_Pipeline_VITIS_LOOP_10_1_fu_263/mul_32s_32s_64_1_1_U4/tmp_product__1/DSP_A_B_DATA_INST    | ARITHMETIC.DSP.DSP48E2 |
    | k1_vertex_transform_U0/grp_k1_vertex_transform_Pipeline_VITIS_LOOP_10_1_fu_263/mul_32s_32s_64_1_1_U4/tmp_product__1/DSP_PREADD_DATA_INST | ARITHMETIC.DSP.DSP48E2 |
    | k1_vertex_transform_U0/grp_k1_vertex_transform_Pipeline_VITIS_LOOP_10_1_fu_263/mul_32s_32s_64_1_1_U4/tmp_product__1/DSP_MULTIPLIER_INST  | ARITHMETIC.DSP.DSP48E2 |
    | k1_vertex_transform_U0/grp_k1_vertex_transform_Pipeline_VITIS_LOOP_10_1_fu_263/mul_32s_32s_64_1_1_U4/tmp_product__1/DSP_M_DATA_INST      | ARITHMETIC.DSP.DSP48E2 |
    | k1_vertex_transform_U0/grp_k1_vertex_transform_Pipeline_VITIS_LOOP_10_1_fu_263/mul_32s_32s_64_1_1_U4/tmp_product__1/DSP_ALU_INST         | ARITHMETIC.DSP.DSP48E2 |
    | k1_vertex_transform_U0/grp_k1_vertex_transform_Pipeline_VITIS_LOOP_10_1_fu_263/mul_32s_32s_64_1_1_U4/tmp_product__1/DSP_OUTPUT_INST      | ARITHMETIC.DSP.DSP48E2 |
    | k1_vertex_transform_U0/grp_k1_vertex_transform_Pipeline_VITIS_LOOP_10_1_fu_263/mul_32s_32s_64_1_1_U4/tmp_product__2/DSP_ALU_INST         | ARITHMETIC.DSP.DSP48E2 |
    | k1_vertex_transform_U0/grp_k1_vertex_transform_Pipeline_VITIS_LOOP_10_1_fu_263/mul_32s_32s_64_1_1_U4/tmp_product__2/DSP_OUTPUT_INST      | ARITHMETIC.DSP.DSP48E2 |
    | k1_vertex_transform_U0/grp_k1_vertex_transform_Pipeline_VITIS_LOOP_10_1_fu_263/mul_32s_32s_64_1_1_U4/tmp_product_carry__0_i_8__1         | CLB.LUT.LUT2           |
    | k1_vertex_transform_U0/grp_k1_vertex_transform_Pipeline_VITIS_LOOP_10_1_fu_263/mul_32s_32s_64_1_1_U4/tmp_product_carry__0                | CLB.CARRY.CARRY8       |
    | k1_vertex_transform_U0/grp_k1_vertex_transform_Pipeline_VITIS_LOOP_10_1_fu_263/mul_32s_32s_64_1_1_U4/tmp_product_carry__1                | CLB.CARRY.CARRY8       |
    | k1_vertex_transform_U0/grp_k1_vertex_transform_Pipeline_VITIS_LOOP_10_1_fu_263/mul_32s_32s_64_1_1_U4/add_ln22_1_reg_5017[39]_i_2         | CLB.LUT.LUT3           |
    | k1_vertex_transform_U0/grp_k1_vertex_transform_Pipeline_VITIS_LOOP_10_1_fu_263/mul_32s_32s_64_1_1_U4/add_ln22_1_reg_5017[39]_i_10        | CLB.LUT.LUT4           |
    | k1_vertex_transform_U0/grp_k1_vertex_transform_Pipeline_VITIS_LOOP_10_1_fu_263/mul_32s_32s_64_1_1_U4/add_ln22_1_reg_5017_reg[39]_i_1     | CLB.CARRY.CARRY8       |
    | k1_vertex_transform_U0/grp_k1_vertex_transform_Pipeline_VITIS_LOOP_10_1_fu_263/mul_32s_32s_64_1_1_U4/add_ln22_1_reg_5017_reg[47]_i_1     | CLB.CARRY.CARRY8       |
    | k1_vertex_transform_U0/grp_k1_vertex_transform_Pipeline_VITIS_LOOP_10_1_fu_263/mul_32s_32s_64_1_1_U4/add_ln22_1_reg_5017_reg[55]_i_1     | CLB.CARRY.CARRY8       |
    | k1_vertex_transform_U0/grp_k1_vertex_transform_Pipeline_VITIS_LOOP_10_1_fu_263/mul_32s_32s_64_1_1_U4/add_ln22_1_reg_5017_reg[63]_i_1     | CLB.CARRY.CARRY8       |
    | k1_vertex_transform_U0/grp_k1_vertex_transform_Pipeline_VITIS_LOOP_10_1_fu_263/add_ln20_9_reg_5178_reg[61]                               | REGISTER.SDR.FDRE      |
    | k1_vertex_transform_U0/grp_k1_vertex_transform_Pipeline_VITIS_LOOP_10_1_fu_263/shl_ln_reg_4831_reg[8]_rep__0                             | REGISTER.SDR.FDRE      |
    | k1_vertex_transform_U0/grp_k1_vertex_transform_Pipeline_VITIS_LOOP_10_1_fu_263/mul_32s_32s_64_1_1_U3/verts_w_reg_4913[11]_i_11           | CLB.LUT.LUT6           |
    | k1_vertex_transform_U0/grp_k1_vertex_transform_Pipeline_VITIS_LOOP_10_1_fu_263/mul_32s_32s_64_1_1_U5/verts_w_reg_4913[11]_i_5            | CLB.LUT.LUT3           |
    | k1_vertex_transform_U0/grp_k1_vertex_transform_Pipeline_VITIS_LOOP_10_1_fu_263/mul_32s_32s_64_1_1_U5/sext_ln20_1_reg_4925[27]_i_4        | CLB.LUT.LUT5           |
    | k1_vertex_transform_U0/grp_k1_vertex_transform_Pipeline_VITIS_LOOP_10_1_fu_263/mul_32s_32s_64_1_1_U4/sext_ln20_1_reg_4925[11]_i_2        | CLB.LUT.LUT6           |
    | k1_vertex_transform_U0/grp_k1_vertex_transform_Pipeline_VITIS_LOOP_10_1_fu_263/mul_32s_32s_64_1_1_U4/sext_ln20_1_reg_4925[3]_i_1         | CLB.LUT.LUT3           |
    | k1_vertex_transform_U0/grp_k1_vertex_transform_Pipeline_VITIS_LOOP_10_1_fu_263/mul_32s_32s_64_1_1_U4/tmp_product__1_i_71                 | CLB.LUT.LUT6           |
    | k1_vertex_transform_U0/grp_k1_vertex_transform_Pipeline_VITIS_LOOP_10_1_fu_263/mul_32s_32s_64_1_1_U4/tmp_product__1_i_14                 | CLB.LUT.LUT6           |
    | k1_vertex_transform_U0/grp_k1_vertex_transform_Pipeline_VITIS_LOOP_10_1_fu_263/mul_32s_32s_64_1_1_U4/tmp_product__1/DSP_A_B_DATA_INST    | ARITHMETIC.DSP.DSP48E2 |
    | k1_vertex_transform_U0/grp_k1_vertex_transform_Pipeline_VITIS_LOOP_10_1_fu_263/mul_32s_32s_64_1_1_U4/tmp_product__1/DSP_PREADD_DATA_INST | ARITHMETIC.DSP.DSP48E2 |
    | k1_vertex_transform_U0/grp_k1_vertex_transform_Pipeline_VITIS_LOOP_10_1_fu_263/mul_32s_32s_64_1_1_U4/tmp_product__1/DSP_MULTIPLIER_INST  | ARITHMETIC.DSP.DSP48E2 |
    | k1_vertex_transform_U0/grp_k1_vertex_transform_Pipeline_VITIS_LOOP_10_1_fu_263/mul_32s_32s_64_1_1_U4/tmp_product__1/DSP_M_DATA_INST      | ARITHMETIC.DSP.DSP48E2 |
    | k1_vertex_transform_U0/grp_k1_vertex_transform_Pipeline_VITIS_LOOP_10_1_fu_263/mul_32s_32s_64_1_1_U4/tmp_product__1/DSP_ALU_INST         | ARITHMETIC.DSP.DSP48E2 |
    | k1_vertex_transform_U0/grp_k1_vertex_transform_Pipeline_VITIS_LOOP_10_1_fu_263/mul_32s_32s_64_1_1_U4/tmp_product__1/DSP_OUTPUT_INST      | ARITHMETIC.DSP.DSP48E2 |
    | k1_vertex_transform_U0/grp_k1_vertex_transform_Pipeline_VITIS_LOOP_10_1_fu_263/mul_32s_32s_64_1_1_U4/tmp_product__2/DSP_ALU_INST         | ARITHMETIC.DSP.DSP48E2 |
    | k1_vertex_transform_U0/grp_k1_vertex_transform_Pipeline_VITIS_LOOP_10_1_fu_263/mul_32s_32s_64_1_1_U4/tmp_product__2/DSP_OUTPUT_INST      | ARITHMETIC.DSP.DSP48E2 |
    | k1_vertex_transform_U0/grp_k1_vertex_transform_Pipeline_VITIS_LOOP_10_1_fu_263/mul_32s_32s_64_1_1_U4/tmp_product_carry__0_i_8__1         | CLB.LUT.LUT2           |
    | k1_vertex_transform_U0/grp_k1_vertex_transform_Pipeline_VITIS_LOOP_10_1_fu_263/mul_32s_32s_64_1_1_U4/tmp_product_carry__0                | CLB.CARRY.CARRY8       |
    | k1_vertex_transform_U0/grp_k1_vertex_transform_Pipeline_VITIS_LOOP_10_1_fu_263/mul_32s_32s_64_1_1_U4/tmp_product_carry__1                | CLB.CARRY.CARRY8       |
    | k1_vertex_transform_U0/grp_k1_vertex_transform_Pipeline_VITIS_LOOP_10_1_fu_263/mul_32s_32s_64_1_1_U4/add_ln22_1_reg_5017[39]_i_2         | CLB.LUT.LUT3           |
    | k1_vertex_transform_U0/grp_k1_vertex_transform_Pipeline_VITIS_LOOP_10_1_fu_263/mul_32s_32s_64_1_1_U4/add_ln22_1_reg_5017[39]_i_10        | CLB.LUT.LUT4           |
    | k1_vertex_transform_U0/grp_k1_vertex_transform_Pipeline_VITIS_LOOP_10_1_fu_263/mul_32s_32s_64_1_1_U4/add_ln22_1_reg_5017_reg[39]_i_1     | CLB.CARRY.CARRY8       |
    | k1_vertex_transform_U0/grp_k1_vertex_transform_Pipeline_VITIS_LOOP_10_1_fu_263/mul_32s_32s_64_1_1_U4/add_ln22_1_reg_5017_reg[47]_i_1     | CLB.CARRY.CARRY8       |
    | k1_vertex_transform_U0/grp_k1_vertex_transform_Pipeline_VITIS_LOOP_10_1_fu_263/mul_32s_32s_64_1_1_U4/add_ln22_1_reg_5017_reg[55]_i_1     | CLB.CARRY.CARRY8       |
    | k1_vertex_transform_U0/grp_k1_vertex_transform_Pipeline_VITIS_LOOP_10_1_fu_263/mul_32s_32s_64_1_1_U4/add_ln22_1_reg_5017_reg[63]_i_1     | CLB.CARRY.CARRY8       |
    | k1_vertex_transform_U0/grp_k1_vertex_transform_Pipeline_VITIS_LOOP_10_1_fu_263/add_ln21_5_reg_5111_reg[61]                               | REGISTER.SDR.FDRE      |
    | k1_vertex_transform_U0/grp_k1_vertex_transform_Pipeline_VITIS_LOOP_10_1_fu_263/shl_ln_reg_4831_reg[8]_rep__0                             | REGISTER.SDR.FDRE      |
    | k1_vertex_transform_U0/grp_k1_vertex_transform_Pipeline_VITIS_LOOP_10_1_fu_263/mul_32s_32s_64_1_1_U3/verts_w_reg_4913[11]_i_11           | CLB.LUT.LUT6           |
    | k1_vertex_transform_U0/grp_k1_vertex_transform_Pipeline_VITIS_LOOP_10_1_fu_263/mul_32s_32s_64_1_1_U5/verts_w_reg_4913[11]_i_5            | CLB.LUT.LUT3           |
    | k1_vertex_transform_U0/grp_k1_vertex_transform_Pipeline_VITIS_LOOP_10_1_fu_263/mul_32s_32s_64_1_1_U5/sext_ln20_1_reg_4925[27]_i_4        | CLB.LUT.LUT5           |
    | k1_vertex_transform_U0/grp_k1_vertex_transform_Pipeline_VITIS_LOOP_10_1_fu_263/mul_32s_32s_64_1_1_U4/sext_ln20_1_reg_4925[11]_i_2        | CLB.LUT.LUT6           |
    | k1_vertex_transform_U0/grp_k1_vertex_transform_Pipeline_VITIS_LOOP_10_1_fu_263/mul_32s_32s_64_1_1_U4/sext_ln20_1_reg_4925[3]_i_1         | CLB.LUT.LUT3           |
    | k1_vertex_transform_U0/grp_k1_vertex_transform_Pipeline_VITIS_LOOP_10_1_fu_263/mul_32s_32s_64_1_1_U4/tmp_product__1_i_71                 | CLB.LUT.LUT6           |
    | k1_vertex_transform_U0/grp_k1_vertex_transform_Pipeline_VITIS_LOOP_10_1_fu_263/mul_32s_32s_64_1_1_U4/tmp_product__1_i_14                 | CLB.LUT.LUT6           |
    | k1_vertex_transform_U0/grp_k1_vertex_transform_Pipeline_VITIS_LOOP_10_1_fu_263/mul_32s_32s_64_1_1_U4/tmp_product__1/DSP_A_B_DATA_INST    | ARITHMETIC.DSP.DSP48E2 |
    | k1_vertex_transform_U0/grp_k1_vertex_transform_Pipeline_VITIS_LOOP_10_1_fu_263/mul_32s_32s_64_1_1_U4/tmp_product__1/DSP_PREADD_DATA_INST | ARITHMETIC.DSP.DSP48E2 |
    | k1_vertex_transform_U0/grp_k1_vertex_transform_Pipeline_VITIS_LOOP_10_1_fu_263/mul_32s_32s_64_1_1_U4/tmp_product__1/DSP_MULTIPLIER_INST  | ARITHMETIC.DSP.DSP48E2 |
    | k1_vertex_transform_U0/grp_k1_vertex_transform_Pipeline_VITIS_LOOP_10_1_fu_263/mul_32s_32s_64_1_1_U4/tmp_product__1/DSP_M_DATA_INST      | ARITHMETIC.DSP.DSP48E2 |
    | k1_vertex_transform_U0/grp_k1_vertex_transform_Pipeline_VITIS_LOOP_10_1_fu_263/mul_32s_32s_64_1_1_U4/tmp_product__1/DSP_ALU_INST         | ARITHMETIC.DSP.DSP48E2 |
    | k1_vertex_transform_U0/grp_k1_vertex_transform_Pipeline_VITIS_LOOP_10_1_fu_263/mul_32s_32s_64_1_1_U4/tmp_product__1/DSP_OUTPUT_INST      | ARITHMETIC.DSP.DSP48E2 |
    | k1_vertex_transform_U0/grp_k1_vertex_transform_Pipeline_VITIS_LOOP_10_1_fu_263/mul_32s_32s_64_1_1_U4/tmp_product__2/DSP_ALU_INST         | ARITHMETIC.DSP.DSP48E2 |
    | k1_vertex_transform_U0/grp_k1_vertex_transform_Pipeline_VITIS_LOOP_10_1_fu_263/mul_32s_32s_64_1_1_U4/tmp_product__2/DSP_OUTPUT_INST      | ARITHMETIC.DSP.DSP48E2 |
    | k1_vertex_transform_U0/grp_k1_vertex_transform_Pipeline_VITIS_LOOP_10_1_fu_263/mul_32s_32s_64_1_1_U4/tmp_product_carry__0_i_8__1         | CLB.LUT.LUT2           |
    | k1_vertex_transform_U0/grp_k1_vertex_transform_Pipeline_VITIS_LOOP_10_1_fu_263/mul_32s_32s_64_1_1_U4/tmp_product_carry__0                | CLB.CARRY.CARRY8       |
    | k1_vertex_transform_U0/grp_k1_vertex_transform_Pipeline_VITIS_LOOP_10_1_fu_263/mul_32s_32s_64_1_1_U4/tmp_product_carry__1                | CLB.CARRY.CARRY8       |
    | k1_vertex_transform_U0/grp_k1_vertex_transform_Pipeline_VITIS_LOOP_10_1_fu_263/mul_32s_32s_64_1_1_U4/add_ln22_1_reg_5017[39]_i_2         | CLB.LUT.LUT3           |
    | k1_vertex_transform_U0/grp_k1_vertex_transform_Pipeline_VITIS_LOOP_10_1_fu_263/mul_32s_32s_64_1_1_U4/add_ln22_1_reg_5017[39]_i_10        | CLB.LUT.LUT4           |
    | k1_vertex_transform_U0/grp_k1_vertex_transform_Pipeline_VITIS_LOOP_10_1_fu_263/mul_32s_32s_64_1_1_U4/add_ln22_1_reg_5017_reg[39]_i_1     | CLB.CARRY.CARRY8       |
    | k1_vertex_transform_U0/grp_k1_vertex_transform_Pipeline_VITIS_LOOP_10_1_fu_263/mul_32s_32s_64_1_1_U4/add_ln22_1_reg_5017_reg[47]_i_1     | CLB.CARRY.CARRY8       |
    | k1_vertex_transform_U0/grp_k1_vertex_transform_Pipeline_VITIS_LOOP_10_1_fu_263/mul_32s_32s_64_1_1_U4/add_ln22_1_reg_5017_reg[55]_i_1     | CLB.CARRY.CARRY8       |
    | k1_vertex_transform_U0/grp_k1_vertex_transform_Pipeline_VITIS_LOOP_10_1_fu_263/mul_32s_32s_64_1_1_U4/add_ln22_1_reg_5017_reg[63]_i_1     | CLB.CARRY.CARRY8       |
    | k1_vertex_transform_U0/grp_k1_vertex_transform_Pipeline_VITIS_LOOP_10_1_fu_263/add_ln22_1_reg_5017_reg[59]                               | REGISTER.SDR.FDRE      |
    +------------------------------------------------------------------------------------------------------------------------------------------+------------------------+

    +------------------------------------------------------------------------------------------------------------------------------------------+------------------------+
    | Path4 Cells                                                                                                                              | Primitive Type         |
    +------------------------------------------------------------------------------------------------------------------------------------------+------------------------+
    | k1_vertex_transform_U0/grp_k1_vertex_transform_Pipeline_VITIS_LOOP_10_1_fu_263/shl_ln_reg_4831_reg[8]_rep__0                             | REGISTER.SDR.FDRE      |
    | k1_vertex_transform_U0/grp_k1_vertex_transform_Pipeline_VITIS_LOOP_10_1_fu_263/mul_32s_32s_64_1_1_U3/verts_w_reg_4913[11]_i_11           | CLB.LUT.LUT6           |
    | k1_vertex_transform_U0/grp_k1_vertex_transform_Pipeline_VITIS_LOOP_10_1_fu_263/mul_32s_32s_64_1_1_U5/verts_w_reg_4913[11]_i_5            | CLB.LUT.LUT3           |
    | k1_vertex_transform_U0/grp_k1_vertex_transform_Pipeline_VITIS_LOOP_10_1_fu_263/mul_32s_32s_64_1_1_U5/sext_ln20_1_reg_4925[27]_i_4        | CLB.LUT.LUT5           |
    | k1_vertex_transform_U0/grp_k1_vertex_transform_Pipeline_VITIS_LOOP_10_1_fu_263/mul_32s_32s_64_1_1_U4/sext_ln20_1_reg_4925[11]_i_2        | CLB.LUT.LUT6           |
    | k1_vertex_transform_U0/grp_k1_vertex_transform_Pipeline_VITIS_LOOP_10_1_fu_263/mul_32s_32s_64_1_1_U4/sext_ln20_1_reg_4925[3]_i_1         | CLB.LUT.LUT3           |
    | k1_vertex_transform_U0/grp_k1_vertex_transform_Pipeline_VITIS_LOOP_10_1_fu_263/mul_32s_32s_64_1_1_U4/tmp_product__1_i_71                 | CLB.LUT.LUT6           |
    | k1_vertex_transform_U0/grp_k1_vertex_transform_Pipeline_VITIS_LOOP_10_1_fu_263/mul_32s_32s_64_1_1_U4/tmp_product__1_i_14                 | CLB.LUT.LUT6           |
    | k1_vertex_transform_U0/grp_k1_vertex_transform_Pipeline_VITIS_LOOP_10_1_fu_263/mul_32s_32s_64_1_1_U4/tmp_product__1/DSP_A_B_DATA_INST    | ARITHMETIC.DSP.DSP48E2 |
    | k1_vertex_transform_U0/grp_k1_vertex_transform_Pipeline_VITIS_LOOP_10_1_fu_263/mul_32s_32s_64_1_1_U4/tmp_product__1/DSP_PREADD_DATA_INST | ARITHMETIC.DSP.DSP48E2 |
    | k1_vertex_transform_U0/grp_k1_vertex_transform_Pipeline_VITIS_LOOP_10_1_fu_263/mul_32s_32s_64_1_1_U4/tmp_product__1/DSP_MULTIPLIER_INST  | ARITHMETIC.DSP.DSP48E2 |
    | k1_vertex_transform_U0/grp_k1_vertex_transform_Pipeline_VITIS_LOOP_10_1_fu_263/mul_32s_32s_64_1_1_U4/tmp_product__1/DSP_M_DATA_INST      | ARITHMETIC.DSP.DSP48E2 |
    | k1_vertex_transform_U0/grp_k1_vertex_transform_Pipeline_VITIS_LOOP_10_1_fu_263/mul_32s_32s_64_1_1_U4/tmp_product__1/DSP_ALU_INST         | ARITHMETIC.DSP.DSP48E2 |
    | k1_vertex_transform_U0/grp_k1_vertex_transform_Pipeline_VITIS_LOOP_10_1_fu_263/mul_32s_32s_64_1_1_U4/tmp_product__1/DSP_OUTPUT_INST      | ARITHMETIC.DSP.DSP48E2 |
    | k1_vertex_transform_U0/grp_k1_vertex_transform_Pipeline_VITIS_LOOP_10_1_fu_263/mul_32s_32s_64_1_1_U4/tmp_product__2/DSP_ALU_INST         | ARITHMETIC.DSP.DSP48E2 |
    | k1_vertex_transform_U0/grp_k1_vertex_transform_Pipeline_VITIS_LOOP_10_1_fu_263/mul_32s_32s_64_1_1_U4/tmp_product__2/DSP_OUTPUT_INST      | ARITHMETIC.DSP.DSP48E2 |
    | k1_vertex_transform_U0/grp_k1_vertex_transform_Pipeline_VITIS_LOOP_10_1_fu_263/mul_32s_32s_64_1_1_U4/tmp_product_carry__0_i_8__1         | CLB.LUT.LUT2           |
    | k1_vertex_transform_U0/grp_k1_vertex_transform_Pipeline_VITIS_LOOP_10_1_fu_263/mul_32s_32s_64_1_1_U4/tmp_product_carry__0                | CLB.CARRY.CARRY8       |
    | k1_vertex_transform_U0/grp_k1_vertex_transform_Pipeline_VITIS_LOOP_10_1_fu_263/mul_32s_32s_64_1_1_U4/tmp_product_carry__1                | CLB.CARRY.CARRY8       |
    | k1_vertex_transform_U0/grp_k1_vertex_transform_Pipeline_VITIS_LOOP_10_1_fu_263/mul_32s_32s_64_1_1_U4/add_ln22_1_reg_5017[39]_i_2         | CLB.LUT.LUT3           |
    | k1_vertex_transform_U0/grp_k1_vertex_transform_Pipeline_VITIS_LOOP_10_1_fu_263/mul_32s_32s_64_1_1_U4/add_ln22_1_reg_5017[39]_i_10        | CLB.LUT.LUT4           |
    | k1_vertex_transform_U0/grp_k1_vertex_transform_Pipeline_VITIS_LOOP_10_1_fu_263/mul_32s_32s_64_1_1_U4/add_ln22_1_reg_5017_reg[39]_i_1     | CLB.CARRY.CARRY8       |
    | k1_vertex_transform_U0/grp_k1_vertex_transform_Pipeline_VITIS_LOOP_10_1_fu_263/mul_32s_32s_64_1_1_U4/add_ln22_1_reg_5017_reg[47]_i_1     | CLB.CARRY.CARRY8       |
    | k1_vertex_transform_U0/grp_k1_vertex_transform_Pipeline_VITIS_LOOP_10_1_fu_263/mul_32s_32s_64_1_1_U4/add_ln22_1_reg_5017_reg[55]_i_1     | CLB.CARRY.CARRY8       |
    | k1_vertex_transform_U0/grp_k1_vertex_transform_Pipeline_VITIS_LOOP_10_1_fu_263/mul_32s_32s_64_1_1_U4/add_ln22_1_reg_5017_reg[63]_i_1     | CLB.CARRY.CARRY8       |
    | k1_vertex_transform_U0/grp_k1_vertex_transform_Pipeline_VITIS_LOOP_10_1_fu_263/add_ln22_1_reg_5017_reg[61]                               | REGISTER.SDR.FDRE      |
    | k1_vertex_transform_U0/grp_k1_vertex_transform_Pipeline_VITIS_LOOP_10_1_fu_263/shl_ln_reg_4831_reg[8]_rep__0                             | REGISTER.SDR.FDRE      |
    | k1_vertex_transform_U0/grp_k1_vertex_transform_Pipeline_VITIS_LOOP_10_1_fu_263/mul_32s_32s_64_1_1_U3/verts_w_reg_4913[11]_i_11           | CLB.LUT.LUT6           |
    | k1_vertex_transform_U0/grp_k1_vertex_transform_Pipeline_VITIS_LOOP_10_1_fu_263/mul_32s_32s_64_1_1_U5/verts_w_reg_4913[11]_i_5            | CLB.LUT.LUT3           |
    | k1_vertex_transform_U0/grp_k1_vertex_transform_Pipeline_VITIS_LOOP_10_1_fu_263/mul_32s_32s_64_1_1_U5/sext_ln20_1_reg_4925[27]_i_4        | CLB.LUT.LUT5           |
    | k1_vertex_transform_U0/grp_k1_vertex_transform_Pipeline_VITIS_LOOP_10_1_fu_263/mul_32s_32s_64_1_1_U4/sext_ln20_1_reg_4925[11]_i_2        | CLB.LUT.LUT6           |
    | k1_vertex_transform_U0/grp_k1_vertex_transform_Pipeline_VITIS_LOOP_10_1_fu_263/mul_32s_32s_64_1_1_U4/sext_ln20_1_reg_4925[3]_i_1         | CLB.LUT.LUT3           |
    | k1_vertex_transform_U0/grp_k1_vertex_transform_Pipeline_VITIS_LOOP_10_1_fu_263/mul_32s_32s_64_1_1_U4/tmp_product__1_i_71                 | CLB.LUT.LUT6           |
    | k1_vertex_transform_U0/grp_k1_vertex_transform_Pipeline_VITIS_LOOP_10_1_fu_263/mul_32s_32s_64_1_1_U4/tmp_product__1_i_14                 | CLB.LUT.LUT6           |
    | k1_vertex_transform_U0/grp_k1_vertex_transform_Pipeline_VITIS_LOOP_10_1_fu_263/mul_32s_32s_64_1_1_U4/tmp_product__1/DSP_A_B_DATA_INST    | ARITHMETIC.DSP.DSP48E2 |
    | k1_vertex_transform_U0/grp_k1_vertex_transform_Pipeline_VITIS_LOOP_10_1_fu_263/mul_32s_32s_64_1_1_U4/tmp_product__1/DSP_PREADD_DATA_INST | ARITHMETIC.DSP.DSP48E2 |
    | k1_vertex_transform_U0/grp_k1_vertex_transform_Pipeline_VITIS_LOOP_10_1_fu_263/mul_32s_32s_64_1_1_U4/tmp_product__1/DSP_MULTIPLIER_INST  | ARITHMETIC.DSP.DSP48E2 |
    | k1_vertex_transform_U0/grp_k1_vertex_transform_Pipeline_VITIS_LOOP_10_1_fu_263/mul_32s_32s_64_1_1_U4/tmp_product__1/DSP_M_DATA_INST      | ARITHMETIC.DSP.DSP48E2 |
    | k1_vertex_transform_U0/grp_k1_vertex_transform_Pipeline_VITIS_LOOP_10_1_fu_263/mul_32s_32s_64_1_1_U4/tmp_product__1/DSP_ALU_INST         | ARITHMETIC.DSP.DSP48E2 |
    | k1_vertex_transform_U0/grp_k1_vertex_transform_Pipeline_VITIS_LOOP_10_1_fu_263/mul_32s_32s_64_1_1_U4/tmp_product__1/DSP_OUTPUT_INST      | ARITHMETIC.DSP.DSP48E2 |
    | k1_vertex_transform_U0/grp_k1_vertex_transform_Pipeline_VITIS_LOOP_10_1_fu_263/mul_32s_32s_64_1_1_U4/tmp_product__2/DSP_ALU_INST         | ARITHMETIC.DSP.DSP48E2 |
    | k1_vertex_transform_U0/grp_k1_vertex_transform_Pipeline_VITIS_LOOP_10_1_fu_263/mul_32s_32s_64_1_1_U4/tmp_product__2/DSP_OUTPUT_INST      | ARITHMETIC.DSP.DSP48E2 |
    | k1_vertex_transform_U0/grp_k1_vertex_transform_Pipeline_VITIS_LOOP_10_1_fu_263/mul_32s_32s_64_1_1_U4/tmp_product_carry_i_3__1            | CLB.LUT.LUT2           |
    | k1_vertex_transform_U0/grp_k1_vertex_transform_Pipeline_VITIS_LOOP_10_1_fu_263/mul_32s_32s_64_1_1_U4/tmp_product_carry                   | CLB.CARRY.CARRY8       |
    | k1_vertex_transform_U0/grp_k1_vertex_transform_Pipeline_VITIS_LOOP_10_1_fu_263/mul_32s_32s_64_1_1_U4/tmp_product_carry__0                | CLB.CARRY.CARRY8       |
    | k1_vertex_transform_U0/grp_k1_vertex_transform_Pipeline_VITIS_LOOP_10_1_fu_263/mul_32s_32s_64_1_1_U5/add_ln20_1_reg_4939[31]_i_2         | CLB.LUT.LUT3           |
    | k1_vertex_transform_U0/grp_k1_vertex_transform_Pipeline_VITIS_LOOP_10_1_fu_263/mul_32s_32s_64_1_1_U5/add_ln20_1_reg_4939[31]_i_10        | CLB.LUT.LUT4           |
    | k1_vertex_transform_U0/grp_k1_vertex_transform_Pipeline_VITIS_LOOP_10_1_fu_263/mul_32s_32s_64_1_1_U5/add_ln20_1_reg_4939_reg[31]_i_1     | CLB.CARRY.CARRY8       |
    | k1_vertex_transform_U0/grp_k1_vertex_transform_Pipeline_VITIS_LOOP_10_1_fu_263/mul_32s_32s_64_1_1_U5/add_ln20_1_reg_4939_reg[39]_i_1     | CLB.CARRY.CARRY8       |
    | k1_vertex_transform_U0/grp_k1_vertex_transform_Pipeline_VITIS_LOOP_10_1_fu_263/mul_32s_32s_64_1_1_U5/add_ln20_1_reg_4939_reg[47]_i_1     | CLB.CARRY.CARRY8       |
    | k1_vertex_transform_U0/grp_k1_vertex_transform_Pipeline_VITIS_LOOP_10_1_fu_263/mul_32s_32s_64_1_1_U5/add_ln20_1_reg_4939_reg[55]_i_1     | CLB.CARRY.CARRY8       |
    | k1_vertex_transform_U0/grp_k1_vertex_transform_Pipeline_VITIS_LOOP_10_1_fu_263/add_ln20_1_reg_4939_reg[54]                               | REGISTER.SDR.FDRE      |
    | k1_vertex_transform_U0/grp_k1_vertex_transform_Pipeline_VITIS_LOOP_10_1_fu_263/shl_ln_reg_4831_reg[8]_rep__0                             | REGISTER.SDR.FDRE      |
    | k1_vertex_transform_U0/grp_k1_vertex_transform_Pipeline_VITIS_LOOP_10_1_fu_263/mul_32s_32s_64_1_1_U3/verts_w_reg_4913[11]_i_11           | CLB.LUT.LUT6           |
    | k1_vertex_transform_U0/grp_k1_vertex_transform_Pipeline_VITIS_LOOP_10_1_fu_263/mul_32s_32s_64_1_1_U5/verts_w_reg_4913[11]_i_5            | CLB.LUT.LUT3           |
    | k1_vertex_transform_U0/grp_k1_vertex_transform_Pipeline_VITIS_LOOP_10_1_fu_263/mul_32s_32s_64_1_1_U5/sext_ln20_1_reg_4925[27]_i_4        | CLB.LUT.LUT5           |
    | k1_vertex_transform_U0/grp_k1_vertex_transform_Pipeline_VITIS_LOOP_10_1_fu_263/mul_32s_32s_64_1_1_U4/sext_ln20_1_reg_4925[11]_i_2        | CLB.LUT.LUT6           |
    | k1_vertex_transform_U0/grp_k1_vertex_transform_Pipeline_VITIS_LOOP_10_1_fu_263/mul_32s_32s_64_1_1_U4/sext_ln20_1_reg_4925[3]_i_1         | CLB.LUT.LUT3           |
    | k1_vertex_transform_U0/grp_k1_vertex_transform_Pipeline_VITIS_LOOP_10_1_fu_263/mul_32s_32s_64_1_1_U4/tmp_product__1_i_71                 | CLB.LUT.LUT6           |
    | k1_vertex_transform_U0/grp_k1_vertex_transform_Pipeline_VITIS_LOOP_10_1_fu_263/mul_32s_32s_64_1_1_U4/tmp_product__1_i_14                 | CLB.LUT.LUT6           |
    | k1_vertex_transform_U0/grp_k1_vertex_transform_Pipeline_VITIS_LOOP_10_1_fu_263/mul_32s_32s_64_1_1_U4/tmp_product__1/DSP_A_B_DATA_INST    | ARITHMETIC.DSP.DSP48E2 |
    | k1_vertex_transform_U0/grp_k1_vertex_transform_Pipeline_VITIS_LOOP_10_1_fu_263/mul_32s_32s_64_1_1_U4/tmp_product__1/DSP_PREADD_DATA_INST | ARITHMETIC.DSP.DSP48E2 |
    | k1_vertex_transform_U0/grp_k1_vertex_transform_Pipeline_VITIS_LOOP_10_1_fu_263/mul_32s_32s_64_1_1_U4/tmp_product__1/DSP_MULTIPLIER_INST  | ARITHMETIC.DSP.DSP48E2 |
    | k1_vertex_transform_U0/grp_k1_vertex_transform_Pipeline_VITIS_LOOP_10_1_fu_263/mul_32s_32s_64_1_1_U4/tmp_product__1/DSP_M_DATA_INST      | ARITHMETIC.DSP.DSP48E2 |
    | k1_vertex_transform_U0/grp_k1_vertex_transform_Pipeline_VITIS_LOOP_10_1_fu_263/mul_32s_32s_64_1_1_U4/tmp_product__1/DSP_ALU_INST         | ARITHMETIC.DSP.DSP48E2 |
    | k1_vertex_transform_U0/grp_k1_vertex_transform_Pipeline_VITIS_LOOP_10_1_fu_263/mul_32s_32s_64_1_1_U4/tmp_product__1/DSP_OUTPUT_INST      | ARITHMETIC.DSP.DSP48E2 |
    | k1_vertex_transform_U0/grp_k1_vertex_transform_Pipeline_VITIS_LOOP_10_1_fu_263/mul_32s_32s_64_1_1_U4/tmp_product__2/DSP_ALU_INST         | ARITHMETIC.DSP.DSP48E2 |
    | k1_vertex_transform_U0/grp_k1_vertex_transform_Pipeline_VITIS_LOOP_10_1_fu_263/mul_32s_32s_64_1_1_U4/tmp_product__2/DSP_OUTPUT_INST      | ARITHMETIC.DSP.DSP48E2 |
    | k1_vertex_transform_U0/grp_k1_vertex_transform_Pipeline_VITIS_LOOP_10_1_fu_263/mul_32s_32s_64_1_1_U4/tmp_product_carry__0_i_8__1         | CLB.LUT.LUT2           |
    | k1_vertex_transform_U0/grp_k1_vertex_transform_Pipeline_VITIS_LOOP_10_1_fu_263/mul_32s_32s_64_1_1_U4/tmp_product_carry__0                | CLB.CARRY.CARRY8       |
    | k1_vertex_transform_U0/grp_k1_vertex_transform_Pipeline_VITIS_LOOP_10_1_fu_263/mul_32s_32s_64_1_1_U4/tmp_product_carry__1                | CLB.CARRY.CARRY8       |
    | k1_vertex_transform_U0/grp_k1_vertex_transform_Pipeline_VITIS_LOOP_10_1_fu_263/mul_32s_32s_64_1_1_U4/add_ln22_1_reg_5017[39]_i_2         | CLB.LUT.LUT3           |
    | k1_vertex_transform_U0/grp_k1_vertex_transform_Pipeline_VITIS_LOOP_10_1_fu_263/mul_32s_32s_64_1_1_U4/add_ln22_1_reg_5017[39]_i_10        | CLB.LUT.LUT4           |
    | k1_vertex_transform_U0/grp_k1_vertex_transform_Pipeline_VITIS_LOOP_10_1_fu_263/mul_32s_32s_64_1_1_U4/add_ln22_1_reg_5017_reg[39]_i_1     | CLB.CARRY.CARRY8       |
    | k1_vertex_transform_U0/grp_k1_vertex_transform_Pipeline_VITIS_LOOP_10_1_fu_263/mul_32s_32s_64_1_1_U4/add_ln22_1_reg_5017_reg[47]_i_1     | CLB.CARRY.CARRY8       |
    | k1_vertex_transform_U0/grp_k1_vertex_transform_Pipeline_VITIS_LOOP_10_1_fu_263/mul_32s_32s_64_1_1_U4/add_ln22_1_reg_5017_reg[55]_i_1     | CLB.CARRY.CARRY8       |
    | k1_vertex_transform_U0/grp_k1_vertex_transform_Pipeline_VITIS_LOOP_10_1_fu_263/mul_32s_32s_64_1_1_U4/add_ln22_1_reg_5017_reg[63]_i_1     | CLB.CARRY.CARRY8       |
    | k1_vertex_transform_U0/grp_k1_vertex_transform_Pipeline_VITIS_LOOP_10_1_fu_263/add_ln20_9_reg_5178_reg[61]                               | REGISTER.SDR.FDRE      |
    | k1_vertex_transform_U0/grp_k1_vertex_transform_Pipeline_VITIS_LOOP_10_1_fu_263/shl_ln_reg_4831_reg[8]_rep__0                             | REGISTER.SDR.FDRE      |
    | k1_vertex_transform_U0/grp_k1_vertex_transform_Pipeline_VITIS_LOOP_10_1_fu_263/mul_32s_32s_64_1_1_U3/verts_w_reg_4913[11]_i_11           | CLB.LUT.LUT6           |
    | k1_vertex_transform_U0/grp_k1_vertex_transform_Pipeline_VITIS_LOOP_10_1_fu_263/mul_32s_32s_64_1_1_U5/verts_w_reg_4913[11]_i_5            | CLB.LUT.LUT3           |
    | k1_vertex_transform_U0/grp_k1_vertex_transform_Pipeline_VITIS_LOOP_10_1_fu_263/mul_32s_32s_64_1_1_U5/sext_ln20_1_reg_4925[27]_i_4        | CLB.LUT.LUT5           |
    | k1_vertex_transform_U0/grp_k1_vertex_transform_Pipeline_VITIS_LOOP_10_1_fu_263/mul_32s_32s_64_1_1_U4/sext_ln20_1_reg_4925[11]_i_2        | CLB.LUT.LUT6           |
    | k1_vertex_transform_U0/grp_k1_vertex_transform_Pipeline_VITIS_LOOP_10_1_fu_263/mul_32s_32s_64_1_1_U4/sext_ln20_1_reg_4925[3]_i_1         | CLB.LUT.LUT3           |
    | k1_vertex_transform_U0/grp_k1_vertex_transform_Pipeline_VITIS_LOOP_10_1_fu_263/mul_32s_32s_64_1_1_U4/tmp_product__1_i_71                 | CLB.LUT.LUT6           |
    | k1_vertex_transform_U0/grp_k1_vertex_transform_Pipeline_VITIS_LOOP_10_1_fu_263/mul_32s_32s_64_1_1_U4/tmp_product__1_i_14                 | CLB.LUT.LUT6           |
    | k1_vertex_transform_U0/grp_k1_vertex_transform_Pipeline_VITIS_LOOP_10_1_fu_263/mul_32s_32s_64_1_1_U4/tmp_product__1/DSP_A_B_DATA_INST    | ARITHMETIC.DSP.DSP48E2 |
    | k1_vertex_transform_U0/grp_k1_vertex_transform_Pipeline_VITIS_LOOP_10_1_fu_263/mul_32s_32s_64_1_1_U4/tmp_product__1/DSP_PREADD_DATA_INST | ARITHMETIC.DSP.DSP48E2 |
    | k1_vertex_transform_U0/grp_k1_vertex_transform_Pipeline_VITIS_LOOP_10_1_fu_263/mul_32s_32s_64_1_1_U4/tmp_product__1/DSP_MULTIPLIER_INST  | ARITHMETIC.DSP.DSP48E2 |
    | k1_vertex_transform_U0/grp_k1_vertex_transform_Pipeline_VITIS_LOOP_10_1_fu_263/mul_32s_32s_64_1_1_U4/tmp_product__1/DSP_M_DATA_INST      | ARITHMETIC.DSP.DSP48E2 |
    | k1_vertex_transform_U0/grp_k1_vertex_transform_Pipeline_VITIS_LOOP_10_1_fu_263/mul_32s_32s_64_1_1_U4/tmp_product__1/DSP_ALU_INST         | ARITHMETIC.DSP.DSP48E2 |
    | k1_vertex_transform_U0/grp_k1_vertex_transform_Pipeline_VITIS_LOOP_10_1_fu_263/mul_32s_32s_64_1_1_U4/tmp_product__1/DSP_OUTPUT_INST      | ARITHMETIC.DSP.DSP48E2 |
    | k1_vertex_transform_U0/grp_k1_vertex_transform_Pipeline_VITIS_LOOP_10_1_fu_263/mul_32s_32s_64_1_1_U4/tmp_product__2/DSP_ALU_INST         | ARITHMETIC.DSP.DSP48E2 |
    | k1_vertex_transform_U0/grp_k1_vertex_transform_Pipeline_VITIS_LOOP_10_1_fu_263/mul_32s_32s_64_1_1_U4/tmp_product__2/DSP_OUTPUT_INST      | ARITHMETIC.DSP.DSP48E2 |
    | k1_vertex_transform_U0/grp_k1_vertex_transform_Pipeline_VITIS_LOOP_10_1_fu_263/mul_32s_32s_64_1_1_U4/tmp_product_carry__0_i_8__1         | CLB.LUT.LUT2           |
    | k1_vertex_transform_U0/grp_k1_vertex_transform_Pipeline_VITIS_LOOP_10_1_fu_263/mul_32s_32s_64_1_1_U4/tmp_product_carry__0                | CLB.CARRY.CARRY8       |
    | k1_vertex_transform_U0/grp_k1_vertex_transform_Pipeline_VITIS_LOOP_10_1_fu_263/mul_32s_32s_64_1_1_U4/tmp_product_carry__1                | CLB.CARRY.CARRY8       |
    | k1_vertex_transform_U0/grp_k1_vertex_transform_Pipeline_VITIS_LOOP_10_1_fu_263/mul_32s_32s_64_1_1_U4/add_ln22_1_reg_5017[39]_i_2         | CLB.LUT.LUT3           |
    | k1_vertex_transform_U0/grp_k1_vertex_transform_Pipeline_VITIS_LOOP_10_1_fu_263/mul_32s_32s_64_1_1_U4/add_ln22_1_reg_5017[39]_i_10        | CLB.LUT.LUT4           |
    | k1_vertex_transform_U0/grp_k1_vertex_transform_Pipeline_VITIS_LOOP_10_1_fu_263/mul_32s_32s_64_1_1_U4/add_ln22_1_reg_5017_reg[39]_i_1     | CLB.CARRY.CARRY8       |
    | k1_vertex_transform_U0/grp_k1_vertex_transform_Pipeline_VITIS_LOOP_10_1_fu_263/mul_32s_32s_64_1_1_U4/add_ln22_1_reg_5017_reg[47]_i_1     | CLB.CARRY.CARRY8       |
    | k1_vertex_transform_U0/grp_k1_vertex_transform_Pipeline_VITIS_LOOP_10_1_fu_263/mul_32s_32s_64_1_1_U4/add_ln22_1_reg_5017_reg[55]_i_1     | CLB.CARRY.CARRY8       |
    | k1_vertex_transform_U0/grp_k1_vertex_transform_Pipeline_VITIS_LOOP_10_1_fu_263/mul_32s_32s_64_1_1_U4/add_ln22_1_reg_5017_reg[63]_i_1     | CLB.CARRY.CARRY8       |
    | k1_vertex_transform_U0/grp_k1_vertex_transform_Pipeline_VITIS_LOOP_10_1_fu_263/add_ln21_5_reg_5111_reg[61]                               | REGISTER.SDR.FDRE      |
    | k1_vertex_transform_U0/grp_k1_vertex_transform_Pipeline_VITIS_LOOP_10_1_fu_263/shl_ln_reg_4831_reg[8]_rep__0                             | REGISTER.SDR.FDRE      |
    | k1_vertex_transform_U0/grp_k1_vertex_transform_Pipeline_VITIS_LOOP_10_1_fu_263/mul_32s_32s_64_1_1_U3/verts_w_reg_4913[11]_i_11           | CLB.LUT.LUT6           |
    | k1_vertex_transform_U0/grp_k1_vertex_transform_Pipeline_VITIS_LOOP_10_1_fu_263/mul_32s_32s_64_1_1_U5/verts_w_reg_4913[11]_i_5            | CLB.LUT.LUT3           |
    | k1_vertex_transform_U0/grp_k1_vertex_transform_Pipeline_VITIS_LOOP_10_1_fu_263/mul_32s_32s_64_1_1_U5/sext_ln20_1_reg_4925[27]_i_4        | CLB.LUT.LUT5           |
    | k1_vertex_transform_U0/grp_k1_vertex_transform_Pipeline_VITIS_LOOP_10_1_fu_263/mul_32s_32s_64_1_1_U4/sext_ln20_1_reg_4925[11]_i_2        | CLB.LUT.LUT6           |
    | k1_vertex_transform_U0/grp_k1_vertex_transform_Pipeline_VITIS_LOOP_10_1_fu_263/mul_32s_32s_64_1_1_U4/sext_ln20_1_reg_4925[3]_i_1         | CLB.LUT.LUT3           |
    | k1_vertex_transform_U0/grp_k1_vertex_transform_Pipeline_VITIS_LOOP_10_1_fu_263/mul_32s_32s_64_1_1_U4/tmp_product__1_i_71                 | CLB.LUT.LUT6           |
    | k1_vertex_transform_U0/grp_k1_vertex_transform_Pipeline_VITIS_LOOP_10_1_fu_263/mul_32s_32s_64_1_1_U4/tmp_product__1_i_14                 | CLB.LUT.LUT6           |
    | k1_vertex_transform_U0/grp_k1_vertex_transform_Pipeline_VITIS_LOOP_10_1_fu_263/mul_32s_32s_64_1_1_U4/tmp_product__1/DSP_A_B_DATA_INST    | ARITHMETIC.DSP.DSP48E2 |
    | k1_vertex_transform_U0/grp_k1_vertex_transform_Pipeline_VITIS_LOOP_10_1_fu_263/mul_32s_32s_64_1_1_U4/tmp_product__1/DSP_PREADD_DATA_INST | ARITHMETIC.DSP.DSP48E2 |
    | k1_vertex_transform_U0/grp_k1_vertex_transform_Pipeline_VITIS_LOOP_10_1_fu_263/mul_32s_32s_64_1_1_U4/tmp_product__1/DSP_MULTIPLIER_INST  | ARITHMETIC.DSP.DSP48E2 |
    | k1_vertex_transform_U0/grp_k1_vertex_transform_Pipeline_VITIS_LOOP_10_1_fu_263/mul_32s_32s_64_1_1_U4/tmp_product__1/DSP_M_DATA_INST      | ARITHMETIC.DSP.DSP48E2 |
    | k1_vertex_transform_U0/grp_k1_vertex_transform_Pipeline_VITIS_LOOP_10_1_fu_263/mul_32s_32s_64_1_1_U4/tmp_product__1/DSP_ALU_INST         | ARITHMETIC.DSP.DSP48E2 |
    | k1_vertex_transform_U0/grp_k1_vertex_transform_Pipeline_VITIS_LOOP_10_1_fu_263/mul_32s_32s_64_1_1_U4/tmp_product__1/DSP_OUTPUT_INST      | ARITHMETIC.DSP.DSP48E2 |
    | k1_vertex_transform_U0/grp_k1_vertex_transform_Pipeline_VITIS_LOOP_10_1_fu_263/mul_32s_32s_64_1_1_U4/tmp_product__2/DSP_ALU_INST         | ARITHMETIC.DSP.DSP48E2 |
    | k1_vertex_transform_U0/grp_k1_vertex_transform_Pipeline_VITIS_LOOP_10_1_fu_263/mul_32s_32s_64_1_1_U4/tmp_product__2/DSP_OUTPUT_INST      | ARITHMETIC.DSP.DSP48E2 |
    | k1_vertex_transform_U0/grp_k1_vertex_transform_Pipeline_VITIS_LOOP_10_1_fu_263/mul_32s_32s_64_1_1_U4/tmp_product_carry__0_i_8__1         | CLB.LUT.LUT2           |
    | k1_vertex_transform_U0/grp_k1_vertex_transform_Pipeline_VITIS_LOOP_10_1_fu_263/mul_32s_32s_64_1_1_U4/tmp_product_carry__0                | CLB.CARRY.CARRY8       |
    | k1_vertex_transform_U0/grp_k1_vertex_transform_Pipeline_VITIS_LOOP_10_1_fu_263/mul_32s_32s_64_1_1_U4/tmp_product_carry__1                | CLB.CARRY.CARRY8       |
    | k1_vertex_transform_U0/grp_k1_vertex_transform_Pipeline_VITIS_LOOP_10_1_fu_263/mul_32s_32s_64_1_1_U4/add_ln22_1_reg_5017[39]_i_2         | CLB.LUT.LUT3           |
    | k1_vertex_transform_U0/grp_k1_vertex_transform_Pipeline_VITIS_LOOP_10_1_fu_263/mul_32s_32s_64_1_1_U4/add_ln22_1_reg_5017[39]_i_10        | CLB.LUT.LUT4           |
    | k1_vertex_transform_U0/grp_k1_vertex_transform_Pipeline_VITIS_LOOP_10_1_fu_263/mul_32s_32s_64_1_1_U4/add_ln22_1_reg_5017_reg[39]_i_1     | CLB.CARRY.CARRY8       |
    | k1_vertex_transform_U0/grp_k1_vertex_transform_Pipeline_VITIS_LOOP_10_1_fu_263/mul_32s_32s_64_1_1_U4/add_ln22_1_reg_5017_reg[47]_i_1     | CLB.CARRY.CARRY8       |
    | k1_vertex_transform_U0/grp_k1_vertex_transform_Pipeline_VITIS_LOOP_10_1_fu_263/mul_32s_32s_64_1_1_U4/add_ln22_1_reg_5017_reg[55]_i_1     | CLB.CARRY.CARRY8       |
    | k1_vertex_transform_U0/grp_k1_vertex_transform_Pipeline_VITIS_LOOP_10_1_fu_263/mul_32s_32s_64_1_1_U4/add_ln22_1_reg_5017_reg[63]_i_1     | CLB.CARRY.CARRY8       |
    | k1_vertex_transform_U0/grp_k1_vertex_transform_Pipeline_VITIS_LOOP_10_1_fu_263/add_ln22_1_reg_5017_reg[59]                               | REGISTER.SDR.FDRE      |
    +------------------------------------------------------------------------------------------------------------------------------------------+------------------------+

    +------------------------------------------------------------------------------------------------------------------------------------------+------------------------+
    | Path5 Cells                                                                                                                              | Primitive Type         |
    +------------------------------------------------------------------------------------------------------------------------------------------+------------------------+
    | k1_vertex_transform_U0/grp_k1_vertex_transform_Pipeline_VITIS_LOOP_10_1_fu_263/shl_ln_reg_4831_reg[8]_rep__0                             | REGISTER.SDR.FDRE      |
    | k1_vertex_transform_U0/grp_k1_vertex_transform_Pipeline_VITIS_LOOP_10_1_fu_263/mul_32s_32s_64_1_1_U3/verts_w_reg_4913[11]_i_11           | CLB.LUT.LUT6           |
    | k1_vertex_transform_U0/grp_k1_vertex_transform_Pipeline_VITIS_LOOP_10_1_fu_263/mul_32s_32s_64_1_1_U5/verts_w_reg_4913[11]_i_5            | CLB.LUT.LUT3           |
    | k1_vertex_transform_U0/grp_k1_vertex_transform_Pipeline_VITIS_LOOP_10_1_fu_263/mul_32s_32s_64_1_1_U5/sext_ln20_1_reg_4925[27]_i_4        | CLB.LUT.LUT5           |
    | k1_vertex_transform_U0/grp_k1_vertex_transform_Pipeline_VITIS_LOOP_10_1_fu_263/mul_32s_32s_64_1_1_U4/sext_ln20_1_reg_4925[11]_i_2        | CLB.LUT.LUT6           |
    | k1_vertex_transform_U0/grp_k1_vertex_transform_Pipeline_VITIS_LOOP_10_1_fu_263/mul_32s_32s_64_1_1_U4/sext_ln20_1_reg_4925[3]_i_1         | CLB.LUT.LUT3           |
    | k1_vertex_transform_U0/grp_k1_vertex_transform_Pipeline_VITIS_LOOP_10_1_fu_263/mul_32s_32s_64_1_1_U4/tmp_product__1_i_71                 | CLB.LUT.LUT6           |
    | k1_vertex_transform_U0/grp_k1_vertex_transform_Pipeline_VITIS_LOOP_10_1_fu_263/mul_32s_32s_64_1_1_U4/tmp_product__1_i_14                 | CLB.LUT.LUT6           |
    | k1_vertex_transform_U0/grp_k1_vertex_transform_Pipeline_VITIS_LOOP_10_1_fu_263/mul_32s_32s_64_1_1_U4/tmp_product__1/DSP_A_B_DATA_INST    | ARITHMETIC.DSP.DSP48E2 |
    | k1_vertex_transform_U0/grp_k1_vertex_transform_Pipeline_VITIS_LOOP_10_1_fu_263/mul_32s_32s_64_1_1_U4/tmp_product__1/DSP_PREADD_DATA_INST | ARITHMETIC.DSP.DSP48E2 |
    | k1_vertex_transform_U0/grp_k1_vertex_transform_Pipeline_VITIS_LOOP_10_1_fu_263/mul_32s_32s_64_1_1_U4/tmp_product__1/DSP_MULTIPLIER_INST  | ARITHMETIC.DSP.DSP48E2 |
    | k1_vertex_transform_U0/grp_k1_vertex_transform_Pipeline_VITIS_LOOP_10_1_fu_263/mul_32s_32s_64_1_1_U4/tmp_product__1/DSP_M_DATA_INST      | ARITHMETIC.DSP.DSP48E2 |
    | k1_vertex_transform_U0/grp_k1_vertex_transform_Pipeline_VITIS_LOOP_10_1_fu_263/mul_32s_32s_64_1_1_U4/tmp_product__1/DSP_ALU_INST         | ARITHMETIC.DSP.DSP48E2 |
    | k1_vertex_transform_U0/grp_k1_vertex_transform_Pipeline_VITIS_LOOP_10_1_fu_263/mul_32s_32s_64_1_1_U4/tmp_product__1/DSP_OUTPUT_INST      | ARITHMETIC.DSP.DSP48E2 |
    | k1_vertex_transform_U0/grp_k1_vertex_transform_Pipeline_VITIS_LOOP_10_1_fu_263/mul_32s_32s_64_1_1_U4/tmp_product__2/DSP_ALU_INST         | ARITHMETIC.DSP.DSP48E2 |
    | k1_vertex_transform_U0/grp_k1_vertex_transform_Pipeline_VITIS_LOOP_10_1_fu_263/mul_32s_32s_64_1_1_U4/tmp_product__2/DSP_OUTPUT_INST      | ARITHMETIC.DSP.DSP48E2 |
    | k1_vertex_transform_U0/grp_k1_vertex_transform_Pipeline_VITIS_LOOP_10_1_fu_263/mul_32s_32s_64_1_1_U4/tmp_product_carry__0_i_8__1         | CLB.LUT.LUT2           |
    | k1_vertex_transform_U0/grp_k1_vertex_transform_Pipeline_VITIS_LOOP_10_1_fu_263/mul_32s_32s_64_1_1_U4/tmp_product_carry__0                | CLB.CARRY.CARRY8       |
    | k1_vertex_transform_U0/grp_k1_vertex_transform_Pipeline_VITIS_LOOP_10_1_fu_263/mul_32s_32s_64_1_1_U4/tmp_product_carry__1                | CLB.CARRY.CARRY8       |
    | k1_vertex_transform_U0/grp_k1_vertex_transform_Pipeline_VITIS_LOOP_10_1_fu_263/mul_32s_32s_64_1_1_U4/add_ln22_1_reg_5017[39]_i_2         | CLB.LUT.LUT3           |
    | k1_vertex_transform_U0/grp_k1_vertex_transform_Pipeline_VITIS_LOOP_10_1_fu_263/mul_32s_32s_64_1_1_U4/add_ln22_1_reg_5017[39]_i_10        | CLB.LUT.LUT4           |
    | k1_vertex_transform_U0/grp_k1_vertex_transform_Pipeline_VITIS_LOOP_10_1_fu_263/mul_32s_32s_64_1_1_U4/add_ln22_1_reg_5017_reg[39]_i_1     | CLB.CARRY.CARRY8       |
    | k1_vertex_transform_U0/grp_k1_vertex_transform_Pipeline_VITIS_LOOP_10_1_fu_263/mul_32s_32s_64_1_1_U4/add_ln22_1_reg_5017_reg[47]_i_1     | CLB.CARRY.CARRY8       |
    | k1_vertex_transform_U0/grp_k1_vertex_transform_Pipeline_VITIS_LOOP_10_1_fu_263/mul_32s_32s_64_1_1_U4/add_ln22_1_reg_5017_reg[55]_i_1     | CLB.CARRY.CARRY8       |
    | k1_vertex_transform_U0/grp_k1_vertex_transform_Pipeline_VITIS_LOOP_10_1_fu_263/mul_32s_32s_64_1_1_U4/add_ln22_1_reg_5017_reg[63]_i_1     | CLB.CARRY.CARRY8       |
    | k1_vertex_transform_U0/grp_k1_vertex_transform_Pipeline_VITIS_LOOP_10_1_fu_263/add_ln22_1_reg_5017_reg[61]                               | REGISTER.SDR.FDRE      |
    | k1_vertex_transform_U0/grp_k1_vertex_transform_Pipeline_VITIS_LOOP_10_1_fu_263/shl_ln_reg_4831_reg[8]_rep__0                             | REGISTER.SDR.FDRE      |
    | k1_vertex_transform_U0/grp_k1_vertex_transform_Pipeline_VITIS_LOOP_10_1_fu_263/mul_32s_32s_64_1_1_U3/verts_w_reg_4913[11]_i_11           | CLB.LUT.LUT6           |
    | k1_vertex_transform_U0/grp_k1_vertex_transform_Pipeline_VITIS_LOOP_10_1_fu_263/mul_32s_32s_64_1_1_U5/verts_w_reg_4913[11]_i_5            | CLB.LUT.LUT3           |
    | k1_vertex_transform_U0/grp_k1_vertex_transform_Pipeline_VITIS_LOOP_10_1_fu_263/mul_32s_32s_64_1_1_U5/sext_ln20_1_reg_4925[27]_i_4        | CLB.LUT.LUT5           |
    | k1_vertex_transform_U0/grp_k1_vertex_transform_Pipeline_VITIS_LOOP_10_1_fu_263/mul_32s_32s_64_1_1_U4/sext_ln20_1_reg_4925[11]_i_2        | CLB.LUT.LUT6           |
    | k1_vertex_transform_U0/grp_k1_vertex_transform_Pipeline_VITIS_LOOP_10_1_fu_263/mul_32s_32s_64_1_1_U4/sext_ln20_1_reg_4925[3]_i_1         | CLB.LUT.LUT3           |
    | k1_vertex_transform_U0/grp_k1_vertex_transform_Pipeline_VITIS_LOOP_10_1_fu_263/mul_32s_32s_64_1_1_U4/tmp_product__1_i_71                 | CLB.LUT.LUT6           |
    | k1_vertex_transform_U0/grp_k1_vertex_transform_Pipeline_VITIS_LOOP_10_1_fu_263/mul_32s_32s_64_1_1_U4/tmp_product__1_i_14                 | CLB.LUT.LUT6           |
    | k1_vertex_transform_U0/grp_k1_vertex_transform_Pipeline_VITIS_LOOP_10_1_fu_263/mul_32s_32s_64_1_1_U4/tmp_product__1/DSP_A_B_DATA_INST    | ARITHMETIC.DSP.DSP48E2 |
    | k1_vertex_transform_U0/grp_k1_vertex_transform_Pipeline_VITIS_LOOP_10_1_fu_263/mul_32s_32s_64_1_1_U4/tmp_product__1/DSP_PREADD_DATA_INST | ARITHMETIC.DSP.DSP48E2 |
    | k1_vertex_transform_U0/grp_k1_vertex_transform_Pipeline_VITIS_LOOP_10_1_fu_263/mul_32s_32s_64_1_1_U4/tmp_product__1/DSP_MULTIPLIER_INST  | ARITHMETIC.DSP.DSP48E2 |
    | k1_vertex_transform_U0/grp_k1_vertex_transform_Pipeline_VITIS_LOOP_10_1_fu_263/mul_32s_32s_64_1_1_U4/tmp_product__1/DSP_M_DATA_INST      | ARITHMETIC.DSP.DSP48E2 |
    | k1_vertex_transform_U0/grp_k1_vertex_transform_Pipeline_VITIS_LOOP_10_1_fu_263/mul_32s_32s_64_1_1_U4/tmp_product__1/DSP_ALU_INST         | ARITHMETIC.DSP.DSP48E2 |
    | k1_vertex_transform_U0/grp_k1_vertex_transform_Pipeline_VITIS_LOOP_10_1_fu_263/mul_32s_32s_64_1_1_U4/tmp_product__1/DSP_OUTPUT_INST      | ARITHMETIC.DSP.DSP48E2 |
    | k1_vertex_transform_U0/grp_k1_vertex_transform_Pipeline_VITIS_LOOP_10_1_fu_263/mul_32s_32s_64_1_1_U4/tmp_product__2/DSP_ALU_INST         | ARITHMETIC.DSP.DSP48E2 |
    | k1_vertex_transform_U0/grp_k1_vertex_transform_Pipeline_VITIS_LOOP_10_1_fu_263/mul_32s_32s_64_1_1_U4/tmp_product__2/DSP_OUTPUT_INST      | ARITHMETIC.DSP.DSP48E2 |
    | k1_vertex_transform_U0/grp_k1_vertex_transform_Pipeline_VITIS_LOOP_10_1_fu_263/mul_32s_32s_64_1_1_U4/tmp_product_carry_i_3__1            | CLB.LUT.LUT2           |
    | k1_vertex_transform_U0/grp_k1_vertex_transform_Pipeline_VITIS_LOOP_10_1_fu_263/mul_32s_32s_64_1_1_U4/tmp_product_carry                   | CLB.CARRY.CARRY8       |
    | k1_vertex_transform_U0/grp_k1_vertex_transform_Pipeline_VITIS_LOOP_10_1_fu_263/mul_32s_32s_64_1_1_U4/tmp_product_carry__0                | CLB.CARRY.CARRY8       |
    | k1_vertex_transform_U0/grp_k1_vertex_transform_Pipeline_VITIS_LOOP_10_1_fu_263/mul_32s_32s_64_1_1_U5/add_ln20_1_reg_4939[31]_i_2         | CLB.LUT.LUT3           |
    | k1_vertex_transform_U0/grp_k1_vertex_transform_Pipeline_VITIS_LOOP_10_1_fu_263/mul_32s_32s_64_1_1_U5/add_ln20_1_reg_4939[31]_i_10        | CLB.LUT.LUT4           |
    | k1_vertex_transform_U0/grp_k1_vertex_transform_Pipeline_VITIS_LOOP_10_1_fu_263/mul_32s_32s_64_1_1_U5/add_ln20_1_reg_4939_reg[31]_i_1     | CLB.CARRY.CARRY8       |
    | k1_vertex_transform_U0/grp_k1_vertex_transform_Pipeline_VITIS_LOOP_10_1_fu_263/mul_32s_32s_64_1_1_U5/add_ln20_1_reg_4939_reg[39]_i_1     | CLB.CARRY.CARRY8       |
    | k1_vertex_transform_U0/grp_k1_vertex_transform_Pipeline_VITIS_LOOP_10_1_fu_263/mul_32s_32s_64_1_1_U5/add_ln20_1_reg_4939_reg[47]_i_1     | CLB.CARRY.CARRY8       |
    | k1_vertex_transform_U0/grp_k1_vertex_transform_Pipeline_VITIS_LOOP_10_1_fu_263/mul_32s_32s_64_1_1_U5/add_ln20_1_reg_4939_reg[55]_i_1     | CLB.CARRY.CARRY8       |
    | k1_vertex_transform_U0/grp_k1_vertex_transform_Pipeline_VITIS_LOOP_10_1_fu_263/add_ln20_1_reg_4939_reg[54]                               | REGISTER.SDR.FDRE      |
    | k1_vertex_transform_U0/grp_k1_vertex_transform_Pipeline_VITIS_LOOP_10_1_fu_263/shl_ln_reg_4831_reg[8]_rep__0                             | REGISTER.SDR.FDRE      |
    | k1_vertex_transform_U0/grp_k1_vertex_transform_Pipeline_VITIS_LOOP_10_1_fu_263/mul_32s_32s_64_1_1_U3/verts_w_reg_4913[11]_i_11           | CLB.LUT.LUT6           |
    | k1_vertex_transform_U0/grp_k1_vertex_transform_Pipeline_VITIS_LOOP_10_1_fu_263/mul_32s_32s_64_1_1_U5/verts_w_reg_4913[11]_i_5            | CLB.LUT.LUT3           |
    | k1_vertex_transform_U0/grp_k1_vertex_transform_Pipeline_VITIS_LOOP_10_1_fu_263/mul_32s_32s_64_1_1_U5/sext_ln20_1_reg_4925[27]_i_4        | CLB.LUT.LUT5           |
    | k1_vertex_transform_U0/grp_k1_vertex_transform_Pipeline_VITIS_LOOP_10_1_fu_263/mul_32s_32s_64_1_1_U4/sext_ln20_1_reg_4925[11]_i_2        | CLB.LUT.LUT6           |
    | k1_vertex_transform_U0/grp_k1_vertex_transform_Pipeline_VITIS_LOOP_10_1_fu_263/mul_32s_32s_64_1_1_U4/sext_ln20_1_reg_4925[3]_i_1         | CLB.LUT.LUT3           |
    | k1_vertex_transform_U0/grp_k1_vertex_transform_Pipeline_VITIS_LOOP_10_1_fu_263/mul_32s_32s_64_1_1_U4/tmp_product__1_i_71                 | CLB.LUT.LUT6           |
    | k1_vertex_transform_U0/grp_k1_vertex_transform_Pipeline_VITIS_LOOP_10_1_fu_263/mul_32s_32s_64_1_1_U4/tmp_product__1_i_14                 | CLB.LUT.LUT6           |
    | k1_vertex_transform_U0/grp_k1_vertex_transform_Pipeline_VITIS_LOOP_10_1_fu_263/mul_32s_32s_64_1_1_U4/tmp_product__1/DSP_A_B_DATA_INST    | ARITHMETIC.DSP.DSP48E2 |
    | k1_vertex_transform_U0/grp_k1_vertex_transform_Pipeline_VITIS_LOOP_10_1_fu_263/mul_32s_32s_64_1_1_U4/tmp_product__1/DSP_PREADD_DATA_INST | ARITHMETIC.DSP.DSP48E2 |
    | k1_vertex_transform_U0/grp_k1_vertex_transform_Pipeline_VITIS_LOOP_10_1_fu_263/mul_32s_32s_64_1_1_U4/tmp_product__1/DSP_MULTIPLIER_INST  | ARITHMETIC.DSP.DSP48E2 |
    | k1_vertex_transform_U0/grp_k1_vertex_transform_Pipeline_VITIS_LOOP_10_1_fu_263/mul_32s_32s_64_1_1_U4/tmp_product__1/DSP_M_DATA_INST      | ARITHMETIC.DSP.DSP48E2 |
    | k1_vertex_transform_U0/grp_k1_vertex_transform_Pipeline_VITIS_LOOP_10_1_fu_263/mul_32s_32s_64_1_1_U4/tmp_product__1/DSP_ALU_INST         | ARITHMETIC.DSP.DSP48E2 |
    | k1_vertex_transform_U0/grp_k1_vertex_transform_Pipeline_VITIS_LOOP_10_1_fu_263/mul_32s_32s_64_1_1_U4/tmp_product__1/DSP_OUTPUT_INST      | ARITHMETIC.DSP.DSP48E2 |
    | k1_vertex_transform_U0/grp_k1_vertex_transform_Pipeline_VITIS_LOOP_10_1_fu_263/mul_32s_32s_64_1_1_U4/tmp_product__2/DSP_ALU_INST         | ARITHMETIC.DSP.DSP48E2 |
    | k1_vertex_transform_U0/grp_k1_vertex_transform_Pipeline_VITIS_LOOP_10_1_fu_263/mul_32s_32s_64_1_1_U4/tmp_product__2/DSP_OUTPUT_INST      | ARITHMETIC.DSP.DSP48E2 |
    | k1_vertex_transform_U0/grp_k1_vertex_transform_Pipeline_VITIS_LOOP_10_1_fu_263/mul_32s_32s_64_1_1_U4/tmp_product_carry__0_i_8__1         | CLB.LUT.LUT2           |
    | k1_vertex_transform_U0/grp_k1_vertex_transform_Pipeline_VITIS_LOOP_10_1_fu_263/mul_32s_32s_64_1_1_U4/tmp_product_carry__0                | CLB.CARRY.CARRY8       |
    | k1_vertex_transform_U0/grp_k1_vertex_transform_Pipeline_VITIS_LOOP_10_1_fu_263/mul_32s_32s_64_1_1_U4/tmp_product_carry__1                | CLB.CARRY.CARRY8       |
    | k1_vertex_transform_U0/grp_k1_vertex_transform_Pipeline_VITIS_LOOP_10_1_fu_263/mul_32s_32s_64_1_1_U4/add_ln22_1_reg_5017[39]_i_2         | CLB.LUT.LUT3           |
    | k1_vertex_transform_U0/grp_k1_vertex_transform_Pipeline_VITIS_LOOP_10_1_fu_263/mul_32s_32s_64_1_1_U4/add_ln22_1_reg_5017[39]_i_10        | CLB.LUT.LUT4           |
    | k1_vertex_transform_U0/grp_k1_vertex_transform_Pipeline_VITIS_LOOP_10_1_fu_263/mul_32s_32s_64_1_1_U4/add_ln22_1_reg_5017_reg[39]_i_1     | CLB.CARRY.CARRY8       |
    | k1_vertex_transform_U0/grp_k1_vertex_transform_Pipeline_VITIS_LOOP_10_1_fu_263/mul_32s_32s_64_1_1_U4/add_ln22_1_reg_5017_reg[47]_i_1     | CLB.CARRY.CARRY8       |
    | k1_vertex_transform_U0/grp_k1_vertex_transform_Pipeline_VITIS_LOOP_10_1_fu_263/mul_32s_32s_64_1_1_U4/add_ln22_1_reg_5017_reg[55]_i_1     | CLB.CARRY.CARRY8       |
    | k1_vertex_transform_U0/grp_k1_vertex_transform_Pipeline_VITIS_LOOP_10_1_fu_263/mul_32s_32s_64_1_1_U4/add_ln22_1_reg_5017_reg[63]_i_1     | CLB.CARRY.CARRY8       |
    | k1_vertex_transform_U0/grp_k1_vertex_transform_Pipeline_VITIS_LOOP_10_1_fu_263/add_ln20_9_reg_5178_reg[61]                               | REGISTER.SDR.FDRE      |
    | k1_vertex_transform_U0/grp_k1_vertex_transform_Pipeline_VITIS_LOOP_10_1_fu_263/shl_ln_reg_4831_reg[8]_rep__0                             | REGISTER.SDR.FDRE      |
    | k1_vertex_transform_U0/grp_k1_vertex_transform_Pipeline_VITIS_LOOP_10_1_fu_263/mul_32s_32s_64_1_1_U3/verts_w_reg_4913[11]_i_11           | CLB.LUT.LUT6           |
    | k1_vertex_transform_U0/grp_k1_vertex_transform_Pipeline_VITIS_LOOP_10_1_fu_263/mul_32s_32s_64_1_1_U5/verts_w_reg_4913[11]_i_5            | CLB.LUT.LUT3           |
    | k1_vertex_transform_U0/grp_k1_vertex_transform_Pipeline_VITIS_LOOP_10_1_fu_263/mul_32s_32s_64_1_1_U5/sext_ln20_1_reg_4925[27]_i_4        | CLB.LUT.LUT5           |
    | k1_vertex_transform_U0/grp_k1_vertex_transform_Pipeline_VITIS_LOOP_10_1_fu_263/mul_32s_32s_64_1_1_U4/sext_ln20_1_reg_4925[11]_i_2        | CLB.LUT.LUT6           |
    | k1_vertex_transform_U0/grp_k1_vertex_transform_Pipeline_VITIS_LOOP_10_1_fu_263/mul_32s_32s_64_1_1_U4/sext_ln20_1_reg_4925[3]_i_1         | CLB.LUT.LUT3           |
    | k1_vertex_transform_U0/grp_k1_vertex_transform_Pipeline_VITIS_LOOP_10_1_fu_263/mul_32s_32s_64_1_1_U4/tmp_product__1_i_71                 | CLB.LUT.LUT6           |
    | k1_vertex_transform_U0/grp_k1_vertex_transform_Pipeline_VITIS_LOOP_10_1_fu_263/mul_32s_32s_64_1_1_U4/tmp_product__1_i_14                 | CLB.LUT.LUT6           |
    | k1_vertex_transform_U0/grp_k1_vertex_transform_Pipeline_VITIS_LOOP_10_1_fu_263/mul_32s_32s_64_1_1_U4/tmp_product__1/DSP_A_B_DATA_INST    | ARITHMETIC.DSP.DSP48E2 |
    | k1_vertex_transform_U0/grp_k1_vertex_transform_Pipeline_VITIS_LOOP_10_1_fu_263/mul_32s_32s_64_1_1_U4/tmp_product__1/DSP_PREADD_DATA_INST | ARITHMETIC.DSP.DSP48E2 |
    | k1_vertex_transform_U0/grp_k1_vertex_transform_Pipeline_VITIS_LOOP_10_1_fu_263/mul_32s_32s_64_1_1_U4/tmp_product__1/DSP_MULTIPLIER_INST  | ARITHMETIC.DSP.DSP48E2 |
    | k1_vertex_transform_U0/grp_k1_vertex_transform_Pipeline_VITIS_LOOP_10_1_fu_263/mul_32s_32s_64_1_1_U4/tmp_product__1/DSP_M_DATA_INST      | ARITHMETIC.DSP.DSP48E2 |
    | k1_vertex_transform_U0/grp_k1_vertex_transform_Pipeline_VITIS_LOOP_10_1_fu_263/mul_32s_32s_64_1_1_U4/tmp_product__1/DSP_ALU_INST         | ARITHMETIC.DSP.DSP48E2 |
    | k1_vertex_transform_U0/grp_k1_vertex_transform_Pipeline_VITIS_LOOP_10_1_fu_263/mul_32s_32s_64_1_1_U4/tmp_product__1/DSP_OUTPUT_INST      | ARITHMETIC.DSP.DSP48E2 |
    | k1_vertex_transform_U0/grp_k1_vertex_transform_Pipeline_VITIS_LOOP_10_1_fu_263/mul_32s_32s_64_1_1_U4/tmp_product__2/DSP_ALU_INST         | ARITHMETIC.DSP.DSP48E2 |
    | k1_vertex_transform_U0/grp_k1_vertex_transform_Pipeline_VITIS_LOOP_10_1_fu_263/mul_32s_32s_64_1_1_U4/tmp_product__2/DSP_OUTPUT_INST      | ARITHMETIC.DSP.DSP48E2 |
    | k1_vertex_transform_U0/grp_k1_vertex_transform_Pipeline_VITIS_LOOP_10_1_fu_263/mul_32s_32s_64_1_1_U4/tmp_product_carry__0_i_8__1         | CLB.LUT.LUT2           |
    | k1_vertex_transform_U0/grp_k1_vertex_transform_Pipeline_VITIS_LOOP_10_1_fu_263/mul_32s_32s_64_1_1_U4/tmp_product_carry__0                | CLB.CARRY.CARRY8       |
    | k1_vertex_transform_U0/grp_k1_vertex_transform_Pipeline_VITIS_LOOP_10_1_fu_263/mul_32s_32s_64_1_1_U4/tmp_product_carry__1                | CLB.CARRY.CARRY8       |
    | k1_vertex_transform_U0/grp_k1_vertex_transform_Pipeline_VITIS_LOOP_10_1_fu_263/mul_32s_32s_64_1_1_U4/add_ln22_1_reg_5017[39]_i_2         | CLB.LUT.LUT3           |
    | k1_vertex_transform_U0/grp_k1_vertex_transform_Pipeline_VITIS_LOOP_10_1_fu_263/mul_32s_32s_64_1_1_U4/add_ln22_1_reg_5017[39]_i_10        | CLB.LUT.LUT4           |
    | k1_vertex_transform_U0/grp_k1_vertex_transform_Pipeline_VITIS_LOOP_10_1_fu_263/mul_32s_32s_64_1_1_U4/add_ln22_1_reg_5017_reg[39]_i_1     | CLB.CARRY.CARRY8       |
    | k1_vertex_transform_U0/grp_k1_vertex_transform_Pipeline_VITIS_LOOP_10_1_fu_263/mul_32s_32s_64_1_1_U4/add_ln22_1_reg_5017_reg[47]_i_1     | CLB.CARRY.CARRY8       |
    | k1_vertex_transform_U0/grp_k1_vertex_transform_Pipeline_VITIS_LOOP_10_1_fu_263/mul_32s_32s_64_1_1_U4/add_ln22_1_reg_5017_reg[55]_i_1     | CLB.CARRY.CARRY8       |
    | k1_vertex_transform_U0/grp_k1_vertex_transform_Pipeline_VITIS_LOOP_10_1_fu_263/mul_32s_32s_64_1_1_U4/add_ln22_1_reg_5017_reg[63]_i_1     | CLB.CARRY.CARRY8       |
    | k1_vertex_transform_U0/grp_k1_vertex_transform_Pipeline_VITIS_LOOP_10_1_fu_263/add_ln21_5_reg_5111_reg[61]                               | REGISTER.SDR.FDRE      |
    | k1_vertex_transform_U0/grp_k1_vertex_transform_Pipeline_VITIS_LOOP_10_1_fu_263/shl_ln_reg_4831_reg[8]_rep__0                             | REGISTER.SDR.FDRE      |
    | k1_vertex_transform_U0/grp_k1_vertex_transform_Pipeline_VITIS_LOOP_10_1_fu_263/mul_32s_32s_64_1_1_U3/verts_w_reg_4913[11]_i_11           | CLB.LUT.LUT6           |
    | k1_vertex_transform_U0/grp_k1_vertex_transform_Pipeline_VITIS_LOOP_10_1_fu_263/mul_32s_32s_64_1_1_U5/verts_w_reg_4913[11]_i_5            | CLB.LUT.LUT3           |
    | k1_vertex_transform_U0/grp_k1_vertex_transform_Pipeline_VITIS_LOOP_10_1_fu_263/mul_32s_32s_64_1_1_U5/sext_ln20_1_reg_4925[27]_i_4        | CLB.LUT.LUT5           |
    | k1_vertex_transform_U0/grp_k1_vertex_transform_Pipeline_VITIS_LOOP_10_1_fu_263/mul_32s_32s_64_1_1_U4/sext_ln20_1_reg_4925[11]_i_2        | CLB.LUT.LUT6           |
    | k1_vertex_transform_U0/grp_k1_vertex_transform_Pipeline_VITIS_LOOP_10_1_fu_263/mul_32s_32s_64_1_1_U4/sext_ln20_1_reg_4925[3]_i_1         | CLB.LUT.LUT3           |
    | k1_vertex_transform_U0/grp_k1_vertex_transform_Pipeline_VITIS_LOOP_10_1_fu_263/mul_32s_32s_64_1_1_U4/tmp_product__1_i_71                 | CLB.LUT.LUT6           |
    | k1_vertex_transform_U0/grp_k1_vertex_transform_Pipeline_VITIS_LOOP_10_1_fu_263/mul_32s_32s_64_1_1_U4/tmp_product__1_i_14                 | CLB.LUT.LUT6           |
    | k1_vertex_transform_U0/grp_k1_vertex_transform_Pipeline_VITIS_LOOP_10_1_fu_263/mul_32s_32s_64_1_1_U4/tmp_product__1/DSP_A_B_DATA_INST    | ARITHMETIC.DSP.DSP48E2 |
    | k1_vertex_transform_U0/grp_k1_vertex_transform_Pipeline_VITIS_LOOP_10_1_fu_263/mul_32s_32s_64_1_1_U4/tmp_product__1/DSP_PREADD_DATA_INST | ARITHMETIC.DSP.DSP48E2 |
    | k1_vertex_transform_U0/grp_k1_vertex_transform_Pipeline_VITIS_LOOP_10_1_fu_263/mul_32s_32s_64_1_1_U4/tmp_product__1/DSP_MULTIPLIER_INST  | ARITHMETIC.DSP.DSP48E2 |
    | k1_vertex_transform_U0/grp_k1_vertex_transform_Pipeline_VITIS_LOOP_10_1_fu_263/mul_32s_32s_64_1_1_U4/tmp_product__1/DSP_M_DATA_INST      | ARITHMETIC.DSP.DSP48E2 |
    | k1_vertex_transform_U0/grp_k1_vertex_transform_Pipeline_VITIS_LOOP_10_1_fu_263/mul_32s_32s_64_1_1_U4/tmp_product__1/DSP_ALU_INST         | ARITHMETIC.DSP.DSP48E2 |
    | k1_vertex_transform_U0/grp_k1_vertex_transform_Pipeline_VITIS_LOOP_10_1_fu_263/mul_32s_32s_64_1_1_U4/tmp_product__1/DSP_OUTPUT_INST      | ARITHMETIC.DSP.DSP48E2 |
    | k1_vertex_transform_U0/grp_k1_vertex_transform_Pipeline_VITIS_LOOP_10_1_fu_263/mul_32s_32s_64_1_1_U4/tmp_product__2/DSP_ALU_INST         | ARITHMETIC.DSP.DSP48E2 |
    | k1_vertex_transform_U0/grp_k1_vertex_transform_Pipeline_VITIS_LOOP_10_1_fu_263/mul_32s_32s_64_1_1_U4/tmp_product__2/DSP_OUTPUT_INST      | ARITHMETIC.DSP.DSP48E2 |
    | k1_vertex_transform_U0/grp_k1_vertex_transform_Pipeline_VITIS_LOOP_10_1_fu_263/mul_32s_32s_64_1_1_U4/tmp_product_carry__0_i_8__1         | CLB.LUT.LUT2           |
    | k1_vertex_transform_U0/grp_k1_vertex_transform_Pipeline_VITIS_LOOP_10_1_fu_263/mul_32s_32s_64_1_1_U4/tmp_product_carry__0                | CLB.CARRY.CARRY8       |
    | k1_vertex_transform_U0/grp_k1_vertex_transform_Pipeline_VITIS_LOOP_10_1_fu_263/mul_32s_32s_64_1_1_U4/tmp_product_carry__1                | CLB.CARRY.CARRY8       |
    | k1_vertex_transform_U0/grp_k1_vertex_transform_Pipeline_VITIS_LOOP_10_1_fu_263/mul_32s_32s_64_1_1_U4/add_ln22_1_reg_5017[39]_i_2         | CLB.LUT.LUT3           |
    | k1_vertex_transform_U0/grp_k1_vertex_transform_Pipeline_VITIS_LOOP_10_1_fu_263/mul_32s_32s_64_1_1_U4/add_ln22_1_reg_5017[39]_i_10        | CLB.LUT.LUT4           |
    | k1_vertex_transform_U0/grp_k1_vertex_transform_Pipeline_VITIS_LOOP_10_1_fu_263/mul_32s_32s_64_1_1_U4/add_ln22_1_reg_5017_reg[39]_i_1     | CLB.CARRY.CARRY8       |
    | k1_vertex_transform_U0/grp_k1_vertex_transform_Pipeline_VITIS_LOOP_10_1_fu_263/mul_32s_32s_64_1_1_U4/add_ln22_1_reg_5017_reg[47]_i_1     | CLB.CARRY.CARRY8       |
    | k1_vertex_transform_U0/grp_k1_vertex_transform_Pipeline_VITIS_LOOP_10_1_fu_263/mul_32s_32s_64_1_1_U4/add_ln22_1_reg_5017_reg[55]_i_1     | CLB.CARRY.CARRY8       |
    | k1_vertex_transform_U0/grp_k1_vertex_transform_Pipeline_VITIS_LOOP_10_1_fu_263/mul_32s_32s_64_1_1_U4/add_ln22_1_reg_5017_reg[63]_i_1     | CLB.CARRY.CARRY8       |
    | k1_vertex_transform_U0/grp_k1_vertex_transform_Pipeline_VITIS_LOOP_10_1_fu_263/add_ln22_1_reg_5017_reg[59]                               | REGISTER.SDR.FDRE      |
    +------------------------------------------------------------------------------------------------------------------------------------------+------------------------+


================================================================
== Place & Route Vivado Reports
================================================================
+--------------------------+--------------------------------------------------------------------+
| Report Type              | Report Location                                                    |
+--------------------------+--------------------------------------------------------------------+
| design_analysis          | impl/verilog/report/top_kernel_design_analysis_routed.rpt          |
| failfast                 | impl/verilog/report/top_kernel_failfast_routed.rpt                 |
| power                    | impl/verilog/report/top_kernel_power_routed.rpt                    |
| status                   | impl/verilog/report/top_kernel_status_routed.rpt                   |
| timing                   | impl/verilog/report/top_kernel_timing_routed.rpt                   |
| timing_paths             | impl/verilog/report/top_kernel_timing_paths_routed.rpt             |
| utilization              | impl/verilog/report/top_kernel_utilization_routed.rpt              |
| utilization_hierarchical | impl/verilog/report/top_kernel_utilization_hierarchical_routed.rpt |
+--------------------------+--------------------------------------------------------------------+


