  **** HLS Build v2025.1.1 6214317
Sourcing Tcl script '/nethome/shanda34/FPGA_ECE8893_SJH/2026_Spring/lab2/script.tcl'
INFO: [HLS 200-1510] Running: open_component project_1 
INFO: [HLS 200-10] Creating and opening component '/nethome/shanda34/FPGA_ECE8893_SJH/2026_Spring/lab2/project_1'.
INFO: [HLS 200-1505] Using default flow_target 'vivado'
Resolution: For help on HLS 200-1505 see docs.xilinx.com/access/sources/dita/topic?Doc_Version=2025.1%20English&url=ug1448-hls-guidance&resourceid=200-1505.html
INFO: [HLS 200-2176] Writing Vitis IDE component file /nethome/shanda34/FPGA_ECE8893_SJH/2026_Spring/lab2/project_1/vitis-comp.json
INFO: [HLS 200-1915] Writing HLS config ini file /nethome/shanda34/FPGA_ECE8893_SJH/2026_Spring/lab2/project_1/hls_config.cfg
INFO: [HLS 200-1510] Running: set_top top_kernel 
INFO: [HLS 200-1510] Running: add_files top.cpp 
INFO: [HLS 200-10] Adding design file 'top.cpp' to the project
INFO: [HLS 200-1510] Running: add_files -tb host.cpp 
INFO: [HLS 200-10] Adding test bench file 'host.cpp' to the project
INFO: [HLS 200-1510] Running: config_unroll -tripcount_threshold 0 
INFO: [XFORM 203-502] Automatic unrolling disabled.
INFO: [HLS 200-1510] Running: config_compile -pipeline_loops 0 
INFO: [HLS 200-1510] Running: set_part xczu3eg-sbva484-1-e 
INFO: [HLS 200-1611] Setting target device to 'xczu3eg-sbva484-1-e'
INFO: [HLS 200-1510] Running: csynth_design 
INFO: [HLS 200-1915] Writing HLS config ini file /nethome/shanda34/FPGA_ECE8893_SJH/2026_Spring/lab2/project_1/hls_config.cfg
INFO: [HLS 200-111] Finished File checks and directory preparation: CPU user time: 0.54 seconds. CPU system time: 0.13 seconds. Elapsed time: 8.21 seconds; current allocated memory: 0.000 MB.
INFO: [HLS 200-10] Analyzing design file 'top.cpp' ... 
INFO: [HLS 200-111] Finished Source Code Analysis and Preprocessing: CPU user time: 6.92 seconds. CPU system time: 1.1 seconds. Elapsed time: 8.18 seconds; current allocated memory: 0.000 MB.
INFO: [HLS 200-777] Using interface defaults for 'Vivado' flow target.
INFO: [HLS 200-1995] There were 6,897 instructions in the design after the 'Compile/Link' phase of compilation. See the Design Size Report for more details (/nethome/shanda34/FPGA_ECE8893_SJH/2026_Spring/lab2/project_1/hls/syn/report/csynth_design_size.rpt:2)
INFO: [HLS 200-1995] There were 810 instructions in the design after the 'Unroll/Inline (step 1)' phase of compilation. See the Design Size Report for more details (/nethome/shanda34/FPGA_ECE8893_SJH/2026_Spring/lab2/project_1/hls/syn/report/csynth_design_size.rpt:2)
INFO: [HLS 200-1995] There were 426 instructions in the design after the 'Unroll/Inline (step 2)' phase of compilation. See the Design Size Report for more details (/nethome/shanda34/FPGA_ECE8893_SJH/2026_Spring/lab2/project_1/hls/syn/report/csynth_design_size.rpt:2)
INFO: [HLS 200-1995] There were 411 instructions in the design after the 'Unroll/Inline (step 3)' phase of compilation. See the Design Size Report for more details (/nethome/shanda34/FPGA_ECE8893_SJH/2026_Spring/lab2/project_1/hls/syn/report/csynth_design_size.rpt:2)
INFO: [HLS 200-1995] There were 383 instructions in the design after the 'Unroll/Inline (step 4)' phase of compilation. See the Design Size Report for more details (/nethome/shanda34/FPGA_ECE8893_SJH/2026_Spring/lab2/project_1/hls/syn/report/csynth_design_size.rpt:2)
INFO: [HLS 200-1995] There were 343 instructions in the design after the 'Array/Struct (step 1)' phase of compilation. See the Design Size Report for more details (/nethome/shanda34/FPGA_ECE8893_SJH/2026_Spring/lab2/project_1/hls/syn/report/csynth_design_size.rpt:2)
INFO: [HLS 200-1995] There were 341 instructions in the design after the 'Array/Struct (step 2)' phase of compilation. See the Design Size Report for more details (/nethome/shanda34/FPGA_ECE8893_SJH/2026_Spring/lab2/project_1/hls/syn/report/csynth_design_size.rpt:2)
INFO: [HLS 200-1995] There were 346 instructions in the design after the 'Array/Struct (step 3)' phase of compilation. See the Design Size Report for more details (/nethome/shanda34/FPGA_ECE8893_SJH/2026_Spring/lab2/project_1/hls/syn/report/csynth_design_size.rpt:2)
INFO: [HLS 200-1995] There were 349 instructions in the design after the 'Array/Struct (step 4)' phase of compilation. See the Design Size Report for more details (/nethome/shanda34/FPGA_ECE8893_SJH/2026_Spring/lab2/project_1/hls/syn/report/csynth_design_size.rpt:2)
INFO: [HLS 200-1995] There were 367 instructions in the design after the 'Array/Struct (step 5)' phase of compilation. See the Design Size Report for more details (/nethome/shanda34/FPGA_ECE8893_SJH/2026_Spring/lab2/project_1/hls/syn/report/csynth_design_size.rpt:2)
INFO: [HLS 200-1995] There were 365 instructions in the design after the 'Performance (step 1)' phase of compilation. See the Design Size Report for more details (/nethome/shanda34/FPGA_ECE8893_SJH/2026_Spring/lab2/project_1/hls/syn/report/csynth_design_size.rpt:2)
INFO: [HLS 200-1995] There were 353 instructions in the design after the 'Performance (step 2)' phase of compilation. See the Design Size Report for more details (/nethome/shanda34/FPGA_ECE8893_SJH/2026_Spring/lab2/project_1/hls/syn/report/csynth_design_size.rpt:2)
INFO: [HLS 200-1995] There were 697 instructions in the design after the 'Performance (step 3)' phase of compilation. See the Design Size Report for more details (/nethome/shanda34/FPGA_ECE8893_SJH/2026_Spring/lab2/project_1/hls/syn/report/csynth_design_size.rpt:2)
INFO: [HLS 200-1995] There were 605 instructions in the design after the 'Performance (step 4)' phase of compilation. See the Design Size Report for more details (/nethome/shanda34/FPGA_ECE8893_SJH/2026_Spring/lab2/project_1/hls/syn/report/csynth_design_size.rpt:2)
INFO: [HLS 200-1995] There were 611 instructions in the design after the 'HW Transforms (step 1)' phase of compilation. See the Design Size Report for more details (/nethome/shanda34/FPGA_ECE8893_SJH/2026_Spring/lab2/project_1/hls/syn/report/csynth_design_size.rpt:2)
INFO: [HLS 200-1995] There were 655 instructions in the design after the 'HW Transforms (step 2)' phase of compilation. See the Design Size Report for more details (/nethome/shanda34/FPGA_ECE8893_SJH/2026_Spring/lab2/project_1/hls/syn/report/csynth_design_size.rpt:2)
INFO: [HLS 214-291] Loop 'VITIS_LOOP_77_8' is marked as complete unroll implied by the pipeline pragma (top.cpp:77:19)
INFO: [HLS 214-186] Unrolling loop 'VITIS_LOOP_77_8' (top.cpp:77:19) in function 'compute' completely with a factor of 3 (top.cpp:17:0)
INFO: [HLS 214-248] Applying array_partition to 'line_buf': Complete partitioning on dimension 1. (top.cpp:24:12)
INFO: [HLS 214-241] Aggregating maxi variable 'A_out' with compact=none mode in 32-bits
INFO: [HLS 214-241] Aggregating maxi variable 'A_in' with compact=none mode in 32-bits
INFO: [HLS 214-270] Inferring pragma 'array_partition type=cyclic factor=2 dim=1' for array 'bufferA' due to pipeline pragma (top.cpp:61:9)
INFO: [HLS 214-270] Inferring pragma 'array_partition type=cyclic factor=2 dim=2' for array 'bufferA' due to pipeline pragma (top.cpp:61:9)
INFO: [HLS 214-270] Inferring pragma 'array_partition type=cyclic factor=2 dim=1' for array 'bufferB' due to pipeline pragma (top.cpp:61:9)
INFO: [HLS 214-270] Inferring pragma 'array_partition type=cyclic factor=2 dim=2' for array 'bufferB' due to pipeline pragma (top.cpp:61:9)
INFO: [HLS 214-248] Applying array_partition to 'bufferA': Cyclic partitioning with factor 2 on dimension 1. Cyclic partitioning with factor 2 on dimension 2. (top.cpp:20:12)
INFO: [HLS 214-248] Applying array_partition to 'bufferB': Cyclic partitioning with factor 2 on dimension 1. Cyclic partitioning with factor 2 on dimension 2. (top.cpp:21:12)
WARNING: [HLS 214-142] Implementing stream: may cause mismatch if read and write accesses are not in sequential order on port 'grid_initial'
Resolution: For help on HLS 214-142 see docs.xilinx.com/access/sources/dita/topic?Doc_Version=2025.1%20English&url=ug1448-hls-guidance&resourceid=214-142.html
WARNING: [HLS 214-142] Implementing stream: may cause mismatch if read and write accesses are not in sequential order on port 'grid_final'
Resolution: For help on HLS 214-142 see docs.xilinx.com/access/sources/dita/topic?Doc_Version=2025.1%20English&url=ug1448-hls-guidance&resourceid=214-142.html
INFO: [HLS 214-115] Multiple burst reads of length 65536 and bit width 32 in loop 'VITIS_LOOP_7_1'(top.cpp:7:21) has been inferred on bundle 'A_in'. These burst requests might be further partitioned into multiple requests during RTL generation, based on max_read_burst_length or max_write_burst_length settings. (top.cpp:7:21)
INFO: [HLS 214-115] Multiple burst writes of length 65536 and bit width 32 in loop 'VITIS_LOOP_145_1'(top.cpp:145:23) has been inferred on bundle 'A_out'. These burst requests might be further partitioned into multiple requests during RTL generation, based on max_read_burst_length or max_write_burst_length settings. (top.cpp:145:23)
INFO: [HLS 200-111] Finished Compiling Optimization and Transform: CPU user time: 5.18 seconds. CPU system time: 1.06 seconds. Elapsed time: 9.93 seconds; current allocated memory: 0.000 MB.
INFO: [HLS 200-111] Finished Checking Pragmas: CPU user time: 0 seconds. CPU system time: 0 seconds. Elapsed time: 0 seconds; current allocated memory: 0.000 MB.
INFO: [HLS 200-10] Starting code transformations ...
INFO: [HLS 200-111] Finished Standard Transforms: CPU user time: 0.05 seconds. CPU system time: 0.01 seconds. Elapsed time: 0.07 seconds; current allocated memory: 0.000 MB.
INFO: [HLS 200-10] Checking synthesizability ...
INFO: [HLS 200-111] Finished Checking Synthesizability: CPU user time: 0.06 seconds. CPU system time: 0 seconds. Elapsed time: 0.07 seconds; current allocated memory: 0.000 MB.
INFO: [XFORM 203-712] Applying dataflow to function 'top_kernel' (top.cpp:156:1), detected/extracted 4 process function(s): 
	 'entry_proc'
	 'read_input'
	 'compute'
	 'write_output'.
INFO: [XFORM 203-401] Performing if-conversion on hyperblock from (top.cpp:73:48) to (top.cpp:102:28) in function 'compute'... converting 4 basic blocks.
INFO: [HLS 200-111] Finished Loop, function and other optimizations: CPU user time: 0.27 seconds. CPU system time: 0.04 seconds. Elapsed time: 0.32 seconds; current allocated memory: 0.000 MB.
INFO: [HLS 200-2061] Successfully converted nested loops 'VITIS_LOOP_34_1'(top.cpp:34:22) and 'VITIS_LOOP_35_2'(top.cpp:35:26) in function 'compute' into perfectly nested loops.
INFO: [HLS 200-2061] Successfully converted nested loops 'VITIS_LOOP_72_6'(top.cpp:72:26) and 'VITIS_LOOP_73_7'(top.cpp:73:30) in function 'compute' into perfectly nested loops.
INFO: [HLS 200-2061] Successfully converted nested loops 'VITIS_LOOP_133_9'(top.cpp:133:23) and 'VITIS_LOOP_134_10'(top.cpp:134:28) in function 'compute' into perfectly nested loops.
INFO: [XFORM 203-541] Flattening a loop nest 'VITIS_LOOP_145_1' (top.cpp:145:23) in function 'write_output'.
INFO: [XFORM 203-541] Flattening a loop nest 'VITIS_LOOP_34_1' (top.cpp:34:22) in function 'compute'.
INFO: [XFORM 203-541] Flattening a loop nest 'VITIS_LOOP_72_6' (top.cpp:72:26) in function 'compute'.
INFO: [XFORM 203-541] Flattening a loop nest 'VITIS_LOOP_133_9' (top.cpp:133:23) in function 'compute'.
INFO: [HLS 200-111] Finished Architecture Synthesis: CPU user time: 0.24 seconds. CPU system time: 0.06 seconds. Elapsed time: 0.3 seconds; current allocated memory: 0.000 MB.
INFO: [HLS 200-10] Starting hardware synthesis ...
INFO: [HLS 200-10] Synthesizing 'top_kernel' ...
INFO: [SYN 201-201] Setting up clock 'default' with a period of 10ns.
INFO: [HLS 200-10] ----------------------------------------------------------------
INFO: [HLS 200-42] -- Implementing module 'entry_proc' 
INFO: [HLS 200-10] ----------------------------------------------------------------
INFO: [SCHED 204-11] Starting scheduling ...
INFO: [SCHED 204-11] Finished scheduling.
INFO: [HLS 200-111] Finished Scheduling: CPU user time: 0.04 seconds. CPU system time: 0.06 seconds. Elapsed time: 0.12 seconds; current allocated memory: 0.000 MB.
INFO: [BIND 205-100] Starting micro-architecture generation ...
INFO: [BIND 205-101] Performing variable lifetime analysis.
INFO: [BIND 205-101] Exploring resource sharing.
INFO: [BIND 205-101] Binding ...
INFO: [BIND 205-100] Finished micro-architecture generation.
INFO: [HLS 200-111] Finished Binding: CPU user time: 0.03 seconds. CPU system time: 0.02 seconds. Elapsed time: 0.06 seconds; current allocated memory: 0.000 MB.
INFO: [HLS 200-10] ----------------------------------------------------------------
INFO: [HLS 200-42] -- Implementing module 'read_input' 
INFO: [HLS 200-10] ----------------------------------------------------------------
INFO: [SCHED 204-11] Starting scheduling ...
INFO: [SCHED 204-11] Finished scheduling.
INFO: [HLS 200-111] Finished Scheduling: CPU user time: 0.04 seconds. CPU system time: 0.01 seconds. Elapsed time: 0.05 seconds; current allocated memory: 0.000 MB.
INFO: [BIND 205-100] Starting micro-architecture generation ...
INFO: [BIND 205-101] Performing variable lifetime analysis.
INFO: [BIND 205-101] Exploring resource sharing.
INFO: [BIND 205-101] Binding ...
INFO: [BIND 205-100] Finished micro-architecture generation.
INFO: [HLS 200-111] Finished Binding: CPU user time: 0.02 seconds. CPU system time: 0 seconds. Elapsed time: 0.03 seconds; current allocated memory: 0.000 MB.
INFO: [HLS 200-10] ----------------------------------------------------------------
INFO: [HLS 200-42] -- Implementing module 'compute_Pipeline_VITIS_LOOP_34_1_VITIS_LOOP_35_2' 
INFO: [HLS 200-10] ----------------------------------------------------------------
INFO: [SCHED 204-11] Starting scheduling ...
INFO: [SCHED 204-61] Pipelining loop 'VITIS_LOOP_34_1_VITIS_LOOP_35_2'.
INFO: [HLS 200-1470] Pipelining result : Target II = 1, Final II = 1, Depth = 2, loop 'VITIS_LOOP_34_1_VITIS_LOOP_35_2'
INFO: [SCHED 204-11] Finished scheduling.
INFO: [HLS 200-111] Finished Scheduling: CPU user time: 0.06 seconds. CPU system time: 0 seconds. Elapsed time: 0.06 seconds; current allocated memory: 0.000 MB.
INFO: [BIND 205-100] Starting micro-architecture generation ...
INFO: [BIND 205-101] Performing variable lifetime analysis.
INFO: [BIND 205-101] Exploring resource sharing.
INFO: [BIND 205-101] Binding ...
INFO: [BIND 205-100] Finished micro-architecture generation.
INFO: [HLS 200-111] Finished Binding: CPU user time: 0.03 seconds. CPU system time: 0 seconds. Elapsed time: 0.04 seconds; current allocated memory: 0.000 MB.
INFO: [HLS 200-10] ----------------------------------------------------------------
INFO: [HLS 200-42] -- Implementing module 'compute_Pipeline_VITIS_LOOP_50_4' 
INFO: [HLS 200-10] ----------------------------------------------------------------
INFO: [SCHED 204-11] Starting scheduling ...
INFO: [SCHED 204-61] Pipelining loop 'VITIS_LOOP_50_4'.
INFO: [HLS 200-1470] Pipelining result : Target II = 1, Final II = 1, Depth = 2, loop 'VITIS_LOOP_50_4'
INFO: [SCHED 204-11] Finished scheduling.
INFO: [HLS 200-111] Finished Scheduling: CPU user time: 0.07 seconds. CPU system time: 0.01 seconds. Elapsed time: 0.1 seconds; current allocated memory: 0.000 MB.
INFO: [BIND 205-100] Starting micro-architecture generation ...
INFO: [BIND 205-101] Performing variable lifetime analysis.
INFO: [BIND 205-101] Exploring resource sharing.
INFO: [BIND 205-101] Binding ...
INFO: [BIND 205-100] Finished micro-architecture generation.
INFO: [HLS 200-111] Finished Binding: CPU user time: 0.03 seconds. CPU system time: 0.01 seconds. Elapsed time: 0.05 seconds; current allocated memory: 0.000 MB.
INFO: [HLS 200-10] ----------------------------------------------------------------
INFO: [HLS 200-42] -- Implementing module 'compute_Pipeline_VITIS_LOOP_60_5' 
INFO: [HLS 200-10] ----------------------------------------------------------------
INFO: [SCHED 204-11] Starting scheduling ...
INFO: [SCHED 204-61] Pipelining loop 'VITIS_LOOP_60_5'.
INFO: [HLS 200-1470] Pipelining result : Target II = 1, Final II = 1, Depth = 2, loop 'VITIS_LOOP_60_5'
INFO: [SCHED 204-11] Finished scheduling.
INFO: [HLS 200-111] Finished Scheduling: CPU user time: 0.07 seconds. CPU system time: 0 seconds. Elapsed time: 0.07 seconds; current allocated memory: 0.000 MB.
INFO: [BIND 205-100] Starting micro-architecture generation ...
INFO: [BIND 205-101] Performing variable lifetime analysis.
INFO: [BIND 205-101] Exploring resource sharing.
INFO: [BIND 205-101] Binding ...
INFO: [BIND 205-100] Finished micro-architecture generation.
INFO: [HLS 200-111] Finished Binding: CPU user time: 0.03 seconds. CPU system time: 0 seconds. Elapsed time: 0.04 seconds; current allocated memory: 0.000 MB.
INFO: [HLS 200-10] ----------------------------------------------------------------
INFO: [HLS 200-42] -- Implementing module 'compute_Pipeline_VITIS_LOOP_72_6_VITIS_LOOP_73_7' 
INFO: [HLS 200-10] ----------------------------------------------------------------
INFO: [SCHED 204-11] Starting scheduling ...
INFO: [SCHED 204-61] Pipelining loop 'VITIS_LOOP_72_6_VITIS_LOOP_73_7'.
INFO: [HLS 200-1470] Pipelining result : Target II = 1, Final II = 1, Depth = 5, loop 'VITIS_LOOP_72_6_VITIS_LOOP_73_7'
INFO: [SCHED 204-11] Finished scheduling.
INFO: [HLS 200-111] Finished Scheduling: CPU user time: 0.22 seconds. CPU system time: 0.01 seconds. Elapsed time: 0.23 seconds; current allocated memory: 0.000 MB.
INFO: [BIND 205-100] Starting micro-architecture generation ...
INFO: [BIND 205-101] Performing variable lifetime analysis.
INFO: [BIND 205-101] Exploring resource sharing.
INFO: [BIND 205-101] Binding ...
INFO: [BIND 205-100] Finished micro-architecture generation.
INFO: [HLS 200-111] Finished Binding: CPU user time: 0.06 seconds. CPU system time: 0 seconds. Elapsed time: 0.09 seconds; current allocated memory: 0.000 MB.
INFO: [HLS 200-10] ----------------------------------------------------------------
INFO: [HLS 200-42] -- Implementing module 'compute_Pipeline_VITIS_LOOP_133_9_VITIS_LOOP_134_10' 
INFO: [HLS 200-10] ----------------------------------------------------------------
INFO: [SCHED 204-11] Starting scheduling ...
INFO: [SCHED 204-61] Pipelining loop 'VITIS_LOOP_133_9_VITIS_LOOP_134_10'.
INFO: [HLS 200-1470] Pipelining result : Target II = 1, Final II = 1, Depth = 3, loop 'VITIS_LOOP_133_9_VITIS_LOOP_134_10'
INFO: [SCHED 204-11] Finished scheduling.
INFO: [HLS 200-111] Finished Scheduling: CPU user time: 0.11 seconds. CPU system time: 0.01 seconds. Elapsed time: 0.14 seconds; current allocated memory: 0.000 MB.
INFO: [BIND 205-100] Starting micro-architecture generation ...
INFO: [BIND 205-101] Performing variable lifetime analysis.
INFO: [BIND 205-101] Exploring resource sharing.
INFO: [BIND 205-101] Binding ...
INFO: [BIND 205-100] Finished micro-architecture generation.
INFO: [HLS 200-111] Finished Binding: CPU user time: 0.04 seconds. CPU system time: 0.02 seconds. Elapsed time: 0.07 seconds; current allocated memory: 0.000 MB.
INFO: [HLS 200-10] ----------------------------------------------------------------
INFO: [HLS 200-42] -- Implementing module 'compute' 
INFO: [HLS 200-10] ----------------------------------------------------------------
INFO: [SCHED 204-11] Starting scheduling ...
INFO: [SCHED 204-11] Finished scheduling.
INFO: [HLS 200-111] Finished Scheduling: CPU user time: 0.07 seconds. CPU system time: 0 seconds. Elapsed time: 0.15 seconds; current allocated memory: 0.000 MB.
INFO: [BIND 205-100] Starting micro-architecture generation ...
INFO: [BIND 205-101] Performing variable lifetime analysis.
INFO: [BIND 205-101] Exploring resource sharing.
INFO: [BIND 205-101] Binding ...
INFO: [BIND 205-100] Finished micro-architecture generation.
INFO: [HLS 200-111] Finished Binding: CPU user time: 0.03 seconds. CPU system time: 0 seconds. Elapsed time: 0.04 seconds; current allocated memory: 0.000 MB.
INFO: [HLS 200-10] ----------------------------------------------------------------
INFO: [HLS 200-42] -- Implementing module 'write_output' 
INFO: [HLS 200-10] ----------------------------------------------------------------
INFO: [SCHED 204-11] Starting scheduling ...
INFO: [SCHED 204-61] Pipelining loop 'VITIS_LOOP_145_1_VITIS_LOOP_146_2'.
INFO: [HLS 200-1470] Pipelining result : Target II = 1, Final II = 1, Depth = 9, loop 'VITIS_LOOP_145_1_VITIS_LOOP_146_2'
INFO: [SCHED 204-11] Finished scheduling.
INFO: [HLS 200-111] Finished Scheduling: CPU user time: 0.06 seconds. CPU system time: 0 seconds. Elapsed time: 0.06 seconds; current allocated memory: 0.000 MB.
INFO: [BIND 205-100] Starting micro-architecture generation ...
INFO: [BIND 205-101] Performing variable lifetime analysis.
INFO: [BIND 205-101] Exploring resource sharing.
INFO: [BIND 205-101] Binding ...
INFO: [BIND 205-100] Finished micro-architecture generation.
INFO: [HLS 200-111] Finished Binding: CPU user time: 0.03 seconds. CPU system time: 0 seconds. Elapsed time: 0.04 seconds; current allocated memory: 0.000 MB.
INFO: [HLS 200-10] ----------------------------------------------------------------
INFO: [HLS 200-42] -- Implementing module 'top_kernel' 
INFO: [HLS 200-10] ----------------------------------------------------------------
INFO: [SCHED 204-11] Starting scheduling ...
INFO: [SCHED 204-11] Finished scheduling.
WARNING: [HLS 200-1020] Increasing the depth of FIFO start_for_write_output_U0 (from entry_proc_U0 to write_output_U0) to 3 to improve performance and/or avoid deadlocks.
INFO: [HLS 200-111] Finished Scheduling: CPU user time: 0.05 seconds. CPU system time: 0.04 seconds. Elapsed time: 0.1 seconds; current allocated memory: 0.000 MB.
INFO: [BIND 205-100] Starting micro-architecture generation ...
INFO: [BIND 205-101] Performing variable lifetime analysis.
INFO: [BIND 205-101] Exploring resource sharing.
INFO: [BIND 205-101] Binding ...
INFO: [BIND 205-100] Finished micro-architecture generation.
INFO: [HLS 200-111] Finished Binding: CPU user time: 0.04 seconds. CPU system time: 0.01 seconds. Elapsed time: 0.05 seconds; current allocated memory: 0.000 MB.
INFO: [HLS 200-10] ----------------------------------------------------------------
INFO: [HLS 200-10] -- Generating RTL for module 'entry_proc' 
INFO: [HLS 200-10] ----------------------------------------------------------------
INFO: [RTGEN 206-100] Finished creating RTL model for 'entry_proc'.
INFO: [HLS 200-111] Finished Creating RTL model: CPU user time: 0.04 seconds. CPU system time: 0.01 seconds. Elapsed time: 0.06 seconds; current allocated memory: 0.000 MB.
INFO: [HLS 200-10] ----------------------------------------------------------------
INFO: [HLS 200-10] -- Generating RTL for module 'read_input' 
INFO: [HLS 200-10] ----------------------------------------------------------------
INFO: [RTGEN 206-100] Finished creating RTL model for 'read_input'.
INFO: [HLS 200-111] Finished Creating RTL model: CPU user time: 0.09 seconds. CPU system time: 0.01 seconds. Elapsed time: 0.48 seconds; current allocated memory: 0.000 MB.
INFO: [HLS 200-10] ----------------------------------------------------------------
INFO: [HLS 200-10] -- Generating RTL for module 'compute_Pipeline_VITIS_LOOP_34_1_VITIS_LOOP_35_2' 
INFO: [HLS 200-10] ----------------------------------------------------------------
INFO: [HLS 200-1030] Apply Unified Pipeline Control on module 'compute_Pipeline_VITIS_LOOP_34_1_VITIS_LOOP_35_2' pipeline 'VITIS_LOOP_34_1_VITIS_LOOP_35_2' pipeline type 'loop pipeline'
INFO: [RTGEN 206-100] Finished creating RTL model for 'compute_Pipeline_VITIS_LOOP_34_1_VITIS_LOOP_35_2'.
INFO: [HLS 200-111] Finished Creating RTL model: CPU user time: 0.17 seconds. CPU system time: 0.02 seconds. Elapsed time: 0.22 seconds; current allocated memory: 0.000 MB.
INFO: [HLS 200-10] ----------------------------------------------------------------
INFO: [HLS 200-10] -- Generating RTL for module 'compute_Pipeline_VITIS_LOOP_50_4' 
INFO: [HLS 200-10] ----------------------------------------------------------------
INFO: [HLS 200-1030] Apply Unified Pipeline Control on module 'compute_Pipeline_VITIS_LOOP_50_4' pipeline 'VITIS_LOOP_50_4' pipeline type 'loop pipeline'
INFO: [RTGEN 206-100] Finished creating RTL model for 'compute_Pipeline_VITIS_LOOP_50_4'.
INFO: [HLS 200-111] Finished Creating RTL model: CPU user time: 0.12 seconds. CPU system time: 0.01 seconds. Elapsed time: 0.15 seconds; current allocated memory: 0.000 MB.
INFO: [HLS 200-10] ----------------------------------------------------------------
INFO: [HLS 200-10] -- Generating RTL for module 'compute_Pipeline_VITIS_LOOP_60_5' 
INFO: [HLS 200-10] ----------------------------------------------------------------
INFO: [HLS 200-1030] Apply Unified Pipeline Control on module 'compute_Pipeline_VITIS_LOOP_60_5' pipeline 'VITIS_LOOP_60_5' pipeline type 'loop pipeline'
INFO: [RTGEN 206-100] Finished creating RTL model for 'compute_Pipeline_VITIS_LOOP_60_5'.
INFO: [HLS 200-111] Finished Creating RTL model: CPU user time: 0.1 seconds. CPU system time: 0.01 seconds. Elapsed time: 0.14 seconds; current allocated memory: 0.000 MB.
INFO: [HLS 200-10] ----------------------------------------------------------------
INFO: [HLS 200-10] -- Generating RTL for module 'compute_Pipeline_VITIS_LOOP_72_6_VITIS_LOOP_73_7' 
INFO: [HLS 200-10] ----------------------------------------------------------------
INFO: [HLS 200-1030] Apply Unified Pipeline Control on module 'compute_Pipeline_VITIS_LOOP_72_6_VITIS_LOOP_73_7' pipeline 'VITIS_LOOP_72_6_VITIS_LOOP_73_7' pipeline type 'loop pipeline'
INFO: [RTGEN 206-100] Generating core module 'mul_39s_24ns_63_1_1': 1 instance(s).
INFO: [RTGEN 206-100] Generating core module 'mul_39s_26ns_65_1_1': 1 instance(s).
INFO: [RTGEN 206-100] Finished creating RTL model for 'compute_Pipeline_VITIS_LOOP_72_6_VITIS_LOOP_73_7'.
INFO: [RTMG 210-278] Implementing memory 'top_kernel_compute_Pipeline_VITIS_LOOP_72_6_VITIS_LOOP_73_7_line_buf_1_RAM_AUTO_1R1W' using auto RAMs.
INFO: [HLS 200-111] Finished Creating RTL model: CPU user time: 0.14 seconds. CPU system time: 0.02 seconds. Elapsed time: 0.19 seconds; current allocated memory: 0.000 MB.
INFO: [HLS 200-10] ----------------------------------------------------------------
INFO: [HLS 200-10] -- Generating RTL for module 'compute_Pipeline_VITIS_LOOP_133_9_VITIS_LOOP_134_10' 
INFO: [HLS 200-10] ----------------------------------------------------------------
INFO: [HLS 200-1030] Apply Unified Pipeline Control on module 'compute_Pipeline_VITIS_LOOP_133_9_VITIS_LOOP_134_10' pipeline 'VITIS_LOOP_133_9_VITIS_LOOP_134_10' pipeline type 'loop pipeline'
INFO: [RTGEN 206-100] Finished creating RTL model for 'compute_Pipeline_VITIS_LOOP_133_9_VITIS_LOOP_134_10'.
INFO: [HLS 200-111] Finished Creating RTL model: CPU user time: 0.24 seconds. CPU system time: 0.03 seconds. Elapsed time: 0.3 seconds; current allocated memory: 0.000 MB.
INFO: [HLS 200-10] ----------------------------------------------------------------
INFO: [HLS 200-10] -- Generating RTL for module 'compute' 
INFO: [HLS 200-10] ----------------------------------------------------------------
INFO: [RTGEN 206-100] Finished creating RTL model for 'compute'.
INFO: [RTMG 210-278] Implementing memory 'top_kernel_compute_bufferA_RAM_AUTO_1R1W' using auto RAMs.
INFO: [RTMG 210-278] Implementing memory 'top_kernel_compute_bufferB_RAM_AUTO_1R1W' using auto RAMs.
INFO: [HLS 200-111] Finished Creating RTL model: CPU user time: 0.1 seconds. CPU system time: 0.02 seconds. Elapsed time: 0.14 seconds; current allocated memory: 0.000 MB.
INFO: [HLS 200-10] ----------------------------------------------------------------
INFO: [HLS 200-10] -- Generating RTL for module 'write_output' 
INFO: [HLS 200-10] ----------------------------------------------------------------
INFO: [HLS 200-1030] Apply Unified Pipeline Control on module 'write_output' pipeline 'VITIS_LOOP_145_1_VITIS_LOOP_146_2' pipeline type 'loop pipeline'
INFO: [RTGEN 206-100] Finished creating RTL model for 'write_output'.
INFO: [HLS 200-111] Finished Creating RTL model: CPU user time: 0.11 seconds. CPU system time: 0.01 seconds. Elapsed time: 0.14 seconds; current allocated memory: 0.000 MB.
INFO: [HLS 200-10] ----------------------------------------------------------------
INFO: [HLS 200-10] -- Generating RTL for module 'top_kernel' 
INFO: [HLS 200-10] ----------------------------------------------------------------
WARNING: [RTGEN 206-101] Design contains AXI ports. Reset is fixed to synchronous and active low.
INFO: [RTGEN 206-500] Setting interface mode on port 'top_kernel/A_in' to 'm_axi'.
INFO: [RTGEN 206-500] Setting interface mode on port 'top_kernel/A_out' to 'm_axi'.
INFO: [RTGEN 206-500] Setting interface mode on port 'top_kernel/A_in_r' to 's_axilite & ap_none'.
INFO: [RTGEN 206-500] Setting interface mode on port 'top_kernel/A_out_r' to 's_axilite & ap_none'.
INFO: [RTGEN 206-500] Setting interface mode on function 'top_kernel' to 's_axilite & ap_ctrl_hs'.
INFO: [RTGEN 206-100] Bundling port 'A_in_r', 'A_out_r' and 'return' to AXI-Lite port control.
INFO: [RTGEN 206-100] Finished creating RTL model for 'top_kernel'.
INFO: [RTMG 210-285] Implementing FIFO 'A_out_r_c_U(top_kernel_fifo_w64_d4_S)' using Shift Registers.
INFO: [RTMG 210-285] Implementing FIFO 'grid_initial_U(top_kernel_fifo_w24_d2_S)' using Shift Registers.
INFO: [RTMG 210-285] Implementing FIFO 'grid_final_U(top_kernel_fifo_w24_d2_S)' using Shift Registers.
INFO: [RTMG 210-285] Implementing FIFO 'start_for_write_output_U0_U(top_kernel_start_for_write_output_U0)' using Shift Registers.
INFO: [RTMG 210-285] Implementing FIFO 'start_for_compute_U0_U(top_kernel_start_for_compute_U0)' using Shift Registers.
INFO: [HLS 200-111] Finished Creating RTL model: CPU user time: 0.13 seconds. CPU system time: 0.02 seconds. Elapsed time: 0.28 seconds; current allocated memory: 0.000 MB.
INFO: [HLS 200-111] Finished Generating all RTL models: CPU user time: 0.43 seconds. CPU system time: 0.1 seconds. Elapsed time: 0.86 seconds; current allocated memory: 0.000 MB.
INFO: [HLS 200-1603] Design has inferred MAXI bursts and missed bursts, see Vitis HLS GUI synthesis summary report for detailed information.
INFO: [HLS 200-111] Finished Updating report files: CPU user time: 0.82 seconds. CPU system time: 0.15 seconds. Elapsed time: 1.08 seconds; current allocated memory: 0.000 MB.
INFO: [VHDL 208-304] Generating VHDL RTL for top_kernel.
INFO: [VLOG 209-307] Generating Verilog RTL for top_kernel.
INFO: [HLS 200-790] **** Loop Constraint Status: All loop constraints were satisfied.
INFO: [HLS 200-789] **** Estimated Fmax: 136.99 MHz
INFO: [HLS 200-2161] Finished Command csynth_design Elapsed time: 00:00:32; Allocated memory: 0.000 MB.
INFO: [HLS 200-1510] Running: cosim_design 
INFO: [HLS 200-1915] Writing HLS config ini file /nethome/shanda34/FPGA_ECE8893_SJH/2026_Spring/lab2/project_1/hls_config.cfg
WARNING: [HLS 200-626] This design is unable to schedule all read ports in the first II cycle. The RTL testbench may treat the design as non-pipelined
INFO: [COSIM 212-47] Using XSIM for RTL simulation.
INFO: [COSIM 212-14] Instrumenting C test bench ...
   Build using "/tools/software/xilinx/2025.1.1/Vitis/lnx64/tools/vcxx/libexec/clang++"
   Compiling host.cpp_pre.cpp.tb.cpp
   Compiling apatb_top_kernel.cpp
   Compiling top.cpp_pre.cpp.tb.cpp
   Compiling apatb_top_kernel_ir.ll
   Generating cosim.tv.exe
INFO: [COSIM 212-302] Starting C TB testing ... 
TEST PASSED
INFO: [COSIM 212-333] Generating C post check test bench ...
INFO: [COSIM 212-12] Generating RTL test bench ...
INFO: [COSIM 212-1] *** C/RTL co-simulation file generation completed. ***
INFO: [COSIM 212-323] Starting verilog simulation. 
INFO: [COSIM 212-15] Starting XSIM ...
Vivado Simulator v2025.1.1
Copyright 1986-2022 Xilinx, Inc. All Rights Reserved.
Copyright 2022-2025 Advanced Micro Devices, Inc. All Rights Reserved.
Running: /tools/software/xilinx/2025.1.1/Vivado/bin/unwrapped/lnx64.o/xelab xil_defaultlib.apatb_top_kernel_top xil_defaultlib.glbl -Oenable_linking_all_libraries -prj top_kernel.prj -L smartconnect_v1_0 -L axi_protocol_checker_v1_1_12 -L axi_protocol_checker_v1_1_13 -L axis_protocol_checker_v1_1_11 -L axis_protocol_checker_v1_1_12 -L xil_defaultlib -L unisims_ver -L xpm -L floating_point_v7_1_20 -L floating_point_v7_0_25 --lib ieee_proposed=./ieee_proposed -L uvm -relax -i ./svr -i ./svtb -i ./file_agent -i ./top_kernel_subsystem -s top_kernel 
Multi-threading is on. Using 110 slave threads.
INFO: [VRFC 10-2263] Analyzing SystemVerilog file "/nethome/shanda34/FPGA_ECE8893_SJH/2026_Spring/lab2/project_1/hls/sim/verilog/glbl.v" into library xil_defaultlib
INFO: [VRFC 10-311] analyzing module glbl
INFO: [VRFC 10-2263] Analyzing SystemVerilog file "/nethome/shanda34/FPGA_ECE8893_SJH/2026_Spring/lab2/project_1/hls/sim/verilog/top_kernel.autotb.v" into library xil_defaultlib
INFO: [VRFC 10-311] analyzing module apatb_top_kernel_top
INFO: [VRFC 10-2263] Analyzing SystemVerilog file "/nethome/shanda34/FPGA_ECE8893_SJH/2026_Spring/lab2/project_1/hls/sim/verilog/AESL_deadlock_detection_unit.v" into library xil_defaultlib
INFO: [VRFC 10-311] analyzing module AESL_deadlock_detect_unit
INFO: [VRFC 10-2263] Analyzing SystemVerilog file "/nethome/shanda34/FPGA_ECE8893_SJH/2026_Spring/lab2/project_1/hls/sim/verilog/AESL_deadlock_report_unit.v" into library xil_defaultlib
INFO: [VRFC 10-311] analyzing module AESL_deadlock_report_unit
INFO: [VRFC 10-2263] Analyzing SystemVerilog file "/nethome/shanda34/FPGA_ECE8893_SJH/2026_Spring/lab2/project_1/hls/sim/verilog/AESL_deadlock_detector.v" into library xil_defaultlib
INFO: [VRFC 10-311] analyzing module AESL_deadlock_detector
INFO: [VRFC 10-2263] Analyzing SystemVerilog file "/nethome/shanda34/FPGA_ECE8893_SJH/2026_Spring/lab2/project_1/hls/sim/verilog/top_kernel_entry_proc.v" into library xil_defaultlib
INFO: [VRFC 10-311] analyzing module top_kernel_entry_proc
INFO: [VRFC 10-2263] Analyzing SystemVerilog file "/nethome/shanda34/FPGA_ECE8893_SJH/2026_Spring/lab2/project_1/hls/sim/verilog/top_kernel_read_input.v" into library xil_defaultlib
INFO: [VRFC 10-311] analyzing module top_kernel_read_input
INFO: [VRFC 10-2263] Analyzing SystemVerilog file "/nethome/shanda34/FPGA_ECE8893_SJH/2026_Spring/lab2/project_1/hls/sim/verilog/top_kernel_compute_Pipeline_VITIS_LOOP_34_1_VITIS_LOOP_35_2.v" into library xil_defaultlib
INFO: [VRFC 10-311] analyzing module top_kernel_compute_Pipeline_VITIS_LOOP_34_1_VITIS_LOOP_35_2
INFO: [VRFC 10-2263] Analyzing SystemVerilog file "/nethome/shanda34/FPGA_ECE8893_SJH/2026_Spring/lab2/project_1/hls/sim/verilog/top_kernel_compute_Pipeline_VITIS_LOOP_50_4.v" into library xil_defaultlib
INFO: [VRFC 10-311] analyzing module top_kernel_compute_Pipeline_VITIS_LOOP_50_4
INFO: [VRFC 10-2263] Analyzing SystemVerilog file "/nethome/shanda34/FPGA_ECE8893_SJH/2026_Spring/lab2/project_1/hls/sim/verilog/top_kernel_compute_Pipeline_VITIS_LOOP_60_5.v" into library xil_defaultlib
INFO: [VRFC 10-311] analyzing module top_kernel_compute_Pipeline_VITIS_LOOP_60_5
INFO: [VRFC 10-2263] Analyzing SystemVerilog file "/nethome/shanda34/FPGA_ECE8893_SJH/2026_Spring/lab2/project_1/hls/sim/verilog/top_kernel_compute_Pipeline_VITIS_LOOP_72_6_VITIS_LOOP_73_7.v" into library xil_defaultlib
INFO: [VRFC 10-311] analyzing module top_kernel_compute_Pipeline_VITIS_LOOP_72_6_VITIS_LOOP_73_7
INFO: [VRFC 10-2263] Analyzing SystemVerilog file "/nethome/shanda34/FPGA_ECE8893_SJH/2026_Spring/lab2/project_1/hls/sim/verilog/top_kernel_compute_Pipeline_VITIS_LOOP_133_9_VITIS_LOOP_134_10.v" into library xil_defaultlib
INFO: [VRFC 10-311] analyzing module top_kernel_compute_Pipeline_VITIS_LOOP_133_9_VITIS_LOOP_134_10
INFO: [VRFC 10-2263] Analyzing SystemVerilog file "/nethome/shanda34/FPGA_ECE8893_SJH/2026_Spring/lab2/project_1/hls/sim/verilog/top_kernel_compute.v" into library xil_defaultlib
INFO: [VRFC 10-311] analyzing module top_kernel_compute
INFO: [VRFC 10-2263] Analyzing SystemVerilog file "/nethome/shanda34/FPGA_ECE8893_SJH/2026_Spring/lab2/project_1/hls/sim/verilog/top_kernel_write_output.v" into library xil_defaultlib
INFO: [VRFC 10-311] analyzing module top_kernel_write_output
INFO: [VRFC 10-2263] Analyzing SystemVerilog file "/nethome/shanda34/FPGA_ECE8893_SJH/2026_Spring/lab2/project_1/hls/sim/verilog/top_kernel.v" into library xil_defaultlib
INFO: [VRFC 10-311] analyzing module top_kernel
INFO: [VRFC 10-2263] Analyzing SystemVerilog file "/nethome/shanda34/FPGA_ECE8893_SJH/2026_Spring/lab2/project_1/hls/sim/verilog/top_kernel_flow_control_loop_pipe_sequential_init.v" into library xil_defaultlib
INFO: [VRFC 10-311] analyzing module top_kernel_flow_control_loop_pipe_sequential_init
INFO: [VRFC 10-2263] Analyzing SystemVerilog file "/nethome/shanda34/FPGA_ECE8893_SJH/2026_Spring/lab2/project_1/hls/sim/verilog/top_kernel_flow_control_loop_pipe.v" into library xil_defaultlib
INFO: [VRFC 10-311] analyzing module top_kernel_flow_control_loop_pipe
INFO: [VRFC 10-2263] Analyzing SystemVerilog file "/nethome/shanda34/FPGA_ECE8893_SJH/2026_Spring/lab2/project_1/hls/sim/verilog/top_kernel_mul_39s_24ns_63_1_1.v" into library xil_defaultlib
INFO: [VRFC 10-311] analyzing module top_kernel_mul_39s_24ns_63_1_1
INFO: [VRFC 10-2263] Analyzing SystemVerilog file "/nethome/shanda34/FPGA_ECE8893_SJH/2026_Spring/lab2/project_1/hls/sim/verilog/top_kernel_mul_39s_26ns_65_1_1.v" into library xil_defaultlib
INFO: [VRFC 10-311] analyzing module top_kernel_mul_39s_26ns_65_1_1
INFO: [VRFC 10-2263] Analyzing SystemVerilog file "/nethome/shanda34/FPGA_ECE8893_SJH/2026_Spring/lab2/project_1/hls/sim/verilog/top_kernel_compute_Pipeline_VITIS_LOOP_72_6_VITIS_LOOP_73_7_line_buf_1_RAM_AUTO_1R1W.v" into library xil_defaultlib
INFO: [VRFC 10-311] analyzing module top_kernel_compute_Pipeline_VITIS_LOOP_72_6_VITIS_LOOP_73_7_line_buf_1_RAM_AUTO_1R1W
INFO: [VRFC 10-2263] Analyzing SystemVerilog file "/nethome/shanda34/FPGA_ECE8893_SJH/2026_Spring/lab2/project_1/hls/sim/verilog/top_kernel_compute_bufferA_RAM_AUTO_1R1W.v" into library xil_defaultlib
INFO: [VRFC 10-311] analyzing module top_kernel_compute_bufferA_RAM_AUTO_1R1W
INFO: [VRFC 10-2263] Analyzing SystemVerilog file "/nethome/shanda34/FPGA_ECE8893_SJH/2026_Spring/lab2/project_1/hls/sim/verilog/top_kernel_compute_bufferB_RAM_AUTO_1R1W.v" into library xil_defaultlib
INFO: [VRFC 10-311] analyzing module top_kernel_compute_bufferB_RAM_AUTO_1R1W
INFO: [VRFC 10-2263] Analyzing SystemVerilog file "/nethome/shanda34/FPGA_ECE8893_SJH/2026_Spring/lab2/project_1/hls/sim/verilog/top_kernel_fifo_w64_d4_S.v" into library xil_defaultlib
INFO: [VRFC 10-311] analyzing module top_kernel_fifo_w64_d4_S
INFO: [VRFC 10-311] analyzing module top_kernel_fifo_w64_d4_S_ShiftReg
INFO: [VRFC 10-2263] Analyzing SystemVerilog file "/nethome/shanda34/FPGA_ECE8893_SJH/2026_Spring/lab2/project_1/hls/sim/verilog/top_kernel_fifo_w24_d2_S.v" into library xil_defaultlib
INFO: [VRFC 10-311] analyzing module top_kernel_fifo_w24_d2_S
INFO: [VRFC 10-311] analyzing module top_kernel_fifo_w24_d2_S_ShiftReg
INFO: [VRFC 10-2263] Analyzing SystemVerilog file "/nethome/shanda34/FPGA_ECE8893_SJH/2026_Spring/lab2/project_1/hls/sim/verilog/top_kernel_start_for_write_output_U0.v" into library xil_defaultlib
INFO: [VRFC 10-311] analyzing module top_kernel_start_for_write_output_U0
INFO: [VRFC 10-311] analyzing module top_kernel_start_for_write_output_U0_ShiftReg
INFO: [VRFC 10-2263] Analyzing SystemVerilog file "/nethome/shanda34/FPGA_ECE8893_SJH/2026_Spring/lab2/project_1/hls/sim/verilog/top_kernel_start_for_compute_U0.v" into library xil_defaultlib
INFO: [VRFC 10-311] analyzing module top_kernel_start_for_compute_U0
INFO: [VRFC 10-311] analyzing module top_kernel_start_for_compute_U0_ShiftReg
INFO: [VRFC 10-2263] Analyzing SystemVerilog file "/nethome/shanda34/FPGA_ECE8893_SJH/2026_Spring/lab2/project_1/hls/sim/verilog/top_kernel_A_in_m_axi.v" into library xil_defaultlib
INFO: [VRFC 10-311] analyzing module top_kernel_A_in_m_axi
INFO: [VRFC 10-311] analyzing module top_kernel_A_in_m_axi_load
INFO: [VRFC 10-311] analyzing module top_kernel_A_in_m_axi_read
INFO: [VRFC 10-311] analyzing module top_kernel_A_in_m_axi_burst_converter
INFO: [VRFC 10-311] analyzing module top_kernel_A_in_m_axi_burst_interleave
INFO: [VRFC 10-311] analyzing module top_kernel_A_in_m_axi_burst_sequential
INFO: [VRFC 10-311] analyzing module top_kernel_A_in_m_axi_reg_slice
INFO: [VRFC 10-311] analyzing module top_kernel_A_in_m_axi_fifo
INFO: [VRFC 10-311] analyzing module top_kernel_A_in_m_axi_srl
INFO: [VRFC 10-311] analyzing module top_kernel_A_in_m_axi_mem
INFO: [VRFC 10-2263] Analyzing SystemVerilog file "/nethome/shanda34/FPGA_ECE8893_SJH/2026_Spring/lab2/project_1/hls/sim/verilog/top_kernel_A_out_m_axi.v" into library xil_defaultlib
INFO: [VRFC 10-311] analyzing module top_kernel_A_out_m_axi
INFO: [VRFC 10-311] analyzing module top_kernel_A_out_m_axi_store
INFO: [VRFC 10-311] analyzing module top_kernel_A_out_m_axi_write
INFO: [VRFC 10-311] analyzing module top_kernel_A_out_m_axi_burst_converter
INFO: [VRFC 10-311] analyzing module top_kernel_A_out_m_axi_burst_interleave
INFO: [VRFC 10-311] analyzing module top_kernel_A_out_m_axi_burst_sequential
INFO: [VRFC 10-311] analyzing module top_kernel_A_out_m_axi_throttle
INFO: [VRFC 10-311] analyzing module top_kernel_A_out_m_axi_reg_slice
INFO: [VRFC 10-311] analyzing module top_kernel_A_out_m_axi_fifo
INFO: [VRFC 10-311] analyzing module top_kernel_A_out_m_axi_srl
INFO: [VRFC 10-311] analyzing module top_kernel_A_out_m_axi_mem
INFO: [VRFC 10-2263] Analyzing SystemVerilog file "/nethome/shanda34/FPGA_ECE8893_SJH/2026_Spring/lab2/project_1/hls/sim/verilog/top_kernel_control_s_axi.v" into library xil_defaultlib
INFO: [VRFC 10-311] analyzing module top_kernel_control_s_axi
INFO: [VRFC 10-2263] Analyzing SystemVerilog file "/nethome/shanda34/FPGA_ECE8893_SJH/2026_Spring/lab2/project_1/hls/sim/verilog/dataflow_monitor.sv" into library xil_defaultlib
INFO: [VRFC 10-311] analyzing module dataflow_monitor
INFO: [VRFC 10-2263] Analyzing SystemVerilog file "/nethome/shanda34/FPGA_ECE8893_SJH/2026_Spring/lab2/project_1/hls/sim/verilog/file_agent/file_agent_pkg.sv" into library xil_defaultlib
INFO: [VRFC 10-2263] Analyzing SystemVerilog file "/nethome/shanda34/FPGA_ECE8893_SJH/2026_Spring/lab2/project_1/hls/sim/verilog/axivip/axi_pkg.sv" into library xil_defaultlib
INFO: [VRFC 10-2263] Analyzing SystemVerilog file "/nethome/shanda34/FPGA_ECE8893_SJH/2026_Spring/lab2/project_1/hls/sim/verilog/axivip/axi_if.sv" into library xil_defaultlib
INFO: [VRFC 10-2263] Analyzing SystemVerilog file "/nethome/shanda34/FPGA_ECE8893_SJH/2026_Spring/lab2/project_1/hls/sim/verilog/top_kernel_subsystem/top_kernel_subsystem_pkg.sv" into library xil_defaultlib
INFO: [VRFC 10-2263] Analyzing SystemVerilog file "/nethome/shanda34/FPGA_ECE8893_SJH/2026_Spring/lab2/project_1/hls/sim/verilog/svtb/misc_interface.sv" into library xil_defaultlib
INFO: [VRFC 10-2263] Analyzing SystemVerilog file "/nethome/shanda34/FPGA_ECE8893_SJH/2026_Spring/lab2/project_1/hls/sim/verilog/svtb/sv_module_top.sv" into library xil_defaultlib
INFO: [VRFC 10-311] analyzing module sv_module_top
Starting static elaboration
Pass Through NonSizing Optimizer
Completed static elaboration
Starting simulation data flow analysis
WARNING: [XSIM 43-4099] "/proj/primebuilds/9999.0_PRIME_0428_0031/installs/data/system_verilog/uvm_1.2/xlnx_uvm_package.sv" Line 4356. Module uvm_pkg doesn't have a timescale but at least one module in design has a timescale.
WARNING: [XSIM 43-4099] "/proj/primebuilds/9999.0_PRIME_0428_0031/installs/data/system_verilog/uvm_1.2/xlnx_uvm_package.sv" Line 4356. Module uvm_pkg doesn't have a timescale but at least one module in design has a timescale.
WARNING: [XSIM 43-4468] File : /proj/primebuilds/9999.0_PRIME_0428_0031/installs/data/system_verilog/uvm_1.2/xlnx_uvm_package.sv, Line : 25994, RANDC variable size more than 8 bits. This will be treated as a RAND variable instead.
Completed simulation data flow analysis
Time Resolution for simulation is 1ps
Compiling package xil_defaultlib.$unit_sv_module_top_sv
Compiling package uvm.uvm_pkg
Compiling package std.std
Compiling package xil_defaultlib.axi_pkg
Compiling package xil_defaultlib.top_kernel_subsystem_pkg
Compiling package xil_defaultlib.file_agent_pkg
Compiling package xil_defaultlib.$unit_dataflow_monitor_sv
Compiling module xil_defaultlib.top_kernel_control_s_axi
Compiling module xil_defaultlib.top_kernel_A_in_m_axi_srl(DATA_W...
Compiling module xil_defaultlib.top_kernel_A_in_m_axi_fifo(DATA_...
Compiling module xil_defaultlib.top_kernel_A_in_m_axi_mem(MEM_ST...
Compiling module xil_defaultlib.top_kernel_A_in_m_axi_fifo(MEM_S...
Compiling module xil_defaultlib.top_kernel_A_in_m_axi_load(NUM_R...
Compiling module xil_defaultlib.top_kernel_A_in_m_axi_reg_slice(...
Compiling module xil_defaultlib.top_kernel_A_in_m_axi_burst_sequ...
Compiling module xil_defaultlib.top_kernel_A_in_m_axi_reg_slice(...
Compiling module xil_defaultlib.top_kernel_A_in_m_axi_srl(DATA_W...
Compiling module xil_defaultlib.top_kernel_A_in_m_axi_fifo(DATA_...
Compiling module xil_defaultlib.top_kernel_A_in_m_axi_read(C_USE...
Compiling module xil_defaultlib.top_kernel_A_in_m_axi(C_M_AXI_AD...
Compiling module xil_defaultlib.top_kernel_A_out_m_axi_srl(DATA_...
Compiling module xil_defaultlib.top_kernel_A_out_m_axi_fifo(DATA...
Compiling module xil_defaultlib.top_kernel_A_out_m_axi_srl(DATA_...
Compiling module xil_defaultlib.top_kernel_A_out_m_axi_fifo(DATA...
Compiling module xil_defaultlib.top_kernel_A_out_m_axi_srl(DATA_...
Compiling module xil_defaultlib.top_kernel_A_out_m_axi_fifo(DATA...
Compiling module xil_defaultlib.top_kernel_A_out_m_axi_srl(DATA_...
Compiling module xil_defaultlib.top_kernel_A_out_m_axi_fifo(DATA...
Compiling module xil_defaultlib.top_kernel_A_out_m_axi_srl(DATA_...
Compiling module xil_defaultlib.top_kernel_A_out_m_axi_fifo(DATA...
Compiling module xil_defaultlib.top_kernel_A_out_m_axi_store(CON...
Compiling module xil_defaultlib.top_kernel_A_out_m_axi_reg_slice...
Compiling module xil_defaultlib.top_kernel_A_out_m_axi_burst_seq...
Compiling module xil_defaultlib.top_kernel_A_out_m_axi_reg_slice...
Compiling module xil_defaultlib.top_kernel_A_out_m_axi_srl(DATA_...
Compiling module xil_defaultlib.top_kernel_A_out_m_axi_fifo(DATA...
Compiling module xil_defaultlib.top_kernel_A_out_m_axi_reg_slice...
Compiling module xil_defaultlib.top_kernel_A_out_m_axi_throttle(...
Compiling module xil_defaultlib.top_kernel_A_out_m_axi_reg_slice...
Compiling module xil_defaultlib.top_kernel_A_out_m_axi_write(CON...
Compiling module xil_defaultlib.top_kernel_A_out_m_axi(C_M_AXI_A...
Compiling module xil_defaultlib.top_kernel_entry_proc
Compiling module xil_defaultlib.top_kernel_read_input
Compiling module xil_defaultlib.top_kernel_compute_bufferA_RAM_A...
Compiling module xil_defaultlib.top_kernel_compute_bufferB_RAM_A...
Compiling module xil_defaultlib.top_kernel_flow_control_loop_pip...
Compiling module xil_defaultlib.top_kernel_compute_Pipeline_VITI...
Compiling module xil_defaultlib.top_kernel_compute_Pipeline_VITI...
Compiling module xil_defaultlib.top_kernel_compute_Pipeline_VITI...
Compiling module xil_defaultlib.top_kernel_compute_Pipeline_VITI...
Compiling module xil_defaultlib.top_kernel_compute_Pipeline_VITI...
Compiling module xil_defaultlib.top_kernel_mul_39s_24ns_63_1_1(N...
Compiling module xil_defaultlib.top_kernel_mul_39s_26ns_65_1_1(N...
Compiling module xil_defaultlib.top_kernel_compute_Pipeline_VITI...
Compiling module xil_defaultlib.top_kernel_compute
Compiling module xil_defaultlib.top_kernel_flow_control_loop_pip...
Compiling module xil_defaultlib.top_kernel_write_output
Compiling module xil_defaultlib.top_kernel_fifo_w64_d4_S_ShiftRe...
Compiling module xil_defaultlib.top_kernel_fifo_w64_d4_S_default
Compiling module xil_defaultlib.top_kernel_fifo_w24_d2_S_ShiftRe...
Compiling module xil_defaultlib.top_kernel_fifo_w24_d2_S_default
Compiling module xil_defaultlib.top_kernel_start_for_write_outpu...
Compiling module xil_defaultlib.top_kernel_start_for_write_outpu...
Compiling module xil_defaultlib.top_kernel_start_for_compute_U0_...
Compiling module xil_defaultlib.top_kernel_start_for_compute_U0_...
Compiling module xil_defaultlib.top_kernel
Compiling module xil_defaultlib.misc_interface_default
Compiling module xil_defaultlib.axi_if(ADDR_WIDTH=64,STRB_WIDTH=...
Compiling module xil_defaultlib.axi_if(ADDR_WIDTH=6,STRB_WIDTH=4...
Compiling module xil_defaultlib.sv_module_top
Compiling module xil_defaultlib.AESL_deadlock_detect_unit(OUT_CH...
Compiling module xil_defaultlib.AESL_deadlock_detect_unit(PROC_I...
Compiling module xil_defaultlib.AESL_deadlock_detect_unit(PROC_I...
Compiling module xil_defaultlib.AESL_deadlock_detect_unit(PROC_I...
Compiling module xil_defaultlib.AESL_deadlock_report_unit_defaul...
Compiling module xil_defaultlib.AESL_deadlock_detector_2
Compiling module xil_defaultlib.df_fifo_intf_default
Compiling module xil_defaultlib.df_process_intf_default
Compiling module xil_defaultlib.nodf_module_intf_default
Compiling module xil_defaultlib.seq_loop_intf(FSM_WIDTH=12)
Compiling module xil_defaultlib.seq_loop_intf(FSM_WIDTH=10)
Compiling module xil_defaultlib.upc_loop_intf(FSM_WIDTH=1)
Compiling module xil_defaultlib.dataflow_monitor_1
Compiling module xil_defaultlib.apatb_top_kernel_top
Compiling module xil_defaultlib.glbl
Built simulation snapshot top_kernel

****** xsim v2025.1.1 (64-bit)
  **** SW Build 6233196 on Thu Sep 11 21:27:11 MDT 2025
  **** IP Build 6232796 on Fri Sep 12 01:46:16 MDT 2025
  **** SharedData Build 6233195 on Thu Sep 11 17:56:43 MDT 2025
  **** Start of session at: Fri Feb 20 13:30:08 2026
    ** Copyright 1986-2022 Xilinx, Inc. All Rights Reserved.
    ** Copyright 2022-2025 Advanced Micro Devices, Inc. All Rights Reserved.

source xsim.dir/top_kernel/xsim_script.tcl
# xsim {top_kernel} -testplusarg UVM_VERBOSITY=UVM_NONE -testplusarg UVM_TESTNAME=top_kernel_test_lib -testplusarg UVM_TIMEOUT=20000000000000 -autoloadwcfg -tclbatch {top_kernel.tcl}
Time resolution is 1 ps
source top_kernel.tcl
## run all
UVM_INFO /tools/software/xilinx//2025.1.1/Vivado/data/system_verilog/uvm_1.2/xlnx_uvm_package.sv(18601) @ 0: reporter [UVM/RELNOTES] 
----------------------------------------------------------------
UVM-1.2
(C) 2007-2014 Mentor Graphics Corporation
(C) 2007-2014 Cadence Design Systems, Inc.
(C) 2006-2014 Synopsys, Inc.
(C) 2011-2013 Cypress Semiconductor Corp.
(C) 2013-2014 NVIDIA Corporation
----------------------------------------------------------------

  ***********       IMPORTANT RELEASE NOTES         ************

  You are using a version of the UVM library that has been compiled
  with `UVM_NO_DEPRECATED undefined.

  You are using a version of the UVM library that has been compiled
  with `UVM_OBJECT_DO_NOT_NEED_CONSTRUCTOR undefined.

      (Specify +UVM_NO_RELNOTES to turn off this notice)

UVM_INFO /tools/software/xilinx//2025.1.1/Vivado/data/system_verilog/uvm_1.2/xlnx_uvm_package.sv(18648) @ 0: reporter [NO_DPI_TSTNAME] UVM_NO_DPI defined--getting UVM_TESTNAME directly, without DPI
UVM_INFO /tools/software/xilinx//2025.1.1/Vivado/data/system_verilog/uvm_1.2/xlnx_uvm_package.sv(18752) @ 0: reporter [UVMTOP] UVM testbench topology:
--------------------------------------------------------------------------------------
Name                         Type                              Size  Value            
--------------------------------------------------------------------------------------
uvm_test_top                 top_kernel_test_lib               -     @369             
  top_env                    top_kernel_env                    -     @380             
    axi_lite_control         uvm_env                           -     @465             
      item_rtr_port          uvm_analysis_port                 -     @484             
      item_wtr_port          uvm_analysis_port                 -     @474             
      master                 uvm_agent                         -     @897             
        ardrv                uvm_driver #(REQ,RSP)             -     @1572            
          item_read_imp      uvm_analysis_port                 -     @1601            
          rsp_port           uvm_analysis_port                 -     @1591            
          seq_item_port      uvm_seq_item_pull_port            -     @1581            
          m_num_sent         integral                          32    'h0              
        arsqr                axi_sequencer                     -     @1611            
          rsp_export         uvm_analysis_export               -     @1620            
          seq_item_export    uvm_seq_item_pull_imp             -     @1738            
          arbitration_queue  array                             0     -                
          lock_queue         array                             0     -                
          num_last_reqs      integral                          32    'd1              
          num_last_rsps      integral                          32    'd1              
        awdrv                uvm_driver #(REQ,RSP)             -     @1044            
          item_read_imp      uvm_analysis_port                 -     @1073            
          rsp_port           uvm_analysis_port                 -     @1063            
          seq_item_port      uvm_seq_item_pull_port            -     @1053            
          m_num_sent         integral                          32    'h0              
        awsqr                axi_sequencer                     -     @1083            
          rsp_export         uvm_analysis_export               -     @1092            
          seq_item_export    uvm_seq_item_pull_imp             -     @1210            
          arbitration_queue  array                             0     -                
          lock_queue         array                             0     -                
          num_last_reqs      integral                          32    'd1              
          num_last_rsps      integral                          32    'd1              
        bdrv                 uvm_driver #(REQ,RSP)             -     @1396            
          item_read_imp      uvm_analysis_port                 -     @1425            
          rsp_port           uvm_analysis_port                 -     @1415            
          seq_item_port      uvm_seq_item_pull_port            -     @1405            
          m_num_sent         integral                          32    'h0              
        bsqr                 axi_sequencer                     -     @1435            
          rsp_export         uvm_analysis_export               -     @1444            
          seq_item_export    uvm_seq_item_pull_imp             -     @1562            
          arbitration_queue  array                             0     -                
          lock_queue         array                             0     -                
          num_last_reqs      integral                          32    'd1              
          num_last_rsps      integral                          32    'd1              
        rdrv                 uvm_driver #(REQ,RSP)             -     @1748            
          item_read_imp      uvm_analysis_port                 -     @1777            
          rsp_port           uvm_analysis_port                 -     @1767            
          seq_item_port      uvm_seq_item_pull_port            -     @1757            
          m_num_sent         integral                          32    'h0              
        rsqr                 axi_sequencer                     -     @1787            
          rsp_export         uvm_analysis_export               -     @1796            
          seq_item_export    uvm_seq_item_pull_imp             -     @1914            
          arbitration_queue  array                             0     -                
          lock_queue         array                             0     -                
          num_last_reqs      integral                          32    'd1              
          num_last_rsps      integral                          32    'd1              
        wdrv                 uvm_driver #(REQ,RSP)             -     @1220            
          item_read_imp      uvm_analysis_port                 -     @1249            
          rsp_port           uvm_analysis_port                 -     @1239            
          seq_item_port      uvm_seq_item_pull_port            -     @1229            
          m_num_sent         integral                          32    'h0              
        wsqr                 axi_sequencer                     -     @1259            
          rsp_export         uvm_analysis_export               -     @1268            
          seq_item_export    uvm_seq_item_pull_imp             -     @1386            
          arbitration_queue  array                             0     -                
          lock_queue         array                             0     -                
          num_last_reqs      integral                          32    'd1              
          num_last_rsps      integral                          32    'd1              
      monitor                uvm_monitor                       -     @719             
        item_ar2r_port       uvm_analysis_port                 -     @788             
        item_ar_port         uvm_analysis_port                 -     @758             
        item_aw2b_port       uvm_analysis_port                 -     @778             
        item_aw_port         uvm_analysis_port                 -     @728             
        item_b_port          uvm_analysis_port                 -     @748             
        item_r_port          uvm_analysis_port                 -     @768             
        item_w_port          uvm_analysis_port                 -     @738             
        checks_enable        integral                          1     'h1              
        coverage_enable      integral                          1     'h1              
      state                  axi_state                         -     @798             
        ar2r_imp             uvm_analysis_imp_ar2r             -     @867             
        ar_imp               uvm_analysis_imp_ar               -     @837             
        aw2b_imp             uvm_analysis_imp_aw2b             -     @857             
        aw_imp               uvm_analysis_imp_aw               -     @807             
        b_imp                uvm_analysis_imp_b                -     @827             
        item_rtr_port        uvm_analysis_port                 -     @887             
        item_wtr_port        uvm_analysis_port                 -     @877             
        r_imp                uvm_analysis_imp_r                -     @847             
        w_imp                uvm_analysis_imp_w                -     @817             
        avg_rate             integral                          32    'h0              
        exp_rate             integral                          32    'h0              
        win_size             integral                          32    'h0              
        bqnum_for_slaseq     integral                          32    'h0              
        rq_from_model_num    integral                          32    'h0              
      vsqr                   axi_virtual_sequencer             -     @906             
        rsp_export           uvm_analysis_export               -     @915             
        seq_item_export      uvm_seq_item_pull_imp             -     @1033            
        arbitration_queue    array                             0     -                
        lock_queue           array                             0     -                
        num_last_reqs        integral                          32    'd1              
        num_last_rsps        integral                          32    'd1              
      cfg                    axi_cfg                           -     @397             
        has_checker          integral                          1     'h1              
        has_coverage         integral                          1     'h1              
        id_num               integral                          32    'h1              
        reset_level          reset_level_enum                  32    RESET_LEVEL_LOW  
        drv_type             drv_type_enum                     32    MASTER           
        write_latency_mode   latency_mode_enum                 32    CHANNEL_FIRST    
        read_latency_mode    latency_mode_enum                 32    CHANNEL_FIRST    
        clatency             axi_latency                       -     @463             
          wr_latency         integral                          32    'h0              
          rd_latency         integral                          32    'h0              
    axi_master_A_in          uvm_env                           -     @403             
      item_rtr_port          uvm_analysis_port                 -     @422             
      item_wtr_port          uvm_analysis_port                 -     @412             
      monitor                uvm_monitor                       -     @1997            
        item_ar2r_port       uvm_analysis_port                 -     @2066            
        item_ar_port         uvm_analysis_port                 -     @2036            
        item_aw2b_port       uvm_analysis_port                 -     @2056            
        item_aw_port         uvm_analysis_port                 -     @2006            
        item_b_port          uvm_analysis_port                 -     @2026            
        item_r_port          uvm_analysis_port                 -     @2046            
        item_w_port          uvm_analysis_port                 -     @2016            
        checks_enable        integral                          1     'h1              
        coverage_enable      integral                          1     'h1              
      slave                  uvm_agent                         -     @2175            
        ardrv                uvm_driver #(REQ,RSP)             -     @2852            
          item_read_imp      uvm_analysis_port                 -     @2881            
          rsp_port           uvm_analysis_port                 -     @2871            
          seq_item_port      uvm_seq_item_pull_port            -     @2861            
          m_num_sent         integral                          32    'h0              
        arsqr                axi_sequencer                     -     @2891            
          rsp_export         uvm_analysis_export               -     @2900            
          seq_item_export    uvm_seq_item_pull_imp             -     @3018            
          arbitration_queue  array                             0     -                
          lock_queue         array                             0     -                
          num_last_reqs      integral                          32    'd1              
          num_last_rsps      integral                          32    'd1              
        awdrv                uvm_driver #(REQ,RSP)             -     @2324            
          item_read_imp      uvm_analysis_port                 -     @2353            
          rsp_port           uvm_analysis_port                 -     @2343            
          seq_item_port      uvm_seq_item_pull_port            -     @2333            
          m_num_sent         integral                          32    'h0              
        awsqr                axi_sequencer                     -     @2363            
          rsp_export         uvm_analysis_export               -     @2372            
          seq_item_export    uvm_seq_item_pull_imp             -     @2490            
          arbitration_queue  array                             0     -                
          lock_queue         array                             0     -                
          num_last_reqs      integral                          32    'd1              
          num_last_rsps      integral                          32    'd1              
        bdrv                 uvm_driver #(REQ,RSP)             -     @2676            
          item_read_imp      uvm_analysis_port                 -     @2705            
          rsp_port           uvm_analysis_port                 -     @2695            
          seq_item_port      uvm_seq_item_pull_port            -     @2685            
          m_num_sent         integral                          32    'h0              
        bsqr                 axi_sequencer                     -     @2715            
          rsp_export         uvm_analysis_export               -     @2724            
          seq_item_export    uvm_seq_item_pull_imp             -     @2842            
          arbitration_queue  array                             0     -                
          lock_queue         array                             0     -                
          num_last_reqs      integral                          32    'd1              
          num_last_rsps      integral                          32    'd1              
        rdrv                 uvm_driver #(REQ,RSP)             -     @3028            
          item_read_imp      uvm_analysis_port                 -     @3057            
          rsp_port           uvm_analysis_port                 -     @3047            
          seq_item_port      uvm_seq_item_pull_port            -     @3037            
          m_num_sent         integral                          32    'h0              
        rsqr                 axi_sequencer                     -     @3067            
          rsp_export         uvm_analysis_export               -     @3076            
          seq_item_export    uvm_seq_item_pull_imp             -     @3194            
          arbitration_queue  array                             0     -                
          lock_queue         array                             0     -                
          num_last_reqs      integral                          32    'd1              
          num_last_rsps      integral                          32    'd1              
        wdrv                 uvm_driver #(REQ,RSP)             -     @2500            
          item_read_imp      uvm_analysis_port                 -     @2529            
          rsp_port           uvm_analysis_port                 -     @2519            
          seq_item_port      uvm_seq_item_pull_port            -     @2509            
          m_num_sent         integral                          32    'h0              
        wsqr                 axi_sequencer                     -     @2539            
          rsp_export         uvm_analysis_export               -     @2548            
          seq_item_export    uvm_seq_item_pull_imp             -     @2666            
          arbitration_queue  array                             0     -                
          lock_queue         array                             0     -                
          num_last_reqs      integral                          32    'd1              
          num_last_rsps      integral                          32    'd1              
      state                  axi_state                         -     @2076            
        ar2r_imp             uvm_analysis_imp_ar2r             -     @2145            
        ar_imp               uvm_analysis_imp_ar               -     @2115            
        aw2b_imp             uvm_analysis_imp_aw2b             -     @2135            
        aw_imp               uvm_analysis_imp_aw               -     @2085            
        b_imp                uvm_analysis_imp_b                -     @2105            
        item_rtr_port        uvm_analysis_port                 -     @2165            
        item_wtr_port        uvm_analysis_port                 -     @2155            
        r_imp                uvm_analysis_imp_r                -     @2125            
        w_imp                uvm_analysis_imp_w                -     @2095            
        avg_rate             integral                          32    'h0              
        exp_rate             integral                          32    'h0              
        win_size             integral                          32    'h0              
        bqnum_for_slaseq     integral                          32    'h0              
        rq_from_model_num    integral                          32    'h0              
      vsqr                   axi_virtual_sequencer             -     @2184            
        rsp_export           uvm_analysis_export               -     @2193            
        seq_item_export      uvm_seq_item_pull_imp             -     @2311            
        arbitration_queue    array                             0     -                
        lock_queue           array                             0     -                
        num_last_reqs        integral                          32    'd1              
        num_last_rsps        integral                          32    'd1              
      cfg                    axi_cfg                           -     @395             
        has_checker          integral                          1     'h1              
        has_coverage         integral                          1     'h1              
        id_num               integral                          32    'h1              
        reset_level          reset_level_enum                  32    RESET_LEVEL_LOW  
        drv_type             drv_type_enum                     32    SLAVE            
        write_latency_mode   latency_mode_enum                 32    TRANSACTION_FIRST
        read_latency_mode    latency_mode_enum                 32    TRANSACTION_FIRST
        clatency             axi_latency                       -     @398             
          wr_latency         integral                          32    'h0              
          rd_latency         integral                          32    'h0              
    axi_master_A_out         uvm_env                           -     @434             
      item_rtr_port          uvm_analysis_port                 -     @453             
      item_wtr_port          uvm_analysis_port                 -     @443             
      monitor                uvm_monitor                       -     @3275            
        item_ar2r_port       uvm_analysis_port                 -     @3344            
        item_ar_port         uvm_analysis_port                 -     @3314            
        item_aw2b_port       uvm_analysis_port                 -     @3334            
        item_aw_port         uvm_analysis_port                 -     @3284            
        item_b_port          uvm_analysis_port                 -     @3304            
        item_r_port          uvm_analysis_port                 -     @3324            
        item_w_port          uvm_analysis_port                 -     @3294            
        checks_enable        integral                          1     'h1              
        coverage_enable      integral                          1     'h1              
      slave                  uvm_agent                         -     @3453            
        ardrv                uvm_driver #(REQ,RSP)             -     @4130            
          item_read_imp      uvm_analysis_port                 -     @4159            
          rsp_port           uvm_analysis_port                 -     @4149            
          seq_item_port      uvm_seq_item_pull_port            -     @4139            
          m_num_sent         integral                          32    'h0              
        arsqr                axi_sequencer                     -     @4169            
          rsp_export         uvm_analysis_export               -     @4178            
          seq_item_export    uvm_seq_item_pull_imp             -     @4296            
          arbitration_queue  array                             0     -                
          lock_queue         array                             0     -                
          num_last_reqs      integral                          32    'd1              
          num_last_rsps      integral                          32    'd1              
        awdrv                uvm_driver #(REQ,RSP)             -     @3602            
          item_read_imp      uvm_analysis_port                 -     @3631            
          rsp_port           uvm_analysis_port                 -     @3621            
          seq_item_port      uvm_seq_item_pull_port            -     @3611            
          m_num_sent         integral                          32    'h0              
        awsqr                axi_sequencer                     -     @3641            
          rsp_export         uvm_analysis_export               -     @3650            
          seq_item_export    uvm_seq_item_pull_imp             -     @3768            
          arbitration_queue  array                             0     -                
          lock_queue         array                             0     -                
          num_last_reqs      integral                          32    'd1              
          num_last_rsps      integral                          32    'd1              
        bdrv                 uvm_driver #(REQ,RSP)             -     @3954            
          item_read_imp      uvm_analysis_port                 -     @3983            
          rsp_port           uvm_analysis_port                 -     @3973            
          seq_item_port      uvm_seq_item_pull_port            -     @3963            
          m_num_sent         integral                          32    'h0              
        bsqr                 axi_sequencer                     -     @3993            
          rsp_export         uvm_analysis_export               -     @4002            
          seq_item_export    uvm_seq_item_pull_imp             -     @4120            
          arbitration_queue  array                             0     -                
          lock_queue         array                             0     -                
          num_last_reqs      integral                          32    'd1              
          num_last_rsps      integral                          32    'd1              
        rdrv                 uvm_driver #(REQ,RSP)             -     @4306            
          item_read_imp      uvm_analysis_port                 -     @4335            
          rsp_port           uvm_analysis_port                 -     @4325            
          seq_item_port      uvm_seq_item_pull_port            -     @4315            
          m_num_sent         integral                          32    'h0              
        rsqr                 axi_sequencer                     -     @4345            
          rsp_export         uvm_analysis_export               -     @4354            
          seq_item_export    uvm_seq_item_pull_imp             -     @4472            
          arbitration_queue  array                             0     -                
          lock_queue         array                             0     -                
          num_last_reqs      integral                          32    'd1              
          num_last_rsps      integral                          32    'd1              
        wdrv                 uvm_driver #(REQ,RSP)             -     @3778            
          item_read_imp      uvm_analysis_port                 -     @3807            
          rsp_port           uvm_analysis_port                 -     @3797            
          seq_item_port      uvm_seq_item_pull_port            -     @3787            
          m_num_sent         integral                          32    'h0              
        wsqr                 axi_sequencer                     -     @3817            
          rsp_export         uvm_analysis_export               -     @3826            
          seq_item_export    uvm_seq_item_pull_imp             -     @3944            
          arbitration_queue  array                             0     -                
          lock_queue         array                             0     -                
          num_last_reqs      integral                          32    'd1              
          num_last_rsps      integral                          32    'd1              
      state                  axi_state                         -     @3354            
        ar2r_imp             uvm_analysis_imp_ar2r             -     @3423            
        ar_imp               uvm_analysis_imp_ar               -     @3393            
        aw2b_imp             uvm_analysis_imp_aw2b             -     @3413            
        aw_imp               uvm_analysis_imp_aw               -     @3363            
        b_imp                uvm_analysis_imp_b                -     @3383            
        item_rtr_port        uvm_analysis_port                 -     @3443            
        item_wtr_port        uvm_analysis_port                 -     @3433            
        r_imp                uvm_analysis_imp_r                -     @3403            
        w_imp                uvm_analysis_imp_w                -     @3373            
        avg_rate             integral                          32    'h0              
        exp_rate             integral                          32    'h0              
        win_size             integral                          32    'h0              
        bqnum_for_slaseq     integral                          32    'h0              
        rq_from_model_num    integral                          32    'h0              
      vsqr                   axi_virtual_sequencer             -     @3462            
        rsp_export           uvm_analysis_export               -     @3471            
        seq_item_export      uvm_seq_item_pull_imp             -     @3589            
        arbitration_queue    array                             0     -                
        lock_queue           array                             0     -                
        num_last_reqs        integral                          32    'd1              
        num_last_rsps        integral                          32    'd1              
      cfg                    axi_cfg                           -     @396             
        has_checker          integral                          1     'h1              
        has_coverage         integral                          1     'h1              
        id_num               integral                          32    'h1              
        reset_level          reset_level_enum                  32    RESET_LEVEL_LOW  
        drv_type             drv_type_enum                     32    SLAVE            
        write_latency_mode   latency_mode_enum                 32    TRANSACTION_FIRST
        read_latency_mode    latency_mode_enum                 32    TRANSACTION_FIRST
        clatency             axi_latency                       -     @432             
          wr_latency         integral                          32    'h0              
          rd_latency         integral                          32    'h0              
    refm                     top_kernel_reference_model        -     @494             
      trans_num_idx          integral                          32    'h0              
    subsys_mon               top_kernel_subsystem_monitor      -     @507             
      A_in_rtr_imp           uvm_analysis_imp_axi_rtr_A_in     -     @526             
      A_in_wtr_imp           uvm_analysis_imp_axi_wtr_A_in     -     @516             
      A_out_rtr_imp          uvm_analysis_imp_axi_rtr_A_out    -     @546             
      A_out_wtr_imp          uvm_analysis_imp_axi_wtr_A_out    -     @536             
      control_rtr_imp        uvm_analysis_imp_axi_rtr_control  -     @566             
      control_wtr_imp        uvm_analysis_imp_axi_wtr_control  -     @556             
      scbd                   top_kernel_scoreboard             -     @4554            
        refm                 top_kernel_reference_model        -     @494             
          trans_num_idx      integral                          32    'h0              
    top_kernel_virtual_sqr   top_kernel_virtual_sequencer      -     @576             
      rsp_export             uvm_analysis_export               -     @585             
      seq_item_export        uvm_seq_item_pull_imp             -     @703             
      arbitration_queue      array                             0     -                
      lock_queue             array                             0     -                
      num_last_reqs          integral                          32    'd1              
      num_last_rsps          integral                          32    'd1              
    refm                     top_kernel_reference_model        -     @494             
    top_kernel_virtual_sqr   top_kernel_virtual_sequencer      -     @576             
    top_kernel_cfg           top_kernel_config                 -     @394             
      A_in_cfg               axi_cfg                           -     @395             
        has_checker          integral                          1     'h1              
        has_coverage         integral                          1     'h1              
        id_num               integral                          32    'h1              
        reset_level          reset_level_enum                  32    RESET_LEVEL_LOW  
        drv_type             drv_type_enum                     32    SLAVE            
        write_latency_mode   latency_mode_enum                 32    TRANSACTION_FIRST
        read_latency_mode    latency_mode_enum                 32    TRANSACTION_FIRST
        clatency             axi_latency                       -     @398             
          wr_latency         integral                          32    'h0              
          rd_latency         integral                          32    'h0              
      A_out_cfg              axi_cfg                           -     @396             
        has_checker          integral                          1     'h1              
        has_coverage         integral                          1     'h1              
        id_num               integral                          32    'h1              
        reset_level          reset_level_enum                  32    RESET_LEVEL_LOW  
        drv_type             drv_type_enum                     32    SLAVE            
        write_latency_mode   latency_mode_enum                 32    TRANSACTION_FIRST
        read_latency_mode    latency_mode_enum                 32    TRANSACTION_FIRST
        clatency             axi_latency                       -     @432             
          wr_latency         integral                          32    'h0              
          rd_latency         integral                          32    'h0              
      control_cfg            axi_cfg                           -     @397             
        has_checker          integral                          1     'h1              
        has_coverage         integral                          1     'h1              
        id_num               integral                          32    'h1              
        reset_level          reset_level_enum                  32    RESET_LEVEL_LOW  
        drv_type             drv_type_enum                     32    MASTER           
        write_latency_mode   latency_mode_enum                 32    CHANNEL_FIRST    
        read_latency_mode    latency_mode_enum                 32    CHANNEL_FIRST    
        clatency             axi_latency                       -     @463             
          wr_latency         integral                          32    'h0              
          rd_latency         integral                          32    'h0              
      check_ena              integral                          32    'h0              
      cover_ena              integral                          32    'h0              
--------------------------------------------------------------------------------------

UVM_INFO /tools/software/xilinx//2025.1.1/Vivado/data/system_verilog/uvm_1.2/xlnx_uvm_package.sv(20867) @ 0: reporter [UVM/COMP/NAMECHECK] This implementation of the component name checks requires DPI to be enabled
////////////////////////////////////////////////////////////////////////////////////
// Inter-Transaction Progress: Completed Transaction / Total Transaction
// Intra-Transaction Progress: Measured Latency / Latency Estimation * 100%
//
// RTL Simulation : "Inter-Transaction Progress" ["Intra-Transaction Progress"] @ "Simulation Time"
////////////////////////////////////////////////////////////////////////////////////
// RTL Simulation : 0 / 1 [0.00%] @ "125000"
// RTL Simulation : 1 / 1 [100.00%] @ "22444095000"
////////////////////////////////////////////////////////////////////////////////////
$finish called at time : 22444165 ns : File "/tools/software/xilinx//2025.1.1/Vivado/data/system_verilog/uvm_1.2/xlnx_uvm_package.sv" Line 18699
run: Time (s): cpu = 00:00:00.03 ; elapsed = 00:02:39 . Memory (MB): peak = 0.000 ; gain = 0.000 ; free physical = 76352 ; free virtual = 182481
## quit
INFO: xsimkernel Simulation Memory Usage: 12091956 KB (Peak: 12107288 KB), Simulation CPU Usage: 159670 ms
INFO: [Common 17-206] Exiting xsim at Fri Feb 20 13:32:53 2026...
INFO: [COSIM 212-316] Starting C post checking ...
TEST PASSED
INFO: [COSIM 212-1000] *** C/RTL co-simulation finished: PASS ***
INFO: [COSIM 212-211] II is measurable only when transaction number is greater than 1 in RTL simulation. Otherwise, they will be marked as all NA. If user wants to calculate them, please make sure there are at least 2 transactions in RTL simulation.
INFO: [HLS 200-2161] Finished Command cosim_design Elapsed time: 00:05:10; Allocated memory: 0.000 MB.
INFO: [HLS 200-1510] Running: export_design -format ip_catalog -flow impl 
INFO: [HLS 200-1915] Writing HLS config ini file /nethome/shanda34/FPGA_ECE8893_SJH/2026_Spring/lab2/project_1/hls_config.cfg
INFO: [IMPL 213-8] Exporting RTL as a Vivado IP.

****** Vivado v2025.1.1 (64-bit)
  **** SW Build 6233196 on Thu Sep 11 21:27:11 MDT 2025
  **** IP Build 6232796 on Fri Sep 12 01:46:16 MDT 2025
  **** SharedData Build 6233195 on Thu Sep 11 17:56:43 MDT 2025
  **** Start of session at: Fri Feb 20 13:33:29 2026
    ** Copyright 1986-2022 Xilinx, Inc. All Rights Reserved.
    ** Copyright 2022-2025 Advanced Micro Devices, Inc. All Rights Reserved.

source run_ippack.tcl -notrace
INFO: calling package_hls_ip ip_types=vitis sysgen json_file=/nethome/shanda34/FPGA_ECE8893_SJH/2026_Spring/lab2/project_1/hls/hls_data.json outdir=/nethome/shanda34/FPGA_ECE8893_SJH/2026_Spring/lab2/project_1/hls/impl/ip srcdir=/nethome/shanda34/FPGA_ECE8893_SJH/2026_Spring/lab2/project_1/hls ippack_options_dict= ippack_options_dict=
INFO: Copied 1 ipmisc file(s) to /nethome/shanda34/FPGA_ECE8893_SJH/2026_Spring/lab2/project_1/hls/impl/ip/misc
INFO: Copied 27 verilog file(s) to /nethome/shanda34/FPGA_ECE8893_SJH/2026_Spring/lab2/project_1/hls/impl/ip/hdl/verilog
INFO: Copied 24 vhdl file(s) to /nethome/shanda34/FPGA_ECE8893_SJH/2026_Spring/lab2/project_1/hls/impl/ip/hdl/vhdl
INFO: Copied 10 swdriver file(s) to /nethome/shanda34/FPGA_ECE8893_SJH/2026_Spring/lab2/project_1/hls/impl/ip/drivers
INFO: Import ports from HDL: /nethome/shanda34/FPGA_ECE8893_SJH/2026_Spring/lab2/project_1/hls/impl/ip/hdl/vhdl/top_kernel.vhd (top_kernel)
INFO: Add axi4lite interface s_axi_control
INFO: Add clock interface ap_clk
INFO: Add reset interface ap_rst_n
INFO: Add interrupt interface interrupt
INFO: [IP_Flow 19-234] Refreshing IP repositories
INFO: [IP_Flow 19-1704] No user IP repositories specified
INFO: [IP_Flow 19-2313] Loaded Vivado IP repository '/tools/software/xilinx/2025.1.1/data/ip'.
INFO: Add axi4full interface m_axi_A_in
INFO: Add axi4full interface m_axi_A_out
INFO: Calling post_process_vitis to specialize IP
INFO: Calling post_process_sysgen to specialize IP
Generating sysgen info xml from json file
INFO: Created IP /nethome/shanda34/FPGA_ECE8893_SJH/2026_Spring/lab2/project_1/hls/impl/ip/component.xml
INFO: Created IP archive /nethome/shanda34/FPGA_ECE8893_SJH/2026_Spring/lab2/project_1/hls/impl/ip/xilinx_com_hls_top_kernel_1_0.zip
INFO: [Common 17-206] Exiting Vivado at Fri Feb 20 13:33:41 2026...
INFO: [IMPL 213-8] Starting RTL evaluation using Vivado ...

****** Vivado v2025.1.1 (64-bit)
  **** SW Build 6233196 on Thu Sep 11 21:27:11 MDT 2025
  **** IP Build 6232796 on Fri Sep 12 01:46:16 MDT 2025
  **** SharedData Build 6233195 on Thu Sep 11 17:56:43 MDT 2025
  **** Start of session at: Fri Feb 20 13:34:05 2026
    ** Copyright 1986-2022 Xilinx, Inc. All Rights Reserved.
    ** Copyright 2022-2025 Advanced Micro Devices, Inc. All Rights Reserved.

source run_vivado.tcl
# source ./settings.tcl
## set top_module top_kernel
## set language verilog
## set family zynquplus
## set device xczu3eg
## set package -sbva484
## set speed -1-e
## set clock ap_clk
## set fsm_ext "off"
## set add_io_buffers false 
# source -notrace ./extraction.tcl
# set vivado_proj_name project
# set vivado_proj_dir .
# set target_device "${device}${package}${speed}"
# set target_clk_period_ns "10.000"
# set target_clk_freq_hz [expr {floor(1000 / $target_clk_period_ns) * 1000000}]
# set other_clks_freq_hz {}
# set ip_vlnv xilinx.com:hls:top_kernel:1.0
# set ip_repo_path ../ip
# set bd_design_name bd_0
# set bd_inst_name hls_inst
# set bd_props {}
# set has_synth true
# set synth_design_args {-directive sdx_optimization_effort_high}
# set synth_dcp ""
# set synth_props {}
# set has_impl 1
# set impl_props {}
# set has_subcore 0
# set report_options [dict create]
# dict set report_options report_level 2
# dict set report_options report_max_paths 10
# dict set report_options stdout_hls_reports 1
# dict set report_options stdout_vivado_reports 0
# dict set report_options hls_project project_1
# dict set report_options hls_solution hls
# dict set report_options has_synth $has_synth
# dict set report_options has_impl $has_impl
# dict set report_options vivado_reportbasename $top_module
# dict set report_options vivado_reportdir ./report
# dict set report_options hls_impl_dir ..
# dict set report_options hls_reportdir ../report/$language
# dict set report_options target_clk_period $target_clk_period_ns
# dict set report_options target_device $target_device
# dict set report_options language $language
# dict set report_options clock_name $clock
# dict set report_options error_if_impl_timing_fails false
# dict set report_options topmodule "top_kernel"
# dict set report_options funcmodules {top_kernel_entry_proc top_kernel_read_input top_kernel_compute_Pipeline_VITIS_LOOP_34_1_VITIS_LOOP_35_2 top_kernel_compute_Pipeline_VITIS_LOOP_50_4 top_kernel_compute_Pipeline_VITIS_LOOP_60_5 top_kernel_compute_Pipeline_VITIS_LOOP_72_6_VITIS_LOOP_73_7 top_kernel_compute_Pipeline_VITIS_LOOP_133_9_VITIS_LOOP_134_10 top_kernel_compute top_kernel_write_output}
# dict set report_options bindmodules {top_kernel_flow_control_loop_pipe_sequential_init top_kernel_mul_39s_24ns_63_1_1 top_kernel_mul_39s_26ns_65_1_1 top_kernel_compute_Pipeline_VITIS_LOOP_72_6_VITIS_LOOP_73_7_line_buf_1_RAM_AUTO_1R1W top_kernel_compute_bufferA_RAM_AUTO_1R1W top_kernel_compute_bufferB_RAM_AUTO_1R1W top_kernel_flow_control_loop_pipe top_kernel_fifo_w64_d4_S top_kernel_fifo_w24_d2_S top_kernel_start_for_write_output_U0 top_kernel_start_for_compute_U0 top_kernel_A_in_m_axi top_kernel_A_out_m_axi top_kernel_control_s_axi}
# dict set report_options max_module_depth 7
# create_project $vivado_proj_name $vivado_proj_dir -part $target_device -force
# set_property target_language $language [current_project]
# if { ![file exists $ip_repo_path] } {
#   error "Cannot find packaged HLS IP"
# }
# set_property ip_repo_paths [file normalize $ip_repo_path] [current_project]
# update_ip_catalog
INFO: [IP_Flow 19-234] Refreshing IP repositories
INFO: [IP_Flow 19-1700] Loaded user IP repository '/nethome/shanda34/FPGA_ECE8893_SJH/2026_Spring/lab2/project_1/hls/impl/ip'.
INFO: [IP_Flow 19-2313] Loaded Vivado IP repository '/tools/software/xilinx/2025.1.1/data/ip'.
# create_bd_design bd_0
Wrote  : </nethome/shanda34/FPGA_ECE8893_SJH/2026_Spring/lab2/project_1/hls/impl/verilog/project.srcs/sources_1/bd/bd_0/bd_0.bd> 
# set cell_inst [create_bd_cell -type ip -vlnv $ip_vlnv $bd_inst_name]
# if { [llength $bd_props] } { 
#   set_property -dict $bd_props $cell_inst 
# }
# make_bd_pins_external $cell_inst
# make_bd_intf_pins_external $cell_inst
# set bd_clk_ports [get_bd_ports -filter {TYPE==clk}]
# if { $target_clk_freq_hz ne "" } { 
#   foreach bd_clk_port $bd_clk_ports {
#     # Remove "_0" suffix from BD ports & interfaces so they match IP ports 
#     set clk_name [regsub {_0$} [get_property name $bd_clk_port] {}]
#     set port_freq_hz $target_clk_freq_hz
#     if { [dict exists $other_clks_freq_hz $clk_name] } {
#         set port_freq_hz [dict get $other_clks_freq_hz $clk_name]
#     }
#     set_property CONFIG.FREQ_HZ $port_freq_hz $bd_clk_port
#   }
# }
# foreach bd_port [get_bd_intf_ports] {
#   set_property name [regsub {_0$} [get_property name $bd_port] {}] $bd_port
# }
# foreach bd_port [get_bd_ports -filter {INTF!=TRUE}] {
#   set_property name [regsub {_0$} [get_property name $bd_port] {}] $bd_port
# }
# set s_axi_addr_width_min 32
# foreach bd_port [get_bd_intf_ports -filter {MODE == "Slave" && VLNV =~ "xilinx.com:interface:aximm_rtl:*"}] {
#   set bd_port_addr_width [get_property CONFIG.ADDR_WIDTH $bd_port]
#   if { $bd_port_addr_width < $s_axi_addr_width_min } {
#     puts "INFO: Updating $bd_port CONFIG.ADDR_WIDTH to $s_axi_addr_width_min"
#     set_property CONFIG.ADDR_WIDTH $s_axi_addr_width_min $bd_port
#   }
# }
INFO: Updating /s_axi_control CONFIG.ADDR_WIDTH to 32
# set_msg_config -id {[BD 41-1265]} -severity {CRITICAL WARNING} -new_severity {INFO}
# assign_bd_address
INFO: [BD 41-3093] Triggering Legacy Auto Assign Algorithm
Slave segment '/hls_inst/s_axi_control/Reg' is being assigned into address space '/s_axi_control' at <0x0000_0000 [ 64K ]>.
Slave segment '/m_axi_A_in/Reg' is being assigned into address space '/hls_inst/Data_m_axi_A_in' at <0x44A0_0000 [ 64K ]>.
Slave segment '/m_axi_A_out/Reg' is being assigned into address space '/hls_inst/Data_m_axi_A_out' at <0x44A0_0000 [ 64K ]>.
Wrote  : </nethome/shanda34/FPGA_ECE8893_SJH/2026_Spring/lab2/project_1/hls/impl/verilog/project.srcs/sources_1/bd/bd_0/bd_0.bd> 
Verilog Output written to : /nethome/shanda34/FPGA_ECE8893_SJH/2026_Spring/lab2/project_1/hls/impl/verilog/project.gen/sources_1/bd/bd_0/synth/bd_0.v
Verilog Output written to : /nethome/shanda34/FPGA_ECE8893_SJH/2026_Spring/lab2/project_1/hls/impl/verilog/project.gen/sources_1/bd/bd_0/sim/bd_0.v
Verilog Output written to : /nethome/shanda34/FPGA_ECE8893_SJH/2026_Spring/lab2/project_1/hls/impl/verilog/project.gen/sources_1/bd/bd_0/hdl/bd_0_wrapper.v
# set toprtl [make_wrapper -files [get_files ${bd_design_name}.bd] -top]
# add_files -norecurse $toprtl
# set top_inst_name [file root [file tail $toprtl]]
# puts "Using BD top: $top_inst_name"
Using BD top: bd_0_wrapper
# set xdc_files [glob -nocomplain ./*.xdc]
# if { [llength $xdc_files] } {
#     add_files -fileset constrs_1 -norecurse $xdc_files
# }
# launch_runs synth_1 -scripts_only
INFO: [BD 41-1662] The design 'bd_0.bd' is already validated. Therefore parameter propagation will not be re-run.
Verilog Output written to : /nethome/shanda34/FPGA_ECE8893_SJH/2026_Spring/lab2/project_1/hls/impl/verilog/project.gen/sources_1/bd/bd_0/synth/bd_0.v
Verilog Output written to : /nethome/shanda34/FPGA_ECE8893_SJH/2026_Spring/lab2/project_1/hls/impl/verilog/project.gen/sources_1/bd/bd_0/sim/bd_0.v
Verilog Output written to : /nethome/shanda34/FPGA_ECE8893_SJH/2026_Spring/lab2/project_1/hls/impl/verilog/project.gen/sources_1/bd/bd_0/hdl/bd_0_wrapper.v
INFO: [BD 41-1029] Generation completed for the IP Integrator block hls_inst .
Exporting to file /nethome/shanda34/FPGA_ECE8893_SJH/2026_Spring/lab2/project_1/hls/impl/verilog/project.gen/sources_1/bd/bd_0/hw_handoff/bd_0.hwh
Generated Hardware Definition File /nethome/shanda34/FPGA_ECE8893_SJH/2026_Spring/lab2/project_1/hls/impl/verilog/project.gen/sources_1/bd/bd_0/synth/bd_0.hwdef
WARNING: [Vivado 12-7122] Auto Incremental Compile:: No reference checkpoint was found in run synth_1. Auto-incremental flow will not be run, the standard flow will be run instead.
launch_runs: Time (s): cpu = 00:00:09 ; elapsed = 00:00:10 . Memory (MB): peak = 0.000 ; gain = 0.000 ; free physical = 88392 ; free virtual = 194518
# foreach run [get_runs -filter {IS_SYNTHESIS == 1}] {
#   reset_run [get_runs $run]
# }
# set_property XPM_LIBRARIES {XPM_MEMORY XPM_FIFO} [current_project]
# hls_vivado_reports_setup $report_options
TIMESTAMP: HLS-REPORT: initialize report directories: 2026-02-20 13:34:30 EST
# if { $has_subcore } { report_ip_status }
# if { $has_synth || $has_impl } {
#   # synth properties setting
#   set_property -name {STEPS.SYNTH_DESIGN.ARGS.MORE OPTIONS} -value {-mode out_of_context} -objects [get_runs synth_1]
#   set ip_inst [get_ips -quiet ${bd_design_name}*${bd_inst_name}*]
#   if { ![llength $ip_inst] } {
#       error "Cannot find HLS IP instance: ${bd_design_name}*${bd_inst_name}*"
#   }
#   set synth_run [get_runs -filter {IS_SYNTHESIS == 1} ${ip_inst}*]
#   if { ![llength $synth_run] } {
#       error "Cannot find synth run for HLS IP: ${ip_inst}*"
#   }
# 
#   if { [llength $synth_design_args] } {
#       set_property -name {STEPS.SYNTH_DESIGN.ARGS.MORE OPTIONS} -value $synth_design_args -objects $synth_run
#   }
# 
#   if { [llength $synth_props] } {
#     set_property -dict $synth_props $synth_run
#   }
# 
#   # launch run synth
#   launch_runs synth_1
#   wait_on_run synth_1
#   # synth reports
#   hls_vivado_reports_synth synth_1 $report_options
#   if { $synth_dcp ne "" } {
#     file mkdir [file dirname $synth_dcp]
#     set run_dcp [glob -nocomplain [get_property DIRECTORY $synth_run]/*.dcp]
#     if { [llength $run_dcp] != 1 } { error "Cannot find single dcp file for run $synth_run" }
#     file copy -force $run_dcp $synth_dcp
#   }
# }
WARNING: [Vivado 12-7122] Auto Incremental Compile:: No reference checkpoint was found in run synth_1. Auto-incremental flow will not be run, the standard flow will be run instead.
[Fri Feb 20 13:34:31 2026] Launched bd_0_hls_inst_0_synth_1...
Run output will be captured here: /nethome/shanda34/FPGA_ECE8893_SJH/2026_Spring/lab2/project_1/hls/impl/verilog/project.runs/bd_0_hls_inst_0_synth_1/runme.log
[Fri Feb 20 13:34:31 2026] Launched synth_1...
Run output will be captured here: /nethome/shanda34/FPGA_ECE8893_SJH/2026_Spring/lab2/project_1/hls/impl/verilog/project.runs/synth_1/runme.log
[Fri Feb 20 13:34:31 2026] Waiting for synth_1 to finish...

*** Running vivado
    with args -log bd_0_wrapper.vds -m64 -product Vivado -mode batch -messageDb vivado.pb -notrace -source bd_0_wrapper.tcl


****** Vivado v2025.1.1 (64-bit)
  **** SW Build 6233196 on Thu Sep 11 21:27:11 MDT 2025
  **** IP Build 6232796 on Fri Sep 12 01:46:16 MDT 2025
  **** SharedData Build 6233195 on Thu Sep 11 17:56:43 MDT 2025
  **** Start of session at: Fri Feb 20 13:37:50 2026
    ** Copyright 1986-2022 Xilinx, Inc. All Rights Reserved.
    ** Copyright 2022-2025 Advanced Micro Devices, Inc. All Rights Reserved.

source bd_0_wrapper.tcl -notrace
INFO: Dispatch client connection id - 34001
INFO: [IP_Flow 19-234] Refreshing IP repositories
INFO: [IP_Flow 19-1700] Loaded user IP repository '/nethome/shanda34/FPGA_ECE8893_SJH/2026_Spring/lab2/project_1/hls/impl/ip'.
INFO: [IP_Flow 19-2313] Loaded Vivado IP repository '/tools/software/xilinx/2025.1.1/data/ip'.
Command: synth_design -top bd_0_wrapper -part xczu3eg-sbva484-1-e -mode out_of_context
Starting synth_design
Attempting to get a license for feature 'Synthesis' and/or device 'xczu3eg'
INFO: [Common 17-349] Got license for feature 'Synthesis' and/or device 'xczu3eg'
INFO: [Device 21-403] Loading part xczu3eg-sbva484-1-e
INFO: [Synth 8-7079] Multithreading enabled for synth_design using a maximum of 7 processes.
INFO: [Synth 8-7078] Launching helper process for spawning children vivado processes
INFO: [Synth 8-7075] Helper process launched with PID 3408321
---------------------------------------------------------------------------------
Starting RTL Elaboration : Time (s): cpu = 00:00:06 ; elapsed = 00:00:07 . Memory (MB): peak = 0.000 ; gain = 0.000 ; free physical = 74426 ; free virtual = 180062
---------------------------------------------------------------------------------
INFO: [Synth 8-6157] synthesizing module 'bd_0_wrapper' [/nethome/shanda34/FPGA_ECE8893_SJH/2026_Spring/lab2/project_1/hls/impl/verilog/project.gen/sources_1/bd/bd_0/hdl/bd_0_wrapper.v:13]
INFO: [Synth 8-6157] synthesizing module 'bd_0' [/nethome/shanda34/FPGA_ECE8893_SJH/2026_Spring/lab2/project_1/hls/impl/verilog/project.gen/sources_1/bd/bd_0/synth/bd_0.v:13]
INFO: [Synth 8-6157] synthesizing module 'bd_0_hls_inst_0' [/nethome/shanda34/FPGA_ECE8893_SJH/2026_Spring/lab2/project_1/hls/impl/verilog/project.runs/synth_1/.Xil/Vivado-3398639-ece-linlabsrv01/realtime/bd_0_hls_inst_0_stub.v:6]
INFO: [Synth 8-6155] done synthesizing module 'bd_0_hls_inst_0' (0#1) [/nethome/shanda34/FPGA_ECE8893_SJH/2026_Spring/lab2/project_1/hls/impl/verilog/project.runs/synth_1/.Xil/Vivado-3398639-ece-linlabsrv01/realtime/bd_0_hls_inst_0_stub.v:6]
INFO: [Synth 8-6155] done synthesizing module 'bd_0' (0#1) [/nethome/shanda34/FPGA_ECE8893_SJH/2026_Spring/lab2/project_1/hls/impl/verilog/project.gen/sources_1/bd/bd_0/synth/bd_0.v:13]
INFO: [Synth 8-6155] done synthesizing module 'bd_0_wrapper' (0#1) [/nethome/shanda34/FPGA_ECE8893_SJH/2026_Spring/lab2/project_1/hls/impl/verilog/project.gen/sources_1/bd/bd_0/hdl/bd_0_wrapper.v:13]
---------------------------------------------------------------------------------
Finished RTL Elaboration : Time (s): cpu = 00:00:08 ; elapsed = 00:00:09 . Memory (MB): peak = 0.000 ; gain = 0.000 ; free physical = 75519 ; free virtual = 181156
---------------------------------------------------------------------------------
---------------------------------------------------------------------------------
Start Handling Custom Attributes
---------------------------------------------------------------------------------
---------------------------------------------------------------------------------
Finished Handling Custom Attributes : Time (s): cpu = 00:00:09 ; elapsed = 00:00:09 . Memory (MB): peak = 0.000 ; gain = 0.000 ; free physical = 75525 ; free virtual = 181162
---------------------------------------------------------------------------------
---------------------------------------------------------------------------------
Finished RTL Optimization Phase 1 : Time (s): cpu = 00:00:09 ; elapsed = 00:00:09 . Memory (MB): peak = 0.000 ; gain = 0.000 ; free physical = 75524 ; free virtual = 181162
---------------------------------------------------------------------------------
Netlist sorting complete. Time (s): cpu = 00:00:00.01 ; elapsed = 00:00:00.01 . Memory (MB): peak = 0.000 ; gain = 0.000 ; free physical = 75528 ; free virtual = 181165
INFO: [Project 1-570] Preparing netlist for logic optimization

Processing XDC Constraints
Initializing timing engine
Parsing XDC File [/nethome/shanda34/FPGA_ECE8893_SJH/2026_Spring/lab2/project_1/hls/impl/verilog/project.gen/sources_1/bd/bd_0/ip/bd_0_hls_inst_0/bd_0_hls_inst_0/bd_0_hls_inst_0_in_context.xdc] for cell 'bd_0_i/hls_inst'
Finished Parsing XDC File [/nethome/shanda34/FPGA_ECE8893_SJH/2026_Spring/lab2/project_1/hls/impl/verilog/project.gen/sources_1/bd/bd_0/ip/bd_0_hls_inst_0/bd_0_hls_inst_0/bd_0_hls_inst_0_in_context.xdc] for cell 'bd_0_i/hls_inst'
Parsing XDC File [/nethome/shanda34/FPGA_ECE8893_SJH/2026_Spring/lab2/project_1/hls/impl/verilog/top_kernel.xdc]
create_clock: Time (s): cpu = 00:00:07 ; elapsed = 00:00:07 . Memory (MB): peak = 0.000 ; gain = 0.000 ; free physical = 77256 ; free virtual = 182534
Finished Parsing XDC File [/nethome/shanda34/FPGA_ECE8893_SJH/2026_Spring/lab2/project_1/hls/impl/verilog/top_kernel.xdc]
Parsing XDC File [/nethome/shanda34/FPGA_ECE8893_SJH/2026_Spring/lab2/project_1/hls/impl/verilog/project.runs/synth_1/dont_touch.xdc]
Finished Parsing XDC File [/nethome/shanda34/FPGA_ECE8893_SJH/2026_Spring/lab2/project_1/hls/impl/verilog/project.runs/synth_1/dont_touch.xdc]
Completed Processing XDC Constraints

Netlist sorting complete. Time (s): cpu = 00:00:00 ; elapsed = 00:00:00 . Memory (MB): peak = 0.000 ; gain = 0.000 ; free physical = 77256 ; free virtual = 182534
INFO: [Project 1-111] Unisim Transformation Summary:
No Unisim elements were transformed.

Constraint Validation Runtime : Time (s): cpu = 00:00:00.02 ; elapsed = 00:00:00.04 . Memory (MB): peak = 0.000 ; gain = 0.000 ; free physical = 77256 ; free virtual = 182534
---------------------------------------------------------------------------------
Finished Constraint Validation : Time (s): cpu = 00:00:25 ; elapsed = 00:00:27 . Memory (MB): peak = 0.000 ; gain = 0.000 ; free physical = 76524 ; free virtual = 181910
---------------------------------------------------------------------------------
---------------------------------------------------------------------------------
Start Loading Part and Timing Information
---------------------------------------------------------------------------------
Loading part: xczu3eg-sbva484-1-e
INFO: [Synth 8-6742] Reading net delay rules and data
---------------------------------------------------------------------------------
Finished Loading Part and Timing Information : Time (s): cpu = 00:00:25 ; elapsed = 00:00:27 . Memory (MB): peak = 0.000 ; gain = 0.000 ; free physical = 76523 ; free virtual = 181909
---------------------------------------------------------------------------------
---------------------------------------------------------------------------------
Start Applying 'set_property' XDC Constraints
---------------------------------------------------------------------------------
---------------------------------------------------------------------------------
Finished applying 'set_property' XDC Constraints : Time (s): cpu = 00:00:26 ; elapsed = 00:00:27 . Memory (MB): peak = 0.000 ; gain = 0.000 ; free physical = 76486 ; free virtual = 181873
---------------------------------------------------------------------------------
---------------------------------------------------------------------------------
Finished RTL Optimization Phase 2 : Time (s): cpu = 00:00:26 ; elapsed = 00:00:27 . Memory (MB): peak = 0.000 ; gain = 0.000 ; free physical = 76505 ; free virtual = 181894
---------------------------------------------------------------------------------
---------------------------------------------------------------------------------
Start RTL Component Statistics 
---------------------------------------------------------------------------------
Detailed RTL Component Info : 
---------------------------------------------------------------------------------
Finished RTL Component Statistics 
---------------------------------------------------------------------------------
---------------------------------------------------------------------------------
Start Part Resource Summary
---------------------------------------------------------------------------------
Part Resources:
DSPs: 360 (col length:72)
BRAMs: 432 (col length: RAMB18 72 RAMB36 36)
---------------------------------------------------------------------------------
Finished Part Resource Summary
---------------------------------------------------------------------------------
---------------------------------------------------------------------------------
Start Cross Boundary and Area Optimization
---------------------------------------------------------------------------------
WARNING: [Synth 8-7080] Parallel synthesis criteria is not met
---------------------------------------------------------------------------------
Finished Cross Boundary and Area Optimization : Time (s): cpu = 00:00:28 ; elapsed = 00:00:29 . Memory (MB): peak = 0.000 ; gain = 0.000 ; free physical = 76386 ; free virtual = 181795
---------------------------------------------------------------------------------
---------------------------------------------------------------------------------
Start Applying XDC Timing Constraints
---------------------------------------------------------------------------------
---------------------------------------------------------------------------------
Finished Applying XDC Timing Constraints : Time (s): cpu = 00:00:42 ; elapsed = 00:00:45 . Memory (MB): peak = 0.000 ; gain = 0.000 ; free physical = 76468 ; free virtual = 181783
---------------------------------------------------------------------------------
---------------------------------------------------------------------------------
Start Timing Optimization
---------------------------------------------------------------------------------
---------------------------------------------------------------------------------
Finished Timing Optimization : Time (s): cpu = 00:00:42 ; elapsed = 00:00:45 . Memory (MB): peak = 0.000 ; gain = 0.000 ; free physical = 76465 ; free virtual = 181780
---------------------------------------------------------------------------------
---------------------------------------------------------------------------------
Start Technology Mapping
---------------------------------------------------------------------------------
---------------------------------------------------------------------------------
Finished Technology Mapping : Time (s): cpu = 00:00:42 ; elapsed = 00:00:45 . Memory (MB): peak = 0.000 ; gain = 0.000 ; free physical = 76450 ; free virtual = 181764
---------------------------------------------------------------------------------
---------------------------------------------------------------------------------
Start IO Insertion
---------------------------------------------------------------------------------
---------------------------------------------------------------------------------
Start Flattening Before IO Insertion
---------------------------------------------------------------------------------
---------------------------------------------------------------------------------
Finished Flattening Before IO Insertion
---------------------------------------------------------------------------------
---------------------------------------------------------------------------------
Start Final Netlist Cleanup
---------------------------------------------------------------------------------
---------------------------------------------------------------------------------
Finished Final Netlist Cleanup
---------------------------------------------------------------------------------
---------------------------------------------------------------------------------
Finished IO Insertion : Time (s): cpu = 00:00:48 ; elapsed = 00:00:50 . Memory (MB): peak = 0.000 ; gain = 0.000 ; free physical = 76172 ; free virtual = 181498
---------------------------------------------------------------------------------
---------------------------------------------------------------------------------
Start Renaming Generated Instances
---------------------------------------------------------------------------------
---------------------------------------------------------------------------------
Finished Renaming Generated Instances : Time (s): cpu = 00:00:48 ; elapsed = 00:00:50 . Memory (MB): peak = 0.000 ; gain = 0.000 ; free physical = 76172 ; free virtual = 181498
---------------------------------------------------------------------------------
---------------------------------------------------------------------------------
Start Rebuilding User Hierarchy
---------------------------------------------------------------------------------
---------------------------------------------------------------------------------
Finished Rebuilding User Hierarchy : Time (s): cpu = 00:00:48 ; elapsed = 00:00:50 . Memory (MB): peak = 0.000 ; gain = 0.000 ; free physical = 76172 ; free virtual = 181498
---------------------------------------------------------------------------------
---------------------------------------------------------------------------------
Start Renaming Generated Ports
---------------------------------------------------------------------------------
---------------------------------------------------------------------------------
Finished Renaming Generated Ports : Time (s): cpu = 00:00:48 ; elapsed = 00:00:50 . Memory (MB): peak = 0.000 ; gain = 0.000 ; free physical = 76172 ; free virtual = 181498
---------------------------------------------------------------------------------
---------------------------------------------------------------------------------
Start Handling Custom Attributes
---------------------------------------------------------------------------------
---------------------------------------------------------------------------------
Finished Handling Custom Attributes : Time (s): cpu = 00:00:48 ; elapsed = 00:00:50 . Memory (MB): peak = 0.000 ; gain = 0.000 ; free physical = 76172 ; free virtual = 181498
---------------------------------------------------------------------------------
---------------------------------------------------------------------------------
Start Renaming Generated Nets
---------------------------------------------------------------------------------
---------------------------------------------------------------------------------
Finished Renaming Generated Nets : Time (s): cpu = 00:00:48 ; elapsed = 00:00:50 . Memory (MB): peak = 0.000 ; gain = 0.000 ; free physical = 76172 ; free virtual = 181498
---------------------------------------------------------------------------------
---------------------------------------------------------------------------------
Start Writing Synthesis Report
---------------------------------------------------------------------------------

Report BlackBoxes: 
+------+----------------+----------+
|      |BlackBox name   |Instances |
+------+----------------+----------+
|1     |bd_0_hls_inst_0 |         1|
+------+----------------+----------+

Report Cell Usage: 
+------+--------------+------+
|      |Cell          |Count |
+------+--------------+------+
|1     |bd_0_hls_inst |     1|
+------+--------------+------+
---------------------------------------------------------------------------------
Finished Writing Synthesis Report : Time (s): cpu = 00:00:48 ; elapsed = 00:00:50 . Memory (MB): peak = 0.000 ; gain = 0.000 ; free physical = 76172 ; free virtual = 181498
---------------------------------------------------------------------------------
Synthesis finished with 0 errors, 0 critical warnings and 1 warnings.
Synthesis Optimization Runtime : Time (s): cpu = 00:00:39 ; elapsed = 00:00:42 . Memory (MB): peak = 0.000 ; gain = 0.000 ; free physical = 76226 ; free virtual = 181553
Synthesis Optimization Complete : Time (s): cpu = 00:00:48 ; elapsed = 00:00:51 . Memory (MB): peak = 0.000 ; gain = 0.000 ; free physical = 76226 ; free virtual = 181553
INFO: [Project 1-571] Translating synthesized netlist
Netlist sorting complete. Time (s): cpu = 00:00:00 ; elapsed = 00:00:00.01 . Memory (MB): peak = 0.000 ; gain = 0.000 ; free physical = 76217 ; free virtual = 181543
INFO: [Project 1-570] Preparing netlist for logic optimization
INFO: [Opt 31-138] Pushed 0 inverter(s) to 0 load pin(s).
Netlist sorting complete. Time (s): cpu = 00:00:00 ; elapsed = 00:00:00 . Memory (MB): peak = 0.000 ; gain = 0.000 ; free physical = 76363 ; free virtual = 181690
INFO: [Project 1-111] Unisim Transformation Summary:
No Unisim elements were transformed.

Synth Design complete | Checksum: 8adc2b24
INFO: [Common 17-83] Releasing license: Synthesis
22 Infos, 1 Warnings, 0 Critical Warnings and 0 Errors encountered.
synth_design completed successfully
synth_design: Time (s): cpu = 00:01:05 ; elapsed = 00:01:05 . Memory (MB): peak = 0.000 ; gain = 0.000 ; free physical = 76362 ; free virtual = 181688
INFO: [Common 17-2834] synth_design peak Physical Memory [PSS] (MB): overall = 2693.126; main = 2492.765; forked = 200.391
INFO: [Common 17-2834] synth_design peak Virtual Memory [VSS] (MB): overall = 5467.152; main = 3868.918; forked = 1598.234
INFO: [Common 17-1381] The checkpoint '/nethome/shanda34/FPGA_ECE8893_SJH/2026_Spring/lab2/project_1/hls/impl/verilog/project.runs/synth_1/bd_0_wrapper.dcp' has been generated.
INFO: [Vivado 12-24828] Executing command : report_utilization -file bd_0_wrapper_utilization_synth.rpt -pb bd_0_wrapper_utilization_synth.pb
INFO: [Common 17-206] Exiting Vivado at Fri Feb 20 13:39:10 2026...
[Fri Feb 20 13:39:31 2026] synth_1 finished
wait_on_runs: Time (s): cpu = 00:04:31 ; elapsed = 00:05:00 . Memory (MB): peak = 0.000 ; gain = 0.000 ; free physical = 78673 ; free virtual = 184028
TIMESTAMP: HLS-REPORT: synthesis open_run: 2026-02-20 13:39:31 EST
INFO: HLS-REPORT: Opening synthesis design database: open_run synth_1
Design is defaulting to impl run constrset: constrs_1
Design is defaulting to synth run part: xczu3eg-sbva484-1-e
INFO: [Device 21-403] Loading part xczu3eg-sbva484-1-e
INFO: [Project 1-5699] Read binary netlist with skipMacroContent - 1
INFO: [Project 1-454] Reading design checkpoint '/nethome/shanda34/FPGA_ECE8893_SJH/2026_Spring/lab2/project_1/hls/impl/verilog/project.gen/sources_1/bd/bd_0/ip/bd_0_hls_inst_0/bd_0_hls_inst_0.dcp' for cell 'bd_0_i/hls_inst'
Netlist sorting complete. Time (s): cpu = 00:00:00.09 ; elapsed = 00:00:00.09 . Memory (MB): peak = 0.000 ; gain = 0.000 ; free physical = 77711 ; free virtual = 183083
INFO: [Netlist 29-17] Analyzing 150 Unisim elements for replacement
INFO: [Netlist 29-28] Unisim Transformation completed in 0 CPU seconds
INFO: [Project 1-479] Netlist was created with Vivado 2025.1.1
INFO: [Project 1-570] Preparing netlist for logic optimization
Parsing XDC File [/nethome/shanda34/FPGA_ECE8893_SJH/2026_Spring/lab2/project_1/hls/impl/verilog/top_kernel.xdc]
create_clock: Time (s): cpu = 00:00:07 ; elapsed = 00:00:07 . Memory (MB): peak = 0.000 ; gain = 0.000 ; free physical = 82473 ; free virtual = 187857
Finished Parsing XDC File [/nethome/shanda34/FPGA_ECE8893_SJH/2026_Spring/lab2/project_1/hls/impl/verilog/top_kernel.xdc]
INFO: [Opt 31-138] Pushed 0 inverter(s) to 0 load pin(s).
Netlist sorting complete. Time (s): cpu = 00:00:00 ; elapsed = 00:00:00 . Memory (MB): peak = 0.000 ; gain = 0.000 ; free physical = 87916 ; free virtual = 193310
INFO: [Project 1-111] Unisim Transformation Summary:
  A total of 4 instances were transformed.
  DSP48E2 => DSP48E2 (DSP_ALU, DSP_A_B_DATA, DSP_C_DATA, DSP_MULTIPLIER, DSP_M_DATA, DSP_OUTPUT, DSP_PREADD, DSP_PREADD_DATA): 4 instances

open_run: Time (s): cpu = 00:00:28 ; elapsed = 00:00:30 . Memory (MB): peak = 0.000 ; gain = 0.000 ; free physical = 87910 ; free virtual = 193304
TIMESTAMP: HLS-REPORT: synthesis generate_reports_vivado: 2026-02-20 13:40:01 EST
INFO: HLS-REPORT: Running report: report_utilization -file ./report/top_kernel_utilization_synth.rpt
INFO: HLS-REPORT: Running report: report_utilization -hierarchical -hierarchical_depth 7 -file ./report/top_kernel_utilization_hierarchical_synth.rpt
INFO: HLS-REPORT: Running report: report_timing_summary -file ./report/top_kernel_timing_synth.rpt
INFO: [Timing 38-35] Done setting XDC timing constraints.
INFO: [Timing 38-91] UpdateTimingParams: Speed grade: -1, Temperature grade: E, Delay Type: min_max.
INFO: [Timing 38-191] Multithreading enabled for timing update using a maximum of 8 CPUs
WARNING: [Timing 38-242] The property HD.CLK_SRC of clock port "ap_clk" is not set. In out-of-context mode, this prevents timing estimation for clock delay/skew
Resolution: Set the HD.CLK_SRC property of the out-of-context port to the location of the clock buffer instance in the top-level design
report_timing_summary: Time (s): cpu = 00:00:29 ; elapsed = 00:00:28 . Memory (MB): peak = 0.000 ; gain = 0.000 ; free physical = 86905 ; free virtual = 192322
INFO: HLS-REPORT: Running report: report_power -file ./report/top_kernel_power_synth.rpt -xpe ./top_kernel_power.xpe
Command: report_power -file ./report/top_kernel_power_synth.rpt -xpe ./top_kernel_power.xpe
Running Vector-less Activity Propagation...

Finished Running Vector-less Activity Propagation
12 Infos, 2 Warnings, 0 Critical Warnings and 0 Errors encountered.
report_power completed successfully
INFO: HLS-REPORT: Running report: report_timing -max_paths 10 -file ./report/top_kernel_timing_paths_synth.rpt
INFO: [Timing 38-91] UpdateTimingParams: Speed grade: -1, Temperature grade: E, Delay Type: max.
INFO: [Timing 38-191] Multithreading enabled for timing update using a maximum of 8 CPUs
INFO: [Timing 38-78] ReportTimingParams: -max_paths 10 -nworst 1 -delay_type max -sort_by slack.
INFO: HLS-REPORT: Running report: report_design_analysis -file ./report/top_kernel_design_analysis_synth.rpt
INFO: [Implflow 30-839]  
INFO: HLS-REPORT: Running report: ::tclapp::xilinx::designutils::report_failfast -detailed_report synth -file ./report/top_kernel_failfast_synth.rpt
 -I- design metrics completed in 0 seconds
 -I- DONT_TOUCH metric completed in 0 seconds
 -I- MARK_DEBUG metric completed in 0 seconds
 -I- utilization metrics completed in 2 seconds
 -I- control set metrics completed in 1 seconds
 -I- methodology check metrics completed in 1 seconds
 -I- average fanout metrics completed in 1 seconds (0 modules)
 -I- non-FD high fanout nets completed in 1 seconds
 -I- path budgeting metrics completed in 0 seconds
#  +-----------------------------------------------------------------------------------------+
#  | Design Summary                                                                          |
#  | design_1                                                                                |
#  | xczu3eg-sbva484-1-e                                                                     |
#  +-----------------------------------------------------------+-----------+--------+--------+
#  | Criteria                                                  | Guideline | Actual | Status |
#  +-----------------------------------------------------------+-----------+--------+--------+
#  | LUT                                                       | 70%       | 4.05%  | OK     |
#  | FD                                                        | 50%       | 2.03%  | OK     |
#  | LUTRAM+SRL                                                | 25%       | 1.05%  | OK     |
#  | CARRY8                                                    | 25%       | 1.38%  | OK     |
#  | MUXF7                                                     | 15%       | 0.07%  | OK     |
#  | DSP                                                       | 80%       | 1.11%  | OK     |
#  | RAMB/FIFO                                                 | 80%       | 41.44% | OK     |
#  | DSP+RAMB+URAM (Avg)                                       | 70%       | 21.27% | OK     |
#  | BUFGCE* + BUFGCTRL                                        | 24        | 0      | OK     |
#  | DONT_TOUCH (cells/nets)                                   | 0         | 0      | OK     |
#  | MARK_DEBUG (nets)                                         | 0         | 0      | OK     |
#  | Control Sets                                              | 1323      | 120    | OK     |
#  | Average Fanout for modules > 100k cells                   | 4         | 2.35   | OK     |
#  | Max Average Fanout for modules > 100k cells               | 4         | 0      | OK     |
#  | Non-FD high fanout nets > 10k loads                       | 0         | 0      | OK     |
#  +-----------------------------------------------------------+-----------+--------+--------+
#  | TIMING-6 (No common primary clock between related clocks) | 0         | 0      | OK     |
#  | TIMING-7 (No common node between related clocks)          | 0         | 0      | OK     |
#  | TIMING-8 (No common period between related clocks)        | 0         | 0      | OK     |
#  | TIMING-14 (LUT on the clock tree)                         | 0         | 0      | OK     |
#  | TIMING-35 (No common node in paths with the same clock)   | 0         | 0      | OK     |
#  +-----------------------------------------------------------+-----------+--------+--------+
#  | Number of paths above max LUT budgeting (0.350ns)         | 0         | 0      | OK     |
#  | Number of paths above max Net budgeting (0.239ns)         | 0         | 0      | OK     |
#  +-----------------------------------------------------------+-----------+--------+--------+
 -I- Generated file /nethome/shanda34/FPGA_ECE8893_SJH/2026_Spring/lab2/project_1/hls/impl/verilog/report/top_kernel_failfast_synth.rpt
 -I- Number of criteria to review: 0
 -I- This report should be run before placing the design and uses conservative guidelines beyond which runtime and timing closure will likely be more challenging
 -I- report_failfast completed in 6 seconds
TIMESTAMP: HLS-REPORT: synthesis gen_data_dict_vivado: 2026-02-20 13:40:40 EST
TIMESTAMP: HLS-REPORT: synth extract_util_hier: 2026-02-20 13:40:40 EST
TIMESTAMP: HLS-REPORT: synth get_cell_hier_data: 2026-02-20 13:40:40 EST
TIMESTAMP: HLS-REPORT: synth get_timing_paths: 2026-02-20 13:40:40 EST
TIMESTAMP: HLS-REPORT: synth process timing paths: 2026-02-20 13:40:40 EST
TIMESTAMP: HLS-REPORT: synth get_all_vv_rpt_files: 2026-02-20 13:40:40 EST
TIMESTAMP: HLS-REPORT: synthesis write_reports_vivado: 2026-02-20 13:40:40 EST
HLS EXTRACTION: synth area_totals:  0 70560 141120 360 432 0 0
HLS EXTRACTION: synth area_current: 0 2856 2860 4 179 0 302 0 0 0
HLS EXTRACTION: synth resources_dict: AVAIL_LUT 70560 LUT 2856 AVAIL_FF 141120 FF 2860 AVAIL_DSP 360 DSP 4 AVAIL_BRAM 432 BRAM 179 AVAIL_URAM 0 URAM 0 LATCH 0 SRL 302 AVAIL_CLB 0 CLB 0
INFO: HLS-REPORT: generated /nethome/shanda34/FPGA_ECE8893_SJH/2026_Spring/lab2/project_1/hls/impl/verilog/report/vivado_syn.xml
INFO: HLS-REPORT: generated /nethome/shanda34/FPGA_ECE8893_SJH/2026_Spring/lab2/project_1/hls/impl/report/verilog/top_kernel_export.rpt


Implementation tool: Xilinx Vivado v.2025.1.1
Project:             project_1
Solution:            hls
Device target:       xczu3eg-sbva484-1-e
Report date:         Fri Feb 20 13:40:41 EST 2026

#=== Post-Synthesis Resource usage ===
SLICE:            0
LUT:           2856
FF:            2860
DSP:              4
BRAM:           179
URAM:             0
LATCH:            0
SRL:            302
CLB:              0

#=== Final timing ===
CP required:                     10.000
CP achieved post-synthesis:      4.780
Timing met

TIMESTAMP: HLS-REPORT: synthesis end: 2026-02-20 13:40:41 EST
# if { $has_impl } {
#   # launch run impl
#   if { [llength $impl_props] } {
#     set_property -dict $impl_props [get_runs impl_1]
#   }
#   launch_runs impl_1
#   wait_on_run impl_1
#   # impl reports
#   hls_vivado_reports_impl impl_1 $report_options
# }
INFO: [Timing 38-480] Writing timing data to binary archive.
Write ShapeDB Complete: Time (s): cpu = 00:00:00.05 ; elapsed = 00:00:00.02 . Memory (MB): peak = 0.000 ; gain = 0.000 ; free physical = 85422 ; free virtual = 191516
WARNING: [Common 17-210] 'write_hwdef' is deprecated.
[Fri Feb 20 13:40:42 2026] Launched impl_1...
Run output will be captured here: /nethome/shanda34/FPGA_ECE8893_SJH/2026_Spring/lab2/project_1/hls/impl/verilog/project.runs/impl_1/runme.log
[Fri Feb 20 13:40:42 2026] Waiting for impl_1 to finish...

*** Running vivado
    with args -log bd_0_wrapper.vdi -applog -m64 -product Vivado -messageDb vivado.pb -mode batch -source bd_0_wrapper.tcl -notrace


****** Vivado v2025.1.1 (64-bit)
  **** SW Build 6233196 on Thu Sep 11 21:27:11 MDT 2025
  **** IP Build 6232796 on Fri Sep 12 01:46:16 MDT 2025
  **** SharedData Build 6233195 on Thu Sep 11 17:56:43 MDT 2025
  **** Start of session at: Fri Feb 20 13:40:47 2026
    ** Copyright 1986-2022 Xilinx, Inc. All Rights Reserved.
    ** Copyright 2022-2025 Advanced Micro Devices, Inc. All Rights Reserved.

source bd_0_wrapper.tcl -notrace
INFO: Dispatch client connection id - 34001
Command: open_checkpoint /nethome/shanda34/FPGA_ECE8893_SJH/2026_Spring/lab2/project_1/hls/impl/verilog/project.runs/impl_1/bd_0_wrapper.dcp
INFO: [Device 21-403] Loading part xczu3eg-sbva484-1-e
Netlist sorting complete. Time (s): cpu = 00:00:00.08 ; elapsed = 00:00:00.08 . Memory (MB): peak = 0.000 ; gain = 0.000 ; free physical = 82869 ; free virtual = 189816
INFO: [Netlist 29-17] Analyzing 150 Unisim elements for replacement
INFO: [Netlist 29-28] Unisim Transformation completed in 0 CPU seconds
INFO: [Project 1-479] Netlist was created with Vivado 2025.1.1
INFO: [Project 1-570] Preparing netlist for logic optimization
Read ShapeDB Complete: Time (s): cpu = 00:00:00.02 ; elapsed = 00:00:00.02 . Memory (MB): peak = 0.000 ; gain = 0.000 ; free physical = 82573 ; free virtual = 189522
INFO: [Timing 38-478] Restoring timing data from binary archive.
INFO: [Timing 38-479] Binary timing data restore complete.
INFO: [Project 1-856] Restoring constraints from binary archive.
INFO: [Project 1-853] Binary constraint restore complete.
Netlist sorting complete. Time (s): cpu = 00:00:00 ; elapsed = 00:00:00 . Memory (MB): peak = 0.000 ; gain = 0.000 ; free physical = 81625 ; free virtual = 188597
INFO: [Project 1-111] Unisim Transformation Summary:
  A total of 4 instances were transformed.
  DSP48E2 => DSP48E2 (DSP_ALU, DSP_A_B_DATA, DSP_C_DATA, DSP_MULTIPLIER, DSP_M_DATA, DSP_OUTPUT, DSP_PREADD, DSP_PREADD_DATA): 4 instances

INFO: [Project 1-604] Checkpoint was created with Vivado v2025.1.1 (64-bit) build 6233196
open_checkpoint: Time (s): cpu = 00:00:46 ; elapsed = 00:00:39 . Memory (MB): peak = 0.000 ; gain = 0.000 ; free physical = 82481 ; free virtual = 189453
INFO: [IP_Flow 19-234] Refreshing IP repositories
INFO: [IP_Flow 19-1700] Loaded user IP repository '/nethome/shanda34/FPGA_ECE8893_SJH/2026_Spring/lab2/project_1/hls/impl/ip'.
INFO: [IP_Flow 19-2313] Loaded Vivado IP repository '/tools/software/xilinx/2025.1.1/data/ip'.
Command: opt_design
Attempting to get a license for feature 'Implementation' and/or device 'xczu3eg'
INFO: [Common 17-349] Got license for feature 'Implementation' and/or device 'xczu3eg'
Running DRC as a precondition to command opt_design

Starting DRC Task
INFO: [DRC 23-27] Running DRC with 8 threads
WARNING: [DRC 23-814] Not all possible (connectivity based) DRCs may have been run because this design is seen as Out of Context.
INFO: [Project 1-461] DRC finished with 0 Errors
INFO: [Project 1-462] Please refer to the DRC report (report_drc) for more information.

Time (s): cpu = 00:00:04 ; elapsed = 00:00:01 . Memory (MB): peak = 0.000 ; gain = 0.000 ; free physical = 82355 ; free virtual = 189327

Starting Cache Timing Information Task
Ending Cache Timing Information Task | Checksum: 11e8b98e5

Time (s): cpu = 00:00:00.94 ; elapsed = 00:00:01 . Memory (MB): peak = 0.000 ; gain = 0.000 ; free physical = 82324 ; free virtual = 189297

Starting Logic Optimization Task

Phase 1 Initialization

Phase 1.1 Core Generation And Design Setup
Phase 1.1 Core Generation And Design Setup | Checksum: 11e8b98e5

Time (s): cpu = 00:00:00.01 ; elapsed = 00:00:00.01 . Memory (MB): peak = 0.000 ; gain = 0.000 ; free physical = 81790 ; free virtual = 188750

Phase 1.2 Setup Constraints And Sort Netlist
Phase 1.2 Setup Constraints And Sort Netlist | Checksum: 11e8b98e5

Time (s): cpu = 00:00:00.01 ; elapsed = 00:00:00.02 . Memory (MB): peak = 0.000 ; gain = 0.000 ; free physical = 81790 ; free virtual = 188750
Phase 1 Initialization | Checksum: 11e8b98e5

Time (s): cpu = 00:00:00.01 ; elapsed = 00:00:00.02 . Memory (MB): peak = 0.000 ; gain = 0.000 ; free physical = 81791 ; free virtual = 188750

Phase 2 Timer Update And Timing Data Collection

Phase 2.1 Timer Update
Phase 2.1 Timer Update | Checksum: 11e8b98e5

Time (s): cpu = 00:00:00.6 ; elapsed = 00:00:00.18 . Memory (MB): peak = 0.000 ; gain = 0.000 ; free physical = 81799 ; free virtual = 188759

Phase 2.2 Timing Data Collection
Phase 2.2 Timing Data Collection | Checksum: 11e8b98e5

Time (s): cpu = 00:00:00.61 ; elapsed = 00:00:00.2 . Memory (MB): peak = 0.000 ; gain = 0.000 ; free physical = 81928 ; free virtual = 188887
Phase 2 Timer Update And Timing Data Collection | Checksum: 11e8b98e5

Time (s): cpu = 00:00:00.62 ; elapsed = 00:00:00.2 . Memory (MB): peak = 0.000 ; gain = 0.000 ; free physical = 81928 ; free virtual = 188887

Phase 3 Retarget
INFO: [Opt 31-1851] Number of loadless carry chains removed were: 0
INFO: [Opt 31-1834] Total Chains To Be Transformed Were: 0 AND Number of Transformed insts Created are: 0
INFO: [Opt 31-1566] Pulled 1 inverters resulting in an inversion of 24 pins
INFO: [Opt 31-138] Pushed 1 inverter(s) to 1442 load pin(s).
INFO: [Opt 31-49] Retargeted 0 cell(s).
Phase 3 Retarget | Checksum: 159fa7ba0

Time (s): cpu = 00:00:01 ; elapsed = 00:00:00.61 . Memory (MB): peak = 0.000 ; gain = 0.000 ; free physical = 81907 ; free virtual = 188866
Retarget | Checksum: 159fa7ba0
INFO: [Opt 31-389] Phase Retarget created 0 cells and removed 2 cells

Phase 4 Constant propagation
INFO: [Opt 31-138] Pushed 0 inverter(s) to 0 load pin(s).
Phase 4 Constant propagation | Checksum: 15cfc907c

Time (s): cpu = 00:00:01 ; elapsed = 00:00:00.67 . Memory (MB): peak = 0.000 ; gain = 0.000 ; free physical = 81906 ; free virtual = 188866
Constant propagation | Checksum: 15cfc907c
INFO: [Opt 31-389] Phase Constant propagation created 0 cells and removed 0 cells

Phase 5 Sweep
INFO: [Constraints 18-11670] Building netlist checker database with flags, 0x8
Done building netlist checker database: Time (s): cpu = 00:00:00 ; elapsed = 00:00:00 . Memory (MB): peak = 0.000 ; gain = 0.000 ; free physical = 81905 ; free virtual = 188864
INFO: [Constraints 18-11670] Building netlist checker database with flags, 0x8
Done building netlist checker database: Time (s): cpu = 00:00:00.01 ; elapsed = 00:00:00 . Memory (MB): peak = 0.000 ; gain = 0.000 ; free physical = 81905 ; free virtual = 188864
Phase 5 Sweep | Checksum: 13050267f

Time (s): cpu = 00:00:01 ; elapsed = 00:00:00.86 . Memory (MB): peak = 0.000 ; gain = 0.000 ; free physical = 81904 ; free virtual = 188863
Sweep | Checksum: 13050267f
INFO: [Opt 31-389] Phase Sweep created 0 cells and removed 0 cells

Phase 6 BUFG optimization
INFO: [Opt 31-1077] Phase BUFG optimization inserted 0 global clock buffer(s) for CLOCK_LOW_FANOUT.
Phase 6 BUFG optimization | Checksum: 13050267f

Time (s): cpu = 00:00:02 ; elapsed = 00:00:00.9 . Memory (MB): peak = 0.000 ; gain = 0.000 ; free physical = 81906 ; free virtual = 188866
BUFG optimization | Checksum: 13050267f
INFO: [Opt 31-662] Phase BUFG optimization created 0 cells of which 0 are BUFGs and removed 0 cells.

Phase 7 Shift Register Optimization
INFO: [Opt 31-1064] SRL Remap converted 0 SRLs to 0 registers and converted 0 registers of register chains to 0 SRLs
Phase 7 Shift Register Optimization | Checksum: 13050267f

Time (s): cpu = 00:00:02 ; elapsed = 00:00:00.91 . Memory (MB): peak = 0.000 ; gain = 0.000 ; free physical = 81902 ; free virtual = 188861
Shift Register Optimization | Checksum: 13050267f
INFO: [Opt 31-389] Phase Shift Register Optimization created 0 cells and removed 0 cells

Phase 8 Post Processing Netlist
Phase 8 Post Processing Netlist | Checksum: 13050267f

Time (s): cpu = 00:00:02 ; elapsed = 00:00:00.94 . Memory (MB): peak = 0.000 ; gain = 0.000 ; free physical = 81901 ; free virtual = 188860
Post Processing Netlist | Checksum: 13050267f
INFO: [Opt 31-389] Phase Post Processing Netlist created 0 cells and removed 0 cells

Phase 9 Finalization

Phase 9.1 Finalizing Design Cores and Updating Shapes
Phase 9.1 Finalizing Design Cores and Updating Shapes | Checksum: 133ecbc54

Time (s): cpu = 00:00:02 ; elapsed = 00:00:01 . Memory (MB): peak = 0.000 ; gain = 0.000 ; free physical = 81892 ; free virtual = 188851

Phase 9.2 Verifying Netlist Connectivity

Starting Connectivity Check Task

Time (s): cpu = 00:00:00.02 ; elapsed = 00:00:00.03 . Memory (MB): peak = 0.000 ; gain = 0.000 ; free physical = 81892 ; free virtual = 188851
Phase 9.2 Verifying Netlist Connectivity | Checksum: 133ecbc54

Time (s): cpu = 00:00:02 ; elapsed = 00:00:01 . Memory (MB): peak = 0.000 ; gain = 0.000 ; free physical = 81892 ; free virtual = 188851
Phase 9 Finalization | Checksum: 133ecbc54

Time (s): cpu = 00:00:02 ; elapsed = 00:00:01 . Memory (MB): peak = 0.000 ; gain = 0.000 ; free physical = 81892 ; free virtual = 188851
Opt_design Change Summary
=========================


-------------------------------------------------------------------------------------------------------------------------
|  Phase                        |  #Cells created  |  #Cells Removed  |  #Constrained objects preventing optimizations  |
-------------------------------------------------------------------------------------------------------------------------
|  Retarget                     |               0  |               2  |                                              0  |
|  Constant propagation         |               0  |               0  |                                              0  |
|  Sweep                        |               0  |               0  |                                              0  |
|  BUFG optimization            |               0  |               0  |                                              0  |
|  Shift Register Optimization  |               0  |               0  |                                              0  |
|  Post Processing Netlist      |               0  |               0  |                                              0  |
-------------------------------------------------------------------------------------------------------------------------


Ending Logic Optimization Task | Checksum: 133ecbc54

Time (s): cpu = 00:00:02 ; elapsed = 00:00:01 . Memory (MB): peak = 0.000 ; gain = 0.000 ; free physical = 81892 ; free virtual = 188851

Starting Power Optimization Task
INFO: [Pwropt 34-132] Skipping clock gating for clocks with a period < 2.00 ns.
INFO: [Timing 38-35] Done setting XDC timing constraints.
Running Vector-less Activity Propagation...

Finished Running Vector-less Activity Propagation
INFO: [Pwropt 34-9] Applying IDT optimizations ...
INFO: [Pwropt 34-10] Applying ODC optimizations ...


Starting PowerOpt Patch Enables Task
INFO: [Pwropt 34-162] WRITE_MODE attribute of 0 BRAM(s) out of a total of 91 has been updated to save power. Run report_power_opt to get a complete listing of the BRAMs updated.
INFO: [Pwropt 34-201] Structural ODC has moved 0 WE to EN ports
Number of BRAM Ports augmented: 44 newly gated: 1 Total Ports: 182
Ending PowerOpt Patch Enables Task | Checksum: 191d03f1b

Time (s): cpu = 00:00:00.79 ; elapsed = 00:00:00.75 . Memory (MB): peak = 0.000 ; gain = 0.000 ; free physical = 81473 ; free virtual = 188443
Ending Power Optimization Task | Checksum: 191d03f1b

Time (s): cpu = 00:00:15 ; elapsed = 00:00:09 . Memory (MB): peak = 0.000 ; gain = 0.000 ; free physical = 81472 ; free virtual = 188442

Starting Final Cleanup Task
Ending Final Cleanup Task | Checksum: 191d03f1b

Time (s): cpu = 00:00:00 ; elapsed = 00:00:00 . Memory (MB): peak = 0.000 ; gain = 0.000 ; free physical = 81471 ; free virtual = 188441

Starting Netlist Obfuscation Task
Netlist sorting complete. Time (s): cpu = 00:00:00.01 ; elapsed = 00:00:00.01 . Memory (MB): peak = 0.000 ; gain = 0.000 ; free physical = 81469 ; free virtual = 188439
Ending Netlist Obfuscation Task | Checksum: 1f2424724

Time (s): cpu = 00:00:00.02 ; elapsed = 00:00:00.01 . Memory (MB): peak = 0.000 ; gain = 0.000 ; free physical = 81469 ; free virtual = 188439
INFO: [Common 17-83] Releasing license: Implementation
41 Infos, 1 Warnings, 0 Critical Warnings and 0 Errors encountered.
opt_design completed successfully
opt_design: Time (s): cpu = 00:00:26 ; elapsed = 00:00:17 . Memory (MB): peak = 0.000 ; gain = 0.000 ; free physical = 81469 ; free virtual = 188439
INFO: [Vivado 12-24828] Executing command : report_drc -file bd_0_wrapper_drc_opted.rpt -pb bd_0_wrapper_drc_opted.pb -rpx bd_0_wrapper_drc_opted.rpx
Command: report_drc -file bd_0_wrapper_drc_opted.rpt -pb bd_0_wrapper_drc_opted.pb -rpx bd_0_wrapper_drc_opted.rpx
INFO: [IP_Flow 19-1839] IP Catalog is up to date.
INFO: [DRC 23-27] Running DRC with 8 threads
WARNING: [DRC 23-814] Not all possible (connectivity based) DRCs may have been run because this design is seen as Out of Context.
INFO: [Vivado_Tcl 2-168] The results of DRC are in file /nethome/shanda34/FPGA_ECE8893_SJH/2026_Spring/lab2/project_1/hls/impl/verilog/project.runs/impl_1/bd_0_wrapper_drc_opted.rpt.
report_drc completed successfully
INFO: [Timing 38-35] Done setting XDC timing constraints.
INFO: [Timing 38-480] Writing timing data to binary archive.
Write ShapeDB Complete: Time (s): cpu = 00:00:00.04 ; elapsed = 00:00:00.01 . Memory (MB): peak = 0.000 ; gain = 0.000 ; free physical = 81373 ; free virtual = 188345
INFO: [Common 17-1381] The checkpoint '/nethome/shanda34/FPGA_ECE8893_SJH/2026_Spring/lab2/project_1/hls/impl/verilog/project.runs/impl_1/bd_0_wrapper_opt.dcp' has been generated.
Command: place_design
Attempting to get a license for feature 'Implementation' and/or device 'xczu3eg'
INFO: [Common 17-349] Got license for feature 'Implementation' and/or device 'xczu3eg'
INFO: [Common 17-83] Releasing license: Implementation
INFO: [DRC 23-27] Running DRC with 8 threads
WARNING: [DRC 23-814] Not all possible (connectivity based) DRCs may have been run because this design is seen as Out of Context.
INFO: [Vivado_Tcl 4-198] DRC finished with 0 Errors
INFO: [Vivado_Tcl 4-199] Please refer to the DRC report (report_drc) for more information.
Running DRC as a precondition to command place_design
INFO: [DRC 23-27] Running DRC with 8 threads
WARNING: [DRC 23-814] Not all possible (connectivity based) DRCs may have been run because this design is seen as Out of Context.
INFO: [Vivado_Tcl 4-198] DRC finished with 0 Errors
INFO: [Vivado_Tcl 4-199] Please refer to the DRC report (report_drc) for more information.
INFO: [Place 30-611] Multithreading enabled for place_design using a maximum of 8 CPUs

Starting Placer Task

Phase 1 Placer Initialization

Phase 1.1 Placer Initialization Netlist Sorting
Netlist sorting complete. Time (s): cpu = 00:00:00 ; elapsed = 00:00:00 . Memory (MB): peak = 0.000 ; gain = 0.000 ; free physical = 81246 ; free virtual = 188217
Phase 1.1 Placer Initialization Netlist Sorting | Checksum: 118a60cfa

Time (s): cpu = 00:00:00.01 ; elapsed = 00:00:00.03 . Memory (MB): peak = 0.000 ; gain = 0.000 ; free physical = 81245 ; free virtual = 188217
Netlist sorting complete. Time (s): cpu = 00:00:00 ; elapsed = 00:00:00 . Memory (MB): peak = 0.000 ; gain = 0.000 ; free physical = 81245 ; free virtual = 188216

Phase 1.2 IO Placement/ Clock Placement/ Build Placer Device
Phase 1.2 IO Placement/ Clock Placement/ Build Placer Device | Checksum: 79efb1c3

Time (s): cpu = 00:00:23 ; elapsed = 00:00:22 . Memory (MB): peak = 0.000 ; gain = 0.000 ; free physical = 79929 ; free virtual = 186901

Phase 1.3 Build Placer Netlist Model
Phase 1.3 Build Placer Netlist Model | Checksum: 155976455

Time (s): cpu = 00:00:29 ; elapsed = 00:00:25 . Memory (MB): peak = 0.000 ; gain = 0.000 ; free physical = 79667 ; free virtual = 186639

Phase 1.4 Constrain Clocks/Macros
Phase 1.4 Constrain Clocks/Macros | Checksum: 155976455

Time (s): cpu = 00:00:29 ; elapsed = 00:00:25 . Memory (MB): peak = 0.000 ; gain = 0.000 ; free physical = 79666 ; free virtual = 186637
Phase 1 Placer Initialization | Checksum: 155976455

Time (s): cpu = 00:00:29 ; elapsed = 00:00:25 . Memory (MB): peak = 0.000 ; gain = 0.000 ; free physical = 79665 ; free virtual = 186637

Phase 2 Global Placement

Phase 2.1 Floorplanning

Phase 2.1.1 Partition Driven Placement

Phase 2.1.1.1 PBP: Partition Driven Placement
Phase 2.1.1.1 PBP: Partition Driven Placement | Checksum: 153432536

Time (s): cpu = 00:00:34 ; elapsed = 00:00:27 . Memory (MB): peak = 0.000 ; gain = 0.000 ; free physical = 79344 ; free virtual = 186315

Phase 2.1.1.2 PBP: Clock Region Placement
INFO: [Place 30-3164] Check ILP status : ILP-based clock placer is skipped.
Phase 2.1.1.2 PBP: Clock Region Placement | Checksum: 153432536

Time (s): cpu = 00:00:34 ; elapsed = 00:00:27 . Memory (MB): peak = 0.000 ; gain = 0.000 ; free physical = 79335 ; free virtual = 186306

Phase 2.1.1.3 PBP: Discrete Incremental
Phase 2.1.1.3 PBP: Discrete Incremental | Checksum: dc7bbb91

Time (s): cpu = 00:00:35 ; elapsed = 00:00:27 . Memory (MB): peak = 0.000 ; gain = 0.000 ; free physical = 79307 ; free virtual = 186279

Phase 2.1.1.4 PBP: Compute Congestion
Phase 2.1.1.4 PBP: Compute Congestion | Checksum: dc7bbb91

Time (s): cpu = 00:00:49 ; elapsed = 00:00:31 . Memory (MB): peak = 0.000 ; gain = 0.000 ; free physical = 78810 ; free virtual = 185781

Phase 2.1.1.5 PBP: Macro Placement
Phase 2.1.1.5 PBP: Macro Placement | Checksum: 1818b1264

Time (s): cpu = 00:00:50 ; elapsed = 00:00:32 . Memory (MB): peak = 0.000 ; gain = 0.000 ; free physical = 78778 ; free virtual = 185749

Phase 2.1.1.6 PBP: UpdateTiming
Phase 2.1.1.6 PBP: UpdateTiming | Checksum: bbdc6233

Time (s): cpu = 00:00:51 ; elapsed = 00:00:32 . Memory (MB): peak = 0.000 ; gain = 0.000 ; free physical = 78741 ; free virtual = 185712

Phase 2.1.1.7 PBP: Add part constraints
Phase 2.1.1.7 PBP: Add part constraints | Checksum: bbdc6233

Time (s): cpu = 00:00:51 ; elapsed = 00:00:32 . Memory (MB): peak = 0.000 ; gain = 0.000 ; free physical = 78767 ; free virtual = 185739
Phase 2.1.1 Partition Driven Placement | Checksum: bbdc6233

Time (s): cpu = 00:00:51 ; elapsed = 00:00:32 . Memory (MB): peak = 0.000 ; gain = 0.000 ; free physical = 78775 ; free virtual = 185747
Phase 2.1 Floorplanning | Checksum: 98e54d3e

Time (s): cpu = 00:00:51 ; elapsed = 00:00:32 . Memory (MB): peak = 0.000 ; gain = 0.000 ; free physical = 78778 ; free virtual = 185750

Phase 2.2 Update Timing before SLR Path Opt
Phase 2.2 Update Timing before SLR Path Opt | Checksum: 98e54d3e

Time (s): cpu = 00:00:51 ; elapsed = 00:00:32 . Memory (MB): peak = 0.000 ; gain = 0.000 ; free physical = 78782 ; free virtual = 185754

Phase 2.3 Post-Processing in Floorplanning
Phase 2.3 Post-Processing in Floorplanning | Checksum: 98e54d3e

Time (s): cpu = 00:00:51 ; elapsed = 00:00:32 . Memory (MB): peak = 0.000 ; gain = 0.000 ; free physical = 78783 ; free virtual = 185755

Phase 2.4 Global Place Phase1
Phase 2.4 Global Place Phase1 | Checksum: e51922de

Time (s): cpu = 00:01:27 ; elapsed = 00:00:42 . Memory (MB): peak = 0.000 ; gain = 0.000 ; free physical = 78733 ; free virtual = 185512

Phase 2.5 Global Place Phase2

Phase 2.5.1 UpdateTiming Before Physical Synthesis
Phase 2.5.1 UpdateTiming Before Physical Synthesis | Checksum: e51922de

Time (s): cpu = 00:01:28 ; elapsed = 00:00:43 . Memory (MB): peak = 0.000 ; gain = 0.000 ; free physical = 78712 ; free virtual = 185491

Phase 2.5.2 Physical Synthesis In Placer
INFO: [Physopt 32-1035] Found 0 LUTNM shape to break, 75 LUT instances to create LUTNM shape
INFO: [Physopt 32-1044] Break lutnm for timing: one critical 0, two critical 0, total 0, new lutff created 0
INFO: [Physopt 32-1138] End 1 Pass. Optimized 32 nets or LUTs. Breaked 0 LUT, combined 32 existing LUTs and moved 0 existing LUT
INFO: [Physopt 32-670] No setup violation found.  Equivalent Driver Rewiring was not performed.
INFO: [Physopt 32-65] No nets found for high-fanout optimization.
INFO: [Physopt 32-232] Optimized 0 net. Created 0 new instance.
INFO: [Physopt 32-775] End 1 Pass. Optimized 0 net or cell. Created 0 new cell, deleted 0 existing cell and moved 0 existing cell
INFO: [Physopt 32-670] No setup violation found.  DSP Register Optimization was not performed.
INFO: [Physopt 32-670] No setup violation found.  Shift Register to Pipeline Optimization was not performed.
INFO: [Physopt 32-670] No setup violation found.  Shift Register Optimization was not performed.
INFO: [Physopt 32-670] No setup violation found.  BRAM Register Optimization was not performed.
INFO: [Physopt 32-670] No setup violation found.  URAM Register Optimization was not performed.
INFO: [Physopt 32-949] No candidate nets found for dynamic/static region interface net replication
INFO: [Physopt 32-775] End 1 Pass. Optimized 0 net or cell. Created 0 new cell, deleted 0 existing cell and moved 0 existing cell
Netlist sorting complete. Time (s): cpu = 00:00:00 ; elapsed = 00:00:00 . Memory (MB): peak = 0.000 ; gain = 0.000 ; free physical = 78749 ; free virtual = 185528

Summary of Physical Synthesis Optimizations
============================================


-----------------------------------------------------------------------------------------------------------------------------------------------------------
|  Optimization                                     |  Added Cells  |  Removed Cells  |  Optimized Cells/Nets  |  Dont Touch  |  Iterations  |  Elapsed   |
-----------------------------------------------------------------------------------------------------------------------------------------------------------
|  LUT Combining                                    |            0  |             32  |                    32  |           0  |           1  |  00:00:00  |
|  Retime                                           |            0  |              0  |                     0  |           0  |           1  |  00:00:00  |
|  Equivalent Driver Rewiring                       |            0  |              0  |                     0  |           0  |           0  |  00:00:00  |
|  Very High Fanout                                 |            0  |              0  |                     0  |           0  |           1  |  00:00:00  |
|  DSP Register                                     |            0  |              0  |                     0  |           0  |           0  |  00:00:00  |
|  Shift Register to Pipeline                       |            0  |              0  |                     0  |           0  |           0  |  00:00:00  |
|  Shift Register                                   |            0  |              0  |                     0  |           0  |           0  |  00:00:00  |
|  BRAM Register                                    |            0  |              0  |                     0  |           0  |           0  |  00:00:00  |
|  URAM Register                                    |            0  |              0  |                     0  |           0  |           0  |  00:00:00  |
|  Dynamic/Static Region Interface Net Replication  |            0  |              0  |                     0  |           0  |           1  |  00:00:00  |
|  Total                                            |            0  |             32  |                    32  |           0  |           4  |  00:00:00  |
-----------------------------------------------------------------------------------------------------------------------------------------------------------


Phase 2.5.2 Physical Synthesis In Placer | Checksum: da10a0a5

Time (s): cpu = 00:01:30 ; elapsed = 00:00:44 . Memory (MB): peak = 0.000 ; gain = 0.000 ; free physical = 78646 ; free virtual = 185425
Phase 2.5 Global Place Phase2 | Checksum: 14151bb9d

Time (s): cpu = 00:01:46 ; elapsed = 00:00:49 . Memory (MB): peak = 0.000 ; gain = 0.000 ; free physical = 78495 ; free virtual = 185287
Phase 2 Global Placement | Checksum: 14151bb9d

Time (s): cpu = 00:01:46 ; elapsed = 00:00:49 . Memory (MB): peak = 0.000 ; gain = 0.000 ; free physical = 78495 ; free virtual = 185287

Phase 3 Detail Placement

Phase 3.1 Commit Multi Column Macros
Phase 3.1 Commit Multi Column Macros | Checksum: 783432e6

Time (s): cpu = 00:02:03 ; elapsed = 00:00:54 . Memory (MB): peak = 0.000 ; gain = 0.000 ; free physical = 77722 ; free virtual = 184515

Phase 3.2 Commit Most Macros & LUTRAMs
Phase 3.2 Commit Most Macros & LUTRAMs | Checksum: 1064c9943

Time (s): cpu = 00:02:04 ; elapsed = 00:00:54 . Memory (MB): peak = 0.000 ; gain = 0.000 ; free physical = 77253 ; free virtual = 184046

Phase 3.3 Small Shape DP

Phase 3.3.1 Small Shape Clustering
Phase 3.3.1 Small Shape Clustering | Checksum: 13ece0c96

Time (s): cpu = 00:02:20 ; elapsed = 00:00:59 . Memory (MB): peak = 0.000 ; gain = 0.000 ; free physical = 77687 ; free virtual = 184481

Phase 3.3.2 Slice Area Swap

Phase 3.3.2.1 Slice Area Swap Initial
Phase 3.3.2.1 Slice Area Swap Initial | Checksum: d64b834f

Time (s): cpu = 00:02:21 ; elapsed = 00:01:00 . Memory (MB): peak = 0.000 ; gain = 0.000 ; free physical = 77641 ; free virtual = 184435
Phase 3.3.2 Slice Area Swap | Checksum: d64b834f

Time (s): cpu = 00:02:21 ; elapsed = 00:01:00 . Memory (MB): peak = 0.000 ; gain = 0.000 ; free physical = 77683 ; free virtual = 184478
Phase 3.3 Small Shape DP | Checksum: 167da5ab4

Time (s): cpu = 00:02:23 ; elapsed = 00:01:00 . Memory (MB): peak = 0.000 ; gain = 0.000 ; free physical = 77656 ; free virtual = 184451

Phase 3.4 Re-assign LUT pins
Phase 3.4 Re-assign LUT pins | Checksum: 1719fe2b0

Time (s): cpu = 00:02:24 ; elapsed = 00:01:01 . Memory (MB): peak = 0.000 ; gain = 0.000 ; free physical = 77645 ; free virtual = 184439

Phase 3.5 Pipeline Register Optimization
Phase 3.5 Pipeline Register Optimization | Checksum: 177643d53

Time (s): cpu = 00:02:24 ; elapsed = 00:01:01 . Memory (MB): peak = 0.000 ; gain = 0.000 ; free physical = 77647 ; free virtual = 184441
Phase 3 Detail Placement | Checksum: 177643d53

Time (s): cpu = 00:02:24 ; elapsed = 00:01:01 . Memory (MB): peak = 0.000 ; gain = 0.000 ; free physical = 77646 ; free virtual = 184441

Phase 4 Post Placement Optimization and Clean-Up

Phase 4.1 Post Commit Optimization
INFO: [Timing 38-35] Done setting XDC timing constraints.

Phase 4.1.1 Post Placement Optimization
Post Placement Optimization Initialization | Checksum: 1df5302a9

Phase 4.1.1.1 BUFG Insertion

Starting Physical Synthesis Task

Phase 1 Physical Synthesis Initialization
INFO: [Physopt 32-721] Multithreading enabled for phys_opt_design using a maximum of 8 CPUs
INFO: [Physopt 32-619] Estimated Timing Summary | WNS=3.915 | TNS=0.000 |
Phase 1 Physical Synthesis Initialization | Checksum: 1a0845711

Time (s): cpu = 00:00:00.45 ; elapsed = 00:00:00.13 . Memory (MB): peak = 0.000 ; gain = 0.000 ; free physical = 77449 ; free virtual = 184249
INFO: [Place 46-56] BUFG insertion identified 0 candidate nets. Inserted BUFG: 0, Replicated BUFG Driver: 0, Skipped due to Placement/Routing Conflicts: 0, Skipped due to Timing Degradation: 0, Skipped due to netlist editing failed: 0.
Ending Physical Synthesis Task | Checksum: 29387da7a

Time (s): cpu = 00:00:00.58 ; elapsed = 00:00:00.18 . Memory (MB): peak = 0.000 ; gain = 0.000 ; free physical = 77445 ; free virtual = 184245
Phase 4.1.1.1 BUFG Insertion | Checksum: 1df5302a9

Time (s): cpu = 00:02:45 ; elapsed = 00:01:07 . Memory (MB): peak = 0.000 ; gain = 0.000 ; free physical = 77443 ; free virtual = 184243

Phase 4.1.1.2 Post Placement Timing Optimization
INFO: [Place 30-746] Post Placement Timing Summary WNS=3.915. For the most accurate timing information please run report_timing.
Phase 4.1.1.2 Post Placement Timing Optimization | Checksum: 2a023fd21

Time (s): cpu = 00:02:45 ; elapsed = 00:01:07 . Memory (MB): peak = 0.000 ; gain = 0.000 ; free physical = 77440 ; free virtual = 184240

Time (s): cpu = 00:02:45 ; elapsed = 00:01:07 . Memory (MB): peak = 0.000 ; gain = 0.000 ; free physical = 77439 ; free virtual = 184239
Phase 4.1 Post Commit Optimization | Checksum: 2a023fd21

Time (s): cpu = 00:02:45 ; elapsed = 00:01:07 . Memory (MB): peak = 0.000 ; gain = 0.000 ; free physical = 77437 ; free virtual = 184237

Phase 4.2 Post Placement Cleanup
Phase 4.2 Post Placement Cleanup | Checksum: 2a023fd21

Time (s): cpu = 00:03:04 ; elapsed = 00:01:14 . Memory (MB): peak = 0.000 ; gain = 0.000 ; free physical = 76733 ; free virtual = 183537

Phase 4.3 Placer Reporting

Phase 4.3.1 Print Estimated Congestion
INFO: [Place 30-612] Post-Placement Estimated Congestion 
 ________________________________________________________________________
|           | Global Congestion | Long Congestion   | Short Congestion  |
| Direction | Region Size       | Region Size       | Region Size       |
|___________|___________________|___________________|___________________|
|      North|                1x1|                1x1|                1x1|
|___________|___________________|___________________|___________________|
|      South|                1x1|                1x1|                1x1|
|___________|___________________|___________________|___________________|
|       East|                1x1|                1x1|                1x1|
|___________|___________________|___________________|___________________|
|       West|                1x1|                1x1|                1x1|
|___________|___________________|___________________|___________________|

Phase 4.3.1 Print Estimated Congestion | Checksum: 2a023fd21

Time (s): cpu = 00:03:04 ; elapsed = 00:01:14 . Memory (MB): peak = 0.000 ; gain = 0.000 ; free physical = 76694 ; free virtual = 183498
Phase 4.3 Placer Reporting | Checksum: 2a023fd21

Time (s): cpu = 00:03:04 ; elapsed = 00:01:15 . Memory (MB): peak = 0.000 ; gain = 0.000 ; free physical = 76670 ; free virtual = 183474

Phase 4.4 Final Placement Cleanup
Netlist sorting complete. Time (s): cpu = 00:00:00 ; elapsed = 00:00:00 . Memory (MB): peak = 0.000 ; gain = 0.000 ; free physical = 76654 ; free virtual = 183458

Time (s): cpu = 00:03:04 ; elapsed = 00:01:15 . Memory (MB): peak = 0.000 ; gain = 0.000 ; free physical = 76653 ; free virtual = 183457
Phase 4 Post Placement Optimization and Clean-Up | Checksum: 237f18d8f

Time (s): cpu = 00:03:04 ; elapsed = 00:01:15 . Memory (MB): peak = 0.000 ; gain = 0.000 ; free physical = 76609 ; free virtual = 183424
Ending Placer Task | Checksum: 151b930be

Time (s): cpu = 00:03:04 ; elapsed = 00:01:15 . Memory (MB): peak = 0.000 ; gain = 0.000 ; free physical = 76588 ; free virtual = 183403
78 Infos, 4 Warnings, 0 Critical Warnings and 0 Errors encountered.
place_design completed successfully
place_design: Time (s): cpu = 00:03:15 ; elapsed = 00:01:17 . Memory (MB): peak = 0.000 ; gain = 0.000 ; free physical = 76556 ; free virtual = 183371
INFO: [Vivado 12-24838] Running report commands "report_control_sets, report_io, report_utilization" in parallel.
Running report generation with 3 threads.
INFO: [Vivado 12-24828] Executing command : report_control_sets -verbose -file bd_0_wrapper_control_sets_placed.rpt
report_control_sets: Time (s): cpu = 00:00:00.25 ; elapsed = 00:00:00.31 . Memory (MB): peak = 0.000 ; gain = 0.000 ; free physical = 76330 ; free virtual = 183145
INFO: [Vivado 12-24828] Executing command : report_utilization -file bd_0_wrapper_utilization_placed.rpt -pb bd_0_wrapper_utilization_placed.pb
INFO: [Vivado 12-24828] Executing command : report_io -file bd_0_wrapper_io_placed.rpt
report_io: Time (s): cpu = 00:00:00.45 ; elapsed = 00:00:00.59 . Memory (MB): peak = 0.000 ; gain = 0.000 ; free physical = 76291 ; free virtual = 183107
INFO: [Timing 38-480] Writing timing data to binary archive.
Write ShapeDB Complete: Time (s): cpu = 00:00:00.08 ; elapsed = 00:00:00.02 . Memory (MB): peak = 0.000 ; gain = 0.000 ; free physical = 76283 ; free virtual = 183099
Wrote PlaceDB: Time (s): cpu = 00:00:01 ; elapsed = 00:00:00.55 . Memory (MB): peak = 0.000 ; gain = 0.000 ; free physical = 76325 ; free virtual = 183150
Wrote PulsedLatchDB: Time (s): cpu = 00:00:00 ; elapsed = 00:00:00 . Memory (MB): peak = 0.000 ; gain = 0.000 ; free physical = 76324 ; free virtual = 183150
Writing XDEF routing.
Writing XDEF routing logical nets.
Writing XDEF routing special nets.
Wrote RouteStorage: Time (s): cpu = 00:00:00.16 ; elapsed = 00:00:00.21 . Memory (MB): peak = 0.000 ; gain = 0.000 ; free physical = 76306 ; free virtual = 183132
Wrote Netlist Cache: Time (s): cpu = 00:00:00.02 ; elapsed = 00:00:00.04 . Memory (MB): peak = 0.000 ; gain = 0.000 ; free physical = 76288 ; free virtual = 183114
Wrote Device Cache: Time (s): cpu = 00:00:00.06 ; elapsed = 00:00:00.12 . Memory (MB): peak = 0.000 ; gain = 0.000 ; free physical = 76222 ; free virtual = 183058
Write Physdb Complete: Time (s): cpu = 00:00:02 ; elapsed = 00:00:00.95 . Memory (MB): peak = 0.000 ; gain = 0.000 ; free physical = 76213 ; free virtual = 183049
INFO: [Common 17-1381] The checkpoint '/nethome/shanda34/FPGA_ECE8893_SJH/2026_Spring/lab2/project_1/hls/impl/verilog/project.runs/impl_1/bd_0_wrapper_placed.dcp' has been generated.
Command: phys_opt_design
Attempting to get a license for feature 'Implementation' and/or device 'xczu3eg'
INFO: [Common 17-349] Got license for feature 'Implementation' and/or device 'xczu3eg'

Starting Initial Update Timing Task
WARNING: [Timing 38-242] The property HD.CLK_SRC of clock port "ap_clk" is not set. In out-of-context mode, this prevents timing estimation for clock delay/skew
Resolution: Set the HD.CLK_SRC property of the out-of-context port to the location of the clock buffer instance in the top-level design

Time (s): cpu = 00:00:04 ; elapsed = 00:00:01 . Memory (MB): peak = 0.000 ; gain = 0.000 ; free physical = 76054 ; free virtual = 182891
INFO: [Vivado_Tcl 4-2279] Estimated Timing Summary | WNS= 3.915 | TNS= 0.000 | 
INFO: [Vivado_Tcl 4-383] Design worst setup slack (WNS) is greater than or equal to 0.000 ns. All physical synthesis setup optimizations will be skipped.
INFO: [Vivado_Tcl 4-232] No setup violation found. The netlist was not modified.
INFO: [Common 17-83] Releasing license: Implementation
89 Infos, 5 Warnings, 0 Critical Warnings and 0 Errors encountered.
phys_opt_design completed successfully
INFO: [Timing 38-480] Writing timing data to binary archive.
Write ShapeDB Complete: Time (s): cpu = 00:00:00.08 ; elapsed = 00:00:00.02 . Memory (MB): peak = 0.000 ; gain = 0.000 ; free physical = 76043 ; free virtual = 182882
Wrote PlaceDB: Time (s): cpu = 00:00:01 ; elapsed = 00:00:00.57 . Memory (MB): peak = 0.000 ; gain = 0.000 ; free physical = 76029 ; free virtual = 182877
Wrote PulsedLatchDB: Time (s): cpu = 00:00:00 ; elapsed = 00:00:00 . Memory (MB): peak = 0.000 ; gain = 0.000 ; free physical = 76029 ; free virtual = 182877
Writing XDEF routing.
Writing XDEF routing logical nets.
Writing XDEF routing special nets.
Wrote RouteStorage: Time (s): cpu = 00:00:00.07 ; elapsed = 00:00:00.08 . Memory (MB): peak = 0.000 ; gain = 0.000 ; free physical = 76023 ; free virtual = 182874
Wrote Netlist Cache: Time (s): cpu = 00:00:00.01 ; elapsed = 00:00:00.04 . Memory (MB): peak = 0.000 ; gain = 0.000 ; free physical = 76023 ; free virtual = 182875
Wrote Device Cache: Time (s): cpu = 00:00:00.02 ; elapsed = 00:00:00.09 . Memory (MB): peak = 0.000 ; gain = 0.000 ; free physical = 76025 ; free virtual = 182881
Write Physdb Complete: Time (s): cpu = 00:00:01 ; elapsed = 00:00:00.81 . Memory (MB): peak = 0.000 ; gain = 0.000 ; free physical = 76025 ; free virtual = 182880
INFO: [Common 17-1381] The checkpoint '/nethome/shanda34/FPGA_ECE8893_SJH/2026_Spring/lab2/project_1/hls/impl/verilog/project.runs/impl_1/bd_0_wrapper_physopt.dcp' has been generated.
Command: route_design
Attempting to get a license for feature 'Implementation' and/or device 'xczu3eg'
INFO: [Common 17-349] Got license for feature 'Implementation' and/or device 'xczu3eg'


Starting Routing Task
INFO: [Route 35-254] Multithreading enabled for route_design using a maximum of 8 CPUs

Phase 1 Build RT Design
Checksum: PlaceDB: f8d86e04 ConstDB: 0 ShapeSum: 394e4afc RouteDB: 1f9277be
Nodegraph reading from file.  Time (s): cpu = 00:00:00.71 ; elapsed = 00:00:00.78 . Memory (MB): peak = 0.000 ; gain = 0.000 ; free physical = 75985 ; free virtual = 182838
WARNING: [Route 35-197] Clock port "ap_clk" does not have an associated HD.CLK_SRC. Without this constraint, timing analysis may not be accurate and upstream checks cannot be done to ensure correct clock placement.
WARNING: [Route 35-198] Port "ap_rst_n" does not have an associated HD.PARTPIN_LOCS, which will prevent the partial routing of the signal "ap_rst_n". Without this partial route, timing analysis to/from this port will not be accurate, and no routing information for this port can be exported.
WARNING: [Route 35-198] Port "s_axi_control_wstrb[3]" does not have an associated HD.PARTPIN_LOCS, which will prevent the partial routing of the signal "s_axi_control_wstrb[3]". Without this partial route, timing analysis to/from this port will not be accurate, and no routing information for this port can be exported.
WARNING: [Route 35-198] Port "s_axi_control_wdata[27]" does not have an associated HD.PARTPIN_LOCS, which will prevent the partial routing of the signal "s_axi_control_wdata[27]". Without this partial route, timing analysis to/from this port will not be accurate, and no routing information for this port can be exported.
WARNING: [Route 35-198] Port "s_axi_control_wdata[28]" does not have an associated HD.PARTPIN_LOCS, which will prevent the partial routing of the signal "s_axi_control_wdata[28]". Without this partial route, timing analysis to/from this port will not be accurate, and no routing information for this port can be exported.
WARNING: [Route 35-198] Port "s_axi_control_araddr[5]" does not have an associated HD.PARTPIN_LOCS, which will prevent the partial routing of the signal "s_axi_control_araddr[5]". Without this partial route, timing analysis to/from this port will not be accurate, and no routing information for this port can be exported.
WARNING: [Route 35-198] Port "s_axi_control_araddr[4]" does not have an associated HD.PARTPIN_LOCS, which will prevent the partial routing of the signal "s_axi_control_araddr[4]". Without this partial route, timing analysis to/from this port will not be accurate, and no routing information for this port can be exported.
WARNING: [Route 35-198] Port "s_axi_control_araddr[2]" does not have an associated HD.PARTPIN_LOCS, which will prevent the partial routing of the signal "s_axi_control_araddr[2]". Without this partial route, timing analysis to/from this port will not be accurate, and no routing information for this port can be exported.
WARNING: [Route 35-198] Port "s_axi_control_araddr[3]" does not have an associated HD.PARTPIN_LOCS, which will prevent the partial routing of the signal "s_axi_control_araddr[3]". Without this partial route, timing analysis to/from this port will not be accurate, and no routing information for this port can be exported.
WARNING: [Route 35-198] Port "s_axi_control_wstrb[2]" does not have an associated HD.PARTPIN_LOCS, which will prevent the partial routing of the signal "s_axi_control_wstrb[2]". Without this partial route, timing analysis to/from this port will not be accurate, and no routing information for this port can be exported.
WARNING: [Route 35-198] Port "s_axi_control_wdata[22]" does not have an associated HD.PARTPIN_LOCS, which will prevent the partial routing of the signal "s_axi_control_wdata[22]". Without this partial route, timing analysis to/from this port will not be accurate, and no routing information for this port can be exported.
WARNING: [Route 35-198] Port "s_axi_control_wdata[24]" does not have an associated HD.PARTPIN_LOCS, which will prevent the partial routing of the signal "s_axi_control_wdata[24]". Without this partial route, timing analysis to/from this port will not be accurate, and no routing information for this port can be exported.
WARNING: [Route 35-198] Port "s_axi_control_wdata[25]" does not have an associated HD.PARTPIN_LOCS, which will prevent the partial routing of the signal "s_axi_control_wdata[25]". Without this partial route, timing analysis to/from this port will not be accurate, and no routing information for this port can be exported.
WARNING: [Route 35-198] Port "s_axi_control_wdata[18]" does not have an associated HD.PARTPIN_LOCS, which will prevent the partial routing of the signal "s_axi_control_wdata[18]". Without this partial route, timing analysis to/from this port will not be accurate, and no routing information for this port can be exported.
WARNING: [Route 35-198] Port "s_axi_control_wdata[20]" does not have an associated HD.PARTPIN_LOCS, which will prevent the partial routing of the signal "s_axi_control_wdata[20]". Without this partial route, timing analysis to/from this port will not be accurate, and no routing information for this port can be exported.
WARNING: [Route 35-198] Port "s_axi_control_wdata[23]" does not have an associated HD.PARTPIN_LOCS, which will prevent the partial routing of the signal "s_axi_control_wdata[23]". Without this partial route, timing analysis to/from this port will not be accurate, and no routing information for this port can be exported.
WARNING: [Route 35-198] Port "s_axi_control_wdata[26]" does not have an associated HD.PARTPIN_LOCS, which will prevent the partial routing of the signal "s_axi_control_wdata[26]". Without this partial route, timing analysis to/from this port will not be accurate, and no routing information for this port can be exported.
WARNING: [Route 35-198] Port "s_axi_control_wdata[21]" does not have an associated HD.PARTPIN_LOCS, which will prevent the partial routing of the signal "s_axi_control_wdata[21]". Without this partial route, timing analysis to/from this port will not be accurate, and no routing information for this port can be exported.
WARNING: [Route 35-198] Port "s_axi_control_wdata[30]" does not have an associated HD.PARTPIN_LOCS, which will prevent the partial routing of the signal "s_axi_control_wdata[30]". Without this partial route, timing analysis to/from this port will not be accurate, and no routing information for this port can be exported.
WARNING: [Route 35-198] Port "s_axi_control_wdata[19]" does not have an associated HD.PARTPIN_LOCS, which will prevent the partial routing of the signal "s_axi_control_wdata[19]". Without this partial route, timing analysis to/from this port will not be accurate, and no routing information for this port can be exported.
WARNING: [Route 35-198] Port "s_axi_control_wdata[29]" does not have an associated HD.PARTPIN_LOCS, which will prevent the partial routing of the signal "s_axi_control_wdata[29]". Without this partial route, timing analysis to/from this port will not be accurate, and no routing information for this port can be exported.
WARNING: [Route 35-198] Port "s_axi_control_wdata[31]" does not have an associated HD.PARTPIN_LOCS, which will prevent the partial routing of the signal "s_axi_control_wdata[31]". Without this partial route, timing analysis to/from this port will not be accurate, and no routing information for this port can be exported.
WARNING: [Route 35-198] Port "s_axi_control_wstrb[1]" does not have an associated HD.PARTPIN_LOCS, which will prevent the partial routing of the signal "s_axi_control_wstrb[1]". Without this partial route, timing analysis to/from this port will not be accurate, and no routing information for this port can be exported.
WARNING: [Route 35-198] Port "s_axi_control_wdata[12]" does not have an associated HD.PARTPIN_LOCS, which will prevent the partial routing of the signal "s_axi_control_wdata[12]". Without this partial route, timing analysis to/from this port will not be accurate, and no routing information for this port can be exported.
WARNING: [Route 35-198] Port "s_axi_control_wdata[17]" does not have an associated HD.PARTPIN_LOCS, which will prevent the partial routing of the signal "s_axi_control_wdata[17]". Without this partial route, timing analysis to/from this port will not be accurate, and no routing information for this port can be exported.
WARNING: [Route 35-198] Port "s_axi_control_wdata[15]" does not have an associated HD.PARTPIN_LOCS, which will prevent the partial routing of the signal "s_axi_control_wdata[15]". Without this partial route, timing analysis to/from this port will not be accurate, and no routing information for this port can be exported.
WARNING: [Route 35-198] Port "s_axi_control_wstrb[0]" does not have an associated HD.PARTPIN_LOCS, which will prevent the partial routing of the signal "s_axi_control_wstrb[0]". Without this partial route, timing analysis to/from this port will not be accurate, and no routing information for this port can be exported.
WARNING: [Route 35-198] Port "s_axi_control_wdata[4]" does not have an associated HD.PARTPIN_LOCS, which will prevent the partial routing of the signal "s_axi_control_wdata[4]". Without this partial route, timing analysis to/from this port will not be accurate, and no routing information for this port can be exported.
WARNING: [Route 35-198] Port "s_axi_control_wdata[11]" does not have an associated HD.PARTPIN_LOCS, which will prevent the partial routing of the signal "s_axi_control_wdata[11]". Without this partial route, timing analysis to/from this port will not be accurate, and no routing information for this port can be exported.
WARNING: [Route 35-198] Port "s_axi_control_wdata[13]" does not have an associated HD.PARTPIN_LOCS, which will prevent the partial routing of the signal "s_axi_control_wdata[13]". Without this partial route, timing analysis to/from this port will not be accurate, and no routing information for this port can be exported.
WARNING: [Route 35-198] Port "s_axi_control_wdata[1]" does not have an associated HD.PARTPIN_LOCS, which will prevent the partial routing of the signal "s_axi_control_wdata[1]". Without this partial route, timing analysis to/from this port will not be accurate, and no routing information for this port can be exported.
WARNING: [Route 35-198] Port "s_axi_control_wdata[5]" does not have an associated HD.PARTPIN_LOCS, which will prevent the partial routing of the signal "s_axi_control_wdata[5]". Without this partial route, timing analysis to/from this port will not be accurate, and no routing information for this port can be exported.
WARNING: [Route 35-198] Port "s_axi_control_wdata[6]" does not have an associated HD.PARTPIN_LOCS, which will prevent the partial routing of the signal "s_axi_control_wdata[6]". Without this partial route, timing analysis to/from this port will not be accurate, and no routing information for this port can be exported.
WARNING: [Route 35-198] Port "s_axi_control_wdata[16]" does not have an associated HD.PARTPIN_LOCS, which will prevent the partial routing of the signal "s_axi_control_wdata[16]". Without this partial route, timing analysis to/from this port will not be accurate, and no routing information for this port can be exported.
WARNING: [Route 35-198] Port "s_axi_control_wdata[10]" does not have an associated HD.PARTPIN_LOCS, which will prevent the partial routing of the signal "s_axi_control_wdata[10]". Without this partial route, timing analysis to/from this port will not be accurate, and no routing information for this port can be exported.
WARNING: [Route 35-198] Port "s_axi_control_wdata[14]" does not have an associated HD.PARTPIN_LOCS, which will prevent the partial routing of the signal "s_axi_control_wdata[14]". Without this partial route, timing analysis to/from this port will not be accurate, and no routing information for this port can be exported.
WARNING: [Route 35-198] Port "s_axi_control_wdata[2]" does not have an associated HD.PARTPIN_LOCS, which will prevent the partial routing of the signal "s_axi_control_wdata[2]". Without this partial route, timing analysis to/from this port will not be accurate, and no routing information for this port can be exported.
WARNING: [Route 35-198] Port "m_axi_A_in_arready" does not have an associated HD.PARTPIN_LOCS, which will prevent the partial routing of the signal "m_axi_A_in_arready". Without this partial route, timing analysis to/from this port will not be accurate, and no routing information for this port can be exported.
WARNING: [Route 35-198] Port "s_axi_control_wdata[7]" does not have an associated HD.PARTPIN_LOCS, which will prevent the partial routing of the signal "s_axi_control_wdata[7]". Without this partial route, timing analysis to/from this port will not be accurate, and no routing information for this port can be exported.
WARNING: [Route 35-198] Port "s_axi_control_wdata[8]" does not have an associated HD.PARTPIN_LOCS, which will prevent the partial routing of the signal "s_axi_control_wdata[8]". Without this partial route, timing analysis to/from this port will not be accurate, and no routing information for this port can be exported.
WARNING: [Route 35-198] Port "s_axi_control_araddr[0]" does not have an associated HD.PARTPIN_LOCS, which will prevent the partial routing of the signal "s_axi_control_araddr[0]". Without this partial route, timing analysis to/from this port will not be accurate, and no routing information for this port can be exported.
WARNING: [Route 35-198] Port "s_axi_control_araddr[1]" does not have an associated HD.PARTPIN_LOCS, which will prevent the partial routing of the signal "s_axi_control_araddr[1]". Without this partial route, timing analysis to/from this port will not be accurate, and no routing information for this port can be exported.
WARNING: [Route 35-198] Port "s_axi_control_wdata[0]" does not have an associated HD.PARTPIN_LOCS, which will prevent the partial routing of the signal "s_axi_control_wdata[0]". Without this partial route, timing analysis to/from this port will not be accurate, and no routing information for this port can be exported.
WARNING: [Route 35-198] Port "s_axi_control_wdata[3]" does not have an associated HD.PARTPIN_LOCS, which will prevent the partial routing of the signal "s_axi_control_wdata[3]". Without this partial route, timing analysis to/from this port will not be accurate, and no routing information for this port can be exported.
WARNING: [Route 35-198] Port "s_axi_control_wdata[9]" does not have an associated HD.PARTPIN_LOCS, which will prevent the partial routing of the signal "s_axi_control_wdata[9]". Without this partial route, timing analysis to/from this port will not be accurate, and no routing information for this port can be exported.
WARNING: [Route 35-198] Port "s_axi_control_arvalid" does not have an associated HD.PARTPIN_LOCS, which will prevent the partial routing of the signal "s_axi_control_arvalid". Without this partial route, timing analysis to/from this port will not be accurate, and no routing information for this port can be exported.
WARNING: [Route 35-198] Port "s_axi_control_rready" does not have an associated HD.PARTPIN_LOCS, which will prevent the partial routing of the signal "s_axi_control_rready". Without this partial route, timing analysis to/from this port will not be accurate, and no routing information for this port can be exported.
WARNING: [Route 35-198] Port "s_axi_control_wvalid" does not have an associated HD.PARTPIN_LOCS, which will prevent the partial routing of the signal "s_axi_control_wvalid". Without this partial route, timing analysis to/from this port will not be accurate, and no routing information for this port can be exported.
WARNING: [Route 35-198] Port "s_axi_control_awvalid" does not have an associated HD.PARTPIN_LOCS, which will prevent the partial routing of the signal "s_axi_control_awvalid". Without this partial route, timing analysis to/from this port will not be accurate, and no routing information for this port can be exported.
WARNING: [Route 35-198] Port "s_axi_control_bready" does not have an associated HD.PARTPIN_LOCS, which will prevent the partial routing of the signal "s_axi_control_bready". Without this partial route, timing analysis to/from this port will not be accurate, and no routing information for this port can be exported.
WARNING: [Route 35-198] Port "s_axi_control_awaddr[2]" does not have an associated HD.PARTPIN_LOCS, which will prevent the partial routing of the signal "s_axi_control_awaddr[2]". Without this partial route, timing analysis to/from this port will not be accurate, and no routing information for this port can be exported.
WARNING: [Route 35-198] Port "s_axi_control_awaddr[3]" does not have an associated HD.PARTPIN_LOCS, which will prevent the partial routing of the signal "s_axi_control_awaddr[3]". Without this partial route, timing analysis to/from this port will not be accurate, and no routing information for this port can be exported.
WARNING: [Route 35-198] Port "s_axi_control_awaddr[4]" does not have an associated HD.PARTPIN_LOCS, which will prevent the partial routing of the signal "s_axi_control_awaddr[4]". Without this partial route, timing analysis to/from this port will not be accurate, and no routing information for this port can be exported.
WARNING: [Route 35-198] Port "s_axi_control_awaddr[5]" does not have an associated HD.PARTPIN_LOCS, which will prevent the partial routing of the signal "s_axi_control_awaddr[5]". Without this partial route, timing analysis to/from this port will not be accurate, and no routing information for this port can be exported.
WARNING: [Route 35-198] Port "m_axi_A_out_bvalid" does not have an associated HD.PARTPIN_LOCS, which will prevent the partial routing of the signal "m_axi_A_out_bvalid". Without this partial route, timing analysis to/from this port will not be accurate, and no routing information for this port can be exported.
WARNING: [Route 35-198] Port "m_axi_A_out_awready" does not have an associated HD.PARTPIN_LOCS, which will prevent the partial routing of the signal "m_axi_A_out_awready". Without this partial route, timing analysis to/from this port will not be accurate, and no routing information for this port can be exported.
WARNING: [Route 35-198] Port "m_axi_A_out_wready" does not have an associated HD.PARTPIN_LOCS, which will prevent the partial routing of the signal "m_axi_A_out_wready". Without this partial route, timing analysis to/from this port will not be accurate, and no routing information for this port can be exported.
WARNING: [Route 35-198] Port "m_axi_A_in_rvalid" does not have an associated HD.PARTPIN_LOCS, which will prevent the partial routing of the signal "m_axi_A_in_rvalid". Without this partial route, timing analysis to/from this port will not be accurate, and no routing information for this port can be exported.
WARNING: [Route 35-198] Port "m_axi_A_in_rdata[21]" does not have an associated HD.PARTPIN_LOCS, which will prevent the partial routing of the signal "m_axi_A_in_rdata[21]". Without this partial route, timing analysis to/from this port will not be accurate, and no routing information for this port can be exported.
WARNING: [Route 35-198] Port "m_axi_A_in_rdata[22]" does not have an associated HD.PARTPIN_LOCS, which will prevent the partial routing of the signal "m_axi_A_in_rdata[22]". Without this partial route, timing analysis to/from this port will not be accurate, and no routing information for this port can be exported.
WARNING: [Route 35-198] Port "m_axi_A_in_rdata[31]" does not have an associated HD.PARTPIN_LOCS, which will prevent the partial routing of the signal "m_axi_A_in_rdata[31]". Without this partial route, timing analysis to/from this port will not be accurate, and no routing information for this port can be exported.
WARNING: [Route 35-198] Port "m_axi_A_in_rdata[7]" does not have an associated HD.PARTPIN_LOCS, which will prevent the partial routing of the signal "m_axi_A_in_rdata[7]". Without this partial route, timing analysis to/from this port will not be accurate, and no routing information for this port can be exported.
WARNING: [Route 35-198] Port "m_axi_A_in_rdata[12]" does not have an associated HD.PARTPIN_LOCS, which will prevent the partial routing of the signal "m_axi_A_in_rdata[12]". Without this partial route, timing analysis to/from this port will not be accurate, and no routing information for this port can be exported.
WARNING: [Route 35-198] Port "m_axi_A_in_rdata[14]" does not have an associated HD.PARTPIN_LOCS, which will prevent the partial routing of the signal "m_axi_A_in_rdata[14]". Without this partial route, timing analysis to/from this port will not be accurate, and no routing information for this port can be exported.
WARNING: [Route 35-198] Port "m_axi_A_in_rdata[20]" does not have an associated HD.PARTPIN_LOCS, which will prevent the partial routing of the signal "m_axi_A_in_rdata[20]". Without this partial route, timing analysis to/from this port will not be accurate, and no routing information for this port can be exported.
WARNING: [Route 35-198] Port "m_axi_A_in_rdata[23]" does not have an associated HD.PARTPIN_LOCS, which will prevent the partial routing of the signal "m_axi_A_in_rdata[23]". Without this partial route, timing analysis to/from this port will not be accurate, and no routing information for this port can be exported.
WARNING: [Route 35-198] Port "m_axi_A_in_rdata[27]" does not have an associated HD.PARTPIN_LOCS, which will prevent the partial routing of the signal "m_axi_A_in_rdata[27]". Without this partial route, timing analysis to/from this port will not be accurate, and no routing information for this port can be exported.
WARNING: [Route 35-198] Port "m_axi_A_in_rdata[30]" does not have an associated HD.PARTPIN_LOCS, which will prevent the partial routing of the signal "m_axi_A_in_rdata[30]". Without this partial route, timing analysis to/from this port will not be accurate, and no routing information for this port can be exported.
WARNING: [Route 35-198] Port "m_axi_A_in_rdata[5]" does not have an associated HD.PARTPIN_LOCS, which will prevent the partial routing of the signal "m_axi_A_in_rdata[5]". Without this partial route, timing analysis to/from this port will not be accurate, and no routing information for this port can be exported.
WARNING: [Route 35-198] Port "m_axi_A_in_rdata[6]" does not have an associated HD.PARTPIN_LOCS, which will prevent the partial routing of the signal "m_axi_A_in_rdata[6]". Without this partial route, timing analysis to/from this port will not be accurate, and no routing information for this port can be exported.
WARNING: [Route 35-198] Port "m_axi_A_in_rdata[0]" does not have an associated HD.PARTPIN_LOCS, which will prevent the partial routing of the signal "m_axi_A_in_rdata[0]". Without this partial route, timing analysis to/from this port will not be accurate, and no routing information for this port can be exported.
WARNING: [Route 35-198] Port "m_axi_A_in_rdata[10]" does not have an associated HD.PARTPIN_LOCS, which will prevent the partial routing of the signal "m_axi_A_in_rdata[10]". Without this partial route, timing analysis to/from this port will not be accurate, and no routing information for this port can be exported.
WARNING: [Route 35-198] Port "m_axi_A_in_rdata[13]" does not have an associated HD.PARTPIN_LOCS, which will prevent the partial routing of the signal "m_axi_A_in_rdata[13]". Without this partial route, timing analysis to/from this port will not be accurate, and no routing information for this port can be exported.
WARNING: [Route 35-198] Port "m_axi_A_in_rdata[15]" does not have an associated HD.PARTPIN_LOCS, which will prevent the partial routing of the signal "m_axi_A_in_rdata[15]". Without this partial route, timing analysis to/from this port will not be accurate, and no routing information for this port can be exported.
WARNING: [Route 35-198] Port "m_axi_A_in_rdata[28]" does not have an associated HD.PARTPIN_LOCS, which will prevent the partial routing of the signal "m_axi_A_in_rdata[28]". Without this partial route, timing analysis to/from this port will not be accurate, and no routing information for this port can be exported.
WARNING: [Route 35-198] Port "m_axi_A_in_rdata[29]" does not have an associated HD.PARTPIN_LOCS, which will prevent the partial routing of the signal "m_axi_A_in_rdata[29]". Without this partial route, timing analysis to/from this port will not be accurate, and no routing information for this port can be exported.
WARNING: [Route 35-198] Port "m_axi_A_in_rdata[9]" does not have an associated HD.PARTPIN_LOCS, which will prevent the partial routing of the signal "m_axi_A_in_rdata[9]". Without this partial route, timing analysis to/from this port will not be accurate, and no routing information for this port can be exported.
WARNING: [Route 35-198] Port "m_axi_A_in_rdata[16]" does not have an associated HD.PARTPIN_LOCS, which will prevent the partial routing of the signal "m_axi_A_in_rdata[16]". Without this partial route, timing analysis to/from this port will not be accurate, and no routing information for this port can be exported.
WARNING: [Route 35-198] Port "m_axi_A_in_rdata[17]" does not have an associated HD.PARTPIN_LOCS, which will prevent the partial routing of the signal "m_axi_A_in_rdata[17]". Without this partial route, timing analysis to/from this port will not be accurate, and no routing information for this port can be exported.
WARNING: [Route 35-198] Port "m_axi_A_in_rdata[18]" does not have an associated HD.PARTPIN_LOCS, which will prevent the partial routing of the signal "m_axi_A_in_rdata[18]". Without this partial route, timing analysis to/from this port will not be accurate, and no routing information for this port can be exported.
WARNING: [Route 35-198] Port "m_axi_A_in_rdata[19]" does not have an associated HD.PARTPIN_LOCS, which will prevent the partial routing of the signal "m_axi_A_in_rdata[19]". Without this partial route, timing analysis to/from this port will not be accurate, and no routing information for this port can be exported.
WARNING: [Route 35-198] Port "m_axi_A_in_rdata[26]" does not have an associated HD.PARTPIN_LOCS, which will prevent the partial routing of the signal "m_axi_A_in_rdata[26]". Without this partial route, timing analysis to/from this port will not be accurate, and no routing information for this port can be exported.
WARNING: [Route 35-198] Port "m_axi_A_in_rdata[3]" does not have an associated HD.PARTPIN_LOCS, which will prevent the partial routing of the signal "m_axi_A_in_rdata[3]". Without this partial route, timing analysis to/from this port will not be accurate, and no routing information for this port can be exported.
WARNING: [Route 35-198] Port "m_axi_A_in_rdata[4]" does not have an associated HD.PARTPIN_LOCS, which will prevent the partial routing of the signal "m_axi_A_in_rdata[4]". Without this partial route, timing analysis to/from this port will not be accurate, and no routing information for this port can be exported.
WARNING: [Route 35-198] Port "m_axi_A_in_rdata[8]" does not have an associated HD.PARTPIN_LOCS, which will prevent the partial routing of the signal "m_axi_A_in_rdata[8]". Without this partial route, timing analysis to/from this port will not be accurate, and no routing information for this port can be exported.
WARNING: [Route 35-198] Port "m_axi_A_in_rdata[11]" does not have an associated HD.PARTPIN_LOCS, which will prevent the partial routing of the signal "m_axi_A_in_rdata[11]". Without this partial route, timing analysis to/from this port will not be accurate, and no routing information for this port can be exported.
WARNING: [Route 35-198] Port "m_axi_A_in_rdata[1]" does not have an associated HD.PARTPIN_LOCS, which will prevent the partial routing of the signal "m_axi_A_in_rdata[1]". Without this partial route, timing analysis to/from this port will not be accurate, and no routing information for this port can be exported.
WARNING: [Route 35-198] Port "m_axi_A_in_rdata[24]" does not have an associated HD.PARTPIN_LOCS, which will prevent the partial routing of the signal "m_axi_A_in_rdata[24]". Without this partial route, timing analysis to/from this port will not be accurate, and no routing information for this port can be exported.
WARNING: [Route 35-198] Port "m_axi_A_in_rdata[25]" does not have an associated HD.PARTPIN_LOCS, which will prevent the partial routing of the signal "m_axi_A_in_rdata[25]". Without this partial route, timing analysis to/from this port will not be accurate, and no routing information for this port can be exported.
WARNING: [Route 35-198] Port "m_axi_A_in_rdata[2]" does not have an associated HD.PARTPIN_LOCS, which will prevent the partial routing of the signal "m_axi_A_in_rdata[2]". Without this partial route, timing analysis to/from this port will not be accurate, and no routing information for this port can be exported.
WARNING: [Route 35-198] Port "m_axi_A_in_rlast" does not have an associated HD.PARTPIN_LOCS, which will prevent the partial routing of the signal "m_axi_A_in_rlast". Without this partial route, timing analysis to/from this port will not be accurate, and no routing information for this port can be exported.
Post Restoration Checksum: NetGraph: bbe3dc49 | NumContArr: 60021564 | Constraints: c2a8fa9d | Timing: c2a8fa9d
Phase 1 Build RT Design | Checksum: 2a137e6e7

Time (s): cpu = 00:00:08 ; elapsed = 00:00:04 . Memory (MB): peak = 0.000 ; gain = 0.000 ; free physical = 75904 ; free virtual = 182776

Phase 2 Router Initialization

Phase 2.1 Fix Topology Constraints
Phase 2.1 Fix Topology Constraints | Checksum: 2a137e6e7

Time (s): cpu = 00:00:08 ; elapsed = 00:00:04 . Memory (MB): peak = 0.000 ; gain = 0.000 ; free physical = 75903 ; free virtual = 182775

Phase 2.2 Pre Route Cleanup
Phase 2.2 Pre Route Cleanup | Checksum: 2a137e6e7

Time (s): cpu = 00:00:08 ; elapsed = 00:00:04 . Memory (MB): peak = 0.000 ; gain = 0.000 ; free physical = 75903 ; free virtual = 182775

Phase 2.3 Global Clock Net Routing
Phase 2.3 Global Clock Net Routing | Checksum: 2a137e6e7

Time (s): cpu = 00:00:09 ; elapsed = 00:00:05 . Memory (MB): peak = 0.000 ; gain = 0.000 ; free physical = 75884 ; free virtual = 182759

Phase 2.4 Update Timing
Phase 2.4 Update Timing | Checksum: 2ae13d7dc

Time (s): cpu = 00:00:11 ; elapsed = 00:00:05 . Memory (MB): peak = 0.000 ; gain = 0.000 ; free physical = 75872 ; free virtual = 182751
INFO: [Route 35-416] Intermediate Timing Summary | WNS=3.948  | TNS=0.000  | WHS=0.003  | THS=0.000  |


Phase 2.5 Soft Constraint Pins - Fast Budgeting
Phase 2.5 Soft Constraint Pins - Fast Budgeting | Checksum: 2a2629fb9

Time (s): cpu = 00:00:14 ; elapsed = 00:00:06 . Memory (MB): peak = 0.000 ; gain = 0.000 ; free physical = 75766 ; free virtual = 182653

Router Utilization Summary
  Global Vertical Routing Utilization    = 0 %
  Global Horizontal Routing Utilization  = 0 %
  Routable Net Status*
  *Does not include unroutable nets such as driverless and loadless.
  Run report_route_status for detailed report.
  Number of Failed Nets               = 7270
    (Failed Nets is the sum of unrouted and partially routed nets)
  Number of Unrouted Nets             = 6383
  Number of Partially Routed Nets     = 887
  Number of Node Overlaps             = 0

Phase 2 Router Initialization | Checksum: 2c085214f

Time (s): cpu = 00:00:16 ; elapsed = 00:00:06 . Memory (MB): peak = 0.000 ; gain = 0.000 ; free physical = 75783 ; free virtual = 182672

Phase 3 Global Routing
Phase 3 Global Routing | Checksum: 2c085214f

Time (s): cpu = 00:00:16 ; elapsed = 00:00:06 . Memory (MB): peak = 0.000 ; gain = 0.000 ; free physical = 75781 ; free virtual = 182670

Phase 4 Initial Routing

Phase 4.1 Initial Net Routing Pass
Phase 4.1 Initial Net Routing Pass | Checksum: 24ee6fa37

Time (s): cpu = 00:00:19 ; elapsed = 00:00:08 . Memory (MB): peak = 0.000 ; gain = 0.000 ; free physical = 75781 ; free virtual = 182676
Phase 4 Initial Routing | Checksum: 275aea53e

Time (s): cpu = 00:00:20 ; elapsed = 00:00:08 . Memory (MB): peak = 0.000 ; gain = 0.000 ; free physical = 75779 ; free virtual = 182674

Phase 5 Rip-up And Reroute

Phase 5.1 Global Iteration 0
 Number of Nodes with overlaps = 597
 Number of Nodes with overlaps = 29
 Number of Nodes with overlaps = 0
INFO: [Route 35-416] Intermediate Timing Summary | WNS=3.472  | TNS=0.000  | WHS=0.032  | THS=0.000  |

Phase 5.1 Global Iteration 0 | Checksum: 2883be990

Time (s): cpu = 00:00:30 ; elapsed = 00:00:11 . Memory (MB): peak = 0.000 ; gain = 0.000 ; free physical = 75678 ; free virtual = 182592

Phase 5.2 Additional Iteration for Hold
Phase 5.2 Additional Iteration for Hold | Checksum: 2f62b11c9

Time (s): cpu = 00:00:30 ; elapsed = 00:00:11 . Memory (MB): peak = 0.000 ; gain = 0.000 ; free physical = 75679 ; free virtual = 182594
Phase 5 Rip-up And Reroute | Checksum: 2f62b11c9

Time (s): cpu = 00:00:30 ; elapsed = 00:00:11 . Memory (MB): peak = 0.000 ; gain = 0.000 ; free physical = 75678 ; free virtual = 182593

Phase 6 Delay and Skew Optimization

Phase 6.1 Delay CleanUp
Phase 6.1 Delay CleanUp | Checksum: 2f62b11c9

Time (s): cpu = 00:00:30 ; elapsed = 00:00:11 . Memory (MB): peak = 0.000 ; gain = 0.000 ; free physical = 75678 ; free virtual = 182593

Phase 6.2 Clock Skew Optimization
Phase 6.2 Clock Skew Optimization | Checksum: 2f62b11c9

Time (s): cpu = 00:00:30 ; elapsed = 00:00:11 . Memory (MB): peak = 0.000 ; gain = 0.000 ; free physical = 75676 ; free virtual = 182592
Phase 6 Delay and Skew Optimization | Checksum: 2f62b11c9

Time (s): cpu = 00:00:31 ; elapsed = 00:00:11 . Memory (MB): peak = 0.000 ; gain = 0.000 ; free physical = 75676 ; free virtual = 182591

Phase 7 Post Hold Fix

Phase 7.1 Hold Fix Iter
INFO: [Route 35-416] Intermediate Timing Summary | WNS=3.472  | TNS=0.000  | WHS=0.032  | THS=0.000  |

Phase 7.1 Hold Fix Iter | Checksum: 2396d71eb

Time (s): cpu = 00:00:32 ; elapsed = 00:00:11 . Memory (MB): peak = 0.000 ; gain = 0.000 ; free physical = 75670 ; free virtual = 182587
Phase 7 Post Hold Fix | Checksum: 2396d71eb

Time (s): cpu = 00:00:32 ; elapsed = 00:00:11 . Memory (MB): peak = 0.000 ; gain = 0.000 ; free physical = 75668 ; free virtual = 182585

Phase 8 Route finalize

Router Utilization Summary
  Global Vertical Routing Utilization    = 1.6517 %
  Global Horizontal Routing Utilization  = 1.39775 %
  Routable Net Status*
  *Does not include unroutable nets such as driverless and loadless.
  Run report_route_status for detailed report.
  Number of Failed Nets               = 0
    (Failed Nets is the sum of unrouted and partially routed nets)
  Number of Unrouted Nets             = 0
  Number of Partially Routed Nets     = 0
  Number of Node Overlaps             = 0

Phase 8 Route finalize | Checksum: 2396d71eb

Time (s): cpu = 00:00:33 ; elapsed = 00:00:12 . Memory (MB): peak = 0.000 ; gain = 0.000 ; free physical = 75666 ; free virtual = 182584

Phase 9 Verifying routed nets

 Verification completed successfully
Phase 9 Verifying routed nets | Checksum: 2396d71eb

Time (s): cpu = 00:00:33 ; elapsed = 00:00:12 . Memory (MB): peak = 0.000 ; gain = 0.000 ; free physical = 75667 ; free virtual = 182584

Phase 10 Depositing Routes
Phase 10 Depositing Routes | Checksum: 2396d71eb

Time (s): cpu = 00:00:34 ; elapsed = 00:00:12 . Memory (MB): peak = 0.000 ; gain = 0.000 ; free physical = 75650 ; free virtual = 182570

Phase 11 Resolve XTalk
Phase 11 Resolve XTalk | Checksum: 2396d71eb

Time (s): cpu = 00:00:34 ; elapsed = 00:00:12 . Memory (MB): peak = 0.000 ; gain = 0.000 ; free physical = 75646 ; free virtual = 182568

Phase 12 Post Process Routing
Phase 12 Post Process Routing | Checksum: 2396d71eb

Time (s): cpu = 00:00:34 ; elapsed = 00:00:12 . Memory (MB): peak = 0.000 ; gain = 0.000 ; free physical = 75645 ; free virtual = 182567

Phase 13 Post Router Timing
INFO: [Route 35-57] Estimated Timing Summary | WNS=3.472  | TNS=0.000  | WHS=0.032  | THS=0.000  |

INFO: [Route 35-327] The final timing numbers are based on the router estimated timing analysis. For a complete and accurate timing signoff, please run report_timing_summary.
Phase 13 Post Router Timing | Checksum: 2396d71eb

Time (s): cpu = 00:00:34 ; elapsed = 00:00:12 . Memory (MB): peak = 0.000 ; gain = 0.000 ; free physical = 75644 ; free virtual = 182566
Total Elapsed time in route_design: 12.2 secs

Phase 14 Post-Route Event Processing
Phase 14 Post-Route Event Processing | Checksum: 19b2d962e

Time (s): cpu = 00:00:34 ; elapsed = 00:00:12 . Memory (MB): peak = 0.000 ; gain = 0.000 ; free physical = 75643 ; free virtual = 182565
INFO: [Route 35-16] Router Completed Successfully
Ending Routing Task | Checksum: 19b2d962e

Time (s): cpu = 00:00:35 ; elapsed = 00:00:12 . Memory (MB): peak = 0.000 ; gain = 0.000 ; free physical = 75641 ; free virtual = 182564

Routing Is Done.
INFO: [Common 17-83] Releasing license: Implementation
100 Infos, 96 Warnings, 0 Critical Warnings and 0 Errors encountered.
route_design completed successfully
route_design: Time (s): cpu = 00:00:35 ; elapsed = 00:00:12 . Memory (MB): peak = 0.000 ; gain = 0.000 ; free physical = 75642 ; free virtual = 182565
INFO: [Vivado 12-24828] Executing command : report_drc -file bd_0_wrapper_drc_routed.rpt -pb bd_0_wrapper_drc_routed.pb -rpx bd_0_wrapper_drc_routed.rpx
Command: report_drc -file bd_0_wrapper_drc_routed.rpt -pb bd_0_wrapper_drc_routed.pb -rpx bd_0_wrapper_drc_routed.rpx
INFO: [IP_Flow 19-1839] IP Catalog is up to date.
INFO: [DRC 23-27] Running DRC with 8 threads
WARNING: [DRC 23-814] Not all possible (connectivity based) DRCs may have been run because this design is seen as Out of Context.
INFO: [Vivado_Tcl 2-168] The results of DRC are in file /nethome/shanda34/FPGA_ECE8893_SJH/2026_Spring/lab2/project_1/hls/impl/verilog/project.runs/impl_1/bd_0_wrapper_drc_routed.rpt.
report_drc completed successfully
INFO: [Vivado 12-24828] Executing command : report_methodology -file bd_0_wrapper_methodology_drc_routed.rpt -pb bd_0_wrapper_methodology_drc_routed.pb -rpx bd_0_wrapper_methodology_drc_routed.rpx
Command: report_methodology -file bd_0_wrapper_methodology_drc_routed.rpt -pb bd_0_wrapper_methodology_drc_routed.pb -rpx bd_0_wrapper_methodology_drc_routed.rpx
INFO: [Timing 38-35] Done setting XDC timing constraints.
WARNING: [Timing 38-242] The property HD.CLK_SRC of clock port "ap_clk" is not set. In out-of-context mode, this prevents timing estimation for clock delay/skew
Resolution: Set the HD.CLK_SRC property of the out-of-context port to the location of the clock buffer instance in the top-level design
INFO: [DRC 23-133] Running Methodology with 8 threads
WARNING: [DRC 23-814] Not all possible (connectivity based) DRCs may have been run because this design is seen as Out of Context.
INFO: [Vivado_Tcl 2-1520] The results of Report Methodology are in file /nethome/shanda34/FPGA_ECE8893_SJH/2026_Spring/lab2/project_1/hls/impl/verilog/project.runs/impl_1/bd_0_wrapper_methodology_drc_routed.rpt.
report_methodology completed successfully
INFO: [Vivado 12-24828] Executing command : report_timing_summary -max_paths 10 -routable_nets -report_unconstrained -file bd_0_wrapper_timing_summary_routed.rpt -pb bd_0_wrapper_timing_summary_routed.pb -rpx bd_0_wrapper_timing_summary_routed.rpx -warn_on_violation 
INFO: [Timing 38-35] Done setting XDC timing constraints.
INFO: [Timing 38-91] UpdateTimingParams: Speed grade: -1, Temperature grade: E, Delay Type: min_max.
INFO: [Timing 38-191] Multithreading enabled for timing update using a maximum of 8 CPUs
INFO: [Vivado 12-24838] Running report commands "report_bus_skew, report_incremental_reuse, report_route_status" in parallel.
Running report generation with 3 threads.
INFO: [Vivado 12-24828] Executing command : report_incremental_reuse -file bd_0_wrapper_incremental_reuse_routed.rpt
INFO: [Vivado_Tcl 4-1062] Incremental flow is disabled. No incremental reuse Info to report.
INFO: [Vivado 12-24828] Executing command : report_route_status -file bd_0_wrapper_route_status.rpt -pb bd_0_wrapper_route_status.pb
INFO: [Vivado 12-24828] Executing command : report_bus_skew -warn_on_violation -file bd_0_wrapper_bus_skew_routed.rpt -pb bd_0_wrapper_bus_skew_routed.pb -rpx bd_0_wrapper_bus_skew_routed.rpx
INFO: [Timing 38-91] UpdateTimingParams: Speed grade: -1, Temperature grade: E, Delay Type: min_max.
INFO: [Timing 38-191] Multithreading enabled for timing update using a maximum of 8 CPUs
INFO: [Vivado 12-24828] Executing command : report_power -file bd_0_wrapper_power_routed.rpt -pb bd_0_wrapper_power_summary_routed.pb -rpx bd_0_wrapper_power_routed.rpx
Command: report_power -file bd_0_wrapper_power_routed.rpt -pb bd_0_wrapper_power_summary_routed.pb -rpx bd_0_wrapper_power_routed.rpx
Running Vector-less Activity Propagation...

Finished Running Vector-less Activity Propagation
120 Infos, 99 Warnings, 0 Critical Warnings and 0 Errors encountered.
report_power completed successfully
report_power: Time (s): cpu = 00:00:13 ; elapsed = 00:00:10 . Memory (MB): peak = 0.000 ; gain = 0.000 ; free physical = 74777 ; free virtual = 181784
INFO: [Vivado 12-24828] Executing command : report_clock_utilization -file bd_0_wrapper_clock_utilization_routed.rpt
generate_parallel_reports: Time (s): cpu = 00:00:46 ; elapsed = 00:00:20 . Memory (MB): peak = 0.000 ; gain = 0.000 ; free physical = 74750 ; free virtual = 181763
INFO: [Timing 38-480] Writing timing data to binary archive.
Write ShapeDB Complete: Time (s): cpu = 00:00:00.09 ; elapsed = 00:00:00.02 . Memory (MB): peak = 0.000 ; gain = 0.000 ; free physical = 74728 ; free virtual = 181742
Wrote PlaceDB: Time (s): cpu = 00:00:01 ; elapsed = 00:00:00.51 . Memory (MB): peak = 0.000 ; gain = 0.000 ; free physical = 74704 ; free virtual = 181728
Wrote PulsedLatchDB: Time (s): cpu = 00:00:00 ; elapsed = 00:00:00 . Memory (MB): peak = 0.000 ; gain = 0.000 ; free physical = 74687 ; free virtual = 181711
Writing XDEF routing.
Writing XDEF routing logical nets.
Writing XDEF routing special nets.
Wrote RouteStorage: Time (s): cpu = 00:00:00.26 ; elapsed = 00:00:00.24 . Memory (MB): peak = 0.000 ; gain = 0.000 ; free physical = 74709 ; free virtual = 181736
Wrote Netlist Cache: Time (s): cpu = 00:00:00.01 ; elapsed = 00:00:00.03 . Memory (MB): peak = 0.000 ; gain = 0.000 ; free physical = 74708 ; free virtual = 181735
Wrote Device Cache: Time (s): cpu = 00:00:00.02 ; elapsed = 00:00:00.07 . Memory (MB): peak = 0.000 ; gain = 0.000 ; free physical = 74697 ; free virtual = 181727
Write Physdb Complete: Time (s): cpu = 00:00:02 ; elapsed = 00:00:00.87 . Memory (MB): peak = 0.000 ; gain = 0.000 ; free physical = 74697 ; free virtual = 181727
INFO: [Common 17-1381] The checkpoint '/nethome/shanda34/FPGA_ECE8893_SJH/2026_Spring/lab2/project_1/hls/impl/verilog/project.runs/impl_1/bd_0_wrapper_routed.dcp' has been generated.
INFO: [Common 17-206] Exiting Vivado at Fri Feb 20 13:43:52 2026...
[Fri Feb 20 13:44:18 2026] impl_1 finished
wait_on_runs: Time (s): cpu = 00:00:02 ; elapsed = 00:03:35 . Memory (MB): peak = 0.000 ; gain = 0.000 ; free physical = 77459 ; free virtual = 184505
TIMESTAMP: HLS-REPORT: implementation open_run: 2026-02-20 13:44:18 EST
INFO: HLS-REPORT: Opening implementation design database: open_run impl_1
Netlist sorting complete. Time (s): cpu = 00:00:00.09 ; elapsed = 00:00:00.1 . Memory (MB): peak = 0.000 ; gain = 0.000 ; free physical = 77441 ; free virtual = 184492
INFO: [Netlist 29-17] Analyzing 150 Unisim elements for replacement
INFO: [Netlist 29-28] Unisim Transformation completed in 0 CPU seconds
INFO: [Project 1-479] Netlist was created with Vivado 2025.1.1
INFO: [Project 1-570] Preparing netlist for logic optimization
Read ShapeDB Complete: Time (s): cpu = 00:00:00.02 ; elapsed = 00:00:00.02 . Memory (MB): peak = 0.000 ; gain = 0.000 ; free physical = 77378 ; free virtual = 184429
INFO: [Timing 38-478] Restoring timing data from binary archive.
INFO: [Timing 38-479] Binary timing data restore complete.
INFO: [Project 1-856] Restoring constraints from binary archive.
INFO: [Project 1-853] Binary constraint restore complete.
INFO: [Designutils 20-5722] Start Reading Physical Databases.
Reading placement.
Read Netlist Cache: Time (s): cpu = 00:00:00.01 ; elapsed = 00:00:00.01 . Memory (MB): peak = 0.000 ; gain = 0.000 ; free physical = 76988 ; free virtual = 184046
Reading placer database...
Read Device Cache: Time (s): cpu = 00:00:00.04 ; elapsed = 00:00:00.04 . Memory (MB): peak = 0.000 ; gain = 0.000 ; free physical = 76979 ; free virtual = 184036
Read PlaceDB: Time (s): cpu = 00:00:00.38 ; elapsed = 00:00:00.38 . Memory (MB): peak = 0.000 ; gain = 0.000 ; free physical = 77314 ; free virtual = 184369
Read PulsedLatchDB: Time (s): cpu = 00:00:00 ; elapsed = 00:00:00 . Memory (MB): peak = 0.000 ; gain = 0.000 ; free physical = 77314 ; free virtual = 184369
Reading routing.
Read RouteStorage: Time (s): cpu = 00:00:00.27 ; elapsed = 00:00:00.14 . Memory (MB): peak = 0.000 ; gain = 0.000 ; free physical = 77300 ; free virtual = 184356
Read Physdb Files: Time (s): cpu = 00:00:00.71 ; elapsed = 00:00:00.63 . Memory (MB): peak = 0.000 ; gain = 0.000 ; free physical = 77299 ; free virtual = 184355
Restored from archive | CPU: 0.800000 secs | Memory: 10.174660 MB |
Finished XDEF File Restore: Time (s): cpu = 00:00:00.71 ; elapsed = 00:00:00.63 . Memory (MB): peak = 0.000 ; gain = 0.000 ; free physical = 77299 ; free virtual = 184355
Netlist sorting complete. Time (s): cpu = 00:00:00 ; elapsed = 00:00:00 . Memory (MB): peak = 0.000 ; gain = 0.000 ; free physical = 77298 ; free virtual = 184355
INFO: [Project 1-111] Unisim Transformation Summary:
  A total of 4 instances were transformed.
  DSP48E2 => DSP48E2 (DSP_ALU, DSP_A_B_DATA, DSP_C_DATA, DSP_MULTIPLIER, DSP_M_DATA, DSP_OUTPUT, DSP_PREADD, DSP_PREADD_DATA): 4 instances

open_run: Time (s): cpu = 00:00:10 ; elapsed = 00:00:10 . Memory (MB): peak = 0.000 ; gain = 0.000 ; free physical = 77296 ; free virtual = 184356
TIMESTAMP: HLS-REPORT: implementation generate_reports_vivado: 2026-02-20 13:44:28 EST
INFO: HLS-REPORT: Running report: report_utilization -file ./report/top_kernel_utilization_routed.rpt
INFO: HLS-REPORT: Running report: report_utilization -hierarchical -hierarchical_depth 7 -file ./report/top_kernel_utilization_hierarchical_routed.rpt
INFO: HLS-REPORT: Running report: report_timing_summary -file ./report/top_kernel_timing_routed.rpt
INFO: [Timing 38-91] UpdateTimingParams: Speed grade: -1, Temperature grade: E, Delay Type: min_max.
INFO: [Timing 38-191] Multithreading enabled for timing update using a maximum of 8 CPUs
WARNING: [Timing 38-242] The property HD.CLK_SRC of clock port "ap_clk" is not set. In out-of-context mode, this prevents timing estimation for clock delay/skew
Resolution: Set the HD.CLK_SRC property of the out-of-context port to the location of the clock buffer instance in the top-level design
INFO: HLS-REPORT: Running report: report_power -file ./report/top_kernel_power_routed.rpt -xpe ./top_kernel_power.xpe
Command: report_power -file ./report/top_kernel_power_routed.rpt -xpe ./top_kernel_power.xpe
Running Vector-less Activity Propagation...

Finished Running Vector-less Activity Propagation
13 Infos, 2 Warnings, 0 Critical Warnings and 0 Errors encountered.
report_power completed successfully
INFO: HLS-REPORT: Running report: report_route_status -file ./report/top_kernel_status_routed.rpt
INFO: HLS-REPORT: Running report: report_timing -max_paths 10 -file ./report/top_kernel_timing_paths_routed.rpt
INFO: [Timing 38-91] UpdateTimingParams: Speed grade: -1, Temperature grade: E, Delay Type: max.
INFO: [Timing 38-191] Multithreading enabled for timing update using a maximum of 8 CPUs
INFO: [Timing 38-78] ReportTimingParams: -max_paths 10 -nworst 1 -delay_type max -sort_by slack.
INFO: HLS-REPORT: Running report: report_design_analysis -file ./report/top_kernel_design_analysis_routed.rpt
INFO: HLS-REPORT: Running report: ::tclapp::xilinx::designutils::report_failfast -detailed_report impl -file ./report/top_kernel_failfast_routed.rpt
 -I- design metrics completed in 0 seconds
 -I- DONT_TOUCH metric completed in 0 seconds
 -I- MARK_DEBUG metric completed in 0 seconds
 -I- utilization metrics completed in 3 seconds
 -I- control set metrics completed in 0 seconds
 -I- methodology check metrics completed in 1 seconds
 -I- average fanout metrics completed in 1 seconds (0 modules)
 -I- non-FD high fanout nets completed in 1 seconds
 -I- path budgeting metrics completed in 0 seconds
#  +-----------------------------------------------------------------------------------------+
#  | Design Summary                                                                          |
#  | impl_1                                                                                  |
#  | xczu3eg-sbva484-1-e                                                                     |
#  +-----------------------------------------------------------+-----------+--------+--------+
#  | Criteria                                                  | Guideline | Actual | Status |
#  +-----------------------------------------------------------+-----------+--------+--------+
#  | LUT                                                       | 70%       | 3.89%  | OK     |
#  | FD                                                        | 50%       | 2.03%  | OK     |
#  | LUTRAM+SRL                                                | 25%       | 0.63%  | OK     |
#  | CARRY8                                                    | 25%       | 1.38%  | OK     |
#  | MUXF7                                                     | 15%       | 0.07%  | OK     |
#  | DSP                                                       | 80%       | 1.11%  | OK     |
#  | RAMB/FIFO                                                 | 80%       | 41.44% | OK     |
#  | DSP+RAMB+URAM (Avg)                                       | 70%       | 21.27% | OK     |
#  | BUFGCE* + BUFGCTRL                                        | 24        | 0      | OK     |
#  | DONT_TOUCH (cells/nets)                                   | 0         | 0      | OK     |
#  | MARK_DEBUG (nets)                                         | 0         | 0      | OK     |
#  | Control Sets                                              | 1323      | 120    | OK     |
#  | Average Fanout for modules > 100k cells                   | 4         | 2.22   | OK     |
#  | Max Average Fanout for modules > 100k cells               | 4         | 0      | OK     |
#  | Non-FD high fanout nets > 10k loads                       | 0         | 0      | OK     |
#  +-----------------------------------------------------------+-----------+--------+--------+
#  | TIMING-6 (No common primary clock between related clocks) | 0         | 0      | OK     |
#  | TIMING-7 (No common node between related clocks)          | 0         | 0      | OK     |
#  | TIMING-8 (No common period between related clocks)        | 0         | 0      | OK     |
#  | TIMING-14 (LUT on the clock tree)                         | 0         | 0      | OK     |
#  | TIMING-35 (No common node in paths with the same clock)   | 0         | 0      | OK     |
#  +-----------------------------------------------------------+-----------+--------+--------+
#  | Number of paths above max LUT budgeting (0.350ns)         | 0         | 0      | OK     |
#  | Number of paths above max Net budgeting (0.239ns)         | 0         | 0      | OK     |
#  +-----------------------------------------------------------+-----------+--------+--------+
 -I- Generated file /nethome/shanda34/FPGA_ECE8893_SJH/2026_Spring/lab2/project_1/hls/impl/verilog/report/top_kernel_failfast_routed.rpt
 -I- Number of criteria to review: 0
 -I- This report should be run before placing the design and uses conservative guidelines beyond which runtime and timing closure will likely be more challenging
 -I- report_failfast completed in 6 seconds
TIMESTAMP: HLS-REPORT: implementation gen_data_dict_vivado: 2026-02-20 13:44:42 EST
TIMESTAMP: HLS-REPORT: impl extract_util_hier: 2026-02-20 13:44:42 EST
TIMESTAMP: HLS-REPORT: impl get_cell_hier_data: 2026-02-20 13:44:42 EST
TIMESTAMP: HLS-REPORT: impl get_timing_paths: 2026-02-20 13:44:42 EST
TIMESTAMP: HLS-REPORT: impl process timing paths: 2026-02-20 13:44:42 EST
TIMESTAMP: HLS-REPORT: impl get_all_vv_rpt_files: 2026-02-20 13:44:42 EST
TIMESTAMP: HLS-REPORT: implementation write_reports_vivado: 2026-02-20 13:44:42 EST
HLS EXTRACTION: impl area_totals:  0 70560 141120 360 432 8820 0
HLS EXTRACTION: impl area_current: 0 2742 2860 4 179 0 182 658 0 0
HLS EXTRACTION: impl resources_dict: AVAIL_LUT 70560 LUT 2742 AVAIL_FF 141120 FF 2860 AVAIL_DSP 360 DSP 4 AVAIL_BRAM 432 BRAM 179 AVAIL_URAM 0 URAM 0 LATCH 0 SRL 182 AVAIL_CLB 8820 CLB 658
INFO: HLS-REPORT: generated /nethome/shanda34/FPGA_ECE8893_SJH/2026_Spring/lab2/project_1/hls/impl/verilog/report/vivado_impl.xml
INFO: HLS-REPORT: generated /nethome/shanda34/FPGA_ECE8893_SJH/2026_Spring/lab2/project_1/hls/impl/report/verilog/top_kernel_export.rpt


Implementation tool: Xilinx Vivado v.2025.1.1
Project:             project_1
Solution:            hls
Device target:       xczu3eg-sbva484-1-e
Report date:         Fri Feb 20 13:44:42 EST 2026

#=== Post-Implementation Resource usage ===
SLICE:            0
LUT:           2742
FF:            2860
DSP:              4
BRAM:           179
URAM:             0
LATCH:            0
SRL:            182
CLB:            658

#=== Final timing ===
CP required:                     10.000
CP achieved post-synthesis:      4.780
CP achieved post-implementation: 6.526
Timing met

TIMESTAMP: HLS-REPORT: implementation end: 2026-02-20 13:44:42 EST
INFO: HLS-REPORT: impl run complete: worst setup slack (WNS)=3.473643, worst hold slack (WHS)=0.032000, total pulse width slack(TPWS)=0.000000, number of unrouted nets=0
# hls_vivado_reports_finalize $report_options
TIMESTAMP: HLS-REPORT: all reports complete: 2026-02-20 13:44:42 EST
INFO: [Common 17-206] Exiting Vivado at Fri Feb 20 13:44:42 2026...
INFO: [HLS 200-802] Generated output file project_1/hls/impl/export.zip
INFO: [HLS 200-2161] Finished Command export_design Elapsed time: 00:11:46; Allocated memory: 0.000 MB.
INFO: [HLS 200-112] Total CPU user time: 939.56 seconds. Total CPU system time: 90.77 seconds. Total elapsed time: 1060.36 seconds; peak allocated memory: 0.000 MB.
INFO: [vitis-run 60-791] Total elapsed time: 0h 17m 42s
INFO: [vitis-run 60-1662] Stopping dispatch session having empty uuid.
