

================================================================
== Vitis HLS Report for 'compute_Pipeline_VITIS_LOOP_27_1_VITIS_LOOP_28_2'
================================================================
* Date:           Thu Feb 19 22:36:34 2026

* Version:        2025.1.1 (Build 6214317 on Sep 11 2025)
* Project:        project_1
* Solution:       hls (Vivado IP Flow Target)
* Product family: zynquplus
* Target device:  xczu3eg-sbva484-1-e


================================================================
== Performance Estimates
================================================================
+ Timing: 
    * Summary: 
    +--------+----------+----------+------------+
    |  Clock |  Target  | Estimated| Uncertainty|
    +--------+----------+----------+------------+
    |ap_clk  |  10.00 ns|  3.998 ns|     2.70 ns|
    +--------+----------+----------+------------+

+ Latency: 
    * Summary: 
    +---------+---------+----------+----------+-------+-------+------------------------------------------------+
    |  Latency (cycles) |  Latency (absolute) |    Interval   |                    Pipeline                    |
    |   min   |   max   |    min   |    max   |  min  |  max  |                      Type                      |
    +---------+---------+----------+----------+-------+-------+------------------------------------------------+
    |    65549|    65549|  0.655 ms|  0.655 ms|  65537|  65537|  loop auto-rewind stp (delay=0 clock cycles(s))|
    +---------+---------+----------+----------+-------+-------+------------------------------------------------+

    + Detail: 
        * Instance: 
        N/A

        * Loop: 
        +-----------------------------------+---------+---------+----------+-----------+-----------+-------+----------+
        |                                   |  Latency (cycles) | Iteration|  Initiation Interval  |  Trip |          |
        |             Loop Name             |   min   |   max   |  Latency |  achieved |   target  | Count | Pipelined|
        +-----------------------------------+---------+---------+----------+-----------+-----------+-------+----------+
        |- VITIS_LOOP_27_1_VITIS_LOOP_28_2  |    65547|    65547|        13|          1|          1|  65536|       yes|
        +-----------------------------------+---------+---------+----------+-----------+-----------+-------+----------+



================================================================
== Utilization Estimates
================================================================
* Summary: 
+-----------------+---------+-----+--------+-------+-----+
|       Name      | BRAM_18K| DSP |   FF   |  LUT  | URAM|
+-----------------+---------+-----+--------+-------+-----+
|DSP              |        -|    1|       -|      -|    -|
|Expression       |        -|    -|       0|    139|    -|
|FIFO             |        -|    -|       -|      -|    -|
|Instance         |        -|    2|     470|    310|    -|
|Memory           |        -|    -|       -|      -|    -|
|Multiplexer      |        -|    -|       0|     54|    -|
|Register         |        -|    -|     278|     96|    -|
+-----------------+---------+-----+--------+-------+-----+
|Total            |        0|    3|     748|    599|    0|
+-----------------+---------+-----+--------+-------+-----+
|Available        |      432|  360|  141120|  70560|    0|
+-----------------+---------+-----+--------+-------+-----+
|Utilization (%)  |        0|   ~0|      ~0|     ~0|    0|
+-----------------+---------+-----+--------+-------+-----+

+ Detail: 
    * Instance: 
    +------------------------+---------------------+---------+----+-----+-----+-----+
    |        Instance        |        Module       | BRAM_18K| DSP|  FF | LUT | URAM|
    +------------------------+---------------------+---------+----+-----+-----+-----+
    |mul_9ns_11ns_19_1_1_U6  |mul_9ns_11ns_19_1_1  |        0|   1|    0|    5|    0|
    |mul_9ns_11ns_19_1_1_U9  |mul_9ns_11ns_19_1_1  |        0|   1|    0|    5|    0|
    |urem_9ns_3ns_2_13_1_U7  |urem_9ns_3ns_2_13_1  |        0|   0|  235|  150|    0|
    |urem_9ns_3ns_2_13_1_U8  |urem_9ns_3ns_2_13_1  |        0|   0|  235|  150|    0|
    +------------------------+---------------------+---------+----+-----+-----+-----+
    |Total                   |                     |        0|   2|  470|  310|    0|
    +------------------------+---------------------+---------+----+-----+-----+-----+

    * DSP: 
    +-----------------------------------+-------------------------------+--------------+
    |              Instance             |             Module            |  Expression  |
    +-----------------------------------+-------------------------------+--------------+
    |mac_muladd_8ns_7ns_8ns_13_4_1_U10  |mac_muladd_8ns_7ns_8ns_13_4_1  |  i0 * i1 + i2|
    +-----------------------------------+-------------------------------+--------------+

    * Memory: 
    N/A

    * FIFO: 
    N/A

    * Expression: 
    +-------------------------+----------+----+---+----+------------+------------+
    |      Variable Name      | Operation| DSP| FF| LUT| Bitwidth P0| Bitwidth P1|
    +-------------------------+----------+----+---+----+------------+------------+
    |add_ln27_1_fu_252_p2     |         +|   0|  0|  24|          17|           1|
    |add_ln27_fu_264_p2       |         +|   0|  0|  16|           9|           1|
    |add_ln28_fu_328_p2       |         +|   0|  0|  16|           9|           1|
    |add_ln30_fu_362_p2       |         +|   0|  0|  23|          16|          16|
    |icmp_ln27_fu_246_p2      |      icmp|   0|  0|  25|          17|          18|
    |icmp_ln28_fu_270_p2      |      icmp|   0|  0|  17|           9|          10|
    |select_ln27_1_fu_284_p3  |    select|   0|  0|   8|           1|           9|
    |select_ln27_fu_276_p3    |    select|   0|  0|   8|           1|           1|
    |ap_enable_pp0            |       xor|   0|  0|   2|           1|           2|
    +-------------------------+----------+----+---+----+------------+------------+
    |Total                    |          |   0|  0| 139|          80|          59|
    +-------------------------+----------+----+---+----+------------+------------+

    * Multiplexer: 
    +-------------------------+----+-----------+-----+-----------+
    |           Name          | LUT| Input Size| Bits| Total Bits|
    +-------------------------+----+-----------+-----+-----------+
    |ap_done_int              |   9|          2|    1|          2|
    |ap_enable_reg_pp0_iter1  |   9|          2|    1|          2|
    |ap_enable_reg_pp0_iter2  |   9|          2|    1|          2|
    |i_fu_74                  |   9|          2|    9|         18|
    |indvar_flatten_fu_78     |   9|          2|   17|         34|
    |j_fu_70                  |   9|          2|    9|         18|
    +-------------------------+----+-----------+-----+-----------+
    |Total                    |  54|         12|   38|         76|
    +-------------------------+----+-----------+-----+-----------+

    * Register: 
    +-----------------------------------+----+----+-----+-----------+
    |                Name               | FF | LUT| Bits| Const Bits|
    +-----------------------------------+----+----+-----+-----------+
    |ap_CS_fsm                          |   1|   0|    1|          0|
    |ap_done_reg                        |   1|   0|    1|          0|
    |ap_enable_reg_pp0_iter1            |   1|   0|    1|          0|
    |ap_enable_reg_pp0_iter10           |   1|   0|    1|          0|
    |ap_enable_reg_pp0_iter11           |   1|   0|    1|          0|
    |ap_enable_reg_pp0_iter12           |   1|   0|    1|          0|
    |ap_enable_reg_pp0_iter13           |   1|   0|    1|          0|
    |ap_enable_reg_pp0_iter2            |   1|   0|    1|          0|
    |ap_enable_reg_pp0_iter3            |   1|   0|    1|          0|
    |ap_enable_reg_pp0_iter4            |   1|   0|    1|          0|
    |ap_enable_reg_pp0_iter5            |   1|   0|    1|          0|
    |ap_enable_reg_pp0_iter6            |   1|   0|    1|          0|
    |ap_enable_reg_pp0_iter7            |   1|   0|    1|          0|
    |ap_enable_reg_pp0_iter8            |   1|   0|    1|          0|
    |ap_enable_reg_pp0_iter9            |   1|   0|    1|          0|
    |ap_loop_exit_ready_pp0_iter10_reg  |   1|   0|    1|          0|
    |ap_loop_exit_ready_pp0_iter11_reg  |   1|   0|    1|          0|
    |ap_loop_exit_ready_pp0_iter12_reg  |   1|   0|    1|          0|
    |ap_loop_exit_ready_pp0_iter2_reg   |   1|   0|    1|          0|
    |ap_loop_exit_ready_pp0_iter3_reg   |   1|   0|    1|          0|
    |ap_loop_exit_ready_pp0_iter4_reg   |   1|   0|    1|          0|
    |ap_loop_exit_ready_pp0_iter5_reg   |   1|   0|    1|          0|
    |ap_loop_exit_ready_pp0_iter6_reg   |   1|   0|    1|          0|
    |ap_loop_exit_ready_pp0_iter7_reg   |   1|   0|    1|          0|
    |ap_loop_exit_ready_pp0_iter8_reg   |   1|   0|    1|          0|
    |ap_loop_exit_ready_pp0_iter9_reg   |   1|   0|    1|          0|
    |i_fu_74                            |   9|   0|    9|          0|
    |indvar_flatten_fu_78               |  17|   0|   17|          0|
    |j_fu_70                            |   9|   0|    9|          0|
    |select_ln27_reg_459                |   9|   0|    9|          0|
    |tmp_52_reg_476                     |   8|   0|    8|          0|
    |trunc_ln30_reg_471                 |   8|   0|    8|          0|
    |select_ln27_reg_459                |  64|  32|    9|          0|
    |tmp_52_reg_476                     |  64|  32|    8|          0|
    |trunc_ln30_reg_471                 |  64|  32|    8|          0|
    +-----------------------------------+----+----+-----+-----------+
    |Total                              | 278|  96|  111|          0|
    +-----------------------------------+----+----+-----+-----------+



================================================================
== Interface
================================================================
* Summary: 
+--------------------+-----+-----+------------+--------------------------------------------------+--------------+
|      RTL Ports     | Dir | Bits|  Protocol  |                   Source Object                  |    C Type    |
+--------------------+-----+-----+------------+--------------------------------------------------+--------------+
|ap_clk              |   in|    1|  ap_ctrl_hs|  compute_Pipeline_VITIS_LOOP_27_1_VITIS_LOOP_28_2|  return value|
|ap_rst              |   in|    1|  ap_ctrl_hs|  compute_Pipeline_VITIS_LOOP_27_1_VITIS_LOOP_28_2|  return value|
|ap_start            |   in|    1|  ap_ctrl_hs|  compute_Pipeline_VITIS_LOOP_27_1_VITIS_LOOP_28_2|  return value|
|ap_done             |  out|    1|  ap_ctrl_hs|  compute_Pipeline_VITIS_LOOP_27_1_VITIS_LOOP_28_2|  return value|
|ap_idle             |  out|    1|  ap_ctrl_hs|  compute_Pipeline_VITIS_LOOP_27_1_VITIS_LOOP_28_2|  return value|
|ap_ready            |  out|    1|  ap_ctrl_hs|  compute_Pipeline_VITIS_LOOP_27_1_VITIS_LOOP_28_2|  return value|
|stream_in_address0  |  out|   16|   ap_memory|                                         stream_in|         array|
|stream_in_ce0       |  out|    1|   ap_memory|                                         stream_in|         array|
|stream_in_q0        |   in|   24|   ap_memory|                                         stream_in|         array|
|cur_address0        |  out|   13|   ap_memory|                                               cur|         array|
|cur_ce0             |  out|    1|   ap_memory|                                               cur|         array|
|cur_we0             |  out|    1|   ap_memory|                                               cur|         array|
|cur_d0              |  out|   24|   ap_memory|                                               cur|         array|
|cur_1_address0      |  out|   13|   ap_memory|                                             cur_1|         array|
|cur_1_ce0           |  out|    1|   ap_memory|                                             cur_1|         array|
|cur_1_we0           |  out|    1|   ap_memory|                                             cur_1|         array|
|cur_1_d0            |  out|   24|   ap_memory|                                             cur_1|         array|
|cur_2_address0      |  out|   13|   ap_memory|                                             cur_2|         array|
|cur_2_ce0           |  out|    1|   ap_memory|                                             cur_2|         array|
|cur_2_we0           |  out|    1|   ap_memory|                                             cur_2|         array|
|cur_2_d0            |  out|   24|   ap_memory|                                             cur_2|         array|
|cur_3_address0      |  out|   13|   ap_memory|                                             cur_3|         array|
|cur_3_ce0           |  out|    1|   ap_memory|                                             cur_3|         array|
|cur_3_we0           |  out|    1|   ap_memory|                                             cur_3|         array|
|cur_3_d0            |  out|   24|   ap_memory|                                             cur_3|         array|
|cur_4_address0      |  out|   13|   ap_memory|                                             cur_4|         array|
|cur_4_ce0           |  out|    1|   ap_memory|                                             cur_4|         array|
|cur_4_we0           |  out|    1|   ap_memory|                                             cur_4|         array|
|cur_4_d0            |  out|   24|   ap_memory|                                             cur_4|         array|
|cur_5_address0      |  out|   13|   ap_memory|                                             cur_5|         array|
|cur_5_ce0           |  out|    1|   ap_memory|                                             cur_5|         array|
|cur_5_we0           |  out|    1|   ap_memory|                                             cur_5|         array|
|cur_5_d0            |  out|   24|   ap_memory|                                             cur_5|         array|
|cur_6_address0      |  out|   13|   ap_memory|                                             cur_6|         array|
|cur_6_ce0           |  out|    1|   ap_memory|                                             cur_6|         array|
|cur_6_we0           |  out|    1|   ap_memory|                                             cur_6|         array|
|cur_6_d0            |  out|   24|   ap_memory|                                             cur_6|         array|
|cur_7_address0      |  out|   13|   ap_memory|                                             cur_7|         array|
|cur_7_ce0           |  out|    1|   ap_memory|                                             cur_7|         array|
|cur_7_we0           |  out|    1|   ap_memory|                                             cur_7|         array|
|cur_7_d0            |  out|   24|   ap_memory|                                             cur_7|         array|
|cur_8_address0      |  out|   13|   ap_memory|                                             cur_8|         array|
|cur_8_ce0           |  out|    1|   ap_memory|                                             cur_8|         array|
|cur_8_we0           |  out|    1|   ap_memory|                                             cur_8|         array|
|cur_8_d0            |  out|   24|   ap_memory|                                             cur_8|         array|
+--------------------+-----+-----+------------+--------------------------------------------------+--------------+

============================================================
+ Verbose Summary: Synthesis Manager
============================================================
InlineROM: 1
ExposeGlobal: 0
============================================================
+ Verbose Summary: CDFG Model
============================================================
IsTopModel: 0
ResetActiveHigh: 1
IsCombinational: 2
IsDatapathOnly: 2
HasWiredReturn: 1
HasMFsm: 2
HasVarLatency: 1
IsPipeline: 0
IsRtlPipelined: 0
IsInstanceOverlapped: 0
IsDontTouch: 0
HasImplIP: 0
IsGatedGlobalClock: 0

+ Individual pipeline summary: 
  * Pipeline-0: initiation interval (II) = 1, depth = 14


============================================================
+ Verbose Summary: Schedule
============================================================
* Number of FSM states : 14
* Pipeline : 1
  Pipeline-0 : II = 1, D = 14, States = { 1 2 3 4 5 6 7 8 9 10 11 12 13 14 }
* Dataflow Pipeline: 0

* FSM state transitions: 
1 --> 2 
2 --> 3 
3 --> 4 
4 --> 5 
5 --> 6 
6 --> 7 
7 --> 8 
8 --> 9 
9 --> 10 
10 --> 11 
11 --> 12 
12 --> 13 
13 --> 14 
14 --> 

* FSM state operations: 

State 1 <SV = 0> <Delay = 0.48>
ST_1 : Operation 16 [1/1] (0.00ns)   --->   "%j = alloca i32 1" [top.cpp:28]   --->   Operation 16 'alloca' 'j' <Predicate = true> <Delay = 0.00>
ST_1 : Operation 17 [1/1] (0.00ns)   --->   "%i = alloca i32 1" [top.cpp:27]   --->   Operation 17 'alloca' 'i' <Predicate = true> <Delay = 0.00>
ST_1 : Operation 18 [1/1] (0.00ns)   --->   "%indvar_flatten = alloca i32 1"   --->   Operation 18 'alloca' 'indvar_flatten' <Predicate = true> <Delay = 0.00>
ST_1 : Operation 19 [1/1] (0.48ns)   --->   "%store_ln0 = store i17 0, i17 %indvar_flatten"   --->   Operation 19 'store' 'store_ln0' <Predicate = true> <Delay = 0.48>
ST_1 : Operation 20 [1/1] (0.48ns)   --->   "%store_ln27 = store i9 0, i9 %i" [top.cpp:27]   --->   Operation 20 'store' 'store_ln27' <Predicate = true> <Delay = 0.48>
ST_1 : Operation 21 [1/1] (0.48ns)   --->   "%store_ln28 = store i9 0, i9 %j" [top.cpp:28]   --->   Operation 21 'store' 'store_ln28' <Predicate = true> <Delay = 0.48>
ST_1 : Operation 22 [1/1] (0.00ns)   --->   "%br_ln0 = br void %for.inc"   --->   Operation 22 'br' 'br_ln0' <Predicate = true> <Delay = 0.00>

State 2 <SV = 1> <Delay = 3.99>
ST_2 : Operation 23 [1/1] (0.00ns)   --->   "%indvar_flatten_load = load i17 %indvar_flatten" [top.cpp:27]   --->   Operation 23 'load' 'indvar_flatten_load' <Predicate = true> <Delay = 0.00>
ST_2 : Operation 24 [1/1] (1.02ns)   --->   "%icmp_ln27 = icmp_eq  i17 %indvar_flatten_load, i17 65536" [top.cpp:27]   --->   Operation 24 'icmp' 'icmp_ln27' <Predicate = true> <Delay = 1.02> <CoreInst = "Cmp">   --->   Core 9 'Cmp' <Latency = 0> <II = 1> <Delay = 1.03> <FuncUnit> <Opcode : 'seteq' 'setne' 'setle' 'setge' 'setlt' 'setgt'> <InPorts = 2> <OutPorts = 1>
ST_2 : Operation 25 [1/1] (1.02ns)   --->   "%add_ln27_1 = add i17 %indvar_flatten_load, i17 1" [top.cpp:27]   --->   Operation 25 'add' 'add_ln27_1' <Predicate = true> <Delay = 1.02> <CoreInst = "Adder">   --->   Core 1 'Adder' <Latency = 0> <II = 1> <Delay = 1.02> <FuncUnit> <Opcode : 'add' 'sub'> <InPorts = 2> <OutPorts = 1>
ST_2 : Operation 26 [1/1] (0.00ns)   --->   "%br_ln27 = br i1 %icmp_ln27, void %for.inc11, void %VITIS_LOOP_37_4.preheader.exitStub" [top.cpp:27]   --->   Operation 26 'br' 'br_ln27' <Predicate = true> <Delay = 0.00>
ST_2 : Operation 27 [1/1] (0.00ns)   --->   "%j_load = load i9 %j" [top.cpp:28]   --->   Operation 27 'load' 'j_load' <Predicate = (!icmp_ln27)> <Delay = 0.00>
ST_2 : Operation 28 [1/1] (0.00ns)   --->   "%i_load = load i9 %i" [top.cpp:27]   --->   Operation 28 'load' 'i_load' <Predicate = (!icmp_ln27)> <Delay = 0.00>
ST_2 : Operation 29 [1/1] (0.92ns)   --->   "%add_ln27 = add i9 %i_load, i9 1" [top.cpp:27]   --->   Operation 29 'add' 'add_ln27' <Predicate = (!icmp_ln27)> <Delay = 0.92> <CoreInst = "Adder">   --->   Core 1 'Adder' <Latency = 0> <II = 1> <Delay = 0.92> <FuncUnit> <Opcode : 'add' 'sub'> <InPorts = 2> <OutPorts = 1>
ST_2 : Operation 30 [1/1] (0.92ns)   --->   "%icmp_ln28 = icmp_eq  i9 %j_load, i9 256" [top.cpp:28]   --->   Operation 30 'icmp' 'icmp_ln28' <Predicate = (!icmp_ln27)> <Delay = 0.92> <CoreInst = "Cmp">   --->   Core 9 'Cmp' <Latency = 0> <II = 1> <Delay = 0.93> <FuncUnit> <Opcode : 'seteq' 'setne' 'setle' 'setge' 'setlt' 'setgt'> <InPorts = 2> <OutPorts = 1>
ST_2 : Operation 31 [1/1] (0.45ns)   --->   "%select_ln27 = select i1 %icmp_ln28, i9 0, i9 %j_load" [top.cpp:27]   --->   Operation 31 'select' 'select_ln27' <Predicate = (!icmp_ln27)> <Delay = 0.45> <CoreInst = "Sel">   --->   Core 73 'Sel' <Latency = 0> <II = 1> <Delay = 0.45> <FuncUnit> <Opcode : 'select'> <InPorts = 3> <OutPorts = 1>
ST_2 : Operation 32 [1/1] (0.45ns)   --->   "%select_ln27_1 = select i1 %icmp_ln28, i9 %add_ln27, i9 %i_load" [top.cpp:27]   --->   Operation 32 'select' 'select_ln27_1' <Predicate = (!icmp_ln27)> <Delay = 0.45> <CoreInst = "Sel">   --->   Core 73 'Sel' <Latency = 0> <II = 1> <Delay = 0.45> <FuncUnit> <Opcode : 'select'> <InPorts = 3> <OutPorts = 1>
ST_2 : Operation 33 [1/1] (0.00ns)   --->   "%trunc_ln30 = trunc i9 %select_ln27_1" [top.cpp:30]   --->   Operation 33 'trunc' 'trunc_ln30' <Predicate = (!icmp_ln27)> <Delay = 0.00>
ST_2 : Operation 34 [1/1] (0.00ns)   --->   "%zext_ln27 = zext i9 %select_ln27_1" [top.cpp:27]   --->   Operation 34 'zext' 'zext_ln27' <Predicate = (!icmp_ln27)> <Delay = 0.00>
ST_2 : Operation 35 [1/1] (2.62ns)   --->   "%mul_ln27 = mul i19 %zext_ln27, i19 683" [top.cpp:27]   --->   Operation 35 'mul' 'mul_ln27' <Predicate = (!icmp_ln27)> <Delay = 2.62> <CoreInst = "Multiplier">   --->   Core 3 'Multiplier' <Latency = 0> <II = 1> <Delay = 2.62> <FuncUnit> <Opcode : 'mul'> <InPorts = 2> <OutPorts = 1>
ST_2 : Operation 36 [1/1] (0.00ns)   --->   "%tmp_52 = partselect i8 @_ssdm_op_PartSelect.i8.i19.i32.i32, i19 %mul_ln27, i32 11, i32 18" [top.cpp:27]   --->   Operation 36 'partselect' 'tmp_52' <Predicate = (!icmp_ln27)> <Delay = 0.00>
ST_2 : Operation 37 [13/13] (1.75ns)   --->   "%urem_ln27 = urem i9 %select_ln27_1, i9 3" [top.cpp:27]   --->   Operation 37 'urem' 'urem_ln27' <Predicate = (!icmp_ln27)> <Delay = 1.75> <CoreInst = "Divider">   --->   Core 6 'Divider' <Latency = 12> <II = 1> <Delay = 1.75> <FuncUnit> <Opcode : 'udiv' 'sdiv' 'urem' 'srem'> <InPorts = 2> <OutPorts = 1>
ST_2 : Operation 38 [13/13] (1.75ns)   --->   "%urem_ln28 = urem i9 %select_ln27, i9 3" [top.cpp:28]   --->   Operation 38 'urem' 'urem_ln28' <Predicate = (!icmp_ln27)> <Delay = 1.75> <CoreInst = "Divider">   --->   Core 6 'Divider' <Latency = 12> <II = 1> <Delay = 1.75> <FuncUnit> <Opcode : 'udiv' 'sdiv' 'urem' 'srem'> <InPorts = 2> <OutPorts = 1>
ST_2 : Operation 39 [1/1] (0.92ns)   --->   "%add_ln28 = add i9 %select_ln27, i9 1" [top.cpp:28]   --->   Operation 39 'add' 'add_ln28' <Predicate = (!icmp_ln27)> <Delay = 0.92> <CoreInst = "Adder">   --->   Core 1 'Adder' <Latency = 0> <II = 1> <Delay = 0.92> <FuncUnit> <Opcode : 'add' 'sub'> <InPorts = 2> <OutPorts = 1>
ST_2 : Operation 40 [1/1] (0.48ns)   --->   "%store_ln27 = store i17 %add_ln27_1, i17 %indvar_flatten" [top.cpp:27]   --->   Operation 40 'store' 'store_ln27' <Predicate = (!icmp_ln27)> <Delay = 0.48>
ST_2 : Operation 41 [1/1] (0.48ns)   --->   "%store_ln27 = store i9 %select_ln27_1, i9 %i" [top.cpp:27]   --->   Operation 41 'store' 'store_ln27' <Predicate = (!icmp_ln27)> <Delay = 0.48>
ST_2 : Operation 42 [1/1] (0.48ns)   --->   "%store_ln28 = store i9 %add_ln28, i9 %j" [top.cpp:28]   --->   Operation 42 'store' 'store_ln28' <Predicate = (!icmp_ln27)> <Delay = 0.48>
ST_2 : Operation 43 [1/1] (0.00ns)   --->   "%br_ln28 = br void %for.inc" [top.cpp:28]   --->   Operation 43 'br' 'br_ln28' <Predicate = (!icmp_ln27)> <Delay = 0.00>

State 3 <SV = 2> <Delay = 1.75>
ST_3 : Operation 44 [12/13] (1.75ns)   --->   "%urem_ln27 = urem i9 %select_ln27_1, i9 3" [top.cpp:27]   --->   Operation 44 'urem' 'urem_ln27' <Predicate = true> <Delay = 1.75> <CoreInst = "Divider">   --->   Core 6 'Divider' <Latency = 12> <II = 1> <Delay = 1.75> <FuncUnit> <Opcode : 'udiv' 'sdiv' 'urem' 'srem'> <InPorts = 2> <OutPorts = 1>
ST_3 : Operation 45 [12/13] (1.75ns)   --->   "%urem_ln28 = urem i9 %select_ln27, i9 3" [top.cpp:28]   --->   Operation 45 'urem' 'urem_ln28' <Predicate = true> <Delay = 1.75> <CoreInst = "Divider">   --->   Core 6 'Divider' <Latency = 12> <II = 1> <Delay = 1.75> <FuncUnit> <Opcode : 'udiv' 'sdiv' 'urem' 'srem'> <InPorts = 2> <OutPorts = 1>

State 4 <SV = 3> <Delay = 1.75>
ST_4 : Operation 46 [11/13] (1.75ns)   --->   "%urem_ln27 = urem i9 %select_ln27_1, i9 3" [top.cpp:27]   --->   Operation 46 'urem' 'urem_ln27' <Predicate = true> <Delay = 1.75> <CoreInst = "Divider">   --->   Core 6 'Divider' <Latency = 12> <II = 1> <Delay = 1.75> <FuncUnit> <Opcode : 'udiv' 'sdiv' 'urem' 'srem'> <InPorts = 2> <OutPorts = 1>
ST_4 : Operation 47 [11/13] (1.75ns)   --->   "%urem_ln28 = urem i9 %select_ln27, i9 3" [top.cpp:28]   --->   Operation 47 'urem' 'urem_ln28' <Predicate = true> <Delay = 1.75> <CoreInst = "Divider">   --->   Core 6 'Divider' <Latency = 12> <II = 1> <Delay = 1.75> <FuncUnit> <Opcode : 'udiv' 'sdiv' 'urem' 'srem'> <InPorts = 2> <OutPorts = 1>

State 5 <SV = 4> <Delay = 1.75>
ST_5 : Operation 48 [10/13] (1.75ns)   --->   "%urem_ln27 = urem i9 %select_ln27_1, i9 3" [top.cpp:27]   --->   Operation 48 'urem' 'urem_ln27' <Predicate = true> <Delay = 1.75> <CoreInst = "Divider">   --->   Core 6 'Divider' <Latency = 12> <II = 1> <Delay = 1.75> <FuncUnit> <Opcode : 'udiv' 'sdiv' 'urem' 'srem'> <InPorts = 2> <OutPorts = 1>
ST_5 : Operation 49 [10/13] (1.75ns)   --->   "%urem_ln28 = urem i9 %select_ln27, i9 3" [top.cpp:28]   --->   Operation 49 'urem' 'urem_ln28' <Predicate = true> <Delay = 1.75> <CoreInst = "Divider">   --->   Core 6 'Divider' <Latency = 12> <II = 1> <Delay = 1.75> <FuncUnit> <Opcode : 'udiv' 'sdiv' 'urem' 'srem'> <InPorts = 2> <OutPorts = 1>

State 6 <SV = 5> <Delay = 1.75>
ST_6 : Operation 50 [9/13] (1.75ns)   --->   "%urem_ln27 = urem i9 %select_ln27_1, i9 3" [top.cpp:27]   --->   Operation 50 'urem' 'urem_ln27' <Predicate = true> <Delay = 1.75> <CoreInst = "Divider">   --->   Core 6 'Divider' <Latency = 12> <II = 1> <Delay = 1.75> <FuncUnit> <Opcode : 'udiv' 'sdiv' 'urem' 'srem'> <InPorts = 2> <OutPorts = 1>
ST_6 : Operation 51 [9/13] (1.75ns)   --->   "%urem_ln28 = urem i9 %select_ln27, i9 3" [top.cpp:28]   --->   Operation 51 'urem' 'urem_ln28' <Predicate = true> <Delay = 1.75> <CoreInst = "Divider">   --->   Core 6 'Divider' <Latency = 12> <II = 1> <Delay = 1.75> <FuncUnit> <Opcode : 'udiv' 'sdiv' 'urem' 'srem'> <InPorts = 2> <OutPorts = 1>

State 7 <SV = 6> <Delay = 1.75>
ST_7 : Operation 52 [8/13] (1.75ns)   --->   "%urem_ln27 = urem i9 %select_ln27_1, i9 3" [top.cpp:27]   --->   Operation 52 'urem' 'urem_ln27' <Predicate = true> <Delay = 1.75> <CoreInst = "Divider">   --->   Core 6 'Divider' <Latency = 12> <II = 1> <Delay = 1.75> <FuncUnit> <Opcode : 'udiv' 'sdiv' 'urem' 'srem'> <InPorts = 2> <OutPorts = 1>
ST_7 : Operation 53 [8/13] (1.75ns)   --->   "%urem_ln28 = urem i9 %select_ln27, i9 3" [top.cpp:28]   --->   Operation 53 'urem' 'urem_ln28' <Predicate = true> <Delay = 1.75> <CoreInst = "Divider">   --->   Core 6 'Divider' <Latency = 12> <II = 1> <Delay = 1.75> <FuncUnit> <Opcode : 'udiv' 'sdiv' 'urem' 'srem'> <InPorts = 2> <OutPorts = 1>

State 8 <SV = 7> <Delay = 1.75>
ST_8 : Operation 54 [7/13] (1.75ns)   --->   "%urem_ln27 = urem i9 %select_ln27_1, i9 3" [top.cpp:27]   --->   Operation 54 'urem' 'urem_ln27' <Predicate = true> <Delay = 1.75> <CoreInst = "Divider">   --->   Core 6 'Divider' <Latency = 12> <II = 1> <Delay = 1.75> <FuncUnit> <Opcode : 'udiv' 'sdiv' 'urem' 'srem'> <InPorts = 2> <OutPorts = 1>
ST_8 : Operation 55 [7/13] (1.75ns)   --->   "%urem_ln28 = urem i9 %select_ln27, i9 3" [top.cpp:28]   --->   Operation 55 'urem' 'urem_ln28' <Predicate = true> <Delay = 1.75> <CoreInst = "Divider">   --->   Core 6 'Divider' <Latency = 12> <II = 1> <Delay = 1.75> <FuncUnit> <Opcode : 'udiv' 'sdiv' 'urem' 'srem'> <InPorts = 2> <OutPorts = 1>

State 9 <SV = 8> <Delay = 1.75>
ST_9 : Operation 56 [6/13] (1.75ns)   --->   "%urem_ln27 = urem i9 %select_ln27_1, i9 3" [top.cpp:27]   --->   Operation 56 'urem' 'urem_ln27' <Predicate = true> <Delay = 1.75> <CoreInst = "Divider">   --->   Core 6 'Divider' <Latency = 12> <II = 1> <Delay = 1.75> <FuncUnit> <Opcode : 'udiv' 'sdiv' 'urem' 'srem'> <InPorts = 2> <OutPorts = 1>
ST_9 : Operation 57 [6/13] (1.75ns)   --->   "%urem_ln28 = urem i9 %select_ln27, i9 3" [top.cpp:28]   --->   Operation 57 'urem' 'urem_ln28' <Predicate = true> <Delay = 1.75> <CoreInst = "Divider">   --->   Core 6 'Divider' <Latency = 12> <II = 1> <Delay = 1.75> <FuncUnit> <Opcode : 'udiv' 'sdiv' 'urem' 'srem'> <InPorts = 2> <OutPorts = 1>

State 10 <SV = 9> <Delay = 1.75>
ST_10 : Operation 58 [5/13] (1.75ns)   --->   "%urem_ln27 = urem i9 %select_ln27_1, i9 3" [top.cpp:27]   --->   Operation 58 'urem' 'urem_ln27' <Predicate = true> <Delay = 1.75> <CoreInst = "Divider">   --->   Core 6 'Divider' <Latency = 12> <II = 1> <Delay = 1.75> <FuncUnit> <Opcode : 'udiv' 'sdiv' 'urem' 'srem'> <InPorts = 2> <OutPorts = 1>
ST_10 : Operation 59 [5/13] (1.75ns)   --->   "%urem_ln28 = urem i9 %select_ln27, i9 3" [top.cpp:28]   --->   Operation 59 'urem' 'urem_ln28' <Predicate = true> <Delay = 1.75> <CoreInst = "Divider">   --->   Core 6 'Divider' <Latency = 12> <II = 1> <Delay = 1.75> <FuncUnit> <Opcode : 'udiv' 'sdiv' 'urem' 'srem'> <InPorts = 2> <OutPorts = 1>

State 11 <SV = 10> <Delay = 1.75>
ST_11 : Operation 60 [1/1] (0.00ns)   --->   "%zext_ln27_1 = zext i8 %tmp_52" [top.cpp:27]   --->   Operation 60 'zext' 'zext_ln27_1' <Predicate = true> <Delay = 0.00>
ST_11 : Operation 61 [3/3] (1.08ns) (grouped into DSP with root node add_ln30_1)   --->   "%mul_ln27_1 = mul i13 %zext_ln27_1, i13 86" [top.cpp:27]   --->   Operation 61 'mul' 'mul_ln27_1' <Predicate = true> <Delay = 1.08> <CoreInst = "DSP48">   --->   Core 124 'DSP48' <Latency = 3> <II = 1> <Delay = 0.69> <IPBlock> <Opcode : 'add' 'sub' 'mul' 'select'> <InPorts = 0> <OutPorts = 1> <Sync> <CReg>
ST_11 : Operation 62 [4/13] (1.75ns)   --->   "%urem_ln27 = urem i9 %select_ln27_1, i9 3" [top.cpp:27]   --->   Operation 62 'urem' 'urem_ln27' <Predicate = true> <Delay = 1.75> <CoreInst = "Divider">   --->   Core 6 'Divider' <Latency = 12> <II = 1> <Delay = 1.75> <FuncUnit> <Opcode : 'udiv' 'sdiv' 'urem' 'srem'> <InPorts = 2> <OutPorts = 1>
ST_11 : Operation 63 [4/13] (1.75ns)   --->   "%urem_ln28 = urem i9 %select_ln27, i9 3" [top.cpp:28]   --->   Operation 63 'urem' 'urem_ln28' <Predicate = true> <Delay = 1.75> <CoreInst = "Divider">   --->   Core 6 'Divider' <Latency = 12> <II = 1> <Delay = 1.75> <FuncUnit> <Opcode : 'udiv' 'sdiv' 'urem' 'srem'> <InPorts = 2> <OutPorts = 1>

State 12 <SV = 11> <Delay = 1.75>
ST_12 : Operation 64 [2/3] (1.08ns) (grouped into DSP with root node add_ln30_1)   --->   "%mul_ln27_1 = mul i13 %zext_ln27_1, i13 86" [top.cpp:27]   --->   Operation 64 'mul' 'mul_ln27_1' <Predicate = true> <Delay = 1.08> <CoreInst = "DSP48">   --->   Core 124 'DSP48' <Latency = 3> <II = 1> <Delay = 0.69> <IPBlock> <Opcode : 'add' 'sub' 'mul' 'select'> <InPorts = 0> <OutPorts = 1> <Sync> <CReg>
ST_12 : Operation 65 [3/13] (1.75ns)   --->   "%urem_ln27 = urem i9 %select_ln27_1, i9 3" [top.cpp:27]   --->   Operation 65 'urem' 'urem_ln27' <Predicate = true> <Delay = 1.75> <CoreInst = "Divider">   --->   Core 6 'Divider' <Latency = 12> <II = 1> <Delay = 1.75> <FuncUnit> <Opcode : 'udiv' 'sdiv' 'urem' 'srem'> <InPorts = 2> <OutPorts = 1>
ST_12 : Operation 66 [3/13] (1.75ns)   --->   "%urem_ln28 = urem i9 %select_ln27, i9 3" [top.cpp:28]   --->   Operation 66 'urem' 'urem_ln28' <Predicate = true> <Delay = 1.75> <CoreInst = "Divider">   --->   Core 6 'Divider' <Latency = 12> <II = 1> <Delay = 1.75> <FuncUnit> <Opcode : 'udiv' 'sdiv' 'urem' 'srem'> <InPorts = 2> <OutPorts = 1>

State 13 <SV = 12> <Delay = 3.45>
ST_13 : Operation 67 [1/1] (0.00ns)   --->   "%tmp = bitconcatenate i16 @_ssdm_op_BitConcatenate.i16.i8.i8, i8 %trunc_ln30, i8 0" [top.cpp:30]   --->   Operation 67 'bitconcatenate' 'tmp' <Predicate = true> <Delay = 0.00>
ST_13 : Operation 68 [1/3] (0.00ns) (grouped into DSP with root node add_ln30_1)   --->   "%mul_ln27_1 = mul i13 %zext_ln27_1, i13 86" [top.cpp:27]   --->   Operation 68 'mul' 'mul_ln27_1' <Predicate = true> <Delay = 0.00> <CoreInst = "DSP48">   --->   Core 124 'DSP48' <Latency = 3> <II = 1> <Delay = 0.69> <IPBlock> <Opcode : 'add' 'sub' 'mul' 'select'> <InPorts = 0> <OutPorts = 1> <Sync> <CReg>
ST_13 : Operation 69 [2/13] (1.75ns)   --->   "%urem_ln27 = urem i9 %select_ln27_1, i9 3" [top.cpp:27]   --->   Operation 69 'urem' 'urem_ln27' <Predicate = true> <Delay = 1.75> <CoreInst = "Divider">   --->   Core 6 'Divider' <Latency = 12> <II = 1> <Delay = 1.75> <FuncUnit> <Opcode : 'udiv' 'sdiv' 'urem' 'srem'> <InPorts = 2> <OutPorts = 1>
ST_13 : Operation 70 [1/1] (0.00ns)   --->   "%zext_ln30 = zext i9 %select_ln27" [top.cpp:30]   --->   Operation 70 'zext' 'zext_ln30' <Predicate = true> <Delay = 0.00>
ST_13 : Operation 71 [1/1] (1.01ns)   --->   "%add_ln30 = add i16 %tmp, i16 %zext_ln30" [top.cpp:30]   --->   Operation 71 'add' 'add_ln30' <Predicate = true> <Delay = 1.01> <CoreInst = "Adder">   --->   Core 1 'Adder' <Latency = 0> <II = 1> <Delay = 1.01> <FuncUnit> <Opcode : 'add' 'sub'> <InPorts = 2> <OutPorts = 1>
ST_13 : Operation 72 [1/1] (0.00ns)   --->   "%zext_ln30_1 = zext i16 %add_ln30" [top.cpp:30]   --->   Operation 72 'zext' 'zext_ln30_1' <Predicate = true> <Delay = 0.00>
ST_13 : Operation 73 [1/1] (0.00ns)   --->   "%stream_in_addr = getelementptr i24 %stream_in, i64 0, i64 %zext_ln30_1" [top.cpp:30]   --->   Operation 73 'getelementptr' 'stream_in_addr' <Predicate = true> <Delay = 0.00>
ST_13 : Operation 74 [1/1] (0.00ns)   --->   "%zext_ln28 = zext i9 %select_ln27" [top.cpp:28]   --->   Operation 74 'zext' 'zext_ln28' <Predicate = true> <Delay = 0.00>
ST_13 : Operation 75 [1/1] (2.62ns)   --->   "%mul_ln28 = mul i19 %zext_ln28, i19 683" [top.cpp:28]   --->   Operation 75 'mul' 'mul_ln28' <Predicate = true> <Delay = 2.62> <CoreInst = "Multiplier">   --->   Core 3 'Multiplier' <Latency = 0> <II = 1> <Delay = 2.62> <FuncUnit> <Opcode : 'mul'> <InPorts = 2> <OutPorts = 1>
ST_13 : Operation 76 [1/1] (0.00ns)   --->   "%tmp_53 = partselect i8 @_ssdm_op_PartSelect.i8.i19.i32.i32, i19 %mul_ln28, i32 11, i32 18" [top.cpp:28]   --->   Operation 76 'partselect' 'tmp_53' <Predicate = true> <Delay = 0.00>
ST_13 : Operation 77 [1/1] (0.00ns)   --->   "%zext_ln30_2 = zext i8 %tmp_53" [top.cpp:30]   --->   Operation 77 'zext' 'zext_ln30_2' <Predicate = true> <Delay = 0.00>
ST_13 : Operation 78 [2/2] (0.83ns) (root node of the DSP)   --->   "%add_ln30_1 = add i13 %mul_ln27_1, i13 %zext_ln30_2" [top.cpp:30]   --->   Operation 78 'add' 'add_ln30_1' <Predicate = true> <Delay = 0.83> <CoreInst = "DSP48">   --->   Core 124 'DSP48' <Latency = 3> <II = 1> <Delay = 0.69> <IPBlock> <Opcode : 'add' 'sub' 'mul' 'select'> <InPorts = 0> <OutPorts = 1> <Sync> <CReg>
ST_13 : Operation 79 [2/13] (1.75ns)   --->   "%urem_ln28 = urem i9 %select_ln27, i9 3" [top.cpp:28]   --->   Operation 79 'urem' 'urem_ln28' <Predicate = true> <Delay = 1.75> <CoreInst = "Divider">   --->   Core 6 'Divider' <Latency = 12> <II = 1> <Delay = 1.75> <FuncUnit> <Opcode : 'udiv' 'sdiv' 'urem' 'srem'> <InPorts = 2> <OutPorts = 1>
ST_13 : Operation 80 [2/2] (1.35ns)   --->   "%stream_in_load = load i16 %stream_in_addr" [top.cpp:30]   --->   Operation 80 'load' 'stream_in_load' <Predicate = true> <Delay = 1.35> <CoreInst = "RAM">   --->   Core 82 'RAM' <Latency = 1> <II = 1> <Delay = 1.35> <Storage> <Opcode : 'load' 'store'> <Ports = 2> <Width = 24> <Depth = 65536> <RAM>
ST_13 : Operation 125 [1/1] (0.48ns)   --->   "%ret_ln0 = ret"   --->   Operation 125 'ret' 'ret_ln0' <Predicate = (icmp_ln27)> <Delay = 0.48>

State 14 <SV = 13> <Delay = 3.72>
ST_14 : Operation 81 [1/1] (0.00ns)   --->   "%specloopname_ln0 = specloopname void @_ssdm_op_SpecLoopName, void @VITIS_LOOP_27_1_VITIS_LOOP_28_2_str"   --->   Operation 81 'specloopname' 'specloopname_ln0' <Predicate = true> <Delay = 0.00>
ST_14 : Operation 82 [1/1] (0.00ns)   --->   "%speclooptripcount_ln0 = speclooptripcount void @_ssdm_op_SpecLoopTripCount, i64 65536, i64 65536, i64 65536"   --->   Operation 82 'speclooptripcount' 'speclooptripcount_ln0' <Predicate = true> <Delay = 0.00>
ST_14 : Operation 83 [1/13] (1.75ns)   --->   "%urem_ln27 = urem i9 %select_ln27_1, i9 3" [top.cpp:27]   --->   Operation 83 'urem' 'urem_ln27' <Predicate = true> <Delay = 1.75> <CoreInst = "Divider">   --->   Core 6 'Divider' <Latency = 12> <II = 1> <Delay = 1.75> <FuncUnit> <Opcode : 'udiv' 'sdiv' 'urem' 'srem'> <InPorts = 2> <OutPorts = 1>
ST_14 : Operation 84 [1/1] (0.00ns)   --->   "%trunc_ln27 = trunc i2 %urem_ln27" [top.cpp:27]   --->   Operation 84 'trunc' 'trunc_ln27' <Predicate = true> <Delay = 0.00>
ST_14 : Operation 85 [1/1] (0.00ns)   --->   "%specpipeline_ln29 = specpipeline void @_ssdm_op_SpecPipeline, i32 1, i32 0, i32 0, i32 0, void @empty_13" [top.cpp:29]   --->   Operation 85 'specpipeline' 'specpipeline_ln29' <Predicate = true> <Delay = 0.00>
ST_14 : Operation 86 [1/2] (0.83ns) (root node of the DSP)   --->   "%add_ln30_1 = add i13 %mul_ln27_1, i13 %zext_ln30_2" [top.cpp:30]   --->   Operation 86 'add' 'add_ln30_1' <Predicate = true> <Delay = 0.83> <CoreInst = "DSP48">   --->   Core 124 'DSP48' <Latency = 3> <II = 1> <Delay = 0.69> <IPBlock> <Opcode : 'add' 'sub' 'mul' 'select'> <InPorts = 0> <OutPorts = 1> <Sync> <CReg>
ST_14 : Operation 87 [1/1] (0.00ns)   --->   "%zext_ln30_3 = zext i13 %add_ln30_1" [top.cpp:30]   --->   Operation 87 'zext' 'zext_ln30_3' <Predicate = true> <Delay = 0.00>
ST_14 : Operation 88 [1/1] (0.00ns)   --->   "%cur_addr = getelementptr i24 %cur, i64 0, i64 %zext_ln30_3" [top.cpp:30]   --->   Operation 88 'getelementptr' 'cur_addr' <Predicate = true> <Delay = 0.00>
ST_14 : Operation 89 [1/1] (0.00ns)   --->   "%cur_1_addr = getelementptr i24 %cur_1, i64 0, i64 %zext_ln30_3" [top.cpp:30]   --->   Operation 89 'getelementptr' 'cur_1_addr' <Predicate = true> <Delay = 0.00>
ST_14 : Operation 90 [1/1] (0.00ns)   --->   "%cur_2_addr = getelementptr i24 %cur_2, i64 0, i64 %zext_ln30_3" [top.cpp:30]   --->   Operation 90 'getelementptr' 'cur_2_addr' <Predicate = true> <Delay = 0.00>
ST_14 : Operation 91 [1/1] (0.00ns)   --->   "%cur_3_addr = getelementptr i24 %cur_3, i64 0, i64 %zext_ln30_3" [top.cpp:30]   --->   Operation 91 'getelementptr' 'cur_3_addr' <Predicate = true> <Delay = 0.00>
ST_14 : Operation 92 [1/1] (0.00ns)   --->   "%cur_4_addr = getelementptr i24 %cur_4, i64 0, i64 %zext_ln30_3" [top.cpp:30]   --->   Operation 92 'getelementptr' 'cur_4_addr' <Predicate = true> <Delay = 0.00>
ST_14 : Operation 93 [1/1] (0.00ns)   --->   "%cur_5_addr = getelementptr i24 %cur_5, i64 0, i64 %zext_ln30_3" [top.cpp:30]   --->   Operation 93 'getelementptr' 'cur_5_addr' <Predicate = true> <Delay = 0.00>
ST_14 : Operation 94 [1/1] (0.00ns)   --->   "%cur_6_addr = getelementptr i24 %cur_6, i64 0, i64 %zext_ln30_3" [top.cpp:30]   --->   Operation 94 'getelementptr' 'cur_6_addr' <Predicate = true> <Delay = 0.00>
ST_14 : Operation 95 [1/1] (0.00ns)   --->   "%cur_7_addr = getelementptr i24 %cur_7, i64 0, i64 %zext_ln30_3" [top.cpp:30]   --->   Operation 95 'getelementptr' 'cur_7_addr' <Predicate = true> <Delay = 0.00>
ST_14 : Operation 96 [1/1] (0.00ns)   --->   "%cur_8_addr = getelementptr i24 %cur_8, i64 0, i64 %zext_ln30_3" [top.cpp:30]   --->   Operation 96 'getelementptr' 'cur_8_addr' <Predicate = true> <Delay = 0.00>
ST_14 : Operation 97 [1/13] (1.75ns)   --->   "%urem_ln28 = urem i9 %select_ln27, i9 3" [top.cpp:28]   --->   Operation 97 'urem' 'urem_ln28' <Predicate = true> <Delay = 1.75> <CoreInst = "Divider">   --->   Core 6 'Divider' <Latency = 12> <II = 1> <Delay = 1.75> <FuncUnit> <Opcode : 'udiv' 'sdiv' 'urem' 'srem'> <InPorts = 2> <OutPorts = 1>
ST_14 : Operation 98 [1/1] (0.00ns)   --->   "%trunc_ln28 = trunc i2 %urem_ln28" [top.cpp:28]   --->   Operation 98 'trunc' 'trunc_ln28' <Predicate = true> <Delay = 0.00>
ST_14 : Operation 99 [1/2] ( I:1.35ns O:1.35ns )   --->   "%stream_in_load = load i16 %stream_in_addr" [top.cpp:30]   --->   Operation 99 'load' 'stream_in_load' <Predicate = true> <Delay = 1.35> <CoreInst = "RAM">   --->   Core 82 'RAM' <Latency = 1> <II = 1> <Delay = 1.35> <Storage> <Opcode : 'load' 'store'> <Ports = 2> <Width = 24> <Depth = 65536> <RAM>
ST_14 : Operation 100 [1/1] (0.62ns)   --->   "%switch_ln30 = switch i2 %trunc_ln27, void %arrayidx1024.case.2, i2 0, void %arrayidx1024.case.0, i2 1, void %arrayidx1024.case.1" [top.cpp:30]   --->   Operation 100 'switch' 'switch_ln30' <Predicate = true> <Delay = 0.62>
ST_14 : Operation 101 [1/1] (0.62ns)   --->   "%switch_ln30 = switch i2 %trunc_ln28, void %arrayidx1024.case.213, i2 0, void %arrayidx1024.case.011, i2 1, void %arrayidx1024.case.112" [top.cpp:30]   --->   Operation 101 'switch' 'switch_ln30' <Predicate = (trunc_ln27 == 1)> <Delay = 0.62>
ST_14 : Operation 102 [1/1] ( I:1.35ns O:1.35ns )   --->   "%store_ln30 = store i24 %stream_in_load, i13 %cur_4_addr" [top.cpp:30]   --->   Operation 102 'store' 'store_ln30' <Predicate = (trunc_ln27 == 1 & trunc_ln28 == 1)> <Delay = 1.35> <CoreInst = "RAM">   --->   Core 82 'RAM' <Latency = 1> <II = 1> <Delay = 1.35> <Storage> <Opcode : 'load' 'store'> <Ports = 2> <Width = 24> <Depth = 7396> <RAM>
ST_14 : Operation 103 [1/1] (0.00ns)   --->   "%br_ln30 = br void %arrayidx1024.exit10" [top.cpp:30]   --->   Operation 103 'br' 'br_ln30' <Predicate = (trunc_ln27 == 1 & trunc_ln28 == 1)> <Delay = 0.00>
ST_14 : Operation 104 [1/1] ( I:1.35ns O:1.35ns )   --->   "%store_ln30 = store i24 %stream_in_load, i13 %cur_3_addr" [top.cpp:30]   --->   Operation 104 'store' 'store_ln30' <Predicate = (trunc_ln27 == 1 & trunc_ln28 == 0)> <Delay = 1.35> <CoreInst = "RAM">   --->   Core 82 'RAM' <Latency = 1> <II = 1> <Delay = 1.35> <Storage> <Opcode : 'load' 'store'> <Ports = 2> <Width = 24> <Depth = 7396> <RAM>
ST_14 : Operation 105 [1/1] (0.00ns)   --->   "%br_ln30 = br void %arrayidx1024.exit10" [top.cpp:30]   --->   Operation 105 'br' 'br_ln30' <Predicate = (trunc_ln27 == 1 & trunc_ln28 == 0)> <Delay = 0.00>
ST_14 : Operation 106 [1/1] ( I:1.35ns O:1.35ns )   --->   "%store_ln30 = store i24 %stream_in_load, i13 %cur_5_addr" [top.cpp:30]   --->   Operation 106 'store' 'store_ln30' <Predicate = (trunc_ln27 == 1 & trunc_ln28 != 0 & trunc_ln28 != 1)> <Delay = 1.35> <CoreInst = "RAM">   --->   Core 82 'RAM' <Latency = 1> <II = 1> <Delay = 1.35> <Storage> <Opcode : 'load' 'store'> <Ports = 2> <Width = 24> <Depth = 7396> <RAM>
ST_14 : Operation 107 [1/1] (0.00ns)   --->   "%br_ln30 = br void %arrayidx1024.exit10" [top.cpp:30]   --->   Operation 107 'br' 'br_ln30' <Predicate = (trunc_ln27 == 1 & trunc_ln28 != 0 & trunc_ln28 != 1)> <Delay = 0.00>
ST_14 : Operation 108 [1/1] (0.00ns)   --->   "%br_ln30 = br void %arrayidx1024.exit" [top.cpp:30]   --->   Operation 108 'br' 'br_ln30' <Predicate = (trunc_ln27 == 1)> <Delay = 0.00>
ST_14 : Operation 109 [1/1] (0.62ns)   --->   "%switch_ln30 = switch i2 %trunc_ln28, void %arrayidx1024.case.28, i2 0, void %arrayidx1024.case.06, i2 1, void %arrayidx1024.case.17" [top.cpp:30]   --->   Operation 109 'switch' 'switch_ln30' <Predicate = (trunc_ln27 == 0)> <Delay = 0.62>
ST_14 : Operation 110 [1/1] ( I:1.35ns O:1.35ns )   --->   "%store_ln30 = store i24 %stream_in_load, i13 %cur_1_addr" [top.cpp:30]   --->   Operation 110 'store' 'store_ln30' <Predicate = (trunc_ln27 == 0 & trunc_ln28 == 1)> <Delay = 1.35> <CoreInst = "RAM">   --->   Core 82 'RAM' <Latency = 1> <II = 1> <Delay = 1.35> <Storage> <Opcode : 'load' 'store'> <Ports = 2> <Width = 24> <Depth = 7396> <RAM>
ST_14 : Operation 111 [1/1] (0.00ns)   --->   "%br_ln30 = br void %arrayidx1024.exit5" [top.cpp:30]   --->   Operation 111 'br' 'br_ln30' <Predicate = (trunc_ln27 == 0 & trunc_ln28 == 1)> <Delay = 0.00>
ST_14 : Operation 112 [1/1] ( I:1.35ns O:1.35ns )   --->   "%store_ln30 = store i24 %stream_in_load, i13 %cur_addr" [top.cpp:30]   --->   Operation 112 'store' 'store_ln30' <Predicate = (trunc_ln27 == 0 & trunc_ln28 == 0)> <Delay = 1.35> <CoreInst = "RAM">   --->   Core 82 'RAM' <Latency = 1> <II = 1> <Delay = 1.35> <Storage> <Opcode : 'load' 'store'> <Ports = 2> <Width = 24> <Depth = 7396> <RAM>
ST_14 : Operation 113 [1/1] (0.00ns)   --->   "%br_ln30 = br void %arrayidx1024.exit5" [top.cpp:30]   --->   Operation 113 'br' 'br_ln30' <Predicate = (trunc_ln27 == 0 & trunc_ln28 == 0)> <Delay = 0.00>
ST_14 : Operation 114 [1/1] ( I:1.35ns O:1.35ns )   --->   "%store_ln30 = store i24 %stream_in_load, i13 %cur_2_addr" [top.cpp:30]   --->   Operation 114 'store' 'store_ln30' <Predicate = (trunc_ln27 == 0 & trunc_ln28 != 0 & trunc_ln28 != 1)> <Delay = 1.35> <CoreInst = "RAM">   --->   Core 82 'RAM' <Latency = 1> <II = 1> <Delay = 1.35> <Storage> <Opcode : 'load' 'store'> <Ports = 2> <Width = 24> <Depth = 7396> <RAM>
ST_14 : Operation 115 [1/1] (0.00ns)   --->   "%br_ln30 = br void %arrayidx1024.exit5" [top.cpp:30]   --->   Operation 115 'br' 'br_ln30' <Predicate = (trunc_ln27 == 0 & trunc_ln28 != 0 & trunc_ln28 != 1)> <Delay = 0.00>
ST_14 : Operation 116 [1/1] (0.00ns)   --->   "%br_ln30 = br void %arrayidx1024.exit" [top.cpp:30]   --->   Operation 116 'br' 'br_ln30' <Predicate = (trunc_ln27 == 0)> <Delay = 0.00>
ST_14 : Operation 117 [1/1] (0.62ns)   --->   "%switch_ln30 = switch i2 %trunc_ln28, void %arrayidx1024.case.218, i2 0, void %arrayidx1024.case.016, i2 1, void %arrayidx1024.case.117" [top.cpp:30]   --->   Operation 117 'switch' 'switch_ln30' <Predicate = (trunc_ln27 != 0 & trunc_ln27 != 1)> <Delay = 0.62>
ST_14 : Operation 118 [1/1] ( I:1.35ns O:1.35ns )   --->   "%store_ln30 = store i24 %stream_in_load, i13 %cur_7_addr" [top.cpp:30]   --->   Operation 118 'store' 'store_ln30' <Predicate = (trunc_ln27 != 0 & trunc_ln27 != 1 & trunc_ln28 == 1)> <Delay = 1.35> <CoreInst = "RAM">   --->   Core 82 'RAM' <Latency = 1> <II = 1> <Delay = 1.35> <Storage> <Opcode : 'load' 'store'> <Ports = 2> <Width = 24> <Depth = 7396> <RAM>
ST_14 : Operation 119 [1/1] (0.00ns)   --->   "%br_ln30 = br void %arrayidx1024.exit15" [top.cpp:30]   --->   Operation 119 'br' 'br_ln30' <Predicate = (trunc_ln27 != 0 & trunc_ln27 != 1 & trunc_ln28 == 1)> <Delay = 0.00>
ST_14 : Operation 120 [1/1] ( I:1.35ns O:1.35ns )   --->   "%store_ln30 = store i24 %stream_in_load, i13 %cur_6_addr" [top.cpp:30]   --->   Operation 120 'store' 'store_ln30' <Predicate = (trunc_ln27 != 0 & trunc_ln27 != 1 & trunc_ln28 == 0)> <Delay = 1.35> <CoreInst = "RAM">   --->   Core 82 'RAM' <Latency = 1> <II = 1> <Delay = 1.35> <Storage> <Opcode : 'load' 'store'> <Ports = 2> <Width = 24> <Depth = 7396> <RAM>
ST_14 : Operation 121 [1/1] (0.00ns)   --->   "%br_ln30 = br void %arrayidx1024.exit15" [top.cpp:30]   --->   Operation 121 'br' 'br_ln30' <Predicate = (trunc_ln27 != 0 & trunc_ln27 != 1 & trunc_ln28 == 0)> <Delay = 0.00>
ST_14 : Operation 122 [1/1] ( I:1.35ns O:1.35ns )   --->   "%store_ln30 = store i24 %stream_in_load, i13 %cur_8_addr" [top.cpp:30]   --->   Operation 122 'store' 'store_ln30' <Predicate = (trunc_ln27 != 0 & trunc_ln27 != 1 & trunc_ln28 != 0 & trunc_ln28 != 1)> <Delay = 1.35> <CoreInst = "RAM">   --->   Core 82 'RAM' <Latency = 1> <II = 1> <Delay = 1.35> <Storage> <Opcode : 'load' 'store'> <Ports = 2> <Width = 24> <Depth = 7396> <RAM>
ST_14 : Operation 123 [1/1] (0.00ns)   --->   "%br_ln30 = br void %arrayidx1024.exit15" [top.cpp:30]   --->   Operation 123 'br' 'br_ln30' <Predicate = (trunc_ln27 != 0 & trunc_ln27 != 1 & trunc_ln28 != 0 & trunc_ln28 != 1)> <Delay = 0.00>
ST_14 : Operation 124 [1/1] (0.00ns)   --->   "%br_ln30 = br void %arrayidx1024.exit" [top.cpp:30]   --->   Operation 124 'br' 'br_ln30' <Predicate = (trunc_ln27 != 0 & trunc_ln27 != 1)> <Delay = 0.00>


============================================================
+ Verbose Summary: Binding
============================================================
STG Binding: 
---------------- STG Properties BEGIN ----------------
- Is combinational: 0
- Is one-state seq: 0
- Is datapath-only: 0
- Is pipelined: 0
- Is top level: 0
Port [ Return ] is wired: 1; IO mode=ap_ctrl_hs:ce=0
Port [ stream_in]:  wired=1; compound=1; hidden=0; nouse=0; global=0; static=0; extern=0; dir=0; type=1; pingpong=1; private_global=0; MemPort=[13]; IO mode=ap_memory:ce=0
Port [ cur]:  wired=1; compound=1; hidden=0; nouse=0; global=0; static=0; extern=0; dir=1; type=1; pingpong=0; private_global=0; MemPort=[03]; IO mode=ap_memory:ce=0
Port [ cur_1]:  wired=1; compound=1; hidden=0; nouse=0; global=0; static=0; extern=0; dir=1; type=1; pingpong=0; private_global=0; MemPort=[03]; IO mode=ap_memory:ce=0
Port [ cur_2]:  wired=1; compound=1; hidden=0; nouse=0; global=0; static=0; extern=0; dir=1; type=1; pingpong=0; private_global=0; MemPort=[03]; IO mode=ap_memory:ce=0
Port [ cur_3]:  wired=1; compound=1; hidden=0; nouse=0; global=0; static=0; extern=0; dir=1; type=1; pingpong=0; private_global=0; MemPort=[03]; IO mode=ap_memory:ce=0
Port [ cur_4]:  wired=1; compound=1; hidden=0; nouse=0; global=0; static=0; extern=0; dir=1; type=1; pingpong=0; private_global=0; MemPort=[03]; IO mode=ap_memory:ce=0
Port [ cur_5]:  wired=1; compound=1; hidden=0; nouse=0; global=0; static=0; extern=0; dir=1; type=1; pingpong=0; private_global=0; MemPort=[03]; IO mode=ap_memory:ce=0
Port [ cur_6]:  wired=1; compound=1; hidden=0; nouse=0; global=0; static=0; extern=0; dir=1; type=1; pingpong=0; private_global=0; MemPort=[03]; IO mode=ap_memory:ce=0
Port [ cur_7]:  wired=1; compound=1; hidden=0; nouse=0; global=0; static=0; extern=0; dir=1; type=1; pingpong=0; private_global=0; MemPort=[03]; IO mode=ap_memory:ce=0
Port [ cur_8]:  wired=1; compound=1; hidden=0; nouse=0; global=0; static=0; extern=0; dir=1; type=1; pingpong=0; private_global=0; MemPort=[03]; IO mode=ap_memory:ce=0
---------------- STG Properties END ------------------

---------------- Datapath Model BEGIN ----------------

<LifeTime>
<method=bitvector/>
j                     (alloca           ) [ 011000000000000]
i                     (alloca           ) [ 011000000000000]
indvar_flatten        (alloca           ) [ 011000000000000]
store_ln0             (store            ) [ 000000000000000]
store_ln27            (store            ) [ 000000000000000]
store_ln28            (store            ) [ 000000000000000]
br_ln0                (br               ) [ 000000000000000]
indvar_flatten_load   (load             ) [ 000000000000000]
icmp_ln27             (icmp             ) [ 011111111111110]
add_ln27_1            (add              ) [ 000000000000000]
br_ln27               (br               ) [ 000000000000000]
j_load                (load             ) [ 000000000000000]
i_load                (load             ) [ 000000000000000]
add_ln27              (add              ) [ 000000000000000]
icmp_ln28             (icmp             ) [ 000000000000000]
select_ln27           (select           ) [ 010111111111111]
select_ln27_1         (select           ) [ 010111111111111]
trunc_ln30            (trunc            ) [ 010111111111110]
zext_ln27             (zext             ) [ 000000000000000]
mul_ln27              (mul              ) [ 000000000000000]
tmp_52                (partselect       ) [ 010111111111000]
add_ln28              (add              ) [ 000000000000000]
store_ln27            (store            ) [ 000000000000000]
store_ln27            (store            ) [ 000000000000000]
store_ln28            (store            ) [ 000000000000000]
br_ln28               (br               ) [ 000000000000000]
zext_ln27_1           (zext             ) [ 010000000000110]
tmp                   (bitconcatenate   ) [ 000000000000000]
mul_ln27_1            (mul              ) [ 010000000000001]
zext_ln30             (zext             ) [ 000000000000000]
add_ln30              (add              ) [ 000000000000000]
zext_ln30_1           (zext             ) [ 000000000000000]
stream_in_addr        (getelementptr    ) [ 010000000000001]
zext_ln28             (zext             ) [ 000000000000000]
mul_ln28              (mul              ) [ 000000000000000]
tmp_53                (partselect       ) [ 000000000000000]
zext_ln30_2           (zext             ) [ 010000000000001]
specloopname_ln0      (specloopname     ) [ 000000000000000]
speclooptripcount_ln0 (speclooptripcount) [ 000000000000000]
urem_ln27             (urem             ) [ 000000000000000]
trunc_ln27            (trunc            ) [ 010000000000001]
specpipeline_ln29     (specpipeline     ) [ 000000000000000]
add_ln30_1            (add              ) [ 000000000000000]
zext_ln30_3           (zext             ) [ 000000000000000]
cur_addr              (getelementptr    ) [ 000000000000000]
cur_1_addr            (getelementptr    ) [ 000000000000000]
cur_2_addr            (getelementptr    ) [ 000000000000000]
cur_3_addr            (getelementptr    ) [ 000000000000000]
cur_4_addr            (getelementptr    ) [ 000000000000000]
cur_5_addr            (getelementptr    ) [ 000000000000000]
cur_6_addr            (getelementptr    ) [ 000000000000000]
cur_7_addr            (getelementptr    ) [ 000000000000000]
cur_8_addr            (getelementptr    ) [ 000000000000000]
urem_ln28             (urem             ) [ 000000000000000]
trunc_ln28            (trunc            ) [ 010000000000001]
stream_in_load        (load             ) [ 000000000000000]
switch_ln30           (switch           ) [ 000000000000000]
switch_ln30           (switch           ) [ 000000000000000]
store_ln30            (store            ) [ 000000000000000]
br_ln30               (br               ) [ 000000000000000]
store_ln30            (store            ) [ 000000000000000]
br_ln30               (br               ) [ 000000000000000]
store_ln30            (store            ) [ 000000000000000]
br_ln30               (br               ) [ 000000000000000]
br_ln30               (br               ) [ 000000000000000]
switch_ln30           (switch           ) [ 000000000000000]
store_ln30            (store            ) [ 000000000000000]
br_ln30               (br               ) [ 000000000000000]
store_ln30            (store            ) [ 000000000000000]
br_ln30               (br               ) [ 000000000000000]
store_ln30            (store            ) [ 000000000000000]
br_ln30               (br               ) [ 000000000000000]
br_ln30               (br               ) [ 000000000000000]
switch_ln30           (switch           ) [ 000000000000000]
store_ln30            (store            ) [ 000000000000000]
br_ln30               (br               ) [ 000000000000000]
store_ln30            (store            ) [ 000000000000000]
br_ln30               (br               ) [ 000000000000000]
store_ln30            (store            ) [ 000000000000000]
br_ln30               (br               ) [ 000000000000000]
br_ln30               (br               ) [ 000000000000000]
ret_ln0               (ret              ) [ 000000000000000]
</LifeTime>

<model>

<comp_list>
<comp id="0" class="1000" name="stream_in">
<pin_list>
<pin id="1" dir="1" index="0" bw="1" slack="0"/>
</pin_list>
<bind>
<StgValue><ssdm name="stream_in"/><MemPortTyVec>1 3 </MemPortTyVec>
</StgValue>
</bind>
</comp>

<comp id="2" class="1000" name="cur">
<pin_list>
<pin id="3" dir="1" index="0" bw="1" slack="0"/>
</pin_list>
<bind>
<StgValue><ssdm name="cur"/><MemPortTyVec>0 3 </MemPortTyVec>
</StgValue>
</bind>
</comp>

<comp id="4" class="1000" name="cur_1">
<pin_list>
<pin id="5" dir="1" index="0" bw="1" slack="0"/>
</pin_list>
<bind>
<StgValue><ssdm name="cur_1"/><MemPortTyVec>0 3 </MemPortTyVec>
</StgValue>
</bind>
</comp>

<comp id="6" class="1000" name="cur_2">
<pin_list>
<pin id="7" dir="1" index="0" bw="1" slack="0"/>
</pin_list>
<bind>
<StgValue><ssdm name="cur_2"/><MemPortTyVec>0 3 </MemPortTyVec>
</StgValue>
</bind>
</comp>

<comp id="8" class="1000" name="cur_3">
<pin_list>
<pin id="9" dir="1" index="0" bw="1" slack="0"/>
</pin_list>
<bind>
<StgValue><ssdm name="cur_3"/><MemPortTyVec>0 3 </MemPortTyVec>
</StgValue>
</bind>
</comp>

<comp id="10" class="1000" name="cur_4">
<pin_list>
<pin id="11" dir="1" index="0" bw="1" slack="0"/>
</pin_list>
<bind>
<StgValue><ssdm name="cur_4"/><MemPortTyVec>0 3 </MemPortTyVec>
</StgValue>
</bind>
</comp>

<comp id="12" class="1000" name="cur_5">
<pin_list>
<pin id="13" dir="1" index="0" bw="1" slack="0"/>
</pin_list>
<bind>
<StgValue><ssdm name="cur_5"/><MemPortTyVec>0 3 </MemPortTyVec>
</StgValue>
</bind>
</comp>

<comp id="14" class="1000" name="cur_6">
<pin_list>
<pin id="15" dir="1" index="0" bw="1" slack="0"/>
</pin_list>
<bind>
<StgValue><ssdm name="cur_6"/><MemPortTyVec>0 3 </MemPortTyVec>
</StgValue>
</bind>
</comp>

<comp id="16" class="1000" name="cur_7">
<pin_list>
<pin id="17" dir="1" index="0" bw="1" slack="0"/>
</pin_list>
<bind>
<StgValue><ssdm name="cur_7"/><MemPortTyVec>0 3 </MemPortTyVec>
</StgValue>
</bind>
</comp>

<comp id="18" class="1000" name="cur_8">
<pin_list>
<pin id="19" dir="1" index="0" bw="1" slack="0"/>
</pin_list>
<bind>
<StgValue><ssdm name="cur_8"/><MemPortTyVec>0 3 </MemPortTyVec>
</StgValue>
</bind>
</comp>

<comp id="20" class="1001" name="const_20">
<pin_list>
<pin id="21" dir="1" index="0" bw="1" slack="0"/>
</pin_list>
<bind>
<StgValue><ssdm name=""/></StgValue>
</bind>
</comp>

<comp id="22" class="1001" name="const_22">
<pin_list>
<pin id="23" dir="1" index="0" bw="1" slack="0"/>
</pin_list>
<bind>
<StgValue><ssdm name=""/></StgValue>
</bind>
</comp>

<comp id="24" class="1001" name="const_24">
<pin_list>
<pin id="25" dir="1" index="0" bw="1" slack="0"/>
</pin_list>
<bind>
<StgValue><ssdm name=""/></StgValue>
</bind>
</comp>

<comp id="26" class="1001" name="const_26">
<pin_list>
<pin id="27" dir="1" index="0" bw="1" slack="0"/>
</pin_list>
<bind>
<StgValue><ssdm name=""/></StgValue>
</bind>
</comp>

<comp id="28" class="1001" name="const_28">
<pin_list>
<pin id="29" dir="1" index="0" bw="1" slack="0"/>
</pin_list>
<bind>
<StgValue><ssdm name=""/></StgValue>
</bind>
</comp>

<comp id="30" class="1001" name="const_30">
<pin_list>
<pin id="31" dir="1" index="0" bw="1" slack="0"/>
</pin_list>
<bind>
<StgValue><ssdm name=""/></StgValue>
</bind>
</comp>

<comp id="32" class="1001" name="const_32">
<pin_list>
<pin id="33" dir="1" index="0" bw="1" slack="0"/>
</pin_list>
<bind>
<StgValue><ssdm name=""/></StgValue>
</bind>
</comp>

<comp id="34" class="1001" name="const_34">
<pin_list>
<pin id="35" dir="1" index="0" bw="1" slack="0"/>
</pin_list>
<bind>
<StgValue><ssdm name=""/></StgValue>
</bind>
</comp>

<comp id="36" class="1001" name="const_36">
<pin_list>
<pin id="37" dir="1" index="0" bw="1" slack="0"/>
</pin_list>
<bind>
<StgValue><ssdm name="_ssdm_op_PartSelect.i8.i19.i32.i32"/></StgValue>
</bind>
</comp>

<comp id="38" class="1001" name="const_38">
<pin_list>
<pin id="39" dir="1" index="0" bw="1" slack="0"/>
</pin_list>
<bind>
<StgValue><ssdm name=""/></StgValue>
</bind>
</comp>

<comp id="40" class="1001" name="const_40">
<pin_list>
<pin id="41" dir="1" index="0" bw="1" slack="0"/>
</pin_list>
<bind>
<StgValue><ssdm name=""/></StgValue>
</bind>
</comp>

<comp id="42" class="1001" name="const_42">
<pin_list>
<pin id="43" dir="1" index="0" bw="1" slack="0"/>
</pin_list>
<bind>
<StgValue><ssdm name=""/></StgValue>
</bind>
</comp>

<comp id="44" class="1001" name="const_44">
<pin_list>
<pin id="45" dir="1" index="0" bw="1" slack="0"/>
</pin_list>
<bind>
<StgValue><ssdm name=""/></StgValue>
</bind>
</comp>

<comp id="46" class="1001" name="const_46">
<pin_list>
<pin id="47" dir="1" index="0" bw="1" slack="0"/>
</pin_list>
<bind>
<StgValue><ssdm name="_ssdm_op_BitConcatenate.i16.i8.i8"/></StgValue>
</bind>
</comp>

<comp id="48" class="1001" name="const_48">
<pin_list>
<pin id="49" dir="1" index="0" bw="1" slack="0"/>
</pin_list>
<bind>
<StgValue><ssdm name=""/></StgValue>
</bind>
</comp>

<comp id="50" class="1001" name="const_50">
<pin_list>
<pin id="51" dir="1" index="0" bw="1" slack="0"/>
</pin_list>
<bind>
<StgValue><ssdm name=""/></StgValue>
</bind>
</comp>

<comp id="52" class="1001" name="const_52">
<pin_list>
<pin id="53" dir="1" index="0" bw="1" slack="2147483647"/>
</pin_list>
<bind>
<StgValue><ssdm name="_ssdm_op_SpecLoopName"/></StgValue>
</bind>
</comp>

<comp id="54" class="1001" name="const_54">
<pin_list>
<pin id="55" dir="1" index="0" bw="1" slack="2147483647"/>
</pin_list>
<bind>
<StgValue><ssdm name="VITIS_LOOP_27_1_VITIS_LOOP_28_2_str"/></StgValue>
</bind>
</comp>

<comp id="56" class="1001" name="const_56">
<pin_list>
<pin id="57" dir="1" index="0" bw="1" slack="2147483647"/>
</pin_list>
<bind>
<StgValue><ssdm name="_ssdm_op_SpecLoopTripCount"/></StgValue>
</bind>
</comp>

<comp id="58" class="1001" name="const_58">
<pin_list>
<pin id="59" dir="1" index="0" bw="1" slack="2147483647"/>
</pin_list>
<bind>
<StgValue><ssdm name=""/></StgValue>
</bind>
</comp>

<comp id="60" class="1001" name="const_60">
<pin_list>
<pin id="61" dir="1" index="0" bw="1" slack="2147483647"/>
</pin_list>
<bind>
<StgValue><ssdm name="_ssdm_op_SpecPipeline"/></StgValue>
</bind>
</comp>

<comp id="62" class="1001" name="const_62">
<pin_list>
<pin id="63" dir="1" index="0" bw="1" slack="2147483647"/>
</pin_list>
<bind>
<StgValue><ssdm name=""/></StgValue>
</bind>
</comp>

<comp id="64" class="1001" name="const_64">
<pin_list>
<pin id="65" dir="1" index="0" bw="1" slack="2147483647"/>
</pin_list>
<bind>
<StgValue><ssdm name="empty_13"/></StgValue>
</bind>
</comp>

<comp id="66" class="1001" name="const_66">
<pin_list>
<pin id="67" dir="1" index="0" bw="1" slack="0"/>
</pin_list>
<bind>
<StgValue><ssdm name=""/></StgValue>
</bind>
</comp>

<comp id="68" class="1001" name="const_68">
<pin_list>
<pin id="69" dir="1" index="0" bw="1" slack="0"/>
</pin_list>
<bind>
<StgValue><ssdm name=""/></StgValue>
</bind>
</comp>

<comp id="70" class="1004" name="j_fu_70">
<pin_list>
<pin id="71" dir="0" index="0" bw="1" slack="0"/>
<pin id="72" dir="1" index="1" bw="9" slack="0"/>
</pin_list>
<bind>
<opcode="alloca(26) " fcode="alloca"/>
<opset="j/1 "/>
</bind>
</comp>

<comp id="74" class="1004" name="i_fu_74">
<pin_list>
<pin id="75" dir="0" index="0" bw="1" slack="0"/>
<pin id="76" dir="1" index="1" bw="9" slack="0"/>
</pin_list>
<bind>
<opcode="alloca(26) " fcode="alloca"/>
<opset="i/1 "/>
</bind>
</comp>

<comp id="78" class="1004" name="indvar_flatten_fu_78">
<pin_list>
<pin id="79" dir="0" index="0" bw="1" slack="0"/>
<pin id="80" dir="1" index="1" bw="17" slack="0"/>
</pin_list>
<bind>
<opcode="alloca(26) " fcode="alloca"/>
<opset="indvar_flatten/1 "/>
</bind>
</comp>

<comp id="82" class="1004" name="stream_in_addr_gep_fu_82">
<pin_list>
<pin id="83" dir="0" index="0" bw="24" slack="0"/>
<pin id="84" dir="0" index="1" bw="1" slack="0"/>
<pin id="85" dir="0" index="2" bw="16" slack="0"/>
<pin id="86" dir="1" index="3" bw="16" slack="0"/>
</pin_list>
<bind>
<opcode="getelementptr(29) " fcode="getelementptr"/>
<opset="stream_in_addr/13 "/>
</bind>
</comp>

<comp id="89" class="1004" name="grp_access_fu_89">
<pin_list>
<pin id="90" dir="0" index="0" bw="16" slack="0"/>
<pin id="91" dir="0" index="1" bw="24" slack="2147483647"/>
<pin id="92" dir="0" index="2" bw="0" slack="2147483647"/>
<pin id="93" dir="1" index="3" bw="24" slack="0"/>
</pin_list>
<bind>
<opcode="load(27) " fcode="load"/>
<opset="stream_in_load/13 "/>
</bind>
</comp>

<comp id="95" class="1004" name="cur_addr_gep_fu_95">
<pin_list>
<pin id="96" dir="0" index="0" bw="24" slack="0"/>
<pin id="97" dir="0" index="1" bw="1" slack="0"/>
<pin id="98" dir="0" index="2" bw="13" slack="0"/>
<pin id="99" dir="1" index="3" bw="13" slack="0"/>
</pin_list>
<bind>
<opcode="getelementptr(29) " fcode="getelementptr"/>
<opset="cur_addr/14 "/>
</bind>
</comp>

<comp id="102" class="1004" name="cur_1_addr_gep_fu_102">
<pin_list>
<pin id="103" dir="0" index="0" bw="24" slack="0"/>
<pin id="104" dir="0" index="1" bw="1" slack="0"/>
<pin id="105" dir="0" index="2" bw="13" slack="0"/>
<pin id="106" dir="1" index="3" bw="13" slack="0"/>
</pin_list>
<bind>
<opcode="getelementptr(29) " fcode="getelementptr"/>
<opset="cur_1_addr/14 "/>
</bind>
</comp>

<comp id="109" class="1004" name="cur_2_addr_gep_fu_109">
<pin_list>
<pin id="110" dir="0" index="0" bw="24" slack="0"/>
<pin id="111" dir="0" index="1" bw="1" slack="0"/>
<pin id="112" dir="0" index="2" bw="13" slack="0"/>
<pin id="113" dir="1" index="3" bw="13" slack="0"/>
</pin_list>
<bind>
<opcode="getelementptr(29) " fcode="getelementptr"/>
<opset="cur_2_addr/14 "/>
</bind>
</comp>

<comp id="116" class="1004" name="cur_3_addr_gep_fu_116">
<pin_list>
<pin id="117" dir="0" index="0" bw="24" slack="0"/>
<pin id="118" dir="0" index="1" bw="1" slack="0"/>
<pin id="119" dir="0" index="2" bw="13" slack="0"/>
<pin id="120" dir="1" index="3" bw="13" slack="0"/>
</pin_list>
<bind>
<opcode="getelementptr(29) " fcode="getelementptr"/>
<opset="cur_3_addr/14 "/>
</bind>
</comp>

<comp id="123" class="1004" name="cur_4_addr_gep_fu_123">
<pin_list>
<pin id="124" dir="0" index="0" bw="24" slack="0"/>
<pin id="125" dir="0" index="1" bw="1" slack="0"/>
<pin id="126" dir="0" index="2" bw="13" slack="0"/>
<pin id="127" dir="1" index="3" bw="13" slack="0"/>
</pin_list>
<bind>
<opcode="getelementptr(29) " fcode="getelementptr"/>
<opset="cur_4_addr/14 "/>
</bind>
</comp>

<comp id="130" class="1004" name="cur_5_addr_gep_fu_130">
<pin_list>
<pin id="131" dir="0" index="0" bw="24" slack="0"/>
<pin id="132" dir="0" index="1" bw="1" slack="0"/>
<pin id="133" dir="0" index="2" bw="13" slack="0"/>
<pin id="134" dir="1" index="3" bw="13" slack="0"/>
</pin_list>
<bind>
<opcode="getelementptr(29) " fcode="getelementptr"/>
<opset="cur_5_addr/14 "/>
</bind>
</comp>

<comp id="137" class="1004" name="cur_6_addr_gep_fu_137">
<pin_list>
<pin id="138" dir="0" index="0" bw="24" slack="0"/>
<pin id="139" dir="0" index="1" bw="1" slack="0"/>
<pin id="140" dir="0" index="2" bw="13" slack="0"/>
<pin id="141" dir="1" index="3" bw="13" slack="0"/>
</pin_list>
<bind>
<opcode="getelementptr(29) " fcode="getelementptr"/>
<opset="cur_6_addr/14 "/>
</bind>
</comp>

<comp id="144" class="1004" name="cur_7_addr_gep_fu_144">
<pin_list>
<pin id="145" dir="0" index="0" bw="24" slack="0"/>
<pin id="146" dir="0" index="1" bw="1" slack="0"/>
<pin id="147" dir="0" index="2" bw="13" slack="0"/>
<pin id="148" dir="1" index="3" bw="13" slack="0"/>
</pin_list>
<bind>
<opcode="getelementptr(29) " fcode="getelementptr"/>
<opset="cur_7_addr/14 "/>
</bind>
</comp>

<comp id="151" class="1004" name="cur_8_addr_gep_fu_151">
<pin_list>
<pin id="152" dir="0" index="0" bw="24" slack="0"/>
<pin id="153" dir="0" index="1" bw="1" slack="0"/>
<pin id="154" dir="0" index="2" bw="13" slack="0"/>
<pin id="155" dir="1" index="3" bw="13" slack="0"/>
</pin_list>
<bind>
<opcode="getelementptr(29) " fcode="getelementptr"/>
<opset="cur_8_addr/14 "/>
</bind>
</comp>

<comp id="158" class="1004" name="store_ln30_access_fu_158">
<pin_list>
<pin id="159" dir="0" index="0" bw="13" slack="0"/>
<pin id="160" dir="0" index="1" bw="24" slack="0"/>
<pin id="161" dir="0" index="2" bw="0" slack="2147483647"/>
<pin id="162" dir="1" index="3" bw="24" slack="2147483647"/>
</pin_list>
<bind>
<opcode="store(28) " fcode="store"/>
<opset="store_ln30/14 "/>
</bind>
</comp>

<comp id="165" class="1004" name="store_ln30_access_fu_165">
<pin_list>
<pin id="166" dir="0" index="0" bw="13" slack="0"/>
<pin id="167" dir="0" index="1" bw="24" slack="0"/>
<pin id="168" dir="0" index="2" bw="0" slack="2147483647"/>
<pin id="169" dir="1" index="3" bw="24" slack="2147483647"/>
</pin_list>
<bind>
<opcode="store(28) " fcode="store"/>
<opset="store_ln30/14 "/>
</bind>
</comp>

<comp id="172" class="1004" name="store_ln30_access_fu_172">
<pin_list>
<pin id="173" dir="0" index="0" bw="13" slack="0"/>
<pin id="174" dir="0" index="1" bw="24" slack="0"/>
<pin id="175" dir="0" index="2" bw="0" slack="2147483647"/>
<pin id="176" dir="1" index="3" bw="24" slack="2147483647"/>
</pin_list>
<bind>
<opcode="store(28) " fcode="store"/>
<opset="store_ln30/14 "/>
</bind>
</comp>

<comp id="179" class="1004" name="store_ln30_access_fu_179">
<pin_list>
<pin id="180" dir="0" index="0" bw="13" slack="0"/>
<pin id="181" dir="0" index="1" bw="24" slack="0"/>
<pin id="182" dir="0" index="2" bw="0" slack="2147483647"/>
<pin id="183" dir="1" index="3" bw="24" slack="2147483647"/>
</pin_list>
<bind>
<opcode="store(28) " fcode="store"/>
<opset="store_ln30/14 "/>
</bind>
</comp>

<comp id="186" class="1004" name="store_ln30_access_fu_186">
<pin_list>
<pin id="187" dir="0" index="0" bw="13" slack="0"/>
<pin id="188" dir="0" index="1" bw="24" slack="0"/>
<pin id="189" dir="0" index="2" bw="0" slack="2147483647"/>
<pin id="190" dir="1" index="3" bw="24" slack="2147483647"/>
</pin_list>
<bind>
<opcode="store(28) " fcode="store"/>
<opset="store_ln30/14 "/>
</bind>
</comp>

<comp id="193" class="1004" name="store_ln30_access_fu_193">
<pin_list>
<pin id="194" dir="0" index="0" bw="13" slack="0"/>
<pin id="195" dir="0" index="1" bw="24" slack="0"/>
<pin id="196" dir="0" index="2" bw="0" slack="2147483647"/>
<pin id="197" dir="1" index="3" bw="24" slack="2147483647"/>
</pin_list>
<bind>
<opcode="store(28) " fcode="store"/>
<opset="store_ln30/14 "/>
</bind>
</comp>

<comp id="200" class="1004" name="store_ln30_access_fu_200">
<pin_list>
<pin id="201" dir="0" index="0" bw="13" slack="0"/>
<pin id="202" dir="0" index="1" bw="24" slack="0"/>
<pin id="203" dir="0" index="2" bw="0" slack="2147483647"/>
<pin id="204" dir="1" index="3" bw="24" slack="2147483647"/>
</pin_list>
<bind>
<opcode="store(28) " fcode="store"/>
<opset="store_ln30/14 "/>
</bind>
</comp>

<comp id="207" class="1004" name="store_ln30_access_fu_207">
<pin_list>
<pin id="208" dir="0" index="0" bw="13" slack="0"/>
<pin id="209" dir="0" index="1" bw="24" slack="0"/>
<pin id="210" dir="0" index="2" bw="0" slack="2147483647"/>
<pin id="211" dir="1" index="3" bw="24" slack="2147483647"/>
</pin_list>
<bind>
<opcode="store(28) " fcode="store"/>
<opset="store_ln30/14 "/>
</bind>
</comp>

<comp id="214" class="1004" name="store_ln30_access_fu_214">
<pin_list>
<pin id="215" dir="0" index="0" bw="13" slack="0"/>
<pin id="216" dir="0" index="1" bw="24" slack="0"/>
<pin id="217" dir="0" index="2" bw="0" slack="2147483647"/>
<pin id="218" dir="1" index="3" bw="24" slack="2147483647"/>
</pin_list>
<bind>
<opcode="store(28) " fcode="store"/>
<opset="store_ln30/14 "/>
</bind>
</comp>

<comp id="221" class="1004" name="grp_fu_221">
<pin_list>
<pin id="222" dir="0" index="0" bw="2" slack="0"/>
<pin id="223" dir="0" index="1" bw="1" slack="0"/>
<pin id="224" dir="0" index="2" bw="1" slack="0"/>
<pin id="225" dir="1" index="3" bw="0" slack="2147483647"/>
</pin_list>
<bind>
<opcode="switch(3) " fcode="switch"/>
<opset="switch_ln30/14 switch_ln30/14 switch_ln30/14 "/>
</bind>
</comp>

<comp id="228" class="1004" name="store_ln0_store_fu_228">
<pin_list>
<pin id="229" dir="0" index="0" bw="1" slack="0"/>
<pin id="230" dir="0" index="1" bw="17" slack="0"/>
<pin id="231" dir="1" index="2" bw="0" slack="2147483647"/>
</pin_list>
<bind>
<opcode="store(28) " fcode="store"/>
<opset="store_ln0/1 "/>
</bind>
</comp>

<comp id="233" class="1004" name="store_ln27_store_fu_233">
<pin_list>
<pin id="234" dir="0" index="0" bw="1" slack="0"/>
<pin id="235" dir="0" index="1" bw="9" slack="0"/>
<pin id="236" dir="1" index="2" bw="0" slack="2147483647"/>
</pin_list>
<bind>
<opcode="store(28) " fcode="store"/>
<opset="store_ln27/1 "/>
</bind>
</comp>

<comp id="238" class="1004" name="store_ln28_store_fu_238">
<pin_list>
<pin id="239" dir="0" index="0" bw="1" slack="0"/>
<pin id="240" dir="0" index="1" bw="9" slack="0"/>
<pin id="241" dir="1" index="2" bw="0" slack="2147483647"/>
</pin_list>
<bind>
<opcode="store(28) " fcode="store"/>
<opset="store_ln28/1 "/>
</bind>
</comp>

<comp id="243" class="1004" name="indvar_flatten_load_load_fu_243">
<pin_list>
<pin id="244" dir="0" index="0" bw="17" slack="1"/>
<pin id="245" dir="1" index="1" bw="17" slack="0"/>
</pin_list>
<bind>
<opcode="load(27) " fcode="load"/>
<opset="indvar_flatten_load/2 "/>
</bind>
</comp>

<comp id="246" class="1004" name="icmp_ln27_fu_246">
<pin_list>
<pin id="247" dir="0" index="0" bw="17" slack="0"/>
<pin id="248" dir="0" index="1" bw="17" slack="0"/>
<pin id="249" dir="1" index="2" bw="1" slack="11"/>
</pin_list>
<bind>
<opcode="icmp(45) " fcode="icmp"/>
<opset="icmp_ln27/2 "/>
</bind>
</comp>

<comp id="252" class="1004" name="add_ln27_1_fu_252">
<pin_list>
<pin id="253" dir="0" index="0" bw="17" slack="0"/>
<pin id="254" dir="0" index="1" bw="1" slack="0"/>
<pin id="255" dir="1" index="2" bw="17" slack="0"/>
</pin_list>
<bind>
<opcode="add(8) " fcode="add"/>
<opset="add_ln27_1/2 "/>
</bind>
</comp>

<comp id="258" class="1004" name="j_load_load_fu_258">
<pin_list>
<pin id="259" dir="0" index="0" bw="9" slack="1"/>
<pin id="260" dir="1" index="1" bw="9" slack="0"/>
</pin_list>
<bind>
<opcode="load(27) " fcode="load"/>
<opset="j_load/2 "/>
</bind>
</comp>

<comp id="261" class="1004" name="i_load_load_fu_261">
<pin_list>
<pin id="262" dir="0" index="0" bw="9" slack="1"/>
<pin id="263" dir="1" index="1" bw="9" slack="0"/>
</pin_list>
<bind>
<opcode="load(27) " fcode="load"/>
<opset="i_load/2 "/>
</bind>
</comp>

<comp id="264" class="1004" name="add_ln27_fu_264">
<pin_list>
<pin id="265" dir="0" index="0" bw="9" slack="0"/>
<pin id="266" dir="0" index="1" bw="1" slack="0"/>
<pin id="267" dir="1" index="2" bw="9" slack="0"/>
</pin_list>
<bind>
<opcode="add(8) " fcode="add"/>
<opset="add_ln27/2 "/>
</bind>
</comp>

<comp id="270" class="1004" name="icmp_ln28_fu_270">
<pin_list>
<pin id="271" dir="0" index="0" bw="9" slack="0"/>
<pin id="272" dir="0" index="1" bw="9" slack="0"/>
<pin id="273" dir="1" index="2" bw="1" slack="0"/>
</pin_list>
<bind>
<opcode="icmp(45) " fcode="icmp"/>
<opset="icmp_ln28/2 "/>
</bind>
</comp>

<comp id="276" class="1004" name="select_ln27_fu_276">
<pin_list>
<pin id="277" dir="0" index="0" bw="1" slack="0"/>
<pin id="278" dir="0" index="1" bw="9" slack="0"/>
<pin id="279" dir="0" index="2" bw="9" slack="0"/>
<pin id="280" dir="1" index="3" bw="9" slack="0"/>
</pin_list>
<bind>
<opcode="select(49) " fcode="select"/>
<opset="select_ln27/2 "/>
</bind>
</comp>

<comp id="284" class="1004" name="select_ln27_1_fu_284">
<pin_list>
<pin id="285" dir="0" index="0" bw="1" slack="0"/>
<pin id="286" dir="0" index="1" bw="9" slack="0"/>
<pin id="287" dir="0" index="2" bw="9" slack="0"/>
<pin id="288" dir="1" index="3" bw="9" slack="0"/>
</pin_list>
<bind>
<opcode="select(49) " fcode="select"/>
<opset="select_ln27_1/2 "/>
</bind>
</comp>

<comp id="292" class="1004" name="trunc_ln30_fu_292">
<pin_list>
<pin id="293" dir="0" index="0" bw="9" slack="0"/>
<pin id="294" dir="1" index="1" bw="8" slack="11"/>
</pin_list>
<bind>
<opcode="trunc(33) " fcode="trunc"/>
<opset="trunc_ln30/2 "/>
</bind>
</comp>

<comp id="296" class="1004" name="zext_ln27_fu_296">
<pin_list>
<pin id="297" dir="0" index="0" bw="9" slack="0"/>
<pin id="298" dir="1" index="1" bw="19" slack="0"/>
</pin_list>
<bind>
<opcode="zext(34) " fcode="zext"/>
<opset="zext_ln27/2 "/>
</bind>
</comp>

<comp id="300" class="1004" name="mul_ln27_fu_300">
<pin_list>
<pin id="301" dir="0" index="0" bw="9" slack="0"/>
<pin id="302" dir="0" index="1" bw="11" slack="0"/>
<pin id="303" dir="1" index="2" bw="19" slack="0"/>
</pin_list>
<bind>
<opcode="mul(12) " fcode="mul"/>
<opset="mul_ln27/2 "/>
</bind>
</comp>

<comp id="306" class="1004" name="tmp_52_fu_306">
<pin_list>
<pin id="307" dir="0" index="0" bw="8" slack="0"/>
<pin id="308" dir="0" index="1" bw="19" slack="0"/>
<pin id="309" dir="0" index="2" bw="5" slack="0"/>
<pin id="310" dir="0" index="3" bw="6" slack="0"/>
<pin id="311" dir="1" index="4" bw="8" slack="9"/>
</pin_list>
<bind>
<opcode="partselect(1002) " fcode="partselect"/>
<opset="tmp_52/2 "/>
</bind>
</comp>

<comp id="316" class="1004" name="grp_fu_316">
<pin_list>
<pin id="317" dir="0" index="0" bw="9" slack="0"/>
<pin id="318" dir="0" index="1" bw="3" slack="0"/>
<pin id="319" dir="1" index="2" bw="2" slack="0"/>
</pin_list>
<bind>
<opcode="urem(17) " fcode="urem"/>
<opset="urem_ln27/2 "/>
</bind>
</comp>

<comp id="322" class="1004" name="grp_fu_322">
<pin_list>
<pin id="323" dir="0" index="0" bw="9" slack="0"/>
<pin id="324" dir="0" index="1" bw="3" slack="0"/>
<pin id="325" dir="1" index="2" bw="2" slack="0"/>
</pin_list>
<bind>
<opcode="urem(17) " fcode="urem"/>
<opset="urem_ln28/2 "/>
</bind>
</comp>

<comp id="328" class="1004" name="add_ln28_fu_328">
<pin_list>
<pin id="329" dir="0" index="0" bw="9" slack="0"/>
<pin id="330" dir="0" index="1" bw="1" slack="0"/>
<pin id="331" dir="1" index="2" bw="9" slack="0"/>
</pin_list>
<bind>
<opcode="add(8) " fcode="add"/>
<opset="add_ln28/2 "/>
</bind>
</comp>

<comp id="334" class="1004" name="store_ln27_store_fu_334">
<pin_list>
<pin id="335" dir="0" index="0" bw="17" slack="0"/>
<pin id="336" dir="0" index="1" bw="17" slack="1"/>
<pin id="337" dir="1" index="2" bw="0" slack="2147483647"/>
</pin_list>
<bind>
<opcode="store(28) " fcode="store"/>
<opset="store_ln27/2 "/>
</bind>
</comp>

<comp id="339" class="1004" name="store_ln27_store_fu_339">
<pin_list>
<pin id="340" dir="0" index="0" bw="9" slack="0"/>
<pin id="341" dir="0" index="1" bw="9" slack="1"/>
<pin id="342" dir="1" index="2" bw="0" slack="2147483647"/>
</pin_list>
<bind>
<opcode="store(28) " fcode="store"/>
<opset="store_ln27/2 "/>
</bind>
</comp>

<comp id="344" class="1004" name="store_ln28_store_fu_344">
<pin_list>
<pin id="345" dir="0" index="0" bw="9" slack="0"/>
<pin id="346" dir="0" index="1" bw="9" slack="1"/>
<pin id="347" dir="1" index="2" bw="0" slack="2147483647"/>
</pin_list>
<bind>
<opcode="store(28) " fcode="store"/>
<opset="store_ln28/2 "/>
</bind>
</comp>

<comp id="349" class="1004" name="zext_ln27_1_fu_349">
<pin_list>
<pin id="350" dir="0" index="0" bw="8" slack="9"/>
<pin id="351" dir="1" index="1" bw="13" slack="0"/>
</pin_list>
<bind>
<opcode="zext(34) " fcode="zext"/>
<opset="zext_ln27_1/11 "/>
</bind>
</comp>

<comp id="352" class="1004" name="tmp_fu_352">
<pin_list>
<pin id="353" dir="0" index="0" bw="16" slack="0"/>
<pin id="354" dir="0" index="1" bw="8" slack="11"/>
<pin id="355" dir="0" index="2" bw="1" slack="0"/>
<pin id="356" dir="1" index="3" bw="16" slack="0"/>
</pin_list>
<bind>
<opcode="bitconcatenate(1004) " fcode="bitconcatenate"/>
<opset="tmp/13 "/>
</bind>
</comp>

<comp id="359" class="1004" name="zext_ln30_fu_359">
<pin_list>
<pin id="360" dir="0" index="0" bw="9" slack="11"/>
<pin id="361" dir="1" index="1" bw="16" slack="0"/>
</pin_list>
<bind>
<opcode="zext(34) " fcode="zext"/>
<opset="zext_ln30/13 "/>
</bind>
</comp>

<comp id="362" class="1004" name="add_ln30_fu_362">
<pin_list>
<pin id="363" dir="0" index="0" bw="16" slack="0"/>
<pin id="364" dir="0" index="1" bw="9" slack="0"/>
<pin id="365" dir="1" index="2" bw="16" slack="0"/>
</pin_list>
<bind>
<opcode="add(8) " fcode="add"/>
<opset="add_ln30/13 "/>
</bind>
</comp>

<comp id="368" class="1004" name="zext_ln30_1_fu_368">
<pin_list>
<pin id="369" dir="0" index="0" bw="16" slack="0"/>
<pin id="370" dir="1" index="1" bw="64" slack="0"/>
</pin_list>
<bind>
<opcode="zext(34) " fcode="zext"/>
<opset="zext_ln30_1/13 "/>
</bind>
</comp>

<comp id="373" class="1004" name="zext_ln28_fu_373">
<pin_list>
<pin id="374" dir="0" index="0" bw="9" slack="11"/>
<pin id="375" dir="1" index="1" bw="19" slack="0"/>
</pin_list>
<bind>
<opcode="zext(34) " fcode="zext"/>
<opset="zext_ln28/13 "/>
</bind>
</comp>

<comp id="376" class="1004" name="mul_ln28_fu_376">
<pin_list>
<pin id="377" dir="0" index="0" bw="9" slack="0"/>
<pin id="378" dir="0" index="1" bw="11" slack="0"/>
<pin id="379" dir="1" index="2" bw="19" slack="0"/>
</pin_list>
<bind>
<opcode="mul(12) " fcode="mul"/>
<opset="mul_ln28/13 "/>
</bind>
</comp>

<comp id="382" class="1004" name="tmp_53_fu_382">
<pin_list>
<pin id="383" dir="0" index="0" bw="8" slack="0"/>
<pin id="384" dir="0" index="1" bw="19" slack="0"/>
<pin id="385" dir="0" index="2" bw="5" slack="0"/>
<pin id="386" dir="0" index="3" bw="6" slack="0"/>
<pin id="387" dir="1" index="4" bw="8" slack="0"/>
</pin_list>
<bind>
<opcode="partselect(1002) " fcode="partselect"/>
<opset="tmp_53/13 "/>
</bind>
</comp>

<comp id="392" class="1004" name="zext_ln30_2_fu_392">
<pin_list>
<pin id="393" dir="0" index="0" bw="8" slack="0"/>
<pin id="394" dir="1" index="1" bw="13" slack="0"/>
</pin_list>
<bind>
<opcode="zext(34) " fcode="zext"/>
<opset="zext_ln30_2/13 "/>
</bind>
</comp>

<comp id="396" class="1004" name="trunc_ln27_fu_396">
<pin_list>
<pin id="397" dir="0" index="0" bw="2" slack="0"/>
<pin id="398" dir="1" index="1" bw="2" slack="0"/>
</pin_list>
<bind>
<opcode="trunc(33) " fcode="trunc"/>
<opset="trunc_ln27/14 "/>
</bind>
</comp>

<comp id="400" class="1004" name="zext_ln30_3_fu_400">
<pin_list>
<pin id="401" dir="0" index="0" bw="13" slack="0"/>
<pin id="402" dir="1" index="1" bw="64" slack="0"/>
</pin_list>
<bind>
<opcode="zext(34) " fcode="zext"/>
<opset="zext_ln30_3/14 "/>
</bind>
</comp>

<comp id="412" class="1004" name="trunc_ln28_fu_412">
<pin_list>
<pin id="413" dir="0" index="0" bw="2" slack="0"/>
<pin id="414" dir="1" index="1" bw="2" slack="0"/>
</pin_list>
<bind>
<opcode="trunc(33) " fcode="trunc"/>
<opset="trunc_ln28/14 "/>
</bind>
</comp>

<comp id="417" class="1004" name="switch_ln30_fu_417">
<pin_list>
<pin id="418" dir="0" index="0" bw="2" slack="0"/>
<pin id="419" dir="0" index="1" bw="1" slack="0"/>
<pin id="420" dir="0" index="2" bw="1" slack="0"/>
<pin id="421" dir="1" index="3" bw="0" slack="2147483647"/>
</pin_list>
<bind>
<opcode="switch(3) " fcode="switch"/>
<opset="switch_ln30/14 "/>
</bind>
</comp>

<comp id="425" class="1007" name="grp_fu_425">
<pin_list>
<pin id="426" dir="0" index="0" bw="8" slack="0"/>
<pin id="427" dir="0" index="1" bw="7" slack="0"/>
<pin id="428" dir="0" index="2" bw="8" slack="0"/>
<pin id="429" dir="1" index="3" bw="13" slack="0"/>
</pin_list>
<bind>
<opcode="muladd(1172) " fcode="muladd"/>
<opset="mul_ln27_1/11 add_ln30_1/13 "/>
</bind>
</comp>

<comp id="434" class="1005" name="j_reg_434">
<pin_list>
<pin id="435" dir="0" index="0" bw="9" slack="0"/>
<pin id="436" dir="1" index="1" bw="9" slack="0"/>
</pin_list>
<bind>
<opset="j "/>
</bind>
</comp>

<comp id="441" class="1005" name="i_reg_441">
<pin_list>
<pin id="442" dir="0" index="0" bw="9" slack="0"/>
<pin id="443" dir="1" index="1" bw="9" slack="0"/>
</pin_list>
<bind>
<opset="i "/>
</bind>
</comp>

<comp id="448" class="1005" name="indvar_flatten_reg_448">
<pin_list>
<pin id="449" dir="0" index="0" bw="17" slack="0"/>
<pin id="450" dir="1" index="1" bw="17" slack="0"/>
</pin_list>
<bind>
<opset="indvar_flatten "/>
</bind>
</comp>

<comp id="455" class="1005" name="icmp_ln27_reg_455">
<pin_list>
<pin id="456" dir="0" index="0" bw="1" slack="11"/>
<pin id="457" dir="1" index="1" bw="1" slack="2147483647"/>
</pin_list>
<bind>
<opset="icmp_ln27 "/>
</bind>
</comp>

<comp id="459" class="1005" name="select_ln27_reg_459">
<pin_list>
<pin id="460" dir="0" index="0" bw="9" slack="1"/>
<pin id="461" dir="1" index="1" bw="9" slack="1"/>
</pin_list>
<bind>
<opset="select_ln27 "/>
</bind>
</comp>

<comp id="466" class="1005" name="select_ln27_1_reg_466">
<pin_list>
<pin id="467" dir="0" index="0" bw="9" slack="1"/>
<pin id="468" dir="1" index="1" bw="9" slack="1"/>
</pin_list>
<bind>
<opset="select_ln27_1 "/>
</bind>
</comp>

<comp id="471" class="1005" name="trunc_ln30_reg_471">
<pin_list>
<pin id="472" dir="0" index="0" bw="8" slack="11"/>
<pin id="473" dir="1" index="1" bw="8" slack="11"/>
</pin_list>
<bind>
<opset="trunc_ln30 "/>
</bind>
</comp>

<comp id="476" class="1005" name="tmp_52_reg_476">
<pin_list>
<pin id="477" dir="0" index="0" bw="8" slack="9"/>
<pin id="478" dir="1" index="1" bw="8" slack="9"/>
</pin_list>
<bind>
<opset="tmp_52 "/>
</bind>
</comp>

<comp id="481" class="1005" name="zext_ln27_1_reg_481">
<pin_list>
<pin id="482" dir="0" index="0" bw="13" slack="1"/>
<pin id="483" dir="1" index="1" bw="13" slack="1"/>
</pin_list>
<bind>
<opset="zext_ln27_1 "/>
</bind>
</comp>

<comp id="486" class="1005" name="stream_in_addr_reg_486">
<pin_list>
<pin id="487" dir="0" index="0" bw="16" slack="1"/>
<pin id="488" dir="1" index="1" bw="16" slack="1"/>
</pin_list>
<bind>
<opset="stream_in_addr "/>
</bind>
</comp>

<comp id="491" class="1005" name="zext_ln30_2_reg_491">
<pin_list>
<pin id="492" dir="0" index="0" bw="13" slack="1"/>
<pin id="493" dir="1" index="1" bw="13" slack="1"/>
</pin_list>
<bind>
<opset="zext_ln30_2 "/>
</bind>
</comp>

</comp_list>

<net_list>
<net id="73"><net_src comp="20" pin="0"/><net_sink comp="70" pin=0"/></net>

<net id="77"><net_src comp="20" pin="0"/><net_sink comp="74" pin=0"/></net>

<net id="81"><net_src comp="20" pin="0"/><net_sink comp="78" pin=0"/></net>

<net id="87"><net_src comp="0" pin="0"/><net_sink comp="82" pin=0"/></net>

<net id="88"><net_src comp="50" pin="0"/><net_sink comp="82" pin=1"/></net>

<net id="94"><net_src comp="82" pin="3"/><net_sink comp="89" pin=0"/></net>

<net id="100"><net_src comp="2" pin="0"/><net_sink comp="95" pin=0"/></net>

<net id="101"><net_src comp="50" pin="0"/><net_sink comp="95" pin=1"/></net>

<net id="107"><net_src comp="4" pin="0"/><net_sink comp="102" pin=0"/></net>

<net id="108"><net_src comp="50" pin="0"/><net_sink comp="102" pin=1"/></net>

<net id="114"><net_src comp="6" pin="0"/><net_sink comp="109" pin=0"/></net>

<net id="115"><net_src comp="50" pin="0"/><net_sink comp="109" pin=1"/></net>

<net id="121"><net_src comp="8" pin="0"/><net_sink comp="116" pin=0"/></net>

<net id="122"><net_src comp="50" pin="0"/><net_sink comp="116" pin=1"/></net>

<net id="128"><net_src comp="10" pin="0"/><net_sink comp="123" pin=0"/></net>

<net id="129"><net_src comp="50" pin="0"/><net_sink comp="123" pin=1"/></net>

<net id="135"><net_src comp="12" pin="0"/><net_sink comp="130" pin=0"/></net>

<net id="136"><net_src comp="50" pin="0"/><net_sink comp="130" pin=1"/></net>

<net id="142"><net_src comp="14" pin="0"/><net_sink comp="137" pin=0"/></net>

<net id="143"><net_src comp="50" pin="0"/><net_sink comp="137" pin=1"/></net>

<net id="149"><net_src comp="16" pin="0"/><net_sink comp="144" pin=0"/></net>

<net id="150"><net_src comp="50" pin="0"/><net_sink comp="144" pin=1"/></net>

<net id="156"><net_src comp="18" pin="0"/><net_sink comp="151" pin=0"/></net>

<net id="157"><net_src comp="50" pin="0"/><net_sink comp="151" pin=1"/></net>

<net id="163"><net_src comp="89" pin="3"/><net_sink comp="158" pin=1"/></net>

<net id="164"><net_src comp="123" pin="3"/><net_sink comp="158" pin=0"/></net>

<net id="170"><net_src comp="89" pin="3"/><net_sink comp="165" pin=1"/></net>

<net id="171"><net_src comp="116" pin="3"/><net_sink comp="165" pin=0"/></net>

<net id="177"><net_src comp="89" pin="3"/><net_sink comp="172" pin=1"/></net>

<net id="178"><net_src comp="130" pin="3"/><net_sink comp="172" pin=0"/></net>

<net id="184"><net_src comp="89" pin="3"/><net_sink comp="179" pin=1"/></net>

<net id="185"><net_src comp="102" pin="3"/><net_sink comp="179" pin=0"/></net>

<net id="191"><net_src comp="89" pin="3"/><net_sink comp="186" pin=1"/></net>

<net id="192"><net_src comp="95" pin="3"/><net_sink comp="186" pin=0"/></net>

<net id="198"><net_src comp="89" pin="3"/><net_sink comp="193" pin=1"/></net>

<net id="199"><net_src comp="109" pin="3"/><net_sink comp="193" pin=0"/></net>

<net id="205"><net_src comp="89" pin="3"/><net_sink comp="200" pin=1"/></net>

<net id="206"><net_src comp="144" pin="3"/><net_sink comp="200" pin=0"/></net>

<net id="212"><net_src comp="89" pin="3"/><net_sink comp="207" pin=1"/></net>

<net id="213"><net_src comp="137" pin="3"/><net_sink comp="207" pin=0"/></net>

<net id="219"><net_src comp="89" pin="3"/><net_sink comp="214" pin=1"/></net>

<net id="220"><net_src comp="151" pin="3"/><net_sink comp="214" pin=0"/></net>

<net id="226"><net_src comp="66" pin="0"/><net_sink comp="221" pin=1"/></net>

<net id="227"><net_src comp="68" pin="0"/><net_sink comp="221" pin=2"/></net>

<net id="232"><net_src comp="22" pin="0"/><net_sink comp="228" pin=0"/></net>

<net id="237"><net_src comp="24" pin="0"/><net_sink comp="233" pin=0"/></net>

<net id="242"><net_src comp="24" pin="0"/><net_sink comp="238" pin=0"/></net>

<net id="250"><net_src comp="243" pin="1"/><net_sink comp="246" pin=0"/></net>

<net id="251"><net_src comp="26" pin="0"/><net_sink comp="246" pin=1"/></net>

<net id="256"><net_src comp="243" pin="1"/><net_sink comp="252" pin=0"/></net>

<net id="257"><net_src comp="28" pin="0"/><net_sink comp="252" pin=1"/></net>

<net id="268"><net_src comp="261" pin="1"/><net_sink comp="264" pin=0"/></net>

<net id="269"><net_src comp="30" pin="0"/><net_sink comp="264" pin=1"/></net>

<net id="274"><net_src comp="258" pin="1"/><net_sink comp="270" pin=0"/></net>

<net id="275"><net_src comp="32" pin="0"/><net_sink comp="270" pin=1"/></net>

<net id="281"><net_src comp="270" pin="2"/><net_sink comp="276" pin=0"/></net>

<net id="282"><net_src comp="24" pin="0"/><net_sink comp="276" pin=1"/></net>

<net id="283"><net_src comp="258" pin="1"/><net_sink comp="276" pin=2"/></net>

<net id="289"><net_src comp="270" pin="2"/><net_sink comp="284" pin=0"/></net>

<net id="290"><net_src comp="264" pin="2"/><net_sink comp="284" pin=1"/></net>

<net id="291"><net_src comp="261" pin="1"/><net_sink comp="284" pin=2"/></net>

<net id="295"><net_src comp="284" pin="3"/><net_sink comp="292" pin=0"/></net>

<net id="299"><net_src comp="284" pin="3"/><net_sink comp="296" pin=0"/></net>

<net id="304"><net_src comp="296" pin="1"/><net_sink comp="300" pin=0"/></net>

<net id="305"><net_src comp="34" pin="0"/><net_sink comp="300" pin=1"/></net>

<net id="312"><net_src comp="36" pin="0"/><net_sink comp="306" pin=0"/></net>

<net id="313"><net_src comp="300" pin="2"/><net_sink comp="306" pin=1"/></net>

<net id="314"><net_src comp="38" pin="0"/><net_sink comp="306" pin=2"/></net>

<net id="315"><net_src comp="40" pin="0"/><net_sink comp="306" pin=3"/></net>

<net id="320"><net_src comp="284" pin="3"/><net_sink comp="316" pin=0"/></net>

<net id="321"><net_src comp="42" pin="0"/><net_sink comp="316" pin=1"/></net>

<net id="326"><net_src comp="276" pin="3"/><net_sink comp="322" pin=0"/></net>

<net id="327"><net_src comp="42" pin="0"/><net_sink comp="322" pin=1"/></net>

<net id="332"><net_src comp="276" pin="3"/><net_sink comp="328" pin=0"/></net>

<net id="333"><net_src comp="30" pin="0"/><net_sink comp="328" pin=1"/></net>

<net id="338"><net_src comp="252" pin="2"/><net_sink comp="334" pin=0"/></net>

<net id="343"><net_src comp="284" pin="3"/><net_sink comp="339" pin=0"/></net>

<net id="348"><net_src comp="328" pin="2"/><net_sink comp="344" pin=0"/></net>

<net id="357"><net_src comp="46" pin="0"/><net_sink comp="352" pin=0"/></net>

<net id="358"><net_src comp="48" pin="0"/><net_sink comp="352" pin=2"/></net>

<net id="366"><net_src comp="352" pin="3"/><net_sink comp="362" pin=0"/></net>

<net id="367"><net_src comp="359" pin="1"/><net_sink comp="362" pin=1"/></net>

<net id="371"><net_src comp="362" pin="2"/><net_sink comp="368" pin=0"/></net>

<net id="372"><net_src comp="368" pin="1"/><net_sink comp="82" pin=2"/></net>

<net id="380"><net_src comp="373" pin="1"/><net_sink comp="376" pin=0"/></net>

<net id="381"><net_src comp="34" pin="0"/><net_sink comp="376" pin=1"/></net>

<net id="388"><net_src comp="36" pin="0"/><net_sink comp="382" pin=0"/></net>

<net id="389"><net_src comp="376" pin="2"/><net_sink comp="382" pin=1"/></net>

<net id="390"><net_src comp="38" pin="0"/><net_sink comp="382" pin=2"/></net>

<net id="391"><net_src comp="40" pin="0"/><net_sink comp="382" pin=3"/></net>

<net id="395"><net_src comp="382" pin="4"/><net_sink comp="392" pin=0"/></net>

<net id="399"><net_src comp="316" pin="2"/><net_sink comp="396" pin=0"/></net>

<net id="403"><net_src comp="400" pin="1"/><net_sink comp="95" pin=2"/></net>

<net id="404"><net_src comp="400" pin="1"/><net_sink comp="102" pin=2"/></net>

<net id="405"><net_src comp="400" pin="1"/><net_sink comp="109" pin=2"/></net>

<net id="406"><net_src comp="400" pin="1"/><net_sink comp="116" pin=2"/></net>

<net id="407"><net_src comp="400" pin="1"/><net_sink comp="123" pin=2"/></net>

<net id="408"><net_src comp="400" pin="1"/><net_sink comp="130" pin=2"/></net>

<net id="409"><net_src comp="400" pin="1"/><net_sink comp="137" pin=2"/></net>

<net id="410"><net_src comp="400" pin="1"/><net_sink comp="144" pin=2"/></net>

<net id="411"><net_src comp="400" pin="1"/><net_sink comp="151" pin=2"/></net>

<net id="415"><net_src comp="322" pin="2"/><net_sink comp="412" pin=0"/></net>

<net id="416"><net_src comp="412" pin="1"/><net_sink comp="221" pin=0"/></net>

<net id="422"><net_src comp="396" pin="1"/><net_sink comp="417" pin=0"/></net>

<net id="423"><net_src comp="66" pin="0"/><net_sink comp="417" pin=1"/></net>

<net id="424"><net_src comp="68" pin="0"/><net_sink comp="417" pin=2"/></net>

<net id="430"><net_src comp="349" pin="1"/><net_sink comp="425" pin=0"/></net>

<net id="431"><net_src comp="44" pin="0"/><net_sink comp="425" pin=1"/></net>

<net id="432"><net_src comp="392" pin="1"/><net_sink comp="425" pin=2"/></net>

<net id="433"><net_src comp="425" pin="3"/><net_sink comp="400" pin=0"/></net>

<net id="437"><net_src comp="70" pin="1"/><net_sink comp="434" pin=0"/></net>

<net id="438"><net_src comp="434" pin="1"/><net_sink comp="238" pin=1"/></net>

<net id="439"><net_src comp="434" pin="1"/><net_sink comp="258" pin=0"/></net>

<net id="440"><net_src comp="434" pin="1"/><net_sink comp="344" pin=1"/></net>

<net id="444"><net_src comp="74" pin="1"/><net_sink comp="441" pin=0"/></net>

<net id="445"><net_src comp="441" pin="1"/><net_sink comp="233" pin=1"/></net>

<net id="446"><net_src comp="441" pin="1"/><net_sink comp="261" pin=0"/></net>

<net id="447"><net_src comp="441" pin="1"/><net_sink comp="339" pin=1"/></net>

<net id="451"><net_src comp="78" pin="1"/><net_sink comp="448" pin=0"/></net>

<net id="452"><net_src comp="448" pin="1"/><net_sink comp="228" pin=1"/></net>

<net id="453"><net_src comp="448" pin="1"/><net_sink comp="243" pin=0"/></net>

<net id="454"><net_src comp="448" pin="1"/><net_sink comp="334" pin=1"/></net>

<net id="458"><net_src comp="246" pin="2"/><net_sink comp="455" pin=0"/></net>

<net id="462"><net_src comp="276" pin="3"/><net_sink comp="459" pin=0"/></net>

<net id="463"><net_src comp="459" pin="1"/><net_sink comp="322" pin=0"/></net>

<net id="464"><net_src comp="459" pin="1"/><net_sink comp="359" pin=0"/></net>

<net id="465"><net_src comp="459" pin="1"/><net_sink comp="373" pin=0"/></net>

<net id="469"><net_src comp="284" pin="3"/><net_sink comp="466" pin=0"/></net>

<net id="470"><net_src comp="466" pin="1"/><net_sink comp="316" pin=0"/></net>

<net id="474"><net_src comp="292" pin="1"/><net_sink comp="471" pin=0"/></net>

<net id="475"><net_src comp="471" pin="1"/><net_sink comp="352" pin=1"/></net>

<net id="479"><net_src comp="306" pin="4"/><net_sink comp="476" pin=0"/></net>

<net id="480"><net_src comp="476" pin="1"/><net_sink comp="349" pin=0"/></net>

<net id="484"><net_src comp="349" pin="1"/><net_sink comp="481" pin=0"/></net>

<net id="485"><net_src comp="481" pin="1"/><net_sink comp="425" pin=0"/></net>

<net id="489"><net_src comp="82" pin="3"/><net_sink comp="486" pin=0"/></net>

<net id="490"><net_src comp="486" pin="1"/><net_sink comp="89" pin=0"/></net>

<net id="494"><net_src comp="392" pin="1"/><net_sink comp="491" pin=0"/></net>

<net id="495"><net_src comp="491" pin="1"/><net_sink comp="425" pin=1"/></net>

</net_list>

</model> 
---------------- Datapath Model END ------------------

* FSMD analyzer results:
  - Output states:
	Port: stream_in | {}
	Port: cur | {14 }
	Port: cur_1 | {14 }
	Port: cur_2 | {14 }
	Port: cur_3 | {14 }
	Port: cur_4 | {14 }
	Port: cur_5 | {14 }
	Port: cur_6 | {14 }
	Port: cur_7 | {14 }
	Port: cur_8 | {14 }
 - Input state : 
	Port: compute_Pipeline_VITIS_LOOP_27_1_VITIS_LOOP_28_2 : stream_in | {13 14 }
  - Chain level:
	State 1
		store_ln0 : 1
		store_ln27 : 1
		store_ln28 : 1
	State 2
		icmp_ln27 : 1
		add_ln27_1 : 1
		br_ln27 : 2
		add_ln27 : 1
		icmp_ln28 : 1
		select_ln27 : 2
		select_ln27_1 : 2
		trunc_ln30 : 3
		zext_ln27 : 3
		mul_ln27 : 4
		tmp_52 : 5
		urem_ln27 : 3
		urem_ln28 : 3
		add_ln28 : 3
		store_ln27 : 2
		store_ln27 : 3
		store_ln28 : 4
	State 3
	State 4
	State 5
	State 6
	State 7
	State 8
	State 9
	State 10
	State 11
		mul_ln27_1 : 1
	State 12
	State 13
		add_ln30 : 1
		zext_ln30_1 : 2
		stream_in_addr : 3
		mul_ln28 : 1
		tmp_53 : 2
		zext_ln30_2 : 3
		add_ln30_1 : 4
		stream_in_load : 4
	State 14
		trunc_ln27 : 1
		zext_ln30_3 : 1
		cur_addr : 2
		cur_1_addr : 2
		cur_2_addr : 2
		cur_3_addr : 2
		cur_4_addr : 2
		cur_5_addr : 2
		cur_6_addr : 2
		cur_7_addr : 2
		cur_8_addr : 2
		trunc_ln28 : 1
		switch_ln30 : 2
		switch_ln30 : 2
		store_ln30 : 3
		store_ln30 : 3
		store_ln30 : 3
		switch_ln30 : 2
		store_ln30 : 3
		store_ln30 : 3
		store_ln30 : 3
		switch_ln30 : 2
		store_ln30 : 3
		store_ln30 : 3
		store_ln30 : 3


============================================================
+ Verbose Summary: Datapath Resource usage 
============================================================

* Functional unit list:
|----------|----------------------|---------|---------|---------|
| Operation|    Functional Unit   |   DSP   |    FF   |   LUT   |
|----------|----------------------|---------|---------|---------|
|   urem   |      grp_fu_316      |    0    |   235   |   150   |
|          |      grp_fu_322      |    0    |   235   |   150   |
|----------|----------------------|---------|---------|---------|
|          |   add_ln27_1_fu_252  |    0    |    0    |    24   |
|    add   |    add_ln27_fu_264   |    0    |    0    |    16   |
|          |    add_ln28_fu_328   |    0    |    0    |    16   |
|          |    add_ln30_fu_362   |    0    |    0    |    23   |
|----------|----------------------|---------|---------|---------|
|   icmp   |   icmp_ln27_fu_246   |    0    |    0    |    24   |
|          |   icmp_ln28_fu_270   |    0    |    0    |    16   |
|----------|----------------------|---------|---------|---------|
|  select  |  select_ln27_fu_276  |    0    |    0    |    8    |
|          | select_ln27_1_fu_284 |    0    |    0    |    8    |
|----------|----------------------|---------|---------|---------|
|    mul   |    mul_ln27_fu_300   |    1    |    0    |    5    |
|          |    mul_ln28_fu_376   |    1    |    0    |    5    |
|----------|----------------------|---------|---------|---------|
|  muladd  |      grp_fu_425      |    1    |    0    |    0    |
|----------|----------------------|---------|---------|---------|
|  switch  |      grp_fu_221      |    0    |    0    |    0    |
|          |  switch_ln30_fu_417  |    0    |    0    |    0    |
|----------|----------------------|---------|---------|---------|
|          |   trunc_ln30_fu_292  |    0    |    0    |    0    |
|   trunc  |   trunc_ln27_fu_396  |    0    |    0    |    0    |
|          |   trunc_ln28_fu_412  |    0    |    0    |    0    |
|----------|----------------------|---------|---------|---------|
|          |   zext_ln27_fu_296   |    0    |    0    |    0    |
|          |  zext_ln27_1_fu_349  |    0    |    0    |    0    |
|          |   zext_ln30_fu_359   |    0    |    0    |    0    |
|   zext   |  zext_ln30_1_fu_368  |    0    |    0    |    0    |
|          |   zext_ln28_fu_373   |    0    |    0    |    0    |
|          |  zext_ln30_2_fu_392  |    0    |    0    |    0    |
|          |  zext_ln30_3_fu_400  |    0    |    0    |    0    |
|----------|----------------------|---------|---------|---------|
|partselect|     tmp_52_fu_306    |    0    |    0    |    0    |
|          |     tmp_53_fu_382    |    0    |    0    |    0    |
|----------|----------------------|---------|---------|---------|
|bitconcatenate|      tmp_fu_352      |    0    |    0    |    0    |
|----------|----------------------|---------|---------|---------|
|   Total  |                      |    3    |   470   |   445   |
|----------|----------------------|---------|---------|---------|

Memories:
N/A

* Register list:
+----------------------+--------+
|                      |   FF   |
+----------------------+--------+
|       i_reg_441      |    9   |
|   icmp_ln27_reg_455  |    1   |
|indvar_flatten_reg_448|   17   |
|       j_reg_434      |    9   |
| select_ln27_1_reg_466|    9   |
|  select_ln27_reg_459 |    9   |
|stream_in_addr_reg_486|   16   |
|    tmp_52_reg_476    |    8   |
|  trunc_ln30_reg_471  |    8   |
|  zext_ln27_1_reg_481 |   13   |
|  zext_ln30_2_reg_491 |   13   |
+----------------------+--------+
|         Total        |   112  |
+----------------------+--------+

* Multiplexer (MUX) list: 
|------------------|------|------|------|--------||---------||---------||---------|
|       Comp       |  Pin | Size |  BW  | S x BW ||  Delay  ||    FF   ||   LUT   |
|------------------|------|------|------|--------||---------||---------||---------|
| grp_access_fu_89 |  p0  |   2  |  16  |   32   ||    0    ||    9    |
|    grp_fu_316    |  p0  |   2  |   9  |   18   ||    0    ||    9    |
|    grp_fu_322    |  p0  |   2  |   9  |   18   ||    0    ||    9    |
|    grp_fu_425    |  p0  |   2  |   8  |   16   ||    0    ||    9    |
|    grp_fu_425    |  p1  |   2  |   7  |   14   ||    0    ||    9    |
|------------------|------|------|------|--------||---------||---------||---------|
|       Total      |      |      |      |   98   ||  2.445  ||    0    ||    45   |
|------------------|------|------|------|--------||---------||---------||---------|



* Summary:
+-----------+--------+--------+--------+--------+
|           |   DSP  |  Delay |   FF   |   LUT  |
+-----------+--------+--------+--------+--------+
|  Function |    3   |    -   |   470  |   445  |
|   Memory  |    -   |    -   |    -   |    -   |
|Multiplexer|    -   |    2   |    0   |   45   |
|  Register |    -   |    -   |   112  |    -   |
+-----------+--------+--------+--------+--------+
|   Total   |    3   |    2   |   582  |   490  |
+-----------+--------+--------+--------+--------+
